{
"__comment": "Designed by Tomshalev01",
"textures": {
    "particle": "blocks/hardened_clay_stained_yellow",
    "0": "blocks/obsidian",
    "1": "blocks/hardened_clay_stained_yellow",
    "2": "blocks/glass",
    "3": "blocks/iron_block",
    "7": "blocks/wool_colored_cyan",
    "6": "blocks/wool_colored_lime",
    "4": "blocks/wool_colored_magenta",
    "5": "blocks/wool_colored_orange"
},
"elements": [ 
{
    "from": [ 4, 0, 4 ],
    "to": [ 12, 1, 12 ],
    "faces": {
        "down":  { "uv": [ 0, 0, 8, 8 ], "texture": "#0" },
        "up":    { "uv": [ 0, 0, 8, 8 ], "texture": "#0" },
        "north": { "uv": [ 0, 0, 8, 1 ], "texture": "#0" },
        "south": { "uv": [ 0, 0, 8, 1 ], "texture": "#0" },
        "west":  { "uv": [ 0, 0, 8, 1 ], "texture": "#0" },
        "east":  { "uv": [ 0, 0, 8, 1 ], "texture": "#0" }
    }
},
{
    "from": [ 5, 1, 5 ],
    "to": [ 11, 2, 11 ],
    "faces": {
        "down":  { "uv": [ 0, 0, 6, 6 ], "texture": "#1" },
        "up":    { "uv": [ 0, 0, 6, 6 ], "texture": "#1" },
        "north": { "uv": [ 0, 0, 6, 1 ], "texture": "#1" },
        "south": { "uv": [ 0, 0, 6, 1 ], "texture": "#1" },
        "west":  { "uv": [ 0, 0, 6, 1 ], "texture": "#1" },
        "east":  { "uv": [ 0, 0, 6, 1 ], "texture": "#1" }
    }
},
{
    "from": [ 5.5, 2, 5.5 ],
    "to": [ 10.5, 7, 10.5 ],
    "faces": {
        "down":  { "uv": [ 0, 0, 5, 5 ], "texture": "#1" },
        "up":    { "uv": [ 0, 0, 5, 5 ], "texture": "#1" },
        "north": { "uv": [ 0, 0, 5, 5 ], "texture": "#1" },
        "south": { "uv": [ 0, 0, 5, 5 ], "texture": "#1" },
        "west":  { "uv": [ 0, 0, 5, 5 ], "texture": "#1" },
        "east":  { "uv": [ 0, 0, 5, 5 ], "texture": "#1" }
    }
},
{
    "from": [ 5.5, 7, 5.5 ],
    "to": [ 10.5, 16, 10.5 ],
    "faces": {
        "down":  { "uv": [ 1, 1, 6, 6 ], "texture": "#2" },
        "up":    { "uv": [ 1, 1, 6, 6 ], "texture": "#2" },
        "north": { "uv": [ 2, 0, 7, 9 ], "texture": "#2" },
        "south": { "uv": [ 1, 0, 6, 9 ], "texture": "#2" },
        "west":  { "uv": [ 1, 0, 6, 9 ], "texture": "#2" },
        "east":  { "uv": [ 1, 0, 6, 9 ], "texture": "#2" }
    }
},
{
    "from": [ 5.5, 16, 5.5 ],
    "to": [ 10.5, 21, 10.5 ],
    "faces": {
        "down":  { "uv": [ 0, 0, 5, 5 ], "texture": "#1" },
        "up":    { "uv": [ 0, 0, 5, 5 ], "texture": "#1" },
        "north": { "uv": [ 0, 0, 5, 5 ], "texture": "#1" },
        "south": { "uv": [ 0, 0, 5, 5 ], "texture": "#1" },
        "west":  { "uv": [ 0, 0, 5, 5 ], "texture": "#1" },
        "east":  { "uv": [ 0, 0, 5, 5 ], "texture": "#1" }
    }
},
{
    "from": [ 3, 21, 3 ],
    "to": [ 13, 31, 13 ],
    "faces": {
        "down":  { "uv": [ 1, 1, 11, 11 ], "texture": "#2" },
        "up":    { "uv": [ 1, 1, 11, 11 ], "texture": "#2" },
        "north": { "uv": [ 2, 0, 12, 10 ], "texture": "#2" },
        "south": { "uv": [ 1, 0, 11, 10 ], "texture": "#2" },
        "west":  { "uv": [ 1, 0, 11, 10 ], "texture": "#2" },
        "east":  { "uv": [ 1, 0, 11, 10 ], "texture": "#2" }
    }
},
{
    "from": [ 5.5, 31, 5.5 ],
    "to": [ 10.5, 32, 10.5 ],
    "faces": {
        "down":  { "uv": [ 0, 0, 5, 5 ], "texture": "#1" },
        "up":    { "uv": [ 0, 0, 5, 5 ], "texture": "#1" },
        "north": { "uv": [ 0, 0, 5, 1 ], "texture": "#1" },
        "south": { "uv": [ 0, 0, 5, 1 ], "texture": "#1" },
        "west":  { "uv": [ 0, 0, 5, 1 ], "texture": "#1" },
        "east":  { "uv": [ 0, 0, 5, 1 ], "texture": "#1" }
    }
},
{
    "from": [ 7.5, 7, 7.5 ],
    "to": [ 8.5, 16, 8.5 ],
    "faces": {
        "down":  { "uv": [ 0, 0, 1, 1 ], "texture": "#3" },
        "up":    { "uv": [ 0, 0, 1, 1 ], "texture": "#3" },
        "north": { "uv": [ 0, 0, 1, 9 ], "texture": "#3" },
        "south": { "uv": [ 0, 0, 1, 9 ], "texture": "#3" },
        "west":  { "uv": [ 0, 0, 1, 9 ], "texture": "#3" },
        "east":  { "uv": [ 0, 0, 1, 9 ], "texture": "#3" }
    }
},
{
    "from": [ 6.5, 17, 4.5 ],
    "to": [ 9.5, 20, 11.5 ],
    "faces": {
        "down":  { "uv": [ 1, 1, 4, 8 ], "texture": "#3" },
        "up":    { "uv": [ 1, 1, 4, 8 ], "texture": "#3" },
        "north": { "uv": [ 1, 1, 4, 4 ], "texture": "#3" },
        "south": { "uv": [ 1, 1, 4, 4 ], "texture": "#3" },
        "west":  { "uv": [ 1, 1, 8, 4 ], "texture": "#3" },
        "east":  { "uv": [ 1, 1, 8, 4 ], "texture": "#3" }
    }
},
{
    "from": [ 4.5, 17, 6.5 ],
    "to": [ 11.5, 20, 9.5 ],
    "faces": {
        "down":  { "uv": [ 1, 1, 8, 4 ], "texture": "#3" },
        "up":    { "uv": [ 1, 1, 8, 4 ], "texture": "#3" },
        "north": { "uv": [ 1, 1, 8, 4 ], "texture": "#3" },
        "south": { "uv": [ 1, 1, 8, 4 ], "texture": "#3" },
        "west":  { "uv": [ 1, 1, 4, 4 ], "texture": "#3" },
        "east":  { "uv": [ 1, 1, 4, 4 ], "texture": "#3" }
    }
},
{
    "from": [ 5.5, 22, 9.5 ],
    "to": [ 6.5, 23, 10.5 ],
    "faces": {
        "down":  { "uv": [ 10.5, 10.5, 9.5, 9.5 ], "texture": "#7" },
        "up":    { "uv": [ 5.5, 9.5, 6.5, 10.5 ], "texture": "#7" },
        "north": { "uv": [ 9.5, 0, 10.5, 0 ], "texture": "#7" },
        "south": { "uv": [ 5.5, 0, 6.5, 0 ], "texture": "#7" },
        "west":  { "uv": [ 9.5, 0, 10.5, 0 ], "texture": "#7" },
        "east":  { "uv": [ 5.5, 0, 6.5, 0 ], "texture": "#7" }
    }
},
{
    "from": [ 8, 22.5, 7.5 ],
    "to": [ 9, 23.5, 8.5 ],
    "faces": {
        "down":  { "uv": [ 8, 8.5, 7, 7.5 ], "texture": "#6" },
        "up":    { "uv": [ 8, 7.5, 9, 8.5 ], "texture": "#6" },
        "north": { "uv": [ 7, 0, 8, 0 ], "texture": "#6" },
        "south": { "uv": [ 8, 0, 9, 0 ], "texture": "#6" },
        "west":  { "uv": [ 7.5, 0, 8.5, 0 ], "texture": "#6" },
        "east":  { "uv": [ 7.5, 0, 8.5, 0 ], "texture": "#6" }
    }
},
{
    "from": [ 10.5, 22, 10 ],
    "to": [ 11.5, 23, 11 ],
    "faces": {
        "down":  { "uv": [ 5.5, 11, 4.5, 10 ], "texture": "#4" },
        "up":    { "uv": [ 10.5, 10, 11.5, 11 ], "texture": "#4" },
        "north": { "uv": [ 4.5, 0, 5.5, 0 ], "texture": "#4" },
        "south": { "uv": [ 10.5, 0, 11.5, 0 ], "texture": "#4" },
        "west":  { "uv": [ 10, 0, 11, 0 ], "texture": "#4" },
        "east":  { "uv": [ 5, 0, 6, 0 ], "texture": "#4" }
    }
},
{
    "from": [ 9, 22.5, 7 ],
    "to": [ 10, 23.5, 8 ],
    "faces": {
        "down":  { "uv": [ 7, 8, 6, 7 ], "texture": "#5" },
        "up":    { "uv": [ 9, 7, 10, 8 ], "texture": "#5" },
        "north": { "uv": [ 6, 0, 7, 0 ], "texture": "#5" },
        "south": { "uv": [ 9, 0, 10, 0 ], "texture": "#5" },
        "west":  { "uv": [ 7, 0, 8, 0 ], "texture": "#5" },
        "east":  { "uv": [ 8, 0, 9, 0 ], "texture": "#5" }
    }
},
{
    "from": [ 8, 21.5, 6.5 ],
    "to": [ 9, 22.5, 7.5 ],
    "faces": {
        "down":  { "uv": [ 8, 7.5, 7, 6.5 ], "texture": "#4" },
        "up":    { "uv": [ 8, 6.5, 9, 7.5 ], "texture": "#4" },
        "north": { "uv": [ 7, 0, 8, 0 ], "texture": "#4" },
        "south": { "uv": [ 8, 0, 9, 0 ], "texture": "#4" },
        "west":  { "uv": [ 6.5, 0, 7.5, 0 ], "texture": "#4" },
        "east":  { "uv": [ 8.5, 0, 9.5, 0 ], "texture": "#4" }
    }
},
{
    "from": [ 7.5, 21.5, 8 ],
    "to": [ 8.5, 22.5, 9 ],
    "faces": {
        "down":  { "uv": [ 8.5, 9, 7.5, 8 ], "texture": "#5" },
        "up":    { "uv": [ 7.5, 8, 8.5, 9 ], "texture": "#5" },
        "north": { "uv": [ 7.5, 0, 8.5, 0 ], "texture": "#5" },
        "south": { "uv": [ 7.5, 0, 8.5, 0 ], "texture": "#5" },
        "west":  { "uv": [ 8, 0, 9, 0 ], "texture": "#5" },
        "east":  { "uv": [ 7, 0, 8, 0 ], "texture": "#5" }
    }
},
{
    "from": [ 9, 21.5, 7 ],
    "to": [ 10, 22.5, 8 ],
    "faces": {
        "down":  { "uv": [ 7, 8, 6, 7 ], "texture": "#5" },
        "up":    { "uv": [ 9, 7, 10, 8 ], "texture": "#5" },
        "north": { "uv": [ 6, 0, 7, 0 ], "texture": "#5" },
        "south": { "uv": [ 9, 0, 10, 0 ], "texture": "#5" },
        "west":  { "uv": [ 7, 0, 8, 0 ], "texture": "#5" },
        "east":  { "uv": [ 8, 0, 9, 0 ], "texture": "#5" }
    }
},
{
    "from": [ 6.5, 21.5, 9 ],
    "to": [ 7.5, 22.5, 10 ],
    "faces": {
        "down":  { "uv": [ 9.5, 10, 8.5, 9 ], "texture": "#6" },
        "up":    { "uv": [ 6.5, 9, 7.5, 10 ], "texture": "#6" },
        "north": { "uv": [ 8.5, 0, 9.5, 0 ], "texture": "#6" },
        "south": { "uv": [ 6.5, 0, 7.5, 0 ], "texture": "#6" },
        "west":  { "uv": [ 9, 0, 10, 0 ], "texture": "#6" },
        "east":  { "uv": [ 6, 0, 7, 0 ], "texture": "#6" }
    }
},
{
    "from": [ 6, 22.5, 8.5 ],
    "to": [ 7, 23.5, 9.5 ],
    "faces": {
        "down":  { "uv": [ 10, 9.5, 9, 8.5 ], "texture": "#6" },
        "up":    { "uv": [ 6, 8.5, 7, 9.5 ], "texture": "#6" },
        "north": { "uv": [ 9, 0, 10, 0 ], "texture": "#6" },
        "south": { "uv": [ 6, 0, 7, 0 ], "texture": "#6" },
        "west":  { "uv": [ 8.5, 0, 9.5, 0 ], "texture": "#6" },
        "east":  { "uv": [ 6.5, 0, 7.5, 0 ], "texture": "#6" }
    }
},
{
    "from": [ 6, 21.5, 5.5 ],
    "to": [ 7, 22.5, 6.5 ],
    "faces": {
        "down":  { "uv": [ 10, 6.5, 9, 5.5 ], "texture": "#6" },
        "up":    { "uv": [ 6, 5.5, 7, 6.5 ], "texture": "#6" },
        "north": { "uv": [ 9, 0, 10, 0 ], "texture": "#6" },
        "south": { "uv": [ 6, 0, 7, 0 ], "texture": "#6" },
        "west":  { "uv": [ 5.5, 0, 6.5, 0 ], "texture": "#6" },
        "east":  { "uv": [ 9.5, 0, 10.5, 0 ], "texture": "#6" }
    }
},
{
    "from": [ 7.5, 22.5, 5.5 ],
    "to": [ 8.5, 23.5, 6.5 ],
    "faces": {
        "down":  { "uv": [ 8.5, 6.5, 7.5, 5.5 ], "texture": "#4" },
        "up":    { "uv": [ 7.5, 5.5, 8.5, 6.5 ], "texture": "#4" },
        "north": { "uv": [ 7.5, 0, 8.5, 0 ], "texture": "#4" },
        "south": { "uv": [ 7.5, 0, 8.5, 0 ], "texture": "#4" },
        "west":  { "uv": [ 5.5, 0, 6.5, 0 ], "texture": "#4" },
        "east":  { "uv": [ 9.5, 0, 10.5, 0 ], "texture": "#4" }
    }
},
{
    "from": [ 5.5, 21.5, 10.5 ],
    "to": [ 6.5, 22.5, 11.5 ],
    "faces": {
        "down":  { "uv": [ 10.5, 11.5, 9.5, 10.5 ], "texture": "#7" },
        "up":    { "uv": [ 5.5, 10.5, 6.5, 11.5 ], "texture": "#7" },
        "north": { "uv": [ 9.5, 0, 10.5, 0 ], "texture": "#7" },
        "south": { "uv": [ 5.5, 0, 6.5, 0 ], "texture": "#7" },
        "west":  { "uv": [ 10.5, 0, 11.5, 0 ], "texture": "#7" },
        "east":  { "uv": [ 4.5, 0, 5.5, 0 ], "texture": "#7" }
    }
},
{
    "from": [ 7.5, 23, 7.5 ],
    "to": [ 8.5, 24, 8.5 ],
    "faces": {
        "down":  { "uv": [ 8.5, 8.5, 7.5, 7.5 ], "texture": "#7" },
        "up":    { "uv": [ 7.5, 7.5, 8.5, 8.5 ], "texture": "#7" },
        "north": { "uv": [ 7.5, 0, 8.5, 0 ], "texture": "#7" },
        "south": { "uv": [ 7.5, 0, 8.5, 0 ], "texture": "#7" },
        "west":  { "uv": [ 7.5, 0, 8.5, 0 ], "texture": "#7" },
        "east":  { "uv": [ 7.5, 0, 8.5, 0 ], "texture": "#7" }
    }
},
{
    "from": [ 7, 22.5, 7 ],
    "to": [ 8, 23.5, 8 ],
    "faces": {
        "down":  { "uv": [ 9, 8, 8, 7 ], "texture": "#7" },
        "up":    { "uv": [ 7, 7, 8, 8 ], "texture": "#7" },
        "north": { "uv": [ 8, 0, 9, 0 ], "texture": "#7" },
        "south": { "uv": [ 7, 0, 8, 0 ], "texture": "#7" },
        "west":  { "uv": [ 7, 0, 8, 0 ], "texture": "#7" },
        "east":  { "uv": [ 8, 0, 9, 0 ], "texture": "#7" }
    }
},
{
    "from": [ 10.5, 21.5, 6 ],
    "to": [ 11.5, 22.5, 7 ],
    "faces": {
        "down":  { "uv": [ 5.5, 7, 4.5, 6 ], "texture": "#4" },
        "up":    { "uv": [ 10.5, 6, 11.5, 7 ], "texture": "#4" },
        "north": { "uv": [ 4.5, 0, 5.5, 0 ], "texture": "#4" },
        "south": { "uv": [ 10.5, 0, 11.5, 0 ], "texture": "#4" },
        "west":  { "uv": [ 6, 0, 7, 0 ], "texture": "#4" },
        "east":  { "uv": [ 9, 0, 10, 0 ], "texture": "#4" }
    }
},
{
    "from": [ 9, 22.5, 6 ],
    "to": [ 10, 23.5, 7 ],
    "faces": {
        "down":  { "uv": [ 7, 7, 6, 6 ], "texture": "#6" },
        "up":    { "uv": [ 9, 6, 10, 7 ], "texture": "#6" },
        "north": { "uv": [ 6, 0, 7, 0 ], "texture": "#6" },
        "south": { "uv": [ 9, 0, 10, 0 ], "texture": "#6" },
        "west":  { "uv": [ 6, 0, 7, 0 ], "texture": "#6" },
        "east":  { "uv": [ 9, 0, 10, 0 ], "texture": "#6" }
    }
},
{
    "from": [ 10, 22, 8 ],
    "to": [ 11, 23, 9 ],
    "faces": {
        "down":  { "uv": [ 6, 9, 5, 8 ], "texture": "#5" },
        "up":    { "uv": [ 10, 8, 11, 9 ], "texture": "#5" },
        "north": { "uv": [ 5, 0, 6, 0 ], "texture": "#5" },
        "south": { "uv": [ 10, 0, 11, 0 ], "texture": "#5" },
        "west":  { "uv": [ 8, 0, 9, 0 ], "texture": "#5" },
        "east":  { "uv": [ 7, 0, 8, 0 ], "texture": "#5" }
    }
},
{
    "from": [ 6, 21.5, 7 ],
    "to": [ 7, 22.5, 8 ],
    "faces": {
        "down":  { "uv": [ 10, 8, 9, 7 ], "texture": "#4" },
        "up":    { "uv": [ 6, 7, 7, 8 ], "texture": "#4" },
        "north": { "uv": [ 9, 0, 10, 0 ], "texture": "#4" },
        "south": { "uv": [ 6, 0, 7, 0 ], "texture": "#4" },
        "west":  { "uv": [ 7, 0, 8, 0 ], "texture": "#4" },
        "east":  { "uv": [ 8, 0, 9, 0 ], "texture": "#4" }
    }
},
{
    "from": [ 8.5, 23, 8 ],
    "to": [ 9.5, 24, 9 ],
    "faces": {
        "down":  { "uv": [ 7.5, 9, 6.5, 8 ], "texture": "#7" },
        "up":    { "uv": [ 8.5, 8, 9.5, 9 ], "texture": "#7" },
        "north": { "uv": [ 6.5, 0, 7.5, 0 ], "texture": "#7" },
        "south": { "uv": [ 8.5, 0, 9.5, 0 ], "texture": "#7" },
        "west":  { "uv": [ 8, 0, 9, 0 ], "texture": "#7" },
        "east":  { "uv": [ 7, 0, 8, 0 ], "texture": "#7" }
    }
},
{
    "from": [ 10, 21.5, 4.5 ],
    "to": [ 11, 22.5, 5.5 ],
    "faces": {
        "down":  { "uv": [ 6, 5.5, 5, 4.5 ], "texture": "#4" },
        "up":    { "uv": [ 10, 4.5, 11, 5.5 ], "texture": "#4" },
        "north": { "uv": [ 5, 0, 6, 0 ], "texture": "#4" },
        "south": { "uv": [ 10, 0, 11, 0 ], "texture": "#4" },
        "west":  { "uv": [ 4.5, 0, 5.5, 0 ], "texture": "#4" },
        "east":  { "uv": [ 10.5, 0, 11.5, 0 ], "texture": "#4" }
    }
},
{
    "from": [ 4.5, 21.5, 5 ],
    "to": [ 5.5, 22.5, 6 ],
    "faces": {
        "down":  { "uv": [ 11.5, 6, 10.5, 5 ], "texture": "#4" },
        "up":    { "uv": [ 4.5, 5, 5.5, 6 ], "texture": "#4" },
        "north": { "uv": [ 10.5, 0, 11.5, 0 ], "texture": "#4" },
        "south": { "uv": [ 4.5, 0, 5.5, 0 ], "texture": "#4" },
        "west":  { "uv": [ 5, 0, 6, 0 ], "texture": "#4" },
        "east":  { "uv": [ 10, 0, 11, 0 ], "texture": "#4" }
    }
},
{
    "from": [ 5, 22, 6.5 ],
    "to": [ 6, 23, 7.5 ],
    "faces": {
        "down":  { "uv": [ 11, 7.5, 10, 6.5 ], "texture": "#6" },
        "up":    { "uv": [ 5, 6.5, 6, 7.5 ], "texture": "#6" },
        "north": { "uv": [ 10, 0, 11, 0 ], "texture": "#6" },
        "south": { "uv": [ 5, 0, 6, 0 ], "texture": "#6" },
        "west":  { "uv": [ 6.5, 0, 7.5, 0 ], "texture": "#6" },
        "east":  { "uv": [ 8.5, 0, 9.5, 0 ], "texture": "#6" }
    }
},
{
    "from": [ 9.5, 22, 9.5 ],
    "to": [ 10.5, 23, 10.5 ],
    "faces": {
        "down":  { "uv": [ 6.5, 10.5, 5.5, 9.5 ], "texture": "#7" },
        "up":    { "uv": [ 9.5, 9.5, 10.5, 10.5 ], "texture": "#7" },
        "north": { "uv": [ 5.5, 0, 6.5, 0 ], "texture": "#7" },
        "south": { "uv": [ 9.5, 0, 10.5, 0 ], "texture": "#7" },
        "west":  { "uv": [ 9.5, 0, 10.5, 0 ], "texture": "#7" },
        "east":  { "uv": [ 5.5, 0, 6.5, 0 ], "texture": "#7" }
    }
},
{
    "from": [ 8, 21.5, 9 ],
    "to": [ 9, 22.5, 10 ],
    "faces": {
        "down":  { "uv": [ 8, 10, 7, 9 ], "texture": "#4" },
        "up":    { "uv": [ 8, 9, 9, 10 ], "texture": "#4" },
        "north": { "uv": [ 7, 0, 8, 0 ], "texture": "#4" },
        "south": { "uv": [ 8, 0, 9, 0 ], "texture": "#4" },
        "west":  { "uv": [ 9, 0, 10, 0 ], "texture": "#4" },
        "east":  { "uv": [ 6, 0, 7, 0 ], "texture": "#4" }
    }
},
{
    "from": [ 7.5, 21.5, 9.5 ],
    "to": [ 8.5, 22.5, 10.5 ],
    "faces": {
        "down":  { "uv": [ 8.5, 10.5, 7.5, 9.5 ], "texture": "#5" },
        "up":    { "uv": [ 7.5, 9.5, 8.5, 10.5 ], "texture": "#5" },
        "north": { "uv": [ 7.5, 0, 8.5, 0 ], "texture": "#5" },
        "south": { "uv": [ 7.5, 0, 8.5, 0 ], "texture": "#5" },
        "west":  { "uv": [ 9.5, 0, 10.5, 0 ], "texture": "#5" },
        "east":  { "uv": [ 5.5, 0, 6.5, 0 ], "texture": "#5" }
    }
}
],
"display": {
    "thirdperson_righthand": {
        "rotation": [ 0, -43, 0 ],
        "translation": [ 0, 0, 0 ],
        "scale": [ 0.5, 0.5, 0.5 ]
    },
    "thirdperson_lefthand": {
        "rotation": [ 0, -43, 0 ],
        "translation": [ 0, 0, 0 ],
        "scale": [ 0.5, 0.5, 0.5 ]
    },
    "head": {
        "rotation": [ 0, 180, 0 ],
        "translation": [ 0, -30.5, 0 ],
        "scale": [ 1.7, 1.6, 1.7 ]
    },
    "ground": {
        "rotation": [ 0, 0, 0 ],
        "translation": [ 0, 2, 0 ],
        "scale": [ 0.5, 0.5, 0.5 ]
    },
    "fixed": {
        "rotation": [ 0, 0, 0 ],
        "translation": [ 0, 0, -3.4 ],
        "scale": [ 0.5, 0.5, 0.5 ]
    },
    "firstperson_righthand": {
        "rotation": [ 0, 118, 0 ],
        "translation": [ 0, 1.32, -1.89 ],
        "scale": [ 0.5, 0.5, 0.5 ]
    },
    "firstperson_lefthand": {
        "rotation": [ 0, 118, 0 ],
        "translation": [ 0, 1.32, -1.89 ],
        "scale": [ 0.5, 0.5, 0.5 ]
    },
    "gui": {
        "rotation": [ 35, -152, 0 ],
        "translation": [ 0, 0, 0 ],
        "scale": [ 0.62, 0.62, 0.62 ]
    }
}
}