{
"__comment": "Designed by Oberdiah",
"textures": {
    "texture": "blocks/wool_colored_yellow",
    "gray": "blocks/furniture/stove_top",
    "entertainment": "blocks/furniture/entertainment"
},
"elements": [ 
{
    "from": [ 6, 0.5, 8 ],
    "to": [ 11, 8, 10 ],
    "faces": {
        "down":  { "uv": [ 4.875, 6.75, 3.5, 6 ], "texture": "#texture" },
        "up":    { "uv": [ 0.625, 4.625, 1.5, 5.75 ], "texture": "#texture" },
        "north": { "uv": [ 0.625, 4.75, 1.375, 5.625 ], "texture": "#texture" },
        "south": { "uv": [ 0.75, 4.625, 1.375, 5.625 ], "texture": "#texture" },
        "west":  { "uv": [ 3.375, 4.625, 4.375, 5.625 ], "texture": "#texture" },
        "east":  { "uv": [ 3.25, 4.625, 4.625, 5.625 ], "texture": "#texture" }
    }
},
{
    "from": [ 7.5, 0.5, 6.5 ],
    "to": [ 9.5, 8, 11.5 ],
    "faces": {
        "down":  { "uv": [ 4.875, 6.75, 3.5, 6 ], "texture": "#texture" },
        "up":    { "uv": [ 0.625, 4.625, 1.5, 5.75 ], "texture": "#texture" },
        "north": { "uv": [ 0.625, 4.75, 1.375, 5.625 ], "texture": "#texture" },
        "south": { "uv": [ 0.75, 4.625, 1.375, 5.625 ], "texture": "#texture" },
        "west":  { "uv": [ 3.375, 4.625, 4.375, 5.625 ], "texture": "#texture" },
        "east":  { "uv": [ 3.25, 4.625, 4.625, 5.625 ], "texture": "#texture" }
    }
},
{
    "from": [ 6.5, 0.5, 7 ],
    "to": [ 10.5, 8, 11 ],
    "faces": {
        "down":  { "uv": [ 4.875, 6.75, 3.5, 6 ], "texture": "#texture" },
        "up":    { "uv": [ 0.625, 4.625, 1.5, 5.75 ], "texture": "#texture" },
        "north": { "uv": [ 0.625, 4.75, 1.375, 5.625 ], "texture": "#texture" },
        "south": { "uv": [ 0.75, 4.625, 1.375, 5.625 ], "texture": "#texture" },
        "west":  { "uv": [ 3.375, 4.625, 4.375, 5.625 ], "texture": "#texture" },
        "east":  { "uv": [ 3.25, 4.625, 4.625, 5.625 ], "texture": "#texture" }
    }
},
{
    "from": [ 7.5, 0, 7 ],
    "to": [ 9.5, 8.5, 11 ],
    "faces": {
        "down":  { "uv": [ 4.875, 6.75, 3.5, 6 ], "texture": "#gray" },
        "up":    { "uv": [ 0.625, 4.625, 1.5, 5.75 ], "texture": "#gray" },
        "north": { "uv": [ 0.625, 4.75, 1.375, 5.625 ], "texture": "#gray" },
        "south": { "uv": [ 0.75, 4.625, 1.375, 5.625 ], "texture": "#gray" },
        "west":  { "uv": [ 3.375, 4.625, 4.375, 5.625 ], "texture": "#gray" },
        "east":  { "uv": [ 3.25, 4.625, 4.625, 5.625 ], "texture": "#gray" }
    }
},
{
    "from": [ 7, 0, 7.5 ],
    "to": [ 10, 8.5, 10.5 ],
    "faces": {
        "down":  { "uv": [ 4.875, 6.75, 3.5, 6 ], "texture": "#gray" },
        "up":    { "uv": [ 0.625, 4.625, 1.5, 5.75 ], "texture": "#gray" },
        "north": { "uv": [ 0.625, 4.75, 1.375, 5.625 ], "texture": "#gray" },
        "south": { "uv": [ 0.75, 4.625, 1.375, 5.625 ], "texture": "#gray" },
        "west":  { "uv": [ 3.375, 4.625, 4.375, 5.625 ], "texture": "#gray" },
        "east":  { "uv": [ 3.25, 4.625, 4.625, 5.625 ], "texture": "#gray" }
    }
},
{
    "from": [ 6.5, 0, 8 ],
    "to": [ 10.5, 8.5, 10 ],
    "faces": {
        "down":  { "uv": [ 4.875, 6.75, 3.5, 6 ], "texture": "#gray" },
        "up":    { "uv": [ 0.625, 4.625, 1.5, 5.75 ], "texture": "#gray" },
        "north": { "uv": [ 0.625, 4.75, 1.375, 5.625 ], "texture": "#gray" },
        "south": { "uv": [ 0.75, 4.625, 1.375, 5.625 ], "texture": "#gray" },
        "west":  { "uv": [ 3.375, 4.625, 4.375, 5.625 ], "texture": "#gray" },
        "east":  { "uv": [ 3.25, 4.625, 4.625, 5.625 ], "texture": "#gray" }
    }
},
{
    "from": [ 7.5, 8.5, 8 ],
    "to": [ 8.5, 9, 8.5 ],
    "faces": {
        "down":  { "uv": [ 4.875, 6.75, 3.5, 6 ], "texture": "#entertainment" },
        "up":    { "uv": [ 0.625, 4.625, 1.5, 5.75 ], "texture": "#entertainment" },
        "north": { "uv": [ 0.625, 4.75, 1.375, 5.625 ], "texture": "#entertainment" },
        "south": { "uv": [ 0.75, 4.625, 1.375, 5.625 ], "texture": "#entertainment" },
        "west":  { "uv": [ 3.375, 4.625, 4.375, 5.625 ], "texture": "#entertainment" },
        "east":  { "uv": [ 3.25, 4.625, 4.625, 5.625 ], "texture": "#entertainment" }
    }
},
{
    "from": [ 7, 8.5, 8.5 ],
    "to": [ 7.5, 9, 9.5 ],
    "faces": {
        "down":  { "uv": [ 4.875, 6.75, 3.5, 6 ], "texture": "#entertainment" },
        "up":    { "uv": [ 0.625, 4.625, 1.5, 5.75 ], "texture": "#entertainment" },
        "north": { "uv": [ 0.625, 4.75, 1.375, 5.625 ], "texture": "#entertainment" },
        "south": { "uv": [ 0.75, 4.625, 1.375, 5.625 ], "texture": "#entertainment" },
        "west":  { "uv": [ 3.375, 4.625, 4.375, 5.625 ], "texture": "#entertainment" },
        "east":  { "uv": [ 3.25, 4.625, 4.625, 5.625 ], "texture": "#entertainment" }
    }
},
{
    "from": [ 7.5, 8.5, 9.5 ],
    "to": [ 8.5, 9, 10 ],
    "faces": {
        "down":  { "uv": [ 4.875, 6.75, 3.5, 6 ], "texture": "#entertainment" },
        "up":    { "uv": [ 0.625, 4.625, 1.5, 5.75 ], "texture": "#entertainment" },
        "north": { "uv": [ 0.625, 4.75, 1.375, 5.625 ], "texture": "#entertainment" },
        "south": { "uv": [ 0.75, 4.625, 1.375, 5.625 ], "texture": "#entertainment" },
        "west":  { "uv": [ 3.375, 4.625, 4.375, 5.625 ], "texture": "#entertainment" },
        "east":  { "uv": [ 3.25, 4.625, 4.625, 5.625 ], "texture": "#entertainment" }
    }
},
{
    "from": [ 8.5, 8.5, 8.5 ],
    "to": [ 9.5, 9, 9.5 ],
    "faces": {
        "down":  { "uv": [ 4.875, 6.75, 3.5, 6 ], "texture": "#entertainment" },
        "up":    { "uv": [ 0.625, 4.625, 1.5, 5.75 ], "texture": "#entertainment" },
        "north": { "uv": [ 0.625, 4.75, 1.375, 5.625 ], "texture": "#entertainment" },
        "south": { "uv": [ 0.75, 4.625, 1.375, 5.625 ], "texture": "#entertainment" },
        "west":  { "uv": [ 3.375, 4.625, 4.375, 5.625 ], "texture": "#entertainment" },
        "east":  { "uv": [ 3.25, 4.625, 4.625, 5.625 ], "texture": "#entertainment" }
    }
}
],
"display": {
    "thirdperson_righthand": {
        "rotation": [ 0, 90, 0 ],
        "translation": [ -0.5, 1.5, 0.5 ],
        "scale": [ 0.6, 0.6, 0.6 ]
    },
    "thirdperson_lefthand": {
        "rotation": [ 0, 90, 0 ],
        "translation": [ -0.5, 1.5, 0.5 ],
        "scale": [ 0.6, 0.6, 0.6 ]
    },
    "head": {
        "rotation": [ 0, 0, 0 ],
        "translation": [ 0, -35.0, 0 ],
        "scale": [ 1.0, 1.0, 1.0 ]
    },
    "ground": {
        "rotation": [ 0, 0, 0 ],
        "translation": [ 0, 0, 0 ],
        "scale": [ 1.6, 1.6, 1.6 ]
    },
    "fixed": {
        "rotation": [ -90, -180, 0 ],
        "translation": [ 0, 0, 6.61 ],
        "scale": [ 0.8, 0.8, 0.8 ]
    },
    "firstperson_righthand": {
        "rotation": [ 0, 0, 0 ],
        "translation": [ 0, 0, 0 ],
        "scale": [ 0.6, 0.6, 0.6 ]
    },
    "firstperson_lefthand": {
        "rotation": [ 0, 0, 0 ],
        "translation": [ 0, 0, 0 ],
        "scale": [ 0.6, 0.6, 0.6]
    },
    "gui": {
        "rotation": [ 41, 17, 10 ],
        "translation": [ 0.76, -3.21, 0 ],
        "scale": [ 0.6, 0.6, 0.6 ]
    }
}
}