{
"__comment": "Designed by Oberdiah",
"textures": {
    "texture": "blocks/diamond_block",
    "marble_light_blue": "blocks/marble_light_blue",
    "iron_block": "blocks/iron_block",
    "dark_iron_block": "blocks/dark_iron_block",
    "diamond_block": "blocks/diamond_block",
    "gold_block": "blocks/gold_block"
},
"elements": [ 
{
    "from": [ 15, 0, 0 ],
    "to": [ 16, 32, 15 ],
    "faces": {
        "down":  { "uv": [ 12, 4.5, 4.5, 4 ], "rotation": 270, "texture": "#texture" },
        "up":    { "uv": [ 4, 4, 11.5, 4.5 ], "rotation": 90, "texture": "#texture" },
        "north": { "uv": [ 4, 0, 4.5, 16 ], "texture": "#texture" },
        "south": { "uv": [ 11.5, 0, 12, 16 ], "texture": "#texture" },
        "west":  { "uv": [ 4, 0, 11.5, 16 ], "texture": "#texture" },
        "east":  { "uv": [ 4.5, 0, 12, 16 ], "texture": "#texture" }
    }
},
{
    "from": [ 0, 0, 0 ],
    "to": [ 1, 32, 15 ],
    "faces": {
        "down":  { "uv": [ 12, 12, 4.5, 11.5 ], "rotation": 270, "texture": "#texture" },
        "up":    { "uv": [ 4, 11.5, 11.5, 12 ], "rotation": 90, "texture": "#texture" },
        "north": { "uv": [ 11.5, 0, 12, 16 ], "texture": "#texture" },
        "south": { "uv": [ 4, 0, 4.5, 16 ], "texture": "#texture" },
        "west":  { "uv": [ 4, 0, 11.5, 16 ], "texture": "#texture" },
        "east":  { "uv": [ 4.5, 0, 12, 16 ], "texture": "#texture" }
    }
},
{
    "from": [ 1, 31, 0 ],
    "to": [ 15, 32, 15 ],
    "faces": {
        "down":  { "uv": [ 12, 11.5, 4.5, 4.5 ], "rotation": 270, "texture": "#texture" },
        "up":    { "uv": [ 4, 4.5, 11.5, 11.5 ], "rotation": 90, "texture": "#texture" },
        "north": { "uv": [ 4.5, 0, 11.5, 0.5 ], "texture": "#texture" },
        "south": { "uv": [ 4.5, 0, 11.5, 0.5 ], "texture": "#texture" },
        "west":  { "uv": [ 4, 0, 11.5, 0.5 ], "texture": "#texture" },
        "east":  { "uv": [ 4.5, 0, 12, 0.5 ], "texture": "#texture" }
    }
},
{
    "from": [ 1, 0, 0 ],
    "to": [ 15, 1, 15 ],
    "faces": {
        "down":  { "uv": [ 12, 11.5, 4.5, 4.5 ], "rotation": 270, "texture": "#texture" },
        "up":    { "uv": [ 4, 4.5, 11.5, 11.5 ], "rotation": 90, "texture": "#texture" },
        "north": { "uv": [ 4.5, 15.5, 11.5, 16 ], "texture": "#texture" },
        "south": { "uv": [ 4.5, 15.5, 11.5, 16 ], "texture": "#texture" },
        "west":  { "uv": [ 4, 15.5, 11.5, 16 ], "texture": "#texture" },
        "east":  { "uv": [ 4.5, 15.5, 12, 16 ], "texture": "#texture" }
    }
},
{
    "from": [ 12, 1.5, 0 ],
    "to": [ 14.5, 30.5, 1 ],
    "faces": {
        "down":  { "uv": [ 12, 6, 11.5, 4.75 ], "rotation": 270, "texture": "#texture" },
        "up":    { "uv": [ 4, 4.75, 4.5, 6 ], "rotation": 90, "texture": "#texture" },
        "north": { "uv": [ 4.75, 0.75, 6, 15.25 ], "texture": "#texture" },
        "south": { "uv": [ 10, 0.75, 11.25, 15.25 ], "texture": "#texture" },
        "west":  { "uv": [ 4, 0.75, 4.5, 15.25 ], "texture": "#texture" },
        "east":  { "uv": [ 11.5, 0.75, 12, 15.25 ], "texture": "#texture" }
    }
},
{
    "from": [ 14.5, 1, 0.5 ],
    "to": [ 15, 31, 1 ],
    "faces": {
        "down":  { "uv": [ 11.75, 4.75, 11.5, 4.5 ], "rotation": 270, "texture": "#dark_iron_block" },
        "up":    { "uv": [ 4.25, 4.5, 4.5, 4.75 ], "rotation": 90, "texture": "#dark_iron_block" },
        "north": { "uv": [ 4.5, 0.5, 4.75, 15.5 ], "texture": "#dark_iron_block" },
        "south": { "uv": [ 11.25, 0.5, 11.5, 15.5 ], "texture": "#dark_iron_block" },
        "west":  { "uv": [ 4.25, 0.5, 4.5, 15.5 ], "texture": "#dark_iron_block" },
        "east":  { "uv": [ 11.5, 0.5, 11.75, 15.5 ], "texture": "#dark_iron_block" }
    }
},
{
    "from": [ 11.5, 18, -0.5 ],
    "to": [ 13, 19, -1.11022e-016 ],
    "faces": {
        "down":  { "uv": [ 12.25, 6.25, 12, 5.5 ], "rotation": 270, "texture": "#iron_block" },
        "up":    { "uv": [ 3.75, 5.5, 4, 6.25 ], "rotation": 90, "texture": "#iron_block" },
        "north": { "uv": [ 5.5, 5.5, 6.25, 6.25 ], "texture": "#iron_block" },
        "south": { "uv": [ 9.75, 5.5, 10.5, 6.25 ], "texture": "#iron_block" },
        "west":  { "uv": [ 3.75, 5.5, 4, 6.25 ], "texture": "#iron_block" },
        "east":  { "uv": [ 12, 5.5, 12.25, 6.25 ], "texture": "#iron_block" }
    }
},
{
    "from": [ 11.5, 13, -1 ],
    "to": [ 13, 18.5, -0.5 ],
    "faces": {
        "down":  { "uv": [ 12.5, 6.25, 12.25, 5.5 ], "rotation": 270, "texture": "#iron_block" },
        "up":    { "uv": [ 3.5, 5.5, 3.75, 6.25 ], "rotation": 90, "texture": "#iron_block" },
        "north": { "uv": [ 5.5, 6, 6.25, 9.5 ], "texture": "#iron_block" },
        "south": { "uv": [ 9.75, 6, 10.5, 9.5 ], "texture": "#iron_block" },
        "west":  { "uv": [ 3.5, 6, 3.75, 9.5 ], "texture": "#iron_block" },
        "east":  { "uv": [ 12.25, 6, 12.5, 9.5 ], "texture": "#iron_block" }
    }
},
{
    "from": [ 11.5, 12.5, -0.5 ],
    "to": [ 13, 13.5, -1.11022e-016 ],
    "faces": {
        "down":  { "uv": [ 12.25, 6.25, 12, 5.5 ], "rotation": 270, "texture": "#iron_block" },
        "up":    { "uv": [ 3.75, 5.5, 4, 6.25 ], "rotation": 90, "texture": "#iron_block" },
        "north": { "uv": [ 5.5, 9.25, 6.25, 10 ], "texture": "#iron_block" },
        "south": { "uv": [ 9.75, 9.25, 10.5, 10 ], "texture": "#iron_block" },
        "west":  { "uv": [ 3.75, 9.25, 4, 10 ], "texture": "#iron_block" },
        "east":  { "uv": [ 12, 9.25, 12.25, 10 ], "texture": "#iron_block" }
    }
},
{
    "from": [ 4, 28, 0 ],
    "to": [ 12, 28.5, 1 ],
    "faces": {
        "down":  { "uv": [ 12, 10, 11.5, 6 ], "rotation": 270, "texture": "#dark_iron_block" },
        "up":    { "uv": [ 4, 6, 4.5, 10 ], "rotation": 90, "texture": "#dark_iron_block" },
        "north": { "uv": [ 6, 1.75, 10, 2 ], "texture": "#dark_iron_block" },
        "south": { "uv": [ 6, 1.75, 10, 2 ], "texture": "#dark_iron_block" },
        "west":  { "uv": [ 4, 1.75, 4.5, 2 ], "texture": "#dark_iron_block" },
        "east":  { "uv": [ 11.5, 1.75, 12, 2 ], "texture": "#dark_iron_block" }
    }
},
{
    "from": [ 4, 27, 0 ],
    "to": [ 12, 27.5, 1 ],
    "faces": {
        "down":  { "uv": [ 12, 10, 11.5, 6 ], "rotation": 270, "texture": "#dark_iron_block" },
        "up":    { "uv": [ 4, 6, 4.5, 10 ], "rotation": 90, "texture": "#dark_iron_block" },
        "north": { "uv": [ 6, 2.25, 10, 2.5 ], "texture": "#dark_iron_block" },
        "south": { "uv": [ 6, 2.25, 10, 2.5 ], "texture": "#dark_iron_block" },
        "west":  { "uv": [ 4, 2.25, 4.5, 2.5 ], "texture": "#dark_iron_block" },
        "east":  { "uv": [ 11.5, 2.25, 12, 2.5 ], "texture": "#dark_iron_block" }
    }
},
{
    "from": [ 4, 26, 0 ],
    "to": [ 12, 26.5, 1 ],
    "faces": {
        "down":  { "uv": [ 12, 10, 11.5, 6 ], "rotation": 270, "texture": "#dark_iron_block" },
        "up":    { "uv": [ 4, 6, 4.5, 10 ], "rotation": 90, "texture": "#dark_iron_block" },
        "north": { "uv": [ 6, 2.75, 10, 3 ], "texture": "#dark_iron_block" },
        "south": { "uv": [ 6, 2.75, 10, 3 ], "texture": "#dark_iron_block" },
        "west":  { "uv": [ 4, 2.75, 4.5, 3 ], "texture": "#dark_iron_block" },
        "east":  { "uv": [ 11.5, 2.75, 12, 3 ], "texture": "#dark_iron_block" }
    }
},
{
    "from": [ 4, 25, 0 ],
    "to": [ 12, 25.5, 1 ],
    "faces": {
        "down":  { "uv": [ 12, 10, 11.5, 6 ], "rotation": 270, "texture": "#dark_iron_block" },
        "up":    { "uv": [ 4, 6, 4.5, 10 ], "rotation": 90, "texture": "#dark_iron_block" },
        "north": { "uv": [ 6, 3.25, 10, 3.5 ], "texture": "#dark_iron_block" },
        "south": { "uv": [ 6, 3.25, 10, 3.5 ], "texture": "#dark_iron_block" },
        "west":  { "uv": [ 4, 3.25, 4.5, 3.5 ], "texture": "#dark_iron_block" },
        "east":  { "uv": [ 11.5, 3.25, 12, 3.5 ], "texture": "#dark_iron_block" }
    }
},
{
    "from": [ 1.5, 28.5, 0 ],
    "to": [ 12, 30.5, 1 ],
    "faces": {
        "down":  { "uv": [ 12, 11.25, 11.5, 6 ], "rotation": 270, "texture": "#texture" },
        "up":    { "uv": [ 4, 6, 4.5, 11.25 ], "rotation": 90, "texture": "#texture" },
        "north": { "uv": [ 6, 0.75, 11.25, 1.75 ], "texture": "#texture" },
        "south": { "uv": [ 4.75, 0.75, 10, 1.75 ], "texture": "#texture" },
        "west":  { "uv": [ 4, 0.75, 4.5, 1.75 ], "texture": "#texture" },
        "east":  { "uv": [ 11.5, 0.75, 12, 1.75 ], "texture": "#texture" }
    }
},
{
    "from": [ 1.5, 1.5, 0 ],
    "to": [ 4, 28.5, 1 ],
    "faces": {
        "down":  { "uv": [ 12, 11.25, 11.5, 10 ], "rotation": 270, "texture": "#texture" },
        "up":    { "uv": [ 4, 10, 4.5, 11.25 ], "rotation": 90, "texture": "#texture" },
        "north": { "uv": [ 10, 1.75, 11.25, 15.25 ], "texture": "#texture" },
        "south": { "uv": [ 4.75, 1.75, 6, 15.25 ], "texture": "#texture" },
        "west":  { "uv": [ 4, 1.75, 4.5, 15.25 ], "texture": "#texture" },
        "east":  { "uv": [ 11.5, 1.75, 12, 15.25 ], "texture": "#texture" }
    }
},
{
    "from": [ 4, 7, 0 ],
    "to": [ 12, 25, 1 ],
    "faces": {
        "down":  { "uv": [ 12, 10, 11.5, 6 ], "rotation": 270, "texture": "#texture" },
        "up":    { "uv": [ 4, 6, 4.5, 10 ], "rotation": 90, "texture": "#texture" },
        "north": { "uv": [ 6, 3.5, 10, 12.5 ], "texture": "#texture" },
        "south": { "uv": [ 6, 3.5, 10, 12.5 ], "texture": "#texture" },
        "west":  { "uv": [ 4, 3.5, 4.5, 12.5 ], "texture": "#texture" },
        "east":  { "uv": [ 11.5, 3.5, 12, 12.5 ], "texture": "#texture" }
    }
},
{
    "from": [ 1, 1, 0.5 ],
    "to": [ 1.5, 31, 1 ],
    "faces": {
        "down":  { "uv": [ 11.75, 11.5, 11.5, 11.25 ], "rotation": 270, "texture": "#dark_iron_block" },
        "up":    { "uv": [ 4.25, 11.25, 4.5, 11.5 ], "rotation": 90, "texture": "#dark_iron_block" },
        "north": { "uv": [ 11.25, 0.5, 11.5, 15.5 ], "texture": "#dark_iron_block" },
        "south": { "uv": [ 4.5, 0.5, 4.75, 15.5 ], "texture": "#dark_iron_block" },
        "west":  { "uv": [ 4.25, 0.5, 4.5, 15.5 ], "texture": "#dark_iron_block" },
        "east":  { "uv": [ 11.5, 0.5, 11.75, 15.5 ], "texture": "#dark_iron_block" }
    }
},
{
    "from": [ 1.5, 30.5, 0.5 ],
    "to": [ 14.5, 31, 1 ],
    "faces": {
        "down":  { "uv": [ 11.75, 11.25, 11.5, 4.75 ], "rotation": 270, "texture": "#dark_iron_block" },
        "up":    { "uv": [ 4.25, 4.75, 4.5, 11.25 ], "rotation": 90, "texture": "#dark_iron_block" },
        "north": { "uv": [ 4.75, 0.5, 11.25, 0.75 ], "texture": "#dark_iron_block" },
        "south": { "uv": [ 4.75, 0.5, 11.25, 0.75 ], "texture": "#dark_iron_block" },
        "west":  { "uv": [ 4.25, 0.5, 4.5, 0.75 ], "texture": "#dark_iron_block" },
        "east":  { "uv": [ 11.5, 0.5, 11.75, 0.75 ], "texture": "#dark_iron_block" }
    }
},
{
    "from": [ 1.5, 1, 0.5 ],
    "to": [ 14.5, 1.5, 1 ],
    "faces": {
        "down":  { "uv": [ 11.75, 11.25, 11.5, 4.75 ], "rotation": 270, "texture": "#dark_iron_block" },
        "up":    { "uv": [ 4.25, 4.75, 4.5, 11.25 ], "rotation": 90, "texture": "#dark_iron_block" },
        "north": { "uv": [ 4.75, 15.25, 11.25, 15.5 ], "texture": "#dark_iron_block" },
        "south": { "uv": [ 4.75, 15.25, 11.25, 15.5 ], "texture": "#dark_iron_block" },
        "west":  { "uv": [ 4.25, 15.25, 4.5, 15.5 ], "texture": "#dark_iron_block" },
        "east":  { "uv": [ 11.5, 15.25, 11.75, 15.5 ], "texture": "#dark_iron_block" }
    }
},
{
    "from": [ 0, 0, 15 ],
    "to": [ 16, 32, 16 ],
    "faces": {
        "down":  { "uv": [ 4.5, 12, 4, 4 ], "rotation": 270, "texture": "#texture" },
        "up":    { "uv": [ 11.5, 4, 12, 12 ], "rotation": 90, "texture": "#texture" },
        "north": { "uv": [ 4, 0, 12, 16 ], "texture": "#texture" },
        "south": { "uv": [ 4, 0, 12, 16 ], "texture": "#texture" },
        "west":  { "uv": [ 11.5, 0, 12, 16 ], "texture": "#texture" },
        "east":  { "uv": [ 4, 0, 4.5, 16 ], "texture": "#texture" }
    }
},
{
    "from": [ 4, 1.5, 0 ],
    "to": [ 12, 3.5, 1 ],
    "faces": {
        "down":  { "uv": [ 12, 10, 11.5, 6 ], "rotation": 270, "texture": "#texture" },
        "up":    { "uv": [ 4, 6, 4.5, 10 ], "rotation": 90, "texture": "#texture" },
        "north": { "uv": [ 6, 14.25, 10, 15.25 ], "texture": "#texture" },
        "south": { "uv": [ 6, 14.25, 10, 15.25 ], "texture": "#texture" },
        "west":  { "uv": [ 4, 14.25, 4.5, 15.25 ], "texture": "#texture" },
        "east":  { "uv": [ 11.5, 14.25, 12, 15.25 ], "texture": "#texture" }
    }
},
{
    "from": [ 4, 3.5, 0 ],
    "to": [ 12, 4, 1 ],
    "faces": {
        "down":  { "uv": [ 12, 10, 11.5, 6 ], "rotation": 270, "texture": "#dark_iron_block" },
        "up":    { "uv": [ 4, 6, 4.5, 10 ], "rotation": 90, "texture": "#dark_iron_block" },
        "north": { "uv": [ 6, 14, 10, 14.25 ], "texture": "#dark_iron_block" },
        "south": { "uv": [ 6, 14, 10, 14.25 ], "texture": "#dark_iron_block" },
        "west":  { "uv": [ 4, 14, 4.5, 14.25 ], "texture": "#dark_iron_block" },
        "east":  { "uv": [ 11.5, 14, 12, 14.25 ], "texture": "#dark_iron_block" }
    }
},
{
    "from": [ 4, 4.5, 0 ],
    "to": [ 12, 5, 1 ],
    "faces": {
        "down":  { "uv": [ 12, 10, 11.5, 6 ], "rotation": 270, "texture": "#dark_iron_block" },
        "up":    { "uv": [ 4, 6, 4.5, 10 ], "rotation": 90, "texture": "#dark_iron_block" },
        "north": { "uv": [ 6, 13.5, 10, 13.75 ], "texture": "#dark_iron_block" },
        "south": { "uv": [ 6, 13.5, 10, 13.75 ], "texture": "#dark_iron_block" },
        "west":  { "uv": [ 4, 13.5, 4.5, 13.75 ], "texture": "#dark_iron_block" },
        "east":  { "uv": [ 11.5, 13.5, 12, 13.75 ], "texture": "#dark_iron_block" }
    }
},
{
    "from": [ 4, 5.5, 0 ],
    "to": [ 12, 6, 1 ],
    "faces": {
        "down":  { "uv": [ 12, 10, 11.5, 6 ], "rotation": 270, "texture": "#dark_iron_block" },
        "up":    { "uv": [ 4, 6, 4.5, 10 ], "rotation": 90, "texture": "#dark_iron_block" },
        "north": { "uv": [ 6, 13, 10, 13.25 ], "texture": "#dark_iron_block" },
        "south": { "uv": [ 6, 13, 10, 13.25 ], "texture": "#dark_iron_block" },
        "west":  { "uv": [ 4, 13, 4.5, 13.25 ], "texture": "#dark_iron_block" },
        "east":  { "uv": [ 11.5, 13, 12, 13.25 ], "texture": "#dark_iron_block" }
    }
},
{
    "from": [ 4, 6.5, 0 ],
    "to": [ 12, 7, 1 ],
    "faces": {
        "down":  { "uv": [ 12, 10, 11.5, 6 ], "rotation": 270, "texture": "#dark_iron_block" },
        "up":    { "uv": [ 4, 6, 4.5, 10 ], "rotation": 90, "texture": "#dark_iron_block" },
        "north": { "uv": [ 6, 12.5, 10, 12.75 ], "texture": "#dark_iron_block" },
        "south": { "uv": [ 6, 12.5, 10, 12.75 ], "texture": "#dark_iron_block" },
        "west":  { "uv": [ 4, 12.5, 4.5, 12.75 ], "texture": "#dark_iron_block" },
        "east":  { "uv": [ 11.5, 12.5, 12, 12.75 ], "texture": "#dark_iron_block" }
    }
},
{
    "from": [ 11.5, 25.5, 0 ],
    "to": [ 12, 28, 1 ],
    "faces": {
        "down":  { "uv": [ 12, 10, 11.5, 6 ], "rotation": 270, "texture": "#dark_iron_block" },
        "up":    { "uv": [ 4, 6, 4.5, 10 ], "rotation": 90, "texture": "#dark_iron_block" },
        "north": { "uv": [ 6, 1.75, 10, 2 ], "texture": "#dark_iron_block" },
        "south": { "uv": [ 6, 1.75, 10, 2 ], "texture": "#dark_iron_block" },
        "west":  { "uv": [ 4, 1.75, 4.5, 2 ], "texture": "#dark_iron_block" },
        "east":  { "uv": [ 11.5, 1.75, 12, 2 ], "texture": "#dark_iron_block" }
    }
},
{
    "from": [ 4, 25.5, 0 ],
    "to": [ 4.5, 28, 1 ],
    "faces": {
        "down":  { "uv": [ 12, 10, 11.5, 6 ], "rotation": 270, "texture": "#dark_iron_block" },
        "up":    { "uv": [ 4, 6, 4.5, 10 ], "rotation": 90, "texture": "#dark_iron_block" },
        "north": { "uv": [ 6, 1.75, 10, 2 ], "texture": "#dark_iron_block" },
        "south": { "uv": [ 6, 1.75, 10, 2 ], "texture": "#dark_iron_block" },
        "west":  { "uv": [ 4, 1.75, 4.5, 2 ], "texture": "#dark_iron_block" },
        "east":  { "uv": [ 11.5, 1.75, 12, 2 ], "texture": "#dark_iron_block" }
    }
},
{
    "from": [ 4, 4, 0 ],
    "to": [ 4.5, 6.5, 1 ],
    "faces": {
        "down":  { "uv": [ 12, 10, 11.5, 6 ], "rotation": 270, "texture": "#dark_iron_block" },
        "up":    { "uv": [ 4, 6, 4.5, 10 ], "rotation": 90, "texture": "#dark_iron_block" },
        "north": { "uv": [ 6, 1.75, 10, 2 ], "texture": "#dark_iron_block" },
        "south": { "uv": [ 6, 1.75, 10, 2 ], "texture": "#dark_iron_block" },
        "west":  { "uv": [ 4, 1.75, 4.5, 2 ], "texture": "#dark_iron_block" },
        "east":  { "uv": [ 11.5, 1.75, 12, 2 ], "texture": "#dark_iron_block" }
    }
},
{
    "from": [ 11.5, 4, 0 ],
    "to": [ 12, 6.5, 1 ],
    "faces": {
        "down":  { "uv": [ 12, 10, 11.5, 6 ], "rotation": 270, "texture": "#dark_iron_block" },
        "up":    { "uv": [ 4, 6, 4.5, 10 ], "rotation": 90, "texture": "#dark_iron_block" },
        "north": { "uv": [ 6, 1.75, 10, 2 ], "texture": "#dark_iron_block" },
        "south": { "uv": [ 6, 1.75, 10, 2 ], "texture": "#dark_iron_block" },
        "west":  { "uv": [ 4, 1.75, 4.5, 2 ], "texture": "#dark_iron_block" },
        "east":  { "uv": [ 11.5, 1.75, 12, 2 ], "texture": "#dark_iron_block" }
    }
},
{
    "from": [ 13, 21, -0.5 ],
    "to": [ 13.5, 22.5, -5.55112e-017 ],
    "faces": {
        "down":  { "uv": [ 12.25, 6.25, 12, 5.5 ], "rotation": 270, "texture": "#iron_block" },
        "up":    { "uv": [ 3.75, 5.5, 4, 6.25 ], "rotation": 90, "texture": "#iron_block" },
        "north": { "uv": [ 5.5, 5.5, 6.25, 6.25 ], "texture": "#iron_block" },
        "south": { "uv": [ 9.75, 5.5, 10.5, 6.25 ], "texture": "#iron_block" },
        "west":  { "uv": [ 3.75, 5.5, 4, 6.25 ], "texture": "#iron_block" },
        "east":  { "uv": [ 12, 5.5, 12.25, 6.25 ], "texture": "#iron_block" }
    }
},
{
    "from": [ 11.5, 22.5, -0.5 ],
    "to": [ 13, 23, -1.11022e-016 ],
    "faces": {
        "down":  { "uv": [ 12.25, 6.25, 12, 5.5 ], "rotation": 270, "texture": "#iron_block" },
        "up":    { "uv": [ 3.75, 5.5, 4, 6.25 ], "rotation": 90, "texture": "#iron_block" },
        "north": { "uv": [ 5.5, 5.5, 6.25, 6.25 ], "texture": "#iron_block" },
        "south": { "uv": [ 9.75, 5.5, 10.5, 6.25 ], "texture": "#iron_block" },
        "west":  { "uv": [ 3.75, 5.5, 4, 6.25 ], "texture": "#iron_block" },
        "east":  { "uv": [ 12, 5.5, 12.25, 6.25 ], "texture": "#iron_block" }
    }
},
{
    "from": [ 11.5, 21, -1 ],
    "to": [ 13, 22.5, -1.11022e-016 ],
    "faces": {
        "down":  { "uv": [ 12.25, 6.25, 12, 5.5 ], "rotation": 270, "texture": "#dark_iron_block" },
        "up":    { "uv": [ 3.75, 5.5, 4, 6.25 ], "rotation": 90, "texture": "#dark_iron_block" },
        "north": { "uv": [ 5.5, 5.5, 6.25, 6.25 ], "texture": "#dark_iron_block" },
        "south": { "uv": [ 9.75, 5.5, 10.5, 6.25 ], "texture": "#dark_iron_block" },
        "west":  { "uv": [ 3.75, 5.5, 4, 6.25 ], "texture": "#dark_iron_block" },
        "east":  { "uv": [ 12, 5.5, 12.25, 6.25 ], "texture": "#dark_iron_block" }
    }
},
{
    "from": [ 11, 21, -0.5 ],
    "to": [ 11.5, 22.5, -5.55112e-017 ],
    "faces": {
        "down":  { "uv": [ 12.25, 6.25, 12, 5.5 ], "rotation": 270, "texture": "#iron_block" },
        "up":    { "uv": [ 3.75, 5.5, 4, 6.25 ], "rotation": 90, "texture": "#iron_block" },
        "north": { "uv": [ 5.5, 5.5, 6.25, 6.25 ], "texture": "#iron_block" },
        "south": { "uv": [ 9.75, 5.5, 10.5, 6.25 ], "texture": "#iron_block" },
        "west":  { "uv": [ 3.75, 5.5, 4, 6.25 ], "texture": "#iron_block" },
        "east":  { "uv": [ 12, 5.5, 12.25, 6.25 ], "texture": "#iron_block" }
    }
},
{
    "from": [ 11.5, 20.5, -0.5 ],
    "to": [ 13, 21, -1.11022e-016 ],
    "faces": {
        "down":  { "uv": [ 12.25, 6.25, 12, 5.5 ], "rotation": 270, "texture": "#iron_block" },
        "up":    { "uv": [ 3.75, 5.5, 4, 6.25 ], "rotation": 90, "texture": "#iron_block" },
        "north": { "uv": [ 5.5, 5.5, 6.25, 6.25 ], "texture": "#iron_block" },
        "south": { "uv": [ 9.75, 5.5, 10.5, 6.25 ], "texture": "#iron_block" },
        "west":  { "uv": [ 3.75, 5.5, 4, 6.25 ], "texture": "#iron_block" },
        "east":  { "uv": [ 12, 5.5, 12.25, 6.25 ], "texture": "#iron_block" }
    }
},
{
    "from": [ 16, 14, 10.5 ],
    "to": [ 16.5, 18, 11.5 ],
    "faces": {
        "down":  { "uv": [ 0, 0, 2, 1 ], "rotation": 180, "texture": "#diamond_block" },
        "up":    { "uv": [ 0, 0, 1.75, 0.75 ], "rotation": 180, "texture": "#diamond_block" },
        "north": { "uv": [ 3, 2.25, 3.25, 2.5 ], "texture": "#diamond_block" },
        "south": { "uv": [ 4.75, 2, 5, 2.25 ], "texture": "#diamond_block" },
        "west":  { "uv": [ 6.5, 2, 6.75, 2.25 ], "texture": "#diamond_block" },
        "east":  { "uv": [ 4.75, 1.5, 5, 1.75 ], "texture": "#diamond_block" }
    }
},
{
    "from": [ 16, 14, 6.5 ],
    "to": [ 16.5, 18, 7.5 ],
    "faces": {
        "down":  { "uv": [ 0, 0, 2, 1 ], "rotation": 180, "texture": "#gold_block" },
        "up":    { "uv": [ 0, 0, 1.75, 0.75 ], "rotation": 180, "texture": "#gold_block" },
        "north": { "uv": [ 3, 2.25, 3.25, 2.5 ], "texture": "#gold_block" },
        "south": { "uv": [ 4.75, 2, 5, 2.25 ], "texture": "#gold_block" },
        "west":  { "uv": [ 6.5, 2, 6.75, 2.25 ], "texture": "#gold_block" },
        "east":  { "uv": [ 4.75, 1.5, 5, 1.75 ], "texture": "#gold_block" }
    }
},
{
    "from": [ 16, 17, 8.5 ],
    "to": [ 16.5, 18, 10.5 ],
    "faces": {
        "down":  { "uv": [ 0, 0, 2, 1 ], "rotation": 180, "texture": "#diamond_block" },
        "up":    { "uv": [ 0, 0, 1.75, 0.75 ], "rotation": 180, "texture": "#diamond_block" },
        "north": { "uv": [ 3, 2.25, 3.25, 2.5 ], "texture": "#diamond_block" },
        "south": { "uv": [ 4.75, 2, 5, 2.25 ], "texture": "#diamond_block" },
        "west":  { "uv": [ 6.5, 2, 6.75, 2.25 ], "texture": "#diamond_block" },
        "east":  { "uv": [ 4.75, 1.5, 5, 1.75 ], "texture": "#diamond_block" }
    }
},
{
    "from": [ 16, 15, 9.5 ],
    "to": [ 16.5, 16, 10.5 ],
    "faces": {
        "down":  { "uv": [ 0, 0, 2, 1 ], "rotation": 180, "texture": "#diamond_block" },
        "up":    { "uv": [ 0, 0, 1.75, 0.75 ], "rotation": 180, "texture": "#diamond_block" },
        "north": { "uv": [ 3, 2.25, 3.25, 2.5 ], "texture": "#diamond_block" },
        "south": { "uv": [ 4.75, 2, 5, 2.25 ], "texture": "#diamond_block" },
        "west":  { "uv": [ 6.5, 2, 6.75, 2.25 ], "texture": "#diamond_block" },
        "east":  { "uv": [ 4.75, 1.5, 5, 1.75 ], "texture": "#diamond_block" }
    }
},
{
    "from": [ 16, 17, 4.5 ],
    "to": [ 16.5, 18, 6.5 ],
    "faces": {
        "down":  { "uv": [ 0, 0, 2, 1 ], "rotation": 180, "texture": "#gold_block" },
        "up":    { "uv": [ 0, 0, 1.75, 0.75 ], "rotation": 180, "texture": "#gold_block" },
        "north": { "uv": [ 3, 2.25, 3.25, 2.5 ], "texture": "#gold_block" },
        "south": { "uv": [ 4.75, 2, 5, 2.25 ], "texture": "#gold_block" },
        "west":  { "uv": [ 6.5, 2, 6.75, 2.25 ], "texture": "#gold_block" },
        "east":  { "uv": [ 4.75, 1.5, 5, 1.75 ], "texture": "#gold_block" }
    }
},
{
    "from": [ 16, 15, 4.5 ],
    "to": [ 16.5, 16, 6.5 ],
    "faces": {
        "down":  { "uv": [ 0, 0, 2, 1 ], "rotation": 180, "texture": "#gold_block" },
        "up":    { "uv": [ 0, 0, 1.75, 0.75 ], "rotation": 180, "texture": "#gold_block" },
        "north": { "uv": [ 3, 2.25, 3.25, 2.5 ], "texture": "#gold_block" },
        "south": { "uv": [ 4.75, 2, 5, 2.25 ], "texture": "#gold_block" },
        "west":  { "uv": [ 6.5, 2, 6.75, 2.25 ], "texture": "#gold_block" },
        "east":  { "uv": [ 4.75, 1.5, 5, 1.75 ], "texture": "#gold_block" }
    }
},
{
    "from": [ 16, 16, 4.5 ],
    "to": [ 16.5, 17, 5.5 ],
    "faces": {
        "down":  { "uv": [ 0, 0, 2, 1 ], "rotation": 180, "texture": "#gold_block" },
        "up":    { "uv": [ 0, 0, 1.75, 0.75 ], "rotation": 180, "texture": "#gold_block" },
        "north": { "uv": [ 3, 2.25, 3.25, 2.5 ], "texture": "#gold_block" },
        "south": { "uv": [ 4.75, 2, 5, 2.25 ], "texture": "#gold_block" },
        "west":  { "uv": [ 6.5, 2, 6.75, 2.25 ], "texture": "#gold_block" },
        "east":  { "uv": [ 4.75, 1.5, 5, 1.75 ], "texture": "#gold_block" }
    }
},
{
    "from": [ -0.5, 14, 4.5 ],
    "to": [ 1.11022e-016, 18, 5.5 ],
    "faces": {
        "down":  { "uv": [ 0, 0, 2, 1 ], "rotation": 180, "texture": "#diamond_block" },
        "up":    { "uv": [ 0, 0, 1.75, 0.75 ], "rotation": 180, "texture": "#diamond_block" },
        "north": { "uv": [ 3, 2.25, 3.25, 2.5 ], "texture": "#diamond_block" },
        "south": { "uv": [ 4.75, 2, 5, 2.25 ], "texture": "#diamond_block" },
        "west":  { "uv": [ 6.5, 2, 6.75, 2.25 ], "texture": "#diamond_block" },
        "east":  { "uv": [ 4.75, 1.5, 5, 1.75 ], "texture": "#diamond_block" }
    }
},
{
    "from": [ -0.5, 14, 8.5 ],
    "to": [ 1.11022e-016, 18, 9.5 ],
    "faces": {
        "down":  { "uv": [ 0, 0, 2, 1 ], "rotation": 180, "texture": "#gold_block" },
        "up":    { "uv": [ 0, 0, 1.75, 0.75 ], "rotation": 180, "texture": "#gold_block" },
        "north": { "uv": [ 3, 2.25, 3.25, 2.5 ], "texture": "#gold_block" },
        "south": { "uv": [ 4.75, 2, 5, 2.25 ], "texture": "#gold_block" },
        "west":  { "uv": [ 6.5, 2, 6.75, 2.25 ], "texture": "#gold_block" },
        "east":  { "uv": [ 4.75, 1.5, 5, 1.75 ], "texture": "#gold_block" }
    }
},
{
    "from": [ -0.5, 17, 5.5 ],
    "to": [ 1.11022e-016, 18, 7.5 ],
    "faces": {
        "down":  { "uv": [ 0, 0, 2, 1 ], "rotation": 180, "texture": "#diamond_block" },
        "up":    { "uv": [ 0, 0, 1.75, 0.75 ], "rotation": 180, "texture": "#diamond_block" },
        "north": { "uv": [ 3, 2.25, 3.25, 2.5 ], "texture": "#diamond_block" },
        "south": { "uv": [ 4.75, 2, 5, 2.25 ], "texture": "#diamond_block" },
        "west":  { "uv": [ 6.5, 2, 6.75, 2.25 ], "texture": "#diamond_block" },
        "east":  { "uv": [ 4.75, 1.5, 5, 1.75 ], "texture": "#diamond_block" }
    }
},
{
    "from": [ -0.5, 15, 5.5 ],
    "to": [ 1.11022e-016, 16, 6.5 ],
    "faces": {
        "down":  { "uv": [ 0, 0, 2, 1 ], "rotation": 180, "texture": "#diamond_block" },
        "up":    { "uv": [ 0, 0, 1.75, 0.75 ], "rotation": 180, "texture": "#diamond_block" },
        "north": { "uv": [ 3, 2.25, 3.25, 2.5 ], "texture": "#diamond_block" },
        "south": { "uv": [ 4.75, 2, 5, 2.25 ], "texture": "#diamond_block" },
        "west":  { "uv": [ 6.5, 2, 6.75, 2.25 ], "texture": "#diamond_block" },
        "east":  { "uv": [ 4.75, 1.5, 5, 1.75 ], "texture": "#diamond_block" }
    }
},
{
    "from": [ -0.5, 17, 9.5 ],
    "to": [ 1.11022e-016, 18, 11.5 ],
    "faces": {
        "down":  { "uv": [ 0, 0, 2, 1 ], "rotation": 180, "texture": "#gold_block" },
        "up":    { "uv": [ 0, 0, 1.75, 0.75 ], "rotation": 180, "texture": "#gold_block" },
        "north": { "uv": [ 3, 2.25, 3.25, 2.5 ], "texture": "#gold_block" },
        "south": { "uv": [ 4.75, 2, 5, 2.25 ], "texture": "#gold_block" },
        "west":  { "uv": [ 6.5, 2, 6.75, 2.25 ], "texture": "#gold_block" },
        "east":  { "uv": [ 4.75, 1.5, 5, 1.75 ], "texture": "#gold_block" }
    }
},
{
    "from": [ -0.5, 15, 9.5 ],
    "to": [ 1.11022e-016, 16, 11.5 ],
    "faces": {
        "down":  { "uv": [ 0, 0, 2, 1 ], "rotation": 180, "texture": "#gold_block" },
        "up":    { "uv": [ 0, 0, 1.75, 0.75 ], "rotation": 180, "texture": "#gold_block" },
        "north": { "uv": [ 3, 2.25, 3.25, 2.5 ], "texture": "#gold_block" },
        "south": { "uv": [ 4.75, 2, 5, 2.25 ], "texture": "#gold_block" },
        "west":  { "uv": [ 6.5, 2, 6.75, 2.25 ], "texture": "#gold_block" },
        "east":  { "uv": [ 4.75, 1.5, 5, 1.75 ], "texture": "#gold_block" }
    }
},
{
    "from": [ -0.5, 16, 10.5 ],
    "to": [ 1.11022e-016, 17, 11.5 ],
    "faces": {
        "down":  { "uv": [ 0, 0, 2, 1 ], "rotation": 180, "texture": "#gold_block" },
        "up":    { "uv": [ 0, 0, 1.75, 0.75 ], "rotation": 180, "texture": "#gold_block" },
        "north": { "uv": [ 3, 2.25, 3.25, 2.5 ], "texture": "#gold_block" },
        "south": { "uv": [ 4.75, 2, 5, 2.25 ], "texture": "#gold_block" },
        "west":  { "uv": [ 6.5, 2, 6.75, 2.25 ], "texture": "#gold_block" },
        "east":  { "uv": [ 4.75, 1.5, 5, 1.75 ], "texture": "#gold_block" }
    }
},
{
    "from": [ -0.25, 13.5, 4 ],
    "to": [ 0.25, 18.5, 12 ],
    "faces": {
        "down":  { "uv": [ 0, 0, 2, 1 ], "rotation": 180, "texture": "#marble_light_blue" },
        "up":    { "uv": [ 0, 0, 1.75, 0.75 ], "rotation": 180, "texture": "#marble_light_blue" },
        "north": { "uv": [ 3, 2.25, 3.25, 2.5 ], "texture": "#marble_light_blue" },
        "south": { "uv": [ 4.75, 2, 5, 2.25 ], "texture": "#marble_light_blue" },
        "west":  { "uv": [ 6.5, 2, 6.75, 2.25 ], "texture": "#marble_light_blue" },
        "east":  { "uv": [ 4.75, 1.5, 5, 1.75 ], "texture": "#marble_light_blue" }
    }
},
{
    "from": [ 15.75, 13.5, 4 ],
    "to": [ 16.25, 18.5, 12 ],
    "faces": {
        "down":  { "uv": [ 0, 0, 2, 1 ], "rotation": 180, "texture": "#marble_light_blue" },
        "up":    { "uv": [ 0, 0, 1.75, 0.75 ], "rotation": 180, "texture": "#marble_light_blue" },
        "north": { "uv": [ 3, 2.25, 3.25, 2.5 ], "texture": "#marble_light_blue" },
        "south": { "uv": [ 4.75, 2, 5, 2.25 ], "texture": "#marble_light_blue" },
        "west":  { "uv": [ 6.5, 2, 6.75, 2.25 ], "texture": "#marble_light_blue" },
        "east":  { "uv": [ 4.75, 1.5, 5, 1.75 ], "texture": "#marble_light_blue" }
    }
}
],
"display": {
    "thirdperson_righthand": {
        "rotation": [ 0, 90, -35 ],
        "translation": [ 0, 1.25, -3.5 ],
        "scale": [ 0.6, 0.6, 0.6 ]
    },
    "thirdperson_lefthand": {
        "rotation": [ 0, 90, -35 ],
        "translation": [ 0, 1.25, -3.5 ],
        "scale": [ 0.6, 0.6, 0.6]
    },
    "head": {
        "rotation": [ 0, 0, 0 ],
        "translation": [ 0, -30.5, 0 ],
        "scale": [ 1.6, 1.6, 1.6 ]
    },
    "ground": {
        "rotation": [ 0, 0, 0 ],
        "translation": [ 0, 0, 0 ],
        "scale": [ 1.6, 1.6, 1.6 ]
    },
    "fixed": {
        "rotation": [ -90, -180, 0 ],
        "translation": [ 0, 0, 6.61 ],
        "scale": [ 0.8, 0.8, 0.8 ]
    },
    "firstperson_righthand": {
        "rotation": [ 0, 0, 0 ],
        "translation": [ 0, 0, 0 ],
        "scale": [ 0.6, 0.6, 0.6 ]
    },
    "firstperson_lefthand": {
        "rotation": [ 0, 0, 0 ],
        "translation": [ 0, 0, 0 ],
        "scale": [ 0.6, 0.6, 0.6]
    },
    "gui": {
        "rotation": [ 41, 17, 10 ],
        "translation": [ 0.76, -3.21, 0 ],
        "scale": [ 0.6, 0.6, 0.6 ]
    }
}
}