{
"__comment": "Designed by Oberdiah",
"textures": {
    "texture": "blocks/iron_block",
    "dark_iron_block": "blocks/dark_iron_block",
    "locker": "blocks/furniture/locker",
    "glass": "blocks/glass_silver",
    "wool_colored_blue": "blocks/furniture/entertainment"
},
"elements": [ 
{
    "from": [ 0, 0, 3 ],
    "to": [ 16, 9, 4 ],
    "faces": {
        "down":  { "uv": [ 16, 4, 0, 3 ], "texture": "#texture" },
        "up":    { "uv": [ 0, 3, 16, 4 ], "texture": "#texture" },
        "north": { "uv": [ 0, 7, 16, 16 ], "texture": "#texture" },
        "south": { "uv": [ 0, 7, 16, 16 ], "texture": "#texture" },
        "west":  { "uv": [ 3, 7, 4, 16 ], "texture": "#texture" },
        "east":  { "uv": [ 12, 7, 13, 16 ], "texture": "#texture" }
    }
},
{
    "from": [ 0, 0, 12 ],
    "to": [ 2, 9, 13 ],
    "faces": {
        "down":  { "uv": [ 16, 13, 14, 12 ], "texture": "#texture" },
        "up":    { "uv": [ 0, 12, 2, 13 ], "texture": "#texture" },
        "north": { "uv": [ 14, 7, 16, 16 ], "texture": "#texture" },
        "south": { "uv": [ 0, 7, 2, 16 ], "texture": "#texture" },
        "west":  { "uv": [ 12, 7, 13, 16 ], "texture": "#texture" },
        "east":  { "uv": [ 3, 7, 4, 16 ], "texture": "#texture" }
    }
},
{
    "from": [ 0, 0, 4 ],
    "to": [ 1, 9, 12 ],
    "faces": {
        "down":  { "uv": [ 16, 12, 15, 4 ], "texture": "#texture" },
        "up":    { "uv": [ 0, 4, 1, 12 ], "texture": "#texture" },
        "north": { "uv": [ 15, 7, 16, 16 ], "texture": "#texture" },
        "south": { "uv": [ 0, 7, 1, 16 ], "texture": "#texture" },
        "west":  { "uv": [ 4, 7, 12, 16 ], "texture": "#texture" },
        "east":  { "uv": [ 4, 7, 12, 16 ], "texture": "#texture" }
    }
},
{
    "from": [ 15, 0, 4 ],
    "to": [ 16, 9, 12 ],
    "faces": {
        "down":  { "uv": [ 1, 12, 0, 4 ], "texture": "#texture" },
        "up":    { "uv": [ 15, 4, 16, 12 ], "texture": "#texture" },
        "north": { "uv": [ 0, 7, 1, 16 ], "texture": "#texture" },
        "south": { "uv": [ 15, 7, 16, 16 ], "texture": "#texture" },
        "west":  { "uv": [ 4, 7, 12, 16 ], "texture": "#texture" },
        "east":  { "uv": [ 4, 7, 12, 16 ], "texture": "#texture" }
    }
},
{
    "from": [ 1, 0, 4 ],
    "to": [ 15, 1, 12 ],
    "faces": {
        "down":  { "uv": [ 15, 12, 1, 4 ], "texture": "#texture" },
        "up":    { "uv": [ 1, 4, 15, 12 ], "texture": "#texture" },
        "north": { "uv": [ 1, 15, 15, 16 ], "texture": "#texture" },
        "south": { "uv": [ 1, 15, 15, 16 ], "texture": "#texture" },
        "west":  { "uv": [ 4, 15, 12, 16 ], "texture": "#texture" },
        "east":  { "uv": [ 4, 15, 12, 16 ], "texture": "#texture" }
    }
},
{
    "from": [ 1, 8, 4 ],
    "to": [ 15, 9, 12 ],
    "faces": {
        "down":  { "uv": [ 15, 12, 1, 4 ], "texture": "#texture" },
        "up":    { "uv": [ 1, 4, 15, 12 ], "texture": "#texture" },
        "north": { "uv": [ 1, 7, 15, 8 ], "texture": "#texture" },
        "south": { "uv": [ 1, 7, 15, 8 ], "texture": "#texture" },
        "west":  { "uv": [ 4, 7, 12, 8 ], "texture": "#texture" },
        "east":  { "uv": [ 4, 7, 12, 8 ], "texture": "#texture" }
    }
},
{
    "from": [ 11, 0, 12 ],
    "to": [ 12.8125, 9, 13 ],
    "faces": {
        "down":  { "uv": [ 5, 13, 3.1875, 12 ], "texture": "#texture" },
        "up":    { "uv": [ 11, 12, 12.8125, 13 ], "texture": "#texture" },
        "north": { "uv": [ 3.1875, 7, 5, 16 ], "texture": "#texture" },
        "south": { "uv": [ 11, 7, 12.8125, 16 ], "texture": "#texture" },
        "west":  { "uv": [ 12, 7, 13, 16 ], "texture": "#texture" },
        "east":  { "uv": [ 3, 7, 4, 16 ], "texture": "#texture" }
    }
},
{
    "from": [ 2, 7.5, 12 ],
    "to": [ 11, 9, 13 ],
    "faces": {
        "down":  { "uv": [ 14, 13, 5, 12 ], "texture": "#texture" },
        "up":    { "uv": [ 2, 12, 11, 13 ], "texture": "#texture" },
        "north": { "uv": [ 5, 7, 14, 8.5 ], "texture": "#texture" },
        "south": { "uv": [ 2, 7, 11, 8.5 ], "texture": "#texture" },
        "west":  { "uv": [ 12, 7, 13, 8.5 ], "texture": "#texture" },
        "east":  { "uv": [ 3, 7, 4, 8.5 ], "texture": "#texture" }
    }
},
{
    "from": [ 2, 0, 12 ],
    "to": [ 12, 2, 13 ],
    "faces": {
        "down":  { "uv": [ 14, 13, 4, 12 ], "texture": "#texture" },
        "up":    { "uv": [ 2, 12, 12, 13 ], "texture": "#texture" },
        "north": { "uv": [ 4, 14, 14, 16 ], "texture": "#texture" },
        "south": { "uv": [ 2, 14, 12, 16 ], "texture": "#texture" },
        "west":  { "uv": [ 12, 14, 13, 16 ], "texture": "#texture" },
        "east":  { "uv": [ 3, 14, 4, 16 ], "texture": "#texture" }
    }
},
{
    "from": [ 13, 0, 12 ],
    "to": [ 16, 9, 13 ],
    "faces": {
        "down":  { "uv": [ 3, 13, 0, 12 ], "texture": "#texture" },
        "up":    { "uv": [ 13, 12, 16, 13 ], "texture": "#texture" },
        "north": { "uv": [ 0, 7, 3, 16 ], "texture": "#texture" },
        "south": { "uv": [ 13, 7, 16, 16 ], "texture": "#texture" },
        "west":  { "uv": [ 12, 7, 13, 16 ], "texture": "#texture" },
        "east":  { "uv": [ 3, 7, 4, 16 ], "texture": "#texture" }
    }
},
{
    "from": [ 12.5, 0, 12 ],
    "to": [ 13.5, 9, 12.5 ],
    "faces": {
        "down":  { "uv": [ 3.5, 12.5, 2.5, 12 ], "texture": "#texture" },
        "up":    { "uv": [ 12.5, 12, 13.5, 12.5 ], "texture": "#texture" },
        "north": { "uv": [ 2.5, 7, 3.5, 16 ], "texture": "#texture" },
        "south": { "uv": [ 12.5, 7, 13.5, 16 ], "texture": "#texture" },
        "west":  { "uv": [ 12, 7, 12.5, 16 ], "texture": "#texture" },
        "east":  { "uv": [ 3.5, 7, 4, 16 ], "texture": "#texture" }
    }
},
{
    "from": [ 4.5, 0.5, 5 ],
    "to": [ 10.5, 1.5, 11 ],
    "faces": {
        "down":  { "uv": [ 11.5, 11, 5.5, 5 ], "texture": "#dark_iron_block" },
        "up":    { "uv": [ 4.5, 5, 10.5, 11 ], "texture": "#dark_iron_block" },
        "north": { "uv": [ 5.5, 14.5, 11.5, 15.5 ], "texture": "#dark_iron_block" },
        "south": { "uv": [ 4.5, 14.5, 10.5, 15.5 ], "texture": "#dark_iron_block" },
        "west":  { "uv": [ 5, 14.5, 11, 15.5 ], "texture": "#dark_iron_block" },
        "east":  { "uv": [ 5, 14.5, 11, 15.5 ], "texture": "#dark_iron_block" }
    }
},
{
    "from": [ 5.5, 0.5, 4.5 ],
    "to": [ 9.5, 1.5, 11.5 ],
    "faces": {
        "down":  { "uv": [ 10.5, 11.5, 6.5, 4.5 ], "texture": "#dark_iron_block" },
        "up":    { "uv": [ 5.5, 4.5, 9.5, 11.5 ], "texture": "#dark_iron_block" },
        "north": { "uv": [ 6.5, 14.5, 10.5, 15.5 ], "texture": "#dark_iron_block" },
        "south": { "uv": [ 5.5, 14.5, 9.5, 15.5 ], "texture": "#dark_iron_block" },
        "west":  { "uv": [ 4.5, 14.5, 11.5, 15.5 ], "texture": "#dark_iron_block" },
        "east":  { "uv": [ 4.5, 14.5, 11.5, 15.5 ], "texture": "#dark_iron_block" }
    }
},
{
    "from": [ 4, 0.5, 6 ],
    "to": [ 11, 1.5, 10 ],
    "faces": {
        "down":  { "uv": [ 12, 10, 5, 6 ], "texture": "#dark_iron_block" },
        "up":    { "uv": [ 4, 6, 11, 10 ], "texture": "#dark_iron_block" },
        "north": { "uv": [ 5, 14.5, 12, 15.5 ], "texture": "#dark_iron_block" },
        "south": { "uv": [ 4, 14.5, 11, 15.5 ], "texture": "#dark_iron_block" },
        "west":  { "uv": [ 6, 14.5, 10, 15.5 ], "texture": "#dark_iron_block" },
        "east":  { "uv": [ 6, 14.5, 10, 15.5 ], "texture": "#dark_iron_block" }
    }
},
{
    "from": [ 11.5, 7, 13 ],
    "to": [ 12, 7.5, 13.5 ],
    "faces": {
        "down":  { "uv": [ 4.5, 13.5, 4, 13 ], "texture": "#locker" },
        "up":    { "uv": [ 11.5, 13, 12, 13.5 ], "texture": "#locker" },
        "north": { "uv": [ 4, 8.5, 4.5, 9 ], "texture": "#locker" },
        "south": { "uv": [ 11.5, 8.5, 12, 9 ], "texture": "#locker" },
        "west":  { "uv": [ 13, 8.5, 13.5, 9 ], "texture": "#locker" },
        "east":  { "uv": [ 2.5, 8.5, 3, 9 ], "texture": "#locker" }
    }
},
{
    "from": [ 11.5, 1.5, 13 ],
    "to": [ 12, 2, 13.5 ],
    "faces": {
        "down":  { "uv": [ 4.5, 13.5, 4, 13 ], "texture": "#locker" },
        "up":    { "uv": [ 11.5, 13, 12, 13.5 ], "texture": "#locker" },
        "north": { "uv": [ 4, 14, 4.5, 14.5 ], "texture": "#locker" },
        "south": { "uv": [ 11.5, 14, 12, 14.5 ], "texture": "#locker" },
        "west":  { "uv": [ 13, 14, 13.5, 14.5 ], "texture": "#locker" },
        "east":  { "uv": [ 2.5, 14, 3, 14.5 ], "texture": "#locker" }
    }
},
{
    "from": [ 11.5, 1, 13.5 ],
    "to": [ 12.5, 8, 14 ],
    "faces": {
        "down":  { "uv": [ 4.5, 14, 3.5, 13.5 ], "texture": "#locker" },
        "up":    { "uv": [ 11.5, 13.5, 12.5, 14 ], "texture": "#locker" },
        "north": { "uv": [ 3.5, 8, 4.5, 15 ], "texture": "#locker" },
        "south": { "uv": [ 11.5, 8, 12.5, 15 ], "texture": "#locker" },
        "west":  { "uv": [ 13.5, 8, 14, 15 ], "texture": "#locker" },
        "east":  { "uv": [ 2, 8, 2.5, 15 ], "texture": "#locker" }
    }
},
{
    "from": [ 2, 2, 12 ],
    "to": [ 11, 7.5, 13 ],
    "faces": {
        "down":  { "uv": [ 9.5, 14, 3, 13 ], "texture": "#glass" },
        "up":    { "uv": [ 2.5, 12, 9, 13 ], "texture": "#glass" },
        "north": { "uv": [ 1, 1, 15, 10.5 ], "texture": "#glass" },
        "south": { "uv": [ 1, 1, 15, 9 ], "texture": "#glass" },
        "west":  { "uv": [ 9, 9, 10, 13 ], "texture": "#glass" },
        "east":  { "uv": [ 3, 8, 4, 14 ], "texture": "#glass" }
    }
},
{
    "from": [ 13.5, 6.5, 13.0625 ],
    "to": [ 15.5, 7.5, 13.125 ],
    "faces": {
        "north": { "uv": [ 0.5, 8.5, 2.5, 9.5 ], "texture": "#wool_colored_blue" },
        "south": { "uv": [ 13.5, 8.5, 15.5, 9.5 ], "texture": "#wool_colored_blue" }
    }
},
{
    "from": [ 13.5, 5.5, 13.0625 ],
    "to": [ 14, 6, 13.125 ],
    "faces": {
        "north": { "uv": [ 2, 10, 2.5, 10.5 ], "texture": "#wool_colored_blue" },
        "south": { "uv": [ 13.5, 10, 14, 10.5 ], "texture": "#wool_colored_blue" }
    }
},
{
    "from": [ 14.5, 5.5, 13.0625 ],
    "to": [ 15, 6, 13.125 ],
    "faces": {
        "north": { "uv": [ 1, 10, 1.5, 10.5 ], "texture": "#wool_colored_blue" },
        "south": { "uv": [ 14.5, 10, 15, 10.5 ], "texture": "#wool_colored_blue" }
    }
},
{
    "from": [ 13.5, 4.5, 13.0625 ],
    "to": [ 14, 5, 13.125 ],
    "faces": {
        "north": { "uv": [ 2, 11, 2.5, 11.5 ], "texture": "#wool_colored_blue" },
        "south": { "uv": [ 13.5, 11, 14, 11.5 ], "texture": "#wool_colored_blue" }
    }
},
{
    "from": [ 14.5, 4.5, 13.0625 ],
    "to": [ 15, 5, 13.125 ],
    "faces": {
        "north": { "uv": [ 1, 11, 1.5, 11.5 ], "texture": "#wool_colored_blue" },
        "south": { "uv": [ 14.5, 11, 15, 11.5 ], "texture": "#wool_colored_blue" }
    }
},
{
    "from": [ 14.5, 3.5, 13.0625 ],
    "to": [ 15, 4, 13.125 ],
    "faces": {
        "north": { "uv": [ 1, 12, 1.5, 12.5 ], "texture": "#wool_colored_blue" },
        "south": { "uv": [ 14.5, 12, 15, 12.5 ], "texture": "#wool_colored_blue" }
    }
},
{
    "from": [ 13.5, 3.5, 13.0625 ],
    "to": [ 14, 4, 13.125 ],
    "faces": {
        "north": { "uv": [ 2, 12, 2.5, 12.5 ], "texture": "#wool_colored_blue" },
        "south": { "uv": [ 13.5, 12, 14, 12.5 ], "texture": "#wool_colored_blue" }
    }
},
{
    "from": [ 13.5, 2.5, 13.0625 ],
    "to": [ 14, 3, 13.125 ],
    "faces": {
        "north": { "uv": [ 2, 13, 2.5, 13.5 ], "texture": "#wool_colored_blue" },
        "south": { "uv": [ 13.5, 13, 14, 13.5 ], "texture": "#wool_colored_blue" }
    }
},
{
    "from": [ 14.5, 2.5, 13.0625 ],
    "to": [ 15, 3, 13.125 ],
    "faces": {
        "north": { "uv": [ 1, 13, 1.5, 13.5 ], "texture": "#wool_colored_blue" },
        "south": { "uv": [ 14.5, 13, 15, 13.5 ], "texture": "#wool_colored_blue" }
    }
},
{
    "from": [ 13.5, 1.5, 13.0625 ],
    "to": [ 14, 2, 13.125 ],
    "faces": {
        "north": { "uv": [ 2, 14, 2.5, 14.5 ], "texture": "#wool_colored_blue" },
        "south": { "uv": [ 13.5, 14, 14, 14.5 ], "texture": "#wool_colored_blue" }
    }
},
{
    "from": [ 14.5, 1.5, 13.0625 ],
    "to": [ 15, 2, 13.125 ],
    "faces": {
        "north": { "uv": [ 1, 14, 1.5, 14.5 ], "texture": "#wool_colored_blue" },
        "south": { "uv": [ 14.5, 14, 15, 14.5 ], "texture": "#wool_colored_blue" }
    }
}
],
"display": {
    "thirdperson_righthand": {
        "rotation": [ 24, -43, -14 ],
        "translation": [ 0, 0, 0 ],
        "scale": [ 0.5, 0.5, 0.5 ]
    },
    "thirdperson_lefthand": {
        "rotation": [ 24, -43, -14 ],
        "translation": [ -3.21, 0, -2.08 ],
        "scale": [ 0.5, 0.5, 0.5 ]
    },
    "head": {
        "rotation": [ 0, 180, 0 ],
        "translation": [ 0, -30.5, 0 ],
        "scale": [ 1.6, 1.6, 1.6 ]
    },
    "ground": {
        "rotation": [ 0, 0, 0 ],
        "translation": [ 0, 2, 0 ],
        "scale": [ 0.5, 0.5, 0.5 ]
    },
    "fixed": {
        "rotation": [ 0, 180, 0 ],
        "translation": [ 0, 0, -3.4 ],
        "scale": [ 0.5, 0.5, 0.5 ]
    },
    "firstperson_righthand": {
        "rotation": [ 0, -64, 0 ],
        "translation": [ 0, 0, 0 ],
        "scale": [ 0.5, 0.5, 0.5 ]
    },
    "firstperson_lefthand": {
        "rotation": [ 0, -64, 0 ],
        "translation": [ -1.7, 0, -1.89 ],
        "scale": [ 0.5, 0.5, 0.5 ]
    },
    "gui": {
        "rotation": [ 35, 35, 0 ],
        "translation": [ 0, 0, 0 ],
        "scale": [ 0.62, 0.62, 0.62 ]
    }
}
}