{
"__comment": "Designed by Jugbot",
"textures": {
    "texture": "blocks/hardened_clay",
    "dirt_podzol_top": "blocks/dirt_podzol_top",
    "sapling_jungle": "blocks/sapling_jungle"
},
"elements": [ 
{
    "from": [ 3.5, 8, 3.5 ],
    "to": [ 4.5, 10, 12.5 ],
    "faces": {
        "down":  { "uv": [ 13, 12, 12, 3 ], "texture": "#texture" },
        "up":    { "uv": [ 3, 3, 4, 12 ], "texture": "#texture" },
        "north": { "uv": [ 12, 6, 13, 8 ], "texture": "#texture" },
        "south": { "uv": [ 3, 6, 4, 8 ], "texture": "#texture" },
        "west":  { "uv": [ 3, 6, 12, 8 ], "texture": "#texture" },
        "east":  { "uv": [ 4, 6, 13, 8 ], "texture": "#texture" }
    }
},
{
    "from": [ 4.5, 8, 3.5 ],
    "to": [ 11.5, 10, 4.5 ],
    "faces": {
        "down":  { "uv": [ 12, 4, 5, 3 ], "texture": "#texture" },
        "up":    { "uv": [ 4, 3, 11, 4 ], "texture": "#texture" },
        "north": { "uv": [ 5, 6, 12, 8 ], "texture": "#texture" },
        "south": { "uv": [ 4, 6, 11, 8 ], "texture": "#texture" },
        "west":  { "uv": [ 3, 6, 4, 8 ], "texture": "#texture" },
        "east":  { "uv": [ 12, 6, 13, 8 ], "texture": "#texture" }
    }
},
{
    "from": [ 11.5, 8, 3.5 ],
    "to": [ 12.5, 10, 12.5 ],
    "faces": {
        "down":  { "uv": [ 5, 12, 4, 3 ], "texture": "#texture" },
        "up":    { "uv": [ 11, 3, 12, 12 ], "texture": "#texture" },
        "north": { "uv": [ 4, 6, 5, 8 ], "texture": "#texture" },
        "south": { "uv": [ 11, 6, 12, 8 ], "texture": "#texture" },
        "west":  { "uv": [ 3, 6, 12, 8 ], "texture": "#texture" },
        "east":  { "uv": [ 4, 6, 13, 8 ], "texture": "#texture" }
    }
},
{
    "from": [ 4.5, 8, 11.5 ],
    "to": [ 11.5, 10, 12.5 ],
    "faces": {
        "down":  { "uv": [ 12, 12, 5, 11 ], "texture": "#texture" },
        "up":    { "uv": [ 4, 11, 11, 12 ], "texture": "#texture" },
        "north": { "uv": [ 5, 6, 12, 8 ], "texture": "#texture" },
        "south": { "uv": [ 4, 6, 11, 8 ], "texture": "#texture" },
        "west":  { "uv": [ 11, 6, 12, 8 ], "texture": "#texture" },
        "east":  { "uv": [ 4, 6, 5, 8 ], "texture": "#texture" }
    }
},
{
    "from": [ 4, 0, 4 ],
    "to": [ 12, 9, 12 ],
    "faces": {
        "down":  { "uv": [ 12, 12, 4, 4 ], "texture": "#texture" },
        "up":    { "uv": [ 4, 4, 12, 12 ], "texture": "#dirt_podzol_top" },
        "north": { "uv": [ 4, 7, 12, 16 ], "texture": "#texture" },
        "south": { "uv": [ 4, 7, 12, 16 ], "texture": "#texture" },
        "west":  { "uv": [ 4, 7, 12, 16 ], "texture": "#texture" },
        "east":  { "uv": [ 4, 7, 12, 16 ], "texture": "#texture" }
    }
},
{
    "__comment": "TallFernTop*",
    "from": [ 2.3125, 16, 2.25 ],
    "to": [ 2.375, 30, 18.25 ],
    "rotation": { "origin": [ 2.3125, 16, 2.25 ], "axis": "y", "angle": 45 },
    "faces": {
        "west":  { "uv": [ 0, 0, 16, 14 ], "texture": "#sapling_jungle" },
        "east":  { "uv": [ 16, 0, 0, 14 ], "texture": "#sapling_jungle" }
    }
},
{
    "__comment": "TallFernBottom*",
    "from": [ 2.3125, 9, 2.3125 ],
    "to": [ 2.375, 16, 18.3125 ],
    "rotation": { "origin": [ 2.3125, 9, 2.3125 ], "axis": "y", "angle": 45 },
    "faces": {
        "west":  { "uv": [ 0, 0, 16, 7 ], "texture": "#sapling_jungle" },
        "east":  { "uv": [ 16, 0, 0, 7 ], "texture": "#sapling_jungle" }
    }
},
{
    "__comment": "TallFernTop*",
    "from": [ 13.6875, 16, 2.3125 ],
    "to": [ 13.75, 27, 18.3125 ],
    "rotation": { "origin": [ 13.6875, 16, 2.3125 ], "axis": "y", "angle": -45 },
    "faces": {
        "west":  { "uv": [ 0, 0, 16, 11 ], "texture": "#sapling_jungle" },
        "east":  { "uv": [ 16, 0, 0, 11 ], "texture": "#sapling_jungle" }
    }
},
{
    "__comment": "TallFernBottom*",
    "from": [ 13.6875, 9, 2.3125 ],
    "to": [ 13.75, 16, 18.3125 ],
    "rotation": { "origin": [ 13.6875, 9, 2.3125 ], "axis": "y", "angle": -45 },
    "faces": {
        "west":  { "uv": [ 0, 9, 16, 16 ], "texture": "#sapling_jungle" },
        "east":  { "uv": [ 16, 9, 0, 16 ], "texture": "#sapling_jungle" }
    }
},
{
    "from": [ 8, 9, 0 ],
    "to": [ 8.0625, 19, 16 ],
    "faces": {
        "west":  { "uv": [ 16, 0, 0, 10 ], "texture": "#sapling_jungle" },
        "east":  { "uv": [ 0, 0, 16, 10 ], "texture": "#sapling_jungle" }
    }
},
{
    "from": [ 0, 9, 8 ],
    "to": [ 16, 22, 8.0625 ],
    "faces": {
        "north": { "uv": [ 16, 0, 0, 13 ], "texture": "#sapling_jungle" },
        "south": { "uv": [ 0, 0, 16, 13 ], "texture": "#sapling_jungle" }
    }
}
],
"display": {
    "thirdperson_righthand": {
        "rotation": [ 0, -43, 0 ],
        "translation": [ 0, 3.97, 0 ],
        "scale": [ 0.5, 0.5, 0.5 ]
    },
    "thirdperson_lefthand": {
        "rotation": [ 0, -43, 0 ],
        "translation": [ 0, 3.97, 0 ],
        "scale": [ 0.5, 0.5, 0.5 ]
    },
    "head": {
        "rotation": [ 0, 180, 0 ],
        "translation": [ 0, -30.5, 0 ],
        "scale": [ 1.6, 1.6, 1.6 ]
    },
    "ground": {
        "rotation": [ 0, 0, 0 ],
        "translation": [ 0, 2, 0 ],
        "scale": [ 0.5, 0.5, 0.5 ]
    },
    "fixed": {
        "rotation": [ 0, 180, 0 ],
        "translation": [ 0, 0, -3.4 ],
        "scale": [ 0.5, 0.5, 0.5 ]
    },
    "firstperson_righthand": {
        "rotation": [ 0, -64, 0 ],
        "translation": [ 0, 3.4, 0 ],
        "scale": [ 0.5, 0.5, 0.5 ]
    },
    "firstperson_lefthand": {
        "rotation": [ 0, -64, 0 ],
        "translation": [ 0, 3.4, 0 ],
        "scale": [ 0.5, 0.5, 0.5 ]
    },
    "gui": {
        "rotation": [ 35, 35, 0 ],
        "translation": [ 0, 0, 0 ],
        "scale": [ 0.62, 0.62, 0.62 ]
    }
}
}