{
"__comment": "Designed by Monsterfish",
"textures": {
    "texture": "blocks/planks_oak",
    "obsidian": "blocks/obsidian",
    "iron_block": "blocks/iron_block",
    "planks_birch": "blocks/planks_birch"
},
"elements": [ 
{
    "from": [ 0.5, 2, 0 ],
    "to": [ 15.5, 16, 15.5 ],
    "faces": {
        "down":  { "uv": [ 0.5, 0, 15.5, 15.5 ], "texture": "#planks_birch" },
        "up":    { "uv": [ 0.5, 0, 15.5, 15.5 ], "texture": "#planks_birch" },
        "north": { "uv": [ 0.5, 0, 15.5, 14 ], "texture": "#planks_birch" },
        "south": { "uv": [ 0.5, 0, 15.5, 14 ], "texture": "#planks_birch" },
        "west":  { "uv": [ 0, 0, 15.5, 14 ], "texture": "#planks_birch" },
        "east":  { "uv": [ 0, 0, 15.5, 14 ], "texture": "#planks_birch" }
    }
},
{
    "from": [ 15, 0, 15 ],
    "to": [ 16, 16, 16 ],
    "faces": {
        "down":  { "uv": [ 13.5, 15, 14.5, 16 ], "texture": "#texture" },
        "up":    { "uv": [ 13.5, 15, 14.5, 16 ], "texture": "#texture" },
        "north": { "uv": [ 13.5, 0, 14.5, 16 ], "texture": "#texture" },
        "south": { "uv": [ 13.5, 0, 14.5, 16 ], "texture": "#texture" },
        "west":  { "uv": [ 15, 0, 16, 16 ], "texture": "#texture" },
        "east":  { "uv": [ 15, 0, 16, 16 ], "texture": "#texture" }
    }
},
{
    "from": [ 0, 0, 15 ],
    "to": [ 1, 16, 16 ],
    "faces": {
        "down":  { "uv": [ -14.5, 15, -13.5, 16 ], "texture": "#texture" },
        "up":    { "uv": [ 0, 15, 1, 16 ], "texture": "#texture" },
        "north": { "uv": [ 0, 0, 1, 16 ], "texture": "#texture" },
        "south": { "uv": [ 0, 0, 1, 16 ], "texture": "#texture" },
        "west":  { "uv": [ 15, 0, 16, 16 ], "texture": "#texture" },
        "east":  { "uv": [ 15, 0, 16, 16 ], "texture": "#texture" }
    }
},
{
    "from": [ 0, 0, -0.5 ],
    "to": [ 1, 16, 0.5 ],
    "faces": {
        "down":  { "uv": [ -14.5, -0.5, -13.5, 0.5 ], "texture": "#texture" },
        "up":    { "uv": [ 0, 0, 1, 1 ], "texture": "#texture" },
        "north": { "uv": [ 0, 0, 1, 16 ], "texture": "#texture" },
        "south": { "uv": [ 0, 0, 1, 16 ], "texture": "#texture" },
        "west":  { "uv": [ 0, 0, 1, 16 ], "texture": "#texture" },
        "east":  { "uv": [ 0, 0, 1, 16 ], "texture": "#texture" }
    }
},
{
    "from": [ 15, 0, -0.5 ],
    "to": [ 16, 16, 0.5 ],
    "faces": {
        "down":  { "uv": [ 13.5, -0.5, 14.5, 0.5 ], "texture": "#texture" },
        "up":    { "uv": [ 13.5, 0, 14.5, 1 ], "texture": "#texture" },
        "north": { "uv": [ 13.5, 0, 14.5, 16 ], "texture": "#texture" },
        "south": { "uv": [ 13.5, 0, 14.5, 16 ], "texture": "#texture" },
        "west":  { "uv": [ 0, 0, 1, 16 ], "texture": "#texture" },
        "east":  { "uv": [ 0, 0, 1, 16 ], "texture": "#texture" }
    }
},
{
    "from": [ 1, 2, 15 ],
    "to": [ 15, 3, 16 ],
    "faces": {
        "down":  { "uv": [ 0, 15, 13.5, 16 ], "texture": "#texture" },
        "up":    { "uv": [ 0, 15, 13.5, 16 ], "texture": "#texture" },
        "north": { "uv": [ 0, 13, 13.5, 14 ], "texture": "#texture" },
        "south": { "uv": [ 0, 13, 13.5, 14 ], "texture": "#texture" },
        "west":  { "uv": [ 15, 13, 16, 14 ], "texture": "#texture" },
        "east":  { "uv": [ 15, 13, 16, 14 ], "texture": "#texture" }
    }
},
{
    "from": [ 1, 2, -0.5 ],
    "to": [ 15, 3, 0.5 ],
    "faces": {
        "down":  { "uv": [ 0, 0, 13.5, 1 ], "texture": "#texture" },
        "up":    { "uv": [ 0, 0, 13.5, 1 ], "texture": "#texture" },
        "north": { "uv": [ 0, 13, 13.5, 14 ], "texture": "#texture" },
        "south": { "uv": [ 0, 13, 13.5, 14 ], "texture": "#texture" },
        "west":  { "uv": [ 0, 13, 1, 14 ], "texture": "#texture" },
        "east":  { "uv": [ 0, 13, 1, 14 ], "texture": "#texture" }
    }
},
{
    "from": [ 15.5, 2, 0.5 ],
    "to": [ 16, 3, 15 ],
    "faces": {
        "down":  { "uv": [ 14, 0.5, 14.5, 15 ], "texture": "#texture" },
        "up":    { "uv": [ 14, 0.5, 14.5, 15 ], "texture": "#texture" },
        "north": { "uv": [ 14, 13, 14.5, 14 ], "texture": "#texture" },
        "south": { "uv": [ 14, 13, 14.5, 14 ], "texture": "#texture" },
        "west":  { "uv": [ 0.5, 13, 15, 14 ], "texture": "#texture" },
        "east":  { "uv": [ 0.5, 13, 15, 14 ], "texture": "#texture" }
    }
},
{
    "from": [ 0.5, 2, 0.5 ],
    "to": [ 1, 3, 15 ],
    "faces": {
        "down":  { "uv": [ 14, 0.5, 14.5, 15 ], "texture": "#texture" },
        "up":    { "uv": [ 14, 0.5, 14.5, 15 ], "texture": "#texture" },
        "north": { "uv": [ 14, 13, 14.5, 14 ], "texture": "#texture" },
        "south": { "uv": [ 14, 13, 14.5, 14 ], "texture": "#texture" },
        "west":  { "uv": [ 0.5, 13, 15, 14 ], "texture": "#texture" },
        "east":  { "uv": [ 0.5, 13, 15, 14 ], "texture": "#texture" }
    }
},
{
    "from": [ 1, 3, 15 ],
    "to": [ 15, 4, 16 ],
    "faces": {
        "down":  { "uv": [ 5, 15, 13.5, 16 ], "texture": "#texture" },
        "up":    { "uv": [ 5, 15, 13.5, 16 ], "texture": "#texture" },
        "north": { "uv": [ 5, 8, 13.5, 9 ], "texture": "#texture" },
        "south": { "uv": [ 5, 8, 13.5, 9 ], "texture": "#texture" },
        "west":  { "uv": [ 15, 8, 16, 9 ], "texture": "#texture" },
        "east":  { "uv": [ 15, 8, 16, 9 ], "texture": "#texture" }
    }
},
{
    "from": [ 15.5, 7, 0.5 ],
    "to": [ 16, 8, 15 ],
    "faces": {
        "down":  { "uv": [ 5, 15, 13.5, 16 ], "texture": "#texture" },
        "up":    { "uv": [ 5, 15, 13.5, 16 ], "texture": "#texture" },
        "north": { "uv": [ 5, 8, 13.5, 9 ], "texture": "#texture" },
        "south": { "uv": [ 5, 8, 13.5, 9 ], "texture": "#texture" },
        "west":  { "uv": [ 15, 8, 16, 9 ], "texture": "#texture" },
        "east":  { "uv": [ 15, 8, 16, 9 ], "texture": "#texture" }
    }
},
{
    "from": [ 0, 7, 0.5 ],
    "to": [ 0.5, 8, 15 ],
    "faces": {
        "down":  { "uv": [ 5, 15, 13.5, 16 ], "texture": "#texture" },
        "up":    { "uv": [ 5, 15, 13.5, 16 ], "texture": "#texture" },
        "north": { "uv": [ 5, 8, 13.5, 9 ], "texture": "#texture" },
        "south": { "uv": [ 5, 8, 13.5, 9 ], "texture": "#texture" },
        "west":  { "uv": [ 15, 8, 16, 9 ], "texture": "#texture" },
        "east":  { "uv": [ 15, 8, 16, 9 ], "texture": "#texture" }
    }
},
{
    "from": [ 8.5, 4, 14.6875 ],
    "to": [ 9.5, 13.5, 15.6875 ],
    "faces": {
        "down":  { "uv": [ 8.5, 14.6875, 9.5, 15.6875 ], "texture": "#texture" },
        "up":    { "uv": [ 8.5, 14.6875, 9.5, 15.6875 ], "texture": "#texture" },
        "north": { "uv": [ 8.5, 2.5, 9.5, 12 ], "texture": "#texture" },
        "south": { "uv": [ 8.5, 2.5, 9.5, 12 ], "texture": "#texture" },
        "west":  { "uv": [ 14.6875, 2.5, 15.6875, 12 ], "texture": "#texture" },
        "east":  { "uv": [ 14.6875, 2.5, 15.6875, 12 ], "texture": "#texture" }
    }
},
{
    "from": [ 1, 15, 15 ],
    "to": [ 15, 16, 16 ],
    "faces": {
        "down":  { "uv": [ 1, 15, 15, 16 ], "texture": "#texture" },
        "up":    { "uv": [ 1, 15, 15, 16 ], "texture": "#texture" },
        "north": { "uv": [ 1, 0, 15, 1 ], "texture": "#texture" },
        "south": { "uv": [ 1, 0, 15, 1 ], "texture": "#texture" },
        "west":  { "uv": [ 15, 0, 16, 1 ], "texture": "#texture" },
        "east":  { "uv": [ 15, 0, 16, 1 ], "texture": "#texture" }
    }
},
{
    "from": [ 0, 15, 0.5 ],
    "to": [ 0.5, 16, 15 ],
    "faces": {
        "down":  { "uv": [ 0, 0.5, 0.5, 15 ], "texture": "#texture" },
        "up":    { "uv": [ 0, 0.5, 0.5, 15 ], "texture": "#texture" },
        "north": { "uv": [ 0, 0, 0.5, 1 ], "texture": "#texture" },
        "south": { "uv": [ 0, 0, 0.5, 1 ], "texture": "#texture" },
        "west":  { "uv": [ 0.5, 0, 15, 1 ], "texture": "#texture" },
        "east":  { "uv": [ 0.5, 0, 15, 1 ], "texture": "#texture" }
    }
},
{
    "from": [ 15.5, 15, 0.5 ],
    "to": [ 16, 16, 15 ],
    "faces": {
        "down":  { "uv": [ 15.5, 0.5, 16, 15 ], "texture": "#texture" },
        "up":    { "uv": [ 15.5, 0.5, 16, 15 ], "texture": "#texture" },
        "north": { "uv": [ 15.5, 0, 16, 1 ], "texture": "#texture" },
        "south": { "uv": [ 15.5, 0, 16, 1 ], "texture": "#texture" },
        "west":  { "uv": [ 0.5, 0, 15, 1 ], "texture": "#texture" },
        "east":  { "uv": [ 0.5, 0, 15, 1 ], "texture": "#texture" }
    }
},
{
    "from": [ 1, 15, -0.5 ],
    "to": [ 15, 16, 0 ],
    "faces": {
        "down":  { "uv": [ 1, -0.5, 15, 0 ], "texture": "#texture" },
        "up":    { "uv": [ 1, 0, 15, 0.5 ], "texture": "#texture" },
        "north": { "uv": [ 1, 0, 15, 1 ], "texture": "#texture" },
        "south": { "uv": [ 1, 0, 15, 1 ], "texture": "#texture" },
        "west":  { "uv": [ 0, 0, 0.5, 1 ], "texture": "#texture" },
        "east":  { "uv": [ 0, 0, 0.5, 1 ], "texture": "#texture" }
    }
},
{
    "from": [ 6.5, 8.5, 15 ],
    "to": [ 7.5, 9.5, 16 ],
    "rotation": { "origin": [ 6.5, 9.5, 15 ], "axis": "z", "angle": 45 },
    "faces": {
        "down":  { "uv": [ 6.5, 15, 7.5, 16 ], "texture": "#obsidian" },
        "up":    { "uv": [ 6.5, 15, 7.5, 16 ], "texture": "#obsidian" },
        "north": { "uv": [ 6.5, 6.5, 7.5, 7.5 ], "texture": "#obsidian" },
        "south": { "uv": [ 6.5, 6.5, 7.5, 7.5 ], "texture": "#obsidian" },
        "west":  { "uv": [ 15, 6.5, 16, 7.5 ], "texture": "#obsidian" },
        "east":  { "uv": [ 15, 6.5, 16, 7.5 ], "texture": "#obsidian" }
    }
},
{
    "from": [ 8.5, 8.5, 15 ],
    "to": [ 9.5, 9.5, 16 ],
    "rotation": { "origin": [ 8.5, 9.5, 15 ], "axis": "z", "angle": 45 },
    "faces": {
        "down":  { "uv": [ 8.5, 15, 9.5, 16 ], "texture": "#obsidian" },
        "up":    { "uv": [ 8.5, 15, 9.5, 16 ], "texture": "#obsidian" },
        "north": { "uv": [ 8.5, 6.5, 9.5, 7.5 ], "texture": "#obsidian" },
        "south": { "uv": [ 8.5, 6.5, 9.5, 7.5 ], "texture": "#obsidian" },
        "west":  { "uv": [ 15, 6.5, 16, 7.5 ], "texture": "#obsidian" },
        "east":  { "uv": [ 15, 6.5, 16, 7.5 ], "texture": "#obsidian" }
    }
},
{
    "from": [ 1, 13.5, 15 ],
    "to": [ 15, 14.5, 16 ],
    "faces": {
        "down":  { "uv": [ 5, 15, 13.5, 16 ], "texture": "#texture" },
        "up":    { "uv": [ 5, 15, 13.5, 16 ], "texture": "#texture" },
        "north": { "uv": [ 5, 8, 13.5, 9 ], "texture": "#texture" },
        "south": { "uv": [ 5, 8, 13.5, 9 ], "texture": "#texture" },
        "west":  { "uv": [ 15, 8, 16, 9 ], "texture": "#texture" },
        "east":  { "uv": [ 15, 8, 16, 9 ], "texture": "#texture" }
    }
},
{
    "from": [ 6.875, 4, 14.6875 ],
    "to": [ 7.875, 13.5, 15.6875 ],
    "faces": {
        "down":  { "uv": [ 6.875, 14.6875, 7.875, 15.6875 ], "texture": "#texture" },
        "up":    { "uv": [ 6.875, 14.6875, 7.875, 15.6875 ], "texture": "#texture" },
        "north": { "uv": [ 6.875, 2.5, 7.875, 12 ], "texture": "#texture" },
        "south": { "uv": [ 6.875, 2.5, 7.875, 12 ], "texture": "#texture" },
        "west":  { "uv": [ 14.6875, 2.5, 15.6875, 12 ], "texture": "#texture" },
        "east":  { "uv": [ 14.6875, 2.5, 15.6875, 12 ], "texture": "#texture" }
    }
}
],
"display": {
    "thirdperson_righthand": {
        "rotation": [ 0, -43, 0 ],
        "translation": [ 0, 0, 0 ],
        "scale": [ 0.5, 0.5, 0.5 ]
    },
    "thirdperson_lefthand": {
        "rotation": [ 0, -43, 0 ],
        "translation": [ 0, 0, 0 ],
        "scale": [ 0.5, 0.5, 0.5 ]
    },
    "head": {
        "rotation": [ 0, 180, 0 ],
        "translation": [ 0, -30.5, 0 ],
        "scale": [ 1.6, 1.6, 1.6 ]
    },
    "ground": {
        "rotation": [ 0, 0, 0 ],
        "translation": [ 0, 2, 0 ],
        "scale": [ 0.5, 0.5, 0.5 ]
    },
    "fixed": {
        "rotation": [ 0, 180, 0 ],
        "translation": [ 0, 0, -3.4 ],
        "scale": [ 0.5, 0.5, 0.5 ]
    },
    "firstperson_righthand": {
        "rotation": [ 0, -64, 0 ],
        "translation": [ 0, 2.08, 0 ],
        "scale": [ 0.5, 0.5, 0.5 ]
    },
    "firstperson_lefthand": {
        "rotation": [ 0, -64, 0 ],
        "translation": [ 0, 2.08, 0 ],
        "scale": [ 0.5, 0.5, 0.5 ]
    },
    "gui": {
        "rotation": [ 35, 35, 0 ],
        "translation": [ 0, 0, 0 ],
        "scale": [ 0.62, 0.62, 0.62 ]
    }
}
}