{
"__comment": "Designed by Monsterfish",
"textures": {
    "particle": "blocks/planks_oak",
    "texture": "blocks/planks_oak"
},
"elements": [ 
{
    "from": [ 11.5, 8.5, 6 ],
    "to": [ 15.5, 24, 10 ],
    "faces": {
        "up":    { "uv": [ 12, 6, 16, 10 ], "texture": "#texture", "cullface": "up" },
        "north": { "uv": [ 12, 0, 16, 16 ], "texture": "#texture", "cullface": "up" },
        "south": { "uv": [ 12, 0, 16, 16 ], "texture": "#texture", "cullface": "up" },
        "west":  { "uv": [ 6, 0, 10, 16 ], "texture": "#texture", "cullface": "up" },
        "east":  { "uv": [ 6, 0, 10, 16 ], "texture": "#texture", "cullface": "up" }
    }
},
{
    "from": [ 0, 21, 7 ],
    "to": [ 12, 22, 9 ],
    "faces": {
        "down":  { "uv": [ 0, 7, 12, 9 ], "texture": "#texture", "cullface": "up" },
        "up":    { "uv": [ 0, 7, 12, 9 ], "texture": "#texture", "cullface": "up" },
        "north": { "uv": [ 0, 2, 12, 3 ], "texture": "#texture", "cullface": "up" },
        "south": { "uv": [ 0, 2, 12, 3 ], "texture": "#texture", "cullface": "up" }
    }
},
{
    "from": [ 0, 18, 7 ],
    "to": [ 12, 19, 9 ],
    "faces": {
        "down":  { "uv": [ 0, 7, 12, 9 ], "texture": "#texture", "cullface": "up" },
        "up":    { "uv": [ 0, 7, 12, 9 ], "texture": "#texture", "cullface": "up" },
        "north": { "uv": [ 0, 5, 12, 6 ], "texture": "#texture", "cullface": "up" },
        "south": { "uv": [ 0, 5, 12, 6 ], "texture": "#texture", "cullface": "up" }
    }
},
{
    "from": [ 0, 2, 7 ],
    "to": [ 12, 3, 9 ],
    "faces": {
        "down":  { "uv": [ 0, 7, 12, 9 ], "texture": "#texture" },
        "up":    { "uv": [ 0, 7, 12, 9 ], "texture": "#texture" },
        "north": { "uv": [ 0, 13, 12, 14 ], "texture": "#texture" },
        "south": { "uv": [ 0, 13, 12, 14 ], "texture": "#texture" }
    }
},
{
    "from": [ 9.5, 3, 7.1875 ],
    "to": [ 10.5, 21, 8.6875 ],
    "faces": {
        "north": { "uv": [ 9.5, 0, 10.5, 16 ], "texture": "#texture", "cullface": "up" },
        "south": { "uv": [ 9.5, 0, 10.5, 16 ], "texture": "#texture", "cullface": "up" },
        "west":  { "uv": [ 7.1875, 0, 8.6875, 16 ], "texture": "#texture", "cullface": "up" },
        "east":  { "uv": [ 7.1875, 0, 8.6875, 16 ], "texture": "#texture", "cullface": "up" }
    }
},
{
    "from": [ 0, 7, 7.3125 ],
    "to": [ 0.5, 21, 8.8125 ],
    "faces": {
        "north": { "uv": [ 0, 0, 0.5, 14 ], "texture": "#texture", "cullface": "up" },
        "south": { "uv": [ 0, 0, 0.5, 14 ], "texture": "#texture", "cullface": "up" },
        "east":  { "uv": [ 7.3125, 0, 8.8125, 14 ], "texture": "#texture", "cullface": "up" }
    }
},
{
    "from": [ 7, 3, 7.25 ],
    "to": [ 8, 18, 8.75 ],
    "faces": {
        "north": { "uv": [ 7, 0, 8, 15 ], "texture": "#texture", "cullface": "up" },
        "south": { "uv": [ 7, 0, 8, 15 ], "texture": "#texture", "cullface": "up" },
        "west":  { "uv": [ 7.25, 0, 8.75, 15 ], "texture": "#texture", "cullface": "up" },
        "east":  { "uv": [ 7.25, 0, 8.75, 15 ], "texture": "#texture", "cullface": "up" }
    }
},
{
    "from": [ 4.5, 3, 7.25 ],
    "to": [ 5.5, 18, 8.75 ],
    "faces": {
        "north": { "uv": [ 4.5, 0, 5.5, 15 ], "texture": "#texture", "cullface": "up" },
        "south": { "uv": [ 4.5, 0, 5.5, 15 ], "texture": "#texture", "cullface": "up" },
        "west":  { "uv": [ 7.25, 0, 8.75, 15 ], "texture": "#texture", "cullface": "up" },
        "east":  { "uv": [ 7.25, 0, 8.75, 15 ], "texture": "#texture", "cullface": "up" }
    }
},
{
    "from": [ 2.0625, 3, 7.3125 ],
    "to": [ 3.0625, 18, 8.8125 ],
    "faces": {
        "north": { "uv": [ 2.0625, 0, 3.0625, 15 ], "texture": "#texture", "cullface": "up" },
        "south": { "uv": [ 2.0625, 0, 3.0625, 15 ], "texture": "#texture", "cullface": "up" },
        "west":  { "uv": [ 7.3125, 0, 8.8125, 15 ], "texture": "#texture", "cullface": "up" },
        "east":  { "uv": [ 7.3125, 0, 8.8125, 15 ], "texture": "#texture", "cullface": "up" }
    }
},
{
    "from": [ 11, 23.5, 5.5 ],
    "to": [ 16, 24, 10.5 ],
    "faces": {
        "down":  { "uv": [ 11, 5.5, 16, 10.5 ], "texture": "#texture", "cullface": "up" },
        "up":    { "uv": [ 11, 5, 16, 10 ], "texture": "#texture", "cullface": "up" },
        "north": { "uv": [ 11, 0, 16, 0.5 ], "texture": "#texture", "cullface": "up" },
        "south": { "uv": [ 11, 0, 16, 0.5 ], "texture": "#texture", "cullface": "up" },
        "west":  { "uv": [ 5.5, 0, 10.5, 0.5 ], "texture": "#texture", "cullface": "up" },
        "east":  { "uv": [ 5.5, 0, 10.5, 0.5 ], "texture": "#texture", "cullface": "up" }
    }
},
{
    "from": [ 11.3125, 23.875, 5.8125 ],
    "to": [ 15.8125, 24.375, 10.3125 ],
    "faces": {
        "down":  { "uv": [ 11.5, 6, 16, 10.5 ], "texture": "#texture", "cullface": "up" },
        "up":    { "uv": [ 11.5, 6, 16, 10.5 ], "texture": "#texture", "cullface": "up" },
        "north": { "uv": [ 11.5, 0, 16, 0.5 ], "texture": "#texture", "cullface": "up" },
        "south": { "uv": [ 11.5, 0, 16, 0.5 ], "texture": "#texture", "cullface": "up" },
        "west":  { "uv": [ 6, 0, 10.5, 0.5 ], "texture": "#texture", "cullface": "up" },
        "east":  { "uv": [ 6, 0, 10.5, 0.5 ], "texture": "#texture", "cullface": "up" }
    }
},
{
    "from": [ 11, 0, 5.5 ],
    "to": [ 16, 1, 10.5 ],
    "faces": {
        "down":  { "uv": [ 11, 6, 16, 10 ], "texture": "#texture", "cullface": "down" },
        "up":    { "uv": [ 11, 6, 16, 10 ], "texture": "#texture" },
        "north": { "uv": [ 11, 15, 16, 16 ], "texture": "#texture" },
        "south": { "uv": [ 11, 15, 16, 16 ], "texture": "#texture" },
        "west":  { "uv": [ 6, 15, 10, 16 ], "texture": "#texture" },
        "east":  { "uv": [ 6, 15, 10, 16 ], "texture": "#texture", "cullface": "east" }
    }
},
{
    "from": [ -15.5, 8.5, 6 ],
    "to": [ -11.5, 24, 10 ],
    "faces": {
        "north": { "uv": [ 0, 0, 4, 16 ], "texture": "#texture", "cullface": "west" },
        "south": { "uv": [ 0, 0, 4, 16 ], "texture": "#texture", "cullface": "west" },
        "west":  { "uv": [ 6, 0, 10, 16 ], "texture": "#texture", "cullface": "west" },
        "east":  { "uv": [ 6, 0, 10, 16 ], "texture": "#texture", "cullface": "west" }
    }
},
{
    "from": [ -12, 21, 7 ],
    "to": [ 0, 22, 9 ],
    "faces": {
        "down":  { "uv": [ 4, 7, 16, 9 ], "texture": "#texture", "cullface": "west" },
        "up":    { "uv": [ 4, 7, 16, 9 ], "texture": "#texture", "cullface": "west" },
        "north": { "uv": [ 4, 2, 16, 3 ], "texture": "#texture", "cullface": "west" },
        "south": { "uv": [ 4, 2, 16, 3 ], "texture": "#texture", "cullface": "west" }
    }
},
{
    "from": [ -12, 18, 7 ],
    "to": [ 0, 19, 9 ],
    "faces": {
        "down":  { "uv": [ 4, 7, 16, 9 ], "texture": "#texture", "cullface": "west" },
        "up":    { "uv": [ 4, 7, 16, 9 ], "texture": "#texture", "cullface": "west" },
        "north": { "uv": [ 4, 5, 16, 6 ], "texture": "#texture", "cullface": "west" },
        "south": { "uv": [ 4, 5, 16, 6 ], "texture": "#texture", "cullface": "west" }
    }
},
{
    "from": [ -12, 2, 7 ],
    "to": [ 0, 3, 9 ],
    "faces": {
        "down":  { "uv": [ 4, 7, 16, 9 ], "texture": "#texture", "cullface": "west" },
        "up":    { "uv": [ 4, 7, 16, 9 ], "texture": "#texture", "cullface": "west" },
        "north": { "uv": [ 4, 13, 16, 14 ], "texture": "#texture", "cullface": "west" },
        "south": { "uv": [ 4, 13, 16, 14 ], "texture": "#texture", "cullface": "west" },
        "west":  { "uv": [ 7, 13, 9, 14 ], "texture": "#texture", "cullface": "west" }
    }
},
{
    "from": [ -10.375, 3, 7.3125 ],
    "to": [ -9.375, 21, 8.8125 ],
    "faces": {
        "north": { "uv": [ 0, 0, 1, 16 ], "texture": "#texture", "cullface": "west" },
        "south": { "uv": [ 0, 0, 1, 16 ], "texture": "#texture", "cullface": "west" },
        "west":  { "uv": [ 7.3125, 0, 8.8125, 16 ], "texture": "#texture", "cullface": "west" },
        "east":  { "uv": [ 7.3125, 0, 8.8125, 16 ], "texture": "#texture", "cullface": "west" }
    }
},
{
    "from": [ -0.5, 7, 7.3125 ],
    "to": [ 0, 21, 8.8125 ],
    "faces": {
        "north": { "uv": [ 0, 0, 0.5, 14 ], "texture": "#texture", "cullface": "west" },
        "south": { "uv": [ 0, 0, 0.5, 14 ], "texture": "#texture", "cullface": "west" },
        "west":  { "uv": [ 7.3125, 0, 8.8125, 14 ], "texture": "#texture", "cullface": "west" }
    }
},
{
    "from": [ -8, 3, 7.3125 ],
    "to": [ -7, 18, 8.8125 ],
    "faces": {
        "north": { "uv": [ 0, 0, 1, 15 ], "texture": "#texture", "cullface": "west" },
        "south": { "uv": [ 0, 0, 1, 15 ], "texture": "#texture", "cullface": "west" },
        "west":  { "uv": [ 7.3125, 0, 8.8125, 15 ], "texture": "#texture", "cullface": "west" },
        "east":  { "uv": [ 7.3125, 0, 8.8125, 15 ], "texture": "#texture", "cullface": "west" }
    }
},
{
    "from": [ -5.5, 3, 7.3125 ],
    "to": [ -4.5, 18, 8.8125 ],
    "faces": {
        "north": { "uv": [ 0, 0, 1, 15 ], "texture": "#texture", "cullface": "west" },
        "south": { "uv": [ 0, 0, 1, 15 ], "texture": "#texture", "cullface": "west" },
        "west":  { "uv": [ 7.3125, 0, 8.8125, 15 ], "texture": "#texture", "cullface": "west" },
        "east":  { "uv": [ 7.3125, 0, 8.8125, 15 ], "texture": "#texture", "cullface": "west" }
    }
},
{
    "from": [ -3.0625, 3, 7.3125 ],
    "to": [ -2.0625, 18, 8.8125 ],
    "faces": {
        "north": { "uv": [ 0, 0, 1, 15 ], "texture": "#texture", "cullface": "west" },
        "south": { "uv": [ 0, 0, 1, 15 ], "texture": "#texture", "cullface": "west" },
        "west":  { "uv": [ 7.3125, 0, 8.8125, 15 ], "texture": "#texture", "cullface": "west" },
        "east":  { "uv": [ 7.3125, 0, 8.8125, 15 ], "texture": "#texture", "cullface": "west" }
    }
},
{
    "from": [ -16, 23.5, 5.5 ],
    "to": [ -11, 24, 10.5 ],
    "faces": {
        "down":  { "uv": [ 11, 5.5, 16, 10.5 ], "texture": "#texture", "cullface": "west" },
        "up":    { "uv": [ 11, 5, 16, 10 ], "texture": "#texture", "cullface": "west" },
        "north": { "uv": [ 11, 0, 16, 0.5 ], "texture": "#texture", "cullface": "west" },
        "south": { "uv": [ 11, 0, 16, 0.5 ], "texture": "#texture", "cullface": "west" },
        "west":  { "uv": [ 5.5, 0, 10.5, 0.5 ], "texture": "#texture", "cullface": "west" },
        "east":  { "uv": [ 5.5, 0, 10.5, 0.5 ], "texture": "#texture", "cullface": "west" }
    }
},
{
    "from": [ -15.75, 23.9375, 5.8125 ],
    "to": [ -11.25, 24.4375, 10.3125 ],
    "faces": {
        "down":  { "uv": [ 11.5, 6, 16, 10.5 ], "texture": "#texture", "cullface": "west" },
        "up":    { "uv": [ 11.5, 6, 16, 10.5 ], "texture": "#texture", "cullface": "west" },
        "north": { "uv": [ 11.5, 0, 16, 0.5 ], "texture": "#texture", "cullface": "west" },
        "south": { "uv": [ 11.5, 0, 16, 0.5 ], "texture": "#texture", "cullface": "west" },
        "west":  { "uv": [ 6, 0, 10.5, 0.5 ], "texture": "#texture", "cullface": "west" },
        "east":  { "uv": [ 6, 0, 10.5, 0.5 ], "texture": "#texture", "cullface": "west" }
    }
},
{
    "from": [ -16, 0, 5.5 ],
    "to": [ -11, 1, 10.5 ],
    "faces": {
        "down":  { "uv": [ 11, 6, 16, 10 ], "texture": "#texture", "cullface": "west" },
        "up":    { "uv": [ 11, 6, 16, 10 ], "texture": "#texture", "cullface": "west" },
        "north": { "uv": [ 11, 15, 16, 16 ], "texture": "#texture", "cullface": "west" },
        "south": { "uv": [ 11, 15, 16, 16 ], "texture": "#texture", "cullface": "west" },
        "west":  { "uv": [ 6, 15, 10, 16 ], "texture": "#texture", "cullface": "west" },
        "east":  { "uv": [ 6, 15, 10, 16 ], "texture": "#texture", "cullface": "west" }
    }
},
{
    "from": [ 11.5, 1, 6 ],
    "to": [ 15.5, 8.5, 10 ],
    "faces": {
        "north": { "uv": [ 11.5, 7.5, 15.5, 15 ], "texture": "#texture" },
        "south": { "uv": [ 11.5, 7.5, 15.5, 15 ], "texture": "#texture" },
        "west":  { "uv": [ 6, 7.5, 10, 15 ], "texture": "#texture" },
        "east":  { "uv": [ 6, 7.5, 10, 15 ], "texture": "#texture" }
    }
},
{
    "from": [ -15.5, 1, 6 ],
    "to": [ -11.5, 8.5, 10 ],
    "faces": {
        "north": { "uv": [ 0, 7.5, 4, 15 ], "texture": "#texture", "cullface": "west" },
        "south": { "uv": [ 0, 7.5, 4, 15 ], "texture": "#texture", "cullface": "west" },
        "west":  { "uv": [ 6, 7.5, 10, 15 ], "texture": "#texture", "cullface": "west" },
        "east":  { "uv": [ 6, 7.5, 10, 15 ], "texture": "#texture", "cullface": "west" }
    }
},
{
    "from": [ -0.5, 3, 7.3125 ],
    "to": [ 0, 7, 8.8125 ],
    "faces": {
        "north": { "uv": [ 0, 9, 0.5, 13 ], "texture": "#texture", "cullface": "west" },
        "south": { "uv": [ 0, 9, 0.5, 13 ], "texture": "#texture", "cullface": "west" },
        "west":  { "uv": [ 7.3125, 9, 8.8125, 13 ], "texture": "#texture", "cullface": "west" }
    }
},
{
    "from": [ 0, 3, 7.3125 ],
    "to": [ 0.5, 7, 8.8125 ],
    "faces": {
        "north": { "uv": [ 0, 9, 0.5, 13 ], "texture": "#texture" },
        "south": { "uv": [ 0, 9, 0.5, 13 ], "texture": "#texture" }
    }
}
],
"display": {
    "thirdperson_righthand": {
        "rotation": [ 0, -43, 0 ],
        "translation": [ -0.38, 0.38, 3.02 ],
        "scale": [ 0.5, 0.5, 0.5 ]
    },
    "thirdperson_lefthand": {
        "rotation": [ 0, -43, 0 ],
        "translation": [ -0.38, 0.38, 3.02 ],
        "scale": [ 0.5, 0.5, 0.5 ]
    },
    "head": {
        "rotation": [ 0, 0, 0 ],
        "translation": [ 0, -32, 0 ],
        "scale": [ 1.5, 1.5, 1.5 ]
    },
    "ground": {
        "rotation": [ 0, 0, 0 ],
        "translation": [ 0, 2, 0 ],
        "scale": [ 0.5, 0.5, 0.5 ]
    },
    "fixed": {
        "rotation": [ 0, 180, 0 ],
        "translation": [ -4.16, -0.76, -0.57 ],
        "scale": [ 0.5, 0.5, 0.5 ]
    },
    "firstperson_righthand": {
        "rotation": [ 0, -90, 25 ],
        "translation": [ 2.46, 3.2, 3.02 ],
        "scale": [ 0.68, 0.68, 0.68 ]
    },
    "firstperson_lefthand": {
        "rotation": [ 0, -90, 25 ],
        "translation": [ 2.46, 3.2, 3.02 ],
        "scale": [ 0.68, 0.68, 0.68 ]
    },
    "gui": {
        "rotation": [ 35, 35, 0 ],
        "translation": [ 1.89, -0.94, 0 ],
        "scale": [ 0.4, 0.4, 0.4 ]
    }
}
}