{
"__comment": "Designed by Oberdiah",
"textures": {
    "texture": "blocks/planks_jungle",
    "glass": "blocks/glass_silver",
    "gray": "blocks/furniture/entertainment"
},
"elements": [ 
{
    "from": [ 12.5, 0, 3 ],
    "to": [ 13, 16, 13 ],
    "faces": {
        "down":  { "uv": [ 3.5, 13, 3, 3 ], "texture": "#texture" },
        "up":    { "uv": [ 12.5, 3, 13, 13 ], "texture": "#texture" },
        "north": { "uv": [ 3, 0, 3.5, 16 ], "texture": "#texture" },
        "south": { "uv": [ 12.5, 0, 13, 16 ], "texture": "#texture" },
        "west":  { "uv": [ 3, 0, 13, 16 ], "texture": "#texture" },
        "east":  { "uv": [ 3, 0, 13, 16 ], "texture": "#texture" }
    }
},
{
    "from": [ 3, 0, 3 ],
    "to": [ 3.5, 16, 13 ],
    "faces": {
        "down":  { "uv": [ 13, 13, 12.5, 3 ], "texture": "#texture" },
        "up":    { "uv": [ 3, 3, 3.5, 13 ], "texture": "#texture" },
        "north": { "uv": [ 12.5, 0, 13, 16 ], "texture": "#texture" },
        "south": { "uv": [ 3, 0, 3.5, 16 ], "texture": "#texture" },
        "west":  { "uv": [ 3, 0, 13, 16 ], "texture": "#texture" },
        "east":  { "uv": [ 3, 0, 13, 16 ], "texture": "#texture" }
    }
},
{
    "from": [ 3.5, 15.5, 3 ],
    "to": [ 12.5, 16, 13 ],
    "faces": {
        "down":  { "uv": [ 12.5, 13, 3.5, 3 ], "texture": "#texture" },
        "up":    { "uv": [ 3.5, 3, 12.5, 13 ], "texture": "#texture" },
        "north": { "uv": [ 3.5, 0, 12.5, 0.5 ], "texture": "#texture" },
        "south": { "uv": [ 3.5, 0, 12.5, 0.5 ], "texture": "#texture" },
        "west":  { "uv": [ 3, 0, 13, 0.5 ], "texture": "#texture" },
        "east":  { "uv": [ 3, 0, 13, 0.5 ], "texture": "#texture" }
    }
},
{
    "from": [ 3.5, 0, 3 ],
    "to": [ 12.5, 0.5, 13 ],
    "faces": {
        "down":  { "uv": [ 12.5, 13, 3.5, 3 ], "texture": "#texture" },
        "up":    { "uv": [ 3.5, 3, 12.5, 13 ], "texture": "#texture" },
        "north": { "uv": [ 3.5, 15.5, 12.5, 16 ], "texture": "#texture" },
        "south": { "uv": [ 3.5, 15.5, 12.5, 16 ], "texture": "#texture" },
        "west":  { "uv": [ 3, 15.5, 13, 16 ], "texture": "#texture" },
        "east":  { "uv": [ 3, 15.5, 13, 16 ], "texture": "#texture" }
    }
},
{
    "from": [ 3.5, 0.5, 3 ],
    "to": [ 12.5, 15.5, 3.5 ],
    "faces": {
        "down":  { "uv": [ 12.5, 3.5, 3.5, 3 ], "texture": "#texture" },
        "up":    { "uv": [ 3.5, 3, 12.5, 3.5 ], "texture": "#texture" },
        "north": { "uv": [ 3.5, 0.5, 12.5, 15.5 ], "texture": "#texture" },
        "south": { "uv": [ 3.5, 0.5, 12.5, 15.5 ], "texture": "#texture" },
        "west":  { "uv": [ 3, 0.5, 3.5, 15.5 ], "texture": "#texture" },
        "east":  { "uv": [ 12.5, 0.5, 13, 15.5 ], "texture": "#texture" }
    }
},
{
    "from": [ 3.5, 10.5, 3.5 ],
    "to": [ 12.5, 11, 12.5 ],
    "faces": {
        "down":  { "uv": [ 12.5, 12.5, 3.5, 3.5 ], "texture": "#texture" },
        "up":    { "uv": [ 3.5, 3.5, 12.5, 12.5 ], "texture": "#texture" },
        "north": { "uv": [ 3.5, 5, 12.5, 5.5 ], "texture": "#texture" },
        "south": { "uv": [ 3.5, 5, 12.5, 5.5 ], "texture": "#texture" },
        "west":  { "uv": [ 3.5, 5, 12.5, 5.5 ], "texture": "#texture" },
        "east":  { "uv": [ 3.5, 5, 12.5, 5.5 ], "texture": "#texture" }
    }
},
{
    "from": [ 3.5, 5.5, 3.5 ],
    "to": [ 12.5, 6, 12.5 ],
    "faces": {
        "down":  { "uv": [ 12.5, 12.5, 3.5, 3.5 ], "texture": "#texture" },
        "up":    { "uv": [ 3.5, 3.5, 12.5, 12.5 ], "texture": "#texture" },
        "north": { "uv": [ 3.5, 10, 12.5, 10.5 ], "texture": "#texture" },
        "south": { "uv": [ 3.5, 10, 12.5, 10.5 ], "texture": "#texture" },
        "west":  { "uv": [ 3.5, 10, 12.5, 10.5 ], "texture": "#texture" },
        "east":  { "uv": [ 3.5, 10, 12.5, 10.5 ], "texture": "#texture" }
    }
},
{
    "from": [ 7.75, -0.0625, 12.5 ],
    "to": [ 8.25, 15.9375, 13 ],
    "faces": {
        "down":  { "uv": [ 8.5, 13, 7.5, 12.5 ], "texture": "#texture" },
        "up":    { "uv": [ 7.5, 12.5, 8.5, 13 ], "texture": "#texture" },
        "north": { "uv": [ 7.5, 0.5, 8.5, 15.5 ], "texture": "#texture" },
        "south": { "uv": [ 7.5, 0.5, 8.5, 15.5 ], "texture": "#texture" },
        "west":  { "uv": [ 12.5, 0.5, 13, 15.5 ], "texture": "#texture" },
        "east":  { "uv": [ 3, 0.5, 3.5, 15.5 ], "texture": "#texture" }
    }
},
{
    "from": [ 3.5, 8, 12.375 ],
    "to": [ 8, 15.5, 12.875 ],
    "faces": {
        "down":  { "uv": [ 3.5, 12.5, 9.5, 13 ], "texture": "#glass" },
        "up":    { "uv": [ 3.5, 12.5, 10, 13 ], "texture": "#glass" },
        "north": { "uv": [ 3.5, 1, 12, 14.5 ], "texture": "#glass" },
        "south": { "uv": [ 3.5, 1, 12.5, 14.5 ], "texture": "#glass" },
        "west":  { "uv": [ 12.5, 1.5, 13, 2.5 ], "texture": "#glass" },
        "east":  { "uv": [ 12.5, 2, 13, 3.5 ], "texture": "#glass" }
    }
},
{
    "from": [ 9, 9.5, 13 ],
    "to": [ 9.5, 10.5, 13.5 ],
    "faces": {
        "down":  { "uv": [ 3.5, 12.5, 9.5, 13 ], "texture": "#gray" },
        "up":    { "uv": [ 3.5, 12.5, 10, 13 ], "texture": "#gray" },
        "north": { "uv": [ 3.5, 1, 12, 14.5 ], "texture": "#gray" },
        "south": { "uv": [ 3.5, 1, 12.5, 14.5 ], "texture": "#gray" },
        "west":  { "uv": [ 12.5, 1.5, 13, 2.5 ], "texture": "#gray" },
        "east":  { "uv": [ 12.5, 2, 13, 3.5 ], "texture": "#gray" }
    }
},
{
    "from": [ 9, 5.5, 13 ],
    "to": [ 9.5, 6.5, 13.5 ],
    "faces": {
        "down":  { "uv": [ 3.5, 12.5, 9.5, 13 ], "texture": "#gray" },
        "up":    { "uv": [ 3.5, 12.5, 10, 13 ], "texture": "#gray" },
        "north": { "uv": [ 3.5, 1, 12, 14.5 ], "texture": "#gray" },
        "south": { "uv": [ 3.5, 1, 12.5, 14.5 ], "texture": "#gray" },
        "west":  { "uv": [ 12.5, 1.5, 13, 2.5 ], "texture": "#gray" },
        "east":  { "uv": [ 12.5, 2, 13, 3.5 ], "texture": "#gray" }
    }
},
{
    "from": [ 9, 5, 13.5 ],
    "to": [ 9.5, 11, 14 ],
    "faces": {
        "down":  { "uv": [ 3.5, 12.5, 9.5, 13 ], "texture": "#gray" },
        "up":    { "uv": [ 3.5, 12.5, 10, 13 ], "texture": "#gray" },
        "north": { "uv": [ 3.5, 1, 12, 14.5 ], "texture": "#gray" },
        "south": { "uv": [ 3.5, 1, 12.5, 14.5 ], "texture": "#gray" },
        "west":  { "uv": [ 12.5, 1.5, 13, 2.5 ], "texture": "#gray" },
        "east":  { "uv": [ 12.5, 2, 13, 3.5 ], "texture": "#gray" }
    }
},
{
    "from": [ 6.5, 5, 13.5 ],
    "to": [ 7, 11, 14 ],
    "faces": {
        "down":  { "uv": [ 3.5, 12.5, 9.5, 13 ], "texture": "#gray" },
        "up":    { "uv": [ 3.5, 12.5, 10, 13 ], "texture": "#gray" },
        "north": { "uv": [ 3.5, 1, 12, 14.5 ], "texture": "#gray" },
        "south": { "uv": [ 3.5, 1, 12.5, 14.5 ], "texture": "#gray" },
        "west":  { "uv": [ 12.5, 1.5, 13, 2.5 ], "texture": "#gray" },
        "east":  { "uv": [ 12.5, 2, 13, 3.5 ], "texture": "#gray" }
    }
},
{
    "from": [ 6.5, 9.5, 13 ],
    "to": [ 7, 10.5, 13.5 ],
    "faces": {
        "down":  { "uv": [ 3.5, 12.5, 9.5, 13 ], "texture": "#gray" },
        "up":    { "uv": [ 3.5, 12.5, 10, 13 ], "texture": "#gray" },
        "north": { "uv": [ 3.5, 1, 12, 14.5 ], "texture": "#gray" },
        "south": { "uv": [ 3.5, 1, 12.5, 14.5 ], "texture": "#gray" },
        "west":  { "uv": [ 12.5, 1.5, 13, 2.5 ], "texture": "#gray" },
        "east":  { "uv": [ 12.5, 2, 13, 3.5 ], "texture": "#gray" }
    }
},
{
    "from": [ 6.5, 5.5, 13 ],
    "to": [ 7, 6.5, 13.5 ],
    "faces": {
        "down":  { "uv": [ 3.5, 12.5, 9.5, 13 ], "texture": "#gray" },
        "up":    { "uv": [ 3.5, 12.5, 10, 13 ], "texture": "#gray" },
        "north": { "uv": [ 3.5, 1, 12, 14.5 ], "texture": "#gray" },
        "south": { "uv": [ 3.5, 1, 12.5, 14.5 ], "texture": "#gray" },
        "west":  { "uv": [ 12.5, 1.5, 13, 2.5 ], "texture": "#gray" },
        "east":  { "uv": [ 12.5, 2, 13, 3.5 ], "texture": "#gray" }
    }
},
{
    "from": [ 3.5, 0.5, 12.375 ],
    "to": [ 8, 8, 12.875 ],
    "faces": {
        "down":  { "uv": [ 3.5, 12.5, 9.5, 13 ], "texture": "#glass" },
        "up":    { "uv": [ 3.5, 12.5, 10, 13 ], "texture": "#glass" },
        "north": { "uv": [ 3.5, 1, 12, 14.5 ], "texture": "#glass" },
        "south": { "uv": [ 3.5, 1, 12.5, 14.5 ], "texture": "#glass" },
        "west":  { "uv": [ 12.5, 1.5, 13, 2.5 ], "texture": "#glass" },
        "east":  { "uv": [ 12.5, 2, 13, 3.5 ], "texture": "#glass" }
    }
},
{
    "from": [ 8, 8, 12.375 ],
    "to": [ 12.5, 15.5, 12.875 ],
    "faces": {
        "down":  { "uv": [ 3.5, 12.5, 9.5, 13 ], "texture": "#glass" },
        "up":    { "uv": [ 3.5, 12.5, 10, 13 ], "texture": "#glass" },
        "north": { "uv": [ 3.5, 1, 12, 14.5 ], "texture": "#glass" },
        "south": { "uv": [ 3.5, 1, 12.5, 14.5 ], "texture": "#glass" },
        "west":  { "uv": [ 12.5, 1.5, 13, 2.5 ], "texture": "#glass" },
        "east":  { "uv": [ 12.5, 2, 13, 3.5 ], "texture": "#glass" }
    }
},
{
    "from": [ 8, 0.5, 12.375 ],
    "to": [ 12.5, 8, 12.875 ],
    "faces": {
        "down":  { "uv": [ 3.5, 12.5, 9.5, 13 ], "texture": "#glass" },
        "up":    { "uv": [ 3.5, 12.5, 10, 13 ], "texture": "#glass" },
        "north": { "uv": [ 3.5, 1, 12, 14.5 ], "texture": "#glass" },
        "south": { "uv": [ 3.5, 1, 12.5, 14.5 ], "texture": "#glass" },
        "west":  { "uv": [ 12.5, 1.5, 13, 2.5 ], "texture": "#glass" },
        "east":  { "uv": [ 12.5, 2, 13, 3.5 ], "texture": "#glass" }
    }
}
],
"display": {
    "thirdperson_righthand": {
        "rotation": [ 24, -43, -14 ],
        "translation": [ 0, 0, 0 ],
        "scale": [ 0.5, 0.5, 0.5 ]
    },
    "thirdperson_lefthand": {
        "rotation": [ 24, -43, -14 ],
        "translation": [ -3.21, 0, -2.08 ],
        "scale": [ 0.5, 0.5, 0.5 ]
    },
    "head": {
        "rotation": [ 0, 180, 0 ],
        "translation": [ 0, -30.5, 0 ],
        "scale": [ 1.6, 1.6, 1.6 ]
    },
    "ground": {
        "rotation": [ 0, 0, 0 ],
        "translation": [ 0, 2, 0 ],
        "scale": [ 0.5, 0.5, 0.5 ]
    },
    "fixed": {
        "rotation": [ 0, 180, 0 ],
        "translation": [ 0, 0, -3.4 ],
        "scale": [ 0.5, 0.5, 0.5 ]
    },
    "firstperson_righthand": {
        "rotation": [ 0, -64, 0 ],
        "translation": [ 0, 0, 0 ],
        "scale": [ 0.5, 0.5, 0.5 ]
    },
    "firstperson_lefthand": {
        "rotation": [ 0, -64, 0 ],
        "translation": [ -1.7, 0, -1.89 ],
        "scale": [ 0.5, 0.5, 0.5 ]
    },
    "gui": {
        "rotation": [ 35, 35, 0 ],
        "translation": [ 0, 0, 0 ],
        "scale": [ 0.62, 0.62, 0.62 ]
    }
}
}