{
"__comment": "Designed by Mickyp123",
"textures": {
    "white": "blocks/wool_colored_white",
    "texture": "blocks/log_oak",
    "white 1": "blocks/wool_colored_white",
    "particle": "blocks/log_oak"
},
"elements": [ 
{
    "from": [ 2, 12, 13 ],
    "to": [ 3, 24, 14 ],
    "faces": {
        "down":  { "uv": [ 14, 14, 13, 13 ], "texture": "#texture" },
        "up":    { "uv": [ 2, 13, 3, 14 ], "texture": "#texture" },
        "north": { "uv": [ 13, 0, 14, 4 ], "texture": "#texture" },
        "south": { "uv": [ 2, 0, 3, 4 ], "texture": "#texture" },
        "west":  { "uv": [ 13, 0, 14, 4 ], "texture": "#texture" },
        "east":  { "uv": [ 2, 0, 3, 4 ], "texture": "#texture" }
    }
},
{
    "from": [ 13, 12, 13 ],
    "to": [ 14, 24, 14 ],
    "faces": {
        "down":  { "uv": [ 3, 14, 2, 13 ], "texture": "#texture" },
        "up":    { "uv": [ 13, 13, 14, 14 ], "texture": "#texture" },
        "north": { "uv": [ 2, 0, 3, 4 ], "texture": "#texture" },
        "south": { "uv": [ 13, 0, 14, 4 ], "texture": "#texture" },
        "west":  { "uv": [ 13, 0, 14, 4 ], "texture": "#texture" },
        "east":  { "uv": [ 2, 0, 3, 4 ], "texture": "#texture" }
    }
},
{
    "from": [ 3, 18, 13 ],
    "to": [ 13, 23.5, 13.5 ],
    "faces": {
        "down":  { "uv": [ 0, 0, 9, 4 ], "texture": "#white 1" },
        "up":    { "uv": [ 0, 0, 7.75, 4.25 ], "texture": "#white 1" },
        "north": { "uv": [ 0.25, 4.25, 16, 9 ], "texture": "#white 1" },
        "south": { "uv": [ 0, 0, 6.25, 3.75 ], "texture": "#white 1" },
        "west":  { "uv": [ 0, 0, 2.25, 3.5 ], "texture": "#white 1" },
        "east":  { "uv": [ 0, 0, 3, 3.75 ], "texture": "#white 1" }
    }
},
{
    "from": [ 2, 12, 3 ],
    "to": [ 3, 16, 4 ],
    "faces": {
        "down":  { "uv": [ 14, 4, 13, 3 ], "texture": "#texture" },
        "up":    { "uv": [ 2, 3, 3, 4 ], "texture": "#texture" },
        "north": { "uv": [ 13, 0, 14, 4 ], "texture": "#texture" },
        "south": { "uv": [ 2, 0, 3, 4 ], "texture": "#texture" },
        "west":  { "uv": [ 3, 0, 4, 4 ], "texture": "#texture" },
        "east":  { "uv": [ 12, 0, 13, 4 ], "texture": "#texture" }
    }
},
{
    "from": [ 13, 12, 3 ],
    "to": [ 14, 16, 4 ],
    "faces": {
        "down":  { "uv": [ 3, 4, 2, 3 ], "texture": "#texture" },
        "up":    { "uv": [ 13, 3, 14, 4 ], "texture": "#texture" },
        "north": { "uv": [ 2, 0, 3, 4 ], "texture": "#texture" },
        "south": { "uv": [ 13, 0, 14, 4 ], "texture": "#texture" },
        "west":  { "uv": [ 3, 0, 4, 4 ], "texture": "#texture" },
        "east":  { "uv": [ 12, 0, 13, 4 ], "texture": "#texture" }
    }
},
{
    "from": [ 1.5, 15.5, 3 ],
    "to": [ 3.5, 16, 14 ],
    "faces": {
        "down":  { "uv": [ 14.5, 14, 12.5, 3 ], "texture": "#texture" },
        "up":    { "uv": [ 1.5, 3, 3.5, 14 ], "texture": "#texture" },
        "north": { "uv": [ 12.5, 0, 14.5, 0.5 ], "texture": "#texture" },
        "south": { "uv": [ 1.5, 0, 3.5, 0.5 ], "texture": "#texture" },
        "west":  { "uv": [ 3, 0, 14, 0.5 ], "texture": "#texture" },
        "east":  { "uv": [ 2, 0, 13, 0.5 ], "texture": "#texture" }
    }
},
{
    "from": [ 12.5, 15.5, 3 ],
    "to": [ 14.5, 16, 14 ],
    "faces": {
        "down":  { "uv": [ 3.5, 14, 1.5, 3 ], "texture": "#texture" },
        "up":    { "uv": [ 12.5, 3, 14.5, 14 ], "texture": "#texture" },
        "north": { "uv": [ 1.5, 0, 3.5, 0.5 ], "texture": "#texture" },
        "south": { "uv": [ 12.5, 0, 14.5, 0.5 ], "texture": "#texture" },
        "west":  { "uv": [ 3, 0, 14, 0.5 ], "texture": "#texture" },
        "east":  { "uv": [ 2, 0, 13, 0.5 ], "texture": "#texture" }
    }
},
{
    "from": [ 1.5, 12, 3 ],
    "to": [ 3.5, 12.5, 14 ],
    "faces": {
        "down":  { "uv": [ 14.5, 14, 12.5, 3 ], "texture": "#texture" },
        "up":    { "uv": [ 1.5, 3, 3.5, 14 ], "texture": "#texture" },
        "north": { "uv": [ 12.5, 3.5, 14.5, 4 ], "texture": "#texture" },
        "south": { "uv": [ 1.5, 3.5, 3.5, 4 ], "texture": "#texture" },
        "west":  { "uv": [ 3, 3.5, 14, 4 ], "texture": "#texture" },
        "east":  { "uv": [ 2, 3.5, 13, 4 ], "texture": "#texture" }
    }
},
{
    "from": [ 12.5, 12, 3 ],
    "to": [ 14.5, 12.5, 14 ],
    "faces": {
        "down":  { "uv": [ 3.5, 14, 1.5, 3 ], "texture": "#texture" },
        "up":    { "uv": [ 12.5, 3, 14.5, 14 ], "texture": "#texture" },
        "north": { "uv": [ 1.5, 3.5, 3.5, 4 ], "texture": "#texture" },
        "south": { "uv": [ 12.5, 3.5, 14.5, 4 ], "texture": "#texture" },
        "west":  { "uv": [ 3, 3.5, 14, 4 ], "texture": "#texture" },
        "east":  { "uv": [ 2, 3.5, 13, 4 ], "texture": "#texture" }
    }
},
{
    "from": [ 3.5, 12, 3 ],
    "to": [ 12.5, 12.5, 14 ],
    "faces": {
        "down":  { "uv": [ 12.5, 14, 3.5, 3 ], "texture": "#white" },
        "up":    { "uv": [ 3.5, 3, 12.5, 14 ], "texture": "#white" },
        "north": { "uv": [ 3.5, 3.5, 12.5, 4 ], "texture": "#white" },
        "south": { "uv": [ 3.5, 3.5, 12.5, 4 ], "texture": "#white" },
        "west":  { "uv": [ 3, 3.5, 14, 4 ], "texture": "#white" },
        "east":  { "uv": [ 2, 3.5, 13, 4 ], "texture": "#white" }
    }
},
{
    "from": [ 1.5, 10.625, 3 ],
    "to": [ 3, 12.125, 14 ],
    "faces": {
        "down":  { "uv": [ 14.5, 14, 13, 7 ], "texture": "#texture" },
        "up":    { "uv": [ 1.5, 7, 3, 14 ], "texture": "#texture" },
        "north": { "uv": [ 13, 9, 14.5, 10.5 ], "texture": "#texture" },
        "south": { "uv": [ 1.5, 9, 3, 10.5 ], "texture": "#texture" },
        "west":  { "uv": [ 7, 9, 14, 10.5 ], "texture": "#texture" },
        "east":  { "uv": [ 2, 9, 9, 10.5 ], "texture": "#texture" }
    }
},
{
    "from": [ 13, 10.5, 3 ],
    "to": [ 14.5, 12, 14 ],
    "faces": {
        "down":  { "uv": [ 14.5, 14, 13, 7 ], "texture": "#texture" },
        "up":    { "uv": [ 1.5, 7, 3, 14 ], "texture": "#texture" },
        "north": { "uv": [ 13, 9, 14.5, 10.5 ], "texture": "#texture" },
        "south": { "uv": [ 1.5, 9, 3, 10.5 ], "texture": "#texture" },
        "west":  { "uv": [ 7, 9, 14, 10.5 ], "texture": "#texture" },
        "east":  { "uv": [ 2, 9, 9, 10.5 ], "texture": "#texture" }
    }
},
{
    "from": [ 2, -4.74995, 3 ],
    "to": [ 2.5, 11.25, 4.5 ],
    "rotation": { "origin": [ 2, 11.25, 3 ], "axis": "z", "angle": 45 },
    "faces": {
        "down":  { "uv": [ 2, 3, 2.5, 4.5 ], "texture": "#texture" },
        "up":    { "uv": [ 2, 3, 2.5, 4.5 ], "texture": "#texture" },
        "north": { "uv": [ 2, 4.75, 2.5, 16 ], "texture": "#texture" },
        "south": { "uv": [ 2, 4.75, 2.5, 16 ], "texture": "#texture" },
        "west":  { "uv": [ 3, 4.75, 4.5, 16 ], "texture": "#texture" },
        "east":  { "uv": [ 3, 4.75, 4.5, 16 ], "texture": "#texture" }
    }
},
{
    "from": [ 13, -4.5, 3 ],
    "to": [ 13.5, 11.5, 4.5 ],
    "rotation": { "origin": [ 13, 11.5, 3 ], "axis": "z", "angle": -45 },
    "faces": {
        "down":  { "uv": [ 13, 3, 13.5, 4.5 ], "texture": "#texture" },
        "up":    { "uv": [ 13, 3, 13.5, 4.5 ], "texture": "#texture" },
        "north": { "uv": [ 13, 4.5, 13.5, 16 ], "texture": "#texture" },
        "south": { "uv": [ 13, 4.5, 13.5, 16 ], "texture": "#texture" },
        "west":  { "uv": [ 3, 4.5, 4.5, 16 ], "texture": "#texture" },
        "east":  { "uv": [ 3, 4.5, 4.5, 16 ], "texture": "#texture" }
    }
},
{
    "from": [ 2, -4.75, 12.5 ],
    "to": [ 2.5, 11.25, 14 ],
    "rotation": { "origin": [ 2, 11.25, 12.5 ], "axis": "z", "angle": 45 },
    "faces": {
        "down":  { "uv": [ 2, 12.5, 2.5, 14 ], "texture": "#texture" },
        "up":    { "uv": [ 2, 12.5, 2.5, 14 ], "texture": "#texture" },
        "north": { "uv": [ 2, 4.75, 2.5, 16 ], "texture": "#texture" },
        "south": { "uv": [ 2, 4.75, 2.5, 16 ], "texture": "#texture" },
        "west":  { "uv": [ 12.5, 4.75, 14, 16 ], "texture": "#texture" },
        "east":  { "uv": [ 12.5, 4.75, 14, 16 ], "texture": "#texture" }
    }
},
{
    "from": [ 13, -4.5, 12.5 ],
    "to": [ 13.5, 11.5, 14 ],
    "rotation": { "origin": [ 13, 11.5, 12.5 ], "axis": "z", "angle": -45 },
    "faces": {
        "down":  { "uv": [ 13, 12.5, 13.5, 14 ], "texture": "#texture" },
        "up":    { "uv": [ 13, 12.5, 13.5, 14 ], "texture": "#texture" },
        "north": { "uv": [ 13, 3.5, 13.5, 16 ], "texture": "#texture" },
        "south": { "uv": [ 13, 3.5, 13.5, 16 ], "texture": "#texture" },
        "west":  { "uv": [ 12.5, 3.5, 14, 16 ], "texture": "#texture" },
        "east":  { "uv": [ 12.5, 3.5, 14, 16 ], "texture": "#texture" }
    }
},
{
    "from": [ 11.5, 1.75, 3 ],
    "to": [ 12, 2.25, 14 ],
    "faces": {
        "down":  { "uv": [ 14.5, 14, 13, 7 ], "texture": "#texture" },
        "up":    { "uv": [ 1.5, 7, 3, 14 ], "texture": "#texture" },
        "north": { "uv": [ 13, 9, 14.5, 10.5 ], "texture": "#texture" },
        "south": { "uv": [ 1.5, 9, 3, 10.5 ], "texture": "#texture" },
        "west":  { "uv": [ 7, 9, 14, 10.5 ], "texture": "#texture" },
        "east":  { "uv": [ 2, 9, 9, 10.5 ], "texture": "#texture" }
    }
},
{
    "from": [ 3.5, 1.5625, 3 ],
    "to": [ 4, 2.0625, 14 ],
    "faces": {
        "down":  { "uv": [ 14.5, 14, 13, 7 ], "texture": "#texture" },
        "up":    { "uv": [ 1.5, 7, 3, 14 ], "texture": "#texture" },
        "north": { "uv": [ 13, 9, 14.5, 10.5 ], "texture": "#texture" },
        "south": { "uv": [ 1.5, 9, 3, 10.5 ], "texture": "#texture" },
        "west":  { "uv": [ 7, 9, 14, 10.5 ], "texture": "#texture" },
        "east":  { "uv": [ 2, 9, 9, 10.5 ], "texture": "#texture" }
    }
}
],
"display": {
    "thirdperson_righthand": {
        "rotation": [ 0, -43, 0 ],
        "translation": [ 0, 0, 0 ],
        "scale": [ 0.5, 0.5, 0.5 ]
    },
    "thirdperson_lefthand": {
        "rotation": [ 0, -43, 0 ],
        "translation": [ 0, 0, 0 ],
        "scale": [ 0.5, 0.5, 0.5 ]
    },
    "head": {
        "rotation": [ 0, 0, 0 ],
        "translation": [ 0, -30.5, 0 ],
        "scale": [ 1.6, 1.6, 1.6 ]
    },
    "ground": {
        "rotation": [ 0, 0, 0 ],
        "translation": [ 0, 2, 0 ],
        "scale": [ 0.5, 0.5, 0.5 ]
    },
    "fixed": {
        "rotation": [ 0, 0, 0 ],
        "translation": [ 0, 0, -3.4 ],
        "scale": [ 0.5, 0.5, 0.5 ]
    },
    "firstperson_righthand": {
        "rotation": [ 0, 17, 0 ],
        "translation": [ 0, 0, 0 ],
        "scale": [ 0.5, 0.5, 0.5 ]
    },
    "firstperson_lefthand": {
        "rotation": [ 0, 17, 0 ],
        "translation": [ 0, 0, 0 ],
        "scale": [ 0.5, 0.5, 0.5 ]
    },
    "gui": {
        "rotation": [ 35, -137, 0 ],
        "translation": [ 0, -2.65, 0 ],
        "scale": [ 0.5, 0.5, 0.5 ]
    }
}
}