{
"__comment": "Designed by Jugbot",
"textures": {
    "texture": "blocks/quartz_block_bottom"
},
"elements": [ 
{
    "__comment": "Bottom",
    "from": [ 4, 0, 4 ],
    "to": [ 12, 1, 12 ],
    "faces": {
        "down":  { "uv": [ 12, 12, 4, 4 ], "texture": "#texture" },
        "up":    { "uv": [ 4, 4, 12, 12 ], "texture": "#texture" },
        "north": { "uv": [ 4, 15, 12, 16 ], "texture": "#texture" },
        "south": { "uv": [ 4, 15, 12, 16 ], "texture": "#texture" },
        "west":  { "uv": [ 4, 15, 12, 16 ], "texture": "#texture" },
        "east":  { "uv": [ 4, 15, 12, 16 ], "texture": "#texture" }
    }
},
{
    "__comment": "Bottom",
    "from": [ 3, 0, 6 ],
    "to": [ 4, 1, 10 ],
    "faces": {
        "down":  { "uv": [ 13, 10, 12, 6 ], "texture": "#texture" },
        "up":    { "uv": [ 3, 6, 4, 10 ], "texture": "#texture" },
        "north": { "uv": [ 12, 15, 13, 16 ], "texture": "#texture" },
        "south": { "uv": [ 3, 15, 4, 16 ], "texture": "#texture" },
        "west":  { "uv": [ 6, 15, 10, 16 ], "texture": "#texture" },
        "east":  { "uv": [ 6, 15, 10, 16 ], "texture": "#texture" }
    }
},
{
    "__comment": "Bottom",
    "from": [ 6, 0, 3 ],
    "to": [ 10, 1, 4 ],
    "faces": {
        "down":  { "uv": [ 10, 4, 6, 3 ], "texture": "#texture" },
        "up":    { "uv": [ 6, 3, 10, 4 ], "texture": "#texture" },
        "north": { "uv": [ 6, 15, 10, 16 ], "texture": "#texture" },
        "south": { "uv": [ 6, 15, 10, 16 ], "texture": "#texture" },
        "west":  { "uv": [ 3, 15, 4, 16 ], "texture": "#texture" },
        "east":  { "uv": [ 12, 15, 13, 16 ], "texture": "#texture" }
    }
},
{
    "__comment": "Bottom",
    "from": [ 6, 0, 12 ],
    "to": [ 10, 1, 13 ],
    "faces": {
        "down":  { "uv": [ 10, 13, 6, 12 ], "texture": "#texture" },
        "up":    { "uv": [ 6, 12, 10, 13 ], "texture": "#texture" },
        "north": { "uv": [ 6, 15, 10, 16 ], "texture": "#texture" },
        "south": { "uv": [ 6, 15, 10, 16 ], "texture": "#texture" },
        "west":  { "uv": [ 12, 15, 13, 16 ], "texture": "#texture" },
        "east":  { "uv": [ 3, 15, 4, 16 ], "texture": "#texture" }
    }
},
{
    "__comment": "Bottom",
    "from": [ 12, 0, 6 ],
    "to": [ 13, 1, 10 ],
    "faces": {
        "down":  { "uv": [ 4, 10, 3, 6 ], "texture": "#texture" },
        "up":    { "uv": [ 12, 6, 13, 10 ], "texture": "#texture" },
        "north": { "uv": [ 3, 15, 4, 16 ], "texture": "#texture" },
        "south": { "uv": [ 12, 15, 13, 16 ], "texture": "#texture" },
        "west":  { "uv": [ 6, 15, 10, 16 ], "texture": "#texture" },
        "east":  { "uv": [ 6, 15, 10, 16 ], "texture": "#texture" }
    }
},
{
    "from": [ 3.5, 0.5, 3.5 ],
    "to": [ 6.5, 1.5, 4.5 ],
    "faces": {
        "down":  { "uv": [ 12, 5, 9, 4 ], "texture": "#texture" },
        "up":    { "uv": [ 4, 4, 7, 5 ], "texture": "#texture" },
        "north": { "uv": [ 9, 14, 12, 15 ], "texture": "#texture" },
        "south": { "uv": [ 4, 14, 7, 15 ], "texture": "#texture" },
        "west":  { "uv": [ 4, 14, 5, 15 ], "texture": "#texture" },
        "east":  { "uv": [ 11, 14, 12, 15 ], "texture": "#texture" }
    }
},
{
    "from": [ 3.5, 0.5, 4.5 ],
    "to": [ 4.5, 1.5, 6.5 ],
    "faces": {
        "down":  { "uv": [ 12, 7, 11, 5 ], "texture": "#texture" },
        "up":    { "uv": [ 4, 5, 5, 7 ], "texture": "#texture" },
        "north": { "uv": [ 11, 14, 12, 15 ], "texture": "#texture" },
        "south": { "uv": [ 4, 14, 5, 15 ], "texture": "#texture" },
        "west":  { "uv": [ 5, 14, 7, 15 ], "texture": "#texture" },
        "east":  { "uv": [ 9, 14, 11, 15 ], "texture": "#texture" }
    }
},
{
    "from": [ 2.5, 0.5, 5.5 ],
    "to": [ 3.5, 1.5, 10.5 ],
    "faces": {
        "down":  { "uv": [ 13, 11, 12, 6 ], "texture": "#texture" },
        "up":    { "uv": [ 3, 6, 4, 11 ], "texture": "#texture" },
        "north": { "uv": [ 12, 14, 13, 15 ], "texture": "#texture" },
        "south": { "uv": [ 3, 14, 4, 15 ], "texture": "#texture" },
        "west":  { "uv": [ 6, 14, 11, 15 ], "texture": "#texture" },
        "east":  { "uv": [ 5, 14, 10, 15 ], "texture": "#texture" }
    }
},
{
    "from": [ 3.5, 0.5, 9.5 ],
    "to": [ 4.5, 1.5, 12.5 ],
    "faces": {
        "down":  { "uv": [ 12, 13, 11, 10 ], "texture": "#texture" },
        "up":    { "uv": [ 4, 10, 5, 13 ], "texture": "#texture" },
        "north": { "uv": [ 11, 14, 12, 15 ], "texture": "#texture" },
        "south": { "uv": [ 4, 14, 5, 15 ], "texture": "#texture" },
        "west":  { "uv": [ 10, 14, 13, 15 ], "texture": "#texture" },
        "east":  { "uv": [ 3, 14, 6, 15 ], "texture": "#texture" }
    }
},
{
    "from": [ 4.5, 0.5, 11.5 ],
    "to": [ 6.5, 1.5, 12.5 ],
    "faces": {
        "down":  { "uv": [ 11, 13, 9, 12 ], "texture": "#texture" },
        "up":    { "uv": [ 5, 12, 7, 13 ], "texture": "#texture" },
        "north": { "uv": [ 9, 14, 11, 15 ], "texture": "#texture" },
        "south": { "uv": [ 5, 14, 7, 15 ], "texture": "#texture" },
        "west":  { "uv": [ 12, 14, 13, 15 ], "texture": "#texture" },
        "east":  { "uv": [ 3, 14, 4, 15 ], "texture": "#texture" }
    }
},
{
    "from": [ 5.5, 0.5, 12.5 ],
    "to": [ 10.5, 1.5, 13.5 ],
    "faces": {
        "down":  { "uv": [ 10, 14, 5, 13 ], "texture": "#texture" },
        "up":    { "uv": [ 6, 13, 11, 14 ], "texture": "#texture" },
        "north": { "uv": [ 5, 14, 10, 15 ], "texture": "#texture" },
        "south": { "uv": [ 6, 14, 11, 15 ], "texture": "#texture" },
        "west":  { "uv": [ 13, 14, 14, 15 ], "texture": "#texture" },
        "east":  { "uv": [ 2, 14, 3, 15 ], "texture": "#texture" }
    }
},
{
    "from": [ 9.5, 0.5, 11.5 ],
    "to": [ 12.5, 1.5, 12.5 ],
    "faces": {
        "down":  { "uv": [ 6, 13, 3, 12 ], "texture": "#texture" },
        "up":    { "uv": [ 10, 12, 13, 13 ], "texture": "#texture" },
        "north": { "uv": [ 3, 14, 6, 15 ], "texture": "#texture" },
        "south": { "uv": [ 10, 14, 13, 15 ], "texture": "#texture" },
        "west":  { "uv": [ 12, 14, 13, 15 ], "texture": "#texture" },
        "east":  { "uv": [ 3, 14, 4, 15 ], "texture": "#texture" }
    }
},
{
    "from": [ 11.5, 0.5, 9.5 ],
    "to": [ 12.5, 1.5, 11.5 ],
    "faces": {
        "down":  { "uv": [ 4, 12, 3, 10 ], "texture": "#texture" },
        "up":    { "uv": [ 12, 10, 13, 12 ], "texture": "#texture" },
        "north": { "uv": [ 3, 14, 4, 15 ], "texture": "#texture" },
        "south": { "uv": [ 12, 14, 13, 15 ], "texture": "#texture" },
        "west":  { "uv": [ 10, 14, 12, 15 ], "texture": "#texture" },
        "east":  { "uv": [ 4, 14, 6, 15 ], "texture": "#texture" }
    }
},
{
    "from": [ 12.5, 0.5, 5.5 ],
    "to": [ 13.5, 1.5, 10.5 ],
    "faces": {
        "down":  { "uv": [ 3, 11, 2, 6 ], "texture": "#texture" },
        "up":    { "uv": [ 13, 6, 14, 11 ], "texture": "#texture" },
        "north": { "uv": [ 2, 14, 3, 15 ], "texture": "#texture" },
        "south": { "uv": [ 13, 14, 14, 15 ], "texture": "#texture" },
        "west":  { "uv": [ 6, 14, 11, 15 ], "texture": "#texture" },
        "east":  { "uv": [ 5, 14, 10, 15 ], "texture": "#texture" }
    }
},
{
    "from": [ 9.5, 0.5, 3.5 ],
    "to": [ 12.5, 1.5, 4.5 ],
    "faces": {
        "down":  { "uv": [ 6, 5, 3, 4 ], "texture": "#texture" },
        "up":    { "uv": [ 10, 4, 13, 5 ], "texture": "#texture" },
        "north": { "uv": [ 3, 14, 6, 15 ], "texture": "#texture" },
        "south": { "uv": [ 10, 14, 13, 15 ], "texture": "#texture" },
        "west":  { "uv": [ 4, 14, 5, 15 ], "texture": "#texture" },
        "east":  { "uv": [ 11, 14, 12, 15 ], "texture": "#texture" }
    }
},
{
    "from": [ 11.5, 0.5, 4.5 ],
    "to": [ 12.5, 1.5, 6.5 ],
    "faces": {
        "down":  { "uv": [ 4, 7, 3, 5 ], "texture": "#texture" },
        "up":    { "uv": [ 12, 5, 13, 7 ], "texture": "#texture" },
        "north": { "uv": [ 3, 14, 4, 15 ], "texture": "#texture" },
        "south": { "uv": [ 12, 14, 13, 15 ], "texture": "#texture" },
        "west":  { "uv": [ 5, 14, 7, 15 ], "texture": "#texture" },
        "east":  { "uv": [ 9, 14, 11, 15 ], "texture": "#texture" }
    }
},
{
    "from": [ 5.5, 0.5, 2.5 ],
    "to": [ 10.5, 1.5, 3.5 ],
    "faces": {
        "down":  { "uv": [ 10, 4, 5, 3 ], "texture": "#texture" },
        "up":    { "uv": [ 6, 3, 11, 4 ], "texture": "#texture" },
        "north": { "uv": [ 5, 14, 10, 15 ], "texture": "#texture" },
        "south": { "uv": [ 6, 14, 11, 15 ], "texture": "#texture" },
        "west":  { "uv": [ 3, 14, 4, 15 ], "texture": "#texture" },
        "east":  { "uv": [ 12, 14, 13, 15 ], "texture": "#texture" }
    }
}
],
"display": {
    "thirdperson_righthand": {
        "rotation": [ 0, -43, 0 ],
        "translation": [ 0, 3.97, 0 ],
        "scale": [ 0.5, 0.5, 0.5 ]
    },
    "thirdperson_lefthand": {
        "rotation": [ 0, -43, 0 ],
        "translation": [ 0, 3.97, 0 ],
        "scale": [ 0.5, 0.5, 0.5 ]
    },
    "head": {
        "rotation": [ 0, 180, 0 ],
        "translation": [ 0, -30.5, 0 ],
        "scale": [ 1.6, 1.6, 1.6 ]
    },
    "ground": {
        "rotation": [ 0, 0, 0 ],
        "translation": [ 0, 2, 0 ],
        "scale": [ 0.5, 0.5, 0.5 ]
    },
    "fixed": {
        "rotation": [ 0, 180, 0 ],
        "translation": [ 0, 0, -3.4 ],
        "scale": [ 0.5, 0.5, 0.5 ]
    },
    "firstperson_righthand": {
        "rotation": [ 0, -64, 0 ],
        "translation": [ 0, 3.4, 0 ],
        "scale": [ 0.5, 0.5, 0.5 ]
    },
    "firstperson_lefthand": {
        "rotation": [ 0, -64, 0 ],
        "translation": [ 0, 3.4, 0 ],
        "scale": [ 0.5, 0.5, 0.5 ]
    },
    "gui": {
        "rotation": [ 35, 35, 0 ],
        "translation": [ 0, 0, 0 ],
        "scale": [ 0.62, 0.62, 0.62 ]
    }
}
}