{
"__comment": "Designed by Monsterfish",
"textures": {
    "texture": "blocks/planks_oak",
    "bed_feet_top": "blocks/bed_feet_top",
    "bed_head_side": "blocks/bed_head_side",
    "bed_head_top": "blocks/bed_head_top"
},
"elements": [ 
{
    "from": [ -15, 4, 0 ],
    "to": [ 0, 7, 16 ],
    "faces": {
        "down":  { "uv": [ 0, 0, 16, 15 ], "rotation": 90, "texture": "#texture", "cullface": "west" },
        "up":    { "uv": [ 0, 0, 16, 15 ], "rotation": 270, "texture": "#texture", "cullface": "west" },
        "north": { "uv": [ 0, 9, 15, 12 ], "texture": "#texture", "cullface": "west" },
        "south": { "uv": [ 0, 9, 15, 12 ], "texture": "#texture", "cullface": "west" },
        "west":  { "uv": [ 0, 9, 16, 12 ], "texture": "#texture", "cullface": "west" }
    }
},
{
    "from": [ -15, 0, 14.5 ],
    "to": [ -14, 12, 16 ],
    "faces": {
        "down":  { "uv": [ 0, 14.5, 1, 16 ], "texture": "#texture", "cullface": "west" },
        "up":    { "uv": [ 0, 14.5, 1, 16 ], "texture": "#texture", "cullface": "west" },
        "north": { "uv": [ 0, 4, 1, 16 ], "texture": "#texture", "cullface": "west" },
        "south": { "uv": [ 0, 4, 1, 16 ], "texture": "#texture", "cullface": "west" },
        "west":  { "uv": [ 14.5, 4, 16, 16 ], "texture": "#texture", "cullface": "west" },
        "east":  { "uv": [ 14.5, 4, 16, 16 ], "texture": "#texture", "cullface": "west" }
    }
},
{
    "from": [ -15, 0, 0 ],
    "to": [ -14, 12, 1.5 ],
    "faces": {
        "down":  { "uv": [ 0, 0, 1, 1.5 ], "texture": "#texture", "cullface": "west" },
        "up":    { "uv": [ 0, 0, 1, 1.5 ], "texture": "#texture", "cullface": "west" },
        "north": { "uv": [ 0, 4, 1, 16 ], "texture": "#texture", "cullface": "west" },
        "south": { "uv": [ 0, 4, 1, 16 ], "texture": "#texture", "cullface": "west" },
        "west":  { "uv": [ 0, 4, 1.5, 16 ], "texture": "#texture", "cullface": "west" },
        "east":  { "uv": [ 0, 4, 1.5, 16 ], "texture": "#texture", "cullface": "west" }
    }
},
{
    "from": [ -15.375, 11.9375, -0.25 ],
    "to": [ -13.75, 12.4375, 16.25 ],
    "faces": {
        "down":  { "uv": [ 0, 0, 16, 1.5 ], "rotation": 90, "texture": "#texture", "cullface": "west" },
        "up":    { "uv": [ 0, 0, 16, 1.5 ], "rotation": 270, "texture": "#texture", "cullface": "west" },
        "north": { "uv": [ 0, 3.5, 1.625, 4 ], "texture": "#texture", "cullface": "west" },
        "south": { "uv": [ 0, 3.5, 1.625, 4 ], "texture": "#texture", "cullface": "west" },
        "west":  { "uv": [ 0, 3.5, 16, 4 ], "texture": "#texture", "cullface": "west" },
        "east":  { "uv": [ 0, 3.5, 16, 4 ], "texture": "#texture", "cullface": "west" }
    }
},
{
    "from": [ -15, 7, 12.5 ],
    "to": [ -14, 11, 14 ],
    "faces": {
        "up":    { "uv": [ 0, 12.5, 1, 14 ], "texture": "#texture", "cullface": "west" },
        "north": { "uv": [ 0, 5, 1, 9 ], "texture": "#texture", "cullface": "west" },
        "south": { "uv": [ 0, 5, 1, 9 ], "texture": "#texture", "cullface": "west" },
        "west":  { "uv": [ 12.5, 5, 14, 9 ], "texture": "#texture", "cullface": "west" },
        "east":  { "uv": [ 12.5, 5, 14, 9 ], "texture": "#texture", "cullface": "west" }
    }
},
{
    "from": [ -15, 7, 10.5 ],
    "to": [ -14, 11, 12 ],
    "faces": {
        "up":    { "uv": [ 0, 10.5, 1, 12 ], "texture": "#texture", "cullface": "west" },
        "north": { "uv": [ 0, 5, 1, 9 ], "texture": "#texture", "cullface": "west" },
        "south": { "uv": [ 0, 5, 1, 9 ], "texture": "#texture", "cullface": "west" },
        "west":  { "uv": [ 10.5, 5, 12, 9 ], "texture": "#texture", "cullface": "west" },
        "east":  { "uv": [ 10.5, 5, 12, 9 ], "texture": "#texture", "cullface": "west" }
    }
},
{
    "from": [ -15, 7, 4 ],
    "to": [ -14, 11, 5.5 ],
    "faces": {
        "up":    { "uv": [ 0, 4, 1, 5.5 ], "texture": "#texture", "cullface": "west" },
        "north": { "uv": [ 0, 5, 1, 9 ], "texture": "#texture", "cullface": "west" },
        "south": { "uv": [ 0, 5, 1, 9 ], "texture": "#texture", "cullface": "west" },
        "west":  { "uv": [ 4, 5, 5.5, 9 ], "texture": "#texture", "cullface": "west" },
        "east":  { "uv": [ 4, 5, 5.5, 9 ], "texture": "#texture", "cullface": "west" }
    }
},
{
    "from": [ -15, 7, 6 ],
    "to": [ -14, 11, 7.5 ],
    "faces": {
        "up":    { "uv": [ 0, 6, 1, 7.5 ], "texture": "#texture", "cullface": "west" },
        "north": { "uv": [ 0, 5, 1, 9 ], "texture": "#texture", "cullface": "west" },
        "south": { "uv": [ 0, 5, 1, 9 ], "texture": "#texture", "cullface": "west" },
        "west":  { "uv": [ 6, 5, 7.5, 9 ], "texture": "#texture", "cullface": "west" },
        "east":  { "uv": [ 6, 5, 7.5, 9 ], "texture": "#texture", "cullface": "west" }
    }
},
{
    "from": [ -15, 7, 8.5 ],
    "to": [ -14, 11, 10 ],
    "faces": {
        "up":    { "uv": [ 0, 8.5, 1, 10 ], "texture": "#texture", "cullface": "west" },
        "north": { "uv": [ 0, 5, 1, 9 ], "texture": "#texture", "cullface": "west" },
        "south": { "uv": [ 0, 5, 1, 9 ], "texture": "#texture", "cullface": "west" },
        "west":  { "uv": [ 8.5, 5, 10, 9 ], "texture": "#texture", "cullface": "west" },
        "east":  { "uv": [ 8.5, 5, 10, 9 ], "texture": "#texture", "cullface": "west" }
    }
},
{
    "from": [ -15, 7, 2 ],
    "to": [ -14, 11, 3.5 ],
    "faces": {
        "up":    { "uv": [ 0, 2, 1, 3.5 ], "texture": "#texture", "cullface": "west" },
        "north": { "uv": [ 0, 5, 1, 9 ], "texture": "#texture", "cullface": "west" },
        "south": { "uv": [ 0, 5, 1, 9 ], "texture": "#texture", "cullface": "west" },
        "west":  { "uv": [ 2, 5, 3.5, 9 ], "texture": "#texture", "cullface": "west" },
        "east":  { "uv": [ 2, 5, 3.5, 9 ], "texture": "#texture", "cullface": "west" }
    }
},
{
    "from": [ -15, 10.9375, 1.5 ],
    "to": [ -14, 11.8125, 14.5 ],
    "faces": {
        "down":  { "uv": [ 14.5, 0, 1.5, 0 ], "rotation": 90, "texture": "#texture", "cullface": "west" },
        "up":    { "uv": [ 1.5, 0, 14.5, 0 ], "rotation": 270, "texture": "#texture", "cullface": "west" },
        "west":  { "uv": [ 1.5, 4.125, 14.5, 5 ], "texture": "#texture", "cullface": "west" },
        "east":  { "uv": [ 1.5, 4.125, 14.5, 5 ], "texture": "#texture", "cullface": "west" }
    }
},
{
    "from": [ -14, 7, 0 ],
    "to": [ 0, 9, 16 ],
    "faces": {
        "up":    { "uv": [ 0, 0, 14, 16 ], "texture": "#bed_feet_top", "cullface": "west" },
        "north": { "uv": [ 0, 7, 14, 9 ], "texture": "#bed_feet_top", "cullface": "west" },
        "south": { "uv": [ 0, 7, 14, 9 ], "texture": "#bed_feet_top", "cullface": "west" },
        "west":  { "uv": [ 0, 7, 16, 9 ], "texture": "#bed_feet_top", "cullface": "west" }
    }
},
{
    "from": [ 0, 4, 0 ],
    "to": [ 15, 7, 16 ],
    "faces": {
        "down":  { "uv": [ 0, 0, 16, 15 ], "rotation": 90, "texture": "#texture" },
        "up":    { "uv": [ 0, 0, 16, 15 ], "rotation": 270, "texture": "#texture" },
        "north": { "uv": [ 0, 9, 15, 12 ], "texture": "#texture", "cullface": "north" },
        "south": { "uv": [ 0, 9, 15, 12 ], "texture": "#texture", "cullface": "south" },
        "east":  { "uv": [ 0, 9, 16, 12 ], "texture": "#texture" }
    }
},
{
    "from": [ 14, 7, 0 ],
    "to": [ 15, 15.5, 1.5 ],
    "faces": {
        "north": { "uv": [ 14, 0.5, 15, 9 ], "texture": "#texture", "cullface": "north" },
        "south": { "uv": [ 14, 0.5, 15, 9 ], "texture": "#texture" },
        "west":  { "uv": [ 14.5, 0.5, 16, 9 ], "texture": "#texture" },
        "east":  { "uv": [ 14.5, 0.5, 16, 9 ], "texture": "#texture" }
    }
},
{
    "from": [ 14, 7, 14.5 ],
    "to": [ 15, 15.5, 16 ],
    "faces": {
        "north": { "uv": [ 14, 0.5, 15, 9 ], "texture": "#texture" },
        "south": { "uv": [ 14, 0.5, 15, 9 ], "texture": "#texture", "cullface": "south" },
        "west":  { "uv": [ 0, 0.5, 1.5, 9 ], "texture": "#texture" },
        "east":  { "uv": [ 0, 0.5, 1.5, 9 ], "texture": "#texture" }
    }
},
{
    "from": [ 13.75, 15.5, -0.1875 ],
    "to": [ 15.375, 16, 16.3125 ],
    "faces": {
        "down":  { "uv": [ -0.1875, 13.75, 16.1875, 15.25 ], "rotation": 90, "texture": "#texture" },
        "up":    { "uv": [ 0, 13.75, 16, 15.25 ], "rotation": 270, "texture": "#texture", "cullface": "up" },
        "north": { "uv": [ 13.75, 0, 15.375, 0.5 ], "texture": "#texture" },
        "south": { "uv": [ 13.75, 0, 15.375, 0.5 ], "texture": "#texture" },
        "west":  { "uv": [ 0, 0, 16, 0.5 ], "texture": "#texture" },
        "east":  { "uv": [ 0, 0, 16, 0.5 ], "texture": "#texture" }
    }
},
{
    "from": [ 14, 7, 2 ],
    "to": [ 15, 14.5, 3.5 ],
    "faces": {
        "north": { "uv": [ 1, 1.5, 2, 9 ], "texture": "#texture" },
        "south": { "uv": [ 14, 1.5, 15, 9 ], "texture": "#texture" },
        "west":  { "uv": [ 2, 1.5, 3.5, 9 ], "texture": "#texture" },
        "east":  { "uv": [ 12.5, 1.5, 14, 9 ], "texture": "#texture" }
    }
},
{
    "from": [ 14, 7, 4 ],
    "to": [ 15, 14.5, 5.5 ],
    "faces": {
        "north": { "uv": [ 1, 1.5, 2, 9 ], "texture": "#texture" },
        "south": { "uv": [ 14, 1.5, 15, 9 ], "texture": "#texture" },
        "west":  { "uv": [ 4, 1.5, 5.5, 9 ], "texture": "#texture" },
        "east":  { "uv": [ 10.5, 1.5, 12, 9 ], "texture": "#texture" }
    }
},
{
    "from": [ 14, 7, 10.5 ],
    "to": [ 15, 14.5, 12 ],
    "faces": {
        "north": { "uv": [ 1, 1.5, 2, 9 ], "texture": "#texture" },
        "south": { "uv": [ 14, 1.5, 15, 9 ], "texture": "#texture" },
        "west":  { "uv": [ 10.5, 1.5, 12, 9 ], "texture": "#texture" },
        "east":  { "uv": [ 4, 1.5, 5.5, 9 ], "texture": "#texture" }
    }
},
{
    "from": [ 14, 7, 8.5 ],
    "to": [ 15, 14.5, 10 ],
    "faces": {
        "north": { "uv": [ 1, 1.5, 2, 9 ], "texture": "#texture" },
        "south": { "uv": [ 14, 1.5, 15, 9 ], "texture": "#texture" },
        "west":  { "uv": [ 8.5, 1.5, 10, 9 ], "texture": "#texture" },
        "east":  { "uv": [ 6, 1.5, 7.5, 9 ], "texture": "#texture" }
    }
},
{
    "from": [ 14, 7, 6 ],
    "to": [ 15, 14.5, 7.5 ],
    "faces": {
        "north": { "uv": [ 1, 1.5, 2, 9 ], "texture": "#texture" },
        "south": { "uv": [ 14, 1.5, 15, 9 ], "texture": "#texture" },
        "west":  { "uv": [ 6, 1.5, 7.5, 9 ], "texture": "#texture" },
        "east":  { "uv": [ 8.5, 1.5, 10, 9 ], "texture": "#texture" }
    }
},
{
    "from": [ 14, 7, 12.5 ],
    "to": [ 15, 14.5, 14 ],
    "faces": {
        "north": { "uv": [ 1, 1.5, 2, 9 ], "texture": "#texture" },
        "south": { "uv": [ 14, 1.5, 15, 9 ], "texture": "#texture" },
        "west":  { "uv": [ 12.5, 1.5, 14, 9 ], "texture": "#texture" },
        "east":  { "uv": [ 2, 1.5, 3.5, 9 ], "texture": "#texture" }
    }
},
{
    "from": [ 14, 14.5, 1.5 ],
    "to": [ 15, 15.375, 14.5 ],
    "faces": {
        "down":  { "uv": [ 1.5, 14, 14.5, 15 ], "rotation": 90, "texture": "#texture" },
        "up":    { "uv": [ 1.5, 14, 14.5, 15 ], "rotation": 270, "texture": "#texture" },
        "west":  { "uv": [ 1.5, 0.625, 14.5, 1.5 ], "texture": "#texture" },
        "east":  { "uv": [ 1.5, 0.625, 14.5, 1.5 ], "texture": "#texture" }
    }
},
{
    "from": [ 0, 7, 0 ],
    "to": [ 14, 9, 16 ],
    "faces": {
        "up":    { "uv": [ 1, 0, 15, 16 ], "texture": "#bed_head_top" },
        "north": { "uv": [ 15, 7, 1, 9 ], "texture": "#bed_head_side", "cullface": "north" },
        "south": { "uv": [ 1, 7, 15, 9 ], "texture": "#bed_head_side", "cullface": "south" },
        "east":  { "uv": [ 0, 7, 16, 9 ], "texture": "#bed_head_side" }
    }
},
{
    "from": [ 6.5, 6.25, 1.5 ],
    "to": [ 13, 8.75, 14 ],
    "rotation": { "origin": [ 6.5, 8.75, 1.5 ], "axis": "z", "angle": 22.5 },
    "faces": {
        "down":  { "uv": [ 8.5, 2, 15, 14.5 ], "rotation": 180, "texture": "#bed_head_top" },
        "up":    { "uv": [ 8.5, 2, 15, 14.5 ], "rotation": 180, "texture": "#bed_head_top" },
        "north": { "uv": [ 8.5, 4.5, 15, 7 ], "texture": "#bed_head_top" },
        "south": { "uv": [ 8.5, 4, 15, 6.5 ], "texture": "#bed_head_top" },
        "west":  { "uv": [ 8.5, 4.5, 11.5, 16 ], "rotation": 90, "texture": "#bed_head_top" },
        "east":  { "uv": [ 8.5, 4.5, 11.5, 16 ], "texture": "#bed_head_top" }
    }
},
{
    "from": [ 14, 0, 14.5 ],
    "to": [ 15, 4, 16 ],
    "faces": {
        "down":  { "uv": [ 16, 15, 14.5, 14 ], "rotation": 90, "texture": "#texture", "cullface": "down" },
        "north": { "uv": [ 1, 12, 2, 16 ], "texture": "#texture" },
        "south": { "uv": [ 14, 12, 15, 16 ], "texture": "#texture", "cullface": "south" },
        "west":  { "uv": [ 14.5, 12, 16, 16 ], "texture": "#texture" },
        "east":  { "uv": [ 0, 12, 1.5, 16 ], "texture": "#texture" }
    }
},
{
    "from": [ 14, 0, 0 ],
    "to": [ 15, 4, 1.5 ],
    "faces": {
        "down":  { "uv": [ 1.5, 15, 0, 14 ], "rotation": 90, "texture": "#texture", "cullface": "down" },
        "north": { "uv": [ 1, 12, 2, 16 ], "texture": "#texture", "cullface": "north" },
        "south": { "uv": [ 14, 12, 15, 16 ], "texture": "#texture" },
        "west":  { "uv": [ 0, 12, 1.5, 16 ], "texture": "#texture" },
        "east":  { "uv": [ 14.5, 12, 16, 16 ], "texture": "#texture" }
    }
}
],
"display": {
    "thirdperson_righthand": {
        "rotation": [ 24, -43, -14 ],
        "translation": [ 0, 0, 0 ],
        "scale": [ 0.5, 0.5, 0.5 ]
    },
    "thirdperson_lefthand": {
        "rotation": [ 24, -43, -14 ],
        "translation": [ -3.21, 0, -2.08 ],
        "scale": [ 0.5, 0.5, 0.5 ]
    },
    "head": {
        "rotation": [ 0, -90, 0 ],
        "translation": [ 0, -30.5, 0 ],
        "scale": [ 1.6, 1.6, 1.6 ]
    },
    "ground": {
        "rotation": [ 0, 0, 0 ],
        "translation": [ 0, 2, 0 ],
        "scale": [ 0.5, 0.5, 0.5 ]
    },
    "fixed": {
        "rotation": [ 0, 180, 0 ],
        "translation": [ -3.59, 0, -3.4 ],
        "scale": [ 0.5, 0.5, 0.5 ]
    },
    "firstperson_righthand": {
        "rotation": [ 0, -64, 0 ],
        "translation": [ 0, 0, 0 ],
        "scale": [ 0.5, 0.5, 0.5 ]
    },
    "firstperson_lefthand": {
        "rotation": [ 0, -64, 0 ],
        "translation": [ -1.7, 0, -1.89 ],
        "scale": [ 0.5, 0.5, 0.5 ]
    },
    "gui": {
        "rotation": [ 35, 35, 0 ],
        "translation": [ 2.27, 0, 0 ],
        "scale": [ 0.4, 0.4, 0.4 ]
    }
}
}