{
	"credit": "Made with Blockbench",
	"textures": {
		"3": "blocks/concrete_yellow",
		"4": "blocks/glass",
		"5": "blocks/concrete_red",
		"6": "painting/paintings_kristoffer_zetterstrand",
		"particle": "blocks/concrete_yellow",
		"texture": "blocks/concrete_white",
		"wheel": "blocks/piston_inner",
		"gray": "blocks/concrete_gray"
	},
	"elements": [
		{
			"name": "Box1",
			"from": [-16, 0, -5],
			"to": [-11, 1, 20],
			"rotation": {"angle": 0, "axis": "y", "origin": [8, 8, 7]},
			"faces": {
				"north": {"uv": [11, 15, 16, 16], "texture": "#gray", "tintindex": 0},
				"east": {"uv": [0, 15, 16, 16], "texture": "#gray", "tintindex": 0},
				"south": {"uv": [0, 15, 5, 16], "texture": "#gray", "tintindex": 0},
				"west": {"uv": [0, 15, 16, 16], "texture": "#gray", "tintindex": 0},
				"up": {"uv": [0, 0, 5, 16], "texture": "#gray", "tintindex": 0},
				"down": {"uv": [0, 0, 5, 16], "texture": "#gray", "tintindex": 0}
			}
		},
		{
			"name": "Box2",
			"from": [-15.5, 1.5, 2],
			"to": [-15, 2, 13],
			"rotation": {"angle": 0, "axis": "y", "origin": [8, 10, 14]},
			"faces": {
				"north": {"uv": [11, 15, 16, 16], "texture": "#gray", "tintindex": 0},
				"east": {"uv": [0, 15, 16, 16], "texture": "#gray", "tintindex": 0},
				"south": {"uv": [0, 15, 5, 16], "texture": "#gray", "tintindex": 0},
				"west": {"uv": [0, 15, 16, 16], "texture": "#gray", "tintindex": 0},
				"up": {"uv": [0, 0, 5, 16], "texture": "#gray", "tintindex": 0},
				"down": {"uv": [0, 0, 5, 16], "texture": "#gray", "tintindex": 0}
			}
		},
		{
			"name": "Box3",
			"from": [-15.5, 4, 2],
			"to": [-15, 4.5, 13],
			"rotation": {"angle": 0, "axis": "y", "origin": [8, 10, 14]},
			"faces": {
				"north": {"uv": [11, 15, 16, 16], "texture": "#gray", "tintindex": 0},
				"east": {"uv": [0, 15, 16, 16], "texture": "#gray", "tintindex": 0},
				"south": {"uv": [0, 15, 5, 16], "texture": "#gray", "tintindex": 0},
				"west": {"uv": [0, 15, 16, 16], "texture": "#gray", "tintindex": 0},
				"up": {"uv": [0, 0, 5, 16], "texture": "#gray", "tintindex": 0},
				"down": {"uv": [0, 0, 5, 16], "texture": "#gray", "tintindex": 0}
			}
		},
		{
			"name": "Box5",
			"from": [-15.5, 2, 4],
			"to": [-15, 4, 4.5],
			"rotation": {"angle": 0, "axis": "y", "origin": [8, 10, 16]},
			"faces": {
				"north": {"uv": [11, 15, 16, 16], "texture": "#gray", "tintindex": 0},
				"east": {"uv": [0, 15, 16, 16], "texture": "#gray", "tintindex": 0},
				"south": {"uv": [0, 15, 5, 16], "texture": "#gray", "tintindex": 0},
				"west": {"uv": [0, 15, 16, 16], "texture": "#gray", "tintindex": 0},
				"up": {"uv": [0, 0, 5, 16], "texture": "#gray", "tintindex": 0},
				"down": {"uv": [0, 0, 5, 16], "texture": "#gray", "tintindex": 0}
			}
		},
		{
			"name": "Box6",
			"from": [-15.5, 2, 2],
			"to": [-15, 4, 2.5],
			"rotation": {"angle": 0, "axis": "y", "origin": [8, 10, 14]},
			"faces": {
				"north": {"uv": [11, 15, 16, 16], "texture": "#gray", "tintindex": 0},
				"east": {"uv": [0, 15, 16, 16], "texture": "#gray", "tintindex": 0},
				"south": {"uv": [0, 15, 5, 16], "texture": "#gray", "tintindex": 0},
				"west": {"uv": [0, 15, 16, 16], "texture": "#gray", "tintindex": 0},
				"up": {"uv": [0, 0, 5, 16], "texture": "#gray", "tintindex": 0},
				"down": {"uv": [0, 0, 5, 16], "texture": "#gray", "tintindex": 0}
			}
		},
		{
			"name": "Box7",
			"from": [-15.5, 2, 6],
			"to": [-15, 4, 6.5],
			"rotation": {"angle": 0, "axis": "y", "origin": [8, 10, 18]},
			"faces": {
				"north": {"uv": [11, 15, 16, 16], "texture": "#gray", "tintindex": 0},
				"east": {"uv": [0, 15, 16, 16], "texture": "#gray", "tintindex": 0},
				"south": {"uv": [0, 15, 5, 16], "texture": "#gray", "tintindex": 0},
				"west": {"uv": [0, 15, 16, 16], "texture": "#gray", "tintindex": 0},
				"up": {"uv": [0, 0, 5, 16], "texture": "#gray", "tintindex": 0},
				"down": {"uv": [0, 0, 5, 16], "texture": "#gray", "tintindex": 0}
			}
		},
		{
			"name": "Box8",
			"from": [-15.5, 2, 8.5],
			"to": [-15, 4, 9],
			"rotation": {"angle": 0, "axis": "y", "origin": [8, 10, 20]},
			"faces": {
				"north": {"uv": [11, 15, 16, 16], "texture": "#gray", "tintindex": 0},
				"east": {"uv": [0, 15, 16, 16], "texture": "#gray", "tintindex": 0},
				"south": {"uv": [0, 15, 5, 16], "texture": "#gray", "tintindex": 0},
				"west": {"uv": [0, 15, 16, 16], "texture": "#gray", "tintindex": 0},
				"up": {"uv": [0, 0, 5, 16], "texture": "#gray", "tintindex": 0},
				"down": {"uv": [0, 0, 5, 16], "texture": "#gray", "tintindex": 0}
			}
		},
		{
			"name": "Box9",
			"from": [-15.5, 2, 10.5],
			"to": [-15, 4, 11],
			"rotation": {"angle": 0, "axis": "y", "origin": [8, 10, 22]},
			"faces": {
				"north": {"uv": [11, 15, 16, 16], "texture": "#gray", "tintindex": 0},
				"east": {"uv": [0, 15, 16, 16], "texture": "#gray", "tintindex": 0},
				"south": {"uv": [0, 15, 5, 16], "texture": "#gray", "tintindex": 0},
				"west": {"uv": [0, 15, 16, 16], "texture": "#gray", "tintindex": 0},
				"up": {"uv": [0, 0, 5, 16], "texture": "#gray", "tintindex": 0},
				"down": {"uv": [0, 0, 5, 16], "texture": "#gray", "tintindex": 0}
			}
		},
		{
			"name": "Box10",
			"from": [-15.5, 2, 12.5],
			"to": [-15, 4, 13],
			"rotation": {"angle": 0, "axis": "y", "origin": [8, 10, 24]},
			"faces": {
				"north": {"uv": [11, 15, 16, 16], "texture": "#gray", "tintindex": 0},
				"east": {"uv": [0, 15, 16, 16], "texture": "#gray", "tintindex": 0},
				"south": {"uv": [0, 15, 5, 16], "texture": "#gray", "tintindex": 0},
				"west": {"uv": [0, 15, 16, 16], "texture": "#gray", "tintindex": 0},
				"up": {"uv": [0, 0, 5, 16], "texture": "#gray", "tintindex": 0},
				"down": {"uv": [0, 0, 5, 16], "texture": "#gray", "tintindex": 0}
			}
		},
		{
			"name": "Box2",
			"from": [-15.5, 5, -2],
			"to": [-15, 7, 1],
			"rotation": {"angle": 0, "axis": "y", "origin": [9, 13, 10]},
			"faces": {
				"north": {"uv": [0, 15, 16, 16], "texture": "#3", "tintindex": 0},
				"east": {"uv": [0, 15, 16, 16], "texture": "#3", "tintindex": 0},
				"south": {"uv": [0, 15, 16, 16], "texture": "#3", "tintindex": 0},
				"west": {"uv": [0, 15, 16, 16], "texture": "#3", "tintindex": 0},
				"up": {"uv": [0, 15, 16, 16], "texture": "#3", "tintindex": 0},
				"down": {"uv": [0, 15, 16, 16], "texture": "#3", "tintindex": 0}
			}
		},
		{
			"name": "Box3",
			"from": [-15.5, 5, 14],
			"to": [-15, 7, 17],
			"rotation": {"angle": 0, "axis": "y", "origin": [8, 13, 26]},
			"faces": {
				"north": {"uv": [0, 15, 16, 16], "texture": "#3", "tintindex": 0},
				"east": {"uv": [0, 15, 16, 16], "texture": "#3", "tintindex": 0},
				"south": {"uv": [0, 15, 16, 16], "texture": "#3", "tintindex": 0},
				"west": {"uv": [0, 15, 16, 16], "texture": "#3", "tintindex": 0},
				"up": {"uv": [0, 15, 16, 16], "texture": "#3", "tintindex": 0},
				"down": {"uv": [0, 15, 16, 16], "texture": "#3", "tintindex": 0}
			}
		},
		{
			"name": "Box1",
			"from": [-3, 0, -5],
			"to": [19, 1, 20],
			"rotation": {"angle": 0, "axis": "y", "origin": [8, 8, 7]},
			"faces": {
				"north": {"uv": [0, 15, 16, 16], "texture": "#gray", "tintindex": 0},
				"east": {"uv": [0, 15, 16, 16], "texture": "#gray", "tintindex": 0},
				"south": {"uv": [0, 15, 16, 16], "texture": "#gray", "tintindex": 0},
				"west": {"uv": [0, 15, 16, 16], "texture": "#gray", "tintindex": 0},
				"up": {"uv": [0, 15, 16, 16], "texture": "#gray", "tintindex": 0},
				"down": {"uv": [0, 15, 16, 16], "texture": "#gray", "tintindex": 0}
			}
		},
		{
			"name": "Box1",
			"from": [27, 0, -5],
			"to": [31, 1, 20],
			"rotation": {"angle": 0, "axis": "y", "origin": [8, 8, 7]},
			"faces": {
				"north": {"uv": [11, 0, 15, 16], "texture": "#gray", "tintindex": 0},
				"east": {"uv": [11, 0, 15, 16], "texture": "#gray", "tintindex": 0},
				"south": {"uv": [11, 0, 15, 16], "texture": "#gray", "tintindex": 0},
				"west": {"uv": [11, 0, 15, 16], "texture": "#gray", "tintindex": 0},
				"up": {"uv": [11, 0, 15, 16], "texture": "#gray", "tintindex": 0},
				"down": {"uv": [11, 0, 15, 16], "texture": "#gray", "tintindex": 0}
			}
		},
		{
			"name": "Box1",
			"from": [-11, 0, -2],
			"to": [-3, 1, 17],
			"faces": {
				"north": {"uv": [3, 15, 11, 16], "texture": "#texture", "tintindex": 0},
				"east": {"uv": [0, 15, 16, 16], "texture": "#texture", "tintindex": 0},
				"south": {"uv": [5, 15, 13, 16], "texture": "#texture", "tintindex": 0},
				"west": {"uv": [0, 15, 16, 16], "texture": "#texture", "tintindex": 0},
				"up": {"uv": [5, 0, 13, 16], "texture": "#texture", "tintindex": 0},
				"down": {"uv": [5, 0, 13, 16], "texture": "#texture", "tintindex": 0}
			}
		},
		{
			"name": "Box1",
			"from": [19, 0, -2],
			"to": [27, 1, 17],
			"faces": {
				"north": {"uv": [5, 15, 13, 16], "texture": "#texture", "tintindex": 0},
				"east": {"uv": [0, 15, 16, 16], "texture": "#texture", "tintindex": 0},
				"south": {"uv": [3, 15, 11, 16], "texture": "#texture", "tintindex": 0},
				"west": {"uv": [0, 15, 16, 16], "texture": "#texture", "tintindex": 0},
				"up": {"uv": [3, 0, 11, 16], "texture": "#texture", "tintindex": 0},
				"down": {"uv": [3, 0, 11, 16], "texture": "#texture", "tintindex": 0}
			}
		},
		{
			"name": "Box2",
			"from": [18, 5, -3],
			"to": [28, 6, -1],
			"rotation": {"angle": 0, "axis": "y", "origin": [7, 13, 7]},
			"faces": {
				"north": {"uv": [5, 15, 13, 16], "texture": "#texture", "tintindex": 0},
				"east": {"uv": [0, 15, 16, 16], "texture": "#texture", "tintindex": 0},
				"south": {"uv": [3, 15, 11, 16], "texture": "#texture", "tintindex": 0},
				"west": {"uv": [0, 15, 16, 16], "texture": "#texture", "tintindex": 0},
				"up": {"uv": [3, 0, 11, 16], "texture": "#texture", "tintindex": 0},
				"down": {"uv": [3, 0, 11, 16], "texture": "#texture", "tintindex": 0}
			}
		},
		{
			"name": "Box3",
			"from": [18, 5, 16],
			"to": [28, 6, 18],
			"rotation": {"angle": 0, "axis": "y", "origin": [7, 13, 26]},
			"faces": {
				"north": {"uv": [5, 15, 13, 16], "texture": "#texture", "tintindex": 0},
				"east": {"uv": [0, 15, 16, 16], "texture": "#texture", "tintindex": 0},
				"south": {"uv": [3, 15, 11, 16], "texture": "#texture", "tintindex": 0},
				"west": {"uv": [0, 15, 16, 16], "texture": "#texture", "tintindex": 0},
				"up": {"uv": [3, 0, 11, 16], "texture": "#texture", "tintindex": 0},
				"down": {"uv": [3, 0, 11, 16], "texture": "#texture", "tintindex": 0}
			}
		},
		{
			"name": "Box6",
			"from": [-15, 1, -4],
			"to": [-11, 8, 19],
			"rotation": {"angle": 0, "axis": "y", "origin": [9, 8, 8]},
			"faces": {
				"north": {"uv": [11, 10, 16, 15], "texture": "#texture", "tintindex": 0},
				"east": {"uv": [0, 10, 16, 15], "texture": "#texture", "tintindex": 0},
				"south": {"uv": [0, 10, 5, 15], "texture": "#texture", "tintindex": 0},
				"west": {"uv": [0, 10, 16, 15], "texture": "#texture", "tintindex": 0},
				"up": {"uv": [0, 0, 5, 16], "texture": "#texture", "tintindex": 0},
				"down": {"uv": [0, 0, 5, 16], "texture": "#texture", "tintindex": 0}
			}
		},
		{
			"name": "Box6",
			"from": [-14.5, 8, -4],
			"to": [-2.5, 9, 19],
			"rotation": {"angle": 0, "axis": "y", "origin": [2, 8, 8]},
			"faces": {
				"north": {"uv": [15.5, 4, 16, 5], "texture": "#texture", "tintindex": 0},
				"east": {"uv": [0, 4, 16, 5], "texture": "#texture", "tintindex": 0},
				"south": {"uv": [0, 4, 0.5, 5], "texture": "#texture", "tintindex": 0},
				"west": {"uv": [0, 4, 16, 5], "texture": "#texture", "tintindex": 0},
				"up": {"uv": [0, 0, 0.5, 16], "texture": "#texture", "tintindex": 0},
				"down": {"uv": [0, 0, 0.5, 16], "texture": "#texture", "tintindex": 0}
			}
		},
		{
			"name": "Box6",
			"from": [-0.318, 9.318, -4],
			"to": [0.682, 18.318, -2.5],
			"rotation": {"angle": -22.5, "axis": "z", "origin": [-3.5, 17, -4]},
			"faces": {
				"north": {"uv": [15.5, 4, 16, 5], "rotation": 270, "texture": "#texture", "tintindex": 0},
				"east": {"uv": [0.5, 16, 0, 0], "rotation": 270, "texture": "#texture", "tintindex": 0},
				"south": {"uv": [0, 4, 0.5, 5], "rotation": 90, "texture": "#texture", "tintindex": 0},
				"west": {"uv": [0, 0, 0.5, 16], "rotation": 90, "texture": "#texture", "tintindex": 0},
				"up": {"uv": [16, 5, 0, 4], "rotation": 270, "texture": "#texture", "tintindex": 0},
				"down": {"uv": [0, 4, 16, 5], "rotation": 90, "texture": "#texture", "tintindex": 0}
			}
		},
		{
			"name": "Box6",
			"from": [-0.318, 9.318, 17.5],
			"to": [0.682, 18.318, 19],
			"rotation": {"angle": -22.5, "axis": "z", "origin": [-3.5, 17, 17.5]},
			"faces": {
				"north": {"uv": [15.5, 4, 16, 5], "rotation": 270, "texture": "#texture", "tintindex": 0},
				"east": {"uv": [0.5, 16, 0, 0], "rotation": 270, "texture": "#texture", "tintindex": 0},
				"south": {"uv": [0, 4, 0.5, 5], "rotation": 90, "texture": "#texture", "tintindex": 0},
				"west": {"uv": [0, 0, 0.5, 16], "rotation": 90, "texture": "#texture", "tintindex": 0},
				"up": {"uv": [16, 5, 0, 4], "rotation": 270, "texture": "#texture", "tintindex": 0},
				"down": {"uv": [0, 4, 16, 5], "rotation": 90, "texture": "#texture", "tintindex": 0}
			}
		},
		{
			"name": "Box7",
			"from": [3.682, 6.318, 12],
			"to": [4.682, 9.318, 13],
			"rotation": {"angle": -45, "axis": "z", "origin": [0.5, 14, 13.5]},
			"faces": {
				"north": {"uv": [0, 4, 0.5, 5], "rotation": 90, "texture": "#gray", "tintindex": 0},
				"east": {"uv": [0, 4, 0.5, 5], "rotation": 90, "texture": "#gray", "tintindex": 0},
				"south": {"uv": [0, 4, 0.5, 5], "rotation": 90, "texture": "#gray", "tintindex": 0},
				"west": {"uv": [0, 4, 0.5, 5], "rotation": 90, "texture": "#gray", "tintindex": 0},
				"up": {"uv": [0, 4, 0.5, 5], "rotation": 90, "texture": "#gray", "tintindex": 0},
				"down": {"uv": [0, 4, 0.5, 5], "rotation": 90, "texture": "#gray", "tintindex": 0}
			}
		},
		{
			"name": "Box6",
			"from": [0, 16, -4],
			"to": [12.7, 17, 19],
			"faces": {
				"north": {"uv": [15.5, 4, 16, 5], "texture": "#texture", "tintindex": 0},
				"east": {"uv": [0, 4, 16, 5], "texture": "#texture", "tintindex": 0},
				"south": {"uv": [0, 4, 0.5, 5], "texture": "#texture", "tintindex": 0},
				"west": {"uv": [0, 4, 16, 5], "texture": "#texture", "tintindex": 0},
				"up": {"uv": [0, 0, 0.5, 16], "texture": "#texture", "tintindex": 0},
				"down": {"uv": [0, 0, 0.5, 16], "texture": "#texture", "tintindex": 0}
			}
		},
		{
			"name": "Box6",
			"from": [28, 1, -3],
			"to": [29, 6, 18],
			"rotation": {"angle": 0, "axis": "z", "origin": [28.5, 3.5, 6.5]},
			"faces": {
				"north": {"uv": [15.5, 4, 16, 5], "texture": "#texture", "tintindex": 0},
				"east": {"uv": [0, 4, 16, 5], "texture": "#texture", "tintindex": 0},
				"south": {"uv": [0, 4, 0.5, 5], "texture": "#texture", "tintindex": 0},
				"west": {"uv": [0, 4, 16, 5], "texture": "#texture", "tintindex": 0},
				"up": {"uv": [0, 0, 0.5, 16], "texture": "#texture", "tintindex": 0},
				"down": {"uv": [0, 0, 0.5, 16], "texture": "#texture", "tintindex": 0}
			}
		},
		{
			"name": "Box19",
			"from": [19, 1, -2],
			"to": [27, 5, -1],
			"faces": {
				"north": {"uv": [10, 11, 13, 15], "texture": "#texture", "tintindex": 0},
				"east": {"uv": [1, 11, 2, 15], "texture": "#texture", "tintindex": 0},
				"south": {"uv": [3, 11, 6, 15], "texture": "#texture", "tintindex": 0},
				"west": {"uv": [14, 11, 15, 15], "texture": "#texture", "tintindex": 0},
				"up": {"uv": [3, 14, 6, 15], "texture": "#texture", "tintindex": 0},
				"down": {"uv": [3, 1, 6, 2], "texture": "#texture", "tintindex": 0}
			}
		},
		{
			"name": "Box20",
			"from": [19, 5, -4],
			"to": [29, 8, -3],
			"rotation": {"angle": 0, "axis": "y", "origin": [8, 12, 6]},
			"faces": {
				"north": {"uv": [10, 11, 13, 15], "texture": "#texture", "tintindex": 0},
				"east": {"uv": [1, 11, 2, 15], "texture": "#texture", "tintindex": 0},
				"south": {"uv": [3, 11, 6, 15], "texture": "#texture", "tintindex": 0},
				"west": {"uv": [14, 11, 15, 15], "texture": "#texture", "tintindex": 0},
				"up": {"uv": [3, 14, 6, 15], "texture": "#texture", "tintindex": 0},
				"down": {"uv": [3, 1, 6, 2], "texture": "#texture", "tintindex": 0}
			}
		},
		{
			"name": "Box21",
			"from": [28, 1, -4],
			"to": [29, 5, -3],
			"rotation": {"angle": 0, "axis": "y", "origin": [17, 8, 6]},
			"faces": {
				"north": {"uv": [10, 11, 13, 15], "texture": "#texture", "tintindex": 0},
				"east": {"uv": [1, 11, 2, 15], "texture": "#texture", "tintindex": 0},
				"south": {"uv": [3, 11, 6, 15], "texture": "#texture", "tintindex": 0},
				"west": {"uv": [14, 11, 15, 15], "texture": "#texture", "tintindex": 0},
				"up": {"uv": [3, 14, 6, 15], "texture": "#texture", "tintindex": 0},
				"down": {"uv": [3, 1, 6, 2], "texture": "#texture", "tintindex": 0}
			}
		},
		{
			"name": "Box22",
			"from": [28, 1, 18],
			"to": [29, 5, 19],
			"rotation": {"angle": 0, "axis": "y", "origin": [17, 8, 28]},
			"faces": {
				"north": {"uv": [10, 11, 13, 15], "texture": "#texture", "tintindex": 0},
				"east": {"uv": [1, 11, 2, 15], "texture": "#texture", "tintindex": 0},
				"south": {"uv": [3, 11, 6, 15], "texture": "#texture", "tintindex": 0},
				"west": {"uv": [14, 11, 15, 15], "texture": "#texture", "tintindex": 0},
				"up": {"uv": [3, 14, 6, 15], "texture": "#texture", "tintindex": 0},
				"down": {"uv": [3, 1, 6, 2], "texture": "#texture", "tintindex": 0}
			}
		},
		{
			"name": "Box23",
			"from": [29, 1, 17],
			"to": [30, 7, 19],
			"rotation": {"angle": 0, "axis": "y", "origin": [18, 8, 27]},
			"faces": {
				"north": {"uv": [10, 11, 13, 15], "texture": "#texture", "tintindex": 0},
				"east": {"uv": [1, 11, 2, 15], "texture": "#texture", "tintindex": 0},
				"south": {"uv": [3, 11, 6, 15], "texture": "#texture", "tintindex": 0},
				"west": {"uv": [14, 11, 15, 15], "texture": "#texture", "tintindex": 0},
				"up": {"uv": [3, 14, 6, 15], "texture": "#texture", "tintindex": 0},
				"down": {"uv": [3, 1, 6, 2], "texture": "#texture", "tintindex": 0}
			}
		},
		{
			"name": "Box24",
			"from": [30, 4, 17.5],
			"to": [30.5, 6.5, 18.5],
			"rotation": {"angle": 0, "axis": "y", "origin": [18, 11, 27]},
			"faces": {
				"north": {"uv": [1, 11, 2, 15], "texture": "#5", "tintindex": 0},
				"east": {"uv": [1, 11, 2, 13.5], "texture": "#5", "tintindex": 0},
				"south": {"uv": [1, 11, 2, 15], "texture": "#5", "tintindex": 0},
				"west": {"uv": [1, 11, 2, 15], "texture": "#5", "tintindex": 0},
				"up": {"uv": [1, 11, 2, 15], "texture": "#5", "tintindex": 0},
				"down": {"uv": [1, 11, 2, 15], "texture": "#5", "tintindex": 0}
			}
		},
		{
			"name": "Box25",
			"from": [29, 2, 5.5],
			"to": [29.3, 4.5, 9.5],
			"rotation": {"angle": 0, "axis": "y", "origin": [17, 9, 15]},
			"faces": {
				"north": {"uv": [8, 2.938, 10, 2.938], "texture": "#6", "tintindex": 0},
				"east": {"uv": [8, 2, 10, 3], "texture": "#6", "tintindex": 0},
				"south": {"uv": [8, 2.938, 10, 2.938], "texture": "#6", "tintindex": 0},
				"west": {"uv": [8, 2, 10, 3], "texture": "#6", "tintindex": 0},
				"up": {"uv": [8, 2.938, 10, 2.938], "texture": "#6", "tintindex": 0},
				"down": {"uv": [8, 2.938, 10, 2.938], "texture": "#6", "tintindex": 0}
			}
		},
		{
			"name": "Box25",
			"from": [30, 4, -3.5],
			"to": [30.5, 6.5, -2.5],
			"rotation": {"angle": 0, "axis": "y", "origin": [18, 11, 6]},
			"faces": {
				"north": {"uv": [1, 11, 2, 15], "texture": "#5", "tintindex": 0},
				"east": {"uv": [1, 11, 2, 13.5], "texture": "#5", "tintindex": 0},
				"south": {"uv": [1, 11, 2, 15], "texture": "#5", "tintindex": 0},
				"west": {"uv": [1, 11, 2, 15], "texture": "#5", "tintindex": 0},
				"up": {"uv": [1, 11, 2, 15], "texture": "#5", "tintindex": 0},
				"down": {"uv": [1, 11, 2, 15], "texture": "#5", "tintindex": 0}
			}
		},
		{
			"name": "Box24",
			"from": [29, 1, -4],
			"to": [30, 7, -2],
			"rotation": {"angle": 0, "axis": "y", "origin": [18, 8, 6]},
			"faces": {
				"north": {"uv": [1, 11, 2, 15], "texture": "#texture", "tintindex": 0},
				"east": {"uv": [1, 11, 2, 15], "texture": "#texture", "tintindex": 0},
				"south": {"uv": [1, 11, 2, 15], "texture": "#texture", "tintindex": 0},
				"west": {"uv": [1, 11, 2, 15], "texture": "#texture", "tintindex": 0},
				"up": {"uv": [1, 11, 2, 15], "texture": "#texture", "tintindex": 0},
				"down": {"uv": [1, 11, 2, 15], "texture": "#texture", "tintindex": 0}
			}
		},
		{
			"name": "Box21",
			"from": [19, 5, 18],
			"to": [29, 7, 19],
			"rotation": {"angle": 0, "axis": "y", "origin": [8, 12, 28]},
			"faces": {
				"north": {"uv": [10, 11, 13, 15], "texture": "#texture", "tintindex": 0},
				"east": {"uv": [1, 11, 2, 15], "texture": "#texture", "tintindex": 0},
				"south": {"uv": [3, 11, 6, 15], "texture": "#texture", "tintindex": 0},
				"west": {"uv": [14, 11, 15, 15], "texture": "#texture", "tintindex": 0},
				"up": {"uv": [3, 14, 6, 15], "texture": "#texture", "tintindex": 0},
				"down": {"uv": [3, 1, 6, 2], "texture": "#texture", "tintindex": 0}
			}
		},
		{
			"name": "Box19",
			"from": [19, 1, 16],
			"to": [27, 5, 17],
			"faces": {
				"north": {"uv": [10, 11, 13, 15], "texture": "#texture", "tintindex": 0},
				"east": {"uv": [15, 11, 16, 15], "texture": "#texture", "tintindex": 0},
				"south": {"uv": [3, 11, 6, 15], "texture": "#texture", "tintindex": 0},
				"west": {"uv": [0, 11, 1, 15], "texture": "#texture", "tintindex": 0},
				"up": {"uv": [3, 0, 6, 1], "texture": "#texture", "tintindex": 0},
				"down": {"uv": [3, 15, 6, 16], "texture": "#texture", "tintindex": 0}
			}
		},
		{
			"name": "Box19",
			"from": [-11, 1, 16],
			"to": [-3, 5, 17],
			"faces": {
				"north": {"uv": [3, 11, 11, 15], "texture": "#texture", "tintindex": 0},
				"east": {"uv": [15, 11, 16, 15], "texture": "#texture", "tintindex": 0},
				"south": {"uv": [5, 11, 13, 15], "texture": "#texture", "tintindex": 0},
				"west": {"uv": [0, 11, 1, 15], "texture": "#texture", "tintindex": 0},
				"up": {"uv": [5, 0, 13, 1], "texture": "#texture", "tintindex": 0},
				"down": {"uv": [5, 15, 13, 16], "texture": "#texture", "tintindex": 0}
			}
		},
		{
			"name": "Box19",
			"from": [-11, 1, -2],
			"to": [-3, 5, -1],
			"faces": {
				"north": {"uv": [3, 11, 11, 15], "texture": "#texture", "tintindex": 0},
				"east": {"uv": [1, 11, 2, 15], "texture": "#texture", "tintindex": 0},
				"south": {"uv": [5, 11, 13, 15], "texture": "#texture", "tintindex": 0},
				"west": {"uv": [14, 11, 15, 15], "texture": "#texture", "tintindex": 0},
				"up": {"uv": [5, 14, 13, 15], "texture": "#texture", "tintindex": 0},
				"down": {"uv": [5, 1, 13, 2], "texture": "#texture", "tintindex": 0}
			}
		},
		{
			"name": "Box6",
			"from": [-8, 5, -4],
			"to": [-3, 8, 19],
			"faces": {
				"north": {"uv": [3, 8, 8, 11], "texture": "#texture", "tintindex": 0},
				"east": {"uv": [0, 8, 16, 11], "texture": "#texture", "tintindex": 0},
				"south": {"uv": [8, 8, 13, 11], "texture": "#texture", "tintindex": 0},
				"west": {"uv": [0, 8, 16, 11], "texture": "#texture", "tintindex": 0},
				"up": {"uv": [8, 0, 13, 16], "texture": "#texture", "tintindex": 0},
				"down": {"uv": [8, 0, 13, 16], "texture": "#texture", "tintindex": 0}
			}
		},
		{
			"name": "Box6",
			"from": [-11, 5, -4],
			"to": [-8, 6.5, 19],
			"rotation": {"angle": 0, "axis": "y", "origin": [11, 8, 8]},
			"faces": {
				"north": {"uv": [8, 9.5, 14, 11], "texture": "#texture", "tintindex": 0},
				"east": {"uv": [0, 9.5, 16, 11], "texture": "#texture", "tintindex": 0},
				"south": {"uv": [2, 9.5, 8, 11], "texture": "#texture", "tintindex": 0},
				"west": {"uv": [0, 9.5, 16, 11], "texture": "#texture", "tintindex": 0},
				"up": {"uv": [2, 0, 8, 16], "texture": "#texture", "tintindex": 0},
				"down": {"uv": [2, 0, 8, 16], "texture": "#texture", "tintindex": 0}
			}
		},
		{
			"name": "Box6",
			"from": [-11, 6.5, -4],
			"to": [-8, 8, 19],
			"rotation": {"angle": 0, "axis": "y", "origin": [9, 8, 8]},
			"faces": {
				"north": {"uv": [8, 9, 12, 9.5], "texture": "#texture", "tintindex": 0},
				"east": {"uv": [0, 9, 16, 9.5], "texture": "#texture", "tintindex": 0},
				"south": {"uv": [4, 9, 8, 9.5], "texture": "#texture", "tintindex": 0},
				"west": {"uv": [0, 9, 16, 9.5], "texture": "#texture", "tintindex": 0},
				"up": {"uv": [4, 0, 8, 16], "texture": "#texture", "tintindex": 0},
				"down": {"uv": [4, 0, 8, 16], "texture": "#texture", "tintindex": 0}
			}
		},
		{
			"name": "Box28",
			"from": [-3, 1, -4],
			"to": [-2, 9, 19],
			"faces": {
				"north": {"uv": [2, 7, 3, 15], "texture": "#texture", "tintindex": 0},
				"east": {"uv": [0, 7, 16, 15], "texture": "#texture", "tintindex": 0},
				"south": {"uv": [13, 7, 14, 15], "texture": "#texture", "tintindex": 0},
				"west": {"uv": [0, 7, 16, 15], "texture": "#texture", "tintindex": 0},
				"up": {"uv": [13, 0, 14, 16], "texture": "#texture", "tintindex": 0},
				"down": {"uv": [13, 0, 14, 16], "texture": "#texture", "tintindex": 0}
			}
		},
		{
			"name": "Box29",
			"from": [11, 1, -3.99],
			"to": [12.6, 9, 18.98],
			"rotation": {"angle": 0, "axis": "y", "origin": [22, 8, 8]},
			"faces": {
				"north": {"uv": [2, 7, 3, 15], "texture": "#texture", "tintindex": 0},
				"east": {"uv": [0, 7, 16, 15], "texture": "#texture", "tintindex": 0},
				"south": {"uv": [13, 7, 14, 15], "texture": "#texture", "tintindex": 0},
				"west": {"uv": [0, 7, 16, 15], "texture": "#texture", "tintindex": 0},
				"up": {"uv": [13, 0, 14, 16], "texture": "#texture", "tintindex": 0},
				"down": {"uv": [13, 0, 14, 16], "texture": "#texture", "tintindex": 0}
			}
		},
		{
			"name": "Box30",
			"from": [12, 9, -2.5],
			"to": [12.5, 16, 17.7],
			"rotation": {"angle": 0, "axis": "y", "origin": [22, 16, 6]},
			"faces": {
				"north": {"uv": [13, 7, 14, 15], "texture": "#4", "tintindex": 0},
				"east": {"uv": [1, 0, 15, 16], "texture": "#4", "tintindex": 0},
				"south": {"uv": [2, 7, 3, 15], "texture": "#4", "tintindex": 0},
				"west": {"uv": [1, 0, 15, 16], "texture": "#4", "tintindex": 0},
				"up": {"uv": [13, 0, 14, 16], "rotation": 180, "texture": "#4", "tintindex": 0},
				"down": {"uv": [13, 0, 14, 16], "rotation": 180, "texture": "#4", "tintindex": 0}
			}
		},
		{
			"name": "Box31",
			"from": [-1.6, 4.3, -3.6],
			"to": [-1.1, 12.9, 18.4],
			"rotation": {"angle": -22.5, "axis": "z", "origin": [9, 11, 8]},
			"faces": {
				"north": {"uv": [2, 7, 3, 15], "texture": "#4", "tintindex": 0},
				"east": {"uv": [1, 0, 15, 16], "texture": "#4", "tintindex": 0},
				"south": {"uv": [13, 7, 14, 15], "texture": "#4", "tintindex": 0},
				"west": {"uv": [0, 0, 16, 16], "texture": "#4", "tintindex": 0},
				"up": {"uv": [13, 0, 14, 16], "texture": "#4", "tintindex": 0},
				"down": {"uv": [13, 0, 14, 16], "texture": "#4", "tintindex": 0}
			}
		},
		{
			"name": "Box30",
			"from": [18, 1, -3],
			"to": [19, 5, -1],
			"rotation": {"angle": 0, "axis": "y", "origin": [29, 8, 8]},
			"faces": {
				"north": {"uv": [2, 7, 3, 15], "texture": "#texture", "tintindex": 0},
				"east": {"uv": [0, 7, 16, 15], "texture": "#texture", "tintindex": 0},
				"south": {"uv": [13, 7, 14, 15], "texture": "#texture", "tintindex": 0},
				"west": {"uv": [0, 7, 16, 15], "texture": "#texture", "tintindex": 0},
				"up": {"uv": [13, 0, 14, 16], "texture": "#texture", "tintindex": 0},
				"down": {"uv": [13, 0, 14, 16], "texture": "#texture", "tintindex": 0}
			}
		},
		{
			"name": "Box31",
			"from": [27, 1, -4],
			"to": [28, 5, -1],
			"rotation": {"angle": 0, "axis": "y", "origin": [38, 8, 7]},
			"faces": {
				"north": {"uv": [2, 7, 3, 15], "texture": "#texture", "tintindex": 0},
				"east": {"uv": [0, 7, 16, 15], "texture": "#texture", "tintindex": 0},
				"south": {"uv": [13, 7, 14, 15], "texture": "#texture", "tintindex": 0},
				"west": {"uv": [0, 7, 16, 15], "texture": "#texture", "tintindex": 0},
				"up": {"uv": [13, 0, 14, 16], "texture": "#texture", "tintindex": 0},
				"down": {"uv": [13, 0, 14, 16], "texture": "#texture", "tintindex": 0}
			}
		},
		{
			"name": "Box32",
			"from": [27, 1, 16],
			"to": [28, 5, 19],
			"rotation": {"angle": 0, "axis": "y", "origin": [38, 8, 27]},
			"faces": {
				"north": {"uv": [2, 7, 3, 15], "texture": "#texture", "tintindex": 0},
				"east": {"uv": [0, 7, 16, 15], "texture": "#texture", "tintindex": 0},
				"south": {"uv": [13, 7, 14, 15], "texture": "#texture", "tintindex": 0},
				"west": {"uv": [0, 7, 16, 15], "texture": "#texture", "tintindex": 0},
				"up": {"uv": [13, 0, 14, 16], "texture": "#texture", "tintindex": 0},
				"down": {"uv": [13, 0, 14, 16], "texture": "#texture", "tintindex": 0}
			}
		},
		{
			"name": "Box31",
			"from": [18, 1, 16],
			"to": [19, 5, 18],
			"rotation": {"angle": 0, "axis": "y", "origin": [29, 8, 27]},
			"faces": {
				"north": {"uv": [2, 7, 3, 15], "texture": "#texture", "tintindex": 0},
				"east": {"uv": [0, 7, 16, 15], "texture": "#texture", "tintindex": 0},
				"south": {"uv": [13, 7, 14, 15], "texture": "#texture", "tintindex": 0},
				"west": {"uv": [0, 7, 16, 15], "texture": "#texture", "tintindex": 0},
				"up": {"uv": [13, 0, 14, 16], "texture": "#texture", "tintindex": 0},
				"down": {"uv": [13, 0, 14, 16], "texture": "#texture", "tintindex": 0}
			}
		},
		{
			"name": "Box30",
			"from": [-2, 1, -4],
			"to": [19, 8, -3],
			"faces": {
				"north": {"uv": [0, 7, 16, 15], "texture": "#texture", "tintindex": 0},
				"east": {"uv": [3, 7, 4, 15], "texture": "#texture", "tintindex": 0},
				"south": {"uv": [0, 7, 16, 15], "texture": "#texture", "tintindex": 0},
				"west": {"uv": [12, 7, 13, 15], "texture": "#texture", "tintindex": 0},
				"up": {"uv": [0, 12, 16, 13], "texture": "#texture", "tintindex": 0},
				"down": {"uv": [0, 3, 16, 4], "texture": "#texture", "tintindex": 0}
			}
		},
		{
			"name": "Box30",
			"from": [-2, 1, 18],
			"to": [19, 7, 19],
			"faces": {
				"north": {"uv": [0, 7, 16, 15], "texture": "#texture", "tintindex": 0},
				"east": {"uv": [13, 7, 14, 15], "texture": "#texture", "tintindex": 0},
				"south": {"uv": [0, 7, 16, 15], "texture": "#texture", "tintindex": 0},
				"west": {"uv": [2, 7, 3, 15], "texture": "#texture", "tintindex": 0},
				"up": {"uv": [0, 2, 16, 3], "texture": "#texture", "tintindex": 0},
				"down": {"uv": [0, 13, 16, 14], "texture": "#texture", "tintindex": 0}
			}
		},
		{
			"name": "Box6",
			"from": [11.682, 8.0251, -4],
			"to": [12.682, 16.0251, -2.5],
			"rotation": {"angle": 0, "axis": "y", "origin": [11, 7, 8]},
			"faces": {
				"north": {"uv": [15.5, 4, 16, 5], "rotation": 270, "texture": "#texture", "tintindex": 0},
				"east": {"uv": [0.5, 16, 0, 0], "rotation": 270, "texture": "#texture", "tintindex": 0},
				"south": {"uv": [0, 4, 0.5, 5], "rotation": 90, "texture": "#texture", "tintindex": 0},
				"west": {"uv": [0, 0, 0.5, 16], "rotation": 90, "texture": "#texture", "tintindex": 0},
				"up": {"uv": [16, 5, 0, 4], "rotation": 270, "texture": "#texture", "tintindex": 0},
				"down": {"uv": [0, 4, 16, 5], "rotation": 90, "texture": "#texture", "tintindex": 0}
			}
		},
		{
			"name": "Box6",
			"from": [11.682, 7.0251, 17.5],
			"to": [12.682, 16.0251, 19],
			"rotation": {"angle": 0, "axis": "y", "origin": [11, 6, 8]},
			"faces": {
				"north": {"uv": [15.5, 4, 16, 5], "rotation": 270, "texture": "#texture", "tintindex": 0},
				"east": {"uv": [0.5, 16, 0, 0], "rotation": 270, "texture": "#texture", "tintindex": 0},
				"south": {"uv": [0, 4, 0.5, 5], "rotation": 90, "texture": "#texture", "tintindex": 0},
				"west": {"uv": [0, 0, 0.5, 16], "rotation": 90, "texture": "#texture", "tintindex": 0},
				"up": {"uv": [16, 5, 0, 4], "rotation": 270, "texture": "#texture", "tintindex": 0},
				"down": {"uv": [0, 4, 16, 5], "rotation": 90, "texture": "#texture", "tintindex": 0}
			}
		},
		{
			"name": "Box34",
			"from": [-10.5, -2.5, -4],
			"to": [-3.5, 4.5, -2],
			"faces": {
				"north": {"uv": [0, 0, 16, 16], "texture": "#wheel"},
				"east": {"uv": [8, 15, 9, 16], "texture": "#wheel"},
				"south": {"uv": [0, 0, 16, 16], "texture": "#wheel"},
				"west": {"uv": [8, 15, 9, 16], "texture": "#wheel"},
				"up": {"uv": [8, 15, 9, 16], "texture": "#wheel"},
				"down": {"uv": [8, 15, 9, 16], "texture": "#wheel"}
			}
		},
		{
			"name": "Box38",
			"from": [6.5, 4.5, -2],
			"to": [7.5, 12.5, 17],
			"rotation": {"angle": -22.5, "axis": "z", "origin": [6.5, 4.5, -2]},
			"faces": {
				"north": {"uv": [14.5, 5, 15.5, 13], "texture": "#gray"},
				"east": {"uv": [0, 5, 16, 13], "texture": "#gray"},
				"south": {"uv": [0.5, 5, 1.5, 13], "texture": "#gray"},
				"west": {"uv": [0, 5, 16, 13], "texture": "#gray"},
				"up": {"uv": [0.5, 0, 1.5, 16], "texture": "#gray"},
				"down": {"uv": [0.5, 0, 1.5, 16], "texture": "#gray"}
			}
		},
		{
			"name": "Box40",
			"from": [11.5, 1, -3],
			"to": [18, 2, 18],
			"rotation": {"angle": 0, "axis": "y", "origin": [8, 5, 7]},
			"faces": {
				"north": {"uv": [0, 11, 4.5, 12], "texture": "#gray"},
				"east": {"uv": [0, 11, 16, 12], "texture": "#gray"},
				"south": {"uv": [11.5, 11, 16, 12], "texture": "#gray"},
				"west": {"uv": [0, 11, 16, 12], "texture": "#gray"},
				"up": {"uv": [11.5, 0, 16, 16], "texture": "#gray"},
				"down": {"uv": [11.5, 0, 16, 16], "texture": "#gray"}
			}
		},
		{
			"name": "Box41",
			"from": [18, 1, -1],
			"to": [28, 2, 16],
			"rotation": {"angle": 0, "axis": "y", "origin": [15, 5, 9]},
			"faces": {
				"north": {"uv": [0, 11, 4.5, 12], "texture": "#gray"},
				"east": {"uv": [0, 11, 16, 12], "texture": "#gray"},
				"south": {"uv": [11.5, 11, 16, 12], "texture": "#gray"},
				"west": {"uv": [0, 11, 16, 12], "texture": "#gray"},
				"up": {"uv": [11.5, 0, 16, 16], "texture": "#gray"},
				"down": {"uv": [11.5, 0, 16, 16], "texture": "#gray"}
			}
		},
		{
			"name": "Box40",
			"from": [2, 4, -2],
			"to": [7, 5, 17.5],
			"faces": {
				"north": {"uv": [9, 11, 14, 12], "texture": "#gray"},
				"east": {"uv": [0, 11, 16, 12], "texture": "#gray"},
				"south": {"uv": [2, 11, 7, 12], "texture": "#gray"},
				"west": {"uv": [0, 11, 16, 12], "texture": "#gray"},
				"up": {"uv": [2, 0, 7, 16], "texture": "#gray"},
				"down": {"uv": [2, 0, 7, 16], "texture": "#gray"}
			}
		},
		{
			"name": "Box34",
			"from": [-10.5, -2.5, 17],
			"to": [-3.5, 4.5, 19],
			"faces": {
				"north": {"uv": [0, 0, 16, 16], "texture": "#wheel"},
				"east": {"uv": [8, 15, 9, 16], "texture": "#wheel"},
				"south": {"uv": [0, 0, 16, 16], "texture": "#wheel"},
				"west": {"uv": [8, 15, 9, 16], "texture": "#wheel"},
				"up": {"uv": [8, 15, 9, 16], "texture": "#wheel"},
				"down": {"uv": [8, 15, 9, 16], "texture": "#wheel"}
			}
		},
		{
			"name": "Box35",
			"from": [-0.8, 6.2, 10.5],
			"to": [-0.3, 10.2, 14.5],
			"rotation": {"angle": 22.5, "axis": "z", "origin": [-0.5, 9, 13.3]},
			"faces": {
				"north": {"uv": [8, 15, 9, 16], "texture": "#wheel"},
				"east": {"uv": [0, 0, 16, 16], "texture": "#wheel"},
				"south": {"uv": [8, 15, 9, 16], "texture": "#wheel"},
				"west": {"uv": [0, 0, 16, 16], "texture": "#wheel"},
				"up": {"uv": [8, 15, 9, 16], "rotation": 90, "texture": "#wheel"},
				"down": {"uv": [8, 15, 9, 16], "rotation": 270, "texture": "#wheel"}
			}
		},
		{
			"name": "Box34",
			"from": [19.5, -2.5, 17],
			"to": [26.5, 4.5, 19],
			"faces": {
				"north": {"uv": [0, 0, 16, 16], "texture": "#wheel"},
				"east": {"uv": [8, 15, 9, 16], "texture": "#wheel"},
				"south": {"uv": [0, 0, 16, 16], "texture": "#wheel"},
				"west": {"uv": [8, 15, 9, 16], "texture": "#wheel"},
				"up": {"uv": [8, 15, 9, 16], "texture": "#wheel"},
				"down": {"uv": [8, 15, 9, 16], "texture": "#wheel"}
			}
		},
		{
			"name": "Box34",
			"from": [19.5, -2.5, -4],
			"to": [26.5, 4.5, -2],
			"faces": {
				"north": {"uv": [0, 0, 16, 16], "texture": "#wheel"},
				"east": {"uv": [8, 15, 9, 16], "texture": "#wheel"},
				"south": {"uv": [0, 0, 16, 16], "texture": "#wheel"},
				"west": {"uv": [8, 15, 9, 16], "texture": "#wheel"},
				"up": {"uv": [8, 15, 9, 16], "texture": "#wheel"},
				"down": {"uv": [8, 15, 9, 16], "texture": "#wheel"}
			}
		}
	],
	"display": {
		"gui": {
			"rotation": [20, 41, 0],
			"scale": [0.3, 0.3, 0.3]
		},
		"head": {
			"rotation": [0, -90, 0],
			"translation": [0, -11.82, 0],
			"scale": [3, 3, 3]
		}
	}
}