{
"__comment": "Designed by Tomshalev01",
"textures": {
    "0": "blocks/food_unwraps/plaincolors",
    "1": "blocks/furniture/stove_top",
    "2": "blocks/wool_colored_black"
},
"elements": [ 
{
    "from": [ 4.75, 0.1875, 7.3125 ],
    "to": [ 6.85, 5.1875, 8.7125 ],
    "rotation": { "origin": [ 4.75, 5.1875, 7.3125 ], "axis": "z", "angle": -22.5 },
    "faces": {
        "down":  { "uv": [ 4, 0, 5, 1 ], "texture": "#0" },
        "up":    { "uv": [ 4, 0, 5, 1 ], "texture": "#0" },
        "north": { "uv": [ 4, 0, 5, 1 ], "texture": "#0" },
        "south": { "uv": [ 4, 0, 5, 1 ], "texture": "#0" },
        "west":  { "uv": [ 4, 0, 5, 1 ], "texture": "#0" },
        "east":  { "uv": [ 4, 0, 5, 1 ], "texture": "#0" }
    }
},
{
    "from": [ 2.8125, 0.25, 7.3125 ],
    "to": [ 4.8125, 0.75, 8.7125 ],
    "rotation": { "origin": [ 2.8125, 0.75, 7.3125 ], "axis": "z", "angle": -22.5 },
    "faces": {
        "down":  { "uv": [ 4, 0, 5, 1 ], "texture": "#0" },
        "up":    { "uv": [ 4, 0, 5, 1 ], "texture": "#0" },
        "north": { "uv": [ 4, 0, 5, 1 ], "texture": "#0" },
        "south": { "uv": [ 4, 0, 5, 1 ], "texture": "#0" },
        "west":  { "uv": [ 4, 0, 5, 1 ], "texture": "#0" },
        "east":  { "uv": [ 4, 0, 5, 1 ], "texture": "#0" }
    }
},
{
    "from": [ 3.3125, 0.2375, 7.3125 ],
    "to": [ 4.9125, 0.4375, 8.7125 ],
    "rotation": { "origin": [ 3.3125, 0.4375, 7.3125 ], "axis": "z", "angle": -22.5 },
    "faces": {
        "down":  { "uv": [ 0, 0, 1, 1 ], "texture": "#0" },
        "up":    { "uv": [ 0, 0, 1, 1 ], "texture": "#0" },
        "north": { "uv": [ 0, 0, 1, 1 ], "texture": "#0" },
        "south": { "uv": [ 0, 0, 1, 1 ], "texture": "#0" },
        "west":  { "uv": [ 0, 0, 1, 1 ], "texture": "#0" },
        "east":  { "uv": [ 0, 0, 1, 1 ], "texture": "#0" }
    }
},
{
    "from": [ 3.375, 0.3375, 7.5 ],
    "to": [ 4.775, 0.4375, 8.5 ],
    "rotation": { "origin": [ 3.375, 0.4375, 7.5 ], "axis": "z", "angle": -22.5 },
    "faces": {
        "down":  { "uv": [ 3, 0, 4, 1 ], "texture": "#0" },
        "up":    { "uv": [ 3, 0, 4, 1 ], "texture": "#0" },
        "north": { "uv": [ 3, 0, 4, 1 ], "texture": "#0" },
        "south": { "uv": [ 3, 0, 4, 1 ], "texture": "#0" },
        "west":  { "uv": [ 3, 0, 4, 1 ], "texture": "#0" },
        "east":  { "uv": [ 3, 0, 4, 1 ], "texture": "#0" }
    }
},
{
    "from": [ 4.8, 4.6, 7.2 ],
    "to": [ 7.9, 5.4, 8.8 ],
    "faces": {
        "down":  { "uv": [ 12, 2, 15.1, 3.6 ], "texture": "#1" },
        "up":    { "uv": [ 12, 1, 15.100000381469727, 2.5999999046325684 ], "texture": "#1" },
        "north": { "uv": [ 12, 3, 15.100000381469727, 3.7999999523162842 ], "texture": "#1" },
        "south": { "uv": [ 12, 3, 15.100000381469727, 3.7999999523162842 ], "texture": "#1" },
        "west":  { "uv": [ 1, 1, 2, 2 ], "texture": "#1" },
        "east":  { "uv": [ 1, 1, 2.5999999046325684, 1.7999999523162842 ], "texture": "#1" }
    }
},
{
    "from": [ 4, 5, 7.2 ],
    "to": [ 4.8, 5.4, 8.8 ],
    "faces": {
        "down":  { "uv": [ 15, 3, 15.8, 4.6 ], "texture": "#1" },
        "up":    { "uv": [ 15, 2, 15.800000190734863, 3.5999999046325684 ], "texture": "#1" },
        "north": { "uv": [ 15, 3, 15.800000190734863, 3.4000000953674316 ], "texture": "#1" },
        "south": { "uv": [ 15, 3, 15.800000190734863, 3.4000000953674316 ], "texture": "#1" },
        "west":  { "uv": [ 14, 4, 15.600000381469727, 4.4000000953674316 ], "texture": "#1" },
        "east":  { "uv": [ 14, 2, 15.600000381469727, 2.4000000953674316 ], "texture": "#1" }
    }
},
{
    "from": [ 4.625, 0.5625, 7.25 ],
    "to": [ 5.625, 4.5625, 8.83 ],
    "rotation": { "origin": [ 4.625, 4.5625, 7.25 ], "axis": "z", "angle": -22.5 },
    "faces": {
        "down":  { "uv": [ 15, 8, 16, 9.58 ], "texture": "#1" },
        "up":    { "uv": [ 15, 6, 16, 7.5799999237060547 ], "texture": "#1" },
        "north": { "uv": [ 15, 5, 16, 5.4000000953674316 ], "texture": "#1" },
        "south": { "uv": [ 15, 6, 16, 6.4000000953674316 ], "texture": "#1" },
        "west":  { "uv": [ 14, 6, 15.579999923706055, 6.4000000953674316 ], "texture": "#1" },
        "east":  { "uv": [ 14, 5, 15.579999923706055, 5.4000000953674316 ], "texture": "#1" }
    }
},
{
    "from": [ 9.5, 4.9, 7.3 ],
    "to": [ 11.7, 5.4, 8.7 ],
    "faces": {
        "down":  { "uv": [ 4, 3, 6.2, 4.4 ], "texture": "#1" },
        "up":    { "uv": [ 5, 3, 7.1999998092651367, 4.4000000953674316 ], "texture": "#1" },
        "north": { "uv": [ 7, 5, 9.1999998092651367, 5.5 ], "texture": "#1" },
        "south": { "uv": [ 6, 5, 8.1999998092651367, 5.5 ], "texture": "#1" },
        "west":  { "uv": [ 5, 5, 6.4000000953674316, 5.5 ], "texture": "#1" },
        "east":  { "uv": [ 7, 3, 8.3999996185302734, 3.5 ], "texture": "#1" }
    }
},
{
    "from": [ 7.9, 4.6, 7.3 ],
    "to": [ 8.2, 5.4, 8.7 ],
    "faces": {
        "down":  { "uv": [ 1, 1, 1.3, 2.4 ], "texture": "#1" },
        "up":    { "uv": [ 1, 1, 1.2999999523162842, 2.4000000953674316 ], "texture": "#1" },
        "north": { "uv": [ 1, 1, 1.2999999523162842, 1.7999999523162842 ], "texture": "#1" },
        "south": { "uv": [ 1, 1, 1.2999999523162842, 1.7999999523162842 ], "texture": "#1" },
        "west":  { "uv": [ 1, 1, 2.4000000953674316, 1.7999999523162842 ], "texture": "#1" },
        "east":  { "uv": [ 1, 1, 2.4000000953674316, 1.7999999523162842 ], "texture": "#1" }
    }
},
{
    "from": [ 8, 5, 7.2 ],
    "to": [ 8.1, 5.3, 7.3 ],
    "faces": {
        "down":  { "uv": [ 4, 0, 5, 1 ], "texture": "#0" },
        "up":    { "uv": [ 4, 0, 5, 1 ], "texture": "#0" },
        "north": { "uv": [ 4, 0, 5, 1 ], "texture": "#0" },
        "south": { "uv": [ 4, 0, 5, 1 ], "texture": "#0" },
        "west":  { "uv": [ 4, 0, 5, 1 ], "texture": "#0" },
        "east":  { "uv": [ 4, 0, 5, 1 ], "texture": "#0" }
    }
},
{
    "from": [ 8, 5, 8.7 ],
    "to": [ 8.1, 5.3, 8.8 ],
    "faces": {
        "down":  { "uv": [ 5, 0, 6, 1 ], "texture": "#0" },
        "up":    { "uv": [ 5, 0, 6, 1 ], "texture": "#0" },
        "north": { "uv": [ 5, 0, 6, 1 ], "texture": "#0" },
        "south": { "uv": [ 5, 0, 6, 1 ], "texture": "#0" },
        "west":  { "uv": [ 5, 0, 6, 1 ], "texture": "#0" },
        "east":  { "uv": [ 5, 0, 6, 1 ], "texture": "#0" }
    }
},
{
    "from": [ 8.2, 4.6, 7.2 ],
    "to": [ 9.5, 5.4, 8.8 ],
    "faces": {
        "down":  { "uv": [ 1, 1, 2.3, 2.6 ], "texture": "#1" },
        "up":    { "uv": [ 1, 1, 2.2999999523162842, 2.5999999046325684 ], "texture": "#1" },
        "north": { "uv": [ 6, 4, 7.3000001907348633, 4.8000001907348633 ], "texture": "#1" },
        "south": { "uv": [ 5, 4, 6.3000001907348633, 4.8000001907348633 ], "texture": "#1" },
        "west":  { "uv": [ 1, 1, 2, 2 ], "texture": "#1" },
        "east":  { "uv": [ 1, 1, 2.5999999046325684, 1.7999999523162842 ], "texture": "#1" }
    }
},
{
    "from": [ 9.5, 4.7, 7.4 ],
    "to": [ 11.7, 4.9, 8.6 ],
    "faces": {
        "down":  { "uv": [ 1, 1, 3.2, 2.2 ], "texture": "#1" },
        "up":    { "uv": [ 1, 1, 3.2000000476837158, 2.2000000476837158 ], "texture": "#1" },
        "north": { "uv": [ 1, 5, 3.2000000476837158, 5.1999998092651367 ], "texture": "#1" },
        "south": { "uv": [ 1, 1, 3.2000000476837158, 1.2000000476837158 ], "texture": "#1" },
        "west":  { "uv": [ 1, 1, 2.2000000476837158, 1.2000000476837158 ], "texture": "#1" },
        "east":  { "uv": [ 1, 1, 2.2000000476837158, 1.2000000476837158 ], "texture": "#1" }
    }
},
{
    "from": [ 9.5, 4.6, 7.3 ],
    "to": [ 11.7, 4.7, 8.7 ],
    "faces": {
        "down":  { "uv": [ 1, 1, 3.2, 2.4 ], "texture": "#1" },
        "up":    { "uv": [ 1, 1, 3.2000000476837158, 2.4000000953674316 ], "texture": "#1" },
        "north": { "uv": [ 1, 1, 3.2000000476837158, 1.1000000238418579 ], "texture": "#1" },
        "south": { "uv": [ 1, 1, 3.2000000476837158, 1.1000000238418579 ], "texture": "#1" },
        "west":  { "uv": [ 1, 1, 2.4000000953674316, 1.1000000238418579 ], "texture": "#1" },
        "east":  { "uv": [ 1, 1, 2.4000000953674316, 1.1000000238418579 ], "texture": "#1" }
    }
},
{
    "from": [ 4, 6.4, 7.5 ],
    "to": [ 7, 6.6, 8.5 ],
    "faces": {
        "up":    { "uv": [ 1, 4, 4, 5 ], "texture": "#1" },
        "north": { "uv": [ 2, 2, 5, 2.2000000476837158 ], "texture": "#1" },
        "south": { "uv": [ 1, 4, 4, 4.1999998092651367 ], "texture": "#1" },
        "west":  { "uv": [ 1, 4, 2, 4.1999998092651367 ], "texture": "#1" },
        "east":  { "uv": [ 1, 3, 2, 3.2000000476837158 ], "texture": "#1" }
    }
},
{
    "from": [ 6.2, 5.4, 7.3 ],
    "to": [ 7, 6.4, 8.7 ],
    "faces": {
        "north": { "uv": [ 1, 4, 1.7999999523162842, 5 ], "texture": "#1" },
        "south": { "uv": [ 1, 4, 1.7999999523162842, 5 ], "texture": "#1" },
        "west":  { "uv": [ 1, 4, 2.4000000953674316, 5 ], "texture": "#1" },
        "east":  { "uv": [ 1, 4, 2.4000000953674316, 5 ], "texture": "#1" }
    }
},
{
    "from": [ 6.2, 6.2, 7.3 ],
    "to": [ 7, 6.4, 7.6 ],
    "faces": {
        "down":  { "uv": [ 1, 4, 1.8, 4.3 ], "texture": "#1" },
        "up":    { "uv": [ 1, 4, 1.7999999523162842, 4.3000001907348633 ], "texture": "#1" },
        "north": { "uv": [ 1, 4, 1.7999999523162842, 4.1999998092651367 ], "texture": "#1" },
        "south": { "uv": [ 1, 4, 1.7999999523162842, 4.1999998092651367 ], "texture": "#1" },
        "west":  { "uv": [ 1, 4, 1.2999999523162842, 4.1999998092651367 ], "texture": "#1" },
        "east":  { "uv": [ 1, 4, 1.2999999523162842, 4.1999998092651367 ], "texture": "#1" }
    }
},
{
    "from": [ 6.2, 6.2, 8.4 ],
    "to": [ 11.7, 6.4, 8.7 ],
    "faces": {
        "down":  { "uv": [ 1, 4, 6.5, 4.3 ], "texture": "#1" },
        "up":    { "uv": [ 1, 4, 6.5, 4.3000001907348633 ], "texture": "#1" },
        "north": { "uv": [ 1, 4, 6.5, 4.1999998092651367 ], "texture": "#1" },
        "south": { "uv": [ 1, 4, 6.5, 4.1999998092651367 ], "texture": "#1" },
        "west":  { "uv": [ 1, 4, 2, 5 ], "texture": "#1" },
        "east":  { "uv": [ 1, 4, 1.2999999523162842, 4.1999998092651367 ], "texture": "#1" }
    }
},
{
    "from": [ 4, 5.4, 7.3 ],
    "to": [ 4.5, 6.4, 8.7 ],
    "faces": {
        "down":  { "uv": [ 1, 4, 1.5, 5.4 ], "texture": "#1" },
        "up":    { "uv": [ 1, 4, 1.5, 5.4000000953674316 ], "texture": "#1" },
        "north": { "uv": [ 1, 2, 1.5, 3 ], "texture": "#1" },
        "south": { "uv": [ 1, 4, 1.5, 5 ], "texture": "#1" },
        "west":  { "uv": [ 1, 4, 2.4000000953674316, 5 ], "texture": "#1" },
        "east":  { "uv": [ 1, 4, 2.4000000953674316, 5 ], "texture": "#1" }
    }
},
{
    "from": [ 4.5, 5.4, 7.4 ],
    "to": [ 6.2, 6.4, 8.6 ],
    "faces": {
        "north": { "uv": [ 1, 4, 2.7000000476837158, 5 ], "texture": "#2" },
        "south": { "uv": [ 1, 4, 2.7000000476837158, 5 ], "texture": "#2" }
    }
},
{
    "from": [ 4.7, 5.4, 7.3 ],
    "to": [ 4.8, 6.4, 8.7 ],
    "faces": {
        "down":  { "uv": [ 1, 4, 1.1, 5.4 ], "texture": "#1" },
        "up":    { "uv": [ 1, 4, 1.1000000238418579, 5.4000000953674316 ], "texture": "#1" },
        "north": { "uv": [ 1, 4, 1.1000000238418579, 5 ], "texture": "#1" },
        "south": { "uv": [ 1, 4, 1.1000000238418579, 5 ], "texture": "#1" },
        "west":  { "uv": [ 1, 4, 2.4000000953674316, 5 ], "texture": "#1" },
        "east":  { "uv": [ 1, 4, 2.4000000953674316, 5 ], "texture": "#1" }
    }
},
{
    "from": [ 5, 5.4, 7.3 ],
    "to": [ 5.1, 6.4, 8.7 ],
    "faces": {
        "down":  { "uv": [ 1, 4, 1.1, 5.4 ], "texture": "#1" },
        "up":    { "uv": [ 1, 4, 1.1000000238418579, 5.4000000953674316 ], "texture": "#1" },
        "north": { "uv": [ 1, 4, 1.1000000238418579, 5 ], "texture": "#1" },
        "south": { "uv": [ 1, 4, 1.1000000238418579, 5 ], "texture": "#1" },
        "west":  { "uv": [ 1, 4, 2.4000000953674316, 5 ], "texture": "#1" },
        "east":  { "uv": [ 1, 4, 2.4000000953674316, 5 ], "texture": "#1" }
    }
},
{
    "from": [ 5.3, 5.4, 7.3 ],
    "to": [ 5.4, 6.4, 8.7 ],
    "faces": {
        "down":  { "uv": [ 1, 4, 1.1, 5.4 ], "texture": "#1" },
        "up":    { "uv": [ 1, 4, 1.1000000238418579, 5.4000000953674316 ], "texture": "#1" },
        "north": { "uv": [ 1, 4, 1.1000000238418579, 5 ], "texture": "#1" },
        "south": { "uv": [ 1, 4, 1.1000000238418579, 5 ], "texture": "#1" },
        "west":  { "uv": [ 1, 4, 2.4000000953674316, 5 ], "texture": "#1" },
        "east":  { "uv": [ 1, 4, 2.4000000953674316, 5 ], "texture": "#1" }
    }
},
{
    "from": [ 5.6, 5.4, 7.3 ],
    "to": [ 5.7, 6.4, 8.7 ],
    "faces": {
        "down":  { "uv": [ 1, 4, 1.1, 5.4 ], "texture": "#1" },
        "up":    { "uv": [ 1, 4, 1.1000000238418579, 5.4000000953674316 ], "texture": "#1" },
        "north": { "uv": [ 1, 4, 1.1000000238418579, 5 ], "texture": "#1" },
        "south": { "uv": [ 1, 4, 1.1000000238418579, 5 ], "texture": "#1" },
        "west":  { "uv": [ 1, 4, 2.4000000953674316, 5 ], "texture": "#1" },
        "east":  { "uv": [ 1, 4, 2.4000000953674316, 5 ], "texture": "#1" }
    }
},
{
    "from": [ 5.9, 5.4, 7.3 ],
    "to": [ 6, 6.4, 8.7 ],
    "faces": {
        "down":  { "uv": [ 1, 4, 1.1, 5.4 ], "texture": "#1" },
        "up":    { "uv": [ 1, 4, 1.1000000238418579, 5.4000000953674316 ], "texture": "#1" },
        "north": { "uv": [ 1, 4, 1.1000000238418579, 5 ], "texture": "#1" },
        "south": { "uv": [ 1, 4, 1.1000000238418579, 5 ], "texture": "#1" },
        "west":  { "uv": [ 1, 4, 2.4000000953674316, 5 ], "texture": "#1" },
        "east":  { "uv": [ 1, 4, 2.4000000953674316, 5 ], "texture": "#1" }
    }
},
{
    "from": [ 4, 6.2, 7.3 ],
    "to": [ 4.5, 6.4, 7.6 ],
    "faces": {
        "down":  { "uv": [ 1, 4, 1.5, 4.3 ], "texture": "#1" },
        "up":    { "uv": [ 1, 4, 1.5, 4.3000001907348633 ], "texture": "#1" },
        "north": { "uv": [ 1, 4, 1.5, 4.1999998092651367 ], "texture": "#1" },
        "south": { "uv": [ 1, 4, 1.5, 4.1999998092651367 ], "texture": "#1" },
        "west":  { "uv": [ 1, 4, 1.2999999523162842, 4.1999998092651367 ], "texture": "#1" },
        "east":  { "uv": [ 1, 4, 1.2999999523162842, 4.1999998092651367 ], "texture": "#1" }
    }
},
{
    "from": [ 4.5, 6.2, 7.4 ],
    "to": [ 6.2, 6.4, 7.6 ],
    "faces": {
        "down":  { "uv": [ 1, 4, 2.7, 4.2 ], "texture": "#1" },
        "up":    { "uv": [ 1, 4, 2.7000000476837158, 4.1999998092651367 ], "texture": "#1" },
        "north": { "uv": [ 1, 4, 2.7000000476837158, 4.1999998092651367 ], "texture": "#1" },
        "south": { "uv": [ 1, 4, 2.7000000476837158, 4.1999998092651367 ], "texture": "#1" },
        "west":  { "uv": [ 1, 4, 1.1999999284744263, 4.1999998092651367 ], "texture": "#1" },
        "east":  { "uv": [ 1, 4, 1.1999999284744263, 4.1999998092651367 ], "texture": "#1" }
    }
},
{
    "from": [ 4.7, 6.2, 7.3 ],
    "to": [ 4.8, 6.4, 7.4 ],
    "faces": {
        "down":  { "uv": [ 1, 4, 1.1, 4.1 ], "texture": "#1" },
        "up":    { "uv": [ 1, 4, 1.1000000238418579, 4.0999999046325684 ], "texture": "#1" },
        "north": { "uv": [ 1, 4, 1.1000000238418579, 4.1999998092651367 ], "texture": "#1" },
        "south": { "uv": [ 1, 4, 1.1000000238418579, 4.1999998092651367 ], "texture": "#1" },
        "west":  { "uv": [ 1, 4, 1.1000000238418579, 4.1999998092651367 ], "texture": "#1" },
        "east":  { "uv": [ 1, 4, 1.1000000238418579, 4.1999998092651367 ], "texture": "#1" }
    }
},
{
    "from": [ 5, 6.2, 7.3 ],
    "to": [ 5.1, 6.4, 7.4 ],
    "faces": {
        "down":  { "uv": [ 1, 4, 1.1, 4.1 ], "texture": "#1" },
        "up":    { "uv": [ 1, 4, 1.1000000238418579, 4.0999999046325684 ], "texture": "#1" },
        "north": { "uv": [ 1, 4, 1.1000000238418579, 4.1999998092651367 ], "texture": "#1" },
        "south": { "uv": [ 1, 4, 1.1000000238418579, 4.1999998092651367 ], "texture": "#1" },
        "west":  { "uv": [ 1, 4, 1.1000000238418579, 4.1999998092651367 ], "texture": "#1" },
        "east":  { "uv": [ 1, 4, 1.1000000238418579, 4.1999998092651367 ], "texture": "#1" }
    }
},
{
    "from": [ 5.3, 6.2, 7.3 ],
    "to": [ 5.4, 6.4, 7.4 ],
    "faces": {
        "down":  { "uv": [ 1, 4, 1.1, 4.1 ], "texture": "#1" },
        "up":    { "uv": [ 1, 4, 1.1000000238418579, 4.0999999046325684 ], "texture": "#1" },
        "north": { "uv": [ 1, 4, 1.1000000238418579, 4.1999998092651367 ], "texture": "#1" },
        "south": { "uv": [ 1, 4, 1.1000000238418579, 4.1999998092651367 ], "texture": "#1" },
        "west":  { "uv": [ 1, 4, 1.1000000238418579, 4.1999998092651367 ], "texture": "#1" },
        "east":  { "uv": [ 1, 4, 1.1000000238418579, 4.1999998092651367 ], "texture": "#1" }
    }
},
{
    "from": [ 5.6, 6.2, 7.3 ],
    "to": [ 5.7, 6.4, 7.4 ],
    "faces": {
        "down":  { "uv": [ 1, 4, 1.1, 4.1 ], "texture": "#1" },
        "up":    { "uv": [ 1, 4, 1.1000000238418579, 4.0999999046325684 ], "texture": "#1" },
        "north": { "uv": [ 1, 4, 1.1000000238418579, 4.1999998092651367 ], "texture": "#1" },
        "south": { "uv": [ 1, 4, 1.1000000238418579, 4.1999998092651367 ], "texture": "#1" },
        "west":  { "uv": [ 1, 4, 1.1000000238418579, 4.1999998092651367 ], "texture": "#1" },
        "east":  { "uv": [ 1, 4, 1.1000000238418579, 4.1999998092651367 ], "texture": "#1" }
    }
},
{
    "from": [ 5.9, 6.2, 7.3 ],
    "to": [ 6, 6.4, 7.4 ],
    "faces": {
        "down":  { "uv": [ 1, 4, 1.1, 4.1 ], "texture": "#1" },
        "up":    { "uv": [ 1, 4, 1.1000000238418579, 4.0999999046325684 ], "texture": "#1" },
        "north": { "uv": [ 1, 4, 1.1000000238418579, 4.1999998092651367 ], "texture": "#1" },
        "south": { "uv": [ 1, 4, 1.1000000238418579, 4.1999998092651367 ], "texture": "#1" },
        "west":  { "uv": [ 1, 4, 1.1000000238418579, 4.1999998092651367 ], "texture": "#1" },
        "east":  { "uv": [ 1, 4, 1.1000000238418579, 4.1999998092651367 ], "texture": "#1" }
    }
},
{
    "from": [ 4, 6.2, 8.4 ],
    "to": [ 4.5, 6.4, 8.7 ],
    "faces": {
        "down":  { "uv": [ 1, 4, 1.5, 4.3 ], "texture": "#1" },
        "up":    { "uv": [ 1, 4, 1.5, 4.3000001907348633 ], "texture": "#1" },
        "north": { "uv": [ 1, 4, 1.5, 4.1999998092651367 ], "texture": "#1" },
        "south": { "uv": [ 1, 4, 1.5, 4.1999998092651367 ], "texture": "#1" },
        "west":  { "uv": [ 1, 4, 1.2999999523162842, 4.1999998092651367 ], "texture": "#1" },
        "east":  { "uv": [ 1, 4, 1.2999999523162842, 4.1999998092651367 ], "texture": "#1" }
    }
},
{
    "from": [ 4.5, 6.2, 8.4 ],
    "to": [ 6.2, 6.4, 8.6 ],
    "faces": {
        "down":  { "uv": [ 1, 4, 2.7, 4.2 ], "texture": "#1" },
        "up":    { "uv": [ 1, 4, 2.7000000476837158, 4.1999998092651367 ], "texture": "#1" },
        "north": { "uv": [ 1, 4, 2.7000000476837158, 4.1999998092651367 ], "texture": "#1" },
        "south": { "uv": [ 1, 4, 2.7000000476837158, 4.1999998092651367 ], "texture": "#1" },
        "west":  { "uv": [ 1, 4, 1.1999999284744263, 4.1999998092651367 ], "texture": "#1" },
        "east":  { "uv": [ 1, 4, 1.1999999284744263, 4.1999998092651367 ], "texture": "#1" }
    }
},
{
    "from": [ 4.7, 6.2, 8.6 ],
    "to": [ 4.8, 6.4, 8.7 ],
    "faces": {
        "down":  { "uv": [ 1, 4, 1.1, 4.1 ], "texture": "#1" },
        "up":    { "uv": [ 1, 4, 1.1000000238418579, 4.0999999046325684 ], "texture": "#1" },
        "north": { "uv": [ 1, 4, 1.1000000238418579, 4.1999998092651367 ], "texture": "#1" },
        "south": { "uv": [ 1, 4, 1.1000000238418579, 4.1999998092651367 ], "texture": "#1" },
        "west":  { "uv": [ 1, 4, 1.1000000238418579, 4.1999998092651367 ], "texture": "#1" },
        "east":  { "uv": [ 1, 4, 1.1000000238418579, 4.1999998092651367 ], "texture": "#1" }
    }
},
{
    "from": [ 5, 6.2, 8.6 ],
    "to": [ 5.1, 6.4, 8.7 ],
    "faces": {
        "down":  { "uv": [ 1, 4, 2, 5 ], "texture": "#1" },
        "up":    { "uv": [ 1, 4, 2, 5 ], "texture": "#1" },
        "north": { "uv": [ 1, 4, 2, 5 ], "texture": "#1" },
        "south": { "uv": [ 1, 4, 2, 5 ], "texture": "#1" },
        "west":  { "uv": [ 1, 4, 2, 5 ], "texture": "#1" },
        "east":  { "uv": [ 1, 4, 2, 5 ], "texture": "#1" }
    }
},
{
    "from": [ 5.3, 6.2, 8.6 ],
    "to": [ 5.4, 6.4, 8.7 ],
    "faces": {
        "down":  { "uv": [ 1, 4, 2, 5 ], "texture": "#1" },
        "up":    { "uv": [ 1, 4, 2, 5 ], "texture": "#1" },
        "north": { "uv": [ 1, 4, 2, 5 ], "texture": "#1" },
        "south": { "uv": [ 1, 4, 2, 5 ], "texture": "#1" },
        "west":  { "uv": [ 1, 4, 2, 5 ], "texture": "#1" },
        "east":  { "uv": [ 1, 4, 2, 5 ], "texture": "#1" }
    }
},
{
    "from": [ 5.6, 6.2, 8.6 ],
    "to": [ 5.7, 6.4, 8.7 ],
    "faces": {
        "down":  { "uv": [ 1, 4, 2, 5 ], "texture": "#1" },
        "up":    { "uv": [ 1, 4, 2, 5 ], "texture": "#1" },
        "north": { "uv": [ 1, 4, 2, 5 ], "texture": "#1" },
        "south": { "uv": [ 1, 4, 2, 5 ], "texture": "#1" },
        "west":  { "uv": [ 1, 4, 2, 5 ], "texture": "#1" },
        "east":  { "uv": [ 1, 4, 2, 5 ], "texture": "#1" }
    }
},
{
    "from": [ 5.9, 6.2, 8.6 ],
    "to": [ 6, 6.4, 8.7 ],
    "faces": {
        "down":  { "uv": [ 1, 4, 2, 5 ], "texture": "#1" },
        "up":    { "uv": [ 1, 4, 2, 5 ], "texture": "#1" },
        "north": { "uv": [ 1, 4, 2, 5 ], "texture": "#1" },
        "south": { "uv": [ 1, 4, 2, 5 ], "texture": "#1" },
        "west":  { "uv": [ 1, 4, 2, 5 ], "texture": "#1" },
        "east":  { "uv": [ 1, 4, 2, 5 ], "texture": "#1" }
    }
},
{
    "from": [ 6.7, 3.2, 7.5 ],
    "to": [ 8.5, 3.4, 8.5 ],
    "faces": {
        "down":  { "uv": [ 4, 0, 5, 1 ], "texture": "#0" },
        "up":    { "uv": [ 4, 0, 5, 1 ], "texture": "#0" },
        "north": { "uv": [ 4, 0, 5, 1 ], "texture": "#0" },
        "south": { "uv": [ 4, 0, 5, 1 ], "texture": "#0" },
        "west":  { "uv": [ 4, 0, 5, 1 ], "texture": "#0" },
        "east":  { "uv": [ 4, 0, 5, 1 ], "texture": "#0" }
    }
},
{
    "from": [ 6.1, 3.2, 7.5 ],
    "to": [ 6.7, 3.4, 8.5 ],
    "faces": {
        "down":  { "uv": [ 4, 0, 5, 1 ], "texture": "#0" },
        "up":    { "uv": [ 4, 0, 5, 1 ], "texture": "#0" },
        "north": { "uv": [ 4, 0, 5, 1 ], "texture": "#0" },
        "south": { "uv": [ 4, 0, 5, 1 ], "texture": "#0" },
        "west":  { "uv": [ 4, 0, 5, 1 ], "texture": "#0" },
        "east":  { "uv": [ 4, 0, 5, 1 ], "texture": "#0" }
    }
},
{
    "from": [ 8.3, 3.4, 7.5 ],
    "to": [ 8.5, 4.6, 8.5 ],
    "faces": {
        "down":  { "uv": [ 4, 0, 5, 1 ], "texture": "#0" },
        "up":    { "uv": [ 4, 0, 5, 1 ], "texture": "#0" },
        "north": { "uv": [ 4, 0, 5, 1 ], "texture": "#0" },
        "south": { "uv": [ 4, 0, 5, 1 ], "texture": "#0" },
        "west":  { "uv": [ 4, 0, 5, 1 ], "texture": "#0" },
        "east":  { "uv": [ 4, 0, 5, 1 ], "texture": "#0" }
    }
},
{
    "from": [ 6.7, 4, 7.9 ],
    "to": [ 7.3, 4.6, 8.1 ],
    "faces": {
        "down":  { "uv": [ 1, 4, 2, 5 ], "texture": "#0" },
        "up":    { "uv": [ 1, 4, 2, 5 ], "texture": "#0" },
        "north": { "uv": [ 1, 4, 2, 5 ], "texture": "#0" },
        "south": { "uv": [ 1, 4, 2, 5 ], "texture": "#0" },
        "west":  { "uv": [ 1, 4, 2, 5 ], "texture": "#0" },
        "east":  { "uv": [ 1, 4, 2, 5 ], "texture": "#0" }
    }
},
{
    "from": [ 6.8, 3.7, 7.9 ],
    "to": [ 7.1, 4.3, 8.1 ],
    "faces": {
        "down":  { "uv": [ 1, 4, 2, 5 ], "texture": "#0" },
        "up":    { "uv": [ 1, 4, 2, 5 ], "texture": "#0" },
        "north": { "uv": [ 1, 4, 2, 5 ], "texture": "#0" },
        "south": { "uv": [ 1, 4, 2, 5 ], "texture": "#0" },
        "west":  { "uv": [ 1, 4, 2, 5 ], "texture": "#0" },
        "east":  { "uv": [ 1, 4, 2, 5 ], "texture": "#0" }
    }
},
{
    "from": [ 4.5, 0.5, 7.3125 ],
    "to": [ 6, 4.5, 8.7325 ],
    "rotation": { "origin": [ 4.5, 4.5, 7.3125 ], "axis": "z", "angle": -22.5 },
    "faces": {
        "down":  { "uv": [ 1, 1, 2.5, 2.42 ], "texture": "#2" },
        "up":    { "uv": [ 1, 1, 2.5, 2.4200000762939453 ], "texture": "#2" },
        "north": { "uv": [ 14, 1, 15.5, 5 ], "texture": "#2" },
        "south": { "uv": [ 13, 2, 14.5, 6 ], "texture": "#2" },
        "west":  { "uv": [ 1, 1, 2.4200000762939453, 5 ], "texture": "#2" },
        "east":  { "uv": [ 1, 1, 2.4200000762939453, 5 ], "texture": "#2" }
    }
},
{
    "from": [ 8.5, 5.4, 7.3 ],
    "to": [ 11.7, 6.4, 8.7 ],
    "faces": {
        "down":  { "uv": [ 1, 4, 4.2, 5.4 ], "texture": "#1" },
        "up":    { "uv": [ 1, 4, 4.1999998092651367, 5.4000000953674316 ], "texture": "#1" },
        "north": { "uv": [ 1, 2, 4.1999998092651367, 3 ], "texture": "#1" },
        "south": { "uv": [ 1, 4, 4.1999998092651367, 5 ], "texture": "#1" },
        "west":  { "uv": [ 1, 4, 2.4000000953674316, 5 ], "texture": "#1" },
        "east":  { "uv": [ 1, 4, 2.4000000953674316, 5 ], "texture": "#1" }
    }
},
{
    "from": [ 7, 5.4, 7.3 ],
    "to": [ 8.5, 5.9, 8.7 ],
    "faces": {
        "down":  { "uv": [ 1, 4, 2.5, 5.4 ], "texture": "#2" },
        "up":    { "uv": [ 1, 4, 2.5, 5.4000000953674316 ], "texture": "#2" },
        "north": { "uv": [ 1, 4, 2.5, 4.5 ], "texture": "#2" },
        "south": { "uv": [ 1, 4, 2.5, 4.5 ], "texture": "#2" },
        "west":  { "uv": [ 1, 4, 2.4000000953674316, 4.5 ], "texture": "#2" },
        "east":  { "uv": [ 1, 4, 2.4000000953674316, 4.5 ], "texture": "#2" }
    }
},
{
    "from": [ 7, 5.9, 7.4 ],
    "to": [ 8.5, 6.4, 8.7 ],
    "faces": {
        "north": { "uv": [ 1, 7, 2.5, 7.5 ], "texture": "#2" },
        "south": { "uv": [ 1, 4, 2.5, 4.5 ], "texture": "#2" }
    }
},
{
    "from": [ 8.5, 6.2, 7.3 ],
    "to": [ 11.7, 6.4, 7.6 ],
    "faces": {
        "down":  { "uv": [ 1, 4, 4.2, 4.3 ], "texture": "#1" },
        "up":    { "uv": [ 1, 4, 4.1999998092651367, 4.3000001907348633 ], "texture": "#1" },
        "north": { "uv": [ 1, 4, 4.1999998092651367, 4.1999998092651367 ], "texture": "#1" },
        "south": { "uv": [ 1, 4, 4.1999998092651367, 4.1999998092651367 ], "texture": "#1" },
        "west":  { "uv": [ 1, 4, 1.2999999523162842, 4.1999998092651367 ], "texture": "#1" },
        "east":  { "uv": [ 1, 4, 1.2999999523162842, 4.1999998092651367 ], "texture": "#1" }
    }
},
{
    "from": [ 8.5, 6.4, 7.5 ],
    "to": [ 11.7, 6.6, 8.5 ],
    "faces": {
        "down":  { "uv": [ 1, 4, 4.2, 5 ], "texture": "#1" },
        "up":    { "uv": [ 1, 4, 4.1999998092651367, 5 ], "texture": "#1" },
        "north": { "uv": [ 1, 4, 4.1999998092651367, 4.1999998092651367 ], "texture": "#1" },
        "south": { "uv": [ 1, 4, 4.1999998092651367, 4.1999998092651367 ], "texture": "#1" },
        "west":  { "uv": [ 1, 4, 2, 4.1999998092651367 ], "texture": "#1" },
        "east":  { "uv": [ 1, 4, 2, 4.1999998092651367 ], "texture": "#1" }
    }
},
{
    "from": [ 7, 6.4, 7.5 ],
    "to": [ 8.5, 6.5, 8.5 ],
    "faces": {
        "down":  { "uv": [ 1, 4, 2.5, 5 ], "texture": "#1" },
        "up":    { "uv": [ 7, 2, 8.5, 3 ], "texture": "#1" },
        "north": { "uv": [ 1, 7, 2.5, 7.0999999046325684 ], "texture": "#1" },
        "south": { "uv": [ 1, 4, 2.5, 4.0999999046325684 ], "texture": "#1" },
        "west":  { "uv": [ 1, 4, 2, 4.0999999046325684 ], "texture": "#1" },
        "east":  { "uv": [ 1, 4, 2, 4.0999999046325684 ], "texture": "#1" }
    }
},
{
    "from": [ 7, 6.1, 7.4 ],
    "to": [ 8.5, 6.3, 7.5 ],
    "faces": {
        "down":  { "uv": [ 1, 4, 2.5, 4.1 ], "texture": "#1" },
        "up":    { "uv": [ 1, 7, 2.5, 7.0999999046325684 ], "texture": "#1" },
        "north": { "uv": [ 1, 4, 2.5, 4.1999998092651367 ], "texture": "#1" },
        "south": { "uv": [ 1, 4, 2.5, 4.1999998092651367 ], "texture": "#1" },
        "west":  { "uv": [ 1, 4, 1.1000000238418579, 4.1999998092651367 ], "texture": "#1" },
        "east":  { "uv": [ 1, 4, 1.1000000238418579, 4.1999998092651367 ], "texture": "#1" }
    }
},
{
    "from": [ 11.7, 5.6, 7.6 ],
    "to": [ 11.8, 6.4, 8.4 ],
    "faces": {
        "down":  { "uv": [ 3, 0, 4, 1 ], "texture": "#0" },
        "up":    { "uv": [ 3, 0, 4, 1 ], "texture": "#0" },
        "north": { "uv": [ 3, 0, 4, 1 ], "texture": "#0" },
        "south": { "uv": [ 3, 0, 4, 1 ], "texture": "#0" },
        "west":  { "uv": [ 3, 0, 4, 1 ], "texture": "#0" },
        "east":  { "uv": [ 3, 0, 4, 1 ], "texture": "#0" }
    }
},
{
    "from": [ 11.7, 4.9, 7.8 ],
    "to": [ 11.8, 5.3, 8.2 ],
    "faces": {
        "down":  { "uv": [ 0, 0, 1, 1 ], "texture": "#0" },
        "up":    { "uv": [ 0, 0, 1, 1 ], "texture": "#0" },
        "north": { "uv": [ 0, 0, 1, 1 ], "texture": "#0" },
        "south": { "uv": [ 0, 0, 1, 1 ], "texture": "#0" },
        "west":  { "uv": [ 0, 0, 1, 1 ], "texture": "#0" },
        "east":  { "uv": [ 0, 0, 1, 1 ], "texture": "#0" }
    }
},
{
    "from": [ 4.3, 6.6, 7.6 ],
    "to": [ 5, 6.7, 8.4 ],
    "faces": {
        "down":  { "uv": [ 4, 0, 5, 1 ], "texture": "#0" },
        "up":    { "uv": [ 4, 0, 5, 1 ], "texture": "#0" },
        "north": { "uv": [ 4, 0, 5, 1 ], "texture": "#0" },
        "south": { "uv": [ 4, 0, 5, 1 ], "texture": "#0" },
        "west":  { "uv": [ 4, 0, 5, 1 ], "texture": "#0" },
        "east":  { "uv": [ 4, 0, 5, 1 ], "texture": "#0" }
    }
},
{
    "from": [ 4.2, 6.6, 7.5 ],
    "to": [ 4.8, 6.8, 7.9 ],
    "faces": {
        "up":    { "uv": [ 4, 0, 5, 1 ], "texture": "#0" },
        "north": { "uv": [ 4, 0, 5, 1 ], "texture": "#0" },
        "south": { "uv": [ 4, 0, 5, 1 ], "texture": "#0" },
        "west":  { "uv": [ 4, 0, 5, 1 ], "texture": "#0" },
        "east":  { "uv": [ 4, 0, 5, 1 ], "texture": "#0" }
    }
},
{
    "from": [ 4.2, 6.6, 8.1 ],
    "to": [ 4.8, 6.8, 8.5 ],
    "faces": {
        "up":    { "uv": [ 4, 0, 5, 1 ], "texture": "#0" },
        "north": { "uv": [ 4, 0, 5, 1 ], "texture": "#0" },
        "south": { "uv": [ 4, 0, 5, 1 ], "texture": "#0" },
        "west":  { "uv": [ 4, 0, 5, 1 ], "texture": "#0" },
        "east":  { "uv": [ 4, 0, 5, 1 ], "texture": "#0" }
    }
},
{
    "from": [ 11.3, 6.6, 7.9 ],
    "to": [ 11.5, 6.8, 8.1 ],
    "faces": {
        "up":    { "uv": [ 4, 0, 5, 1 ], "texture": "#0" },
        "north": { "uv": [ 4, 0, 5, 1 ], "texture": "#0" },
        "south": { "uv": [ 4, 0, 5, 1 ], "texture": "#0" },
        "west":  { "uv": [ 4, 2, 5, 3 ], "texture": "#0" },
        "east":  { "uv": [ 4, 0, 5, 1 ], "texture": "#0" }
    }
},
{
    "from": [ 4.199, 6.7, 8.2 ],
    "to": [ 4.2615, 6.8, 8.3 ],
    "faces": {
        "down":  { "uv": [ 5, 4, 6, 5 ], "texture": "#0" },
        "up":    { "uv": [ 5, 4, 6, 5 ], "texture": "#0" },
        "north": { "uv": [ 5, 4, 6, 5 ], "texture": "#0" },
        "south": { "uv": [ 5, 4, 6, 5 ], "texture": "#0" },
        "west":  { "uv": [ 5, 4, 6, 5 ], "texture": "#0" },
        "east":  { "uv": [ 5, 4, 6, 5 ], "texture": "#0" }
    }
},
{
    "from": [ 4.199, 6.7, 7.7 ],
    "to": [ 4.2615, 6.8, 7.8 ],
    "faces": {
        "down":  { "uv": [ 5, 4, 6, 5 ], "texture": "#0" },
        "up":    { "uv": [ 5, 4, 6, 5 ], "texture": "#0" },
        "north": { "uv": [ 5, 4, 6, 5 ], "texture": "#0" },
        "south": { "uv": [ 5, 4, 6, 5 ], "texture": "#0" },
        "west":  { "uv": [ 5, 4, 6, 5 ], "texture": "#0" },
        "east":  { "uv": [ 5, 4, 6, 5 ], "texture": "#0" }
    }
}
],
"display": {
    "thirdperson_righthand": {
        "rotation": [ 41, 77, -11 ],
        "translation": [ 0.94, 3.02, 1.13 ],
        "scale": [ 0.7, 0.7, 0.7 ]
    },
    "thirdperson_lefthand": {
        "rotation": [ 41, -81, -11 ],
        "translation": [ 0.94, 3.02, 1.12 ],
        "scale": [ 0.7, 0.7, 0.7 ]
    },
    "head": {
        "rotation": [ 0, 180, 0 ],
        "translation": [ 0, -30.5, 0 ],
        "scale": [ 1.6, 1.6, 1.6 ]
    },
    "ground": {
        "rotation": [ 0, 0, 0 ],
        "translation": [ 0, 2, 0 ],
        "scale": [ 0.5, 0.5, 0.5 ]
    },
    "fixed": {
        "rotation": [ 0, 0, 0 ],
        "translation": [ 0, 0, 0 ],
        "scale": [ 1, 1, 1 ]
    },
    "firstperson_righthand": {
        "rotation": [ 0, 84, 0 ],
        "translation": [ 0, 4.91, 0 ],
        "scale": [ 1, 1, 1 ]
    },
    "firstperson_lefthand": {
        "rotation": [ 0, -101, 0 ],
        "translation": [ 0, 4.91, 0 ],
        "scale": [ 1, 1, 1 ]
    },
    "gui": {
        "rotation": [ 35, 35, 0 ],
        "translation": [ 0, 2.08, 0 ],
        "scale": [ 0.62, 0.62, 0.62 ]
    }
}
}