{
"__comment": "Designed by Jugbot",
"textures": {
    "texture": "blocks/stone",
    "log_big_oak": "blocks/log_big_oak"
},
"elements": [ 
{
    "from": [ 6.5, 4, 7.5 ],
    "to": [ 7.5, 11, 8.5 ],
    "faces": {
        "down":  { "uv": [ 6, 7, 7, 8 ], "texture": "#texture" },
        "up":    { "uv": [ 6, 7, 7, 8 ], "texture": "#texture" },
        "north": { "uv": [ 6, 9, 7, 16 ], "texture": "#texture" },
        "south": { "uv": [ 6, 9, 7, 16 ], "texture": "#texture" },
        "west":  { "uv": [ 7, 9, 8, 16 ], "texture": "#texture" },
        "east":  { "uv": [ 7, 9, 8, 16 ], "texture": "#texture" }
    }
},
{
    "from": [ 7, 0, 7.5 ],
    "to": [ 8, 4, 8.5 ],
    "faces": {
        "down":  { "uv": [ 7, 8, 8, 9 ], "texture": "#log_big_oak" },
        "up":    { "uv": [ 7, 8, 8, 9 ], "texture": "#log_big_oak" },
        "north": { "uv": [ 8, 12, 9, 16 ], "texture": "#log_big_oak" },
        "south": { "uv": [ 8, 12, 9, 16 ], "texture": "#log_big_oak" },
        "west":  { "uv": [ 8, 12, 9, 16 ], "texture": "#log_big_oak" },
        "east":  { "uv": [ 8, 12, 9, 16 ], "texture": "#log_big_oak" }
    }
},
{
    "from": [ 6.5, 10.3125, 7.5625 ],
    "to": [ 7.1875, 11, 8.4625 ],
    "rotation": { "origin": [ 6.5, 11, 7.5625 ], "axis": "z", "angle": 45 },
    "faces": {
        "down":  { "uv": [ 8, 7, 7, 6 ], "texture": "#texture" },
        "up":    { "uv": [ 8, 6, 9, 7 ], "texture": "#texture" },
        "north": { "uv": [ 6, 9, 7, 10 ], "texture": "#texture" },
        "south": { "uv": [ 8, 9, 9, 10 ], "texture": "#texture" },
        "west":  { "uv": [ 6, 9, 7, 10 ], "texture": "#texture" },
        "east":  { "uv": [ 9, 9, 10, 10 ], "texture": "#texture" }
    }
},
{
    "from": [ 6.5625, 7.9375, 7.55 ],
    "to": [ 7.5625, 10.5625, 8.45 ],
    "rotation": { "origin": [ 6.5625, 10.5625, 7.55 ], "axis": "z", "angle": 22.5 },
    "faces": {
        "down":  { "uv": [ 7, 5, 6, 4 ], "texture": "#texture" },
        "up":    { "uv": [ 9, 4, 10, 5 ], "texture": "#texture" },
        "north": { "uv": [ 6, 9, 7, 10 ], "texture": "#texture" },
        "south": { "uv": [ 9, 9, 10, 10 ], "texture": "#texture" },
        "west":  { "uv": [ 4, 9, 5, 10 ], "texture": "#texture" },
        "east":  { "uv": [ 11, 9, 12, 10 ], "texture": "#texture" }
    }
},
{
    "from": [ 7.5, 4, 7.5 ],
    "to": [ 8.5, 8.5, 8.5 ],
    "faces": {
        "down":  { "uv": [ 7, 7, 8, 8 ], "texture": "#texture" },
        "up":    { "uv": [ 7, 7, 8, 8 ], "texture": "#texture" },
        "north": { "uv": [ 7, 11.5, 8, 16 ], "texture": "#texture" },
        "south": { "uv": [ 7, 11.5, 8, 16 ], "texture": "#texture" },
        "west":  { "uv": [ 7, 11.5, 8, 16 ], "texture": "#texture" },
        "east":  { "uv": [ 7, 11.5, 8, 16 ], "texture": "#texture" }
    }
}
],
"display": {
    "thirdperson_righthand": {
        "rotation": [ 0, 90, 0 ],
        "translation": [ 0, 8, 2 ],
        "scale": [ 1, 1, 1 ]
    },
    "thirdperson_lefthand": {
        "rotation": [ 0, 90, 0 ],
        "translation": [ 0, 8, 2 ],
        "scale": [ 1, 1, 1 ]
    },
    "head": {
        "rotation": [ 0, 180, 0 ],
        "translation": [ 0, -30.5, 0 ],
        "scale": [ 1.6, 1.6, 1.6 ]
    },
    "ground": {
        "rotation": [ 0, 0, 38 ],
        "translation": [ 0, 2, 0 ],
        "scale": [ 0.5, 0.5, 0.5 ]
    },
    "fixed": {
        "rotation": [ 0, 0, 0 ],
        "translation": [ 0, 5, 0 ],
        "scale": [ 1, 1, 1 ]
    },
    "firstperson_righthand": {
        "rotation": [ -30, 90, 0 ],
        "translation": [ 0, 5, 0 ],
        "scale": [ 1, 1, 1 ]
    },
    "firstperson_lefthand": {
        "rotation": [ -30, 90, 0 ],
        "translation": [ 0, 5, 0 ],
        "scale": [ 1, 1, 1 ]
    },
    "gui": {
        "rotation": [ 35, 35, 0 ],
        "translation": [ 0, 0, 0 ],
        "scale": [ 0.62, 0.62, 0.62 ]
    }
}
}