{
"__comment": "Designed by Jugbot",
"textures": {
    "texture": "blocks/jukebox_side"
},
"elements": [ 
{
    "__comment": "Handle",
    "from": [ 5, 8.6875, 8.5 ],
    "to": [ 11, 9.6875, 8.5625 ],
    "rotation": { "origin": [ 5, 9.6875, 8.5 ], "axis": "x", "angle": -22.5 },
    "faces": {
        "north": { "uv": [ 5, 0, 11, 1 ], "texture": "#texture" },
        "south": { "uv": [ 5, 0, 11, 1 ], "texture": "#texture" }
    }
},
{
    "__comment": "Handle",
    "from": [ 5, 5.75, 8.875 ],
    "to": [ 6, 8.75, 8.9375 ],
    "rotation": { "origin": [ 5, 8.75, 8.875 ], "axis": "x", "angle": -22.5 },
    "faces": {
        "north": { "uv": [ 15, 4, 16, 7 ], "texture": "#texture" },
        "south": { "uv": [ 0, 4, 1, 7 ], "texture": "#texture" }
    }
},
{
    "__comment": "Handle",
    "from": [ 10, 5.75, 8.875 ],
    "to": [ 11, 8.75, 8.9375 ],
    "rotation": { "origin": [ 10, 8.75, 8.875 ], "axis": "x", "angle": -22.5 },
    "faces": {
        "north": { "uv": [ 0, 4, 1, 7 ], "texture": "#texture" },
        "south": { "uv": [ 15, 4, 16, 7 ], "texture": "#texture" }
    }
},
{
    "__comment": "Handle*",
    "from": [ 5, 8.6875, 7.5 ],
    "to": [ 11, 9.6875, 7.5625 ],
    "rotation": { "origin": [ 5, 9.6875, 7.5 ], "axis": "x", "angle": 22.5 },
    "faces": {
        "north": { "uv": [ 5, 0, 11, 1 ], "texture": "#texture" },
        "south": { "uv": [ 5, 0, 11, 1 ], "texture": "#texture" }
    }
},
{
    "__comment": "Handle*",
    "from": [ 5, 5.75, 7.125 ],
    "to": [ 6, 8.75, 7.1875 ],
    "rotation": { "origin": [ 5, 8.75, 7.125 ], "axis": "x", "angle": 22.5 },
    "faces": {
        "north": { "uv": [ 15, 4, 16, 7 ], "texture": "#texture" },
        "south": { "uv": [ 0, 4, 1, 7 ], "texture": "#texture" }
    }
},
{
    "__comment": "Handle*",
    "from": [ 10, 5.75, 7.125 ],
    "to": [ 11, 8.75, 7.1875 ],
    "rotation": { "origin": [ 10, 8.75, 7.125 ], "axis": "x", "angle": 22.5 },
    "faces": {
        "north": { "uv": [ 0, 4, 1, 7 ], "texture": "#texture" },
        "south": { "uv": [ 15, 4, 16, 7 ], "texture": "#texture" }
    }
},
{
    "from": [ 8, 0, 6 ],
    "to": [ 12, 6, 8 ],
    "faces": {
        "down":  { "uv": [ 4, 2, 0, 0 ], "texture": "#texture" },
        "up":    { "uv": [ 12, 0, 16, 2 ], "texture": "#texture" },
        "north": { "uv": [ 0, 10, 4, 16 ], "texture": "#texture" },
        "south": { "uv": [ 0, 10, 4, 16 ], "texture": "#texture" },
        "west":  { "uv": [ 14, 10, 16, 16 ], "texture": "#texture" },
        "east":  { "uv": [ 14, 10, 16, 16 ], "texture": "#texture" }
    }
},
{
    "from": [ 8, 0, 8 ],
    "to": [ 12, 6, 10 ],
    "faces": {
        "down":  { "uv": [ 4, 16, 0, 14 ], "texture": "#texture" },
        "up":    { "uv": [ 12, 14, 16, 16 ], "texture": "#texture" },
        "north": { "uv": [ 12, 10, 16, 16 ], "texture": "#texture" },
        "south": { "uv": [ 12, 10, 16, 16 ], "texture": "#texture" },
        "west":  { "uv": [ 0, 10, 2, 16 ], "texture": "#texture" },
        "east":  { "uv": [ 0, 10, 2, 16 ], "texture": "#texture" }
    }
},
{
    "from": [ 4, 0, 8 ],
    "to": [ 8, 6, 10 ],
    "faces": {
        "down":  { "uv": [ 16, 16, 12, 14 ], "texture": "#texture" },
        "up":    { "uv": [ 0, 14, 4, 16 ], "texture": "#texture" },
        "north": { "uv": [ 0, 10, 4, 16 ], "texture": "#texture" },
        "south": { "uv": [ 0, 10, 4, 16 ], "texture": "#texture" },
        "west":  { "uv": [ 14, 10, 16, 16 ], "texture": "#texture" },
        "east":  { "uv": [ 14, 10, 16, 16 ], "texture": "#texture" }
    }
},
{
    "from": [ 4, 0, 6 ],
    "to": [ 8, 6, 8 ],
    "faces": {
        "down":  { "uv": [ 16, 2, 12, 0 ], "texture": "#texture" },
        "up":    { "uv": [ 0, 0, 4, 2 ], "texture": "#texture" },
        "north": { "uv": [ 12, 10, 16, 16 ], "texture": "#texture" },
        "south": { "uv": [ 12, 10, 16, 16 ], "texture": "#texture" },
        "west":  { "uv": [ 0, 10, 2, 16 ], "texture": "#texture" },
        "east":  { "uv": [ 0, 10, 2, 16 ], "texture": "#texture" }
    }
}
],
"display": {
    "thirdperson_righthand": {
        "rotation": [ 115, -96, 55 ],
        "translation": [ 0.19, -2.83, -0.57 ],
        "scale": [ 0.85, 0.85, 0.85 ]
    },
    "thirdperson_lefthand": {
        "rotation": [ 115, -96, 55 ],
        "translation": [ 0.19, -2.83, -0.57 ],
        "scale": [ 0.85, 0.85, 0.85 ]
    },
    "head": {
        "rotation": [ 0, 180, 0 ],
        "translation": [ 0, -30.5, 0 ],
        "scale": [ 1.6, 1.6, 1.6 ]
    },
    "ground": {
        "rotation": [ 0, 0, 0 ],
        "translation": [ 0, 2, 0 ],
        "scale": [ 0.5, 0.5, 0.5 ]
    },
    "fixed": {
        "rotation": [ 0, 180, 0 ],
        "translation": [ 0, 0, -3.4 ],
        "scale": [ 0.5, 0.5, 0.5 ]
    },
    "firstperson_righthand": {
        "rotation": [ -7, -91, -13 ],
        "translation": [ 0.56, 1.89, -0.19 ],
        "scale": [ 0.68, 0.68, 0.68 ]
    },
    "firstperson_lefthand": {
        "rotation": [ -7, -91, -13 ],
        "translation": [ 0.56, 1.89, -0.19 ],
        "scale": [ 0.68, 0.68, 0.68 ]
    },
    "gui": {
        "rotation": [ 35, 139, 0 ],
        "translation": [ 0, 0, 0 ],
        "scale": [ 0.62, 0.62, 0.62 ]
    }
}
}