{
"__comment": "Designed by Jugbot",
"textures": {
    "texture": "blocks/gold_block",
    "log_oak": "blocks/planks_big_oak",
    "redstone_block": "blocks/redstone_block"
},
"elements": [ 
{
    "__comment": "1",
    "from": [ 6, 16, 7 ],
    "to": [ 8, 17, 9 ],
    "faces": {
        "down":  { "uv": [ 10, 9, 8, 7 ], "texture": "#texture" },
        "up":    { "uv": [ 6, 7, 8, 9 ], "texture": "#texture" },
        "north": { "uv": [ 8, 15, 10, 16 ], "texture": "#texture" },
        "south": { "uv": [ 6, 15, 8, 16 ], "texture": "#texture" },
        "west":  { "uv": [ 7, 15, 9, 16 ], "texture": "#texture" },
        "east":  { "uv": [ 7, 15, 9, 16 ], "texture": "#texture" }
    }
},
{
    "__comment": "1",
    "from": [ 6, 18, 7 ],
    "to": [ 8, 19, 9 ],
    "faces": {
        "down":  { "uv": [ 10, 9, 8, 7 ], "texture": "#texture" },
        "up":    { "uv": [ 6, 7, 8, 9 ], "texture": "#texture" },
        "north": { "uv": [ 8, 13, 10, 14 ], "texture": "#texture" },
        "south": { "uv": [ 6, 13, 8, 14 ], "texture": "#texture" },
        "west":  { "uv": [ 7, 13, 9, 14 ], "texture": "#texture" },
        "east":  { "uv": [ 7, 13, 9, 14 ], "texture": "#texture" }
    }
},
{
    "__comment": "1",
    "from": [ 6.5, 17, 7.5 ],
    "to": [ 7.5, 18, 8.5 ],
    "faces": {
        "down":  { "uv": [ 9, 9, 8, 8 ], "texture": "#log_oak" },
        "up":    { "uv": [ 5, 8, 6, 9 ], "texture": "#log_oak" },
        "north": { "uv": [ 9, 14, 10, 15 ], "texture": "#log_oak" },
        "south": { "uv": [ 6, 14, 7, 15 ], "texture": "#log_oak" },
        "west":  { "uv": [ 8, 14, 9, 15 ], "texture": "#log_oak" },
        "east":  { "uv": [ 8, 14, 9, 15 ], "texture": "#log_oak" }
    }
},
{
    "__comment": "1",
    "from": [ 6.5, 0, 7.5 ],
    "to": [ 7.5, 16, 8.5 ],
    "faces": {
        "down":  { "uv": [ 4, 14, 3, 13 ], "texture": "#log_oak" },
        "up":    { "uv": [ 11, 11, 12, 12 ], "texture": "#log_oak" },
        "north": { "uv": [ 0, 6, 16, 7 ], "rotation": 90, "texture": "#log_oak" },
        "south": { "uv": [ 0, 14, 16, 15 ], "rotation": 90, "texture": "#log_oak" },
        "west":  { "uv": [ 0, 0, 16, 1 ], "rotation": 90, "texture": "#log_oak" },
        "east":  { "uv": [ 0, 5, 16, 6 ], "texture": "#log_oak" }
    }
},
{
    "from": [ 6, 19, 7 ],
    "to": [ 8, 21, 9 ],
    "faces": {
        "down":  { "uv": [ 10, 9, 8, 7 ], "texture": "#redstone_block" },
        "up":    { "uv": [ 6, 7, 8, 9 ], "texture": "#redstone_block" },
        "north": { "uv": [ 8, 11, 10, 13 ], "texture": "#redstone_block" },
        "south": { "uv": [ 6, 11, 8, 13 ], "texture": "#redstone_block" },
        "west":  { "uv": [ 7, 11, 9, 13 ], "texture": "#redstone_block" },
        "east":  { "uv": [ 7, 11, 9, 13 ], "texture": "#redstone_block" }
    }
},
{
    "from": [ 5, 19, 6 ],
    "to": [ 6, 21, 7 ],
    "faces": {
        "down":  { "uv": [ 11, 7, 10, 6 ], "texture": "#texture" },
        "up":    { "uv": [ 5, 6, 6, 7 ], "texture": "#texture" },
        "north": { "uv": [ 10, 11, 11, 13 ], "texture": "#texture" },
        "south": { "uv": [ 5, 11, 6, 13 ], "texture": "#texture" },
        "west":  { "uv": [ 6, 11, 7, 13 ], "texture": "#texture" },
        "east":  { "uv": [ 9, 11, 10, 13 ], "texture": "#texture" }
    }
},
{
    "from": [ 5, 19, 9 ],
    "to": [ 6, 21, 10 ],
    "faces": {
        "down":  { "uv": [ 11, 10, 10, 9 ], "texture": "#texture" },
        "up":    { "uv": [ 5, 9, 6, 10 ], "texture": "#texture" },
        "north": { "uv": [ 10, 11, 11, 13 ], "texture": "#texture" },
        "south": { "uv": [ 5, 11, 6, 13 ], "texture": "#texture" },
        "west":  { "uv": [ 9, 11, 10, 13 ], "texture": "#texture" },
        "east":  { "uv": [ 6, 11, 7, 13 ], "texture": "#texture" }
    }
},
{
    "from": [ 8, 19, 6 ],
    "to": [ 9, 21, 7 ],
    "faces": {
        "down":  { "uv": [ 8, 7, 7, 6 ], "texture": "#texture" },
        "up":    { "uv": [ 8, 6, 9, 7 ], "texture": "#texture" },
        "north": { "uv": [ 7, 11, 8, 13 ], "texture": "#texture" },
        "south": { "uv": [ 8, 11, 9, 13 ], "texture": "#texture" },
        "west":  { "uv": [ 6, 11, 7, 13 ], "texture": "#texture" },
        "east":  { "uv": [ 9, 11, 10, 13 ], "texture": "#texture" }
    }
},
{
    "from": [ 8, 19, 9 ],
    "to": [ 9, 21, 10 ],
    "faces": {
        "down":  { "uv": [ 8, 10, 7, 9 ], "texture": "#texture" },
        "up":    { "uv": [ 8, 9, 9, 10 ], "texture": "#texture" },
        "north": { "uv": [ 7, 11, 8, 13 ], "texture": "#texture" },
        "south": { "uv": [ 8, 11, 9, 13 ], "texture": "#texture" },
        "west":  { "uv": [ 9, 11, 10, 13 ], "texture": "#texture" },
        "east":  { "uv": [ 6, 11, 7, 13 ], "texture": "#texture" }
    }
},
{
    "from": [ 6, 21, 7 ],
    "to": [ 8, 22, 9 ],
    "faces": {
        "down":  { "uv": [ 10, 9, 8, 7 ], "texture": "#texture" },
        "up":    { "uv": [ 6, 7, 8, 9 ], "texture": "#texture" },
        "north": { "uv": [ 8, 10, 10, 11 ], "texture": "#texture" },
        "south": { "uv": [ 6, 10, 8, 11 ], "texture": "#texture" },
        "west":  { "uv": [ 7, 10, 9, 11 ], "texture": "#texture" },
        "east":  { "uv": [ 7, 10, 9, 11 ], "texture": "#texture" }
    }
},
{
    "from": [ 6.5, 22, 7.5 ],
    "to": [ 7.5, 22.5, 8.5 ],
    "faces": {
        "down":  { "uv": [ 7, 7, 8, 8 ], "texture": "#texture" },
        "up":    { "uv": [ 7, 7, 8, 8 ], "texture": "#texture" },
        "north": { "uv": [ 7, 9.5, 8, 10 ], "texture": "#texture" },
        "south": { "uv": [ 7, 9.5, 8, 10 ], "texture": "#texture" },
        "west":  { "uv": [ 7, 9.5, 8, 10 ], "texture": "#texture" },
        "east":  { "uv": [ 7, 9.5, 8, 10 ], "texture": "#texture" }
    }
},
{
    "from": [ 5.5, 20.5, 8.5 ],
    "to": [ 6.5, 21.5, 9.5 ],
    "faces": {
        "down":  { "uv": [ 5, 9, 6, 10 ], "texture": "#texture" },
        "up":    { "uv": [ 5, 9, 6, 10 ], "texture": "#texture" },
        "north": { "uv": [ 5, 10, 6, 11 ], "texture": "#texture" },
        "south": { "uv": [ 5, 10, 6, 11 ], "texture": "#texture" },
        "west":  { "uv": [ 9, 10, 10, 11 ], "texture": "#texture" },
        "east":  { "uv": [ 9, 10, 10, 11 ], "texture": "#texture" }
    }
},
{
    "from": [ 5.5, 20.5, 6.5 ],
    "to": [ 6.5, 21.5, 7.5 ],
    "faces": {
        "down":  { "uv": [ 5, 9, 6, 10 ], "texture": "#texture" },
        "up":    { "uv": [ 5, 9, 6, 10 ], "texture": "#texture" },
        "north": { "uv": [ 5, 10, 6, 11 ], "texture": "#texture" },
        "south": { "uv": [ 5, 10, 6, 11 ], "texture": "#texture" },
        "west":  { "uv": [ 9, 10, 10, 11 ], "texture": "#texture" },
        "east":  { "uv": [ 9, 10, 10, 11 ], "texture": "#texture" }
    }
},
{
    "from": [ 7.5, 20.5, 8.5 ],
    "to": [ 8.5, 21.5, 9.5 ],
    "faces": {
        "down":  { "uv": [ 5, 9, 6, 10 ], "texture": "#texture" },
        "up":    { "uv": [ 5, 9, 6, 10 ], "texture": "#texture" },
        "north": { "uv": [ 5, 10, 6, 11 ], "texture": "#texture" },
        "south": { "uv": [ 5, 10, 6, 11 ], "texture": "#texture" },
        "west":  { "uv": [ 9, 10, 10, 11 ], "texture": "#texture" },
        "east":  { "uv": [ 9, 10, 10, 11 ], "texture": "#texture" }
    }
},
{
    "from": [ 7.5, 20.5, 6.5 ],
    "to": [ 8.5, 21.5, 7.5 ],
    "faces": {
        "down":  { "uv": [ 5, 9, 6, 10 ], "texture": "#texture" },
        "up":    { "uv": [ 5, 9, 6, 10 ], "texture": "#texture" },
        "north": { "uv": [ 5, 10, 6, 11 ], "texture": "#texture" },
        "south": { "uv": [ 5, 10, 6, 11 ], "texture": "#texture" },
        "west":  { "uv": [ 9, 10, 10, 11 ], "texture": "#texture" },
        "east":  { "uv": [ 9, 10, 10, 11 ], "texture": "#texture" }
    }
},
{
    "from": [ 5.5, 18.5, 8.5 ],
    "to": [ 6.5, 19.5, 9.5 ],
    "faces": {
        "down":  { "uv": [ 5, 9, 6, 10 ], "texture": "#texture" },
        "up":    { "uv": [ 5, 9, 6, 10 ], "texture": "#texture" },
        "north": { "uv": [ 5, 10, 6, 11 ], "texture": "#texture" },
        "south": { "uv": [ 5, 10, 6, 11 ], "texture": "#texture" },
        "west":  { "uv": [ 9, 10, 10, 11 ], "texture": "#texture" },
        "east":  { "uv": [ 9, 10, 10, 11 ], "texture": "#texture" }
    }
},
{
    "from": [ 5.5, 18.5, 6.5 ],
    "to": [ 6.5, 19.5, 7.5 ],
    "faces": {
        "down":  { "uv": [ 5, 9, 6, 10 ], "texture": "#texture" },
        "up":    { "uv": [ 5, 9, 6, 10 ], "texture": "#texture" },
        "north": { "uv": [ 5, 10, 6, 11 ], "texture": "#texture" },
        "south": { "uv": [ 5, 10, 6, 11 ], "texture": "#texture" },
        "west":  { "uv": [ 9, 10, 10, 11 ], "texture": "#texture" },
        "east":  { "uv": [ 9, 10, 10, 11 ], "texture": "#texture" }
    }
},
{
    "from": [ 7.5, 18.5, 8.5 ],
    "to": [ 8.5, 19.5, 9.5 ],
    "faces": {
        "down":  { "uv": [ 5, 9, 6, 10 ], "texture": "#texture" },
        "up":    { "uv": [ 5, 9, 6, 10 ], "texture": "#texture" },
        "north": { "uv": [ 5, 10, 6, 11 ], "texture": "#texture" },
        "south": { "uv": [ 5, 10, 6, 11 ], "texture": "#texture" },
        "west":  { "uv": [ 9, 10, 10, 11 ], "texture": "#texture" },
        "east":  { "uv": [ 9, 10, 10, 11 ], "texture": "#texture" }
    }
},
{
    "from": [ 7.5, 18.5, 6.5 ],
    "to": [ 8.5, 19.5, 7.5 ],
    "faces": {
        "down":  { "uv": [ 5, 9, 6, 10 ], "texture": "#texture" },
        "up":    { "uv": [ 5, 9, 6, 10 ], "texture": "#texture" },
        "north": { "uv": [ 5, 10, 6, 11 ], "texture": "#texture" },
        "south": { "uv": [ 5, 10, 6, 11 ], "texture": "#texture" },
        "west":  { "uv": [ 9, 10, 10, 11 ], "texture": "#texture" },
        "east":  { "uv": [ 9, 10, 10, 11 ], "texture": "#texture" }
    }
}
],
"display": {
    "thirdperson_righthand": {
        "rotation": [ 115, -96, 55 ],
        "translation": [ 0.19, -2.83, -0.57 ],
        "scale": [ 0.85, 0.85, 0.85 ]
    },
    "thirdperson_lefthand": {
        "rotation": [ 115, -96, 55 ],
        "translation": [ 0.19, -1.51, -0.56 ],
        "scale": [ 0.85, 0.85, 0.85 ]
    },
    "head": {
        "rotation": [ 0, 180, 0 ],
        "translation": [ 0, -30.5, 0 ],
        "scale": [ 1.6, 1.6, 1.6 ]
    },
    "ground": {
        "rotation": [ 90, 0, 0 ],
        "translation": [ 0, 0, 0 ],
        "scale": [ 1.5, 1.5, 1.5 ]
    },
    "fixed": {
        "rotation": [ 0, 180, 0 ],
        "translation": [ 0, 0, -3.4 ],
        "scale": [ 0.5, 0.5, 0.5 ]
    },
    "firstperson_righthand": {
        "rotation": [ -7, -91, -13 ],
        "translation": [ 0.56, 1.89, -0.19 ],
        "scale": [ 0.68, 0.68, 0.68 ]
    },
    "firstperson_lefthand": {
        "rotation": [ -7, -91, -13 ],
        "translation": [ 0.56, 1.51, -2.08 ],
        "scale": [ 0.68, 0.68, 0.68 ]
    },
    "gui": {
        "rotation": [ 35, 90, 90 ],
        "translation": [ 0, -0.7, 0 ],
        "scale": [ 1.5, 1.5, 1.5 ]
    }
}
}