{
	"credit": "Made with Blockbench",
	"textures": {
		"2": "blocks/anvil_base",
		"3": "blocks/concrete_red",
		"4": "blocks/concrete_blue",
		"particle": "blocks/concrete_white",
		"wood": "blocks/concrete_white"
	},
	"elements": [
		{
			"from": [10.2, 1.6, 12.3],
			"to": [13.2, 4.6, 13.1],
			"rotation": {"angle": 0, "axis": "x", "origin": [12, 4.2, 12.7]},
			"faces": {
				"north": {"uv": [5, 3, 11, 9], "rotation": 180, "texture": "#3"},
				"east": {"uv": [5, 3, 11, 9], "rotation": 180, "texture": "#3"},
				"south": {"uv": [5, 3, 11, 9], "rotation": 180, "texture": "#3"},
				"west": {"uv": [5, 3, 11, 9], "rotation": 180, "texture": "#3"},
				"up": {"uv": [5, 3, 11, 9], "rotation": 180, "texture": "#3"},
				"down": {"uv": [5, 3, 11, 9], "rotation": 180, "texture": "#3"}
			}
		},
		{
			"from": [2.9, 1.6, 12.3],
			"to": [5.9, 4.6, 13.1],
			"rotation": {"angle": 0, "axis": "x", "origin": [4.7, 3.1, 13.1]},
			"faces": {
				"north": {"uv": [5, 3, 11, 9], "rotation": 180, "texture": "#4"},
				"east": {"uv": [5, 3, 11, 9], "rotation": 180, "texture": "#4"},
				"south": {"uv": [5, 3, 11, 9], "rotation": 180, "texture": "#4"},
				"west": {"uv": [5, 3, 11, 9], "rotation": 180, "texture": "#4"},
				"up": {"uv": [5, 3, 11, 9], "rotation": 180, "texture": "#4"},
				"down": {"uv": [5, 3, 11, 9], "rotation": 180, "texture": "#4"}
			}
		},
		{
			"from": [7.4, 3.90711, 9.29289],
			"to": [8.8, 5.50711, 15.29289],
			"rotation": {"angle": 45, "axis": "x", "origin": [8.1, 4.70711, 13]},
			"faces": {
				"north": {"uv": [7, 9, 9, 11], "texture": "#wood"},
				"east": {"uv": [9, 9, 14, 11], "texture": "#wood"},
				"south": {"uv": [7, 9, 9, 11], "texture": "#wood"},
				"west": {"uv": [2, 9, 7, 11], "texture": "#wood"},
				"up": {"uv": [7, 2, 9, 7], "texture": "#wood"},
				"down": {"uv": [7, 9, 9, 14], "texture": "#wood"}
			}
		},
		{
			"from": [7.4, 6.3, 7],
			"to": [8.8, 7.9, 10.94],
			"rotation": {"angle": 0, "axis": "x", "origin": [8.1, 7.70711, 10]},
			"faces": {
				"north": {"uv": [7, 9, 9, 11], "texture": "#wood"},
				"east": {"uv": [9, 9, 14, 11], "texture": "#wood"},
				"south": {"uv": [7, 9, 9, 11], "texture": "#wood"},
				"west": {"uv": [2, 9, 7, 11], "texture": "#wood"},
				"up": {"uv": [7, 2, 9, 7], "texture": "#wood"},
				"down": {"uv": [7, 9, 9, 14], "texture": "#wood"}
			}
		},
		{
			"from": [11, 2.3, 12],
			"to": [12.4, 3.9, 15],
			"rotation": {"angle": 0, "axis": "x", "origin": [12.1, 3.70711, 15]},
			"faces": {
				"north": {"uv": [7, 9, 9, 11], "texture": "#wood"},
				"east": {"uv": [9, 9, 14, 11], "texture": "#wood"},
				"south": {"uv": [7, 9, 9, 11], "texture": "#wood"},
				"west": {"uv": [2, 9, 7, 11], "texture": "#wood"},
				"up": {"uv": [7, 2, 9, 7], "texture": "#wood"},
				"down": {"uv": [7, 9, 9, 14], "texture": "#wood"}
			}
		},
		{
			"from": [3.7, 2.3, 12],
			"to": [5.1, 3.9, 15],
			"rotation": {"angle": 0, "axis": "x", "origin": [4.7, 3.1, 13.1]},
			"faces": {
				"north": {"uv": [7, 9, 9, 11], "texture": "#wood"},
				"east": {"uv": [9, 9, 14, 11], "texture": "#wood"},
				"south": {"uv": [7, 9, 9, 11], "texture": "#wood"},
				"west": {"uv": [2, 9, 7, 11], "texture": "#wood"},
				"up": {"uv": [7, 2, 9, 7], "texture": "#wood"},
				"down": {"uv": [7, 9, 9, 14], "texture": "#wood"}
			}
		},
		{
			"from": [7, 5.3, 6.7],
			"to": [9.2, 6.3, 8.7],
			"rotation": {"angle": 0, "axis": "x", "origin": [8.1, 6.51556, 7.94358]},
			"faces": {
				"north": {"uv": [7, 2, 9, 7], "rotation": 180, "texture": "#2"},
				"east": {"uv": [9, 9, 14, 11], "rotation": 90, "texture": "#2"},
				"south": {"uv": [7, 9, 9, 14], "texture": "#2"},
				"west": {"uv": [2, 9, 7, 11], "rotation": 270, "texture": "#2"},
				"up": {"uv": [7, 9, 9, 11], "texture": "#2"},
				"down": {"uv": [7, 9, 9, 11], "rotation": 180, "texture": "#2"}
			}
		},
		{
			"from": [2, 1, 14],
			"to": [14, 5, 16],
			"rotation": {"angle": 0, "axis": "y", "origin": [4, 8, 8]},
			"faces": {
				"north": {"uv": [4, 12, 14, 16], "texture": "#wood"},
				"east": {"uv": [11, 10, 13, 15], "texture": "#wood"},
				"south": {"uv": [4, 12, 13, 16], "texture": "#wood"},
				"west": {"uv": [4, 0, 6, 5], "texture": "#wood"},
				"up": {"uv": [4, 11, 14, 13], "texture": "#wood"},
				"down": {"uv": [4, 14, 12, 16], "texture": "#wood"}
			}
		}
	],
	"display": {}
}