{
	"__comment": "Model generated using MrCrayfish's Model Creator (http://mrcrayfish.com/modelcreator/)",
	"ambientocclusion": false,
	"textures": {
		"0": "blocks/stone_andesite_smooth",
		"1": "blocks/hardened_clay_stained_cyan",
		"2": "blocks/dirt_podzol_top",
		"3": "blocks/stone_andesite",
		"4": "blocks/planks_spruce"
	},
	"elements": [ 	 
		{
			"from": [ 4, 11, 4 ],
			"to": [ 12, 13, 7 ],
			"faces": {
				"down": { "uv": [ 0, 0, 8, 3 ], "texture": "#0" },
				"up": { "uv": [ 4, 9, 12, 12 ], "texture": "#0" },
				"north": { "uv": [ 2, 4, 10, 6 ], "texture": "#0" },
				"south": { "uv": [ 0, 0, 8, 2 ], "texture": "#1" },
				"west": { "uv": [ 2, 3, 5, 5 ], "texture": "#0" },
				"east": { "uv": [ 1, 4, 4, 6 ], "texture": "#0" }
			}
		},
		{
			"from": [ 3, 1, 4 ],
			"to": [ 13, 11, 7 ],
			"faces": {
				"down": { "uv": [ 0, 0, 10, 3 ], "texture": "#0" },
				"up": { "uv": [ 1, 0, 11, 3 ], "texture": "#0" },
				"north": { "uv": [ 2, 2, 14, 14 ], "texture": "#0" },
				"south": { "uv": [ 0, 0, 10, 10 ], "texture": "#1" },
				"west": { "uv": [ 0, 0, 3, 10 ], "texture": "#0" },
				"east": { "uv": [ 13, 0, 16, 10 ], "texture": "#0" }
			}
		},
		{
			"from": [ 3, 1, 7 ],
			"to": [ 13, 2, 8 ],
			"faces": {
				"down": { "uv": [ 0, 0, 10, 1 ], "texture": "#0" },
				"up": { "uv": [ 0, 0, 10, 1 ], "texture": "#0" },
				"north": { "uv": [ 0, 0, 10, 1 ], "texture": "#0" },
				"south": { "uv": [ 0, 0, 10, 1 ], "texture": "#0" },
				"west": { "uv": [ 0, 0, 1, 1 ], "texture": "#0" },
				"east": { "uv": [ 0, 0, 1, 1 ], "texture": "#0" }
			}
		},
		{
			"from": [ 4, 12, 7 ],
			"to": [ 12, 13, 8 ],
			"faces": {
				"down": { "uv": [ 0, 0, 8, 1 ], "texture": "#0" },
				"up": { "uv": [ 0, 0, 8, 1 ], "texture": "#0" },
				"north": { "uv": [ 0, 0, 8, 1 ], "texture": "#0" },
				"south": { "uv": [ 0, 0, 8, 1 ], "texture": "#0" },
				"west": { "uv": [ 0, 0, 1, 1 ], "texture": "#0" },
				"east": { "uv": [ 0, 0, 1, 1 ], "texture": "#0" }
			}
		},
		{
			"from": [ 3, 2, 7 ],
			"to": [ 4, 11, 8 ],
			"faces": {
				"down": { "uv": [ 0, 0, 1, 1 ], "texture": "#0" },
				"up": { "uv": [ 0, 0, 1, 1 ], "texture": "#0" },
				"north": { "uv": [ 0, 0, 1, 9 ], "texture": "#0" },
				"south": { "uv": [ 0, 0, 1, 9 ], "texture": "#0" },
				"west": { "uv": [ 0, 0, 1, 9 ], "texture": "#0" },
				"east": { "uv": [ 0, 0, 1, 9 ], "texture": "#0" }
			}
		},
		{
			"from": [ 12, 2, 7 ],
			"to": [ 13, 11, 8 ],
			"faces": {
				"down": { "uv": [ 0, 0, 1, 1 ], "texture": "#0" },
				"up": { "uv": [ 0, 0, 1, 1 ], "texture": "#0" },
				"north": { "uv": [ 0, 0, 1, 9 ], "texture": "#0" },
				"south": { "uv": [ 0, 0, 1, 9 ], "texture": "#0" },
				"west": { "uv": [ 0, 0, 1, 9 ], "texture": "#0" },
				"east": { "uv": [ 0, 0, 1, 9 ], "texture": "#0" }
			}
		},
		{
			"from": [ 4.5, 2.5, 7 ],
			"to": [ 11.5, 9.5, 8 ],
			"faces": {
				"down": { "uv": [ 0, 0, 7, 1 ], "texture": "#0" },
				"up": { "uv": [ 0, 0, 7, 1 ], "texture": "#0" },
				"north": { "uv": [ 0, 0, 7, 7 ], "texture": "#0" },
				"south": { "uv": [ 0, 1, 16, 16 ], "texture": "#0" },
				"west": { "uv": [ 0, 0, 1, 7 ], "texture": "#0" },
				"east": { "uv": [ 0, 0, 1, 7 ], "texture": "#0" }
			}
		},
		{
			"from": [ 4, 10, 7 ],
			"to": [ 5, 12, 8 ],
			"faces": {
				"down": { "uv": [ 0, 0, 1, 1 ], "texture": "#0" },
				"up": { "uv": [ 0, 0, 1, 1 ], "texture": "#0" },
				"north": { "uv": [ 0, 0, 1, 2 ], "texture": "#0" },
				"south": { "uv": [ 0, 0, 1, 2 ], "texture": "#0" },
				"west": { "uv": [ 0, 0, 1, 2 ], "texture": "#0" },
				"east": { "uv": [ 0, 0, 1, 2 ], "texture": "#0" }
			}
		},
		{
			"from": [ 11, 10, 7 ],
			"to": [ 12, 12, 8 ],
			"faces": {
				"down": { "uv": [ 0, 0, 1, 1 ], "texture": "#0" },
				"up": { "uv": [ 0, 0, 1, 1 ], "texture": "#0" },
				"north": { "uv": [ 0, 0, 1, 2 ], "texture": "#0" },
				"south": { "uv": [ 0, 0, 1, 2 ], "texture": "#0" },
				"west": { "uv": [ 0, 0, 1, 2 ], "texture": "#0" },
				"east": { "uv": [ 0, 0, 1, 2 ], "texture": "#0" }
			}
		},
		{
			"from": [ 5.5, 9.5, 7 ],
			"to": [ 10.5, 11.5, 8 ],
			"faces": {
				"down": { "uv": [ 0, 0, 5, 1 ], "texture": "#0" },
				"up": { "uv": [ 0, 0, 5, 1 ], "texture": "#0" },
				"north": { "uv": [ 0, 0, 5, 2 ], "texture": "#0" },
				"south": { "uv": [ 0, 0, 12, 4 ], "texture": "#0" },
				"west": { "uv": [ 0, 0, 1, 2 ], "texture": "#0" },
				"east": { "uv": [ 0, 0, 1, 2 ], "texture": "#0" }
			}
		},
		{
			"from": [ 1, 0, 5 ],
			"to": [ 5, 0.5, 9 ],
			"faces": {
				"down": { "uv": [ 0, 0, 4, 4 ], "texture": "#2" },
				"up": { "uv": [ 0, 0, 4, 4 ], "texture": "#2" },
				"north": { "uv": [ 0, 0, 4, 0.5 ], "texture": "#2" },
				"south": { "uv": [ 0, 0, 4, 0.5 ], "texture": "#2" },
				"west": { "uv": [ 0, 0, 4, 0.5 ], "texture": "#2" },
				"east": { "uv": [ 0, 0, 4, 0.5 ], "texture": "#2" }
			}
		},
		{
			"from": [ 8, 0, 3 ],
			"to": [ 15, 0.5, 9 ],
			"faces": {
				"down": { "uv": [ 0, 0, 7, 6 ], "texture": "#2" },
				"up": { "uv": [ 0, 0, 7, 6 ], "texture": "#2" },
				"north": { "uv": [ 0, 0, 7, 0.5 ], "texture": "#2" },
				"south": { "uv": [ 0, 0, 7, 0.5 ], "texture": "#2" },
				"west": { "uv": [ 0, 0, 6, 0.5 ], "texture": "#2" },
				"east": { "uv": [ 0, 0, 6, 0.5 ], "texture": "#2" }
			}
		},
		{
			"from": [ 5, 0, 6 ],
			"to": [ 12, 0.8, 11 ],
			"faces": {
				"down": { "uv": [ 0, 0, 7, 5 ], "texture": "#2" },
				"up": { "uv": [ 0, 0, 7, 5 ], "texture": "#2" },
				"north": { "uv": [ 0, 0, 7, 0.8000002 ], "texture": "#2" },
				"south": { "uv": [ 0, 0, 7, 0.8000002 ], "texture": "#2" },
				"west": { "uv": [ 0, 0, 5, 0.8000002 ], "texture": "#2" },
				"east": { "uv": [ 0, 0, 5, 0.8000002 ], "texture": "#2" }
			}
		},
		{
			"from": [ 2, 0, 7 ],
			"to": [ 5, 1.8, 10 ],
			"faces": {
				"down": { "uv": [ 0, 0, 3, 3 ], "texture": "#2" },
				"up": { "uv": [ 0, 0, 3, 3 ], "texture": "#2" },
				"north": { "uv": [ 0, 0, 3, 1.8 ], "texture": "#2" },
				"south": { "uv": [ 0, 0, 3, 1.8 ], "texture": "#2" },
				"west": { "uv": [ 0, 0, 3, 1.8 ], "texture": "#2" },
				"east": { "uv": [ 0, 0, 3, 1.8 ], "texture": "#2" }
			}
		},
		{
			"from": [ 11, 0, 2 ],
			"to": [ 14, 1.8, 5 ],
			"faces": {
				"down": { "uv": [ 0, 0, 3, 3 ], "texture": "#2" },
				"up": { "uv": [ 0, 0, 3, 3 ], "texture": "#2" },
				"north": { "uv": [ 0, 0, 3, 1.8 ], "texture": "#2" },
				"south": { "uv": [ 0, 0, 3, 1.8 ], "texture": "#2" },
				"west": { "uv": [ 0, 0, 3, 1.8 ], "texture": "#2" },
				"east": { "uv": [ 0, 0, 3, 1.8 ], "texture": "#2" }
			}
		},
		{
			"from": [ 2, 0, 3 ],
			"to": [ 6, 0.9, 5 ],
			"faces": {
				"down": { "uv": [ 0, 0, 4, 2 ], "texture": "#2" },
				"up": { "uv": [ 0, 0, 4, 2 ], "texture": "#2" },
				"north": { "uv": [ 0, 0, 4, 0.8999996 ], "texture": "#2" },
				"south": { "uv": [ 0, 0, 4, 0.8999996 ], "texture": "#2" },
				"west": { "uv": [ 0, 0, 2, 0.8999996 ], "texture": "#2" },
				"east": { "uv": [ 0, 0, 2, 0.8999996 ], "texture": "#2" }
			}
		},
		{
			"from": [ 4, 0, 10 ],
			"to": [ 6, 1.1, 12 ],
			"faces": {
				"down": { "uv": [ 0, 0, 2, 2 ], "texture": "#2" },
				"up": { "uv": [ 0, 0, 2, 2 ], "texture": "#2" },
				"north": { "uv": [ 0, 0, 2, 1.1 ], "texture": "#2" },
				"south": { "uv": [ 0, 0, 2, 1.1 ], "texture": "#2" },
				"west": { "uv": [ 0, 0, 2, 1.1 ], "texture": "#2" },
				"east": { "uv": [ 0, 0, 2, 1.1 ], "texture": "#2" }
			}
		},
		{
			"from": [ 11, 0, 10 ],
			"to": [ 13, 0.5, 13 ],
			"faces": {
				"down": { "uv": [ 0, 0, 2, 3 ], "texture": "#2" },
				"up": { "uv": [ 0, 0, 2, 3 ], "texture": "#2" },
				"north": { "uv": [ 0, 0, 2, 0.5 ], "texture": "#2" },
				"south": { "uv": [ 0, 0, 2, 0.5 ], "texture": "#2" },
				"west": { "uv": [ 0, 0, 3, 0.5 ], "texture": "#2" },
				"east": { "uv": [ 0, 0, 3, 0.5 ], "texture": "#2" }
			}
		},
		{
			"from": [ 2, 0, 11 ],
			"to": [ 5, 0.5, 13 ],
			"faces": {
				"down": { "uv": [ 0, 0, 3, 2 ], "texture": "#2" },
				"up": { "uv": [ 0, 0, 3, 2 ], "texture": "#2" },
				"north": { "uv": [ 0, 0, 3, 0.5 ], "texture": "#2" },
				"south": { "uv": [ 0, 0, 3, 0.5 ], "texture": "#2" },
				"west": { "uv": [ 0, 0, 2, 0.5 ], "texture": "#2" },
				"east": { "uv": [ 0, 0, 2, 0.5 ], "texture": "#2" }
			}
		},
		{
			"from": [ 5, 0, 3.5 ],
			"to": [ 11, 0.8, 5.5 ],
			"faces": {
				"down": { "uv": [ 0, 0, 6, 2 ], "texture": "#2" },
				"up": { "uv": [ 0, 0, 6, 2 ], "texture": "#2" },
				"north": { "uv": [ 0, 0, 6, 0.8000002 ], "texture": "#2" },
				"south": { "uv": [ 0, 0, 6, 0.8000002 ], "texture": "#2" },
				"west": { "uv": [ 0, 0, 2, 0.8000002 ], "texture": "#2" },
				"east": { "uv": [ 0, 0, 2, 0.8000002 ], "texture": "#2" }
			}
		},
		{
			"from": [ 2.5, 0.5, 3.8 ],
			"to": [ 11.5, 1.3, 7.8 ],
			"faces": {
				"down": { "uv": [ 0, 0, 9, 4 ], "texture": "#2" },
				"up": { "uv": [ 0, 0, 9, 4 ], "texture": "#2" },
				"north": { "uv": [ 0, 0, 9, 0.8000002 ], "texture": "#2" },
				"south": { "uv": [ 0, 0, 9, 0.8000002 ], "texture": "#2" },
				"west": { "uv": [ 0, 0, 4, 0.8000002 ], "texture": "#2" },
				"east": { "uv": [ 0, 0, 4, 0.8000002 ], "texture": "#2" }
			}
		},
		{
			"from": [ 7.3, 0, 3.4 ],
			"to": [ 13.3, 1.1, 8.4 ],
			"faces": {
				"down": { "uv": [ 0, 0, 6, 5 ], "texture": "#2" },
				"up": { "uv": [ 0, 0, 6, 5 ], "texture": "#2" },
				"north": { "uv": [ 0, 0, 6, 1.1 ], "texture": "#2" },
				"south": { "uv": [ 0, 0, 6, 1.1 ], "texture": "#2" },
				"west": { "uv": [ 0, 0, 5, 1.1 ], "texture": "#2" },
				"east": { "uv": [ 0, 0, 5, 1.1 ], "texture": "#2" }
			}
		},
		{
			"from": [ 7.5, 6, 8 ],
			"to": [ 8.5, 10, 8.5 ],
			"faces": {
				"down": { "uv": [ 0, 0, 1, 0.5 ], "texture": "#1" },
				"up": { "uv": [ 0, 0, 1, 0.5 ], "texture": "#1" },
				"north": { "uv": [ 0, 0, 1, 4 ], "texture": "#1" },
				"south": { "uv": [ 0, 0, 1, 4 ], "texture": "#1" },
				"west": { "uv": [ 0, 0, 0.5, 4 ], "texture": "#1" },
				"east": { "uv": [ 0, 0, 0.5, 4 ], "texture": "#1" }
			}
		},
		{
			"from": [ 8.5, 8, 8 ],
			"to": [ 9.5, 9, 8.5 ],
			"faces": {
				"down": { "uv": [ 0, 0, 1, 0.5 ], "texture": "#1" },
				"up": { "uv": [ 0, 0, 1, 0.5 ], "texture": "#1" },
				"north": { "uv": [ 0, 0, 1, 1 ], "texture": "#1" },
				"south": { "uv": [ 0, 0, 1, 1 ], "texture": "#1" },
				"west": { "uv": [ 0, 0, 0.5, 1 ], "texture": "#1" },
				"east": { "uv": [ 0, 0, 0.5, 1 ], "texture": "#1" }
			}
		},
		{
			"from": [ 6.5, 8, 8 ],
			"to": [ 7.5, 9, 8.5 ],
			"faces": {
				"down": { "uv": [ 0, 0, 1, 0.5 ], "texture": "#1" },
				"up": { "uv": [ 0, 0, 1, 0.5 ], "texture": "#1" },
				"north": { "uv": [ 0, 0, 1, 1 ], "texture": "#1" },
				"south": { "uv": [ 0, 0, 1, 1 ], "texture": "#1" },
				"west": { "uv": [ 0, 0, 0.5, 1 ], "texture": "#1" },
				"east": { "uv": [ 0, 0, 0.5, 1 ], "texture": "#1" }
			}
		},
		{
			"from": [ 11, 0, 14 ],
			"to": [ 12, 1, 15 ],
			"rotation": { "origin": [ 8, 8, 8 ], "axis": "y", "angle": 22.5 },
			"faces": {
				"down": { "uv": [ 0, 0, 1, 1 ], "texture": "#3" },
				"up": { "uv": [ 0, 0, 1, 1 ], "texture": "#3" },
				"north": { "uv": [ 0, 0, 1, 1 ], "texture": "#3" },
				"south": { "uv": [ 0, 0, 1, 1 ], "texture": "#3" },
				"west": { "uv": [ 0, 0, 1, 1 ], "texture": "#3" },
				"east": { "uv": [ 0, 0, 1, 1 ], "texture": "#3" }
			}
		},
		{
			"from": [ 5, 0, 11.5 ],
			"to": [ 6.5, 0.7, 12.5 ],
			"faces": {
				"down": { "uv": [ 0, 0, 1.5, 1 ], "texture": "#3" },
				"up": { "uv": [ 0, 0, 1.5, 1 ], "texture": "#3" },
				"north": { "uv": [ 0, 0, 1.5, 0.6999998 ], "texture": "#3" },
				"south": { "uv": [ 0, 0, 1.5, 0.6999998 ], "texture": "#3" },
				"west": { "uv": [ 0, 0, 1, 0.6999998 ], "texture": "#3" },
				"east": { "uv": [ 0, 0, 1, 0.6999998 ], "texture": "#3" }
			}
		},
		{
			"from": [ 14, 0, 9.5 ],
			"to": [ 15, 1, 11.5 ],
			"rotation": { "origin": [ 8, 8, 8 ], "axis": "y", "angle": 22.5 },
			"faces": {
				"down": { "uv": [ 0, 0, 1, 2 ], "texture": "#0" },
				"up": { "uv": [ 0, 0, 1, 2 ], "texture": "#0" },
				"north": { "uv": [ 0, 0, 1, 1 ], "texture": "#0" },
				"south": { "uv": [ 0, 0, 1, 1 ], "texture": "#0" },
				"west": { "uv": [ 0, 0, 2, 1 ], "texture": "#0" },
				"east": { "uv": [ 0, 0, 2, 1 ], "texture": "#0" }
			}
		},
		{
			"from": [ 4, 0, 2 ],
			"to": [ 5.5, 0.7, 3 ],
			"faces": {
				"down": { "uv": [ 0, 0, 1.5, 1 ], "texture": "#0" },
				"up": { "uv": [ 0, 0, 1.5, 1 ], "texture": "#0" },
				"north": { "uv": [ 0, 0, 1.5, 0.6999998 ], "texture": "#0" },
				"south": { "uv": [ 0, 0, 1.5, 0.6999998 ], "texture": "#0" },
				"west": { "uv": [ 0, 0, 1, 0.6999998 ], "texture": "#0" },
				"east": { "uv": [ 0, 0, 1, 0.6999998 ], "texture": "#0" }
			}
		},
		{
			"from": [ 1, 1.8, 0 ],
			"to": [ 2, 5.8, 1 ],
			"rotation": { "origin": [ 8, 8, 8 ], "axis": "x", "angle": -22.5 },
			"faces": {
				"down": { "uv": [ 0, 0, 1, 1 ], "texture": "#4" },
				"up": { "uv": [ 0, 0, 1, 1 ], "texture": "#4" },
				"north": { "uv": [ 0, 0, 1, 4 ], "texture": "#4" },
				"south": { "uv": [ 0, 0, 1, 4 ], "texture": "#4" },
				"west": { "uv": [ 0, 0, 1, 4 ], "texture": "#4" },
				"east": { "uv": [ 0, 0, 1, 4 ], "texture": "#4" }
			}
		},
		{
			"from": [ 0, 4, 0.09999999 ],
			"to": [ 3, 4.6, 0.9 ],
			"rotation": { "origin": [ 8, 8, 8 ], "axis": "x", "angle": -22.5 },
			"faces": {
				"down": { "uv": [ 0, 0, 3, 0.8000002 ], "texture": "#4" },
				"up": { "uv": [ 0, 0, 3, 0.8000002 ], "texture": "#4" },
				"north": { "uv": [ 0, 0, 3, 0.6000004 ], "texture": "#4" },
				"south": { "uv": [ 0, 0, 3, 0.6000004 ], "texture": "#4" },
				"west": { "uv": [ 0, 0, 0.8, 0.6000004 ], "texture": "#4" },
				"east": { "uv": [ 0, 0, 0.8, 0.6000004 ], "texture": "#4" }
			}
		},
		{
			"from": [ 16, 2, 10 ],
			"to": [ 16.5, 6, 10.5 ],
			"rotation": { "origin": [ 8, 8, 8 ], "axis": "z", "angle": -22.5 },
			"faces": {
				"down": { "uv": [ 0, 0, 0.5, 0.5 ], "texture": "#4" },
				"up": { "uv": [ 0, 0, 0.5, 0.5 ], "texture": "#4" },
				"north": { "uv": [ 0, 0, 0.5, 4 ], "texture": "#4" },
				"south": { "uv": [ 0, 0, 0.5, 4 ], "texture": "#4" },
				"west": { "uv": [ 0, 0, 0.5, 4 ], "texture": "#4" },
				"east": { "uv": [ 0, 0, 0.5, 4 ], "texture": "#4" }
			}
		},
		{
			"from": [ 16, 4.5, 10.5 ],
			"to": [ 16.5, 5, 11.5 ],
			"rotation": { "origin": [ 8, 8, 8 ], "axis": "z", "angle": -22.5 },
			"faces": {
				"down": { "uv": [ 0, 0, 0.5, 1 ], "texture": "#4" },
				"up": { "uv": [ 0, 0, 0.5, 1 ], "texture": "#4" },
				"north": { "uv": [ 0, 0, 0.5, 0.5 ], "texture": "#4" },
				"south": { "uv": [ 0, 0, 0.5, 0.5 ], "texture": "#4" },
				"west": { "uv": [ 0, 0, 1, 0.5 ], "texture": "#4" },
				"east": { "uv": [ 0, 0, 1, 0.5 ], "texture": "#4" }
			}
		},
		{
			"from": [ 16, 4.5, 9 ],
			"to": [ 16.5, 5, 10 ],
			"rotation": { "origin": [ 8, 8, 8 ], "axis": "z", "angle": -22.5 },
			"faces": {
				"down": { "uv": [ 0, 0, 0.5, 1 ], "texture": "#4" },
				"up": { "uv": [ 0, 0, 0.5, 1 ], "texture": "#4" },
				"north": { "uv": [ 0, 0, 0.5, 0.5 ], "texture": "#4" },
				"south": { "uv": [ 0, 0, 0.5, 0.5 ], "texture": "#4" },
				"west": { "uv": [ 0, 0, 1, 0.5 ], "texture": "#4" },
				"east": { "uv": [ 0, 0, 1, 0.5 ], "texture": "#4" }
			}
		}
	],
	"display": {
		"thirdperson_righthand": {
			"rotation":  [ 0, 0, -53 ],
			"translation":  [ 0, -1.39, 0 ]
		},
		"thirdperson_lefthand": {
			"rotation":  [ 0, 0, -53 ],
			"translation":  [ 0, -1.39, 0 ]
		},
		"firstperson_righthand": {
			"rotation":  [ 0, 74, 0 ],
			"translation":  [ 0, 3.4782, 0 ]
		},
		"firstperson_lefthand": {
			"rotation":  [ 0, 74, 0 ],
			"translation":  [ 0, 3.4782, 0 ]
		},
		"gui": {
			"rotation":  [ 14, 180, 0 ]
		},
		"head": {
			"translation":  [ 0, 2.0869, -2.782 ],
			"scale":  [ 2.3, 2.3, 2.3 ]
		},
		"ground": {
			"translation":  [ 0, 2, 0 ],
			"scale":  [ 0.5, 0.5, 0.5 ]
		},
		"fixed": {
			"rotation":  [ -23, 0, 0 ],
			"translation":  [ 0, -1.391, -4.869 ],
			"scale":  [ 2, 2, 2 ]
		}
	}
}