{
	"__comment": "Designed by Monsterfish_ with Cubik Studio - https://cubik.studio",
	"textures": {
		"particle": "blocks/resuce",
		"mesh_atlas": "blocks/resuce"
	},
	"elements": [ 	 
		{
			"__comment": "Voxels",
			"from": [ -1, 0, 3 ],
			"to": [ -0.2, 0.8, 6.2 ],
			"faces": {
				"down": { "uv": [ 2.25, 2.5, 2.5, 3.5 ], "texture": "#mesh_atlas", "cullface": "west" },
				"up": { "uv": [ 0.75, 1.5, 1, 0.5 ], "texture": "#mesh_atlas", "cullface": "west" },
				"north": { "uv": [ 16, 8, 15.75, 8.25 ], "texture": "#mesh_atlas", "cullface": "west" },
				"south": { "uv": [ 9.25, 4.25, 9.5, 4.5 ], "texture": "#mesh_atlas", "cullface": "west" },
				"west": { "uv": [ 7.25, 4.75, 8.25, 5 ], "texture": "#mesh_atlas", "cullface": "west" },
				"east": { "uv": [ 8.25, 4.5, 7.25, 4.75 ], "texture": "#mesh_atlas", "cullface": "west" }
			}
		},
		{
			"__comment": "Voxels",
			"from": [ -1, 0.3, 10.2 ],
			"to": [ 4.6, 1.1, 11 ],
			"faces": {
				"down": { "uv": [ 2.75, 2.5, 4.5, 2.75 ], "texture": "#mesh_atlas", "cullface": "west" },
				"up": { "uv": [ 2.75, 2, 4.5, 1.75 ], "texture": "#mesh_atlas", "cullface": "west" },
				"north": { "uv": [ 4.5, 3, 2.75, 3.25 ], "texture": "#mesh_atlas", "cullface": "west" },
				"south": { "uv": [ 2.75, 2, 4.5, 2.25 ], "texture": "#mesh_atlas", "cullface": "west" },
				"west": { "uv": [ 9.25, 2, 9.5, 2.25 ], "texture": "#mesh_atlas", "cullface": "west" },
				"east": { "uv": [ 9.5, 1.25, 9.25, 1.5 ], "texture": "#mesh_atlas", "cullface": "west" }
			}
		},
		{
			"__comment": "Voxels",
			"from": [ -1, 0, 11 ],
			"to": [ -0.2, 0.8, 13.4 ],
			"faces": {
				"down": { "uv": [ 4.25, 10.25, 4.5, 11 ], "texture": "#mesh_atlas", "cullface": "west" },
				"up": { "uv": [ 4.25, 10.25, 4.5, 9.5 ], "texture": "#mesh_atlas", "cullface": "west" },
				"north": { "uv": [ 10, 3, 9.75, 3.25 ], "texture": "#mesh_atlas", "cullface": "west" },
				"south": { "uv": [ 9.75, 2.75, 10, 3 ], "texture": "#mesh_atlas", "cullface": "west" },
				"west": { "uv": [ 2, 5.75, 2.75, 6 ], "texture": "#mesh_atlas", "cullface": "west" },
				"east": { "uv": [ 2.75, 1.5, 2, 1.75 ], "texture": "#mesh_atlas", "cullface": "west" }
			}
		},
		{
			"__comment": "Voxels",
			"from": [ -0.3, -0.3, 1.5 ],
			"to": [ 0.5, 0.5, 3.1 ],
			"faces": {
				"down": { "uv": [ 9.75, 4.75, 10, 5.25 ], "texture": "#mesh_atlas", "cullface": "west" },
				"up": { "uv": [ 15.75, 14.5, 16, 14 ], "texture": "#mesh_atlas", "cullface": "west" },
				"north": { "uv": [ 10, 1.25, 9.75, 1.5 ], "texture": "#mesh_atlas", "cullface": "west" },
				"south": { "uv": [ 9.75, 1, 10, 1.25 ], "texture": "#mesh_atlas", "cullface": "west" },
				"west": { "uv": [ 15.5, 12.5, 16, 12.75 ], "texture": "#mesh_atlas", "cullface": "west" },
				"east": { "uv": [ 16, 12.25, 15.5, 12.5 ], "texture": "#mesh_atlas", "cullface": "west" }
			}
		},
		{
			"__comment": "Voxels",
			"from": [ -0.2, 0.3, 5.4 ],
			"to": [ 4.6, 1.1, 10.2 ],
			"faces": {
				"down": { "uv": [ 1.25, 12.25, 2.75, 13.75 ], "texture": "#mesh_atlas", "cullface": "west" },
				"up": { "uv": [ 1.25, 12.25, 2.75, 10.75 ], "texture": "#mesh_atlas", "cullface": "west" },
				"north": { "uv": [ 14.25, 6.5, 12.75, 6.75 ], "texture": "#mesh_atlas", "cullface": "west" },
				"west": { "uv": [ 14, 11.25, 15.5, 11.5 ], "texture": "#mesh_atlas", "cullface": "west" },
				"east": { "uv": [ 4.25, 0, 2.75, 0.25 ], "texture": "#mesh_atlas", "cullface": "west" }
			}
		},
		{
			"__comment": "Voxels",
			"from": [ -0.3, -0.3, 13.5 ],
			"to": [ 0.5, 0.5, 15.1 ],
			"faces": {
				"down": { "uv": [ 4.25, 5.25, 4.5, 5.75 ], "texture": "#mesh_atlas", "cullface": "west" },
				"up": { "uv": [ 9, 0.5, 9.25, 0 ], "texture": "#mesh_atlas", "cullface": "west" },
				"north": { "uv": [ 10.25, 5.75, 10, 6 ], "texture": "#mesh_atlas", "cullface": "west" },
				"south": { "uv": [ 10.25, 5.75, 10.5, 6 ], "texture": "#mesh_atlas", "cullface": "west" },
				"west": { "uv": [ 15.5, 11, 16, 11.25 ], "texture": "#mesh_atlas", "cullface": "west" },
				"east": { "uv": [ 16, 10.75, 15.5, 11 ], "texture": "#mesh_atlas", "cullface": "west" }
			}
		},
		{
			"__comment": "Voxels",
			"from": [ 0.6, -0.5, 3.8 ],
			"to": [ 15.8, 1.9, 4.6 ],
			"faces": {
				"down": { "uv": [ 10.25, 12, 15, 12.25 ], "texture": "#mesh_atlas", "cullface": "down" },
				"up": { "uv": [ 4.5, 11.25, 9.25, 11 ], "texture": "#mesh_atlas", "cullface": "down" },
				"north": { "uv": [ 9.5, 15.25, 4.75, 16 ], "texture": "#mesh_atlas", "cullface": "down" },
				"south": { "uv": [ 0, 15.25, 4.75, 16 ], "texture": "#mesh_atlas", "cullface": "down" },
				"west": { "uv": [ 9.5, 3.5, 9.75, 4.25 ], "texture": "#mesh_atlas", "cullface": "down" },
				"east": { "uv": [ 9.75, 1.25, 9.5, 2 ], "texture": "#mesh_atlas", "cullface": "down" }
			}
		},
		{
			"__comment": "Voxels",
			"from": [ 0.6, -0.5, 4.6 ],
			"to": [ 5.4, 1.9, 5.4 ],
			"faces": {
				"down": { "uv": [ 2.75, 0.25, 4.25, 0.5 ], "texture": "#mesh_atlas", "cullface": "down" },
				"up": { "uv": [ 2.75, 1.75, 4.25, 1.5 ], "texture": "#mesh_atlas", "cullface": "down" },
				"south": { "uv": [ 2.75, 10.25, 4.25, 11 ], "texture": "#mesh_atlas", "cullface": "down" },
				"west": { "uv": [ 9.5, 2, 9.75, 2.75 ], "texture": "#mesh_atlas", "cullface": "down" },
				"east": { "uv": [ 9.75, 2.75, 9.5, 3.5 ], "texture": "#mesh_atlas", "cullface": "down" }
			}
		},
		{
			"__comment": "Voxels",
			"from": [ 0.6, -0.5, 5.4 ],
			"to": [ 4.6, 0.3, 12.6 ],
			"faces": {
				"down": { "uv": [ 0, 10, 1.25, 12.25 ], "texture": "#mesh_atlas", "cullface": "down" },
				"up": { "uv": [ 0, 14.5, 1.25, 12.25 ], "texture": "#mesh_atlas", "cullface": "down" },
				"south": { "uv": [ 0, 0.25, 1.25, 0.5 ], "texture": "#mesh_atlas", "cullface": "down" },
				"west": { "uv": [ 13.75, 7.5, 16, 7.75 ], "texture": "#mesh_atlas", "cullface": "down" },
				"east": { "uv": [ 10.5, 6.5, 8.25, 6.75 ], "texture": "#mesh_atlas", "cullface": "down" }
			}
		},
		{
			"__comment": "Voxels",
			"from": [ 0.5, -0.6, 0.7 ],
			"to": [ 1.3, 0.2, 1.5 ],
			"faces": {
				"down": { "uv": [ 15.75, 9.25, 16, 9.5 ], "texture": "#mesh_atlas", "cullface": "down" },
				"up": { "uv": [ 10.75, 6, 11, 5.75 ], "texture": "#mesh_atlas", "cullface": "down" },
				"north": { "uv": [ 10.75, 5.75, 10.5, 6 ], "texture": "#mesh_atlas", "cullface": "down" },
				"south": { "uv": [ 9.75, 0, 10, 0.25 ], "texture": "#mesh_atlas", "cullface": "down" },
				"west": { "uv": [ 9.75, 0.25, 10, 0.5 ], "texture": "#mesh_atlas", "cullface": "down" },
				"east": { "uv": [ 10, 0.5, 9.75, 0.75 ], "texture": "#mesh_atlas", "cullface": "down" }
			}
		},
		{
			"__comment": "Voxels",
			"from": [ 0.6, 0.3, 3 ],
			"to": [ 15.8, 1.1, 3.8 ],
			"faces": {
				"down": { "uv": [ 9.25, 10.75, 14, 11 ], "texture": "#mesh_atlas" },
				"up": { "uv": [ 9.25, 11.75, 14, 11.5 ], "texture": "#mesh_atlas" },
				"north": { "uv": [ 9.25, 10.75, 4.5, 11 ], "texture": "#mesh_atlas" },
				"west": { "uv": [ 9.75, 0.75, 10, 1 ], "texture": "#mesh_atlas" },
				"east": { "uv": [ 10, 1.5, 9.75, 1.75 ], "texture": "#mesh_atlas" }
			}
		},
		{
			"__comment": "Voxels",
			"from": [ 0.6, 0.3, 11 ],
			"to": [ 5.4, 1.9, 12.6 ],
			"faces": {
				"down": { "uv": [ 2.75, 5.25, 4.25, 5.75 ], "texture": "#mesh_atlas" },
				"up": { "uv": [ 14, 12.75, 15.5, 12.25 ], "texture": "#mesh_atlas" },
				"north": { "uv": [ 15.5, 12.75, 14, 13.25 ], "texture": "#mesh_atlas" },
				"south": { "uv": [ 1.25, 0, 2.75, 0.5 ], "texture": "#mesh_atlas" },
				"west": { "uv": [ 15.5, 15.5, 16, 16 ], "texture": "#mesh_atlas" },
				"east": { "uv": [ 16, 14.75, 15.5, 15.25 ], "texture": "#mesh_atlas" }
			}
		},
		{
			"__comment": "Voxels",
			"from": [ 0.6, 0.3, 12.6 ],
			"to": [ 15.8, 1.1, 13.4 ],
			"faces": {
				"down": { "uv": [ 9.25, 11.25, 14, 11.5 ], "texture": "#mesh_atlas" },
				"up": { "uv": [ 4.5, 11.5, 9.25, 11.25 ], "texture": "#mesh_atlas" },
				"north": { "uv": [ 9.25, 11.5, 4.5, 11.75 ], "texture": "#mesh_atlas" },
				"south": { "uv": [ 10.25, 11.75, 15, 12 ], "texture": "#mesh_atlas" },
				"west": { "uv": [ 9.75, 1.75, 10, 2 ], "texture": "#mesh_atlas" },
				"east": { "uv": [ 9.5, 2.25, 9.25, 2.5 ], "texture": "#mesh_atlas" }
			}
		},
		{
			"__comment": "Voxels",
			"from": [ 0.5, -0.6, 15.1 ],
			"to": [ 1.3, 0.2, 15.9 ],
			"faces": {
				"down": { "uv": [ 9.25, 2.5, 9.5, 2.75 ], "texture": "#mesh_atlas", "cullface": "down" },
				"up": { "uv": [ 9.25, 3, 9.5, 2.75 ], "texture": "#mesh_atlas", "cullface": "down" },
				"north": { "uv": [ 9.5, 3, 9.25, 3.25 ], "texture": "#mesh_atlas", "cullface": "down" },
				"south": { "uv": [ 9.25, 3.25, 9.5, 3.5 ], "texture": "#mesh_atlas", "cullface": "down" },
				"west": { "uv": [ 9.25, 3.5, 9.5, 3.75 ], "texture": "#mesh_atlas", "cullface": "down" },
				"east": { "uv": [ 16, 8.25, 15.75, 8.5 ], "texture": "#mesh_atlas", "cullface": "down" }
			}
		},
		{
			"__comment": "Voxels",
			"from": [ 0.6, 1.1, 5.4 ],
			"to": [ 4.6, 1.9, 11 ],
			"faces": {
				"down": { "uv": [ 0, 6.5, 1.25, 8.25 ], "texture": "#mesh_atlas" },
				"up": { "uv": [ 0, 10, 1.25, 8.25 ], "texture": "#mesh_atlas" },
				"west": { "uv": [ 2.75, 4.75, 4.5, 5 ], "texture": "#mesh_atlas" },
				"east": { "uv": [ 4.5, 5, 2.75, 5.25 ], "texture": "#mesh_atlas" }
			}
		},
		{
			"__comment": "Voxels",
			"from": [ 1.4, -1.3, 3.8 ],
			"to": [ 4.6, -0.4999999, 4.6 ],
			"faces": {
				"down": { "uv": [ 8.25, 6, 9.25, 6.25 ], "texture": "#mesh_atlas", "cullface": "down" },
				"north": { "uv": [ 9.25, 5.5, 8.25, 5.75 ], "texture": "#mesh_atlas", "cullface": "down" },
				"south": { "uv": [ 8.25, 5.25, 9.25, 5.5 ], "texture": "#mesh_atlas", "cullface": "down" },
				"west": { "uv": [ 15.75, 8.5, 16, 8.75 ], "texture": "#mesh_atlas", "cullface": "down" },
				"east": { "uv": [ 16, 8.75, 15.75, 9 ], "texture": "#mesh_atlas", "cullface": "down" }
			}
		},
		{
			"__comment": "Voxels",
			"from": [ 1.4, -1.3, 4.6 ],
			"to": [ 3.8, -0.4999999, 12.6 ],
			"faces": {
				"down": { "uv": [ 1.25, 5.75, 2, 8.25 ], "texture": "#mesh_atlas", "cullface": "down" },
				"up": { "uv": [ 2, 10.75, 2.75, 8.25 ], "texture": "#mesh_atlas", "cullface": "down" },
				"south": { "uv": [ 12.75, 6.25, 13.5, 6.5 ], "texture": "#mesh_atlas", "cullface": "down" },
				"west": { "uv": [ 8.25, 7, 10.75, 7.25 ], "texture": "#mesh_atlas", "cullface": "down" },
				"east": { "uv": [ 13.25, 7, 10.75, 7.25 ], "texture": "#mesh_atlas", "cullface": "down" }
			}
		},
		{
			"__comment": "Voxels",
			"from": [ 1.4, -0.5, 2.2 ],
			"to": [ 15, 1.9, 3 ],
			"faces": {
				"down": { "uv": [ 4.5, 9, 8.75, 9.25 ], "texture": "#mesh_atlas", "cullface": "down" },
				"up": { "uv": [ 8.75, 9.5, 13, 9.25 ], "texture": "#mesh_atlas", "cullface": "down" },
				"north": { "uv": [ 4.25, 14.5, 0, 15.25 ], "texture": "#mesh_atlas", "cullface": "down" },
				"south": { "uv": [ 9.5, 15.25, 13.75, 16 ], "texture": "#mesh_atlas", "cullface": "down" },
				"west": { "uv": [ 4.25, 7.25, 4.5, 8 ], "texture": "#mesh_atlas", "cullface": "down" },
				"east": { "uv": [ 4.5, 8, 4.25, 8.75 ], "texture": "#mesh_atlas", "cullface": "down" }
			}
		},
		{
			"__comment": "Voxels",
			"from": [ 1.4, -0.5, 3 ],
			"to": [ 15, 0.3, 3.8 ],
			"faces": {
				"down": { "uv": [ 8.75, 9, 13, 9.25 ], "texture": "#mesh_atlas", "cullface": "down" },
				"west": { "uv": [ 15.75, 13.75, 16, 14 ], "texture": "#mesh_atlas", "cullface": "down" },
				"east": { "uv": [ 14.25, 5.5, 14, 5.75 ], "texture": "#mesh_atlas", "cullface": "down" }
			}
		},
		{
			"__comment": "Voxels",
			"from": [ 1.4, -0.5, 12.6 ],
			"to": [ 15, 0.3, 14.2 ],
			"faces": {
				"down": { "uv": [ 11.5, 14, 15.75, 14.5 ], "texture": "#mesh_atlas", "cullface": "down" },
				"up": { "uv": [ 2.75, 13.75, 7, 13.25 ], "texture": "#mesh_atlas", "cullface": "down" },
				"north": { "uv": [ 13, 10.5, 8.75, 10.75 ], "texture": "#mesh_atlas", "cullface": "down" },
				"south": { "uv": [ 4.5, 10.5, 8.75, 10.75 ], "texture": "#mesh_atlas", "cullface": "down" },
				"west": { "uv": [ 7.75, 5.5, 8.25, 5.75 ], "texture": "#mesh_atlas", "cullface": "down" },
				"east": { "uv": [ 16, 12.75, 15.5, 13 ], "texture": "#mesh_atlas", "cullface": "down" }
			}
		},
		{
			"__comment": "Voxels",
			"from": [ 1.3, -0.3, -0.09999999 ],
			"to": [ 2.9, 0.5, 0.7 ],
			"faces": {
				"down": { "uv": [ 15.5, 13, 16, 13.25 ], "texture": "#mesh_atlas", "cullface": "north" },
				"up": { "uv": [ 15.5, 13.5, 16, 13.25 ], "texture": "#mesh_atlas", "cullface": "north" },
				"north": { "uv": [ 16, 13.5, 15.5, 13.75 ], "texture": "#mesh_atlas", "cullface": "north" },
				"south": { "uv": [ 15.5, 14.5, 16, 14.75 ], "texture": "#mesh_atlas", "cullface": "north" },
				"west": { "uv": [ 12.5, 5.5, 12.75, 5.75 ], "texture": "#mesh_atlas", "cullface": "north" },
				"east": { "uv": [ 12, 5.5, 11.75, 5.75 ], "texture": "#mesh_atlas", "cullface": "north" }
			}
		},
		{
			"__comment": "Voxels",
			"from": [ 1.4, 0.3, 13.4 ],
			"to": [ 15, 1.9, 14.2 ],
			"faces": {
				"up": { "uv": [ 4.5, 9.75, 8.75, 9.5 ], "texture": "#mesh_atlas" },
				"north": { "uv": [ 15.5, 13.25, 11.25, 13.75 ], "texture": "#mesh_atlas" },
				"south": { "uv": [ 7, 13.25, 11.25, 13.75 ], "texture": "#mesh_atlas" },
				"west": { "uv": [ 9.5, 0.25, 9.75, 0.75 ], "texture": "#mesh_atlas" },
				"east": { "uv": [ 9.75, 0.75, 9.5, 1.25 ], "texture": "#mesh_atlas" }
			}
		},
		{
			"__comment": "Voxels",
			"from": [ 1.3, -0.3, 15.9 ],
			"to": [ 2.9, 0.5, 16.7 ],
			"faces": {
				"down": { "uv": [ 7.75, 6.5, 8.25, 6.75 ], "texture": "#mesh_atlas", "cullface": "south" },
				"up": { "uv": [ 15.5, 11.5, 16, 11.25 ], "texture": "#mesh_atlas", "cullface": "south" },
				"north": { "uv": [ 16, 11.5, 15.5, 11.75 ], "texture": "#mesh_atlas", "cullface": "south" },
				"south": { "uv": [ 15.5, 15.25, 16, 15.5 ], "texture": "#mesh_atlas", "cullface": "south" },
				"west": { "uv": [ 10, 3.25, 10.25, 3.5 ], "texture": "#mesh_atlas", "cullface": "south" },
				"east": { "uv": [ 10.25, 3.5, 10, 3.75 ], "texture": "#mesh_atlas", "cullface": "south" }
			}
		},
		{
			"__comment": "Voxels",
			"from": [ 1.4, 1.1, 3 ],
			"to": [ 15, 1.9, 3.8 ],
			"faces": {
				"up": { "uv": [ 8.75, 10, 13, 9.75 ], "texture": "#mesh_atlas" },
				"west": { "uv": [ 10, 4.25, 10.25, 4.5 ], "texture": "#mesh_atlas" },
				"east": { "uv": [ 10.25, 4.5, 10, 4.75 ], "texture": "#mesh_atlas" }
			}
		},
		{
			"__comment": "Voxels",
			"from": [ 1.4, 1.1, 12.6 ],
			"to": [ 15, 1.9, 13.4 ],
			"faces": {
				"up": { "uv": [ 8.75, 9, 13, 8.75 ], "texture": "#mesh_atlas" },
				"north": { "uv": [ 8.75, 8.5, 4.5, 8.75 ], "texture": "#mesh_atlas" },
				"west": { "uv": [ 12.75, 5.75, 13, 6 ], "texture": "#mesh_atlas" },
				"east": { "uv": [ 12.75, 5.75, 12.5, 6 ], "texture": "#mesh_atlas" }
			}
		},
		{
			"__comment": "Voxels",
			"from": [ 1.4, 1.9, 3.8 ],
			"to": [ 4.6, 2.7, 4.6 ],
			"faces": {
				"up": { "uv": [ 8.25, 5, 9.25, 4.75 ], "texture": "#mesh_atlas" },
				"north": { "uv": [ 9.25, 4.5, 8.25, 4.75 ], "texture": "#mesh_atlas" },
				"south": { "uv": [ 8.25, 4.25, 9.25, 4.5 ], "texture": "#mesh_atlas" },
				"west": { "uv": [ 12.25, 5.75, 12.5, 6 ], "texture": "#mesh_atlas" },
				"east": { "uv": [ 12, 5.75, 11.75, 6 ], "texture": "#mesh_atlas" }
			}
		},
		{
			"__comment": "Voxels",
			"from": [ 1.4, 1.9, 4.6 ],
			"to": [ 3.8, 2.7, 12.6 ],
			"faces": {
				"down": { "uv": [ 1.25, 8.25, 2, 10.75 ], "texture": "#mesh_atlas" },
				"up": { "uv": [ 0, 3, 0.75, 0.5 ], "texture": "#mesh_atlas" },
				"south": { "uv": [ 11.25, 6.25, 12, 6.5 ], "texture": "#mesh_atlas" },
				"west": { "uv": [ 13.25, 7, 15.75, 7.25 ], "texture": "#mesh_atlas" },
				"east": { "uv": [ 10.75, 6.75, 8.25, 7 ], "texture": "#mesh_atlas" }
			}
		},
		{
			"__comment": "Voxels",
			"from": [ 2.2, -1.3, 2.2 ],
			"to": [ 14.2, -0.4999999, 3.8 ],
			"faces": {
				"down": { "uv": [ 6.5, 12.25, 10.25, 12.75 ], "texture": "#mesh_atlas", "cullface": "down" },
				"up": { "uv": [ 10.25, 13.25, 14, 12.75 ], "texture": "#mesh_atlas", "cullface": "down" },
				"north": { "uv": [ 15.75, 8.25, 12, 8.5 ], "texture": "#mesh_atlas", "cullface": "down" },
				"south": { "uv": [ 4.5, 8, 8.25, 8.25 ], "texture": "#mesh_atlas", "cullface": "down" },
				"west": { "uv": [ 7.75, 5.75, 8.25, 6 ], "texture": "#mesh_atlas", "cullface": "down" },
				"east": { "uv": [ 8.25, 6, 7.75, 6.25 ], "texture": "#mesh_atlas", "cullface": "down" }
			}
		},
		{
			"__comment": "Voxels",
			"from": [ 2.2, -1.3, 12.6 ],
			"to": [ 14.2, -0.4999999, 14.2 ],
			"faces": {
				"down": { "uv": [ 6.5, 12.75, 10.25, 13.25 ], "texture": "#mesh_atlas", "cullface": "down" },
				"north": { "uv": [ 12, 8, 8.25, 8.25 ], "texture": "#mesh_atlas", "cullface": "down" },
				"south": { "uv": [ 4.5, 7.5, 8.25, 7.75 ], "texture": "#mesh_atlas", "cullface": "down" },
				"west": { "uv": [ 7.75, 6.75, 8.25, 7 ], "texture": "#mesh_atlas", "cullface": "down" },
				"east": { "uv": [ 8.25, 7, 7.75, 7.25 ], "texture": "#mesh_atlas", "cullface": "down" }
			}
		},
		{
			"__comment": "Voxels",
			"from": [ 2.2, -0.5, 1.4 ],
			"to": [ 14.2, 1.9, 2.2 ],
			"faces": {
				"down": { "uv": [ 4.5, 7.25, 8.25, 7.5 ], "texture": "#mesh_atlas", "cullface": "down" },
				"up": { "uv": [ 8.25, 8, 12, 7.75 ], "texture": "#mesh_atlas", "cullface": "down" },
				"north": { "uv": [ 8, 14.5, 4.25, 15.25 ], "texture": "#mesh_atlas", "cullface": "down" },
				"west": { "uv": [ 4, 5.75, 4.25, 6.5 ], "texture": "#mesh_atlas", "cullface": "down" },
				"east": { "uv": [ 4.25, 6.5, 4, 7.25 ], "texture": "#mesh_atlas", "cullface": "down" }
			}
		},
		{
			"__comment": "Voxels",
			"from": [ 2.2, -0.5, 14.2 ],
			"to": [ 14.2, 1.9, 15 ],
			"faces": {
				"down": { "uv": [ 4.5, 7.75, 8.25, 8 ], "texture": "#mesh_atlas", "cullface": "down" },
				"up": { "uv": [ 4.5, 8.5, 8.25, 8.25 ], "texture": "#mesh_atlas", "cullface": "down" },
				"north": { "uv": [ 5, 13.75, 1.25, 14.5 ], "texture": "#mesh_atlas", "cullface": "down" },
				"south": { "uv": [ 11.75, 14.5, 15.5, 15.25 ], "texture": "#mesh_atlas", "cullface": "down" },
				"west": { "uv": [ 9.5, 5, 9.75, 5.75 ], "texture": "#mesh_atlas", "cullface": "down" },
				"east": { "uv": [ 9.75, 5.75, 9.5, 6.5 ], "texture": "#mesh_atlas", "cullface": "down" }
			}
		},
		{
			"__comment": "Voxels",
			"from": [ 2.2, 1.9, 2.2 ],
			"to": [ 14.2, 2.7, 3.8 ],
			"faces": {
				"down": { "uv": [ 6.5, 11.75, 10.25, 12.25 ], "texture": "#mesh_atlas" },
				"up": { "uv": [ 2.75, 12.25, 6.5, 11.75 ], "texture": "#mesh_atlas" },
				"north": { "uv": [ 12.5, 8.5, 8.75, 8.75 ], "texture": "#mesh_atlas" },
				"south": { "uv": [ 8.25, 8.25, 12, 8.5 ], "texture": "#mesh_atlas" },
				"west": { "uv": [ 7.75, 6.25, 8.25, 6.5 ], "texture": "#mesh_atlas" },
				"east": { "uv": [ 15.5, 6, 15, 6.25 ], "texture": "#mesh_atlas" }
			}
		},
		{
			"__comment": "Voxels",
			"from": [ 2.2, 1.9, 12.6 ],
			"to": [ 14.2, 2.7, 14.2 ],
			"faces": {
				"down": { "uv": [ 10.25, 12.25, 14, 12.75 ], "texture": "#mesh_atlas" },
				"up": { "uv": [ 2.75, 12.75, 6.5, 12.25 ], "texture": "#mesh_atlas" },
				"north": { "uv": [ 15.75, 7.75, 12, 8 ], "texture": "#mesh_atlas" },
				"south": { "uv": [ 12, 8, 15.75, 8.25 ], "texture": "#mesh_atlas" },
				"west": { "uv": [ 11.5, 6, 12, 6.25 ], "texture": "#mesh_atlas" },
				"east": { "uv": [ 14.5, 6.25, 14, 6.5 ], "texture": "#mesh_atlas" }
			}
		},
		{
			"__comment": "Voxels",
			"from": [ 3, 0, -1 ],
			"to": [ 6.2, 0.8, -0.2 ],
			"faces": {
				"down": { "uv": [ 8.25, 4, 9.25, 4.25 ], "texture": "#mesh_atlas", "cullface": "north" },
				"up": { "uv": [ 8.25, 4, 9.25, 3.75 ], "texture": "#mesh_atlas", "cullface": "north" },
				"north": { "uv": [ 9.25, 3.5, 8.25, 3.75 ], "texture": "#mesh_atlas", "cullface": "north" },
				"south": { "uv": [ 8.25, 3.25, 9.25, 3.5 ], "texture": "#mesh_atlas", "cullface": "north" },
				"west": { "uv": [ 9.25, 4.5, 9.5, 4.75 ], "texture": "#mesh_atlas", "cullface": "north" },
				"east": { "uv": [ 9.5, 4.75, 9.25, 5 ], "texture": "#mesh_atlas", "cullface": "north" }
			}
		},
		{
			"__comment": "Voxels",
			"from": [ 3, 0.3, 0.6 ],
			"to": [ 13.4, 1.1, 1.4 ],
			"faces": {
				"down": { "uv": [ 4.5, 7, 7.75, 7.25 ], "texture": "#mesh_atlas" },
				"up": { "uv": [ 4.5, 7, 7.75, 6.75 ], "texture": "#mesh_atlas" },
				"north": { "uv": [ 7.75, 6.5, 4.5, 6.75 ], "texture": "#mesh_atlas" },
				"west": { "uv": [ 15.75, 10.5, 16, 10.75 ], "texture": "#mesh_atlas" },
				"east": { "uv": [ 4.5, 0, 4.25, 0.25 ], "texture": "#mesh_atlas" }
			}
		},
		{
			"__comment": "Voxels",
			"from": [ 3, 0.3, 15 ],
			"to": [ 13.4, 1.1, 15.8 ],
			"faces": {
				"down": { "uv": [ 4.5, 5.75, 7.75, 6 ], "texture": "#mesh_atlas" },
				"up": { "uv": [ 4.5, 5.25, 7.75, 5 ], "texture": "#mesh_atlas" },
				"south": { "uv": [ 4.5, 5.25, 7.75, 5.5 ], "texture": "#mesh_atlas" },
				"west": { "uv": [ 4.25, 0.75, 4.5, 1 ], "texture": "#mesh_atlas" },
				"east": { "uv": [ 4.5, 1, 4.25, 1.25 ], "texture": "#mesh_atlas" }
			}
		},
		{
			"__comment": "Voxels",
			"from": [ 3, 0, 16.6 ],
			"to": [ 6.2, 0.8, 17.4 ],
			"faces": {
				"down": { "uv": [ 8.25, 3, 9.25, 3.25 ], "texture": "#mesh_atlas", "cullface": "south" },
				"up": { "uv": [ 8.25, 3, 9.25, 2.75 ], "texture": "#mesh_atlas", "cullface": "south" },
				"north": { "uv": [ 9.25, 2.5, 8.25, 2.75 ], "texture": "#mesh_atlas", "cullface": "south" },
				"south": { "uv": [ 8.25, 2.25, 9.25, 2.5 ], "texture": "#mesh_atlas", "cullface": "south" },
				"west": { "uv": [ 4.25, 1.5, 4.5, 1.75 ], "texture": "#mesh_atlas", "cullface": "south" },
				"east": { "uv": [ 4.5, 1.25, 4.25, 1.5 ], "texture": "#mesh_atlas", "cullface": "south" }
			}
		},
		{
			"__comment": "Voxels",
			"from": [ 3.8, -1.3, 1.4 ],
			"to": [ 12.6, -0.4999999, 2.2 ],
			"faces": {
				"down": { "uv": [ 4.5, 3.5, 7.25, 3.75 ], "texture": "#mesh_atlas", "cullface": "down" },
				"north": { "uv": [ 15.75, 9.75, 13, 10 ], "texture": "#mesh_atlas", "cullface": "down" },
				"west": { "uv": [ 15.75, 10.25, 16, 10.5 ], "texture": "#mesh_atlas", "cullface": "down" },
				"east": { "uv": [ 16, 10, 15.75, 10.25 ], "texture": "#mesh_atlas", "cullface": "down" }
			}
		},
		{
			"__comment": "Voxels",
			"from": [ 3.8, -1.3, 11.8 ],
			"to": [ 4.6, -0.4999999, 12.6 ],
			"faces": {
				"down": { "uv": [ 15.75, 9, 16, 9.25 ], "texture": "#mesh_atlas", "cullface": "down" },
				"north": { "uv": [ 16, 7, 15.75, 7.25 ], "texture": "#mesh_atlas", "cullface": "down" },
				"east": { "uv": [ 9.5, 5, 9.25, 5.25 ], "texture": "#mesh_atlas", "cullface": "down" }
			}
		},
		{
			"__comment": "Voxels",
			"from": [ 3.8, -1.3, 14.2 ],
			"to": [ 12.6, -0.4999999, 15 ],
			"faces": {
				"down": { "uv": [ 4.5, 0.25, 7.25, 0.5 ], "texture": "#mesh_atlas", "cullface": "down" },
				"south": { "uv": [ 8.25, 7.5, 11, 7.75 ], "texture": "#mesh_atlas", "cullface": "down" },
				"west": { "uv": [ 9.25, 1.75, 9.5, 2 ], "texture": "#mesh_atlas", "cullface": "down" },
				"east": { "uv": [ 9.5, 1.5, 9.25, 1.75 ], "texture": "#mesh_atlas", "cullface": "down" }
			}
		},
		{
			"__comment": "Voxels",
			"from": [ 3.8, -0.5, 0.6 ],
			"to": [ 12.6, 0.3, 1.4 ],
			"faces": {
				"down": { "uv": [ 11, 7.25, 13.75, 7.5 ], "texture": "#mesh_atlas", "cullface": "down" },
				"north": { "uv": [ 7.25, 4.5, 4.5, 4.75 ], "texture": "#mesh_atlas", "cullface": "down" },
				"west": { "uv": [ 9.75, 2.5, 10, 2.75 ], "texture": "#mesh_atlas", "cullface": "down" },
				"east": { "uv": [ 13.25, 5.5, 13, 5.75 ], "texture": "#mesh_atlas", "cullface": "down" }
			}
		},
		{
			"__comment": "Voxels",
			"from": [ 3.8, -0.5, 15 ],
			"to": [ 12.6, 0.3, 15.8 ],
			"faces": {
				"down": { "uv": [ 4.5, 2.5, 7.25, 2.75 ], "texture": "#mesh_atlas", "cullface": "down" },
				"south": { "uv": [ 4.5, 2, 7.25, 2.25 ], "texture": "#mesh_atlas", "cullface": "down" },
				"west": { "uv": [ 11, 5.75, 11.25, 6 ], "texture": "#mesh_atlas", "cullface": "down" },
				"east": { "uv": [ 10.25, 0, 10, 0.25 ], "texture": "#mesh_atlas", "cullface": "down" }
			}
		},
		{
			"__comment": "Voxels",
			"from": [ 3.8, 1.1, 0.6 ],
			"to": [ 12.6, 1.9, 1.4 ],
			"faces": {
				"up": { "uv": [ 13, 9.25, 15.75, 9 ], "texture": "#mesh_atlas" },
				"north": { "uv": [ 7.25, 4, 4.5, 4.25 ], "texture": "#mesh_atlas" },
				"west": { "uv": [ 11.25, 5.75, 11.5, 6 ], "texture": "#mesh_atlas" },
				"east": { "uv": [ 11.75, 5.75, 11.5, 6 ], "texture": "#mesh_atlas" }
			}
		},
		{
			"__comment": "Voxels",
			"from": [ 3.8, 1.1, 15 ],
			"to": [ 12.6, 1.9, 15.8 ],
			"faces": {
				"up": { "uv": [ 13, 9.5, 15.75, 9.25 ], "texture": "#mesh_atlas" },
				"south": { "uv": [ 13, 10.5, 15.75, 10.75 ], "texture": "#mesh_atlas" },
				"west": { "uv": [ 13, 5.75, 13.25, 6 ], "texture": "#mesh_atlas" },
				"east": { "uv": [ 13.5, 5.75, 13.25, 6 ], "texture": "#mesh_atlas" }
			}
		},
		{
			"__comment": "Voxels",
			"from": [ 3.8, 1.9, 1.4 ],
			"to": [ 12.6, 2.7, 2.2 ],
			"faces": {
				"up": { "uv": [ 11, 7.75, 13.75, 7.5 ], "texture": "#mesh_atlas" },
				"north": { "uv": [ 7.25, 1.75, 4.5, 2 ], "texture": "#mesh_atlas" },
				"west": { "uv": [ 10, 3, 10.25, 3.25 ], "texture": "#mesh_atlas" },
				"east": { "uv": [ 10.25, 2.75, 10, 3 ], "texture": "#mesh_atlas" }
			}
		},
		{
			"__comment": "Voxels",
			"from": [ 3.8, 1.9, 11.8 ],
			"to": [ 4.6, 2.7, 12.6 ],
			"faces": {
				"up": { "uv": [ 10, 2.5, 10.25, 2.25 ], "texture": "#mesh_atlas" },
				"north": { "uv": [ 10.25, 1.5, 10, 1.75 ], "texture": "#mesh_atlas" },
				"east": { "uv": [ 10.25, 0.25, 10, 0.5 ], "texture": "#mesh_atlas" }
			}
		},
		{
			"__comment": "Voxels",
			"from": [ 3.8, 1.9, 14.2 ],
			"to": [ 12.6, 2.7, 15 ],
			"faces": {
				"up": { "uv": [ 4.5, 0.75, 7.25, 0.5 ], "texture": "#mesh_atlas" },
				"south": { "uv": [ 4.5, 1, 7.25, 1.25 ], "texture": "#mesh_atlas" },
				"west": { "uv": [ 10.25, 5.5, 10.5, 5.75 ], "texture": "#mesh_atlas" },
				"east": { "uv": [ 11.25, 5.5, 11, 5.75 ], "texture": "#mesh_atlas" }
			}
		},
		{
			"__comment": "Voxels",
			"from": [ 4.6, -0.5, 11 ],
			"to": [ 5.4, 0.3, 12.6 ],
			"faces": {
				"down": { "uv": [ 9.75, 5.25, 10, 5.75 ], "texture": "#mesh_atlas", "cullface": "down" },
				"north": { "uv": [ 11.5, 5.5, 11.25, 5.75 ], "texture": "#mesh_atlas", "cullface": "down" },
				"east": { "uv": [ 8.25, 5, 7.75, 5.25 ], "texture": "#mesh_atlas", "cullface": "down" }
			}
		},
		{
			"__comment": "Voxels",
			"from": [ 5.4, -0.5, 11.8 ],
			"to": [ 15.8, 1.9, 12.6 ],
			"faces": {
				"down": { "uv": [ 12.5, 8.5, 15.75, 8.75 ], "texture": "#mesh_atlas", "cullface": "down" },
				"up": { "uv": [ 4.5, 6.25, 7.75, 6 ], "texture": "#mesh_atlas", "cullface": "down" },
				"north": { "uv": [ 11.5, 13.75, 8.25, 14.5 ], "texture": "#mesh_atlas", "cullface": "down" },
				"south": { "uv": [ 5, 13.75, 8.25, 14.5 ], "texture": "#mesh_atlas", "cullface": "down" },
				"west": { "uv": [ 2.5, 2.75, 2.75, 3.5 ], "texture": "#mesh_atlas", "cullface": "down" },
				"east": { "uv": [ 4.5, 5.75, 4.25, 6.5 ], "texture": "#mesh_atlas", "cullface": "down" }
			}
		},
		{
			"__comment": "Voxels",
			"from": [ 5.4, 0.3, -0.2 ],
			"to": [ 11, 1.1, 0.6 ],
			"faces": {
				"down": { "uv": [ 2.75, 2.75, 4.5, 3 ], "texture": "#mesh_atlas", "cullface": "north" },
				"up": { "uv": [ 2.75, 3.5, 4.5, 3.25 ], "texture": "#mesh_atlas", "cullface": "north" },
				"north": { "uv": [ 4.5, 2.25, 2.75, 2.5 ], "texture": "#mesh_atlas", "cullface": "north" },
				"west": { "uv": [ 12.75, 5.5, 13, 5.75 ], "texture": "#mesh_atlas", "cullface": "north" },
				"east": { "uv": [ 13.5, 5.5, 13.25, 5.75 ], "texture": "#mesh_atlas", "cullface": "north" }
			}
		},
		{
			"__comment": "Voxels",
			"from": [ 5.4, 0.3, 15.8 ],
			"to": [ 11, 1.1, 16.6 ],
			"faces": {
				"down": { "uv": [ 2.75, 3.75, 4.5, 4 ], "texture": "#mesh_atlas", "cullface": "south" },
				"up": { "uv": [ 2.75, 4.25, 4.5, 4 ], "texture": "#mesh_atlas", "cullface": "south" },
				"south": { "uv": [ 2.75, 4.5, 4.5, 4.75 ], "texture": "#mesh_atlas", "cullface": "south" },
				"west": { "uv": [ 9.5, 0, 9.75, 0.25 ], "texture": "#mesh_atlas", "cullface": "south" },
				"east": { "uv": [ 2.75, 2.5, 2.5, 2.75 ], "texture": "#mesh_atlas", "cullface": "south" }
			}
		},
		{
			"__comment": "Voxels",
			"from": [ 10.2, 0, -1 ],
			"to": [ 13.4, 0.8, -0.2 ],
			"faces": {
				"down": { "uv": [ 8.25, 2, 9.25, 2.25 ], "texture": "#mesh_atlas", "cullface": "north" },
				"up": { "uv": [ 8.25, 2, 9.25, 1.75 ], "texture": "#mesh_atlas", "cullface": "north" },
				"north": { "uv": [ 9.25, 1.5, 8.25, 1.75 ], "texture": "#mesh_atlas", "cullface": "north" },
				"south": { "uv": [ 8.25, 1.25, 9.25, 1.5 ], "texture": "#mesh_atlas", "cullface": "north" },
				"west": { "uv": [ 4.25, 0.5, 4.5, 0.75 ], "texture": "#mesh_atlas", "cullface": "north" },
				"east": { "uv": [ 4.5, 0.25, 4.25, 0.5 ], "texture": "#mesh_atlas", "cullface": "north" }
			}
		},
		{
			"__comment": "Voxels",
			"from": [ 10.2, 0, 16.6 ],
			"to": [ 13.4, 0.8, 17.4 ],
			"faces": {
				"down": { "uv": [ 8.25, 1, 9.25, 1.25 ], "texture": "#mesh_atlas", "cullface": "south" },
				"up": { "uv": [ 8.25, 1, 9.25, 0.75 ], "texture": "#mesh_atlas", "cullface": "south" },
				"north": { "uv": [ 16, 12, 15, 12.25 ], "texture": "#mesh_atlas", "cullface": "south" },
				"south": { "uv": [ 15, 11.75, 16, 12 ], "texture": "#mesh_atlas", "cullface": "south" },
				"west": { "uv": [ 15.75, 9.75, 16, 10 ], "texture": "#mesh_atlas", "cullface": "south" },
				"east": { "uv": [ 16, 9.5, 15.75, 9.75 ], "texture": "#mesh_atlas", "cullface": "south" }
			}
		},
		{
			"__comment": "Voxels",
			"from": [ 11, -0.5, 4.6 ],
			"to": [ 15.8, 1.9, 5.4 ],
			"faces": {
				"down": { "uv": [ 2.75, 0.5, 4.25, 0.75 ], "texture": "#mesh_atlas", "cullface": "down" },
				"up": { "uv": [ 14, 11.75, 15.5, 11.5 ], "texture": "#mesh_atlas", "cullface": "down" },
				"south": { "uv": [ 2.75, 8.75, 4.25, 9.5 ], "texture": "#mesh_atlas", "cullface": "down" },
				"west": { "uv": [ 2.25, 1.75, 2.5, 2.5 ], "texture": "#mesh_atlas", "cullface": "down" },
				"east": { "uv": [ 9.75, 4.25, 9.5, 5 ], "texture": "#mesh_atlas", "cullface": "down" }
			}
		},
		{
			"__comment": "Voxels",
			"from": [ 11, -0.5, 11 ],
			"to": [ 15.8, 1.9, 11.8 ],
			"faces": {
				"down": { "uv": [ 2.75, 0.75, 4.25, 1 ], "texture": "#mesh_atlas", "cullface": "down" },
				"up": { "uv": [ 14, 11.25, 15.5, 11 ], "texture": "#mesh_atlas", "cullface": "down" },
				"north": { "uv": [ 4.25, 7.25, 2.75, 8 ], "texture": "#mesh_atlas", "cullface": "down" },
				"west": { "uv": [ 4.25, 6.5, 4.5, 7.25 ], "texture": "#mesh_atlas", "cullface": "down" },
				"east": { "uv": [ 2.75, 1.75, 2.5, 2.5 ], "texture": "#mesh_atlas", "cullface": "down" }
			}
		},
		{
			"__comment": "Voxels",
			"from": [ 11.8, -1.3, 3.8 ],
			"to": [ 15, -0.4999999, 4.6 ],
			"faces": {
				"down": { "uv": [ 7.25, 4, 8.25, 4.25 ], "texture": "#mesh_atlas", "cullface": "down" },
				"north": { "uv": [ 8.25, 3.5, 7.25, 3.75 ], "texture": "#mesh_atlas", "cullface": "down" },
				"south": { "uv": [ 7.25, 3.25, 8.25, 3.5 ], "texture": "#mesh_atlas", "cullface": "down" },
				"west": { "uv": [ 9.25, 5.5, 9.5, 5.75 ], "texture": "#mesh_atlas", "cullface": "down" },
				"east": { "uv": [ 9.5, 5.25, 9.25, 5.5 ], "texture": "#mesh_atlas", "cullface": "down" }
			}
		},
		{
			"__comment": "Voxels",
			"from": [ 11.8, -1.3, 11.8 ],
			"to": [ 15, -0.4999999, 12.6 ],
			"faces": {
				"down": { "uv": [ 7.25, 3, 8.25, 3.25 ], "texture": "#mesh_atlas", "cullface": "down" },
				"north": { "uv": [ 8.25, 2.5, 7.25, 2.75 ], "texture": "#mesh_atlas", "cullface": "down" },
				"south": { "uv": [ 7.25, 2.25, 8.25, 2.5 ], "texture": "#mesh_atlas", "cullface": "down" },
				"west": { "uv": [ 9.25, 4, 9.5, 4.25 ], "texture": "#mesh_atlas", "cullface": "down" },
				"east": { "uv": [ 9.5, 3.75, 9.25, 4 ], "texture": "#mesh_atlas", "cullface": "down" }
			}
		},
		{
			"__comment": "Voxels",
			"from": [ 11.8, -0.5, 5.4 ],
			"to": [ 15.8, 1.9, 11 ],
			"faces": {
				"down": { "uv": [ 0, 4.75, 1.25, 6.5 ], "texture": "#mesh_atlas", "cullface": "down" },
				"up": { "uv": [ 0, 4.75, 1.25, 3 ], "texture": "#mesh_atlas", "cullface": "down" },
				"west": { "uv": [ 13.75, 15.25, 15.5, 16 ], "texture": "#mesh_atlas", "cullface": "down" },
				"east": { "uv": [ 4.5, 11, 2.75, 11.75 ], "texture": "#mesh_atlas", "cullface": "down" }
			}
		},
		{
			"__comment": "Voxels",
			"from": [ 11.8, 1.9, 3.8 ],
			"to": [ 15, 2.7, 4.6 ],
			"faces": {
				"up": { "uv": [ 7.25, 2, 8.25, 1.75 ], "texture": "#mesh_atlas" },
				"north": { "uv": [ 8.25, 1.5, 7.25, 1.75 ], "texture": "#mesh_atlas" },
				"south": { "uv": [ 7.25, 1.25, 8.25, 1.5 ], "texture": "#mesh_atlas" },
				"west": { "uv": [ 9.25, 1, 9.5, 1.25 ], "texture": "#mesh_atlas" },
				"east": { "uv": [ 9.5, 0.75, 9.25, 1 ], "texture": "#mesh_atlas" }
			}
		},
		{
			"__comment": "Voxels",
			"from": [ 11.8, 1.9, 11.8 ],
			"to": [ 15, 2.7, 12.6 ],
			"faces": {
				"up": { "uv": [ 7.25, 1, 8.25, 0.75 ], "texture": "#mesh_atlas" },
				"north": { "uv": [ 8.25, 0.5, 7.25, 0.75 ], "texture": "#mesh_atlas" },
				"south": { "uv": [ 7.25, 0.25, 8.25, 0.5 ], "texture": "#mesh_atlas" },
				"west": { "uv": [ 9.75, 2.25, 10, 2.5 ], "texture": "#mesh_atlas" },
				"east": { "uv": [ 10, 2, 9.75, 2.25 ], "texture": "#mesh_atlas" }
			}
		},
		{
			"__comment": "Voxels",
			"from": [ 12.6, -1.3, 4.6 ],
			"to": [ 15, -0.4999999, 11.8 ],
			"faces": {
				"down": { "uv": [ 2, 3.5, 2.75, 5.75 ], "texture": "#mesh_atlas", "cullface": "down" },
				"up": { "uv": [ 1.25, 5.75, 2, 3.5 ], "texture": "#mesh_atlas", "cullface": "down" },
				"west": { "uv": [ 10.5, 6.5, 12.75, 6.75 ], "texture": "#mesh_atlas", "cullface": "down" },
				"east": { "uv": [ 16, 7.25, 13.75, 7.5 ], "texture": "#mesh_atlas", "cullface": "down" }
			}
		},
		{
			"__comment": "Voxels",
			"from": [ 12.6, 1.9, 4.6 ],
			"to": [ 15, 2.7, 11.8 ],
			"faces": {
				"down": { "uv": [ 2, 6, 2.75, 8.25 ], "texture": "#mesh_atlas" },
				"up": { "uv": [ 1.25, 3.5, 2, 1.25 ], "texture": "#mesh_atlas" },
				"west": { "uv": [ 10.75, 6.75, 13, 7 ], "texture": "#mesh_atlas" },
				"east": { "uv": [ 15.25, 6.75, 13, 7 ], "texture": "#mesh_atlas" }
			}
		},
		{
			"__comment": "Voxels",
			"from": [ 13.3, -0.3, -0.09999999 ],
			"to": [ 14.9, 0.5, 0.7 ],
			"faces": {
				"down": { "uv": [ 12, 6, 12.5, 6.25 ], "texture": "#mesh_atlas", "cullface": "north" },
				"up": { "uv": [ 13.5, 6.25, 14, 6 ], "texture": "#mesh_atlas", "cullface": "north" },
				"north": { "uv": [ 14.5, 6, 14, 6.25 ], "texture": "#mesh_atlas", "cullface": "north" },
				"south": { "uv": [ 14.5, 6, 15, 6.25 ], "texture": "#mesh_atlas", "cullface": "north" },
				"west": { "uv": [ 12, 5.75, 12.25, 6 ], "texture": "#mesh_atlas", "cullface": "north" },
				"east": { "uv": [ 14.5, 5.5, 14.25, 5.75 ], "texture": "#mesh_atlas", "cullface": "north" }
			}
		},
		{
			"__comment": "Voxels",
			"from": [ 13.3, -0.3, 15.9 ],
			"to": [ 14.9, 0.5, 16.7 ],
			"faces": {
				"down": { "uv": [ 15.5, 6, 16, 6.25 ], "texture": "#mesh_atlas", "cullface": "south" },
				"up": { "uv": [ 15.5, 6.75, 16, 6.5 ], "texture": "#mesh_atlas", "cullface": "south" },
				"north": { "uv": [ 9.5, 0.5, 9, 0.75 ], "texture": "#mesh_atlas", "cullface": "south" },
				"south": { "uv": [ 13.5, 6.25, 14, 6.5 ], "texture": "#mesh_atlas", "cullface": "south" },
				"west": { "uv": [ 13.5, 5.75, 13.75, 6 ], "texture": "#mesh_atlas", "cullface": "south" },
				"east": { "uv": [ 14, 5.75, 13.75, 6 ], "texture": "#mesh_atlas", "cullface": "south" }
			}
		},
		{
			"__comment": "Voxels",
			"from": [ 14.9, -0.6, 0.7 ],
			"to": [ 15.7, 0.2, 1.5 ],
			"faces": {
				"down": { "uv": [ 14, 5.75, 14.25, 6 ], "texture": "#mesh_atlas", "cullface": "down" },
				"up": { "uv": [ 14.25, 6, 14.5, 5.75 ], "texture": "#mesh_atlas", "cullface": "down" },
				"north": { "uv": [ 14.75, 5.75, 14.5, 6 ], "texture": "#mesh_atlas", "cullface": "down" },
				"south": { "uv": [ 14.75, 5.75, 15, 6 ], "texture": "#mesh_atlas", "cullface": "down" },
				"west": { "uv": [ 15, 5.75, 15.25, 6 ], "texture": "#mesh_atlas", "cullface": "down" },
				"east": { "uv": [ 15.5, 5.75, 15.25, 6 ], "texture": "#mesh_atlas", "cullface": "down" }
			}
		},
		{
			"__comment": "Voxels",
			"from": [ 14.9, -0.6, 15.1 ],
			"to": [ 15.7, 0.2, 15.9 ],
			"faces": {
				"down": { "uv": [ 15.5, 5.75, 15.75, 6 ], "texture": "#mesh_atlas", "cullface": "down" },
				"up": { "uv": [ 15.75, 6, 16, 5.75 ], "texture": "#mesh_atlas", "cullface": "down" },
				"north": { "uv": [ 10.25, 5.5, 10, 5.75 ], "texture": "#mesh_atlas", "cullface": "down" },
				"south": { "uv": [ 10, 5.25, 10.25, 5.5 ], "texture": "#mesh_atlas", "cullface": "down" },
				"west": { "uv": [ 10, 5, 10.25, 5.25 ], "texture": "#mesh_atlas", "cullface": "down" },
				"east": { "uv": [ 10.25, 4.75, 10, 5 ], "texture": "#mesh_atlas", "cullface": "down" }
			}
		},
		{
			"__comment": "Voxels",
			"from": [ 15.7, -0.3, 1.5 ],
			"to": [ 16.5, 0.5, 3.1 ],
			"faces": {
				"down": { "uv": [ 9.75, 5.75, 10, 6.25 ], "texture": "#mesh_atlas", "cullface": "east" },
				"up": { "uv": [ 9.75, 3.75, 10, 3.25 ], "texture": "#mesh_atlas", "cullface": "east" },
				"north": { "uv": [ 10.25, 4, 10, 4.25 ], "texture": "#mesh_atlas", "cullface": "east" },
				"south": { "uv": [ 10, 3.75, 10.25, 4 ], "texture": "#mesh_atlas", "cullface": "east" },
				"west": { "uv": [ 14.5, 6.25, 15, 6.5 ], "texture": "#mesh_atlas", "cullface": "east" },
				"east": { "uv": [ 15.5, 6.25, 15, 6.5 ], "texture": "#mesh_atlas", "cullface": "east" }
			}
		},
		{
			"__comment": "Voxels",
			"from": [ 15.8, 0.3, 5.4 ],
			"to": [ 17.4, 1.1, 6.2 ],
			"faces": {
				"down": { "uv": [ 15.5, 6.25, 16, 6.5 ], "texture": "#mesh_atlas", "cullface": "east" },
				"up": { "uv": [ 10, 6.25, 10.5, 6 ], "texture": "#mesh_atlas", "cullface": "east" },
				"north": { "uv": [ 11, 6, 10.5, 6.25 ], "texture": "#mesh_atlas", "cullface": "east" },
				"south": { "uv": [ 11, 6, 11.5, 6.25 ], "texture": "#mesh_atlas", "cullface": "east" },
				"east": { "uv": [ 10.25, 1.75, 10, 2 ], "texture": "#mesh_atlas", "cullface": "east" }
			}
		},
		{
			"__comment": "Voxels",
			"from": [ 15.8, 0.3, 6.2 ],
			"to": [ 16.6, 1.1, 11 ],
			"faces": {
				"down": { "uv": [ 0.75, 1.5, 1, 3 ], "texture": "#mesh_atlas", "cullface": "east" },
				"up": { "uv": [ 1, 3, 1.25, 1.5 ], "texture": "#mesh_atlas", "cullface": "east" },
				"south": { "uv": [ 10, 0.75, 10.25, 1 ], "texture": "#mesh_atlas", "cullface": "east" },
				"east": { "uv": [ 4.25, 1, 2.75, 1.25 ], "texture": "#mesh_atlas", "cullface": "east" }
			}
		},
		{
			"__comment": "Voxels",
			"from": [ 15.7, -0.3, 13.5 ],
			"to": [ 16.5, 0.5, 15.1 ],
			"faces": {
				"down": { "uv": [ 9.75, 4.25, 10, 4.75 ], "texture": "#mesh_atlas", "cullface": "east" },
				"up": { "uv": [ 9.75, 4.25, 10, 3.75 ], "texture": "#mesh_atlas", "cullface": "east" },
				"north": { "uv": [ 10.75, 5.5, 10.5, 5.75 ], "texture": "#mesh_atlas", "cullface": "east" },
				"south": { "uv": [ 10.75, 5.5, 11, 5.75 ], "texture": "#mesh_atlas", "cullface": "east" },
				"west": { "uv": [ 12.5, 6, 13, 6.25 ], "texture": "#mesh_atlas", "cullface": "east" },
				"east": { "uv": [ 13.5, 6, 13, 6.25 ], "texture": "#mesh_atlas", "cullface": "east" }
			}
		},
		{
			"__comment": "Voxels",
			"from": [ 16.6, 0, 3 ],
			"to": [ 17.4, 0.8, 5.4 ],
			"faces": {
				"down": { "uv": [ 2, 1.75, 2.25, 2.5 ], "texture": "#mesh_atlas", "cullface": "east" },
				"up": { "uv": [ 4.25, 9.5, 4.5, 8.75 ], "texture": "#mesh_atlas", "cullface": "east" },
				"north": { "uv": [ 12.25, 5.5, 12, 5.75 ], "texture": "#mesh_atlas", "cullface": "east" },
				"south": { "uv": [ 12.25, 5.5, 12.5, 5.75 ], "texture": "#mesh_atlas", "cullface": "east" },
				"west": { "uv": [ 15.25, 6.75, 16, 7 ], "texture": "#mesh_atlas", "cullface": "east" },
				"east": { "uv": [ 9, 0.5, 8.25, 0.75 ], "texture": "#mesh_atlas", "cullface": "east" }
			}
		},
		{
			"__comment": "Voxels",
			"from": [ 16.6, 0, 10.2 ],
			"to": [ 17.4, 0.8, 13.4 ],
			"faces": {
				"down": { "uv": [ 1, 0.5, 1.25, 1.5 ], "texture": "#mesh_atlas", "cullface": "east" },
				"up": { "uv": [ 2, 3.5, 2.25, 2.5 ], "texture": "#mesh_atlas", "cullface": "east" },
				"north": { "uv": [ 13.75, 5.5, 13.5, 5.75 ], "texture": "#mesh_atlas", "cullface": "east" },
				"south": { "uv": [ 13.75, 5.5, 14, 5.75 ], "texture": "#mesh_atlas", "cullface": "east" },
				"west": { "uv": [ 7.25, 0, 8.25, 0.25 ], "texture": "#mesh_atlas", "cullface": "east" },
				"east": { "uv": [ 8.25, 4.25, 7.25, 4.5 ], "texture": "#mesh_atlas", "cullface": "east" }
			}
		}
	],
	"display": {
		"thirdperson_righthand": {
			"rotation":  [ -41, 8, -113 ],
			"translation":  [ 5.5652, -4.868, 6.9565 ]
		},
		"thirdperson_lefthand": {
			"rotation":  [ -41, 8, -113 ],
			"translation":  [ 5.5652, -4.868, 6.9565 ]
		},
		"firstperson_righthand": {
			"rotation":  [ 0, 42, 42 ],
			"translation":  [ 0, 4.1739, 0 ],
			"scale":  [ 0.4, 0.4, 0.4 ]
		},
		"firstperson_lefthand": {
			"rotation":  [ 0, 42, 42 ],
			"translation":  [ 0, 4.1739, 0 ],
			"scale":  [ 0.4, 0.4, 0.4 ]
		},
		"gui": {
			"rotation":  [ 30, 225, 0 ],
			"translation":  [ 0, 3.4782, 0 ],
			"scale":  [ 0.625, 0.625, 0.625 ]
		},
		"head": {
			"translation":  [ 0, -32, 0 ],
			"scale":  [ 1.6, 1.6, 1.6 ]
		},
		"ground": {
			"translation":  [ 0, 2, 0 ],
			"scale":  [ 0.5, 0.5, 0.5 ]
		},
		"fixed": {
			"rotation":  [ -90, 45, 0 ],
			"translation":  [ 0, 0, -8.347 ]
		}
	}
}