{
	"__comment": "Model generated using MrCrayfish's Model Creator (http://mrcrayfish.com/modelcreator/)",
	"ambientocclusion": false,
	"textures": {
		"0": "blocks/pumpkin_basket_plain",
		"1": "blocks/pumpkin_basket",
		"2": "blocks/wool_colored_black"
	},
	"elements": [ 	 
		{
			"from": [ 4, 0, 4 ],
			"to": [ 12, 1, 12 ],
			"faces": {
				"down": { "uv": [ 0, 0, 16, 16 ], "texture": "#0" },
				"up": { "uv": [ 0, 0, 16, 16 ], "texture": "#0" },
				"north": { "uv": [ 0, 0, 16, 2 ], "texture": "#0" },
				"south": { "uv": [ 0, 3, 16, 5 ], "texture": "#0" },
				"west": { "uv": [ 0, 4, 16, 6 ], "texture": "#0" },
				"east": { "uv": [ 0, 0, 16, 2 ], "texture": "#0" }
			}
		},
		{
			"from": [ 4, 1, 4 ],
			"to": [ 12, 8, 5 ],
			"faces": {
				"down": { "uv": [ 0, 0, 8, 1 ], "texture": "#0" },
				"up": { "uv": [ 0, 0, 16, 2 ], "texture": "#0" },
				"north": { "uv": [ 0, 0, 16, 14 ], "texture": "#0" },
				"south": { "uv": [ 2, 2, 13, 14 ], "texture": "#0" },
				"west": { "uv": [ 0, 0, 1, 7 ], "texture": "#0" },
				"east": { "uv": [ 0, 0, 1, 7 ], "texture": "#0" }
			}
		},
		{
			"from": [ 4, 1, 11 ],
			"to": [ 12, 8, 12 ],
			"faces": {
				"down": { "uv": [ 0, 0, 8, 1 ], "texture": "#1" },
				"up": { "uv": [ 0, 2, 16, 4 ], "texture": "#1" },
				"north": { "uv": [ 0, 2, 16, 16 ], "texture": "#0" },
				"south": { "uv": [ 0, 0, 16, 15 ], "texture": "#1" },
				"west": { "uv": [ 14, 1, 16, 16 ], "texture": "#1" },
				"east": { "uv": [ 1, 0, 3, 14 ], "texture": "#1" }
			}
		},
		{
			"from": [ 4, 1, 5 ],
			"to": [ 5, 8, 11 ],
			"faces": {
				"down": { "uv": [ 0, 0, 1, 6 ], "texture": "#0" },
				"up": { "uv": [ 1, 1, 3, 15 ], "texture": "#0" },
				"north": { "uv": [ 0, 0, 1, 7 ], "texture": "#0" },
				"south": { "uv": [ 0, 0, 1, 7 ], "texture": "#0" },
				"west": { "uv": [ 2, 2, 14, 14 ], "texture": "#0" },
				"east": { "uv": [ 2, 2, 14, 14 ], "texture": "#0" }
			}
		},
		{
			"from": [ 11, 1, 5 ],
			"to": [ 12, 8, 11 ],
			"faces": {
				"down": { "uv": [ 0, 0, 1, 6 ], "texture": "#0" },
				"up": { "uv": [ 1, 3, 3, 15 ], "texture": "#0" },
				"north": { "uv": [ 0, 0, 1, 7 ], "texture": "#0" },
				"south": { "uv": [ 0, 0, 1, 7 ], "texture": "#0" },
				"west": { "uv": [ 2, 2, 14, 14 ], "texture": "#0" },
				"east": { "uv": [ 2, 2, 14, 14 ], "texture": "#0" }
			}
		},
		{
			"from": [ 4.2, 7.4, 7 ],
			"to": [ 4.8, 8.4, 8 ],
			"faces": {
				"down": { "uv": [ 0, 0, 0.6, 1 ], "texture": "#2" },
				"up": { "uv": [ 0, 0, 0.6, 1 ], "texture": "#2" },
				"north": { "uv": [ 0, 0, 0.6, 1 ], "texture": "#2" },
				"south": { "uv": [ 0, 0, 0.6, 1 ], "texture": "#2" },
				"west": { "uv": [ 0, 0, 1, 1 ], "texture": "#2" },
				"east": { "uv": [ 0, 0, 1, 1 ], "texture": "#2" }
			}
		},
		{
			"from": [ 11.2, 7.4, 7 ],
			"to": [ 11.8, 8.4, 8 ],
			"faces": {
				"down": { "uv": [ 0, 0, 0.6, 1 ], "texture": "#2" },
				"up": { "uv": [ 0, 0, 0.6, 1 ], "texture": "#2" },
				"north": { "uv": [ 0, 0, 0.6, 1 ], "texture": "#2" },
				"south": { "uv": [ 0, 0, 0.6, 1 ], "texture": "#2" },
				"west": { "uv": [ 0, 0, 1, 1 ], "texture": "#2" },
				"east": { "uv": [ 0, 0, 1, 1 ], "texture": "#2" }
			}
		},
		{
			"from": [ 4.2, 12.4, 7.3 ],
			"to": [ 11.7, 12.9, 7.8 ],
			"faces": {
				"down": { "uv": [ 0, 0, 7.5, 0.5 ], "texture": "#2" },
				"up": { "uv": [ 0, 0, 7.5, 0.5 ], "texture": "#2" },
				"north": { "uv": [ 0, 0, 7.5, 0.5 ], "texture": "#2" },
				"south": { "uv": [ 0, 0, 7.5, 0.5 ], "texture": "#2" },
				"west": { "uv": [ 0, 0, 0.5, 0.5 ], "texture": "#2" },
				"east": { "uv": [ 0, 0, 0.5, 0.5 ], "texture": "#2" }
			}
		},
		{
			"from": [ 4.2, 8.4, 7.3 ],
			"to": [ 4.7, 12.4, 7.8 ],
			"faces": {
				"down": { "uv": [ 0, 0, 0.5, 0.5 ], "texture": "#2" },
				"up": { "uv": [ 0, 0, 0.5, 0.5 ], "texture": "#2" },
				"north": { "uv": [ 0, 0, 0.5, 4 ], "texture": "#2" },
				"south": { "uv": [ 0, 0, 0.5, 4 ], "texture": "#2" },
				"west": { "uv": [ 0, 0, 0.5, 4 ], "texture": "#2" },
				"east": { "uv": [ 0, 0, 0.5, 4 ], "texture": "#2" }
			}
		},
		{
			"from": [ 11.2, 8.4, 7.3 ],
			"to": [ 11.7, 12.4, 7.8 ],
			"faces": {
				"down": { "uv": [ 0, 0, 0.5, 0.5 ], "texture": "#2" },
				"up": { "uv": [ 0, 0, 0.5, 0.5 ], "texture": "#2" },
				"north": { "uv": [ 0, 0, 0.5, 4 ], "texture": "#2" },
				"south": { "uv": [ 0, 0, 0.5, 4 ], "texture": "#2" },
				"west": { "uv": [ 0, 0, 0.5, 4 ], "texture": "#2" },
				"east": { "uv": [ 0, 0, 0.5, 4 ], "texture": "#2" }
			}
		}
	],
	"display": {
		"thirdperson_righthand": {
			"rotation":  [ 92, 94, 0 ],
			"translation":  [ 1.3913, -1.39, -2.086 ],
			"scale":  [ 0.8, 0.8, 0.8 ]
		},
		"gui": {
			"translation":  [ 0, 1.5, 0 ]
		},
		"ground": {
			"translation":  [ 0, 8, 0 ]
		}
	}
}