{
	"__comment": "Model generated using MrCrayfish's Model Creator (http://mrcrayfish.com/modelcreator/)",
	"ambientocclusion": false,
	"textures": {
		"0": "blocks/stone_andesite_smooth",
		"1": "blocks/hardened_clay_stained_cyan"
	},
	"elements": [ 	 
		{
			"from": [ 4, 10, 4 ],
			"to": [ 12, 12, 7 ],
			"faces": {
				"down": { "uv": [ 0, 0, 8, 3 ], "texture": "#0" },
				"up": { "uv": [ 4, 9, 12, 12 ], "texture": "#0" },
				"north": { "uv": [ 2, 4, 10, 6 ], "texture": "#0" },
				"south": { "uv": [ 0, 0, 8, 2 ], "texture": "#1" },
				"west": { "uv": [ 2, 3, 5, 5 ], "texture": "#0" },
				"east": { "uv": [ 1, 4, 4, 6 ], "texture": "#0" }
			}
		},
		{
			"from": [ 3, 0, 4 ],
			"to": [ 13, 10, 7 ],
			"faces": {
				"down": { "uv": [ 0, 0, 10, 3 ], "texture": "#0" },
				"up": { "uv": [ 1, 0, 11, 3 ], "texture": "#0" },
				"north": { "uv": [ 2, 2, 14, 14 ], "texture": "#0" },
				"south": { "uv": [ 0, 0, 10, 10 ], "texture": "#1" },
				"west": { "uv": [ 0, 0, 3, 10 ], "texture": "#0" },
				"east": { "uv": [ 13, 0, 16, 10 ], "texture": "#0" }
			}
		},
		{
			"from": [ 3, 0, 7 ],
			"to": [ 13, 1, 8 ],
			"faces": {
				"down": { "uv": [ 0, 0, 10, 1 ], "texture": "#0" },
				"up": { "uv": [ 0, 0, 10, 1 ], "texture": "#0" },
				"north": { "uv": [ 0, 0, 10, 1 ], "texture": "#0" },
				"south": { "uv": [ 0, 0, 10, 1 ], "texture": "#0" },
				"west": { "uv": [ 0, 0, 1, 1 ], "texture": "#0" },
				"east": { "uv": [ 0, 0, 1, 1 ], "texture": "#0" }
			}
		},
		{
			"from": [ 4, 11, 7 ],
			"to": [ 12, 12, 8 ],
			"faces": {
				"down": { "uv": [ 0, 0, 8, 1 ], "texture": "#0" },
				"up": { "uv": [ 0, 0, 8, 1 ], "texture": "#0" },
				"north": { "uv": [ 0, 0, 8, 1 ], "texture": "#0" },
				"south": { "uv": [ 0, 0, 8, 1 ], "texture": "#0" },
				"west": { "uv": [ 0, 0, 1, 1 ], "texture": "#0" },
				"east": { "uv": [ 0, 0, 1, 1 ], "texture": "#0" }
			}
		},
		{
			"from": [ 3, 1, 7 ],
			"to": [ 4, 10, 8 ],
			"faces": {
				"down": { "uv": [ 0, 0, 1, 1 ], "texture": "#0" },
				"up": { "uv": [ 0, 0, 1, 1 ], "texture": "#0" },
				"north": { "uv": [ 0, 0, 1, 9 ], "texture": "#0" },
				"south": { "uv": [ 0, 0, 1, 9 ], "texture": "#0" },
				"west": { "uv": [ 0, 0, 1, 9 ], "texture": "#0" },
				"east": { "uv": [ 0, 0, 1, 9 ], "texture": "#0" }
			}
		},
		{
			"from": [ 12, 1, 7 ],
			"to": [ 13, 10, 8 ],
			"faces": {
				"down": { "uv": [ 0, 0, 1, 1 ], "texture": "#0" },
				"up": { "uv": [ 0, 0, 1, 1 ], "texture": "#0" },
				"north": { "uv": [ 0, 0, 1, 9 ], "texture": "#0" },
				"south": { "uv": [ 0, 0, 1, 9 ], "texture": "#0" },
				"west": { "uv": [ 0, 0, 1, 9 ], "texture": "#0" },
				"east": { "uv": [ 0, 0, 1, 9 ], "texture": "#0" }
			}
		},
		{
			"from": [ 4.5, 1.5, 7 ],
			"to": [ 11.5, 8.5, 8 ],
			"faces": {
				"down": { "uv": [ 0, 0, 7, 1 ], "texture": "#0" },
				"up": { "uv": [ 0, 0, 7, 1 ], "texture": "#0" },
				"north": { "uv": [ 0, 0, 7, 7 ], "texture": "#0" },
				"south": { "uv": [ 0, 1, 16, 16 ], "texture": "#0" },
				"west": { "uv": [ 0, 0, 1, 7 ], "texture": "#0" },
				"east": { "uv": [ 0, 0, 1, 7 ], "texture": "#0" }
			}
		},
		{
			"from": [ 4, 9, 7 ],
			"to": [ 5, 11, 8 ],
			"faces": {
				"down": { "uv": [ 0, 0, 1, 1 ], "texture": "#0" },
				"up": { "uv": [ 0, 0, 1, 1 ], "texture": "#0" },
				"north": { "uv": [ 0, 0, 1, 2 ], "texture": "#0" },
				"south": { "uv": [ 0, 0, 1, 2 ], "texture": "#0" },
				"west": { "uv": [ 0, 0, 1, 2 ], "texture": "#0" },
				"east": { "uv": [ 0, 0, 1, 2 ], "texture": "#0" }
			}
		},
		{
			"from": [ 11, 9, 7 ],
			"to": [ 12, 11, 8 ],
			"faces": {
				"down": { "uv": [ 0, 0, 1, 1 ], "texture": "#0" },
				"up": { "uv": [ 0, 0, 1, 1 ], "texture": "#0" },
				"north": { "uv": [ 0, 0, 1, 2 ], "texture": "#0" },
				"south": { "uv": [ 0, 0, 1, 2 ], "texture": "#0" },
				"west": { "uv": [ 0, 0, 1, 2 ], "texture": "#0" },
				"east": { "uv": [ 0, 0, 1, 2 ], "texture": "#0" }
			}
		},
		{
			"from": [ 5.5, 8.5, 7 ],
			"to": [ 10.5, 10.5, 8 ],
			"faces": {
				"down": { "uv": [ 0, 0, 5, 1 ], "texture": "#0" },
				"up": { "uv": [ 0, 0, 5, 1 ], "texture": "#0" },
				"north": { "uv": [ 0, 0, 5, 2 ], "texture": "#0" },
				"south": { "uv": [ 0, 0, 12, 4 ], "texture": "#0" },
				"west": { "uv": [ 0, 0, 1, 2 ], "texture": "#0" },
				"east": { "uv": [ 0, 0, 1, 2 ], "texture": "#0" }
			}
		},
		{
			"from": [ 7.5, 5, 8 ],
			"to": [ 8.5, 9, 8.5 ],
			"faces": {
				"down": { "uv": [ 0, 0, 1, 0.5 ], "texture": "#1" },
				"up": { "uv": [ 0, 0, 1, 0.5 ], "texture": "#1" },
				"north": { "uv": [ 0, 0, 1, 4 ], "texture": "#1" },
				"south": { "uv": [ 0, 0, 1, 4 ], "texture": "#1" },
				"west": { "uv": [ 0, 0, 0.5, 4 ], "texture": "#1" },
				"east": { "uv": [ 0, 0, 0.5, 4 ], "texture": "#1" }
			}
		},
		{
			"from": [ 8.5, 7, 8 ],
			"to": [ 9.5, 8, 8.5 ],
			"faces": {
				"down": { "uv": [ 0, 0, 1, 0.5 ], "texture": "#1" },
				"up": { "uv": [ 0, 0, 1, 0.5 ], "texture": "#1" },
				"north": { "uv": [ 0, 0, 1, 1 ], "texture": "#1" },
				"south": { "uv": [ 0, 0, 1, 1 ], "texture": "#1" },
				"west": { "uv": [ 0, 0, 0.5, 1 ], "texture": "#1" },
				"east": { "uv": [ 0, 0, 0.5, 1 ], "texture": "#1" }
			}
		},
		{
			"from": [ 6.5, 7, 8 ],
			"to": [ 7.5, 8, 8.5 ],
			"faces": {
				"down": { "uv": [ 0, 0, 1, 0.5 ], "texture": "#1" },
				"up": { "uv": [ 0, 0, 1, 0.5 ], "texture": "#1" },
				"north": { "uv": [ 0, 0, 1, 1 ], "texture": "#1" },
				"south": { "uv": [ 0, 0, 1, 1 ], "texture": "#1" },
				"west": { "uv": [ 0, 0, 0.5, 1 ], "texture": "#1" },
				"east": { "uv": [ 0, 0, 0.5, 1 ], "texture": "#1" }
			}
		}
	],
	"display": {
		"thirdperson_righthand": {
			"rotation":  [ 0, 0, -53 ],
			"translation":  [ 0, -1.39, 0 ]
		},
		"thirdperson_lefthand": {
			"rotation":  [ 0, 0, -53 ],
			"translation":  [ 0, -1.39, 0 ]
		},
		"firstperson_righthand": {
			"rotation":  [ 0, 74, 0 ],
			"translation":  [ 0, 3.4782, 0 ]
		},
		"firstperson_lefthand": {
			"rotation":  [ 0, 74, 0 ],
			"translation":  [ 0, 3.4782, 0 ]
		},
		"gui": {
			"rotation":  [ 14, 180, 0 ]
		},
		"head": {
			"translation":  [ 0, 2.0869, -2.782 ],
			"scale":  [ 2.3, 2.3, 2.3 ]
		},
		"ground": {
			"translation":  [ 0, 2, 0 ],
			"scale":  [ 0.5, 0.5, 0.5 ]
		},
		"fixed": {
			"rotation":  [ -23, 0, 0 ],
			"translation":  [ 0, -1.391, -4.869 ],
			"scale":  [ 2, 2, 2 ]
		}
	}
}