{
	"__comment": "Designed by Monsterfish_ with Cubik Studio - https://cubik.studio",
	"textures": {
		"particle": "blocks/cookieman",
		"mesh_palette": "blocks/cookieman"
	},
	"elements": [ 	 
		{
			"__comment": "Voxels-B27F4F",
			"from": [ 3, 0, 7.5 ],
			"to": [ 3.5, 0.5, 8 ],
			"faces": {
				"down": { "uv": [ 2.48, 0.4799995, 3.52, 1.52 ], "texture": "#mesh_palette", "cullface": "down" },
				"up": { "uv": [ 2.48, 0.4799995, 3.52, 1.52 ], "texture": "#mesh_palette" },
				"north": { "uv": [ 2.48, 0.4799995, 3.52, 1.52 ], "texture": "#mesh_palette" },
				"west": { "uv": [ 2.48, 0.4799995, 3.52, 1.52 ], "texture": "#mesh_palette" }
			}
		},
		{
			"__comment": "Voxels-8C633E",
			"from": [ 3, 0, 8 ],
			"to": [ 5, 0.5, 8.5 ],
			"faces": {
				"down": { "uv": [ 6.48, 0.4799995, 7.52, 1.52 ], "texture": "#mesh_palette", "cullface": "down" },
				"up": { "uv": [ 6.48, 0.4799995, 7.52, 1.52 ], "texture": "#mesh_palette" },
				"north": { "uv": [ 6.48, 0.4799995, 7.52, 1.52 ], "texture": "#mesh_palette" },
				"south": { "uv": [ 6.48, 0.4799995, 7.52, 1.52 ], "texture": "#mesh_palette" },
				"west": { "uv": [ 6.48, 0.4799995, 7.52, 1.52 ], "texture": "#mesh_palette" }
			}
		},
		{
			"__comment": "Voxels-B27F4F",
			"from": [ 3, 0, 8.5 ],
			"to": [ 3.5, 0.5, 9 ],
			"faces": {
				"down": { "uv": [ 2.48, 0.4799995, 3.52, 1.52 ], "texture": "#mesh_palette", "cullface": "down" },
				"up": { "uv": [ 2.48, 0.4799995, 3.52, 1.52 ], "texture": "#mesh_palette" },
				"south": { "uv": [ 2.48, 0.4799995, 3.52, 1.52 ], "texture": "#mesh_palette" },
				"west": { "uv": [ 2.48, 0.4799995, 3.52, 1.52 ], "texture": "#mesh_palette" }
			}
		},
		{
			"__comment": "Voxels-B27F4F",
			"from": [ 3, 0.5, 8 ],
			"to": [ 3.5, 1, 8.5 ],
			"faces": {
				"up": { "uv": [ 2.48, 0.4799995, 3.52, 1.52 ], "texture": "#mesh_palette" },
				"north": { "uv": [ 2.48, 0.4799995, 3.52, 1.52 ], "texture": "#mesh_palette" },
				"south": { "uv": [ 2.48, 0.4799995, 3.52, 1.52 ], "texture": "#mesh_palette" },
				"west": { "uv": [ 2.48, 0.4799995, 3.52, 1.52 ], "texture": "#mesh_palette" }
			}
		},
		{
			"__comment": "Voxels-C7BBAF",
			"from": [ 3.5, 0, 7 ],
			"to": [ 4, 0.5, 7.5 ],
			"faces": {
				"down": { "uv": [ 4.48, 0.4799995, 5.52, 1.52 ], "texture": "#mesh_palette", "cullface": "down" },
				"up": { "uv": [ 4.48, 0.4799995, 5.52, 1.52 ], "texture": "#mesh_palette" },
				"north": { "uv": [ 4.48, 0.4799995, 5.52, 1.52 ], "texture": "#mesh_palette" },
				"west": { "uv": [ 4.48, 0.4799995, 5.52, 1.52 ], "texture": "#mesh_palette" }
			}
		},
		{
			"__comment": "Voxels-8C633E",
			"from": [ 3.5, 0, 7.5 ],
			"to": [ 6, 0.5, 8 ],
			"faces": {
				"down": { "uv": [ 6.48, 0.4799995, 7.52, 1.52 ], "texture": "#mesh_palette", "cullface": "down" },
				"up": { "uv": [ 6.48, 0.4799995, 7.52, 1.52 ], "texture": "#mesh_palette" },
				"north": { "uv": [ 6.48, 0.4799995, 7.52, 1.52 ], "texture": "#mesh_palette" },
				"south": { "uv": [ 6.48, 0.4799995, 7.52, 1.52 ], "texture": "#mesh_palette" }
			}
		},
		{
			"__comment": "Voxels-8C633E",
			"from": [ 3.5, 0, 8.5 ],
			"to": [ 4.5, 0.5, 9 ],
			"faces": {
				"down": { "uv": [ 6.48, 0.4799995, 7.52, 1.52 ], "texture": "#mesh_palette", "cullface": "down" }
			}
		},
		{
			"__comment": "Voxels-B27F4F",
			"from": [ 3.5, 0, 9 ],
			"to": [ 4.5, 0.5, 9.5 ],
			"faces": {
				"down": { "uv": [ 2.48, 0.4799995, 3.52, 1.52 ], "texture": "#mesh_palette", "cullface": "down" },
				"up": { "uv": [ 2.48, 0.4799995, 3.52, 1.52 ], "texture": "#mesh_palette" },
				"south": { "uv": [ 2.48, 0.4799995, 3.52, 1.52 ], "texture": "#mesh_palette" },
				"west": { "uv": [ 2.48, 0.4799995, 3.52, 1.52 ], "texture": "#mesh_palette" },
				"east": { "uv": [ 2.48, 0.4799995, 3.52, 1.52 ], "texture": "#mesh_palette" }
			}
		},
		{
			"__comment": "Voxels-9D7045",
			"from": [ 3.5, 0.5, 7.5 ],
			"to": [ 4, 1, 8 ],
			"faces": {
				"up": { "uv": [ 8.48, 0.4799995, 9.52, 1.52 ], "texture": "#mesh_palette" },
				"north": { "uv": [ 8.48, 0.4799995, 9.52, 1.52 ], "texture": "#mesh_palette" },
				"west": { "uv": [ 8.48, 0.4799995, 9.52, 1.52 ], "texture": "#mesh_palette" }
			}
		},
		{
			"__comment": "Voxels-BD8753",
			"from": [ 3.5, 0.5, 8 ],
			"to": [ 4, 1, 8.5 ],
			"faces": {
				"up": { "uv": [ 12.48, 0.4799995, 13.52, 1.52 ], "texture": "#mesh_palette" }
			}
		},
		{
			"__comment": "Voxels-B27F4F",
			"from": [ 3.5, 0.5, 8.5 ],
			"to": [ 4.5, 1, 9 ],
			"faces": {
				"up": { "uv": [ 2.48, 0.4799995, 3.52, 1.52 ], "texture": "#mesh_palette" },
				"north": { "uv": [ 2.48, 0.4799995, 3.52, 1.52 ], "texture": "#mesh_palette" },
				"south": { "uv": [ 2.48, 0.4799995, 3.52, 1.52 ], "texture": "#mesh_palette" },
				"west": { "uv": [ 2.48, 0.4799995, 3.52, 1.52 ], "texture": "#mesh_palette" },
				"east": { "uv": [ 2.48, 0.4799995, 3.52, 1.52 ], "texture": "#mesh_palette" }
			}
		},
		{
			"__comment": "Voxels-B27F4F",
			"from": [ 4, 0, 6.5 ],
			"to": [ 5.5, 0.5, 7 ],
			"faces": {
				"down": { "uv": [ 2.48, 0.4799995, 3.52, 1.52 ], "texture": "#mesh_palette", "cullface": "down" },
				"up": { "uv": [ 2.48, 0.4799995, 3.52, 1.52 ], "texture": "#mesh_palette" },
				"north": { "uv": [ 2.48, 0.4799995, 3.52, 1.52 ], "texture": "#mesh_palette" },
				"west": { "uv": [ 2.48, 0.4799995, 3.52, 1.52 ], "texture": "#mesh_palette" }
			}
		},
		{
			"__comment": "Voxels-8C633E",
			"from": [ 4, 0, 7 ],
			"to": [ 5.5, 0.5, 7.5 ],
			"faces": {
				"down": { "uv": [ 6.48, 0.4799995, 7.52, 1.52 ], "texture": "#mesh_palette", "cullface": "down" },
				"up": { "uv": [ 6.48, 0.4799995, 7.52, 1.52 ], "texture": "#mesh_palette" }
			}
		},
		{
			"__comment": "Voxels-CDC6C0",
			"from": [ 4, 0.5, 7 ],
			"to": [ 4.5, 1, 7.5 ],
			"faces": {
				"up": { "uv": [ 10.48, 0.4799995, 11.52, 1.52 ], "texture": "#mesh_palette" },
				"north": { "uv": [ 10.48, 0.4799995, 11.52, 1.52 ], "texture": "#mesh_palette" },
				"west": { "uv": [ 10.48, 0.4799995, 11.52, 1.52 ], "texture": "#mesh_palette" }
			}
		},
		{
			"__comment": "Voxels-C7BBAF",
			"from": [ 4, 0.5, 7.5 ],
			"to": [ 5, 1, 8 ],
			"faces": {
				"up": { "uv": [ 4.48, 0.4799995, 5.52, 1.52 ], "texture": "#mesh_palette" },
				"north": { "uv": [ 4.48, 0.4799995, 5.52, 1.52 ], "texture": "#mesh_palette" },
				"south": { "uv": [ 4.48, 0.4799995, 5.52, 1.52 ], "texture": "#mesh_palette" }
			}
		},
		{
			"__comment": "Voxels-9D7045",
			"from": [ 4, 0.5, 8 ],
			"to": [ 4.5, 1, 8.5 ],
			"faces": {
				"up": { "uv": [ 8.48, 0.4799995, 9.52, 1.52 ], "texture": "#mesh_palette" }
			}
		},
		{
			"__comment": "Voxels-B5AA9F",
			"from": [ 4.5, 0, 8.5 ],
			"to": [ 5, 0.5, 9 ],
			"faces": {
				"down": { "uv": [ 2.48, 4.48, 3.52, 5.52 ], "texture": "#mesh_palette", "cullface": "down" },
				"up": { "uv": [ 2.48, 4.48, 3.52, 5.52 ], "texture": "#mesh_palette" },
				"south": { "uv": [ 2.48, 4.48, 3.52, 5.52 ], "texture": "#mesh_palette" },
				"east": { "uv": [ 2.48, 4.48, 3.52, 5.52 ], "texture": "#mesh_palette" }
			}
		},
		{
			"__comment": "Voxels-C7BBAF",
			"from": [ 4.5, 0, 13 ],
			"to": [ 5, 0.5, 13.5 ],
			"faces": {
				"down": { "uv": [ 4.48, 0.4799995, 5.52, 1.52 ], "texture": "#mesh_palette", "cullface": "down" },
				"up": { "uv": [ 4.48, 0.4799995, 5.52, 1.52 ], "texture": "#mesh_palette" },
				"north": { "uv": [ 4.48, 0.4799995, 5.52, 1.52 ], "texture": "#mesh_palette" },
				"west": { "uv": [ 4.48, 0.4799995, 5.52, 1.52 ], "texture": "#mesh_palette" }
			}
		},
		{
			"__comment": "Voxels-8C633E",
			"from": [ 4.5, 0, 13.5 ],
			"to": [ 6.5, 0.5, 14.5 ],
			"faces": {
				"down": { "uv": [ 6.48, 0.4799995, 7.52, 1.52 ], "texture": "#mesh_palette", "cullface": "down" },
				"up": { "uv": [ 6.48, 0.4799995, 7.52, 1.52 ], "texture": "#mesh_palette" },
				"north": { "uv": [ 6.48, 0.4799995, 7.52, 1.52 ], "texture": "#mesh_palette" },
				"south": { "uv": [ 6.48, 0.4799995, 7.52, 1.52 ], "texture": "#mesh_palette" },
				"west": { "uv": [ 6.48, 0.4799995, 7.52, 1.52 ], "texture": "#mesh_palette" },
				"east": { "uv": [ 6.48, 0.4799995, 7.52, 1.52 ], "texture": "#mesh_palette" }
			}
		},
		{
			"__comment": "Voxels-B27F4F",
			"from": [ 4.5, 0, 14.5 ],
			"to": [ 5, 0.5, 15 ],
			"faces": {
				"down": { "uv": [ 2.48, 0.4799995, 3.52, 1.52 ], "texture": "#mesh_palette", "cullface": "down" },
				"up": { "uv": [ 2.48, 0.4799995, 3.52, 1.52 ], "texture": "#mesh_palette" },
				"south": { "uv": [ 2.48, 0.4799995, 3.52, 1.52 ], "texture": "#mesh_palette" },
				"west": { "uv": [ 2.48, 0.4799995, 3.52, 1.52 ], "texture": "#mesh_palette" }
			}
		},
		{
			"__comment": "Voxels-BD8753",
			"from": [ 4.5, 0.5, 7 ],
			"to": [ 5.5, 1, 7.5 ],
			"faces": {
				"up": { "uv": [ 12.48, 0.4799995, 13.52, 1.52 ], "texture": "#mesh_palette" },
				"north": { "uv": [ 12.48, 0.4799995, 13.52, 1.52 ], "texture": "#mesh_palette" },
				"south": { "uv": [ 12.48, 0.4799995, 13.52, 1.52 ], "texture": "#mesh_palette" }
			}
		},
		{
			"__comment": "Voxels-C7BBAF",
			"from": [ 4.5, 0.5, 8 ],
			"to": [ 5, 1, 8.5 ],
			"faces": {
				"up": { "uv": [ 4.48, 0.4799995, 5.52, 1.52 ], "texture": "#mesh_palette" },
				"south": { "uv": [ 4.48, 0.4799995, 5.52, 1.52 ], "texture": "#mesh_palette" }
			}
		},
		{
			"__comment": "Voxels-B27F4F",
			"from": [ 4.5, 0.5, 13.5 ],
			"to": [ 5, 1, 14.5 ],
			"faces": {
				"up": { "uv": [ 2.48, 0.4799995, 3.52, 1.52 ], "texture": "#mesh_palette" },
				"north": { "uv": [ 2.48, 0.4799995, 3.52, 1.52 ], "texture": "#mesh_palette" },
				"south": { "uv": [ 2.48, 0.4799995, 3.52, 1.52 ], "texture": "#mesh_palette" },
				"west": { "uv": [ 2.48, 0.4799995, 3.52, 1.52 ], "texture": "#mesh_palette" },
				"east": { "uv": [ 2.48, 0.4799995, 3.52, 1.52 ], "texture": "#mesh_palette" }
			}
		},
		{
			"__comment": "Voxels-B27F4F",
			"from": [ 5, 0, 8 ],
			"to": [ 5.5, 0.5, 8.5 ],
			"faces": {
				"down": { "uv": [ 2.48, 0.4799995, 3.52, 1.52 ], "texture": "#mesh_palette", "cullface": "down" },
				"south": { "uv": [ 2.48, 0.4799995, 3.52, 1.52 ], "texture": "#mesh_palette" }
			}
		},
		{
			"__comment": "Voxels-B27F4F",
			"from": [ 5, 0, 12 ],
			"to": [ 5.5, 0.5, 13 ],
			"faces": {
				"down": { "uv": [ 2.48, 0.4799995, 3.52, 1.52 ], "texture": "#mesh_palette", "cullface": "down" },
				"up": { "uv": [ 2.48, 0.4799995, 3.52, 1.52 ], "texture": "#mesh_palette" },
				"north": { "uv": [ 2.48, 0.4799995, 3.52, 1.52 ], "texture": "#mesh_palette" },
				"west": { "uv": [ 2.48, 0.4799995, 3.52, 1.52 ], "texture": "#mesh_palette" },
				"east": { "uv": [ 2.48, 0.4799995, 3.52, 1.52 ], "texture": "#mesh_palette" }
			}
		},
		{
			"__comment": "Voxels-8C633E",
			"from": [ 5, 0, 13 ],
			"to": [ 6, 0.5, 13.5 ],
			"faces": {
				"down": { "uv": [ 6.48, 0.4799995, 7.52, 1.52 ], "texture": "#mesh_palette", "cullface": "down" },
				"north": { "uv": [ 6.48, 0.4799995, 7.52, 1.52 ], "texture": "#mesh_palette" }
			}
		},
		{
			"__comment": "Voxels-8C633E",
			"from": [ 5, 0, 14.5 ],
			"to": [ 6, 0.5, 15 ],
			"faces": {
				"down": { "uv": [ 6.48, 0.4799995, 7.52, 1.52 ], "texture": "#mesh_palette", "cullface": "down" },
				"south": { "uv": [ 6.48, 0.4799995, 7.52, 1.52 ], "texture": "#mesh_palette" }
			}
		},
		{
			"__comment": "Voxels-B27F4F",
			"from": [ 5, 0.5, 7.5 ],
			"to": [ 6.5, 1, 8 ],
			"faces": {
				"down": { "uv": [ 2.48, 0.4799995, 3.52, 1.52 ], "texture": "#mesh_palette" },
				"up": { "uv": [ 2.48, 0.4799995, 3.52, 1.52 ], "texture": "#mesh_palette" },
				"north": { "uv": [ 2.48, 0.4799995, 3.52, 1.52 ], "texture": "#mesh_palette" },
				"south": { "uv": [ 2.48, 0.4799995, 3.52, 1.52 ], "texture": "#mesh_palette" }
			}
		},
		{
			"__comment": "Voxels-9D7045",
			"from": [ 5, 0.5, 8 ],
			"to": [ 5.5, 1, 8.5 ],
			"faces": {
				"up": { "uv": [ 8.48, 0.4799995, 9.52, 1.52 ], "texture": "#mesh_palette" },
				"south": { "uv": [ 8.48, 0.4799995, 9.52, 1.52 ], "texture": "#mesh_palette" },
				"east": { "uv": [ 8.48, 0.4799995, 9.52, 1.52 ], "texture": "#mesh_palette" }
			}
		},
		{
			"__comment": "Voxels-CDC6C0",
			"from": [ 5, 0.5, 13 ],
			"to": [ 6, 1, 13.5 ],
			"faces": {
				"up": { "uv": [ 10.48, 0.4799995, 11.52, 1.52 ], "texture": "#mesh_palette" },
				"north": { "uv": [ 10.48, 0.4799995, 11.52, 1.52 ], "texture": "#mesh_palette" },
				"south": { "uv": [ 10.48, 0.4799995, 11.52, 1.52 ], "texture": "#mesh_palette" },
				"west": { "uv": [ 10.48, 0.4799995, 11.52, 1.52 ], "texture": "#mesh_palette" }
			}
		},
		{
			"__comment": "Voxels-9D7045",
			"from": [ 5, 0.5, 13.5 ],
			"to": [ 5.5, 1, 14 ],
			"faces": {
				"up": { "uv": [ 8.48, 0.4799995, 9.52, 1.52 ], "texture": "#mesh_palette" }
			}
		},
		{
			"__comment": "Voxels-B27F4F",
			"from": [ 5, 0.5, 14 ],
			"to": [ 5.5, 1, 14.5 ],
			"faces": {
				"up": { "uv": [ 2.48, 0.4799995, 3.52, 1.52 ], "texture": "#mesh_palette" }
			}
		},
		{
			"__comment": "Voxels-996D44",
			"from": [ 5, 0.5, 14.5 ],
			"to": [ 6, 1, 15 ],
			"faces": {
				"up": { "uv": [ 0.48, 2.48, 1.52, 3.52 ], "texture": "#mesh_palette" },
				"north": { "uv": [ 0.48, 2.48, 1.52, 3.52 ], "texture": "#mesh_palette" },
				"south": { "uv": [ 0.48, 2.48, 1.52, 3.52 ], "texture": "#mesh_palette" },
				"west": { "uv": [ 0.48, 2.48, 1.52, 3.52 ], "texture": "#mesh_palette" },
				"east": { "uv": [ 0.48, 2.48, 1.52, 3.52 ], "texture": "#mesh_palette" }
			}
		},
		{
			"__comment": "Voxels-B27F4F",
			"from": [ 5.5, 0, 6 ],
			"to": [ 6.5, 0.5, 6.5 ],
			"faces": {
				"down": { "uv": [ 2.48, 0.4799995, 3.52, 1.52 ], "texture": "#mesh_palette", "cullface": "down" },
				"up": { "uv": [ 2.48, 0.4799995, 3.52, 1.52 ], "texture": "#mesh_palette" },
				"north": { "uv": [ 2.48, 0.4799995, 3.52, 1.52 ], "texture": "#mesh_palette" },
				"west": { "uv": [ 2.48, 0.4799995, 3.52, 1.52 ], "texture": "#mesh_palette" }
			}
		},
		{
			"__comment": "Voxels-8C633E",
			"from": [ 5.5, 0, 6.5 ],
			"to": [ 7, 0.5, 7 ],
			"faces": {
				"down": { "uv": [ 6.48, 0.4799995, 7.52, 1.52 ], "texture": "#mesh_palette", "cullface": "down" },
				"up": { "uv": [ 6.48, 0.4799995, 7.52, 1.52 ], "texture": "#mesh_palette" },
				"north": { "uv": [ 6.48, 0.4799995, 7.52, 1.52 ], "texture": "#mesh_palette" }
			}
		},
		{
			"__comment": "Voxels-835C3A",
			"from": [ 5.5, 0, 7 ],
			"to": [ 11, 0.5, 7.5 ],
			"faces": {
				"down": { "uv": [ 14.48, 0.4799995, 15.52, 1.52 ], "texture": "#mesh_palette", "cullface": "down" },
				"up": { "uv": [ 14.48, 0.4799995, 15.52, 1.52 ], "texture": "#mesh_palette" },
				"north": { "uv": [ 14.48, 0.4799995, 15.52, 1.52 ], "texture": "#mesh_palette" },
				"south": { "uv": [ 14.48, 0.4799995, 15.52, 1.52 ], "texture": "#mesh_palette" }
			}
		},
		{
			"__comment": "Voxels-996D44",
			"from": [ 5.5, 0, 8 ],
			"to": [ 6, 0.5, 9 ],
			"faces": {
				"down": { "uv": [ 0.48, 2.48, 1.52, 3.52 ], "texture": "#mesh_palette", "cullface": "down" },
				"up": { "uv": [ 0.48, 2.48, 1.52, 3.52 ], "texture": "#mesh_palette" },
				"south": { "uv": [ 0.48, 2.48, 1.52, 3.52 ], "texture": "#mesh_palette" },
				"west": { "uv": [ 0.48, 2.48, 1.52, 3.52 ], "texture": "#mesh_palette" },
				"east": { "uv": [ 0.48, 2.48, 1.52, 3.52 ], "texture": "#mesh_palette" }
			}
		},
		{
			"__comment": "Voxels-996D44",
			"from": [ 5.5, 0, 10.5 ],
			"to": [ 6, 0.5, 11 ],
			"faces": {
				"down": { "uv": [ 0.48, 2.48, 1.52, 3.52 ], "texture": "#mesh_palette", "cullface": "down" },
				"up": { "uv": [ 0.48, 2.48, 1.52, 3.52 ], "texture": "#mesh_palette" },
				"north": { "uv": [ 0.48, 2.48, 1.52, 3.52 ], "texture": "#mesh_palette" },
				"west": { "uv": [ 0.48, 2.48, 1.52, 3.52 ], "texture": "#mesh_palette" }
			}
		},
		{
			"__comment": "Voxels-B27F4F",
			"from": [ 5.5, 0, 11 ],
			"to": [ 6, 0.5, 12 ],
			"faces": {
				"down": { "uv": [ 2.48, 0.4799995, 3.52, 1.52 ], "texture": "#mesh_palette", "cullface": "down" },
				"up": { "uv": [ 2.48, 0.4799995, 3.52, 1.52 ], "texture": "#mesh_palette" },
				"west": { "uv": [ 2.48, 0.4799995, 3.52, 1.52 ], "texture": "#mesh_palette" },
				"east": { "uv": [ 2.48, 0.4799995, 3.52, 1.52 ], "texture": "#mesh_palette" }
			}
		},
		{
			"__comment": "Voxels-8C633E",
			"from": [ 5.5, 0, 12 ],
			"to": [ 7, 0.5, 12.5 ],
			"faces": {
				"down": { "uv": [ 6.48, 0.4799995, 7.52, 1.52 ], "texture": "#mesh_palette", "cullface": "down" },
				"up": { "uv": [ 6.48, 0.4799995, 7.52, 1.52 ], "texture": "#mesh_palette" },
				"north": { "uv": [ 6.48, 0.4799995, 7.52, 1.52 ], "texture": "#mesh_palette" },
				"south": { "uv": [ 6.48, 0.4799995, 7.52, 1.52 ], "texture": "#mesh_palette" }
			}
		},
		{
			"__comment": "Voxels-8C633E",
			"from": [ 5.5, 0, 12.5 ],
			"to": [ 6, 0.5, 13 ],
			"faces": {
				"down": { "uv": [ 6.48, 0.4799995, 7.52, 1.52 ], "texture": "#mesh_palette", "cullface": "down" }
			}
		},
		{
			"__comment": "Voxels-BD8753",
			"from": [ 5.5, 0.5, 6.5 ],
			"to": [ 6, 1, 7 ],
			"faces": {
				"up": { "uv": [ 12.48, 0.4799995, 13.52, 1.52 ], "texture": "#mesh_palette" },
				"north": { "uv": [ 12.48, 0.4799995, 13.52, 1.52 ], "texture": "#mesh_palette" },
				"west": { "uv": [ 12.48, 0.4799995, 13.52, 1.52 ], "texture": "#mesh_palette" }
			}
		},
		{
			"__comment": "Voxels-B27F4F",
			"from": [ 5.5, 0.5, 7 ],
			"to": [ 6, 1, 7.5 ],
			"faces": {
				"up": { "uv": [ 2.48, 0.4799995, 3.52, 1.52 ], "texture": "#mesh_palette" }
			}
		},
		{
			"__comment": "Voxels-BD8753",
			"from": [ 5.5, 0.5, 12 ],
			"to": [ 6, 1, 12.5 ],
			"faces": {
				"up": { "uv": [ 12.48, 0.4799995, 13.52, 1.52 ], "texture": "#mesh_palette" },
				"north": { "uv": [ 12.48, 0.4799995, 13.52, 1.52 ], "texture": "#mesh_palette" },
				"west": { "uv": [ 12.48, 0.4799995, 13.52, 1.52 ], "texture": "#mesh_palette" }
			}
		},
		{
			"__comment": "Voxels-B27F4F",
			"from": [ 5.5, 0.5, 12.5 ],
			"to": [ 6, 1, 13 ],
			"faces": {
				"up": { "uv": [ 2.48, 0.4799995, 3.52, 1.52 ], "texture": "#mesh_palette" },
				"west": { "uv": [ 2.48, 0.4799995, 3.52, 1.52 ], "texture": "#mesh_palette" }
			}
		},
		{
			"__comment": "Voxels-C7BBAF",
			"from": [ 5.5, 0.5, 13.5 ],
			"to": [ 6, 1, 14 ],
			"faces": {
				"up": { "uv": [ 4.48, 0.4799995, 5.52, 1.52 ], "texture": "#mesh_palette" }
			}
		},
		{
			"__comment": "Voxels-9D7045",
			"from": [ 5.5, 0.5, 14 ],
			"to": [ 6, 1, 14.5 ],
			"faces": {
				"up": { "uv": [ 8.48, 0.4799995, 9.52, 1.52 ], "texture": "#mesh_palette" }
			}
		},
		{
			"__comment": "Voxels-B27F4F",
			"from": [ 6, 0, 2.5 ],
			"to": [ 6.5, 0.5, 3 ],
			"faces": {
				"down": { "uv": [ 2.48, 0.4799995, 3.52, 1.52 ], "texture": "#mesh_palette", "cullface": "down" },
				"up": { "uv": [ 2.48, 0.4799995, 3.52, 1.52 ], "texture": "#mesh_palette" },
				"north": { "uv": [ 2.48, 0.4799995, 3.52, 1.52 ], "texture": "#mesh_palette" },
				"west": { "uv": [ 2.48, 0.4799995, 3.52, 1.52 ], "texture": "#mesh_palette" }
			}
		},
		{
			"__comment": "Voxels-996D44",
			"from": [ 6, 0, 3 ],
			"to": [ 6.5, 0.5, 3.5 ],
			"faces": {
				"down": { "uv": [ 0.48, 2.48, 1.52, 3.52 ], "texture": "#mesh_palette", "cullface": "down" },
				"west": { "uv": [ 0.48, 2.48, 1.52, 3.52 ], "texture": "#mesh_palette" }
			}
		},
		{
			"__comment": "Voxels-8C633E",
			"from": [ 6, 0, 3.5 ],
			"to": [ 7.5, 0.5, 4 ],
			"faces": {
				"down": { "uv": [ 6.48, 0.4799995, 7.52, 1.52 ], "texture": "#mesh_palette", "cullface": "down" },
				"up": { "uv": [ 6.48, 0.4799995, 7.52, 1.52 ], "texture": "#mesh_palette" },
				"north": { "uv": [ 6.48, 0.4799995, 7.52, 1.52 ], "texture": "#mesh_palette" },
				"south": { "uv": [ 6.48, 0.4799995, 7.52, 1.52 ], "texture": "#mesh_palette" },
				"west": { "uv": [ 6.48, 0.4799995, 7.52, 1.52 ], "texture": "#mesh_palette" }
			}
		},
		{
			"__comment": "Voxels-8C633E",
			"from": [ 6, 0, 4 ],
			"to": [ 7, 0.5, 5 ],
			"faces": {
				"down": { "uv": [ 6.48, 0.4799995, 7.52, 1.52 ], "texture": "#mesh_palette", "cullface": "down" },
				"up": { "uv": [ 6.48, 0.4799995, 7.52, 1.52 ], "texture": "#mesh_palette" },
				"south": { "uv": [ 6.48, 0.4799995, 7.52, 1.52 ], "texture": "#mesh_palette" },
				"west": { "uv": [ 6.48, 0.4799995, 7.52, 1.52 ], "texture": "#mesh_palette" }
			}
		},
		{
			"__comment": "Voxels-996D44",
			"from": [ 6, 0, 5 ],
			"to": [ 6.5, 0.5, 5.5 ],
			"faces": {
				"down": { "uv": [ 0.48, 2.48, 1.52, 3.52 ], "texture": "#mesh_palette", "cullface": "down" },
				"up": { "uv": [ 0.48, 2.48, 1.52, 3.52 ], "texture": "#mesh_palette" },
				"south": { "uv": [ 0.48, 2.48, 1.52, 3.52 ], "texture": "#mesh_palette" },
				"west": { "uv": [ 0.48, 2.48, 1.52, 3.52 ], "texture": "#mesh_palette" }
			}
		},
		{
			"__comment": "Voxels-835C3A",
			"from": [ 6, 0, 7.5 ],
			"to": [ 10, 0.5, 8 ],
			"faces": {
				"down": { "uv": [ 14.48, 0.4799995, 15.52, 1.52 ], "texture": "#mesh_palette", "cullface": "down" },
				"up": { "uv": [ 14.48, 0.4799995, 15.52, 1.52 ], "texture": "#mesh_palette" },
				"south": { "uv": [ 14.48, 0.4799995, 15.52, 1.52 ], "texture": "#mesh_palette" }
			}
		},
		{
			"__comment": "Voxels-8C633E",
			"from": [ 6, 0, 8 ],
			"to": [ 7, 0.5, 8.5 ],
			"faces": {
				"down": { "uv": [ 6.48, 0.4799995, 7.52, 1.52 ], "texture": "#mesh_palette", "cullface": "down" },
				"up": { "uv": [ 6.48, 0.4799995, 7.52, 1.52 ], "texture": "#mesh_palette" },
				"south": { "uv": [ 6.48, 0.4799995, 7.52, 1.52 ], "texture": "#mesh_palette" }
			}
		},
		{
			"__comment": "Voxels-996D44",
			"from": [ 6, 0, 8.5 ],
			"to": [ 6.5, 1, 9 ],
			"faces": {
				"down": { "uv": [ 0.48, 2.48, 1.52, 3.52 ], "texture": "#mesh_palette", "cullface": "down" },
				"up": { "uv": [ 0.48, 2.48, 1.52, 3.52 ], "texture": "#mesh_palette" },
				"north": { "uv": [ 0.48, 2.48, 1.52, 3.52 ], "texture": "#mesh_palette" },
				"south": { "uv": [ 0.48, 2.48, 1.52, 3.52 ], "texture": "#mesh_palette" },
				"west": { "uv": [ 0.48, 2.48, 1.52, 3.52 ], "texture": "#mesh_palette" },
				"east": { "uv": [ 0.48, 2.48, 1.52, 3.52 ], "texture": "#mesh_palette" }
			}
		},
		{
			"__comment": "Voxels-996D44",
			"from": [ 6, 0, 9 ],
			"to": [ 6.5, 0.5, 10.5 ],
			"faces": {
				"down": { "uv": [ 0.48, 2.48, 1.52, 3.52 ], "texture": "#mesh_palette", "cullface": "down" },
				"up": { "uv": [ 0.48, 2.48, 1.52, 3.52 ], "texture": "#mesh_palette" },
				"west": { "uv": [ 0.48, 2.48, 1.52, 3.52 ], "texture": "#mesh_palette" },
				"east": { "uv": [ 0.48, 2.48, 1.52, 3.52 ], "texture": "#mesh_palette" }
			}
		},
		{
			"__comment": "Voxels-8C633E",
			"from": [ 6, 0, 10.5 ],
			"to": [ 7, 0.5, 11 ],
			"faces": {
				"down": { "uv": [ 6.48, 0.4799995, 7.52, 1.52 ], "texture": "#mesh_palette", "cullface": "down" },
				"up": { "uv": [ 6.48, 0.4799995, 7.52, 1.52 ], "texture": "#mesh_palette" },
				"north": { "uv": [ 6.48, 0.4799995, 7.52, 1.52 ], "texture": "#mesh_palette" },
				"south": { "uv": [ 6.48, 0.4799995, 7.52, 1.52 ], "texture": "#mesh_palette" }
			}
		},
		{
			"__comment": "Voxels-8C633E",
			"from": [ 6, 0, 11 ],
			"to": [ 6.5, 0.5, 11.5 ],
			"faces": {
				"down": { "uv": [ 6.48, 0.4799995, 7.52, 1.52 ], "texture": "#mesh_palette", "cullface": "down" }
			}
		},
		{
			"__comment": "Voxels-835C3A",
			"from": [ 6, 0, 11.5 ],
			"to": [ 6.5, 0.5, 12 ],
			"faces": {
				"down": { "uv": [ 14.48, 0.4799995, 15.52, 1.52 ], "texture": "#mesh_palette", "cullface": "down" }
			}
		},
		{
			"__comment": "Voxels-835C3A",
			"from": [ 6, 0, 12.5 ],
			"to": [ 6.5, 0.5, 13.5 ],
			"faces": {
				"down": { "uv": [ 14.48, 0.4799995, 15.52, 1.52 ], "texture": "#mesh_palette", "cullface": "down" },
				"up": { "uv": [ 14.48, 0.4799995, 15.52, 1.52 ], "texture": "#mesh_palette" },
				"west": { "uv": [ 14.48, 0.4799995, 15.52, 1.52 ], "texture": "#mesh_palette" },
				"east": { "uv": [ 14.48, 0.4799995, 15.52, 1.52 ], "texture": "#mesh_palette" }
			}
		},
		{
			"__comment": "Voxels-996D44",
			"from": [ 6, 0, 14.5 ],
			"to": [ 6.5, 0.5, 15 ],
			"faces": {
				"down": { "uv": [ 0.48, 2.48, 1.52, 3.52 ], "texture": "#mesh_palette", "cullface": "down" },
				"up": { "uv": [ 0.48, 2.48, 1.52, 3.52 ], "texture": "#mesh_palette" },
				"south": { "uv": [ 0.48, 2.48, 1.52, 3.52 ], "texture": "#mesh_palette" },
				"east": { "uv": [ 0.48, 2.48, 1.52, 3.52 ], "texture": "#mesh_palette" }
			}
		},
		{
			"__comment": "Voxels-BD8753",
			"from": [ 6, 0.5, 3 ],
			"to": [ 7, 1, 3.5 ],
			"faces": {
				"down": { "uv": [ 12.48, 0.4799995, 13.52, 1.52 ], "texture": "#mesh_palette" },
				"up": { "uv": [ 12.48, 0.4799995, 13.52, 1.52 ], "texture": "#mesh_palette" },
				"north": { "uv": [ 12.48, 0.4799995, 13.52, 1.52 ], "texture": "#mesh_palette" },
				"south": { "uv": [ 12.48, 0.4799995, 13.52, 1.52 ], "texture": "#mesh_palette" },
				"west": { "uv": [ 12.48, 0.4799995, 13.52, 1.52 ], "texture": "#mesh_palette" }
			}
		},
		{
			"__comment": "Voxels-BD8753",
			"from": [ 6, 0.5, 3.5 ],
			"to": [ 6.5, 1, 4.5 ],
			"faces": {
				"down": { "uv": [ 12.48, 0.4799995, 13.52, 1.52 ], "texture": "#mesh_palette" },
				"up": { "uv": [ 12.48, 0.4799995, 13.52, 1.52 ], "texture": "#mesh_palette" },
				"west": { "uv": [ 12.48, 0.4799995, 13.52, 1.52 ], "texture": "#mesh_palette" },
				"east": { "uv": [ 12.48, 0.4799995, 13.52, 1.52 ], "texture": "#mesh_palette" }
			}
		},
		{
			"__comment": "Voxels-B27F4F",
			"from": [ 6, 0.5, 4.5 ],
			"to": [ 6.5, 1, 5 ],
			"faces": {
				"up": { "uv": [ 2.48, 0.4799995, 3.52, 1.52 ], "texture": "#mesh_palette" },
				"south": { "uv": [ 2.48, 0.4799995, 3.52, 1.52 ], "texture": "#mesh_palette" },
				"west": { "uv": [ 2.48, 0.4799995, 3.52, 1.52 ], "texture": "#mesh_palette" }
			}
		},
		{
			"__comment": "Voxels-B27F4F",
			"from": [ 6, 0.5, 6.5 ],
			"to": [ 6.5, 1, 7 ],
			"faces": {
				"up": { "uv": [ 2.48, 0.4799995, 3.52, 1.52 ], "texture": "#mesh_palette" },
				"north": { "uv": [ 2.48, 0.4799995, 3.52, 1.52 ], "texture": "#mesh_palette" }
			}
		},
		{
			"__comment": "Voxels-BD8753",
			"from": [ 6, 0.5, 7 ],
			"to": [ 6.5, 1, 7.5 ],
			"faces": {
				"up": { "uv": [ 12.48, 0.4799995, 13.52, 1.52 ], "texture": "#mesh_palette" }
			}
		},
		{
			"__comment": "Voxels-9D7045",
			"from": [ 6, 0.5, 8 ],
			"to": [ 6.5, 1, 8.5 ],
			"faces": {
				"up": { "uv": [ 8.48, 0.4799995, 9.52, 1.52 ], "texture": "#mesh_palette" },
				"west": { "uv": [ 8.48, 0.4799995, 9.52, 1.52 ], "texture": "#mesh_palette" }
			}
		},
		{
			"__comment": "Voxels-996D44",
			"from": [ 6, 0.5, 10.5 ],
			"to": [ 6.5, 1, 11 ],
			"faces": {
				"up": { "uv": [ 0.48, 2.48, 1.52, 3.52 ], "texture": "#mesh_palette" },
				"north": { "uv": [ 0.48, 2.48, 1.52, 3.52 ], "texture": "#mesh_palette" },
				"west": { "uv": [ 0.48, 2.48, 1.52, 3.52 ], "texture": "#mesh_palette" }
			}
		},
		{
			"__comment": "Voxels-B27F4F",
			"from": [ 6, 0.5, 11 ],
			"to": [ 6.5, 1, 11.5 ],
			"faces": {
				"up": { "uv": [ 2.48, 0.4799995, 3.52, 1.52 ], "texture": "#mesh_palette" },
				"west": { "uv": [ 2.48, 0.4799995, 3.52, 1.52 ], "texture": "#mesh_palette" }
			}
		},
		{
			"__comment": "Voxels-BD8753",
			"from": [ 6, 0.5, 11.5 ],
			"to": [ 6.5, 1, 12 ],
			"faces": {
				"up": { "uv": [ 12.48, 0.4799995, 13.52, 1.52 ], "texture": "#mesh_palette" },
				"west": { "uv": [ 12.48, 0.4799995, 13.52, 1.52 ], "texture": "#mesh_palette" }
			}
		},
		{
			"__comment": "Voxels-B27F4F",
			"from": [ 6, 0.5, 12 ],
			"to": [ 6.5, 1, 12.5 ],
			"faces": {
				"up": { "uv": [ 2.48, 0.4799995, 3.52, 1.52 ], "texture": "#mesh_palette" }
			}
		},
		{
			"__comment": "Voxels-BD8753",
			"from": [ 6, 0.5, 12.5 ],
			"to": [ 6.5, 1, 13 ],
			"faces": {
				"up": { "uv": [ 12.48, 0.4799995, 13.52, 1.52 ], "texture": "#mesh_palette" }
			}
		},
		{
			"__comment": "Voxels-B27F4F",
			"from": [ 6, 0.5, 13 ],
			"to": [ 6.5, 1, 13.5 ],
			"faces": {
				"up": { "uv": [ 2.48, 0.4799995, 3.52, 1.52 ], "texture": "#mesh_palette" },
				"east": { "uv": [ 2.48, 0.4799995, 3.52, 1.52 ], "texture": "#mesh_palette" }
			}
		},
		{
			"__comment": "Voxels-B5AA9F",
			"from": [ 6, 0.5, 13.5 ],
			"to": [ 6.5, 1, 14 ],
			"faces": {
				"up": { "uv": [ 2.48, 4.48, 3.52, 5.52 ], "texture": "#mesh_palette" },
				"east": { "uv": [ 2.48, 4.48, 3.52, 5.52 ], "texture": "#mesh_palette" }
			}
		},
		{
			"__comment": "Voxels-906640",
			"from": [ 6, 0.5, 14 ],
			"to": [ 6.5, 1, 14.5 ],
			"faces": {
				"up": { "uv": [ 4.48, 4.48, 5.52, 5.52 ], "texture": "#mesh_palette" },
				"south": { "uv": [ 4.48, 4.48, 5.52, 5.52 ], "texture": "#mesh_palette" },
				"east": { "uv": [ 4.48, 4.48, 5.52, 5.52 ], "texture": "#mesh_palette" }
			}
		},
		{
			"__comment": "Voxels-996D44",
			"from": [ 6.5, 0, 2.5 ],
			"to": [ 7, 0.5, 3 ],
			"faces": {
				"down": { "uv": [ 0.48, 2.48, 1.52, 3.52 ], "texture": "#mesh_palette", "cullface": "down" },
				"north": { "uv": [ 0.48, 2.48, 1.52, 3.52 ], "texture": "#mesh_palette" }
			}
		},
		{
			"__comment": "Voxels-8C633E",
			"from": [ 6.5, 0, 3 ],
			"to": [ 7.5, 0.5, 3.5 ],
			"faces": {
				"down": { "uv": [ 6.48, 0.4799995, 7.52, 1.52 ], "texture": "#mesh_palette", "cullface": "down" },
				"up": { "uv": [ 6.48, 0.4799995, 7.52, 1.52 ], "texture": "#mesh_palette" },
				"north": { "uv": [ 6.48, 0.4799995, 7.52, 1.52 ], "texture": "#mesh_palette" }
			}
		},
		{
			"__comment": "Voxels-8C633E",
			"from": [ 6.5, 0, 5 ],
			"to": [ 7.5, 0.5, 5.5 ],
			"faces": {
				"down": { "uv": [ 6.48, 0.4799995, 7.52, 1.52 ], "texture": "#mesh_palette", "cullface": "down" },
				"up": { "uv": [ 6.48, 0.4799995, 7.52, 1.52 ], "texture": "#mesh_palette" },
				"north": { "uv": [ 6.48, 0.4799995, 7.52, 1.52 ], "texture": "#mesh_palette" },
				"south": { "uv": [ 6.48, 0.4799995, 7.52, 1.52 ], "texture": "#mesh_palette" }
			}
		},
		{
			"__comment": "Voxels-996D44",
			"from": [ 6.5, 0, 5.5 ],
			"to": [ 7, 0.5, 6 ],
			"faces": {
				"down": { "uv": [ 0.48, 2.48, 1.52, 3.52 ], "texture": "#mesh_palette", "cullface": "down" },
				"up": { "uv": [ 0.48, 2.48, 1.52, 3.52 ], "texture": "#mesh_palette" },
				"west": { "uv": [ 0.48, 2.48, 1.52, 3.52 ], "texture": "#mesh_palette" }
			}
		},
		{
			"__comment": "Voxels-8C633E",
			"from": [ 6.5, 0, 6 ],
			"to": [ 7, 0.5, 6.5 ],
			"faces": {
				"down": { "uv": [ 6.48, 0.4799995, 7.52, 1.52 ], "texture": "#mesh_palette", "cullface": "down" }
			}
		},
		{
			"__comment": "Voxels-8C633E",
			"from": [ 6.5, 0, 8.5 ],
			"to": [ 7, 0.5, 10 ],
			"faces": {
				"down": { "uv": [ 6.48, 0.4799995, 7.52, 1.52 ], "texture": "#mesh_palette", "cullface": "down" },
				"up": { "uv": [ 6.48, 0.4799995, 7.52, 1.52 ], "texture": "#mesh_palette" },
				"west": { "uv": [ 6.48, 0.4799995, 7.52, 1.52 ], "texture": "#mesh_palette" },
				"east": { "uv": [ 6.48, 0.4799995, 7.52, 1.52 ], "texture": "#mesh_palette" }
			}
		},
		{
			"__comment": "Voxels-835C3A",
			"from": [ 6.5, 0, 10 ],
			"to": [ 9, 0.5, 10.5 ],
			"faces": {
				"down": { "uv": [ 14.48, 0.4799995, 15.52, 1.52 ], "texture": "#mesh_palette", "cullface": "down" },
				"up": { "uv": [ 14.48, 0.4799995, 15.52, 1.52 ], "texture": "#mesh_palette" },
				"north": { "uv": [ 14.48, 0.4799995, 15.52, 1.52 ], "texture": "#mesh_palette" },
				"south": { "uv": [ 14.48, 0.4799995, 15.52, 1.52 ], "texture": "#mesh_palette" }
			}
		},
		{
			"__comment": "Voxels-835C3A",
			"from": [ 6.5, 0, 11 ],
			"to": [ 7, 0.5, 11.5 ],
			"faces": {
				"down": { "uv": [ 14.48, 0.4799995, 15.52, 1.52 ], "texture": "#mesh_palette", "cullface": "down" }
			}
		},
		{
			"__comment": "Voxels-8C633E",
			"from": [ 6.5, 0, 11.5 ],
			"to": [ 7, 0.5, 12 ],
			"faces": {
				"down": { "uv": [ 6.48, 0.4799995, 7.52, 1.52 ], "texture": "#mesh_palette", "cullface": "down" }
			}
		},
		{
			"__comment": "Voxels-8C633E",
			"from": [ 6.5, 0, 12.5 ],
			"to": [ 7, 0.5, 13 ],
			"faces": {
				"down": { "uv": [ 6.48, 0.4799995, 7.52, 1.52 ], "texture": "#mesh_palette", "cullface": "down" }
			}
		},
		{
			"__comment": "Voxels-996D44",
			"from": [ 6.5, 0, 13 ],
			"to": [ 7, 0.5, 13.5 ],
			"faces": {
				"down": { "uv": [ 0.48, 2.48, 1.52, 3.52 ], "texture": "#mesh_palette", "cullface": "down" },
				"up": { "uv": [ 0.48, 2.48, 1.52, 3.52 ], "texture": "#mesh_palette" },
				"east": { "uv": [ 0.48, 2.48, 1.52, 3.52 ], "texture": "#mesh_palette" }
			}
		},
		{
			"__comment": "Voxels-B5AA9F",
			"from": [ 6.5, 0, 13.5 ],
			"to": [ 7, 0.5, 14 ],
			"faces": {
				"down": { "uv": [ 2.48, 4.48, 3.52, 5.52 ], "texture": "#mesh_palette", "cullface": "down" },
				"up": { "uv": [ 2.48, 4.48, 3.52, 5.52 ], "texture": "#mesh_palette" },
				"east": { "uv": [ 2.48, 4.48, 3.52, 5.52 ], "texture": "#mesh_palette" }
			}
		},
		{
			"__comment": "Voxels-906640",
			"from": [ 6.5, 0, 14 ],
			"to": [ 7, 0.5, 14.5 ],
			"faces": {
				"down": { "uv": [ 4.48, 4.48, 5.52, 5.52 ], "texture": "#mesh_palette", "cullface": "down" },
				"up": { "uv": [ 4.48, 4.48, 5.52, 5.52 ], "texture": "#mesh_palette" },
				"south": { "uv": [ 4.48, 4.48, 5.52, 5.52 ], "texture": "#mesh_palette" },
				"east": { "uv": [ 4.48, 4.48, 5.52, 5.52 ], "texture": "#mesh_palette" }
			}
		},
		{
			"__comment": "Voxels-BD8753",
			"from": [ 6.5, 0.5, 2.5 ],
			"to": [ 7.5, 1, 3 ],
			"faces": {
				"down": { "uv": [ 12.48, 0.4799995, 13.52, 1.52 ], "texture": "#mesh_palette" },
				"up": { "uv": [ 12.48, 0.4799995, 13.52, 1.52 ], "texture": "#mesh_palette" },
				"north": { "uv": [ 12.48, 0.4799995, 13.52, 1.52 ], "texture": "#mesh_palette" },
				"south": { "uv": [ 12.48, 0.4799995, 13.52, 1.52 ], "texture": "#mesh_palette" },
				"west": { "uv": [ 12.48, 0.4799995, 13.52, 1.52 ], "texture": "#mesh_palette" }
			}
		},
		{
			"__comment": "Voxels-614D39",
			"from": [ 6.5, 0.5, 3.5 ],
			"to": [ 7, 1, 4 ],
			"faces": {
				"up": { "uv": [ 2.48, 2.48, 3.52, 3.52 ], "texture": "#mesh_palette" }
			}
		},
		{
			"__comment": "Voxels-544230",
			"from": [ 6.5, 0.5, 4 ],
			"to": [ 7, 1, 4.5 ],
			"faces": {
				"up": { "uv": [ 4.48, 2.48, 5.52, 3.52 ], "texture": "#mesh_palette" }
			}
		},
		{
			"__comment": "Voxels-BD8753",
			"from": [ 6.5, 0.5, 4.5 ],
			"to": [ 7, 1, 5 ],
			"faces": {
				"up": { "uv": [ 12.48, 0.4799995, 13.52, 1.52 ], "texture": "#mesh_palette" }
			}
		},
		{
			"__comment": "Voxels-996D44",
			"from": [ 6.5, 0.5, 5 ],
			"to": [ 7, 1, 5.5 ],
			"faces": {
				"up": { "uv": [ 0.48, 2.48, 1.52, 3.52 ], "texture": "#mesh_palette" },
				"south": { "uv": [ 0.48, 2.48, 1.52, 3.52 ], "texture": "#mesh_palette" },
				"west": { "uv": [ 0.48, 2.48, 1.52, 3.52 ], "texture": "#mesh_palette" }
			}
		},
		{
			"__comment": "Voxels-BD8753",
			"from": [ 6.5, 0.5, 6 ],
			"to": [ 8, 1, 6.5 ],
			"faces": {
				"down": { "uv": [ 12.48, 0.4799995, 13.52, 1.52 ], "texture": "#mesh_palette" },
				"up": { "uv": [ 12.48, 0.4799995, 13.52, 1.52 ], "texture": "#mesh_palette" },
				"north": { "uv": [ 12.48, 0.4799995, 13.52, 1.52 ], "texture": "#mesh_palette" },
				"south": { "uv": [ 12.48, 0.4799995, 13.52, 1.52 ], "texture": "#mesh_palette" },
				"west": { "uv": [ 12.48, 0.4799995, 13.52, 1.52 ], "texture": "#mesh_palette" }
			}
		},
		{
			"__comment": "Voxels-BD8753",
			"from": [ 6.5, 0.5, 6.5 ],
			"to": [ 7, 1, 7 ],
			"faces": {
				"up": { "uv": [ 12.48, 0.4799995, 13.52, 1.52 ], "texture": "#mesh_palette" }
			}
		},
		{
			"__comment": "Voxels-B27F4F",
			"from": [ 6.5, 0.5, 7 ],
			"to": [ 7, 1, 7.5 ],
			"faces": {
				"up": { "uv": [ 2.48, 0.4799995, 3.52, 1.52 ], "texture": "#mesh_palette" }
			}
		},
		{
			"__comment": "Voxels-BD8753",
			"from": [ 6.5, 0.5, 7.5 ],
			"to": [ 7, 1, 8 ],
			"faces": {
				"up": { "uv": [ 12.48, 0.4799995, 13.52, 1.52 ], "texture": "#mesh_palette" }
			}
		},
		{
			"__comment": "Voxels-B27F4F",
			"from": [ 6.5, 0.5, 8 ],
			"to": [ 7, 1, 8.5 ],
			"faces": {
				"up": { "uv": [ 2.48, 0.4799995, 3.52, 1.52 ], "texture": "#mesh_palette" }
			}
		},
		{
			"__comment": "Voxels-BD8753",
			"from": [ 6.5, 0.5, 8.5 ],
			"to": [ 7.5, 1, 9 ],
			"faces": {
				"down": { "uv": [ 12.48, 0.4799995, 13.52, 1.52 ], "texture": "#mesh_palette" },
				"up": { "uv": [ 12.48, 0.4799995, 13.52, 1.52 ], "texture": "#mesh_palette" },
				"north": { "uv": [ 12.48, 0.4799995, 13.52, 1.52 ], "texture": "#mesh_palette" },
				"south": { "uv": [ 12.48, 0.4799995, 13.52, 1.52 ], "texture": "#mesh_palette" }
			}
		},
		{
			"__comment": "Voxels-B27F4F",
			"from": [ 6.5, 0.5, 9 ],
			"to": [ 7, 1, 9.5 ],
			"faces": {
				"up": { "uv": [ 2.48, 0.4799995, 3.52, 1.52 ], "texture": "#mesh_palette" },
				"west": { "uv": [ 2.48, 0.4799995, 3.52, 1.52 ], "texture": "#mesh_palette" }
			}
		},
		{
			"__comment": "Voxels-BD8753",
			"from": [ 6.5, 0.5, 9.5 ],
			"to": [ 7.5, 1, 10 ],
			"faces": {
				"down": { "uv": [ 12.48, 0.4799995, 13.52, 1.52 ], "texture": "#mesh_palette" },
				"up": { "uv": [ 12.48, 0.4799995, 13.52, 1.52 ], "texture": "#mesh_palette" },
				"north": { "uv": [ 12.48, 0.4799995, 13.52, 1.52 ], "texture": "#mesh_palette" },
				"south": { "uv": [ 12.48, 0.4799995, 13.52, 1.52 ], "texture": "#mesh_palette" },
				"west": { "uv": [ 12.48, 0.4799995, 13.52, 1.52 ], "texture": "#mesh_palette" }
			}
		},
		{
			"__comment": "Voxels-B27F4F",
			"from": [ 6.5, 0.5, 10 ],
			"to": [ 7, 1, 10.5 ],
			"faces": {
				"up": { "uv": [ 2.48, 0.4799995, 3.52, 1.52 ], "texture": "#mesh_palette" },
				"west": { "uv": [ 2.48, 0.4799995, 3.52, 1.52 ], "texture": "#mesh_palette" }
			}
		},
		{
			"__comment": "Voxels-BD8753",
			"from": [ 6.5, 0.5, 10.5 ],
			"to": [ 7, 1, 11.5 ],
			"faces": {
				"down": { "uv": [ 12.48, 0.4799995, 13.52, 1.52 ], "texture": "#mesh_palette" },
				"up": { "uv": [ 12.48, 0.4799995, 13.52, 1.52 ], "texture": "#mesh_palette" },
				"west": { "uv": [ 12.48, 0.4799995, 13.52, 1.52 ], "texture": "#mesh_palette" }
			}
		},
		{
			"__comment": "Voxels-B27F4F",
			"from": [ 6.5, 0.5, 11.5 ],
			"to": [ 7, 1, 12 ],
			"faces": {
				"up": { "uv": [ 2.48, 0.4799995, 3.52, 1.52 ], "texture": "#mesh_palette" }
			}
		},
		{
			"__comment": "Voxels-BD8753",
			"from": [ 6.5, 0.5, 12 ],
			"to": [ 7, 1, 12.5 ],
			"faces": {
				"up": { "uv": [ 12.48, 0.4799995, 13.52, 1.52 ], "texture": "#mesh_palette" },
				"east": { "uv": [ 12.48, 0.4799995, 13.52, 1.52 ], "texture": "#mesh_palette" }
			}
		},
		{
			"__comment": "Voxels-996D44",
			"from": [ 6.5, 0.5, 12.5 ],
			"to": [ 7, 1, 13 ],
			"faces": {
				"up": { "uv": [ 0.48, 2.48, 1.52, 3.52 ], "texture": "#mesh_palette" },
				"south": { "uv": [ 0.48, 2.48, 1.52, 3.52 ], "texture": "#mesh_palette" },
				"east": { "uv": [ 0.48, 2.48, 1.52, 3.52 ], "texture": "#mesh_palette" }
			}
		},
		{
			"__comment": "Voxels-B27F4F",
			"from": [ 7, 0, 2 ],
			"to": [ 7.5, 0.5, 2.5 ],
			"faces": {
				"down": { "uv": [ 2.48, 0.4799995, 3.52, 1.52 ], "texture": "#mesh_palette", "cullface": "down" },
				"up": { "uv": [ 2.48, 0.4799995, 3.52, 1.52 ], "texture": "#mesh_palette" },
				"north": { "uv": [ 2.48, 0.4799995, 3.52, 1.52 ], "texture": "#mesh_palette" },
				"west": { "uv": [ 2.48, 0.4799995, 3.52, 1.52 ], "texture": "#mesh_palette" }
			}
		},
		{
			"__comment": "Voxels-8C633E",
			"from": [ 7, 0, 2.5 ],
			"to": [ 9, 0.5, 3 ],
			"faces": {
				"down": { "uv": [ 6.48, 0.4799995, 7.52, 1.52 ], "texture": "#mesh_palette", "cullface": "down" },
				"up": { "uv": [ 6.48, 0.4799995, 7.52, 1.52 ], "texture": "#mesh_palette" },
				"north": { "uv": [ 6.48, 0.4799995, 7.52, 1.52 ], "texture": "#mesh_palette" },
				"south": { "uv": [ 6.48, 0.4799995, 7.52, 1.52 ], "texture": "#mesh_palette" }
			}
		},
		{
			"__comment": "Voxels-835C3A",
			"from": [ 7, 0, 4 ],
			"to": [ 9, 0.5, 5 ],
			"faces": {
				"down": { "uv": [ 14.48, 0.4799995, 15.52, 1.52 ], "texture": "#mesh_palette", "cullface": "down" },
				"up": { "uv": [ 14.48, 0.4799995, 15.52, 1.52 ], "texture": "#mesh_palette" },
				"north": { "uv": [ 14.48, 0.4799995, 15.52, 1.52 ], "texture": "#mesh_palette" },
				"south": { "uv": [ 14.48, 0.4799995, 15.52, 1.52 ], "texture": "#mesh_palette" }
			}
		},
		{
			"__comment": "Voxels-8C633E",
			"from": [ 7, 0, 5.5 ],
			"to": [ 8, 0.5, 6 ],
			"faces": {
				"down": { "uv": [ 6.48, 0.4799995, 7.52, 1.52 ], "texture": "#mesh_palette", "cullface": "down" },
				"north": { "uv": [ 6.48, 0.4799995, 7.52, 1.52 ], "texture": "#mesh_palette" }
			}
		},
		{
			"__comment": "Voxels-835C3A",
			"from": [ 7, 0, 6 ],
			"to": [ 8.5, 0.5, 7 ],
			"faces": {
				"down": { "uv": [ 14.48, 0.4799995, 15.52, 1.52 ], "texture": "#mesh_palette", "cullface": "down" },
				"up": { "uv": [ 14.48, 0.4799995, 15.52, 1.52 ], "texture": "#mesh_palette" },
				"north": { "uv": [ 14.48, 0.4799995, 15.52, 1.52 ], "texture": "#mesh_palette" },
				"west": { "uv": [ 14.48, 0.4799995, 15.52, 1.52 ], "texture": "#mesh_palette" },
				"east": { "uv": [ 14.48, 0.4799995, 15.52, 1.52 ], "texture": "#mesh_palette" }
			}
		},
		{
			"__comment": "Voxels-835C3A",
			"from": [ 7, 0, 8 ],
			"to": [ 9, 0.5, 9.5 ],
			"faces": {
				"down": { "uv": [ 14.48, 0.4799995, 15.52, 1.52 ], "texture": "#mesh_palette", "cullface": "down" },
				"up": { "uv": [ 14.48, 0.4799995, 15.52, 1.52 ], "texture": "#mesh_palette" },
				"south": { "uv": [ 14.48, 0.4799995, 15.52, 1.52 ], "texture": "#mesh_palette" },
				"west": { "uv": [ 14.48, 0.4799995, 15.52, 1.52 ], "texture": "#mesh_palette" },
				"east": { "uv": [ 14.48, 0.4799995, 15.52, 1.52 ], "texture": "#mesh_palette" }
			}
		},
		{
			"__comment": "Voxels-8C633E",
			"from": [ 7, 0, 9.5 ],
			"to": [ 7.5, 0.5, 10 ],
			"faces": {
				"down": { "uv": [ 6.48, 0.4799995, 7.52, 1.52 ], "texture": "#mesh_palette", "cullface": "down" }
			}
		},
		{
			"__comment": "Voxels-835C3A",
			"from": [ 7, 0, 10.5 ],
			"to": [ 8, 0.5, 11 ],
			"faces": {
				"down": { "uv": [ 14.48, 0.4799995, 15.52, 1.52 ], "texture": "#mesh_palette", "cullface": "down" },
				"up": { "uv": [ 14.48, 0.4799995, 15.52, 1.52 ], "texture": "#mesh_palette" }
			}
		},
		{
			"__comment": "Voxels-8C633E",
			"from": [ 7, 0, 11 ],
			"to": [ 8.5, 0.5, 11.5 ],
			"faces": {
				"down": { "uv": [ 6.48, 0.4799995, 7.52, 1.52 ], "texture": "#mesh_palette", "cullface": "down" },
				"up": { "uv": [ 6.48, 0.4799995, 7.52, 1.52 ], "texture": "#mesh_palette" },
				"north": { "uv": [ 6.48, 0.4799995, 7.52, 1.52 ], "texture": "#mesh_palette" },
				"south": { "uv": [ 6.48, 0.4799995, 7.52, 1.52 ], "texture": "#mesh_palette" }
			}
		},
		{
			"__comment": "Voxels-B27F4F",
			"from": [ 7, 0, 11.5 ],
			"to": [ 7.5, 0.5, 12 ],
			"faces": {
				"down": { "uv": [ 2.48, 0.4799995, 3.52, 1.52 ], "texture": "#mesh_palette", "cullface": "down" }
			}
		},
		{
			"__comment": "Voxels-996D44",
			"from": [ 7, 0, 12 ],
			"to": [ 7.5, 0.5, 13 ],
			"faces": {
				"down": { "uv": [ 0.48, 2.48, 1.52, 3.52 ], "texture": "#mesh_palette", "cullface": "down" },
				"up": { "uv": [ 0.48, 2.48, 1.52, 3.52 ], "texture": "#mesh_palette" },
				"south": { "uv": [ 0.48, 2.48, 1.52, 3.52 ], "texture": "#mesh_palette" },
				"west": { "uv": [ 0.48, 2.48, 1.52, 3.52 ], "texture": "#mesh_palette" },
				"east": { "uv": [ 0.48, 2.48, 1.52, 3.52 ], "texture": "#mesh_palette" }
			}
		},
		{
			"__comment": "Voxels-B27F4F",
			"from": [ 7, 0.5, 3 ],
			"to": [ 7.5, 1, 3.5 ],
			"faces": {
				"up": { "uv": [ 2.48, 0.4799995, 3.52, 1.52 ], "texture": "#mesh_palette" }
			}
		},
		{
			"__comment": "Voxels-544230",
			"from": [ 7, 0.5, 3.5 ],
			"to": [ 7.5, 1, 4 ],
			"faces": {
				"up": { "uv": [ 4.48, 2.48, 5.52, 3.52 ], "texture": "#mesh_palette" }
			}
		},
		{
			"__comment": "Voxels-403324",
			"from": [ 7, 0.5, 4 ],
			"to": [ 7.5, 1, 4.5 ],
			"faces": {
				"up": { "uv": [ 6.48, 2.48, 7.52, 3.52 ], "texture": "#mesh_palette" }
			}
		},
		{
			"__comment": "Voxels-A17247",
			"from": [ 7, 0.5, 4.5 ],
			"to": [ 7.5, 1, 5 ],
			"faces": {
				"up": { "uv": [ 8.48, 2.48, 9.52, 3.52 ], "texture": "#mesh_palette" }
			}
		},
		{
			"__comment": "Voxels-7D3005",
			"from": [ 7, 0.5, 5 ],
			"to": [ 7.5, 1, 5.5 ],
			"faces": {
				"up": { "uv": [ 10.48, 2.48, 11.52, 3.52 ], "texture": "#mesh_palette" }
			}
		},
		{
			"__comment": "Voxels-996D44",
			"from": [ 7, 0.5, 5.5 ],
			"to": [ 9, 1, 6 ],
			"faces": {
				"down": { "uv": [ 0.48, 2.48, 1.52, 3.52 ], "texture": "#mesh_palette" },
				"up": { "uv": [ 0.48, 2.48, 1.52, 3.52 ], "texture": "#mesh_palette" },
				"north": { "uv": [ 0.48, 2.48, 1.52, 3.52 ], "texture": "#mesh_palette" },
				"south": { "uv": [ 0.48, 2.48, 1.52, 3.52 ], "texture": "#mesh_palette" },
				"west": { "uv": [ 0.48, 2.48, 1.52, 3.52 ], "texture": "#mesh_palette" },
				"east": { "uv": [ 0.48, 2.48, 1.52, 3.52 ], "texture": "#mesh_palette" }
			}
		},
		{
			"__comment": "Voxels-B27F4F",
			"from": [ 7, 0.5, 6.5 ],
			"to": [ 7.5, 1, 7 ],
			"faces": {
				"up": { "uv": [ 2.48, 0.4799995, 3.52, 1.52 ], "texture": "#mesh_palette" }
			}
		},
		{
			"__comment": "Voxels-BD8753",
			"from": [ 7, 0.5, 7 ],
			"to": [ 7.5, 1, 7.5 ],
			"faces": {
				"up": { "uv": [ 12.48, 0.4799995, 13.52, 1.52 ], "texture": "#mesh_palette" }
			}
		},
		{
			"__comment": "Voxels-B27F4F",
			"from": [ 7, 0.5, 7.5 ],
			"to": [ 7.5, 1, 8 ],
			"faces": {
				"up": { "uv": [ 2.48, 0.4799995, 3.52, 1.52 ], "texture": "#mesh_palette" }
			}
		},
		{
			"__comment": "Voxels-BD8753",
			"from": [ 7, 0.5, 8 ],
			"to": [ 7.5, 1, 8.5 ],
			"faces": {
				"up": { "uv": [ 12.48, 0.4799995, 13.52, 1.52 ], "texture": "#mesh_palette" }
			}
		},
		{
			"__comment": "Voxels-BD8753",
			"from": [ 7, 0.5, 9 ],
			"to": [ 7.5, 1, 9.5 ],
			"faces": {
				"up": { "uv": [ 12.48, 0.4799995, 13.52, 1.52 ], "texture": "#mesh_palette" }
			}
		},
		{
			"__comment": "Voxels-BD8753",
			"from": [ 7, 0.5, 10 ],
			"to": [ 7.5, 1, 10.5 ],
			"faces": {
				"up": { "uv": [ 12.48, 0.4799995, 13.52, 1.52 ], "texture": "#mesh_palette" }
			}
		},
		{
			"__comment": "Voxels-B27F4F",
			"from": [ 7, 0.5, 10.5 ],
			"to": [ 7.5, 1, 11.5 ],
			"faces": {
				"down": { "uv": [ 2.48, 0.4799995, 3.52, 1.52 ], "texture": "#mesh_palette" },
				"up": { "uv": [ 2.48, 0.4799995, 3.52, 1.52 ], "texture": "#mesh_palette" },
				"east": { "uv": [ 2.48, 0.4799995, 3.52, 1.52 ], "texture": "#mesh_palette" }
			}
		},
		{
			"__comment": "Voxels-996D44",
			"from": [ 7, 0.5, 11.5 ],
			"to": [ 7.5, 1, 12 ],
			"faces": {
				"up": { "uv": [ 0.48, 2.48, 1.52, 3.52 ], "texture": "#mesh_palette" },
				"south": { "uv": [ 0.48, 2.48, 1.52, 3.52 ], "texture": "#mesh_palette" },
				"east": { "uv": [ 0.48, 2.48, 1.52, 3.52 ], "texture": "#mesh_palette" }
			}
		},
		{
			"__comment": "Voxels-8C633E",
			"from": [ 7.5, 0, 2 ],
			"to": [ 8.5, 0.5, 2.5 ],
			"faces": {
				"down": { "uv": [ 6.48, 0.4799995, 7.52, 1.52 ], "texture": "#mesh_palette", "cullface": "down" },
				"up": { "uv": [ 6.48, 0.4799995, 7.52, 1.52 ], "texture": "#mesh_palette" },
				"north": { "uv": [ 6.48, 0.4799995, 7.52, 1.52 ], "texture": "#mesh_palette" }
			}
		},
		{
			"__comment": "Voxels-835C3A",
			"from": [ 7.5, 0, 3 ],
			"to": [ 8.5, 0.5, 4 ],
			"faces": {
				"down": { "uv": [ 14.48, 0.4799995, 15.52, 1.52 ], "texture": "#mesh_palette", "cullface": "down" },
				"up": { "uv": [ 14.48, 0.4799995, 15.52, 1.52 ], "texture": "#mesh_palette" },
				"west": { "uv": [ 14.48, 0.4799995, 15.52, 1.52 ], "texture": "#mesh_palette" },
				"east": { "uv": [ 14.48, 0.4799995, 15.52, 1.52 ], "texture": "#mesh_palette" }
			}
		},
		{
			"__comment": "Voxels-835C3A",
			"from": [ 7.5, 0, 5 ],
			"to": [ 8.5, 0.5, 5.5 ],
			"faces": {
				"down": { "uv": [ 14.48, 0.4799995, 15.52, 1.52 ], "texture": "#mesh_palette", "cullface": "down" },
				"south": { "uv": [ 14.48, 0.4799995, 15.52, 1.52 ], "texture": "#mesh_palette" }
			}
		},
		{
			"__comment": "Voxels-835C3A",
			"from": [ 7.5, 0, 9.5 ],
			"to": [ 9, 0.5, 10 ],
			"faces": {
				"down": { "uv": [ 14.48, 0.4799995, 15.52, 1.52 ], "texture": "#mesh_palette", "cullface": "down" },
				"up": { "uv": [ 14.48, 0.4799995, 15.52, 1.52 ], "texture": "#mesh_palette" }
			}
		},
		{
			"__comment": "Voxels-996D44",
			"from": [ 7.5, 0, 11.5 ],
			"to": [ 8.5, 0.5, 12 ],
			"faces": {
				"down": { "uv": [ 0.48, 2.48, 1.52, 3.52 ], "texture": "#mesh_palette", "cullface": "down" },
				"up": { "uv": [ 0.48, 2.48, 1.52, 3.52 ], "texture": "#mesh_palette" },
				"south": { "uv": [ 0.48, 2.48, 1.52, 3.52 ], "texture": "#mesh_palette" }
			}
		},
		{
			"__comment": "Voxels-BD8753",
			"from": [ 7.5, 0.5, 2 ],
			"to": [ 8, 1, 2.5 ],
			"faces": {
				"up": { "uv": [ 12.48, 0.4799995, 13.52, 1.52 ], "texture": "#mesh_palette" },
				"north": { "uv": [ 12.48, 0.4799995, 13.52, 1.52 ], "texture": "#mesh_palette" },
				"west": { "uv": [ 12.48, 0.4799995, 13.52, 1.52 ], "texture": "#mesh_palette" }
			}
		},
		{
			"__comment": "Voxels-B27F4F",
			"from": [ 7.5, 0.5, 2.5 ],
			"to": [ 8, 1, 3 ],
			"faces": {
				"up": { "uv": [ 2.48, 0.4799995, 3.52, 1.52 ], "texture": "#mesh_palette" }
			}
		},
		{
			"__comment": "Voxels-BD8753",
			"from": [ 7.5, 0.5, 3 ],
			"to": [ 8, 1, 3.5 ],
			"faces": {
				"up": { "uv": [ 12.48, 0.4799995, 13.52, 1.52 ], "texture": "#mesh_palette" }
			}
		},
		{
			"__comment": "Voxels-B27F4F",
			"from": [ 7.5, 0.5, 3.5 ],
			"to": [ 8, 1, 4 ],
			"faces": {
				"up": { "uv": [ 2.48, 0.4799995, 3.52, 1.52 ], "texture": "#mesh_palette" }
			}
		},
		{
			"__comment": "Voxels-A17247",
			"from": [ 7.5, 0.5, 4 ],
			"to": [ 8, 1, 4.5 ],
			"faces": {
				"up": { "uv": [ 8.48, 2.48, 9.52, 3.52 ], "texture": "#mesh_palette" }
			}
		},
		{
			"__comment": "Voxels-B27F4F",
			"from": [ 7.5, 0.5, 4.5 ],
			"to": [ 8, 1, 5 ],
			"faces": {
				"up": { "uv": [ 2.48, 0.4799995, 3.52, 1.52 ], "texture": "#mesh_palette" }
			}
		},
		{
			"__comment": "Voxels-602504",
			"from": [ 7.5, 0.5, 5 ],
			"to": [ 8.5, 1, 5.5 ],
			"faces": {
				"up": { "uv": [ 12.48, 2.48, 13.52, 3.52 ], "texture": "#mesh_palette" },
				"north": { "uv": [ 12.48, 2.48, 13.52, 3.52 ], "texture": "#mesh_palette" }
			}
		},
		{
			"__comment": "Voxels-2B6B31",
			"from": [ 7.5, 0.5, 6.5 ],
			"to": [ 8, 1, 7 ],
			"faces": {
				"up": { "uv": [ 14.48, 2.48, 15.52, 3.52 ], "texture": "#mesh_palette" }
			}
		},
		{
			"__comment": "Voxels-215126",
			"from": [ 7.5, 0.5, 7 ],
			"to": [ 8.5, 1, 7.5 ],
			"faces": {
				"up": { "uv": [ 0.48, 4.48, 1.52, 5.52 ], "texture": "#mesh_palette" },
				"north": { "uv": [ 0.48, 4.48, 1.52, 5.52 ], "texture": "#mesh_palette" }
			}
		},
		{
			"__comment": "Voxels-996D44",
			"from": [ 7.5, 0.5, 7.5 ],
			"to": [ 8.5, 1, 8 ],
			"faces": {
				"up": { "uv": [ 0.48, 2.48, 1.52, 3.52 ], "texture": "#mesh_palette" },
				"south": { "uv": [ 0.48, 2.48, 1.52, 3.52 ], "texture": "#mesh_palette" }
			}
		},
		{
			"__comment": "Voxels-2B6B31",
			"from": [ 7.5, 0.5, 8 ],
			"to": [ 8, 1, 8.5 ],
			"faces": {
				"up": { "uv": [ 14.48, 2.48, 15.52, 3.52 ], "texture": "#mesh_palette" }
			}
		},
		{
			"__comment": "Voxels-215126",
			"from": [ 7.5, 0.5, 8.5 ],
			"to": [ 8.5, 1, 9 ],
			"faces": {
				"up": { "uv": [ 0.48, 4.48, 1.52, 5.52 ], "texture": "#mesh_palette" },
				"north": { "uv": [ 0.48, 4.48, 1.52, 5.52 ], "texture": "#mesh_palette" }
			}
		},
		{
			"__comment": "Voxels-996D44",
			"from": [ 7.5, 0.5, 9 ],
			"to": [ 8.5, 1, 9.5 ],
			"faces": {
				"up": { "uv": [ 0.48, 2.48, 1.52, 3.52 ], "texture": "#mesh_palette" },
				"south": { "uv": [ 0.48, 2.48, 1.52, 3.52 ], "texture": "#mesh_palette" }
			}
		},
		{
			"__comment": "Voxels-2B6B31",
			"from": [ 7.5, 0.5, 9.5 ],
			"to": [ 8, 1, 10 ],
			"faces": {
				"up": { "uv": [ 14.48, 2.48, 15.52, 3.52 ], "texture": "#mesh_palette" }
			}
		},
		{
			"__comment": "Voxels-215126",
			"from": [ 7.5, 0.5, 10 ],
			"to": [ 8.5, 1, 10.5 ],
			"faces": {
				"up": { "uv": [ 0.48, 4.48, 1.52, 5.52 ], "texture": "#mesh_palette" },
				"north": { "uv": [ 0.48, 4.48, 1.52, 5.52 ], "texture": "#mesh_palette" }
			}
		},
		{
			"__comment": "Voxels-996D44",
			"from": [ 7.5, 0.5, 10.5 ],
			"to": [ 8.5, 1, 11 ],
			"faces": {
				"down": { "uv": [ 0.48, 2.48, 1.52, 3.52 ], "texture": "#mesh_palette" },
				"up": { "uv": [ 0.48, 2.48, 1.52, 3.52 ], "texture": "#mesh_palette" }
			}
		},
		{
			"__comment": "Voxels-B27F4F",
			"from": [ 7.5, 0.5, 11 ],
			"to": [ 8.5, 1, 11.5 ],
			"faces": {
				"up": { "uv": [ 2.48, 0.4799995, 3.52, 1.52 ], "texture": "#mesh_palette" },
				"south": { "uv": [ 2.48, 0.4799995, 3.52, 1.52 ], "texture": "#mesh_palette" }
			}
		},
		{
			"__comment": "Voxels-835C3A",
			"from": [ 8, 0, 5.5 ],
			"to": [ 8.5, 0.5, 6 ],
			"faces": {
				"down": { "uv": [ 14.48, 0.4799995, 15.52, 1.52 ], "texture": "#mesh_palette", "cullface": "down" }
			}
		},
		{
			"__comment": "Voxels-8C633E",
			"from": [ 8, 0, 10.5 ],
			"to": [ 8.5, 0.5, 11 ],
			"faces": {
				"down": { "uv": [ 6.48, 0.4799995, 7.52, 1.52 ], "texture": "#mesh_palette", "cullface": "down" }
			}
		},
		{
			"__comment": "Voxels-B27F4F",
			"from": [ 8, 0.5, 2 ],
			"to": [ 8.5, 1, 2.5 ],
			"faces": {
				"up": { "uv": [ 2.48, 0.4799995, 3.52, 1.52 ], "texture": "#mesh_palette" },
				"north": { "uv": [ 2.48, 0.4799995, 3.52, 1.52 ], "texture": "#mesh_palette" },
				"east": { "uv": [ 2.48, 0.4799995, 3.52, 1.52 ], "texture": "#mesh_palette" }
			}
		},
		{
			"__comment": "Voxels-A17247",
			"from": [ 8, 0.5, 2.5 ],
			"to": [ 8.5, 1, 3 ],
			"faces": {
				"up": { "uv": [ 8.48, 2.48, 9.52, 3.52 ], "texture": "#mesh_palette" }
			}
		},
		{
			"__comment": "Voxels-B27F4F",
			"from": [ 8, 0.5, 3 ],
			"to": [ 8.5, 1, 3.5 ],
			"faces": {
				"up": { "uv": [ 2.48, 0.4799995, 3.52, 1.52 ], "texture": "#mesh_palette" }
			}
		},
		{
			"__comment": "Voxels-A17247",
			"from": [ 8, 0.5, 3.5 ],
			"to": [ 8.5, 1, 4 ],
			"faces": {
				"up": { "uv": [ 8.48, 2.48, 9.52, 3.52 ], "texture": "#mesh_palette" }
			}
		},
		{
			"__comment": "Voxels-B27F4F",
			"from": [ 8, 0.5, 4 ],
			"to": [ 8.5, 1, 4.5 ],
			"faces": {
				"up": { "uv": [ 2.48, 0.4799995, 3.52, 1.52 ], "texture": "#mesh_palette" }
			}
		},
		{
			"__comment": "Voxels-A17247",
			"from": [ 8, 0.5, 4.5 ],
			"to": [ 8.5, 1, 5 ],
			"faces": {
				"up": { "uv": [ 8.48, 2.48, 9.52, 3.52 ], "texture": "#mesh_palette" }
			}
		},
		{
			"__comment": "Voxels-A17247",
			"from": [ 8, 0.5, 6 ],
			"to": [ 8.5, 1, 6.5 ],
			"faces": {
				"up": { "uv": [ 8.48, 2.48, 9.52, 3.52 ], "texture": "#mesh_palette" }
			}
		},
		{
			"__comment": "Voxels-2A6330",
			"from": [ 8, 0.5, 6.5 ],
			"to": [ 8.5, 1, 7 ],
			"faces": {
				"up": { "uv": [ 6.48, 4.48, 7.52, 5.52 ], "texture": "#mesh_palette" }
			}
		},
		{
			"__comment": "Voxels-2A6330",
			"from": [ 8, 0.5, 8 ],
			"to": [ 8.5, 1, 8.5 ],
			"faces": {
				"up": { "uv": [ 6.48, 4.48, 7.52, 5.52 ], "texture": "#mesh_palette" }
			}
		},
		{
			"__comment": "Voxels-2A6330",
			"from": [ 8, 0.5, 9.5 ],
			"to": [ 8.5, 1, 10 ],
			"faces": {
				"up": { "uv": [ 6.48, 4.48, 7.52, 5.52 ], "texture": "#mesh_palette" }
			}
		},
		{
			"__comment": "Voxels-B27F4F",
			"from": [ 8.5, 0, 2 ],
			"to": [ 9, 0.5, 2.5 ],
			"faces": {
				"down": { "uv": [ 2.48, 0.4799995, 3.52, 1.52 ], "texture": "#mesh_palette", "cullface": "down" },
				"up": { "uv": [ 2.48, 0.4799995, 3.52, 1.52 ], "texture": "#mesh_palette" },
				"north": { "uv": [ 2.48, 0.4799995, 3.52, 1.52 ], "texture": "#mesh_palette" },
				"east": { "uv": [ 2.48, 0.4799995, 3.52, 1.52 ], "texture": "#mesh_palette" }
			}
		},
		{
			"__comment": "Voxels-8C633E",
			"from": [ 8.5, 0, 3 ],
			"to": [ 9.5, 0.5, 3.5 ],
			"faces": {
				"down": { "uv": [ 6.48, 0.4799995, 7.52, 1.52 ], "texture": "#mesh_palette", "cullface": "down" },
				"up": { "uv": [ 6.48, 0.4799995, 7.52, 1.52 ], "texture": "#mesh_palette" },
				"north": { "uv": [ 6.48, 0.4799995, 7.52, 1.52 ], "texture": "#mesh_palette" },
				"south": { "uv": [ 6.48, 0.4799995, 7.52, 1.52 ], "texture": "#mesh_palette" }
			}
		},
		{
			"__comment": "Voxels-835C3A",
			"from": [ 8.5, 0, 3.5 ],
			"to": [ 9, 0.5, 4 ],
			"faces": {
				"down": { "uv": [ 14.48, 0.4799995, 15.52, 1.52 ], "texture": "#mesh_palette", "cullface": "down" }
			}
		},
		{
			"__comment": "Voxels-8C633E",
			"from": [ 8.5, 0, 5 ],
			"to": [ 9.5, 0.5, 5.5 ],
			"faces": {
				"down": { "uv": [ 6.48, 0.4799995, 7.52, 1.52 ], "texture": "#mesh_palette", "cullface": "down" },
				"up": { "uv": [ 6.48, 0.4799995, 7.52, 1.52 ], "texture": "#mesh_palette" },
				"north": { "uv": [ 6.48, 0.4799995, 7.52, 1.52 ], "texture": "#mesh_palette" },
				"south": { "uv": [ 6.48, 0.4799995, 7.52, 1.52 ], "texture": "#mesh_palette" }
			}
		},
		{
			"__comment": "Voxels-8C633E",
			"from": [ 8.5, 0, 5.5 ],
			"to": [ 9, 0.5, 6.5 ],
			"faces": {
				"down": { "uv": [ 6.48, 0.4799995, 7.52, 1.52 ], "texture": "#mesh_palette", "cullface": "down" },
				"up": { "uv": [ 6.48, 0.4799995, 7.52, 1.52 ], "texture": "#mesh_palette" },
				"west": { "uv": [ 6.48, 0.4799995, 7.52, 1.52 ], "texture": "#mesh_palette" },
				"east": { "uv": [ 6.48, 0.4799995, 7.52, 1.52 ], "texture": "#mesh_palette" }
			}
		},
		{
			"__comment": "Voxels-835C3A",
			"from": [ 8.5, 0, 6.5 ],
			"to": [ 9, 0.5, 7 ],
			"faces": {
				"down": { "uv": [ 14.48, 0.4799995, 15.52, 1.52 ], "texture": "#mesh_palette", "cullface": "down" }
			}
		},
		{
			"__comment": "Voxels-835C3A",
			"from": [ 8.5, 0, 10.5 ],
			"to": [ 9, 0.5, 11.5 ],
			"faces": {
				"down": { "uv": [ 14.48, 0.4799995, 15.52, 1.52 ], "texture": "#mesh_palette", "cullface": "down" },
				"up": { "uv": [ 14.48, 0.4799995, 15.52, 1.52 ], "texture": "#mesh_palette" },
				"west": { "uv": [ 14.48, 0.4799995, 15.52, 1.52 ], "texture": "#mesh_palette" },
				"east": { "uv": [ 14.48, 0.4799995, 15.52, 1.52 ], "texture": "#mesh_palette" }
			}
		},
		{
			"__comment": "Voxels-8C633E",
			"from": [ 8.5, 0, 11.5 ],
			"to": [ 9, 0.5, 12 ],
			"faces": {
				"down": { "uv": [ 6.48, 0.4799995, 7.52, 1.52 ], "texture": "#mesh_palette", "cullface": "down" }
			}
		},
		{
			"__comment": "Voxels-B27F4F",
			"from": [ 8.5, 0, 12 ],
			"to": [ 9, 0.5, 13 ],
			"faces": {
				"down": { "uv": [ 2.48, 0.4799995, 3.52, 1.52 ], "texture": "#mesh_palette", "cullface": "down" },
				"up": { "uv": [ 2.48, 0.4799995, 3.52, 1.52 ], "texture": "#mesh_palette" },
				"south": { "uv": [ 2.48, 0.4799995, 3.52, 1.52 ], "texture": "#mesh_palette" },
				"west": { "uv": [ 2.48, 0.4799995, 3.52, 1.52 ], "texture": "#mesh_palette" }
			}
		},
		{
			"__comment": "Voxels-B27F4F",
			"from": [ 8.5, 0.5, 2.5 ],
			"to": [ 9.5, 1, 3 ],
			"faces": {
				"down": { "uv": [ 2.48, 0.4799995, 3.52, 1.52 ], "texture": "#mesh_palette" },
				"up": { "uv": [ 2.48, 0.4799995, 3.52, 1.52 ], "texture": "#mesh_palette" },
				"north": { "uv": [ 2.48, 0.4799995, 3.52, 1.52 ], "texture": "#mesh_palette" },
				"south": { "uv": [ 2.48, 0.4799995, 3.52, 1.52 ], "texture": "#mesh_palette" },
				"east": { "uv": [ 2.48, 0.4799995, 3.52, 1.52 ], "texture": "#mesh_palette" }
			}
		},
		{
			"__comment": "Voxels-A17247",
			"from": [ 8.5, 0.5, 3 ],
			"to": [ 9, 1, 3.5 ],
			"faces": {
				"up": { "uv": [ 8.48, 2.48, 9.52, 3.52 ], "texture": "#mesh_palette" }
			}
		},
		{
			"__comment": "Voxels-614D39",
			"from": [ 8.5, 0.5, 3.5 ],
			"to": [ 9, 1, 4 ],
			"faces": {
				"up": { "uv": [ 2.48, 2.48, 3.52, 3.52 ], "texture": "#mesh_palette" }
			}
		},
		{
			"__comment": "Voxels-403324",
			"from": [ 8.5, 0.5, 4 ],
			"to": [ 9, 1, 4.5 ],
			"faces": {
				"up": { "uv": [ 6.48, 2.48, 7.52, 3.52 ], "texture": "#mesh_palette" }
			}
		},
		{
			"__comment": "Voxels-B27F4F",
			"from": [ 8.5, 0.5, 4.5 ],
			"to": [ 9.5, 1, 5 ],
			"faces": {
				"down": { "uv": [ 2.48, 0.4799995, 3.52, 1.52 ], "texture": "#mesh_palette" },
				"up": { "uv": [ 2.48, 0.4799995, 3.52, 1.52 ], "texture": "#mesh_palette" },
				"north": { "uv": [ 2.48, 0.4799995, 3.52, 1.52 ], "texture": "#mesh_palette" },
				"south": { "uv": [ 2.48, 0.4799995, 3.52, 1.52 ], "texture": "#mesh_palette" }
			}
		},
		{
			"__comment": "Voxels-7D3005",
			"from": [ 8.5, 0.5, 5 ],
			"to": [ 9, 1, 5.5 ],
			"faces": {
				"up": { "uv": [ 10.48, 2.48, 11.52, 3.52 ], "texture": "#mesh_palette" }
			}
		},
		{
			"__comment": "Voxels-B27F4F",
			"from": [ 8.5, 0.5, 6 ],
			"to": [ 9, 1, 6.5 ],
			"faces": {
				"up": { "uv": [ 2.48, 0.4799995, 3.52, 1.52 ], "texture": "#mesh_palette" }
			}
		},
		{
			"__comment": "Voxels-996D44",
			"from": [ 8.5, 0.5, 6.5 ],
			"to": [ 9, 1, 7.5 ],
			"faces": {
				"down": { "uv": [ 0.48, 2.48, 1.52, 3.52 ], "texture": "#mesh_palette" },
				"up": { "uv": [ 0.48, 2.48, 1.52, 3.52 ], "texture": "#mesh_palette" },
				"west": { "uv": [ 0.48, 2.48, 1.52, 3.52 ], "texture": "#mesh_palette" },
				"east": { "uv": [ 0.48, 2.48, 1.52, 3.52 ], "texture": "#mesh_palette" }
			}
		},
		{
			"__comment": "Voxels-B27F4F",
			"from": [ 8.5, 0.5, 7.5 ],
			"to": [ 9, 1, 8 ],
			"faces": {
				"up": { "uv": [ 2.48, 0.4799995, 3.52, 1.52 ], "texture": "#mesh_palette" }
			}
		},
		{
			"__comment": "Voxels-996D44",
			"from": [ 8.5, 0.5, 8 ],
			"to": [ 9, 1, 9 ],
			"faces": {
				"up": { "uv": [ 0.48, 2.48, 1.52, 3.52 ], "texture": "#mesh_palette" },
				"west": { "uv": [ 0.48, 2.48, 1.52, 3.52 ], "texture": "#mesh_palette" },
				"east": { "uv": [ 0.48, 2.48, 1.52, 3.52 ], "texture": "#mesh_palette" }
			}
		},
		{
			"__comment": "Voxels-B27F4F",
			"from": [ 8.5, 0.5, 9 ],
			"to": [ 9, 1, 9.5 ],
			"faces": {
				"up": { "uv": [ 2.48, 0.4799995, 3.52, 1.52 ], "texture": "#mesh_palette" }
			}
		},
		{
			"__comment": "Voxels-996D44",
			"from": [ 8.5, 0.5, 9.5 ],
			"to": [ 9.5, 1, 10 ],
			"faces": {
				"down": { "uv": [ 0.48, 2.48, 1.52, 3.52 ], "texture": "#mesh_palette" },
				"up": { "uv": [ 0.48, 2.48, 1.52, 3.52 ], "texture": "#mesh_palette" },
				"north": { "uv": [ 0.48, 2.48, 1.52, 3.52 ], "texture": "#mesh_palette" },
				"south": { "uv": [ 0.48, 2.48, 1.52, 3.52 ], "texture": "#mesh_palette" },
				"east": { "uv": [ 0.48, 2.48, 1.52, 3.52 ], "texture": "#mesh_palette" }
			}
		},
		{
			"__comment": "Voxels-996D44",
			"from": [ 8.5, 0.5, 10 ],
			"to": [ 9, 1, 10.5 ],
			"faces": {
				"up": { "uv": [ 0.48, 2.48, 1.52, 3.52 ], "texture": "#mesh_palette" }
			}
		},
		{
			"__comment": "Voxels-B27F4F",
			"from": [ 8.5, 0.5, 10.5 ],
			"to": [ 9.5, 1, 11 ],
			"faces": {
				"down": { "uv": [ 2.48, 0.4799995, 3.52, 1.52 ], "texture": "#mesh_palette" },
				"up": { "uv": [ 2.48, 0.4799995, 3.52, 1.52 ], "texture": "#mesh_palette" },
				"north": { "uv": [ 2.48, 0.4799995, 3.52, 1.52 ], "texture": "#mesh_palette" },
				"south": { "uv": [ 2.48, 0.4799995, 3.52, 1.52 ], "texture": "#mesh_palette" }
			}
		},
		{
			"__comment": "Voxels-BD8753",
			"from": [ 8.5, 0.5, 11 ],
			"to": [ 9, 1, 12 ],
			"faces": {
				"down": { "uv": [ 12.48, 0.4799995, 13.52, 1.52 ], "texture": "#mesh_palette" },
				"up": { "uv": [ 12.48, 0.4799995, 13.52, 1.52 ], "texture": "#mesh_palette" },
				"south": { "uv": [ 12.48, 0.4799995, 13.52, 1.52 ], "texture": "#mesh_palette" },
				"west": { "uv": [ 12.48, 0.4799995, 13.52, 1.52 ], "texture": "#mesh_palette" }
			}
		},
		{
			"__comment": "Voxels-996D44",
			"from": [ 9, 0, 2.5 ],
			"to": [ 10, 0.5, 3 ],
			"faces": {
				"down": { "uv": [ 0.48, 2.48, 1.52, 3.52 ], "texture": "#mesh_palette", "cullface": "down" },
				"up": { "uv": [ 0.48, 2.48, 1.52, 3.52 ], "texture": "#mesh_palette" },
				"north": { "uv": [ 0.48, 2.48, 1.52, 3.52 ], "texture": "#mesh_palette" },
				"south": { "uv": [ 0.48, 2.48, 1.52, 3.52 ], "texture": "#mesh_palette" },
				"east": { "uv": [ 0.48, 2.48, 1.52, 3.52 ], "texture": "#mesh_palette" }
			}
		},
		{
			"__comment": "Voxels-8C633E",
			"from": [ 9, 0, 3.5 ],
			"to": [ 10, 0.5, 5 ],
			"faces": {
				"down": { "uv": [ 6.48, 0.4799995, 7.52, 1.52 ], "texture": "#mesh_palette", "cullface": "down" },
				"up": { "uv": [ 6.48, 0.4799995, 7.52, 1.52 ], "texture": "#mesh_palette" },
				"north": { "uv": [ 6.48, 0.4799995, 7.52, 1.52 ], "texture": "#mesh_palette" },
				"south": { "uv": [ 6.48, 0.4799995, 7.52, 1.52 ], "texture": "#mesh_palette" },
				"west": { "uv": [ 6.48, 0.4799995, 7.52, 1.52 ], "texture": "#mesh_palette" },
				"east": { "uv": [ 6.48, 0.4799995, 7.52, 1.52 ], "texture": "#mesh_palette" }
			}
		},
		{
			"__comment": "Voxels-996D44",
			"from": [ 9, 0, 5.5 ],
			"to": [ 9.5, 0.5, 6 ],
			"faces": {
				"down": { "uv": [ 0.48, 2.48, 1.52, 3.52 ], "texture": "#mesh_palette", "cullface": "down" },
				"up": { "uv": [ 0.48, 2.48, 1.52, 3.52 ], "texture": "#mesh_palette" },
				"east": { "uv": [ 0.48, 2.48, 1.52, 3.52 ], "texture": "#mesh_palette" }
			}
		},
		{
			"__comment": "Voxels-8C633E",
			"from": [ 9, 0, 6 ],
			"to": [ 9.5, 0.5, 7 ],
			"faces": {
				"down": { "uv": [ 6.48, 0.4799995, 7.52, 1.52 ], "texture": "#mesh_palette", "cullface": "down" },
				"up": { "uv": [ 6.48, 0.4799995, 7.52, 1.52 ], "texture": "#mesh_palette" },
				"west": { "uv": [ 6.48, 0.4799995, 7.52, 1.52 ], "texture": "#mesh_palette" },
				"east": { "uv": [ 6.48, 0.4799995, 7.52, 1.52 ], "texture": "#mesh_palette" }
			}
		},
		{
			"__comment": "Voxels-8C633E",
			"from": [ 9, 0, 8 ],
			"to": [ 10, 0.5, 8.5 ],
			"faces": {
				"down": { "uv": [ 6.48, 0.4799995, 7.52, 1.52 ], "texture": "#mesh_palette", "cullface": "down" },
				"up": { "uv": [ 6.48, 0.4799995, 7.52, 1.52 ], "texture": "#mesh_palette" },
				"south": { "uv": [ 6.48, 0.4799995, 7.52, 1.52 ], "texture": "#mesh_palette" }
			}
		},
		{
			"__comment": "Voxels-8C633E",
			"from": [ 9, 0, 8.5 ],
			"to": [ 9.5, 0.5, 11 ],
			"faces": {
				"down": { "uv": [ 6.48, 0.4799995, 7.52, 1.52 ], "texture": "#mesh_palette", "cullface": "down" },
				"up": { "uv": [ 6.48, 0.4799995, 7.52, 1.52 ], "texture": "#mesh_palette" },
				"west": { "uv": [ 6.48, 0.4799995, 7.52, 1.52 ], "texture": "#mesh_palette" },
				"east": { "uv": [ 6.48, 0.4799995, 7.52, 1.52 ], "texture": "#mesh_palette" }
			}
		},
		{
			"__comment": "Voxels-835C3A",
			"from": [ 9, 0, 11 ],
			"to": [ 9.5, 0.5, 12 ],
			"faces": {
				"down": { "uv": [ 14.48, 0.4799995, 15.52, 1.52 ], "texture": "#mesh_palette", "cullface": "down" },
				"west": { "uv": [ 14.48, 0.4799995, 15.52, 1.52 ], "texture": "#mesh_palette" }
			}
		},
		{
			"__comment": "Voxels-8C633E",
			"from": [ 9, 0, 12 ],
			"to": [ 10.5, 0.5, 13 ],
			"faces": {
				"down": { "uv": [ 6.48, 0.4799995, 7.52, 1.52 ], "texture": "#mesh_palette", "cullface": "down" },
				"up": { "uv": [ 6.48, 0.4799995, 7.52, 1.52 ], "texture": "#mesh_palette" },
				"north": { "uv": [ 6.48, 0.4799995, 7.52, 1.52 ], "texture": "#mesh_palette" },
				"south": { "uv": [ 6.48, 0.4799995, 7.52, 1.52 ], "texture": "#mesh_palette" }
			}
		},
		{
			"__comment": "Voxels-B27F4F",
			"from": [ 9, 0, 13 ],
			"to": [ 9.5, 0.5, 13.5 ],
			"faces": {
				"down": { "uv": [ 2.48, 0.4799995, 3.52, 1.52 ], "texture": "#mesh_palette", "cullface": "down" },
				"up": { "uv": [ 2.48, 0.4799995, 3.52, 1.52 ], "texture": "#mesh_palette" },
				"west": { "uv": [ 2.48, 0.4799995, 3.52, 1.52 ], "texture": "#mesh_palette" }
			}
		},
		{
			"__comment": "Voxels-C7BBAF",
			"from": [ 9, 0, 13.5 ],
			"to": [ 9.5, 0.5, 14 ],
			"faces": {
				"down": { "uv": [ 4.48, 0.4799995, 5.52, 1.52 ], "texture": "#mesh_palette", "cullface": "down" },
				"up": { "uv": [ 4.48, 0.4799995, 5.52, 1.52 ], "texture": "#mesh_palette" },
				"west": { "uv": [ 4.48, 0.4799995, 5.52, 1.52 ], "texture": "#mesh_palette" }
			}
		},
		{
			"__comment": "Voxels-996D44",
			"from": [ 9, 0, 14 ],
			"to": [ 9.5, 0.5, 14.5 ],
			"faces": {
				"down": { "uv": [ 0.48, 2.48, 1.52, 3.52 ], "texture": "#mesh_palette", "cullface": "down" },
				"up": { "uv": [ 0.48, 2.48, 1.52, 3.52 ], "texture": "#mesh_palette" },
				"south": { "uv": [ 0.48, 2.48, 1.52, 3.52 ], "texture": "#mesh_palette" },
				"west": { "uv": [ 0.48, 2.48, 1.52, 3.52 ], "texture": "#mesh_palette" }
			}
		},
		{
			"__comment": "Voxels-B27F4F",
			"from": [ 9, 0.5, 3 ],
			"to": [ 9.5, 1, 3.5 ],
			"faces": {
				"up": { "uv": [ 2.48, 0.4799995, 3.52, 1.52 ], "texture": "#mesh_palette" }
			}
		},
		{
			"__comment": "Voxels-544230",
			"from": [ 9, 0.5, 3.5 ],
			"to": [ 9.5, 1, 4.5 ],
			"faces": {
				"up": { "uv": [ 4.48, 2.48, 5.52, 3.52 ], "texture": "#mesh_palette" },
				"west": { "uv": [ 4.48, 2.48, 5.52, 3.52 ], "texture": "#mesh_palette" }
			}
		},
		{
			"__comment": "Voxels-996D44",
			"from": [ 9, 0.5, 5 ],
			"to": [ 9.5, 1, 5.5 ],
			"faces": {
				"up": { "uv": [ 0.48, 2.48, 1.52, 3.52 ], "texture": "#mesh_palette" },
				"south": { "uv": [ 0.48, 2.48, 1.52, 3.52 ], "texture": "#mesh_palette" },
				"east": { "uv": [ 0.48, 2.48, 1.52, 3.52 ], "texture": "#mesh_palette" }
			}
		},
		{
			"__comment": "Voxels-996D44",
			"from": [ 9, 0.5, 6 ],
			"to": [ 9.5, 1, 6.5 ],
			"faces": {
				"up": { "uv": [ 0.48, 2.48, 1.52, 3.52 ], "texture": "#mesh_palette" },
				"north": { "uv": [ 0.48, 2.48, 1.52, 3.52 ], "texture": "#mesh_palette" },
				"east": { "uv": [ 0.48, 2.48, 1.52, 3.52 ], "texture": "#mesh_palette" }
			}
		},
		{
			"__comment": "Voxels-B27F4F",
			"from": [ 9, 0.5, 6.5 ],
			"to": [ 9.5, 1, 7 ],
			"faces": {
				"up": { "uv": [ 2.48, 0.4799995, 3.52, 1.52 ], "texture": "#mesh_palette" }
			}
		},
		{
			"__comment": "Voxels-BD8753",
			"from": [ 9, 0.5, 7 ],
			"to": [ 9.5, 1, 7.5 ],
			"faces": {
				"up": { "uv": [ 12.48, 0.4799995, 13.52, 1.52 ], "texture": "#mesh_palette" }
			}
		},
		{
			"__comment": "Voxels-A17247",
			"from": [ 9, 0.5, 7.5 ],
			"to": [ 9.5, 1, 8 ],
			"faces": {
				"up": { "uv": [ 8.48, 2.48, 9.52, 3.52 ], "texture": "#mesh_palette" }
			}
		},
		{
			"__comment": "Voxels-B27F4F",
			"from": [ 9, 0.5, 8 ],
			"to": [ 9.5, 1, 8.5 ],
			"faces": {
				"up": { "uv": [ 2.48, 0.4799995, 3.52, 1.52 ], "texture": "#mesh_palette" }
			}
		},
		{
			"__comment": "Voxels-996D44",
			"from": [ 9, 0.5, 8.5 ],
			"to": [ 10, 1, 9 ],
			"faces": {
				"down": { "uv": [ 0.48, 2.48, 1.52, 3.52 ], "texture": "#mesh_palette" },
				"up": { "uv": [ 0.48, 2.48, 1.52, 3.52 ], "texture": "#mesh_palette" },
				"north": { "uv": [ 0.48, 2.48, 1.52, 3.52 ], "texture": "#mesh_palette" },
				"south": { "uv": [ 0.48, 2.48, 1.52, 3.52 ], "texture": "#mesh_palette" },
				"east": { "uv": [ 0.48, 2.48, 1.52, 3.52 ], "texture": "#mesh_palette" }
			}
		},
		{
			"__comment": "Voxels-996D44",
			"from": [ 9, 0.5, 9 ],
			"to": [ 9.5, 1, 9.5 ],
			"faces": {
				"up": { "uv": [ 0.48, 2.48, 1.52, 3.52 ], "texture": "#mesh_palette" },
				"east": { "uv": [ 0.48, 2.48, 1.52, 3.52 ], "texture": "#mesh_palette" }
			}
		},
		{
			"__comment": "Voxels-B27F4F",
			"from": [ 9, 0.5, 10 ],
			"to": [ 9.5, 1, 10.5 ],
			"faces": {
				"up": { "uv": [ 2.48, 0.4799995, 3.52, 1.52 ], "texture": "#mesh_palette" },
				"east": { "uv": [ 2.48, 0.4799995, 3.52, 1.52 ], "texture": "#mesh_palette" }
			}
		},
		{
			"__comment": "Voxels-B27F4F",
			"from": [ 9, 0.5, 11 ],
			"to": [ 10, 1, 12 ],
			"faces": {
				"down": { "uv": [ 2.48, 0.4799995, 3.52, 1.52 ], "texture": "#mesh_palette" },
				"up": { "uv": [ 2.48, 0.4799995, 3.52, 1.52 ], "texture": "#mesh_palette" },
				"north": { "uv": [ 2.48, 0.4799995, 3.52, 1.52 ], "texture": "#mesh_palette" },
				"south": { "uv": [ 2.48, 0.4799995, 3.52, 1.52 ], "texture": "#mesh_palette" },
				"east": { "uv": [ 2.48, 0.4799995, 3.52, 1.52 ], "texture": "#mesh_palette" }
			}
		},
		{
			"__comment": "Voxels-BD8753",
			"from": [ 9, 0.5, 12 ],
			"to": [ 9.5, 1, 13 ],
			"faces": {
				"up": { "uv": [ 12.48, 0.4799995, 13.52, 1.52 ], "texture": "#mesh_palette" },
				"south": { "uv": [ 12.48, 0.4799995, 13.52, 1.52 ], "texture": "#mesh_palette" },
				"west": { "uv": [ 12.48, 0.4799995, 13.52, 1.52 ], "texture": "#mesh_palette" }
			}
		},
		{
			"__comment": "Voxels-996D44",
			"from": [ 9.5, 0, 3 ],
			"to": [ 10, 1, 3.5 ],
			"faces": {
				"down": { "uv": [ 0.48, 2.48, 1.52, 3.52 ], "texture": "#mesh_palette", "cullface": "down" },
				"up": { "uv": [ 0.48, 2.48, 1.52, 3.52 ], "texture": "#mesh_palette" },
				"north": { "uv": [ 0.48, 2.48, 1.52, 3.52 ], "texture": "#mesh_palette" },
				"south": { "uv": [ 0.48, 2.48, 1.52, 3.52 ], "texture": "#mesh_palette" },
				"west": { "uv": [ 0.48, 2.48, 1.52, 3.52 ], "texture": "#mesh_palette" },
				"east": { "uv": [ 0.48, 2.48, 1.52, 3.52 ], "texture": "#mesh_palette" }
			}
		},
		{
			"__comment": "Voxels-996D44",
			"from": [ 9.5, 0, 5 ],
			"to": [ 10, 0.5, 5.5 ],
			"faces": {
				"down": { "uv": [ 0.48, 2.48, 1.52, 3.52 ], "texture": "#mesh_palette", "cullface": "down" },
				"up": { "uv": [ 0.48, 2.48, 1.52, 3.52 ], "texture": "#mesh_palette" },
				"south": { "uv": [ 0.48, 2.48, 1.52, 3.52 ], "texture": "#mesh_palette" },
				"east": { "uv": [ 0.48, 2.48, 1.52, 3.52 ], "texture": "#mesh_palette" }
			}
		},
		{
			"__comment": "Voxels-B27F4F",
			"from": [ 9.5, 0, 6 ],
			"to": [ 10, 0.5, 6.5 ],
			"faces": {
				"down": { "uv": [ 2.48, 0.4799995, 3.52, 1.52 ], "texture": "#mesh_palette", "cullface": "down" },
				"up": { "uv": [ 2.48, 0.4799995, 3.52, 1.52 ], "texture": "#mesh_palette" },
				"north": { "uv": [ 2.48, 0.4799995, 3.52, 1.52 ], "texture": "#mesh_palette" }
			}
		},
		{
			"__comment": "Voxels-8C633E",
			"from": [ 9.5, 0, 6.5 ],
			"to": [ 10.5, 0.5, 7 ],
			"faces": {
				"down": { "uv": [ 6.48, 0.4799995, 7.52, 1.52 ], "texture": "#mesh_palette", "cullface": "down" },
				"up": { "uv": [ 6.48, 0.4799995, 7.52, 1.52 ], "texture": "#mesh_palette" },
				"north": { "uv": [ 6.48, 0.4799995, 7.52, 1.52 ], "texture": "#mesh_palette" }
			}
		},
		{
			"__comment": "Voxels-996D44",
			"from": [ 9.5, 0, 8.5 ],
			"to": [ 10.5, 0.5, 9 ],
			"faces": {
				"down": { "uv": [ 0.48, 2.48, 1.52, 3.52 ], "texture": "#mesh_palette", "cullface": "down" },
				"up": { "uv": [ 0.48, 2.48, 1.52, 3.52 ], "texture": "#mesh_palette" },
				"north": { "uv": [ 0.48, 2.48, 1.52, 3.52 ], "texture": "#mesh_palette" },
				"south": { "uv": [ 0.48, 2.48, 1.52, 3.52 ], "texture": "#mesh_palette" },
				"east": { "uv": [ 0.48, 2.48, 1.52, 3.52 ], "texture": "#mesh_palette" }
			}
		},
		{
			"__comment": "Voxels-996D44",
			"from": [ 9.5, 0, 9 ],
			"to": [ 10, 0.5, 10.5 ],
			"faces": {
				"down": { "uv": [ 0.48, 2.48, 1.52, 3.52 ], "texture": "#mesh_palette", "cullface": "down" },
				"up": { "uv": [ 0.48, 2.48, 1.52, 3.52 ], "texture": "#mesh_palette" },
				"east": { "uv": [ 0.48, 2.48, 1.52, 3.52 ], "texture": "#mesh_palette" }
			}
		},
		{
			"__comment": "Voxels-8C633E",
			"from": [ 9.5, 0, 10.5 ],
			"to": [ 10, 0.5, 12 ],
			"faces": {
				"down": { "uv": [ 6.48, 0.4799995, 7.52, 1.52 ], "texture": "#mesh_palette", "cullface": "down" },
				"up": { "uv": [ 6.48, 0.4799995, 7.52, 1.52 ], "texture": "#mesh_palette" },
				"west": { "uv": [ 6.48, 0.4799995, 7.52, 1.52 ], "texture": "#mesh_palette" },
				"east": { "uv": [ 6.48, 0.4799995, 7.52, 1.52 ], "texture": "#mesh_palette" }
			}
		},
		{
			"__comment": "Voxels-8C633E",
			"from": [ 9.5, 0, 13 ],
			"to": [ 11, 0.5, 14.5 ],
			"faces": {
				"down": { "uv": [ 6.48, 0.4799995, 7.52, 1.52 ], "texture": "#mesh_palette", "cullface": "down" },
				"up": { "uv": [ 6.48, 0.4799995, 7.52, 1.52 ], "texture": "#mesh_palette" },
				"north": { "uv": [ 6.48, 0.4799995, 7.52, 1.52 ], "texture": "#mesh_palette" },
				"south": { "uv": [ 6.48, 0.4799995, 7.52, 1.52 ], "texture": "#mesh_palette" },
				"west": { "uv": [ 6.48, 0.4799995, 7.52, 1.52 ], "texture": "#mesh_palette" },
				"east": { "uv": [ 6.48, 0.4799995, 7.52, 1.52 ], "texture": "#mesh_palette" }
			}
		},
		{
			"__comment": "Voxels-B27F4F",
			"from": [ 9.5, 0, 14.5 ],
			"to": [ 10, 0.5, 15 ],
			"faces": {
				"down": { "uv": [ 2.48, 0.4799995, 3.52, 1.52 ], "texture": "#mesh_palette", "cullface": "down" },
				"up": { "uv": [ 2.48, 0.4799995, 3.52, 1.52 ], "texture": "#mesh_palette" },
				"south": { "uv": [ 2.48, 0.4799995, 3.52, 1.52 ], "texture": "#mesh_palette" },
				"west": { "uv": [ 2.48, 0.4799995, 3.52, 1.52 ], "texture": "#mesh_palette" }
			}
		},
		{
			"__comment": "Voxels-996D44",
			"from": [ 9.5, 0.5, 3.5 ],
			"to": [ 10, 1, 5 ],
			"faces": {
				"up": { "uv": [ 0.48, 2.48, 1.52, 3.52 ], "texture": "#mesh_palette" },
				"south": { "uv": [ 0.48, 2.48, 1.52, 3.52 ], "texture": "#mesh_palette" },
				"west": { "uv": [ 0.48, 2.48, 1.52, 3.52 ], "texture": "#mesh_palette" },
				"east": { "uv": [ 0.48, 2.48, 1.52, 3.52 ], "texture": "#mesh_palette" }
			}
		},
		{
			"__comment": "Voxels-BD8753",
			"from": [ 9.5, 0.5, 6.5 ],
			"to": [ 10, 1, 7 ],
			"faces": {
				"up": { "uv": [ 12.48, 0.4799995, 13.52, 1.52 ], "texture": "#mesh_palette" },
				"north": { "uv": [ 12.48, 0.4799995, 13.52, 1.52 ], "texture": "#mesh_palette" }
			}
		},
		{
			"__comment": "Voxels-A17247",
			"from": [ 9.5, 0.5, 7 ],
			"to": [ 10, 1, 7.5 ],
			"faces": {
				"up": { "uv": [ 8.48, 2.48, 9.52, 3.52 ], "texture": "#mesh_palette" }
			}
		},
		{
			"__comment": "Voxels-B27F4F",
			"from": [ 9.5, 0.5, 7.5 ],
			"to": [ 10, 1, 8 ],
			"faces": {
				"up": { "uv": [ 2.48, 0.4799995, 3.52, 1.52 ], "texture": "#mesh_palette" }
			}
		},
		{
			"__comment": "Voxels-9D7045",
			"from": [ 9.5, 0.5, 8 ],
			"to": [ 10, 1, 8.5 ],
			"faces": {
				"up": { "uv": [ 8.48, 0.4799995, 9.52, 1.52 ], "texture": "#mesh_palette" },
				"east": { "uv": [ 8.48, 0.4799995, 9.52, 1.52 ], "texture": "#mesh_palette" }
			}
		},
		{
			"__comment": "Voxels-996D44",
			"from": [ 9.5, 0.5, 10.5 ],
			"to": [ 10, 1, 11 ],
			"faces": {
				"up": { "uv": [ 0.48, 2.48, 1.52, 3.52 ], "texture": "#mesh_palette" },
				"north": { "uv": [ 0.48, 2.48, 1.52, 3.52 ], "texture": "#mesh_palette" },
				"east": { "uv": [ 0.48, 2.48, 1.52, 3.52 ], "texture": "#mesh_palette" }
			}
		},
		{
			"__comment": "Voxels-B27F4F",
			"from": [ 9.5, 0.5, 12 ],
			"to": [ 10.5, 1, 13 ],
			"faces": {
				"up": { "uv": [ 2.48, 0.4799995, 3.52, 1.52 ], "texture": "#mesh_palette" },
				"north": { "uv": [ 2.48, 0.4799995, 3.52, 1.52 ], "texture": "#mesh_palette" },
				"south": { "uv": [ 2.48, 0.4799995, 3.52, 1.52 ], "texture": "#mesh_palette" },
				"east": { "uv": [ 2.48, 0.4799995, 3.52, 1.52 ], "texture": "#mesh_palette" }
			}
		},
		{
			"__comment": "Voxels-BD8753",
			"from": [ 9.5, 0.5, 13 ],
			"to": [ 10, 1, 13.5 ],
			"faces": {
				"up": { "uv": [ 12.48, 0.4799995, 13.52, 1.52 ], "texture": "#mesh_palette" },
				"west": { "uv": [ 12.48, 0.4799995, 13.52, 1.52 ], "texture": "#mesh_palette" }
			}
		},
		{
			"__comment": "Voxels-CDC6C0",
			"from": [ 9.5, 0.5, 13.5 ],
			"to": [ 10.5, 1, 14 ],
			"faces": {
				"up": { "uv": [ 10.48, 0.4799995, 11.52, 1.52 ], "texture": "#mesh_palette" },
				"north": { "uv": [ 10.48, 0.4799995, 11.52, 1.52 ], "texture": "#mesh_palette" },
				"west": { "uv": [ 10.48, 0.4799995, 11.52, 1.52 ], "texture": "#mesh_palette" }
			}
		},
		{
			"__comment": "Voxels-906640",
			"from": [ 9.5, 0.5, 14 ],
			"to": [ 10.5, 1, 14.5 ],
			"faces": {
				"up": { "uv": [ 4.48, 4.48, 5.52, 5.52 ], "texture": "#mesh_palette" },
				"south": { "uv": [ 4.48, 4.48, 5.52, 5.52 ], "texture": "#mesh_palette" },
				"west": { "uv": [ 4.48, 4.48, 5.52, 5.52 ], "texture": "#mesh_palette" }
			}
		},
		{
			"__comment": "Voxels-996D44",
			"from": [ 10, 0, 6 ],
			"to": [ 10.5, 0.5, 6.5 ],
			"faces": {
				"down": { "uv": [ 0.48, 2.48, 1.52, 3.52 ], "texture": "#mesh_palette", "cullface": "down" },
				"up": { "uv": [ 0.48, 2.48, 1.52, 3.52 ], "texture": "#mesh_palette" },
				"north": { "uv": [ 0.48, 2.48, 1.52, 3.52 ], "texture": "#mesh_palette" },
				"east": { "uv": [ 0.48, 2.48, 1.52, 3.52 ], "texture": "#mesh_palette" }
			}
		},
		{
			"__comment": "Voxels-8C633E",
			"from": [ 10, 0, 7.5 ],
			"to": [ 10.5, 0.5, 8 ],
			"faces": {
				"down": { "uv": [ 6.48, 0.4799995, 7.52, 1.52 ], "texture": "#mesh_palette", "cullface": "down" }
			}
		},
		{
			"__comment": "Voxels-996D44",
			"from": [ 10, 0, 8 ],
			"to": [ 10.5, 0.5, 8.5 ],
			"faces": {
				"down": { "uv": [ 0.48, 2.48, 1.52, 3.52 ], "texture": "#mesh_palette", "cullface": "down" },
				"up": { "uv": [ 0.48, 2.48, 1.52, 3.52 ], "texture": "#mesh_palette" }
			}
		},
		{
			"__comment": "Voxels-996D44",
			"from": [ 10, 0, 10.5 ],
			"to": [ 10.5, 0.5, 11.5 ],
			"faces": {
				"down": { "uv": [ 0.48, 2.48, 1.52, 3.52 ], "texture": "#mesh_palette", "cullface": "down" },
				"up": { "uv": [ 0.48, 2.48, 1.52, 3.52 ], "texture": "#mesh_palette" },
				"north": { "uv": [ 0.48, 2.48, 1.52, 3.52 ], "texture": "#mesh_palette" },
				"east": { "uv": [ 0.48, 2.48, 1.52, 3.52 ], "texture": "#mesh_palette" }
			}
		},
		{
			"__comment": "Voxels-B27F4F",
			"from": [ 10, 0, 11.5 ],
			"to": [ 10.5, 0.5, 12 ],
			"faces": {
				"down": { "uv": [ 2.48, 0.4799995, 3.52, 1.52 ], "texture": "#mesh_palette", "cullface": "down" },
				"up": { "uv": [ 2.48, 0.4799995, 3.52, 1.52 ], "texture": "#mesh_palette" },
				"east": { "uv": [ 2.48, 0.4799995, 3.52, 1.52 ], "texture": "#mesh_palette" }
			}
		},
		{
			"__comment": "Voxels-8C633E",
			"from": [ 10, 0, 14.5 ],
			"to": [ 11, 0.5, 15 ],
			"faces": {
				"down": { "uv": [ 6.48, 0.4799995, 7.52, 1.52 ], "texture": "#mesh_palette", "cullface": "down" },
				"south": { "uv": [ 6.48, 0.4799995, 7.52, 1.52 ], "texture": "#mesh_palette" }
			}
		},
		{
			"__comment": "Voxels-B27F4F",
			"from": [ 10, 0.5, 6.5 ],
			"to": [ 10.5, 1, 7 ],
			"faces": {
				"up": { "uv": [ 2.48, 0.4799995, 3.52, 1.52 ], "texture": "#mesh_palette" },
				"north": { "uv": [ 2.48, 0.4799995, 3.52, 1.52 ], "texture": "#mesh_palette" },
				"east": { "uv": [ 2.48, 0.4799995, 3.52, 1.52 ], "texture": "#mesh_palette" }
			}
		},
		{
			"__comment": "Voxels-BD8753",
			"from": [ 10, 0.5, 7 ],
			"to": [ 10.5, 1, 7.5 ],
			"faces": {
				"up": { "uv": [ 12.48, 0.4799995, 13.52, 1.52 ], "texture": "#mesh_palette" }
			}
		},
		{
			"__comment": "Voxels-A17247",
			"from": [ 10, 0.5, 7.5 ],
			"to": [ 10.5, 1, 8 ],
			"faces": {
				"up": { "uv": [ 8.48, 2.48, 9.52, 3.52 ], "texture": "#mesh_palette" },
				"south": { "uv": [ 8.48, 2.48, 9.52, 3.52 ], "texture": "#mesh_palette" }
			}
		},
		{
			"__comment": "Voxels-C7BBAF",
			"from": [ 10, 0.5, 13 ],
			"to": [ 10.5, 1, 13.5 ],
			"faces": {
				"up": { "uv": [ 4.48, 0.4799995, 5.52, 1.52 ], "texture": "#mesh_palette" }
			}
		},
		{
			"__comment": "Voxels-996D44",
			"from": [ 10, 0.5, 14.5 ],
			"to": [ 11, 1, 15 ],
			"faces": {
				"up": { "uv": [ 0.48, 2.48, 1.52, 3.52 ], "texture": "#mesh_palette" },
				"north": { "uv": [ 0.48, 2.48, 1.52, 3.52 ], "texture": "#mesh_palette" },
				"south": { "uv": [ 0.48, 2.48, 1.52, 3.52 ], "texture": "#mesh_palette" },
				"west": { "uv": [ 0.48, 2.48, 1.52, 3.52 ], "texture": "#mesh_palette" },
				"east": { "uv": [ 0.48, 2.48, 1.52, 3.52 ], "texture": "#mesh_palette" }
			}
		},
		{
			"__comment": "Voxels-B27F4F",
			"from": [ 10.5, 0, 6.5 ],
			"to": [ 12, 0.5, 7 ],
			"faces": {
				"down": { "uv": [ 2.48, 0.4799995, 3.52, 1.52 ], "texture": "#mesh_palette", "cullface": "down" },
				"up": { "uv": [ 2.48, 0.4799995, 3.52, 1.52 ], "texture": "#mesh_palette" },
				"north": { "uv": [ 2.48, 0.4799995, 3.52, 1.52 ], "texture": "#mesh_palette" },
				"south": { "uv": [ 2.48, 0.4799995, 3.52, 1.52 ], "texture": "#mesh_palette" },
				"east": { "uv": [ 2.48, 0.4799995, 3.52, 1.52 ], "texture": "#mesh_palette" }
			}
		},
		{
			"__comment": "Voxels-835C3A",
			"from": [ 10.5, 0, 7.5 ],
			"to": [ 11.5, 0.5, 8 ],
			"faces": {
				"down": { "uv": [ 14.48, 0.4799995, 15.52, 1.52 ], "texture": "#mesh_palette", "cullface": "down" },
				"up": { "uv": [ 14.48, 0.4799995, 15.52, 1.52 ], "texture": "#mesh_palette" },
				"north": { "uv": [ 14.48, 0.4799995, 15.52, 1.52 ], "texture": "#mesh_palette" },
				"south": { "uv": [ 14.48, 0.4799995, 15.52, 1.52 ], "texture": "#mesh_palette" }
			}
		},
		{
			"__comment": "Voxels-B27F4F",
			"from": [ 10.5, 0, 8 ],
			"to": [ 11, 0.5, 8.5 ],
			"faces": {
				"down": { "uv": [ 2.48, 0.4799995, 3.52, 1.52 ], "texture": "#mesh_palette", "cullface": "down" },
				"south": { "uv": [ 2.48, 0.4799995, 3.52, 1.52 ], "texture": "#mesh_palette" }
			}
		},
		{
			"__comment": "Voxels-B27F4F",
			"from": [ 10.5, 0, 12 ],
			"to": [ 11, 0.5, 13 ],
			"faces": {
				"down": { "uv": [ 2.48, 0.4799995, 3.52, 1.52 ], "texture": "#mesh_palette", "cullface": "down" },
				"up": { "uv": [ 2.48, 0.4799995, 3.52, 1.52 ], "texture": "#mesh_palette" },
				"north": { "uv": [ 2.48, 0.4799995, 3.52, 1.52 ], "texture": "#mesh_palette" },
				"east": { "uv": [ 2.48, 0.4799995, 3.52, 1.52 ], "texture": "#mesh_palette" }
			}
		},
		{
			"__comment": "Voxels-A17247",
			"from": [ 10.5, 0.5, 7 ],
			"to": [ 11, 1, 7.5 ],
			"faces": {
				"up": { "uv": [ 8.48, 2.48, 9.52, 3.52 ], "texture": "#mesh_palette" },
				"north": { "uv": [ 8.48, 2.48, 9.52, 3.52 ], "texture": "#mesh_palette" }
			}
		},
		{
			"__comment": "Voxels-B27F4F",
			"from": [ 10.5, 0.5, 7.5 ],
			"to": [ 11, 1, 8 ],
			"faces": {
				"up": { "uv": [ 2.48, 0.4799995, 3.52, 1.52 ], "texture": "#mesh_palette" }
			}
		},
		{
			"__comment": "Voxels-A17247",
			"from": [ 10.5, 0.5, 8 ],
			"to": [ 11, 1, 8.5 ],
			"faces": {
				"up": { "uv": [ 8.48, 2.48, 9.52, 3.52 ], "texture": "#mesh_palette" },
				"south": { "uv": [ 8.48, 2.48, 9.52, 3.52 ], "texture": "#mesh_palette" },
				"west": { "uv": [ 8.48, 2.48, 9.52, 3.52 ], "texture": "#mesh_palette" }
			}
		},
		{
			"__comment": "Voxels-B5AA9F",
			"from": [ 10.5, 0.5, 13 ],
			"to": [ 11, 1, 13.5 ],
			"faces": {
				"up": { "uv": [ 2.48, 4.48, 3.52, 5.52 ], "texture": "#mesh_palette" },
				"north": { "uv": [ 2.48, 4.48, 3.52, 5.52 ], "texture": "#mesh_palette" },
				"east": { "uv": [ 2.48, 4.48, 3.52, 5.52 ], "texture": "#mesh_palette" }
			}
		},
		{
			"__comment": "Voxels-906640",
			"from": [ 10.5, 0.5, 13.5 ],
			"to": [ 11, 1, 14 ],
			"faces": {
				"up": { "uv": [ 4.48, 4.48, 5.52, 5.52 ], "texture": "#mesh_palette" }
			}
		},
		{
			"__comment": "Voxels-B27F4F",
			"from": [ 10.5, 0.5, 14 ],
			"to": [ 11, 1, 14.5 ],
			"faces": {
				"up": { "uv": [ 2.48, 0.4799995, 3.52, 1.52 ], "texture": "#mesh_palette" }
			}
		},
		{
			"__comment": "Voxels-8C633E",
			"from": [ 11, 0, 7 ],
			"to": [ 12, 0.5, 7.5 ],
			"faces": {
				"down": { "uv": [ 6.48, 0.4799995, 7.52, 1.52 ], "texture": "#mesh_palette", "cullface": "down" },
				"up": { "uv": [ 6.48, 0.4799995, 7.52, 1.52 ], "texture": "#mesh_palette" },
				"south": { "uv": [ 6.48, 0.4799995, 7.52, 1.52 ], "texture": "#mesh_palette" }
			}
		},
		{
			"__comment": "Voxels-835C3A",
			"from": [ 11, 0, 8 ],
			"to": [ 11.5, 0.5, 8.5 ],
			"faces": {
				"down": { "uv": [ 14.48, 0.4799995, 15.52, 1.52 ], "texture": "#mesh_palette", "cullface": "down" }
			}
		},
		{
			"__comment": "Voxels-B5AA9F",
			"from": [ 11, 0, 8.5 ],
			"to": [ 11.5, 0.5, 9 ],
			"faces": {
				"down": { "uv": [ 2.48, 4.48, 3.52, 5.52 ], "texture": "#mesh_palette", "cullface": "down" },
				"up": { "uv": [ 2.48, 4.48, 3.52, 5.52 ], "texture": "#mesh_palette" },
				"south": { "uv": [ 2.48, 4.48, 3.52, 5.52 ], "texture": "#mesh_palette" },
				"west": { "uv": [ 2.48, 4.48, 3.52, 5.52 ], "texture": "#mesh_palette" }
			}
		},
		{
			"__comment": "Voxels-B27F4F",
			"from": [ 11, 0, 13 ],
			"to": [ 11.5, 0.5, 13.5 ],
			"faces": {
				"down": { "uv": [ 2.48, 0.4799995, 3.52, 1.52 ], "texture": "#mesh_palette", "cullface": "down" },
				"up": { "uv": [ 2.48, 0.4799995, 3.52, 1.52 ], "texture": "#mesh_palette" },
				"north": { "uv": [ 2.48, 0.4799995, 3.52, 1.52 ], "texture": "#mesh_palette" },
				"east": { "uv": [ 2.48, 0.4799995, 3.52, 1.52 ], "texture": "#mesh_palette" }
			}
		},
		{
			"__comment": "Voxels-8C633E",
			"from": [ 11, 0, 13.5 ],
			"to": [ 11.5, 0.5, 14.5 ],
			"faces": {
				"down": { "uv": [ 6.48, 0.4799995, 7.52, 1.52 ], "texture": "#mesh_palette", "cullface": "down" },
				"east": { "uv": [ 6.48, 0.4799995, 7.52, 1.52 ], "texture": "#mesh_palette" }
			}
		},
		{
			"__comment": "Voxels-996D44",
			"from": [ 11, 0, 14.5 ],
			"to": [ 11.5, 0.5, 15 ],
			"faces": {
				"down": { "uv": [ 0.48, 2.48, 1.52, 3.52 ], "texture": "#mesh_palette", "cullface": "down" },
				"up": { "uv": [ 0.48, 2.48, 1.52, 3.52 ], "texture": "#mesh_palette" },
				"south": { "uv": [ 0.48, 2.48, 1.52, 3.52 ], "texture": "#mesh_palette" },
				"east": { "uv": [ 0.48, 2.48, 1.52, 3.52 ], "texture": "#mesh_palette" }
			}
		},
		{
			"__comment": "Voxels-B27F4F",
			"from": [ 11, 0.5, 7 ],
			"to": [ 11.5, 1, 7.5 ],
			"faces": {
				"up": { "uv": [ 2.48, 0.4799995, 3.52, 1.52 ], "texture": "#mesh_palette" },
				"north": { "uv": [ 2.48, 0.4799995, 3.52, 1.52 ], "texture": "#mesh_palette" }
			}
		},
		{
			"__comment": "Voxels-CDC6C0",
			"from": [ 11, 0.5, 7.5 ],
			"to": [ 12, 1, 8 ],
			"faces": {
				"down": { "uv": [ 10.48, 0.4799995, 11.52, 1.52 ], "texture": "#mesh_palette" },
				"up": { "uv": [ 10.48, 0.4799995, 11.52, 1.52 ], "texture": "#mesh_palette" },
				"north": { "uv": [ 10.48, 0.4799995, 11.52, 1.52 ], "texture": "#mesh_palette" },
				"south": { "uv": [ 10.48, 0.4799995, 11.52, 1.52 ], "texture": "#mesh_palette" }
			}
		},
		{
			"__comment": "Voxels-C7BBAF",
			"from": [ 11, 0.5, 8 ],
			"to": [ 11.5, 1, 8.5 ],
			"faces": {
				"up": { "uv": [ 4.48, 0.4799995, 5.52, 1.52 ], "texture": "#mesh_palette" },
				"south": { "uv": [ 4.48, 0.4799995, 5.52, 1.52 ], "texture": "#mesh_palette" }
			}
		},
		{
			"__comment": "Voxels-996D44",
			"from": [ 11, 0.5, 13.5 ],
			"to": [ 11.5, 1, 14.5 ],
			"faces": {
				"up": { "uv": [ 0.48, 2.48, 1.52, 3.52 ], "texture": "#mesh_palette" },
				"north": { "uv": [ 0.48, 2.48, 1.52, 3.52 ], "texture": "#mesh_palette" },
				"south": { "uv": [ 0.48, 2.48, 1.52, 3.52 ], "texture": "#mesh_palette" },
				"west": { "uv": [ 0.48, 2.48, 1.52, 3.52 ], "texture": "#mesh_palette" },
				"east": { "uv": [ 0.48, 2.48, 1.52, 3.52 ], "texture": "#mesh_palette" }
			}
		},
		{
			"__comment": "Voxels-8C633E",
			"from": [ 11.5, 0, 7.5 ],
			"to": [ 12.5, 0.5, 9 ],
			"faces": {
				"down": { "uv": [ 6.48, 0.4799995, 7.52, 1.52 ], "texture": "#mesh_palette", "cullface": "down" },
				"up": { "uv": [ 6.48, 0.4799995, 7.52, 1.52 ], "texture": "#mesh_palette" },
				"north": { "uv": [ 6.48, 0.4799995, 7.52, 1.52 ], "texture": "#mesh_palette" },
				"west": { "uv": [ 6.48, 0.4799995, 7.52, 1.52 ], "texture": "#mesh_palette" },
				"east": { "uv": [ 6.48, 0.4799995, 7.52, 1.52 ], "texture": "#mesh_palette" }
			}
		},
		{
			"__comment": "Voxels-996D44",
			"from": [ 11.5, 0, 9 ],
			"to": [ 12.5, 0.5, 9.5 ],
			"faces": {
				"down": { "uv": [ 0.48, 2.48, 1.52, 3.52 ], "texture": "#mesh_palette", "cullface": "down" },
				"up": { "uv": [ 0.48, 2.48, 1.52, 3.52 ], "texture": "#mesh_palette" },
				"south": { "uv": [ 0.48, 2.48, 1.52, 3.52 ], "texture": "#mesh_palette" },
				"west": { "uv": [ 0.48, 2.48, 1.52, 3.52 ], "texture": "#mesh_palette" },
				"east": { "uv": [ 0.48, 2.48, 1.52, 3.52 ], "texture": "#mesh_palette" }
			}
		},
		{
			"__comment": "Voxels-C7BBAF",
			"from": [ 11.5, 0.5, 7 ],
			"to": [ 12, 1, 7.5 ],
			"faces": {
				"up": { "uv": [ 4.48, 0.4799995, 5.52, 1.52 ], "texture": "#mesh_palette" },
				"north": { "uv": [ 4.48, 0.4799995, 5.52, 1.52 ], "texture": "#mesh_palette" },
				"east": { "uv": [ 4.48, 0.4799995, 5.52, 1.52 ], "texture": "#mesh_palette" }
			}
		},
		{
			"__comment": "Voxels-9D7045",
			"from": [ 11.5, 0.5, 8 ],
			"to": [ 12, 1, 8.5 ],
			"faces": {
				"up": { "uv": [ 8.48, 0.4799995, 9.52, 1.52 ], "texture": "#mesh_palette" }
			}
		},
		{
			"__comment": "Voxels-B27F4F",
			"from": [ 11.5, 0.5, 8.5 ],
			"to": [ 12, 1, 9 ],
			"faces": {
				"up": { "uv": [ 2.48, 0.4799995, 3.52, 1.52 ], "texture": "#mesh_palette" },
				"south": { "uv": [ 2.48, 0.4799995, 3.52, 1.52 ], "texture": "#mesh_palette" },
				"west": { "uv": [ 2.48, 0.4799995, 3.52, 1.52 ], "texture": "#mesh_palette" }
			}
		},
		{
			"__comment": "Voxels-C7BBAF",
			"from": [ 12, 0, 7 ],
			"to": [ 12.5, 0.5, 7.5 ],
			"faces": {
				"down": { "uv": [ 4.48, 0.4799995, 5.52, 1.52 ], "texture": "#mesh_palette", "cullface": "down" },
				"up": { "uv": [ 4.48, 0.4799995, 5.52, 1.52 ], "texture": "#mesh_palette" },
				"north": { "uv": [ 4.48, 0.4799995, 5.52, 1.52 ], "texture": "#mesh_palette" },
				"east": { "uv": [ 4.48, 0.4799995, 5.52, 1.52 ], "texture": "#mesh_palette" }
			}
		},
		{
			"__comment": "Voxels-9D7045",
			"from": [ 12, 0.5, 7.5 ],
			"to": [ 12.5, 1, 8 ],
			"faces": {
				"up": { "uv": [ 8.48, 0.4799995, 9.52, 1.52 ], "texture": "#mesh_palette" },
				"north": { "uv": [ 8.48, 0.4799995, 9.52, 1.52 ], "texture": "#mesh_palette" },
				"east": { "uv": [ 8.48, 0.4799995, 9.52, 1.52 ], "texture": "#mesh_palette" }
			}
		},
		{
			"__comment": "Voxels-B27F4F",
			"from": [ 12, 0.5, 8 ],
			"to": [ 12.5, 1, 8.5 ],
			"faces": {
				"up": { "uv": [ 2.48, 0.4799995, 3.52, 1.52 ], "texture": "#mesh_palette" }
			}
		},
		{
			"__comment": "Voxels-996D44",
			"from": [ 12, 0.5, 8.5 ],
			"to": [ 12.5, 1, 9 ],
			"faces": {
				"up": { "uv": [ 0.48, 2.48, 1.52, 3.52 ], "texture": "#mesh_palette" },
				"south": { "uv": [ 0.48, 2.48, 1.52, 3.52 ], "texture": "#mesh_palette" },
				"east": { "uv": [ 0.48, 2.48, 1.52, 3.52 ], "texture": "#mesh_palette" }
			}
		},
		{
			"__comment": "Voxels-B27F4F",
			"from": [ 12.5, 0, 7.5 ],
			"to": [ 13, 0.5, 8 ],
			"faces": {
				"down": { "uv": [ 2.48, 0.4799995, 3.52, 1.52 ], "texture": "#mesh_palette", "cullface": "down" },
				"up": { "uv": [ 2.48, 0.4799995, 3.52, 1.52 ], "texture": "#mesh_palette" },
				"north": { "uv": [ 2.48, 0.4799995, 3.52, 1.52 ], "texture": "#mesh_palette" },
				"east": { "uv": [ 2.48, 0.4799995, 3.52, 1.52 ], "texture": "#mesh_palette" }
			}
		},
		{
			"__comment": "Voxels-8C633E",
			"from": [ 12.5, 0, 8 ],
			"to": [ 13, 0.5, 8.5 ],
			"faces": {
				"down": { "uv": [ 6.48, 0.4799995, 7.52, 1.52 ], "texture": "#mesh_palette", "cullface": "down" },
				"east": { "uv": [ 6.48, 0.4799995, 7.52, 1.52 ], "texture": "#mesh_palette" }
			}
		},
		{
			"__comment": "Voxels-996D44",
			"from": [ 12.5, 0, 8.5 ],
			"to": [ 13, 0.5, 9 ],
			"faces": {
				"down": { "uv": [ 0.48, 2.48, 1.52, 3.52 ], "texture": "#mesh_palette", "cullface": "down" },
				"up": { "uv": [ 0.48, 2.48, 1.52, 3.52 ], "texture": "#mesh_palette" },
				"south": { "uv": [ 0.48, 2.48, 1.52, 3.52 ], "texture": "#mesh_palette" },
				"east": { "uv": [ 0.48, 2.48, 1.52, 3.52 ], "texture": "#mesh_palette" }
			}
		},
		{
			"__comment": "Voxels-996D44",
			"from": [ 12.5, 0.5, 8 ],
			"to": [ 13, 1, 8.5 ],
			"faces": {
				"up": { "uv": [ 0.48, 2.48, 1.52, 3.52 ], "texture": "#mesh_palette" },
				"north": { "uv": [ 0.48, 2.48, 1.52, 3.52 ], "texture": "#mesh_palette" },
				"south": { "uv": [ 0.48, 2.48, 1.52, 3.52 ], "texture": "#mesh_palette" },
				"east": { "uv": [ 0.48, 2.48, 1.52, 3.52 ], "texture": "#mesh_palette" }
			}
		}
	],
	"display": {
		"thirdperson_righthand": {
			"rotation":  [ 64, 29, 73 ],
			"translation":  [ -4.867, 0.4136, 0.6956 ],
			"scale":  [ 0.6, 0.6, 0.6 ]
		},
		"thirdperson_lefthand": {
			"rotation":  [ 64, 29, 73 ],
			"translation":  [ -4.867, 0.4136, 0.6956 ],
			"scale":  [ 0.6, 0.6, 0.6 ]
		},
		"firstperson_righthand": {
			"rotation":  [ 69, 8, 28 ],
			"translation":  [ 7.6521, 0, -2.782 ]
		},
		"firstperson_lefthand": {
			"rotation":  [ 69, 8, 28 ],
			"translation":  [ 7.6521, 0, -2.782 ]
		},
		"gui": {
			"rotation":  [ 90, 0, 0 ]
		},
		"head": {
			"translation":  [ 0, -32, 0 ],
			"scale":  [ 1.6, 1.6, 1.6 ]
		},
		"ground": {
			"translation":  [ 0, 2.7826, 0 ],
			"scale":  [ 0.6, 0.6, 0.6 ]
		},
		"fixed": {
			"rotation":  [ 90, 0, 180 ],
			"translation":  [ 0, 0, -8.347 ]
		}
	}
}