{
"__comment": "Designed by Oberdiah",
"textures": {
    "texture": "blocks/gold_block",
    "stove_top": "blocks/furniture/stove_top"
},
"elements": [ 
{
    "__comment": "Saxyphonu3 x64",
    "from": [ 7.5, 8, 6 ],
    "to": [ 8.5, 9.5, 8.5 ],
    "faces": {
        "down":  { "uv": [ 7.75, 12, 8.25, 11.75 ], "texture": "#texture" },
        "up":    { "uv": [ 7.75, 11.25, 8.25, 11.5 ], "texture": "#texture" },
        "north": { "uv": [ 8.25, 11.25, 7.75, 12 ], "texture": "#texture" },
        "south": { "uv": [ 7.75, 11.25, 8.25, 12 ], "texture": "#texture" },
        "west":  { "uv": [ 7.75, 11.25, 8, 12 ], "texture": "#texture" },
        "east":  { "uv": [ 8.25, 11.25, 8, 12 ], "texture": "#texture" }
    }
},
{
    "__comment": "Saxyphonu3 x64",
    "from": [ 7.5, 3, 6 ],
    "to": [ 8.5, 4, 8.5 ],
    "faces": {
        "down":  { "uv": [ 7.75, 14.5, 8.25, 14.25 ], "texture": "#texture" },
        "up":    { "uv": [ 7.75, 14, 8.25, 14.25 ], "texture": "#texture" },
        "north": { "uv": [ 8.25, 14, 7.75, 14.5 ], "texture": "#texture" },
        "south": { "uv": [ 7.75, 14, 8.25, 14.5 ], "texture": "#texture" },
        "west":  { "uv": [ 7.75, 14, 8, 14.5 ], "texture": "#texture" },
        "east":  { "uv": [ 8.25, 14, 8, 14.5 ], "texture": "#texture" }
    }
},
{
    "__comment": "Saxyphonu3 x64",
    "from": [ 8, 9.5, 6 ],
    "to": [ 8.5, 24, 8.5 ],
    "faces": {
        "down":  { "uv": [ 8, 11.25, 8.25, 11 ], "texture": "#texture" },
        "up":    { "uv": [ 8, 4, 8.25, 4.25 ], "texture": "#texture" },
        "north": { "uv": [ 8.25, 4, 8, 11.25 ], "texture": "#texture" },
        "south": { "uv": [ 8, 4, 8.25, 11.25 ], "texture": "#texture" },
        "west":  { "uv": [ 8, 4, 8.25, 11.25 ], "texture": "#texture" },
        "east":  { "uv": [ 8.25, 4, 8, 11.25 ], "texture": "#texture" }
    }
},
{
    "__comment": "Saxyphonu3 x64",
    "from": [ 8, 4, 6 ],
    "to": [ 8.5, 8, 8.5 ],
    "faces": {
        "down":  { "uv": [ 8, 14, 8.25, 13.75 ], "texture": "#texture" },
        "up":    { "uv": [ 8, 12, 8.25, 12.25 ], "texture": "#texture" },
        "north": { "uv": [ 8.25, 12, 8, 14 ], "texture": "#texture" },
        "south": { "uv": [ 8, 12, 8.25, 14 ], "texture": "#texture" },
        "west":  { "uv": [ 8, 12, 8.25, 14 ], "texture": "#texture" },
        "east":  { "uv": [ 8.25, 12, 8, 14 ], "texture": "#texture" }
    }
},
{
    "__comment": "Saxyphonu3 x64",
    "from": [ 8.5, 15.5, 6 ],
    "to": [ 9, 17, 8.5 ],
    "faces": {
        "down":  { "uv": [ 8.25, 8.25, 8.5, 8 ], "texture": "#texture" },
        "up":    { "uv": [ 8.25, 7.5, 8.5, 7.75 ], "texture": "#texture" },
        "north": { "uv": [ 8.5, 7.5, 8.25, 8.25 ], "texture": "#texture" },
        "south": { "uv": [ 8.25, 7.5, 8.5, 8.25 ], "texture": "#texture" },
        "west":  { "uv": [ 8.25, 7.5, 8.5, 8.25 ], "texture": "#texture" },
        "east":  { "uv": [ 8.5, 7.5, 8.25, 8.25 ], "texture": "#texture" }
    }
},
{
    "__comment": "Saxyphonu3 x64",
    "from": [ 8.5, 2, 6 ],
    "to": [ 11, 2.5, 8.5 ],
    "faces": {
        "down":  { "uv": [ 8.25, 15, 9.5, 14.75 ], "texture": "#texture" },
        "up":    { "uv": [ 8.25, 14.75, 9.5, 15 ], "texture": "#texture" },
        "north": { "uv": [ 9.5, 14.75, 8.25, 15 ], "texture": "#texture" },
        "south": { "uv": [ 8.25, 14.75, 9.5, 15 ], "texture": "#texture" },
        "west":  { "uv": [ 8.25, 14.75, 8.5, 15 ], "texture": "#texture" },
        "east":  { "uv": [ 9.5, 14.75, 9.25, 15 ], "texture": "#texture" }
    }
},
{
    "__comment": "Saxyphonu3 x64",
    "from": [ 9, 1.5, 6 ],
    "to": [ 10.5, 2, 8.5 ],
    "faces": {
        "down":  { "uv": [ 8.5, 15.25, 9.25, 15 ], "texture": "#texture" },
        "up":    { "uv": [ 8.5, 15, 9.25, 15.25 ], "texture": "#texture" },
        "north": { "uv": [ 9.25, 15, 8.5, 15.25 ], "texture": "#texture" },
        "south": { "uv": [ 8.5, 15, 9.25, 15.25 ], "texture": "#texture" },
        "west":  { "uv": [ 8.5, 15, 8.75, 15.25 ], "texture": "#texture" },
        "east":  { "uv": [ 9.25, 15, 9, 15.25 ], "texture": "#texture" }
    }
},
{
    "__comment": "Saxyphonu3 x64",
    "from": [ 11, 2.5, 6 ],
    "to": [ 11.5, 7, 8.5 ],
    "faces": {
        "down":  { "uv": [ 9.5, 14.75, 9.75, 14.5 ], "texture": "#texture" },
        "up":    { "uv": [ 9.5, 12.5, 9.75, 12.75 ], "texture": "#texture" },
        "north": { "uv": [ 9.75, 12.5, 9.5, 14.75 ], "texture": "#texture" },
        "south": { "uv": [ 9.5, 12.5, 9.75, 14.75 ], "texture": "#texture" },
        "west":  { "uv": [ 9.5, 12.5, 9.75, 14.75 ], "texture": "#texture" },
        "east":  { "uv": [ 9.75, 12.5, 9.5, 14.75 ], "texture": "#texture" }
    }
},
{
    "__comment": "Saxyphonu3 x64",
    "from": [ 11.5, 3.5, 6 ],
    "to": [ 12, 10, 8.5 ],
    "faces": {
        "down":  { "uv": [ 9.75, 14.5, 10, 14.25 ], "texture": "#texture" },
        "up":    { "uv": [ 9.75, 11.5, 10, 11.75 ], "texture": "#texture" },
        "north": { "uv": [ 10, 11.5, 9.75, 14.5 ], "texture": "#texture" },
        "south": { "uv": [ 9.75, 11.5, 10, 14.5 ], "texture": "#texture" },
        "west":  { "uv": [ 9.75, 11.5, 10, 14.5 ], "texture": "#texture" },
        "east":  { "uv": [ 10, 11.5, 9.75, 14.5 ], "texture": "#texture" }
    }
},
{
    "__comment": "Saxyphonu2 x64",
    "from": [ 1.5, 31.5, 6.5 ],
    "to": [ 2, 32, 8 ],
    "faces": {
        "down":  { "uv": [ 4.75, 0.25, 5, 0 ], "texture": "#stove_top" },
        "up":    { "uv": [ 4.75, 0, 5, 0.25 ], "texture": "#stove_top" },
        "north": { "uv": [ 5, 0, 4.75, 0.25 ], "texture": "#stove_top" },
        "south": { "uv": [ 4.75, 0, 5, 0.25 ], "texture": "#stove_top" },
        "west":  { "uv": [ 4.75, 0, 5, 0.25 ], "texture": "#stove_top" },
        "east":  { "uv": [ 5, 0, 4.75, 0.25 ], "texture": "#stove_top" }
    }
},
{
    "__comment": "Saxyphonu2 x64",
    "from": [ 7, 7.5, 6.5 ],
    "to": [ 9, 10, 8 ],
    "faces": {
        "down":  { "uv": [ 7.5, 12.25, 8.5, 12 ], "texture": "#texture" },
        "up":    { "uv": [ 7.5, 11, 8.5, 11.25 ], "texture": "#texture" },
        "north": { "uv": [ 8.5, 11, 7.5, 12.25 ], "texture": "#texture" },
        "south": { "uv": [ 7.5, 11, 8.5, 12.25 ], "texture": "#texture" },
        "west":  { "uv": [ 7.5, 11, 7.75, 12.25 ], "texture": "#texture" },
        "east":  { "uv": [ 8.5, 11, 8.25, 12.25 ], "texture": "#texture" }
    }
},
{
    "__comment": "Saxyphonu2 x64",
    "from": [ 7, 2.5, 6.5 ],
    "to": [ 9, 4.5, 8 ],
    "faces": {
        "down":  { "uv": [ 7.5, 14.75, 8.5, 14.5 ], "texture": "#texture" },
        "up":    { "uv": [ 7.5, 13.75, 8.5, 14 ], "texture": "#texture" },
        "north": { "uv": [ 8.5, 13.75, 7.5, 14.75 ], "texture": "#texture" },
        "south": { "uv": [ 7.5, 13.75, 8.5, 14.75 ], "texture": "#texture" },
        "west":  { "uv": [ 7.5, 13.75, 7.75, 14.75 ], "texture": "#texture" },
        "east":  { "uv": [ 8.5, 13.75, 8.25, 14.75 ], "texture": "#texture" }
    }
},
{
    "__comment": "Saxyphonu2 x64",
    "from": [ 7.5, 28.5, 6.5 ],
    "to": [ 8, 29, 8 ],
    "faces": {
        "down":  { "uv": [ 7.75, 1.75, 8, 1.5 ], "texture": "#texture" },
        "up":    { "uv": [ 7.75, 1.5, 8, 1.75 ], "texture": "#texture" },
        "north": { "uv": [ 8, 1.5, 7.75, 1.75 ], "texture": "#texture" },
        "south": { "uv": [ 7.75, 1.5, 8, 1.75 ], "texture": "#texture" },
        "west":  { "uv": [ 7.75, 1.5, 8, 1.75 ], "texture": "#texture" },
        "east":  { "uv": [ 8, 1.5, 7.75, 1.75 ], "texture": "#texture" }
    }
},
{
    "__comment": "Saxyphonu2 x64",
    "from": [ 7.5, 10, 6.5 ],
    "to": [ 9, 24.5, 8 ],
    "faces": {
        "down":  { "uv": [ 7.75, 11, 8.5, 10.75 ], "texture": "#texture" },
        "up":    { "uv": [ 7.75, 3.75, 8.5, 4 ], "texture": "#texture" },
        "north": { "uv": [ 8.5, 3.75, 7.75, 11 ], "texture": "#texture" },
        "south": { "uv": [ 7.75, 3.75, 8.5, 11 ], "texture": "#texture" },
        "west":  { "uv": [ 7.75, 3.75, 8, 11 ], "texture": "#texture" },
        "east":  { "uv": [ 8.5, 3.75, 8.25, 11 ], "texture": "#texture" }
    }
},
{
    "__comment": "Saxyphonu2 x64",
    "from": [ 7.5, 4.5, 6.5 ],
    "to": [ 9, 7.5, 8 ],
    "faces": {
        "down":  { "uv": [ 7.75, 13.75, 8.5, 13.5 ], "texture": "#texture" },
        "up":    { "uv": [ 7.75, 12.25, 8.5, 12.5 ], "texture": "#texture" },
        "north": { "uv": [ 8.5, 12.25, 7.75, 13.75 ], "texture": "#texture" },
        "south": { "uv": [ 7.75, 12.25, 8.5, 13.75 ], "texture": "#texture" },
        "west":  { "uv": [ 7.75, 12.25, 8, 13.75 ], "texture": "#texture" },
        "east":  { "uv": [ 8.5, 12.25, 8.25, 13.75 ], "texture": "#texture" }
    }
},
{
    "__comment": "Saxyphonu2 x64",
    "from": [ 8, 24.5, 6.5 ],
    "to": [ 8.5, 28.5, 8 ],
    "faces": {
        "down":  { "uv": [ 8, 3.75, 8.25, 3.5 ], "texture": "#texture" },
        "up":    { "uv": [ 8, 1.75, 8.25, 2 ], "texture": "#texture" },
        "north": { "uv": [ 8.25, 1.75, 8, 3.75 ], "texture": "#texture" },
        "south": { "uv": [ 8, 1.75, 8.25, 3.75 ], "texture": "#texture" },
        "west":  { "uv": [ 8, 1.75, 8.25, 3.75 ], "texture": "#texture" },
        "east":  { "uv": [ 8.25, 1.75, 8, 3.75 ], "texture": "#texture" }
    }
},
{
    "__comment": "Saxyphonu2 x64",
    "from": [ 8, 1.5, 6.5 ],
    "to": [ 11.5, 2.5, 8 ],
    "faces": {
        "down":  { "uv": [ 8, 15.25, 9.75, 15 ], "texture": "#texture" },
        "up":    { "uv": [ 8, 14.75, 9.75, 15 ], "texture": "#texture" },
        "north": { "uv": [ 9.75, 14.75, 8, 15.25 ], "texture": "#texture" },
        "south": { "uv": [ 8, 14.75, 9.75, 15.25 ], "texture": "#texture" },
        "west":  { "uv": [ 8, 14.75, 8.25, 15.25 ], "texture": "#texture" },
        "east":  { "uv": [ 9.75, 14.75, 9.5, 15.25 ], "texture": "#texture" }
    }
},
{
    "__comment": "Saxyphonu2 x64",
    "from": [ 8.5, 1, 6.5 ],
    "to": [ 11, 1.5, 8 ],
    "faces": {
        "down":  { "uv": [ 8.25, 15.5, 9.5, 15.25 ], "texture": "#texture" },
        "up":    { "uv": [ 8.25, 15.25, 9.5, 15.5 ], "texture": "#texture" },
        "north": { "uv": [ 9.5, 15.25, 8.25, 15.5 ], "texture": "#texture" },
        "south": { "uv": [ 8.25, 15.25, 9.5, 15.5 ], "texture": "#texture" },
        "west":  { "uv": [ 8.25, 15.25, 8.5, 15.5 ], "texture": "#texture" },
        "east":  { "uv": [ 9.5, 15.25, 9.25, 15.5 ], "texture": "#texture" }
    }
},
{
    "__comment": "Saxyphonu2 x64",
    "from": [ 9, 19.5, 6.5 ],
    "to": [ 9.5, 20.5, 8 ],
    "faces": {
        "down":  { "uv": [ 8.5, 6.25, 8.75, 6 ], "texture": "#texture" },
        "up":    { "uv": [ 8.5, 5.75, 8.75, 6 ], "texture": "#texture" },
        "north": { "uv": [ 8.75, 5.75, 8.5, 6.25 ], "texture": "#texture" },
        "south": { "uv": [ 8.5, 5.75, 8.75, 6.25 ], "texture": "#texture" },
        "west":  { "uv": [ 8.5, 5.75, 8.75, 6.25 ], "texture": "#texture" },
        "east":  { "uv": [ 8.75, 5.75, 8.5, 6.25 ], "texture": "#texture" }
    }
},
{
    "__comment": "Saxyphonu2 x64",
    "from": [ 9, 15, 6.5 ],
    "to": [ 9.5, 17.5, 8 ],
    "faces": {
        "down":  { "uv": [ 8.5, 8.5, 8.75, 8.25 ], "texture": "#texture" },
        "up":    { "uv": [ 8.5, 7.25, 8.75, 7.5 ], "texture": "#texture" },
        "north": { "uv": [ 8.75, 7.25, 8.5, 8.5 ], "texture": "#texture" },
        "south": { "uv": [ 8.5, 7.25, 8.75, 8.5 ], "texture": "#texture" },
        "west":  { "uv": [ 8.5, 7.25, 8.75, 8.5 ], "texture": "#texture" },
        "east":  { "uv": [ 8.75, 7.25, 8.5, 8.5 ], "texture": "#texture" }
    }
},
{
    "__comment": "Saxyphonu2 x64",
    "from": [ 9, 2.5, 6.5 ],
    "to": [ 12.5, 3, 8 ],
    "faces": {
        "down":  { "uv": [ 8.5, 14.75, 10.25, 14.5 ], "texture": "#texture" },
        "up":    { "uv": [ 8.5, 14.5, 10.25, 14.75 ], "texture": "#texture" },
        "north": { "uv": [ 10.25, 14.5, 8.5, 14.75 ], "texture": "#texture" },
        "south": { "uv": [ 8.5, 14.5, 10.25, 14.75 ], "texture": "#texture" },
        "west":  { "uv": [ 8.5, 14.5, 8.75, 14.75 ], "texture": "#texture" },
        "east":  { "uv": [ 10.25, 14.5, 10, 14.75 ], "texture": "#texture" }
    }
},
{
    "__comment": "Saxyphonu2 x64",
    "from": [ 9.5, 0, 6.5 ],
    "to": [ 10.5, 1, 8 ],
    "faces": {
        "down":  { "uv": [ 8.75, 16, 9.25, 15.75 ], "texture": "#texture" },
        "up":    { "uv": [ 8.75, 15.5, 9.25, 15.75 ], "texture": "#texture" },
        "north": { "uv": [ 9.25, 15.5, 8.75, 16 ], "texture": "#texture" },
        "south": { "uv": [ 8.75, 15.5, 9.25, 16 ], "texture": "#texture" },
        "west":  { "uv": [ 8.75, 15.5, 9, 16 ], "texture": "#texture" },
        "east":  { "uv": [ 9.25, 15.5, 9, 16 ], "texture": "#texture" }
    }
},
{
    "__comment": "Saxyphonu2 x64",
    "from": [ 10.5, 3, 6.5 ],
    "to": [ 12.5, 7.5, 8 ],
    "faces": {
        "down":  { "uv": [ 9.25, 14.5, 10.25, 14.25 ], "texture": "#texture" },
        "up":    { "uv": [ 9.25, 12.25, 10.25, 12.5 ], "texture": "#texture" },
        "north": { "uv": [ 10.25, 12.25, 9.25, 14.5 ], "texture": "#texture" },
        "south": { "uv": [ 9.25, 12.25, 10.25, 14.5 ], "texture": "#texture" },
        "west":  { "uv": [ 9.25, 12.25, 9.5, 14.5 ], "texture": "#texture" },
        "east":  { "uv": [ 10.25, 12.25, 10, 14.5 ], "texture": "#texture" }
    }
},
{
    "__comment": "Saxyphonu2 x64",
    "from": [ 11, 7.5, 6.5 ],
    "to": [ 13, 9.5, 8 ],
    "faces": {
        "down":  { "uv": [ 9.5, 12.25, 10.5, 12 ], "texture": "#texture" },
        "up":    { "uv": [ 9.5, 11.25, 10.5, 11.5 ], "texture": "#texture" },
        "north": { "uv": [ 10.5, 11.25, 9.5, 12.25 ], "texture": "#texture" },
        "south": { "uv": [ 9.5, 11.25, 10.5, 12.25 ], "texture": "#texture" },
        "west":  { "uv": [ 9.5, 11.25, 9.75, 12.25 ], "texture": "#texture" },
        "east":  { "uv": [ 10.5, 11.25, 10.25, 12.25 ], "texture": "#texture" }
    }
},
{
    "__comment": "Saxyphonu2 x64",
    "from": [ 11.5, 2, 6.5 ],
    "to": [ 12, 2.5, 8 ],
    "faces": {
        "down":  { "uv": [ 9.75, 15, 10, 14.75 ], "texture": "#texture" },
        "up":    { "uv": [ 9.75, 14.75, 10, 15 ], "texture": "#texture" },
        "north": { "uv": [ 10, 14.75, 9.75, 15 ], "texture": "#texture" },
        "south": { "uv": [ 9.75, 14.75, 10, 15 ], "texture": "#texture" },
        "west":  { "uv": [ 9.75, 14.75, 10, 15 ], "texture": "#texture" },
        "east":  { "uv": [ 10, 14.75, 9.75, 15 ], "texture": "#texture" }
    }
},
{
    "__comment": "Saxyphonu2 x64",
    "from": [ 12.5, 5, 6.5 ],
    "to": [ 13, 7.5, 8 ],
    "faces": {
        "down":  { "uv": [ 10.25, 13.5, 10.5, 13.25 ], "texture": "#texture" },
        "up":    { "uv": [ 10.25, 12.25, 10.5, 12.5 ], "texture": "#texture" },
        "north": { "uv": [ 10.5, 12.25, 10.25, 13.5 ], "texture": "#texture" },
        "south": { "uv": [ 10.25, 12.25, 10.5, 13.5 ], "texture": "#texture" },
        "west":  { "uv": [ 10.25, 12.25, 10.5, 13.5 ], "texture": "#texture" },
        "east":  { "uv": [ 10.5, 12.25, 10.25, 13.5 ], "texture": "#texture" }
    }
},
{
    "__comment": "Saxyphonu2 x64",
    "from": [ 13, 9, 6.5 ],
    "to": [ 13.5, 9.5, 8 ],
    "faces": {
        "down":  { "uv": [ 10.5, 11.5, 10.75, 11.25 ], "texture": "#texture" },
        "up":    { "uv": [ 10.5, 11.25, 10.75, 11.5 ], "texture": "#texture" },
        "north": { "uv": [ 10.75, 11.25, 10.5, 11.5 ], "texture": "#texture" },
        "south": { "uv": [ 10.5, 11.25, 10.75, 11.5 ], "texture": "#texture" },
        "west":  { "uv": [ 10.5, 11.25, 10.75, 11.5 ], "texture": "#texture" },
        "east":  { "uv": [ 10.75, 11.25, 10.5, 11.5 ], "texture": "#texture" }
    }
},
{
    "__comment": "Saxyphonu x64",
    "from": [ 0, 31.5, 7 ],
    "to": [ 2.5, 32, 7.5 ],
    "faces": {
        "down":  { "uv": [ 4, 0.25, 5.25, 0 ], "texture": "#stove_top" },
        "up":    { "uv": [ 4, 0, 5.25, 0.25 ], "texture": "#stove_top" },
        "north": { "uv": [ 5.25, 0, 4, 0.25 ], "texture": "#stove_top" },
        "south": { "uv": [ 4, 0, 5.25, 0.25 ], "texture": "#stove_top" },
        "west":  { "uv": [ 4, 0, 4.25, 0.25 ], "texture": "#stove_top" },
        "east":  { "uv": [ 5.25, 0, 5, 0.25 ], "texture": "#stove_top" }
    }
},
{
    "__comment": "Saxyphonu x64",
    "from": [ 0.5, 31, 7 ],
    "to": [ 3, 31.5, 7.5 ],
    "faces": {
        "down":  { "uv": [ 4.25, 0.5, 5.75, 0.25 ], "texture": "#stove_top" },
        "up":    { "uv": [ 4.25, 0.25, 5.75, 0.5 ], "texture": "#stove_top" },
        "north": { "uv": [ 5.75, 0.25, 4.25, 0.5 ], "texture": "#stove_top" },
        "south": { "uv": [ 4.25, 0.25, 5.75, 0.5 ], "texture": "#stove_top" },
        "west":  { "uv": [ 4.25, 0.25, 4.5, 0.5 ], "texture": "#stove_top" },
        "east":  { "uv": [ 5.75, 0.25, 5.5, 0.5 ], "texture": "#stove_top" }
    }
},
{
    "__comment": "Saxyphonu x64",
    "from": [ 1, 30.5, 7 ],
    "to": [ 3, 31, 7.5 ],
    "faces": {
        "down":  { "uv": [ 4.5, 0.75, 6, 0.5 ], "texture": "#stove_top" },
        "up":    { "uv": [ 4.5, 0.5, 6, 0.75 ], "texture": "#stove_top" },
        "north": { "uv": [ 6, 0.5, 4.5, 0.75 ], "texture": "#stove_top" },
        "south": { "uv": [ 4.5, 0.5, 6, 0.75 ], "texture": "#stove_top" },
        "west":  { "uv": [ 4.5, 0.5, 4.75, 0.75 ], "texture": "#stove_top" },
        "east":  { "uv": [ 6, 0.5, 5.75, 0.75 ], "texture": "#stove_top" }
    }
},
{
    "__comment": "Saxyphonu x64",
    "from": [ 2.5, 30, 7 ],
    "to": [ 6.5, 30.5, 7.5 ],
    "faces": {
        "down":  { "uv": [ 5.25, 1, 7.25, 0.75 ], "texture": "#texture" },
        "up":    { "uv": [ 5.25, 0.75, 7.25, 1 ], "texture": "#texture" },
        "north": { "uv": [ 7.25, 0.75, 5.25, 1 ], "texture": "#texture" },
        "south": { "uv": [ 5.25, 0.75, 7.25, 1 ], "texture": "#texture" },
        "west":  { "uv": [ 5.25, 0.75, 5.5, 1 ], "texture": "#texture" },
        "east":  { "uv": [ 7.25, 0.75, 7, 1 ], "texture": "#texture" }
    }
},
{
    "__comment": "Saxyphonu x64",
    "from": [ 4, 29.5, 7 ],
    "to": [ 7.5, 30, 7.5 ],
    "faces": {
        "down":  { "uv": [ 6, 1.25, 7.75, 1 ], "texture": "#texture" },
        "up":    { "uv": [ 6, 1, 7.75, 1.25 ], "texture": "#texture" },
        "north": { "uv": [ 7.75, 1, 6, 1.25 ], "texture": "#texture" },
        "south": { "uv": [ 6, 1, 7.75, 1.25 ], "texture": "#texture" },
        "west":  { "uv": [ 6, 1, 6.25, 1.25 ], "texture": "#texture" },
        "east":  { "uv": [ 7.75, 1, 7.5, 1.25 ], "texture": "#texture" }
    }
},
{
    "__comment": "Saxyphonu x64",
    "from": [ 5, 29, 7 ],
    "to": [ 8.5, 29.5, 7.5 ],
    "faces": {
        "down":  { "uv": [ 6.5, 1.5, 8.25, 1.25 ], "texture": "#texture" },
        "up":    { "uv": [ 6.5, 1.25, 8.25, 1.5 ], "texture": "#texture" },
        "north": { "uv": [ 8.25, 1.25, 6.5, 1.5 ], "texture": "#texture" },
        "south": { "uv": [ 6.5, 1.25, 8.25, 1.5 ], "texture": "#texture" },
        "west":  { "uv": [ 6.5, 1.25, 6.75, 1.5 ], "texture": "#texture" },
        "east":  { "uv": [ 8.25, 1.25, 8, 1.5 ], "texture": "#texture" }
    }
},
{
    "__comment": "Saxyphonu x64",
    "from": [ 6, 28.5, 7 ],
    "to": [ 9, 29, 7.5 ],
    "faces": {
        "down":  { "uv": [ 7, 1.75, 8.5, 1.5 ], "texture": "#texture" },
        "up":    { "uv": [ 7, 1.5, 8.5, 1.75 ], "texture": "#texture" },
        "north": { "uv": [ 8.5, 1.5, 7, 1.75 ], "texture": "#texture" },
        "south": { "uv": [ 7, 1.5, 8.5, 1.75 ], "texture": "#texture" },
        "west":  { "uv": [ 7, 1.5, 7.25, 1.75 ], "texture": "#texture" },
        "east":  { "uv": [ 8.5, 1.5, 8.25, 1.75 ], "texture": "#texture" }
    }
},
{
    "__comment": "Saxyphonu x64",
    "from": [ 6, 8.5, 7 ],
    "to": [ 9.5, 9, 7.5 ],
    "faces": {
        "down":  { "uv": [ 7, 11.75, 8.75, 11.5 ], "texture": "#texture" },
        "up":    { "uv": [ 7, 11.5, 8.75, 11.75 ], "texture": "#texture" },
        "north": { "uv": [ 8.75, 11.5, 7, 11.75 ], "texture": "#texture" },
        "south": { "uv": [ 7, 11.5, 8.75, 11.75 ], "texture": "#texture" },
        "west":  { "uv": [ 7, 11.5, 7.25, 11.75 ], "texture": "#texture" },
        "east":  { "uv": [ 8.75, 11.5, 8.5, 11.75 ], "texture": "#texture" }
    }
},
{
    "__comment": "Saxyphonu x64",
    "from": [ 6, 3.5, 7 ],
    "to": [ 9.5, 4.5, 7.5 ],
    "faces": {
        "down":  { "uv": [ 7, 14.25, 8.75, 14 ], "texture": "#texture" },
        "up":    { "uv": [ 7, 13.75, 8.75, 14 ], "texture": "#texture" },
        "north": { "uv": [ 8.75, 13.75, 7, 14.25 ], "texture": "#texture" },
        "south": { "uv": [ 7, 13.75, 8.75, 14.25 ], "texture": "#texture" },
        "west":  { "uv": [ 7, 13.75, 7.25, 14.25 ], "texture": "#texture" },
        "east":  { "uv": [ 8.75, 13.75, 8.5, 14.25 ], "texture": "#texture" }
    }
},
{
    "__comment": "Saxyphonu x64",
    "from": [ 6.5, 12, 7 ],
    "to": [ 9.5, 12.5, 7.5 ],
    "faces": {
        "down":  { "uv": [ 7.25, 10, 8.75, 9.75 ], "texture": "#texture" },
        "up":    { "uv": [ 7.25, 9.75, 8.75, 10 ], "texture": "#texture" },
        "north": { "uv": [ 8.75, 9.75, 7.25, 10 ], "texture": "#texture" },
        "south": { "uv": [ 7.25, 9.75, 8.75, 10 ], "texture": "#texture" },
        "west":  { "uv": [ 7.25, 9.75, 7.5, 10 ], "texture": "#texture" },
        "east":  { "uv": [ 8.75, 9.75, 8.5, 10 ], "texture": "#texture" }
    }
},
{
    "__comment": "Saxyphonu x64",
    "from": [ 6.5, 11, 7 ],
    "to": [ 9.5, 11.5, 7.5 ],
    "faces": {
        "down":  { "uv": [ 7.25, 10.5, 8.75, 10.25 ], "texture": "#texture" },
        "up":    { "uv": [ 7.25, 10.25, 8.75, 10.5 ], "texture": "#texture" },
        "north": { "uv": [ 8.75, 10.25, 7.25, 10.5 ], "texture": "#texture" },
        "south": { "uv": [ 7.25, 10.25, 8.75, 10.5 ], "texture": "#texture" },
        "west":  { "uv": [ 7.25, 10.25, 7.5, 10.5 ], "texture": "#texture" },
        "east":  { "uv": [ 8.75, 10.25, 8.5, 10.5 ], "texture": "#texture" }
    }
},
{
    "__comment": "Saxyphonu x64",
    "from": [ 6.5, 9, 7 ],
    "to": [ 9.5, 10.5, 7.5 ],
    "faces": {
        "down":  { "uv": [ 7.25, 11.5, 8.75, 11.25 ], "texture": "#texture" },
        "up":    { "uv": [ 7.25, 10.75, 8.75, 11 ], "texture": "#texture" },
        "north": { "uv": [ 8.75, 10.75, 7.25, 11.5 ], "texture": "#texture" },
        "south": { "uv": [ 7.25, 10.75, 8.75, 11.5 ], "texture": "#texture" },
        "west":  { "uv": [ 7.25, 10.75, 7.5, 11.5 ], "texture": "#texture" },
        "east":  { "uv": [ 8.75, 10.75, 8.5, 11.5 ], "texture": "#texture" }
    }
},
{
    "__comment": "Saxyphonu x64",
    "from": [ 6.5, 7, 7 ],
    "to": [ 9.5, 8.5, 7.5 ],
    "faces": {
        "down":  { "uv": [ 7.25, 12.5, 8.75, 12.25 ], "texture": "#texture" },
        "up":    { "uv": [ 7.25, 11.75, 8.75, 12 ], "texture": "#texture" },
        "north": { "uv": [ 8.75, 11.75, 7.25, 12.5 ], "texture": "#texture" },
        "south": { "uv": [ 7.25, 11.75, 8.75, 12.5 ], "texture": "#texture" },
        "west":  { "uv": [ 7.25, 11.75, 7.5, 12.5 ], "texture": "#texture" },
        "east":  { "uv": [ 8.75, 11.75, 8.5, 12.5 ], "texture": "#texture" }
    }
},
{
    "__comment": "Saxyphonu x64",
    "from": [ 7, 4.5, 7 ],
    "to": [ 9.5, 6, 7.5 ],
    "faces": {
        "down":  { "uv": [ 7.25, 13.75, 8.75, 13.5 ], "texture": "#texture" },
        "up":    { "uv": [ 7.25, 13, 8.75, 13.25 ], "texture": "#texture" },
        "north": { "uv": [ 8.75, 13, 7.5, 13.75 ], "texture": "#texture" },
        "south": { "uv": [ 7.5, 13, 8.75, 13.75 ], "texture": "#texture" },
        "west":  { "uv": [ 8, 13, 8.25, 13.75 ], "texture": "#texture" },
        "east":  { "uv": [ 8.75, 13, 8.5, 13.75 ], "texture": "#texture" }
    }
},
{
    "__comment": "Saxyphonu x64",
    "from": [ 6.5, 2, 7 ],
    "to": [ 13, 3.5, 7.5 ],
    "faces": {
        "down":  { "uv": [ 7.25, 15, 10.5, 14.75 ], "texture": "#texture" },
        "up":    { "uv": [ 7.25, 14.25, 10.5, 14.5 ], "texture": "#texture" },
        "north": { "uv": [ 10.5, 14.25, 7.25, 15 ], "texture": "#texture" },
        "south": { "uv": [ 7.25, 14.25, 10.5, 15 ], "texture": "#texture" },
        "west":  { "uv": [ 7.25, 14.25, 7.5, 15 ], "texture": "#texture" },
        "east":  { "uv": [ 10.5, 14.25, 10.25, 15 ], "texture": "#texture" }
    }
},
{
    "__comment": "Saxyphonu x64",
    "from": [ 7, 28, 7 ],
    "to": [ 9, 28.5, 7.5 ],
    "faces": {
        "down":  { "uv": [ 7.5, 2, 8.5, 1.75 ], "texture": "#texture" },
        "up":    { "uv": [ 7.5, 1.75, 8.5, 2 ], "texture": "#texture" },
        "north": { "uv": [ 8.5, 1.75, 7.5, 2 ], "texture": "#texture" },
        "south": { "uv": [ 7.5, 1.75, 8.5, 2 ], "texture": "#texture" },
        "west":  { "uv": [ 7.5, 1.75, 7.75, 2 ], "texture": "#texture" },
        "east":  { "uv": [ 8.5, 1.75, 8.25, 2 ], "texture": "#texture" }
    }
},
{
    "__comment": "Saxyphonu x64",
    "from": [ 7, 12.5, 7 ],
    "to": [ 9.5, 25, 7.5 ],
    "faces": {
        "down":  { "uv": [ 7.5, 9.75, 8.75, 9.5 ], "texture": "#texture" },
        "up":    { "uv": [ 7.5, 3.5, 8.75, 3.75 ], "texture": "#texture" },
        "north": { "uv": [ 8.75, 3.5, 7.5, 9.75 ], "texture": "#texture" },
        "south": { "uv": [ 7.5, 3.5, 8.75, 9.75 ], "texture": "#texture" },
        "west":  { "uv": [ 7.5, 3.5, 7.75, 9.75 ], "texture": "#texture" },
        "east":  { "uv": [ 8.75, 3.5, 8.5, 9.75 ], "texture": "#texture" }
    }
},
{
    "__comment": "Saxyphonu x64",
    "from": [ 7, 11.5, 7 ],
    "to": [ 9.5, 12, 7.5 ],
    "faces": {
        "down":  { "uv": [ 7.5, 10.25, 8.75, 10 ], "texture": "#texture" },
        "up":    { "uv": [ 7.5, 10, 8.75, 10.25 ], "texture": "#texture" },
        "north": { "uv": [ 8.75, 10, 7.5, 10.25 ], "texture": "#texture" },
        "south": { "uv": [ 7.5, 10, 8.75, 10.25 ], "texture": "#texture" },
        "west":  { "uv": [ 7.5, 10, 7.75, 10.25 ], "texture": "#texture" },
        "east":  { "uv": [ 8.75, 10, 8.5, 10.25 ], "texture": "#texture" }
    }
},
{
    "__comment": "Saxyphonu x64",
    "from": [ 7, 10.5, 7 ],
    "to": [ 9.5, 11, 7.5 ],
    "faces": {
        "down":  { "uv": [ 7.5, 10.75, 8.75, 10.5 ], "texture": "#texture" },
        "up":    { "uv": [ 7.5, 10.5, 8.75, 10.75 ], "texture": "#texture" },
        "north": { "uv": [ 8.75, 10.5, 7.5, 10.75 ], "texture": "#texture" },
        "south": { "uv": [ 7.5, 10.5, 8.75, 10.75 ], "texture": "#texture" },
        "west":  { "uv": [ 7.5, 10.5, 7.75, 10.75 ], "texture": "#texture" },
        "east":  { "uv": [ 8.75, 10.5, 8.5, 10.75 ], "texture": "#texture" }
    }
},
{
    "__comment": "Saxyphonu x64",
    "from": [ 7, 6, 7 ],
    "to": [ 9.5, 7, 7.5 ],
    "faces": {
        "down":  { "uv": [ 7.5, 13, 8.75, 12.75 ], "texture": "#texture" },
        "up":    { "uv": [ 7.5, 12.5, 8.75, 12.75 ], "texture": "#texture" },
        "north": { "uv": [ 8.75, 12.5, 7.5, 13 ], "texture": "#texture" },
        "south": { "uv": [ 7.5, 12.5, 8.75, 13 ], "texture": "#texture" },
        "west":  { "uv": [ 7.5, 12.5, 7.75, 13 ], "texture": "#texture" },
        "east":  { "uv": [ 8.75, 12.5, 8.5, 13 ], "texture": "#texture" }
    }
},
{
    "__comment": "Saxyphonu x64",
    "from": [ 7.5, 25, 7 ],
    "to": [ 9, 28, 7.5 ],
    "faces": {
        "down":  { "uv": [ 7.75, 3.5, 8.5, 3.25 ], "texture": "#texture" },
        "up":    { "uv": [ 7.75, 2, 8.5, 2.25 ], "texture": "#texture" },
        "north": { "uv": [ 8.5, 2, 7.75, 3.5 ], "texture": "#texture" },
        "south": { "uv": [ 7.75, 2, 8.5, 3.5 ], "texture": "#texture" },
        "west":  { "uv": [ 7.75, 2, 8, 3.5 ], "texture": "#texture" },
        "east":  { "uv": [ 8.5, 2, 8.25, 3.5 ], "texture": "#texture" }
    }
},
{
    "__comment": "Saxyphonu x64",
    "from": [ 7.5, 1, 7 ],
    "to": [ 12.5, 2, 7.5 ],
    "faces": {
        "down":  { "uv": [ 7.75, 15.5, 10.25, 15.25 ], "texture": "#texture" },
        "up":    { "uv": [ 7.75, 15, 10.25, 15.25 ], "texture": "#texture" },
        "north": { "uv": [ 10.25, 15, 7.75, 15.5 ], "texture": "#texture" },
        "south": { "uv": [ 7.75, 15, 10.25, 15.5 ], "texture": "#texture" },
        "west":  { "uv": [ 7.75, 15, 8, 15.5 ], "texture": "#texture" },
        "east":  { "uv": [ 10.25, 15, 10, 15.5 ], "texture": "#texture" }
    }
},
{
    "__comment": "Saxyphonu x64",
    "from": [ 8, 0.5, 7 ],
    "to": [ 11.5, 1, 7.5 ],
    "faces": {
        "down":  { "uv": [ 8, 15.75, 9.75, 15.5 ], "texture": "#texture" },
        "up":    { "uv": [ 8, 15.5, 9.75, 15.75 ], "texture": "#texture" },
        "north": { "uv": [ 9.75, 15.5, 8, 15.75 ], "texture": "#texture" },
        "south": { "uv": [ 8, 15.5, 9.75, 15.75 ], "texture": "#texture" },
        "west":  { "uv": [ 8, 15.5, 8.25, 15.75 ], "texture": "#texture" },
        "east":  { "uv": [ 9.75, 15.5, 9.5, 15.75 ], "texture": "#texture" }
    }
},
{
    "__comment": "Saxyphonu x64",
    "from": [ 8.5, 0, 7 ],
    "to": [ 11, 0.5, 7.5 ],
    "faces": {
        "down":  { "uv": [ 8.25, 16, 9.5, 15.75 ], "texture": "#texture" },
        "up":    { "uv": [ 8.25, 15.75, 9.5, 16 ], "texture": "#texture" },
        "north": { "uv": [ 9.5, 15.75, 8.25, 16 ], "texture": "#texture" },
        "south": { "uv": [ 8.25, 15.75, 9.5, 16 ], "texture": "#texture" },
        "west":  { "uv": [ 8.25, 15.75, 8.5, 16 ], "texture": "#texture" },
        "east":  { "uv": [ 9.5, 15.75, 9.25, 16 ], "texture": "#texture" }
    }
},
{
    "__comment": "Saxyphonu x64",
    "from": [ 9, 27.5, 7 ],
    "to": [ 9.5, 28, 7.5 ],
    "faces": {
        "down":  { "uv": [ 8.5, 2.25, 8.75, 2 ], "texture": "#texture" },
        "up":    { "uv": [ 8.5, 2, 8.75, 2.25 ], "texture": "#texture" },
        "north": { "uv": [ 8.75, 2, 8.5, 2.25 ], "texture": "#texture" },
        "south": { "uv": [ 8.5, 2, 8.75, 2.25 ], "texture": "#texture" },
        "west":  { "uv": [ 8.5, 2, 8.75, 2.25 ], "texture": "#texture" },
        "east":  { "uv": [ 8.75, 2, 8.5, 2.25 ], "texture": "#texture" }
    }
},
{
    "__comment": "Saxyphonu x64",
    "from": [ 9, 25.5, 7 ],
    "to": [ 9.5, 26, 7.5 ],
    "faces": {
        "down":  { "uv": [ 8.5, 3.25, 8.75, 3 ], "texture": "#texture" },
        "up":    { "uv": [ 8.5, 3, 8.75, 3.25 ], "texture": "#texture" },
        "north": { "uv": [ 8.75, 3, 8.5, 3.25 ], "texture": "#texture" },
        "south": { "uv": [ 8.5, 3, 8.75, 3.25 ], "texture": "#texture" },
        "west":  { "uv": [ 8.5, 3, 8.75, 3.25 ], "texture": "#texture" },
        "east":  { "uv": [ 8.75, 3, 8.5, 3.25 ], "texture": "#texture" }
    }
},
{
    "__comment": "Saxyphonu x64",
    "from": [ 9.5, 19, 7 ],
    "to": [ 10, 21, 7.5 ],
    "faces": {
        "down":  { "uv": [ 8.75, 6.5, 9, 6.25 ], "texture": "#texture" },
        "up":    { "uv": [ 8.75, 5.5, 9, 5.75 ], "texture": "#texture" },
        "north": { "uv": [ 9, 5.5, 8.75, 6.5 ], "texture": "#texture" },
        "south": { "uv": [ 8.75, 5.5, 9, 6.5 ], "texture": "#texture" },
        "west":  { "uv": [ 8.75, 5.5, 9, 6.5 ], "texture": "#texture" },
        "east":  { "uv": [ 9, 5.5, 8.75, 6.5 ], "texture": "#texture" }
    }
},
{
    "__comment": "Saxyphonu x64",
    "from": [ 9.5, 14.5, 7 ],
    "to": [ 10, 18, 7.5 ],
    "faces": {
        "down":  { "uv": [ 8.75, 8.75, 9, 8.5 ], "texture": "#texture" },
        "up":    { "uv": [ 8.75, 7, 9, 7.25 ], "texture": "#texture" },
        "north": { "uv": [ 9, 7, 8.75, 8.75 ], "texture": "#texture" },
        "south": { "uv": [ 8.75, 7, 9, 8.75 ], "texture": "#texture" },
        "west":  { "uv": [ 8.75, 7, 9, 8.75 ], "texture": "#texture" },
        "east":  { "uv": [ 9, 7, 8.75, 8.75 ], "texture": "#texture" }
    }
},
{
    "__comment": "Saxyphonu x64",
    "from": [ 10, 19.5, 7 ],
    "to": [ 10.5, 20, 7.5 ],
    "faces": {
        "down":  { "uv": [ 9, 6.25, 9.25, 6 ], "texture": "#texture" },
        "up":    { "uv": [ 9, 6, 9.25, 6.25 ], "texture": "#texture" },
        "north": { "uv": [ 9.25, 6, 9, 6.25 ], "texture": "#texture" },
        "south": { "uv": [ 9, 6, 9.25, 6.25 ], "texture": "#texture" },
        "west":  { "uv": [ 9, 6, 9.25, 6.25 ], "texture": "#texture" },
        "east":  { "uv": [ 9.25, 6, 9, 6.25 ], "texture": "#texture" }
    }
},
{
    "__comment": "Saxyphonu x64",
    "from": [ 10, 15.5, 7 ],
    "to": [ 10.5, 16, 7.5 ],
    "faces": {
        "down":  { "uv": [ 9, 8.25, 9.25, 8 ], "texture": "#texture" },
        "up":    { "uv": [ 9, 8, 9.25, 8.25 ], "texture": "#texture" },
        "north": { "uv": [ 9.25, 8, 9, 8.25 ], "texture": "#texture" },
        "south": { "uv": [ 9, 8, 9.25, 8.25 ], "texture": "#texture" },
        "west":  { "uv": [ 9, 8, 9.25, 8.25 ], "texture": "#texture" },
        "east":  { "uv": [ 9.25, 8, 9, 8.25 ], "texture": "#texture" }
    }
},
{
    "__comment": "Saxyphonu x64",
    "from": [ 10, 3.5, 7 ],
    "to": [ 13, 8, 7.5 ],
    "faces": {
        "down":  { "uv": [ 9, 14.25, 10.5, 14 ], "texture": "#texture" },
        "up":    { "uv": [ 9, 12, 10.5, 12.25 ], "texture": "#texture" },
        "north": { "uv": [ 10.5, 12, 9, 14.25 ], "texture": "#texture" },
        "south": { "uv": [ 9, 12, 10.5, 14.25 ], "texture": "#texture" },
        "west":  { "uv": [ 9, 12, 9.25, 14.25 ], "texture": "#texture" },
        "east":  { "uv": [ 10.5, 12, 10.25, 14.25 ], "texture": "#texture" }
    }
},
{
    "__comment": "Saxyphonu x64",
    "from": [ 10.5, 8, 7 ],
    "to": [ 13.5, 10, 7.5 ],
    "faces": {
        "down":  { "uv": [ 9.25, 12, 10.75, 11.75 ], "texture": "#texture" },
        "up":    { "uv": [ 9.25, 11, 10.75, 11.25 ], "texture": "#texture" },
        "north": { "uv": [ 10.75, 11, 9.25, 12 ], "texture": "#texture" },
        "south": { "uv": [ 9.25, 11, 10.75, 12 ], "texture": "#texture" },
        "west":  { "uv": [ 9.25, 11, 9.5, 12 ], "texture": "#texture" },
        "east":  { "uv": [ 10.75, 11, 10.5, 12 ], "texture": "#texture" }
    }
},
{
    "__comment": "Saxyphonu x64",
    "from": [ 13, 4, 7 ],
    "to": [ 13.5, 8, 7.5 ],
    "faces": {
        "down":  { "uv": [ 10.5, 14, 10.75, 13.75 ], "texture": "#texture" },
        "up":    { "uv": [ 10.5, 12, 10.75, 12.25 ], "texture": "#texture" },
        "north": { "uv": [ 10.75, 12, 10.5, 14 ], "texture": "#texture" },
        "south": { "uv": [ 10.5, 12, 10.75, 14 ], "texture": "#texture" },
        "west":  { "uv": [ 10.5, 12, 10.75, 14 ], "texture": "#texture" },
        "east":  { "uv": [ 10.75, 12, 10.5, 14 ], "texture": "#texture" }
    }
},
{
    "__comment": "Saxyphonu x64",
    "from": [ 13.5, 8.5, 7 ],
    "to": [ 14, 10, 7.5 ],
    "faces": {
        "down":  { "uv": [ 10.75, 11.75, 11, 11.5 ], "texture": "#texture" },
        "up":    { "uv": [ 10.75, 11, 11, 11.25 ], "texture": "#texture" },
        "north": { "uv": [ 11, 11, 10.75, 11.75 ], "texture": "#texture" },
        "south": { "uv": [ 10.75, 11, 11, 11.75 ], "texture": "#texture" },
        "west":  { "uv": [ 10.75, 11, 11, 11.75 ], "texture": "#texture" },
        "east":  { "uv": [ 11, 11, 10.75, 11.75 ], "texture": "#texture" }
    }
},
{
    "__comment": "Saxyphonu3 x64*",
    "from": [ 12, 6.5, 6 ],
    "to": [ 12.5, 10, 8.5 ],
    "faces": {
        "down":  { "uv": [ 9.75, 14.5, 10, 14.25 ], "texture": "#texture" },
        "up":    { "uv": [ 9.75, 11.5, 10, 11.75 ], "texture": "#texture" },
        "north": { "uv": [ 10, 11.5, 9.75, 14.5 ], "texture": "#texture" },
        "south": { "uv": [ 9.75, 11.5, 10, 14.5 ], "texture": "#texture" },
        "west":  { "uv": [ 9.75, 11.5, 10, 14.5 ], "texture": "#texture" },
        "east":  { "uv": [ 10, 11.5, 9.75, 14.5 ], "texture": "#texture" }
    }
},
{
    "__comment": "Saxyphonu x64*",
    "from": [ 13.5, 10, 6 ],
    "to": [ 14.5, 11, 6.5 ],
    "faces": {
        "down":  { "uv": [ 10.75, 11.75, 11, 11.5 ], "texture": "#texture" },
        "up":    { "uv": [ 10.75, 11, 11, 11.25 ], "texture": "#texture" },
        "north": { "uv": [ 11, 11, 10.75, 11.75 ], "texture": "#texture" },
        "south": { "uv": [ 10.75, 11, 11, 11.75 ], "texture": "#texture" },
        "west":  { "uv": [ 10.75, 11, 11, 11.75 ], "texture": "#texture" },
        "east":  { "uv": [ 11, 11, 10.75, 11.75 ], "texture": "#texture" }
    }
},
{
    "__comment": "Saxyphonu x64*",
    "from": [ 11, 11, 8 ],
    "to": [ 12, 12, 8.5 ],
    "faces": {
        "down":  { "uv": [ 10.75, 11.75, 11, 11.5 ], "texture": "#texture" },
        "up":    { "uv": [ 10.75, 11, 11, 11.25 ], "texture": "#texture" },
        "north": { "uv": [ 11, 11, 10.75, 11.75 ], "texture": "#texture" },
        "south": { "uv": [ 10.75, 11, 11, 11.75 ], "texture": "#texture" },
        "west":  { "uv": [ 10.75, 11, 11, 11.75 ], "texture": "#texture" },
        "east":  { "uv": [ 11, 11, 10.75, 11.75 ], "texture": "#texture" }
    }
},
{
    "__comment": "Saxyphonu x64*",
    "from": [ 12, 12, 5 ],
    "to": [ 13, 13, 5.5 ],
    "faces": {
        "down":  { "uv": [ 10.75, 11.75, 11, 11.5 ], "texture": "#texture" },
        "up":    { "uv": [ 10.75, 11, 11, 11.25 ], "texture": "#texture" },
        "north": { "uv": [ 11, 11, 10.75, 11.75 ], "texture": "#texture" },
        "south": { "uv": [ 10.75, 11, 11, 11.75 ], "texture": "#texture" },
        "west":  { "uv": [ 10.75, 11, 11, 11.75 ], "texture": "#texture" },
        "east":  { "uv": [ 11, 11, 10.75, 11.75 ], "texture": "#texture" }
    }
},
{
    "__comment": "Saxyphonu x64*",
    "from": [ 12, 12, 9 ],
    "to": [ 13, 13, 9.5 ],
    "faces": {
        "down":  { "uv": [ 10.75, 11.75, 11, 11.5 ], "texture": "#texture" },
        "up":    { "uv": [ 10.75, 11, 11, 11.25 ], "texture": "#texture" },
        "north": { "uv": [ 11, 11, 10.75, 11.75 ], "texture": "#texture" },
        "south": { "uv": [ 10.75, 11, 11, 11.75 ], "texture": "#texture" },
        "west":  { "uv": [ 10.75, 11, 11, 11.75 ], "texture": "#texture" },
        "east":  { "uv": [ 11, 11, 10.75, 11.75 ], "texture": "#texture" }
    }
},
{
    "__comment": "Saxyphonu x64*",
    "from": [ 11, 12, 8.5 ],
    "to": [ 12, 13, 9 ],
    "faces": {
        "down":  { "uv": [ 10.75, 11.75, 11, 11.5 ], "texture": "#texture" },
        "up":    { "uv": [ 10.75, 11, 11, 11.25 ], "texture": "#texture" },
        "north": { "uv": [ 11, 11, 10.75, 11.75 ], "texture": "#texture" },
        "south": { "uv": [ 10.75, 11, 11, 11.75 ], "texture": "#texture" },
        "west":  { "uv": [ 10.75, 11, 11, 11.75 ], "texture": "#texture" },
        "east":  { "uv": [ 11, 11, 10.75, 11.75 ], "texture": "#texture" }
    }
},
{
    "__comment": "Saxyphonu x64*",
    "from": [ 11, 12, 5.5 ],
    "to": [ 12, 13, 6 ],
    "faces": {
        "down":  { "uv": [ 10.75, 11.75, 11, 11.5 ], "texture": "#texture" },
        "up":    { "uv": [ 10.75, 11, 11, 11.25 ], "texture": "#texture" },
        "north": { "uv": [ 11, 11, 10.75, 11.75 ], "texture": "#texture" },
        "south": { "uv": [ 10.75, 11, 11, 11.75 ], "texture": "#texture" },
        "west":  { "uv": [ 10.75, 11, 11, 11.75 ], "texture": "#texture" },
        "east":  { "uv": [ 11, 11, 10.75, 11.75 ], "texture": "#texture" }
    }
},
{
    "__comment": "Saxyphonu x64*",
    "from": [ 14.5, 11, 9 ],
    "to": [ 15, 12, 9.5 ],
    "faces": {
        "down":  { "uv": [ 10.75, 11.75, 11, 11.5 ], "texture": "#texture" },
        "up":    { "uv": [ 10.75, 11, 11, 11.25 ], "texture": "#texture" },
        "north": { "uv": [ 11, 11, 10.75, 11.75 ], "texture": "#texture" },
        "south": { "uv": [ 10.75, 11, 11, 11.75 ], "texture": "#texture" },
        "west":  { "uv": [ 10.75, 11, 11, 11.75 ], "texture": "#texture" },
        "east":  { "uv": [ 11, 11, 10.75, 11.75 ], "texture": "#texture" }
    }
},
{
    "__comment": "Saxyphonu x64*",
    "from": [ 14.5, 11, 5 ],
    "to": [ 15, 12, 5.5 ],
    "faces": {
        "down":  { "uv": [ 10.75, 11.75, 11, 11.5 ], "texture": "#texture" },
        "up":    { "uv": [ 10.75, 11, 11, 11.25 ], "texture": "#texture" },
        "north": { "uv": [ 11, 11, 10.75, 11.75 ], "texture": "#texture" },
        "south": { "uv": [ 10.75, 11, 11, 11.75 ], "texture": "#texture" },
        "west":  { "uv": [ 10.75, 11, 11, 11.75 ], "texture": "#texture" },
        "east":  { "uv": [ 11, 11, 10.75, 11.75 ], "texture": "#texture" }
    }
},
{
    "__comment": "Saxyphonu x64*",
    "from": [ 11, 12.5, 6 ],
    "to": [ 11.5, 13, 8.5 ],
    "faces": {
        "down":  { "uv": [ 10.75, 11.75, 11, 11.5 ], "texture": "#texture" },
        "up":    { "uv": [ 10.75, 11, 11, 11.25 ], "texture": "#texture" },
        "north": { "uv": [ 11, 11, 10.75, 11.75 ], "texture": "#texture" },
        "south": { "uv": [ 10.75, 11, 11, 11.75 ], "texture": "#texture" },
        "west":  { "uv": [ 10.75, 11, 11, 11.75 ], "texture": "#texture" },
        "east":  { "uv": [ 11, 11, 10.75, 11.75 ], "texture": "#texture" }
    }
},
{
    "__comment": "Saxyphonu x64*",
    "from": [ 10.5, 12, 6 ],
    "to": [ 11, 13, 8.5 ],
    "faces": {
        "down":  { "uv": [ 10.75, 11.75, 11, 11.5 ], "texture": "#texture" },
        "up":    { "uv": [ 10.75, 11, 11, 11.25 ], "texture": "#texture" },
        "north": { "uv": [ 11, 11, 10.75, 11.75 ], "texture": "#texture" },
        "south": { "uv": [ 10.75, 11, 11, 11.75 ], "texture": "#texture" },
        "west":  { "uv": [ 10.75, 11, 11, 11.75 ], "texture": "#texture" },
        "east":  { "uv": [ 11, 11, 10.75, 11.75 ], "texture": "#texture" }
    }
},
{
    "__comment": "Saxyphonu x64*",
    "from": [ 13.5, 12, 5 ],
    "to": [ 14.5, 12.5, 5.5 ],
    "faces": {
        "down":  { "uv": [ 10.75, 11.75, 11, 11.5 ], "texture": "#texture" },
        "up":    { "uv": [ 10.75, 11, 11, 11.25 ], "texture": "#texture" },
        "north": { "uv": [ 11, 11, 10.75, 11.75 ], "texture": "#texture" },
        "south": { "uv": [ 10.75, 11, 11, 11.75 ], "texture": "#texture" },
        "west":  { "uv": [ 10.75, 11, 11, 11.75 ], "texture": "#texture" },
        "east":  { "uv": [ 11, 11, 10.75, 11.75 ], "texture": "#texture" }
    }
},
{
    "__comment": "Saxyphonu x64*",
    "from": [ 13.5, 12, 9 ],
    "to": [ 14.5, 12.5, 9.5 ],
    "faces": {
        "down":  { "uv": [ 10.75, 11.75, 11, 11.5 ], "texture": "#texture" },
        "up":    { "uv": [ 10.75, 11, 11, 11.25 ], "texture": "#texture" },
        "north": { "uv": [ 11, 11, 10.75, 11.75 ], "texture": "#texture" },
        "south": { "uv": [ 10.75, 11, 11, 11.75 ], "texture": "#texture" },
        "west":  { "uv": [ 10.75, 11, 11, 11.75 ], "texture": "#texture" },
        "east":  { "uv": [ 11, 11, 10.75, 11.75 ], "texture": "#texture" }
    }
},
{
    "__comment": "Saxyphonu x64*",
    "from": [ 13, 12, 9.5 ],
    "to": [ 13.5, 13, 10 ],
    "faces": {
        "down":  { "uv": [ 10.75, 11.75, 11, 11.5 ], "texture": "#texture" },
        "up":    { "uv": [ 10.75, 11, 11, 11.25 ], "texture": "#texture" },
        "north": { "uv": [ 11, 11, 10.75, 11.75 ], "texture": "#texture" },
        "south": { "uv": [ 10.75, 11, 11, 11.75 ], "texture": "#texture" },
        "west":  { "uv": [ 10.75, 11, 11, 11.75 ], "texture": "#texture" },
        "east":  { "uv": [ 11, 11, 10.75, 11.75 ], "texture": "#texture" }
    }
},
{
    "__comment": "Saxyphonu x64*",
    "from": [ 13, 12, 4.5 ],
    "to": [ 13.5, 13, 5 ],
    "faces": {
        "down":  { "uv": [ 10.75, 11.75, 11, 11.5 ], "texture": "#texture" },
        "up":    { "uv": [ 10.75, 11, 11, 11.25 ], "texture": "#texture" },
        "north": { "uv": [ 11, 11, 10.75, 11.75 ], "texture": "#texture" },
        "south": { "uv": [ 10.75, 11, 11, 11.75 ], "texture": "#texture" },
        "west":  { "uv": [ 10.75, 11, 11, 11.75 ], "texture": "#texture" },
        "east":  { "uv": [ 11, 11, 10.75, 11.75 ], "texture": "#texture" }
    }
},
{
    "__comment": "Saxyphonu x64*",
    "from": [ 11, 13, 6 ],
    "to": [ 12, 13.5, 8.5 ],
    "faces": {
        "down":  { "uv": [ 10.75, 11.75, 11, 11.5 ], "texture": "#texture" },
        "up":    { "uv": [ 10.75, 11, 11, 11.25 ], "texture": "#texture" },
        "north": { "uv": [ 11, 11, 10.75, 11.75 ], "texture": "#texture" },
        "south": { "uv": [ 10.75, 11, 11, 11.75 ], "texture": "#texture" },
        "west":  { "uv": [ 10.75, 11, 11, 11.75 ], "texture": "#texture" },
        "east":  { "uv": [ 11, 11, 10.75, 11.75 ], "texture": "#texture" }
    }
},
{
    "__comment": "Saxyphonu x64*",
    "from": [ 12, 11, 8.5 ],
    "to": [ 13, 12, 9 ],
    "faces": {
        "down":  { "uv": [ 10.75, 11.75, 11, 11.5 ], "texture": "#texture" },
        "up":    { "uv": [ 10.75, 11, 11, 11.25 ], "texture": "#texture" },
        "north": { "uv": [ 11, 11, 10.75, 11.75 ], "texture": "#texture" },
        "south": { "uv": [ 10.75, 11, 11, 11.75 ], "texture": "#texture" },
        "west":  { "uv": [ 10.75, 11, 11, 11.75 ], "texture": "#texture" },
        "east":  { "uv": [ 11, 11, 10.75, 11.75 ], "texture": "#texture" }
    }
},
{
    "__comment": "Saxyphonu x64*",
    "from": [ 13.5, 11, 8.5 ],
    "to": [ 14.5, 12, 9 ],
    "faces": {
        "down":  { "uv": [ 10.75, 11.75, 11, 11.5 ], "texture": "#texture" },
        "up":    { "uv": [ 10.75, 11, 11, 11.25 ], "texture": "#texture" },
        "north": { "uv": [ 11, 11, 10.75, 11.75 ], "texture": "#texture" },
        "south": { "uv": [ 10.75, 11, 11, 11.75 ], "texture": "#texture" },
        "west":  { "uv": [ 10.75, 11, 11, 11.75 ], "texture": "#texture" },
        "east":  { "uv": [ 11, 11, 10.75, 11.75 ], "texture": "#texture" }
    }
},
{
    "__comment": "Saxyphonu x64*",
    "from": [ 14.5, 11, 8 ],
    "to": [ 15.5, 11.5, 9 ],
    "faces": {
        "down":  { "uv": [ 10.75, 11.75, 11, 11.5 ], "texture": "#texture" },
        "up":    { "uv": [ 10.75, 11, 11, 11.25 ], "texture": "#texture" },
        "north": { "uv": [ 11, 11, 10.75, 11.75 ], "texture": "#texture" },
        "south": { "uv": [ 10.75, 11, 11, 11.75 ], "texture": "#texture" },
        "west":  { "uv": [ 10.75, 11, 11, 11.75 ], "texture": "#texture" },
        "east":  { "uv": [ 11, 11, 10.75, 11.75 ], "texture": "#texture" }
    }
},
{
    "__comment": "Saxyphonu x64*",
    "from": [ 14.5, 11, 5.5 ],
    "to": [ 15.5, 11.5, 6.5 ],
    "faces": {
        "down":  { "uv": [ 10.75, 11.75, 11, 11.5 ], "texture": "#texture" },
        "up":    { "uv": [ 10.75, 11, 11, 11.25 ], "texture": "#texture" },
        "north": { "uv": [ 11, 11, 10.75, 11.75 ], "texture": "#texture" },
        "south": { "uv": [ 10.75, 11, 11, 11.75 ], "texture": "#texture" },
        "west":  { "uv": [ 10.75, 11, 11, 11.75 ], "texture": "#texture" },
        "east":  { "uv": [ 11, 11, 10.75, 11.75 ], "texture": "#texture" }
    }
},
{
    "__comment": "Saxyphonu x64*",
    "from": [ 13.5, 11, 5.5 ],
    "to": [ 14.5, 12, 6 ],
    "faces": {
        "down":  { "uv": [ 10.75, 11.75, 11, 11.5 ], "texture": "#texture" },
        "up":    { "uv": [ 10.75, 11, 11, 11.25 ], "texture": "#texture" },
        "north": { "uv": [ 11, 11, 10.75, 11.75 ], "texture": "#texture" },
        "south": { "uv": [ 10.75, 11, 11, 11.75 ], "texture": "#texture" },
        "west":  { "uv": [ 10.75, 11, 11, 11.75 ], "texture": "#texture" },
        "east":  { "uv": [ 11, 11, 10.75, 11.75 ], "texture": "#texture" }
    }
},
{
    "__comment": "Saxyphonu x64*",
    "from": [ 12, 11, 5.5 ],
    "to": [ 13, 12, 6 ],
    "faces": {
        "down":  { "uv": [ 10.75, 11.75, 11, 11.5 ], "texture": "#texture" },
        "up":    { "uv": [ 10.75, 11, 11, 11.25 ], "texture": "#texture" },
        "north": { "uv": [ 11, 11, 10.75, 11.75 ], "texture": "#texture" },
        "south": { "uv": [ 10.75, 11, 11, 11.75 ], "texture": "#texture" },
        "west":  { "uv": [ 10.75, 11, 11, 11.75 ], "texture": "#texture" },
        "east":  { "uv": [ 11, 11, 10.75, 11.75 ], "texture": "#texture" }
    }
},
{
    "__comment": "Saxyphonu x64*",
    "from": [ 11, 11, 6 ],
    "to": [ 12, 12, 6.5 ],
    "faces": {
        "down":  { "uv": [ 10.75, 11.75, 11, 11.5 ], "texture": "#texture" },
        "up":    { "uv": [ 10.75, 11, 11, 11.25 ], "texture": "#texture" },
        "north": { "uv": [ 11, 11, 10.75, 11.75 ], "texture": "#texture" },
        "south": { "uv": [ 10.75, 11, 11, 11.75 ], "texture": "#texture" },
        "west":  { "uv": [ 10.75, 11, 11, 11.75 ], "texture": "#texture" },
        "east":  { "uv": [ 11, 11, 10.75, 11.75 ], "texture": "#texture" }
    }
},
{
    "__comment": "Saxyphonu x64*",
    "from": [ 13, 11, 5 ],
    "to": [ 13.5, 12, 5.5 ],
    "faces": {
        "down":  { "uv": [ 10.75, 11.75, 11, 11.5 ], "texture": "#texture" },
        "up":    { "uv": [ 10.75, 11, 11, 11.25 ], "texture": "#texture" },
        "north": { "uv": [ 11, 11, 10.75, 11.75 ], "texture": "#texture" },
        "south": { "uv": [ 10.75, 11, 11, 11.75 ], "texture": "#texture" },
        "west":  { "uv": [ 10.75, 11, 11, 11.75 ], "texture": "#texture" },
        "east":  { "uv": [ 11, 11, 10.75, 11.75 ], "texture": "#texture" }
    }
},
{
    "__comment": "Saxyphonu x64*",
    "from": [ 13, 11, 9 ],
    "to": [ 13.5, 12, 9.5 ],
    "faces": {
        "down":  { "uv": [ 10.75, 11.75, 11, 11.5 ], "texture": "#texture" },
        "up":    { "uv": [ 10.75, 11, 11, 11.25 ], "texture": "#texture" },
        "north": { "uv": [ 11, 11, 10.75, 11.75 ], "texture": "#texture" },
        "south": { "uv": [ 10.75, 11, 11, 11.75 ], "texture": "#texture" },
        "west":  { "uv": [ 10.75, 11, 11, 11.75 ], "texture": "#texture" },
        "east":  { "uv": [ 11, 11, 10.75, 11.75 ], "texture": "#texture" }
    }
},
{
    "__comment": "Saxyphonu x64*",
    "from": [ 15.5, 10.5, 6.5 ],
    "to": [ 16, 11, 8 ],
    "faces": {
        "down":  { "uv": [ 10.75, 11.75, 11, 11.5 ], "texture": "#texture" },
        "up":    { "uv": [ 10.75, 11, 11, 11.25 ], "texture": "#texture" },
        "north": { "uv": [ 11, 11, 10.75, 11.75 ], "texture": "#texture" },
        "south": { "uv": [ 10.75, 11, 11, 11.75 ], "texture": "#texture" },
        "west":  { "uv": [ 10.75, 11, 11, 11.75 ], "texture": "#texture" },
        "east":  { "uv": [ 11, 11, 10.75, 11.75 ], "texture": "#texture" }
    }
},
{
    "__comment": "Saxyphonu x64*",
    "from": [ 11, 11, 6.5 ],
    "to": [ 11.5, 12, 8 ],
    "faces": {
        "down":  { "uv": [ 10.75, 11.75, 11, 11.5 ], "texture": "#texture" },
        "up":    { "uv": [ 10.75, 11, 11, 11.25 ], "texture": "#texture" },
        "north": { "uv": [ 11, 11, 10.75, 11.75 ], "texture": "#texture" },
        "south": { "uv": [ 10.75, 11, 11, 11.75 ], "texture": "#texture" },
        "west":  { "uv": [ 10.75, 11, 11, 11.75 ], "texture": "#texture" },
        "east":  { "uv": [ 11, 11, 10.75, 11.75 ], "texture": "#texture" }
    }
},
{
    "__comment": "Saxyphonu x64*",
    "from": [ 10.5, 10.5, 7 ],
    "to": [ 11, 12, 7.5 ],
    "faces": {
        "down":  { "uv": [ 10.75, 11.75, 11, 11.5 ], "texture": "#texture" },
        "up":    { "uv": [ 10.75, 11, 11, 11.25 ], "texture": "#texture" },
        "north": { "uv": [ 11, 11, 10.75, 11.75 ], "texture": "#texture" },
        "south": { "uv": [ 10.75, 11, 11, 11.75 ], "texture": "#texture" },
        "west":  { "uv": [ 10.75, 11, 11, 11.75 ], "texture": "#texture" },
        "east":  { "uv": [ 11, 11, 10.75, 11.75 ], "texture": "#texture" }
    }
},
{
    "__comment": "Saxyphonu x64*",
    "from": [ 15.5, 10, 7 ],
    "to": [ 16, 10.5, 7.5 ],
    "faces": {
        "down":  { "uv": [ 10.75, 11.75, 11, 11.5 ], "texture": "#texture" },
        "up":    { "uv": [ 10.75, 11, 11, 11.25 ], "texture": "#texture" },
        "north": { "uv": [ 11, 11, 10.75, 11.75 ], "texture": "#texture" },
        "south": { "uv": [ 10.75, 11, 11, 11.75 ], "texture": "#texture" },
        "west":  { "uv": [ 10.75, 11, 11, 11.75 ], "texture": "#texture" },
        "east":  { "uv": [ 11, 11, 10.75, 11.75 ], "texture": "#texture" }
    }
},
{
    "__comment": "Saxyphonu x64*",
    "from": [ 14.5, 10, 6.5 ],
    "to": [ 15, 11, 8 ],
    "faces": {
        "down":  { "uv": [ 10.75, 11.75, 11, 11.5 ], "texture": "#texture" },
        "up":    { "uv": [ 10.75, 11, 11, 11.25 ], "texture": "#texture" },
        "north": { "uv": [ 11, 11, 10.75, 11.75 ], "texture": "#texture" },
        "south": { "uv": [ 10.75, 11, 11, 11.75 ], "texture": "#texture" },
        "west":  { "uv": [ 10.75, 11, 11, 11.75 ], "texture": "#texture" },
        "east":  { "uv": [ 11, 11, 10.75, 11.75 ], "texture": "#texture" }
    }
},
{
    "__comment": "Saxyphonu x64*",
    "from": [ 13.5, 10, 8 ],
    "to": [ 14.5, 11, 8.5 ],
    "faces": {
        "down":  { "uv": [ 10.75, 11.75, 11, 11.5 ], "texture": "#texture" },
        "up":    { "uv": [ 10.75, 11, 11, 11.25 ], "texture": "#texture" },
        "north": { "uv": [ 11, 11, 10.75, 11.75 ], "texture": "#texture" },
        "south": { "uv": [ 10.75, 11, 11, 11.75 ], "texture": "#texture" },
        "west":  { "uv": [ 10.75, 11, 11, 11.75 ], "texture": "#texture" },
        "east":  { "uv": [ 11, 11, 10.75, 11.75 ], "texture": "#texture" }
    }
},
{
    "__comment": "Saxyphonu x64*",
    "from": [ 13, 10, 5.5 ],
    "to": [ 13.5, 11, 6 ],
    "faces": {
        "down":  { "uv": [ 10.75, 11.75, 11, 11.5 ], "texture": "#texture" },
        "up":    { "uv": [ 10.75, 11, 11, 11.25 ], "texture": "#texture" },
        "north": { "uv": [ 11, 11, 10.75, 11.75 ], "texture": "#texture" },
        "south": { "uv": [ 10.75, 11, 11, 11.75 ], "texture": "#texture" },
        "west":  { "uv": [ 10.75, 11, 11, 11.75 ], "texture": "#texture" },
        "east":  { "uv": [ 11, 11, 10.75, 11.75 ], "texture": "#texture" }
    }
},
{
    "__comment": "Saxyphonu x64*",
    "from": [ 13, 10, 8.5 ],
    "to": [ 13.5, 11, 9 ],
    "faces": {
        "down":  { "uv": [ 10.75, 11.75, 11, 11.5 ], "texture": "#texture" },
        "up":    { "uv": [ 10.75, 11, 11, 11.25 ], "texture": "#texture" },
        "north": { "uv": [ 11, 11, 10.75, 11.75 ], "texture": "#texture" },
        "south": { "uv": [ 10.75, 11, 11, 11.75 ], "texture": "#texture" },
        "west":  { "uv": [ 10.75, 11, 11, 11.75 ], "texture": "#texture" },
        "east":  { "uv": [ 11, 11, 10.75, 11.75 ], "texture": "#texture" }
    }
},
{
    "__comment": "Saxyphonu x64*",
    "from": [ 12, 10, 6.5 ],
    "to": [ 13, 11, 7 ],
    "faces": {
        "down":  { "uv": [ 10.75, 11.75, 11, 11.5 ], "texture": "#texture" },
        "up":    { "uv": [ 10.75, 11, 11, 11.25 ], "texture": "#texture" },
        "north": { "uv": [ 11, 11, 10.75, 11.75 ], "texture": "#texture" },
        "south": { "uv": [ 10.75, 11, 11, 11.75 ], "texture": "#texture" },
        "west":  { "uv": [ 10.75, 11, 11, 11.75 ], "texture": "#texture" },
        "east":  { "uv": [ 11, 11, 10.75, 11.75 ], "texture": "#texture" }
    }
},
{
    "__comment": "Saxyphonu x64*",
    "from": [ 12, 10, 5.5 ],
    "to": [ 13, 11, 6 ],
    "faces": {
        "down":  { "uv": [ 10.75, 11.75, 11, 11.5 ], "texture": "#texture" },
        "up":    { "uv": [ 10.75, 11, 11, 11.25 ], "texture": "#texture" },
        "north": { "uv": [ 11, 11, 10.75, 11.75 ], "texture": "#texture" },
        "south": { "uv": [ 10.75, 11, 11, 11.75 ], "texture": "#texture" },
        "west":  { "uv": [ 10.75, 11, 11, 11.75 ], "texture": "#texture" },
        "east":  { "uv": [ 11, 11, 10.75, 11.75 ], "texture": "#texture" }
    }
},
{
    "__comment": "Saxyphonu x64*",
    "from": [ 12, 10, 8.5 ],
    "to": [ 13, 11, 9 ],
    "faces": {
        "down":  { "uv": [ 10.75, 11.75, 11, 11.5 ], "texture": "#texture" },
        "up":    { "uv": [ 10.75, 11, 11, 11.25 ], "texture": "#texture" },
        "north": { "uv": [ 11, 11, 10.75, 11.75 ], "texture": "#texture" },
        "south": { "uv": [ 10.75, 11, 11, 11.75 ], "texture": "#texture" },
        "west":  { "uv": [ 10.75, 11, 11, 11.75 ], "texture": "#texture" },
        "east":  { "uv": [ 11, 11, 10.75, 11.75 ], "texture": "#texture" }
    }
},
{
    "__comment": "Saxyphonu x64*",
    "from": [ 11, 10, 8 ],
    "to": [ 12, 11, 8.5 ],
    "faces": {
        "down":  { "uv": [ 10.75, 11.75, 11, 11.5 ], "texture": "#texture" },
        "up":    { "uv": [ 10.75, 11, 11, 11.25 ], "texture": "#texture" },
        "north": { "uv": [ 11, 11, 10.75, 11.75 ], "texture": "#texture" },
        "south": { "uv": [ 10.75, 11, 11, 11.75 ], "texture": "#texture" },
        "west":  { "uv": [ 10.75, 11, 11, 11.75 ], "texture": "#texture" },
        "east":  { "uv": [ 11, 11, 10.75, 11.75 ], "texture": "#texture" }
    }
},
{
    "__comment": "Saxyphonu x64*",
    "from": [ 11, 10, 6 ],
    "to": [ 12, 11, 6.5 ],
    "faces": {
        "down":  { "uv": [ 10.75, 11.75, 11, 11.5 ], "texture": "#texture" },
        "up":    { "uv": [ 10.75, 11, 11, 11.25 ], "texture": "#texture" },
        "north": { "uv": [ 11, 11, 10.75, 11.75 ], "texture": "#texture" },
        "south": { "uv": [ 10.75, 11, 11, 11.75 ], "texture": "#texture" },
        "west":  { "uv": [ 10.75, 11, 11, 11.75 ], "texture": "#texture" },
        "east":  { "uv": [ 11, 11, 10.75, 11.75 ], "texture": "#texture" }
    }
},
{
    "__comment": "Saxyphonu x64*",
    "from": [ 11, 10, 6.5 ],
    "to": [ 11.5, 11, 8 ],
    "faces": {
        "down":  { "uv": [ 10.75, 11.75, 11, 11.5 ], "texture": "#texture" },
        "up":    { "uv": [ 10.75, 11, 11, 11.25 ], "texture": "#texture" },
        "north": { "uv": [ 11, 11, 10.75, 11.75 ], "texture": "#texture" },
        "south": { "uv": [ 10.75, 11, 11, 11.75 ], "texture": "#texture" },
        "west":  { "uv": [ 10.75, 11, 11, 11.75 ], "texture": "#texture" },
        "east":  { "uv": [ 11, 11, 10.75, 11.75 ], "texture": "#texture" }
    }
},
{
    "__comment": "Saxyphonu x64*",
    "from": [ 15, 10.5, 6.5 ],
    "to": [ 15.5, 11, 8 ],
    "faces": {
        "down":  { "uv": [ 10.75, 11.75, 11, 11.5 ], "texture": "#texture" },
        "up":    { "uv": [ 10.75, 11, 11, 11.25 ], "texture": "#texture" },
        "north": { "uv": [ 11, 11, 10.75, 11.75 ], "texture": "#texture" },
        "south": { "uv": [ 10.75, 11, 11, 11.75 ], "texture": "#texture" },
        "west":  { "uv": [ 10.75, 11, 11, 11.75 ], "texture": "#texture" },
        "east":  { "uv": [ 11, 11, 10.75, 11.75 ], "texture": "#texture" }
    }
},
{
    "__comment": "Saxyphonu x64*",
    "from": [ 11.5, 9, 6 ],
    "to": [ 14, 10, 6.5 ],
    "faces": {
        "down":  { "uv": [ 10.75, 11.75, 11, 11.5 ], "texture": "#texture" },
        "up":    { "uv": [ 10.75, 11, 11, 11.25 ], "texture": "#texture" },
        "north": { "uv": [ 11, 11, 10.75, 11.75 ], "texture": "#texture" },
        "south": { "uv": [ 10.75, 11, 11, 11.75 ], "texture": "#texture" },
        "west":  { "uv": [ 10.75, 11, 11, 11.75 ], "texture": "#texture" },
        "east":  { "uv": [ 11, 11, 10.75, 11.75 ], "texture": "#texture" }
    }
},
{
    "__comment": "Saxyphonu x64*",
    "from": [ 11, 8.5, 6.5 ],
    "to": [ 12, 10, 8.5 ],
    "faces": {
        "down":  { "uv": [ 10.75, 11.75, 11, 11.5 ], "texture": "#texture" },
        "up":    { "uv": [ 10.75, 11, 11, 11.25 ], "texture": "#texture" },
        "north": { "uv": [ 11, 11, 10.75, 11.75 ], "texture": "#texture" },
        "south": { "uv": [ 10.75, 11, 11, 11.75 ], "texture": "#texture" },
        "west":  { "uv": [ 10.75, 11, 11, 11.75 ], "texture": "#texture" },
        "east":  { "uv": [ 11, 11, 10.75, 11.75 ], "texture": "#texture" }
    }
},
{
    "__comment": "Saxyphonu x64*",
    "from": [ 14, 9, 6.5 ],
    "to": [ 14.5, 10, 8 ],
    "faces": {
        "down":  { "uv": [ 10.75, 11.75, 11, 11.5 ], "texture": "#texture" },
        "up":    { "uv": [ 10.75, 11, 11, 11.25 ], "texture": "#texture" },
        "north": { "uv": [ 11, 11, 10.75, 11.75 ], "texture": "#texture" },
        "south": { "uv": [ 10.75, 11, 11, 11.75 ], "texture": "#texture" },
        "west":  { "uv": [ 10.75, 11, 11, 11.75 ], "texture": "#texture" },
        "east":  { "uv": [ 11, 11, 10.75, 11.75 ], "texture": "#texture" }
    }
},
{
    "__comment": "Saxyphonu x64*",
    "from": [ 11.5, 9, 8 ],
    "to": [ 14, 10, 8.5 ],
    "faces": {
        "down":  { "uv": [ 10.75, 11.75, 11, 11.5 ], "texture": "#texture" },
        "up":    { "uv": [ 10.75, 11, 11, 11.25 ], "texture": "#texture" },
        "north": { "uv": [ 11, 11, 10.75, 11.75 ], "texture": "#texture" },
        "south": { "uv": [ 10.75, 11, 11, 11.75 ], "texture": "#texture" },
        "west":  { "uv": [ 10.75, 11, 11, 11.75 ], "texture": "#texture" },
        "east":  { "uv": [ 11, 11, 10.75, 11.75 ], "texture": "#texture" }
    }
},
{
    "__comment": "Saxyphonu x64*",
    "from": [ 13.5, 9, 6.5 ],
    "to": [ 14, 10, 8 ],
    "faces": {
        "down":  { "uv": [ 10.75, 11.75, 11, 11.5 ], "texture": "#texture" },
        "up":    { "uv": [ 10.75, 11, 11, 11.25 ], "texture": "#texture" },
        "north": { "uv": [ 11, 11, 10.75, 11.75 ], "texture": "#texture" },
        "south": { "uv": [ 10.75, 11, 11, 11.75 ], "texture": "#texture" },
        "west":  { "uv": [ 10.75, 11, 11, 11.75 ], "texture": "#texture" },
        "east":  { "uv": [ 11, 11, 10.75, 11.75 ], "texture": "#texture" }
    }
},
{
    "__comment": "Saxyphonu x64*",
    "from": [ 13, 7.5, 6.5 ],
    "to": [ 13.5, 9, 8 ],
    "faces": {
        "down":  { "uv": [ 10.75, 11.75, 11, 11.5 ], "texture": "#texture" },
        "up":    { "uv": [ 10.75, 11, 11, 11.25 ], "texture": "#texture" },
        "north": { "uv": [ 11, 11, 10.75, 11.75 ], "texture": "#texture" },
        "south": { "uv": [ 10.75, 11, 11, 11.75 ], "texture": "#texture" },
        "west":  { "uv": [ 10.75, 11, 11, 11.75 ], "texture": "#texture" },
        "east":  { "uv": [ 11, 11, 10.75, 11.75 ], "texture": "#texture" }
    }
},
{
    "__comment": "Saxyphonu3 x64*",
    "from": [ 12.5, 9, 6 ],
    "to": [ 13.5, 10, 8.5 ],
    "faces": {
        "down":  { "uv": [ 9.75, 14.5, 10, 14.25 ], "texture": "#texture" },
        "up":    { "uv": [ 9.75, 11.5, 10, 11.75 ], "texture": "#texture" },
        "north": { "uv": [ 10, 11.5, 9.75, 14.5 ], "texture": "#texture" },
        "south": { "uv": [ 9.75, 11.5, 10, 14.5 ], "texture": "#texture" },
        "west":  { "uv": [ 9.75, 11.5, 10, 14.5 ], "texture": "#texture" },
        "east":  { "uv": [ 10, 11.5, 9.75, 14.5 ], "texture": "#texture" }
    }
},
{
    "__comment": "Saxyphonu3 x64*",
    "from": [ 12.5, 8, 6 ],
    "to": [ 13, 9, 8.5 ],
    "faces": {
        "down":  { "uv": [ 9.75, 14.5, 10, 14.25 ], "texture": "#texture" },
        "up":    { "uv": [ 9.75, 11.5, 10, 11.75 ], "texture": "#texture" },
        "north": { "uv": [ 10, 11.5, 9.75, 14.5 ], "texture": "#texture" },
        "south": { "uv": [ 9.75, 11.5, 10, 14.5 ], "texture": "#texture" },
        "west":  { "uv": [ 9.75, 11.5, 10, 14.5 ], "texture": "#texture" },
        "east":  { "uv": [ 10, 11.5, 9.75, 14.5 ], "texture": "#texture" }
    }
},
{
    "__comment": "Saxyphonu x64*",
    "from": [ 3, 30.5, 7 ],
    "to": [ 4.5, 31, 7.5 ],
    "faces": {
        "down":  { "uv": [ 5.25, 1, 7.25, 0.75 ], "texture": "#texture" },
        "up":    { "uv": [ 5.25, 0.75, 7.25, 1 ], "texture": "#texture" },
        "north": { "uv": [ 7.25, 0.75, 5.25, 1 ], "texture": "#texture" },
        "south": { "uv": [ 5.25, 0.75, 7.25, 1 ], "texture": "#texture" },
        "west":  { "uv": [ 5.25, 0.75, 5.5, 1 ], "texture": "#texture" },
        "east":  { "uv": [ 7.25, 0.75, 7, 1 ], "texture": "#texture" }
    }
},
{
    "__comment": "Saxyphonu x64*",
    "from": [ 3, 31, 7 ],
    "to": [ 3.5, 31.5, 7.5 ],
    "faces": {
        "down":  { "uv": [ 5.25, 1, 7.25, 0.75 ], "texture": "#texture" },
        "up":    { "uv": [ 5.25, 0.75, 7.25, 1 ], "texture": "#texture" },
        "north": { "uv": [ 7.25, 0.75, 5.25, 1 ], "texture": "#texture" },
        "south": { "uv": [ 5.25, 0.75, 7.25, 1 ], "texture": "#texture" },
        "west":  { "uv": [ 5.25, 0.75, 5.5, 1 ], "texture": "#texture" },
        "east":  { "uv": [ 7.25, 0.75, 7, 1 ], "texture": "#texture" }
    }
},
{
    "__comment": "Saxyphonu x64*",
    "from": [ 15, 11, 9 ],
    "to": [ 15.5, 11.5, 9.5 ],
    "faces": {
        "down":  { "uv": [ 10.75, 11.75, 11, 11.5 ], "texture": "#texture" },
        "up":    { "uv": [ 10.75, 11, 11, 11.25 ], "texture": "#texture" },
        "north": { "uv": [ 11, 11, 10.75, 11.75 ], "texture": "#texture" },
        "south": { "uv": [ 10.75, 11, 11, 11.75 ], "texture": "#texture" },
        "west":  { "uv": [ 10.75, 11, 11, 11.75 ], "texture": "#texture" },
        "east":  { "uv": [ 11, 11, 10.75, 11.75 ], "texture": "#texture" }
    }
},
{
    "__comment": "Saxyphonu x64*",
    "from": [ 15, 11, 5 ],
    "to": [ 15.5, 11.5, 5.5 ],
    "faces": {
        "down":  { "uv": [ 10.75, 11.75, 11, 11.5 ], "texture": "#texture" },
        "up":    { "uv": [ 10.75, 11, 11, 11.25 ], "texture": "#texture" },
        "north": { "uv": [ 11, 11, 10.75, 11.75 ], "texture": "#texture" },
        "south": { "uv": [ 10.75, 11, 11, 11.75 ], "texture": "#texture" },
        "west":  { "uv": [ 10.75, 11, 11, 11.75 ], "texture": "#texture" },
        "east":  { "uv": [ 11, 11, 10.75, 11.75 ], "texture": "#texture" }
    }
},
{
    "__comment": "Saxyphonu x64*",
    "from": [ 11.5, 13, 8.5 ],
    "to": [ 12.5, 13.5, 9 ],
    "faces": {
        "down":  { "uv": [ 10.75, 11.75, 11, 11.5 ], "texture": "#texture" },
        "up":    { "uv": [ 10.75, 11, 11, 11.25 ], "texture": "#texture" },
        "north": { "uv": [ 11, 11, 10.75, 11.75 ], "texture": "#texture" },
        "south": { "uv": [ 10.75, 11, 11, 11.75 ], "texture": "#texture" },
        "west":  { "uv": [ 10.75, 11, 11, 11.75 ], "texture": "#texture" },
        "east":  { "uv": [ 11, 11, 10.75, 11.75 ], "texture": "#texture" }
    }
},
{
    "__comment": "Saxyphonu x64*",
    "from": [ 11.5, 13, 5.5 ],
    "to": [ 12.5, 13.5, 6 ],
    "faces": {
        "down":  { "uv": [ 10.75, 11.75, 11, 11.5 ], "texture": "#texture" },
        "up":    { "uv": [ 10.75, 11, 11, 11.25 ], "texture": "#texture" },
        "north": { "uv": [ 11, 11, 10.75, 11.75 ], "texture": "#texture" },
        "south": { "uv": [ 10.75, 11, 11, 11.75 ], "texture": "#texture" },
        "west":  { "uv": [ 10.75, 11, 11, 11.75 ], "texture": "#texture" },
        "east":  { "uv": [ 11, 11, 10.75, 11.75 ], "texture": "#texture" }
    }
},
{
    "__comment": "Saxyphonu x64*",
    "from": [ 11.5, 13.5, 6.5 ],
    "to": [ 12, 14, 8 ],
    "faces": {
        "down":  { "uv": [ 10.75, 11.75, 11, 11.5 ], "texture": "#texture" },
        "up":    { "uv": [ 10.75, 11, 11, 11.25 ], "texture": "#texture" },
        "north": { "uv": [ 11, 11, 10.75, 11.75 ], "texture": "#texture" },
        "south": { "uv": [ 10.75, 11, 11, 11.75 ], "texture": "#texture" },
        "west":  { "uv": [ 10.75, 11, 11, 11.75 ], "texture": "#texture" },
        "east":  { "uv": [ 11, 11, 10.75, 11.75 ], "texture": "#texture" }
    }
},
{
    "from": [ 7.5, 15.5, 8.5 ],
    "to": [ 9.5, 16.5, 9 ],
    "faces": {
        "down":  { "uv": [ 8.5, 9, 6.5, 8.5 ], "texture": "#stove_top" },
        "up":    { "uv": [ 7.5, 8.5, 9.5, 9 ], "texture": "#stove_top" },
        "north": { "uv": [ 6.5, 0, 8.5, 0.5 ], "texture": "#stove_top" },
        "south": { "uv": [ 7.5, 0, 9.5, 0.5 ], "texture": "#stove_top" },
        "west":  { "uv": [ 8.5, 0, 9, 0.5 ], "texture": "#stove_top" },
        "east":  { "uv": [ 7, 0, 7.5, 0.5 ], "texture": "#stove_top" }
    }
},
{
    "from": [ 7.5, 15.5, 5.5 ],
    "to": [ 9.5, 16.5, 6 ],
    "faces": {
        "down":  { "uv": [ 8.5, 6, 6.5, 5.5 ], "texture": "#stove_top" },
        "up":    { "uv": [ 7.5, 5.5, 9.5, 6 ], "texture": "#stove_top" },
        "north": { "uv": [ 6.5, 0, 8.5, 0.5 ], "texture": "#stove_top" },
        "south": { "uv": [ 7.5, 0, 9.5, 0.5 ], "texture": "#stove_top" },
        "west":  { "uv": [ 5.5, 0, 6, 0.5 ], "texture": "#stove_top" },
        "east":  { "uv": [ 10, 0, 10.5, 0.5 ], "texture": "#stove_top" }
    }
},
{
    "from": [ 6.5, 15.5, 6 ],
    "to": [ 7.5, 16.5, 6.5 ],
    "faces": {
        "down":  { "uv": [ 9.5, 6.5, 8.5, 6 ], "texture": "#stove_top" },
        "up":    { "uv": [ 6.5, 6, 7.5, 6.5 ], "texture": "#stove_top" },
        "north": { "uv": [ 8.5, 0, 9.5, 0.5 ], "texture": "#stove_top" },
        "south": { "uv": [ 6.5, 0, 7.5, 0.5 ], "texture": "#stove_top" },
        "west":  { "uv": [ 6, 0, 6.5, 0.5 ], "texture": "#stove_top" },
        "east":  { "uv": [ 9.5, 0, 10, 0.5 ], "texture": "#stove_top" }
    }
},
{
    "from": [ 6.5, 15.5, 8 ],
    "to": [ 7.5, 16.5, 8.5 ],
    "faces": {
        "down":  { "uv": [ 9.5, 8.5, 8.5, 8 ], "texture": "#stove_top" },
        "up":    { "uv": [ 6.5, 8, 7.5, 8.5 ], "texture": "#stove_top" },
        "north": { "uv": [ 8.5, 0, 9.5, 0.5 ], "texture": "#stove_top" },
        "south": { "uv": [ 6.5, 0, 7.5, 0.5 ], "texture": "#stove_top" },
        "west":  { "uv": [ 8, 0, 8.5, 0.5 ], "texture": "#stove_top" },
        "east":  { "uv": [ 7.5, 0, 8, 0.5 ], "texture": "#stove_top" }
    }
},
{
    "from": [ 6, 15.5, 6.5 ],
    "to": [ 6.5, 16.5, 8 ],
    "faces": {
        "down":  { "uv": [ 10, 8, 9.5, 6.5 ], "texture": "#stove_top" },
        "up":    { "uv": [ 6, 6.5, 6.5, 8 ], "texture": "#stove_top" },
        "north": { "uv": [ 9.5, 0, 10, 0.5 ], "texture": "#stove_top" },
        "south": { "uv": [ 6, 0, 6.5, 0.5 ], "texture": "#stove_top" },
        "west":  { "uv": [ 6.5, 0, 8, 0.5 ], "texture": "#stove_top" },
        "east":  { "uv": [ 8, 0, 9.5, 0.5 ], "texture": "#stove_top" }
    }
},
{
    "from": [ 5.5, 15, 6.5 ],
    "to": [ 6, 15.5, 8 ],
    "faces": {
        "down":  { "uv": [ 10.5, 8, 10, 6.5 ], "texture": "#stove_top" },
        "up":    { "uv": [ 5.5, 6.5, 6, 8 ], "texture": "#stove_top" },
        "north": { "uv": [ 10, 0.5, 10.5, 1 ], "texture": "#stove_top" },
        "south": { "uv": [ 5.5, 0.5, 6, 1 ], "texture": "#stove_top" },
        "west":  { "uv": [ 6.5, 0.5, 8, 1 ], "texture": "#stove_top" },
        "east":  { "uv": [ 8, 0.5, 9.5, 1 ], "texture": "#stove_top" }
    }
},
{
    "from": [ 5, 2, 6.5 ],
    "to": [ 5.5, 15, 8 ],
    "faces": {
        "down":  { "uv": [ 11, 8, 10.5, 6.5 ], "texture": "#stove_top" },
        "up":    { "uv": [ 5, 6.5, 5.5, 8 ], "texture": "#stove_top" },
        "north": { "uv": [ 10.5, 1, 11, 14 ], "texture": "#stove_top" },
        "south": { "uv": [ 5, 1, 5.5, 14 ], "texture": "#stove_top" },
        "west":  { "uv": [ 6.5, 1, 8, 14 ], "texture": "#stove_top" },
        "east":  { "uv": [ 8, 1, 9.5, 14 ], "texture": "#stove_top" }
    }
},
{
    "from": [ 4, 1.5, 6.5 ],
    "to": [ 5, 2, 8 ],
    "faces": {
        "down":  { "uv": [ 12, 8, 11, 6.5 ], "texture": "#stove_top" },
        "up":    { "uv": [ 4, 6.5, 5, 8 ], "texture": "#stove_top" },
        "north": { "uv": [ 11, 14, 12, 14.5 ], "texture": "#stove_top" },
        "south": { "uv": [ 4, 14, 5, 14.5 ], "texture": "#stove_top" },
        "west":  { "uv": [ 6.5, 14, 8, 14.5 ], "texture": "#stove_top" },
        "east":  { "uv": [ 8, 14, 9.5, 14.5 ], "texture": "#stove_top" }
    }
},
{
    "from": [ 3.5, 1, 6.5 ],
    "to": [ 4, 1.5, 8 ],
    "faces": {
        "down":  { "uv": [ 12.5, 8, 12, 6.5 ], "texture": "#stove_top" },
        "up":    { "uv": [ 3.5, 6.5, 4, 8 ], "texture": "#stove_top" },
        "north": { "uv": [ 12, 14.5, 12.5, 15 ], "texture": "#stove_top" },
        "south": { "uv": [ 3.5, 14.5, 4, 15 ], "texture": "#stove_top" },
        "west":  { "uv": [ 6.5, 14.5, 8, 15 ], "texture": "#stove_top" },
        "east":  { "uv": [ 8, 14.5, 9.5, 15 ], "texture": "#stove_top" }
    }
},
{
    "from": [ 3, 0, 6.5 ],
    "to": [ 3.5, 1, 8 ],
    "faces": {
        "down":  { "uv": [ 13, 8, 12.5, 6.5 ], "texture": "#stove_top" },
        "up":    { "uv": [ 3, 6.5, 3.5, 8 ], "texture": "#stove_top" },
        "north": { "uv": [ 12.5, 15, 13, 16 ], "texture": "#stove_top" },
        "south": { "uv": [ 3, 15, 3.5, 16 ], "texture": "#stove_top" },
        "west":  { "uv": [ 6.5, 15, 8, 16 ], "texture": "#stove_top" },
        "east":  { "uv": [ 8, 15, 9.5, 16 ], "texture": "#stove_top" }
    }
},
{
    "from": [ 5.5, 1.5, 6.5 ],
    "to": [ 6, 2, 8 ],
    "faces": {
        "down":  { "uv": [ 10.5, 8, 10, 6.5 ], "texture": "#stove_top" },
        "up":    { "uv": [ 5.5, 6.5, 6, 8 ], "texture": "#stove_top" },
        "north": { "uv": [ 10, 14, 10.5, 14.5 ], "texture": "#stove_top" },
        "south": { "uv": [ 5.5, 14, 6, 14.5 ], "texture": "#stove_top" },
        "west":  { "uv": [ 6.5, 14, 8, 14.5 ], "texture": "#stove_top" },
        "east":  { "uv": [ 8, 14, 9.5, 14.5 ], "texture": "#stove_top" }
    }
},
{
    "from": [ 6, 0, 6.5 ],
    "to": [ 6.5, 1.5, 8 ],
    "faces": {
        "down":  { "uv": [ 10, 8, 9.5, 6.5 ], "texture": "#stove_top" },
        "up":    { "uv": [ 6, 6.5, 6.5, 8 ], "texture": "#stove_top" },
        "north": { "uv": [ 9.5, 14.5, 10, 16 ], "texture": "#stove_top" },
        "south": { "uv": [ 6, 14.5, 6.5, 16 ], "texture": "#stove_top" },
        "west":  { "uv": [ 6.5, 14.5, 8, 16 ], "texture": "#stove_top" },
        "east":  { "uv": [ 8, 14.5, 9.5, 16 ], "texture": "#stove_top" }
    }
}
],
"display": {
    "thirdperson_righthand": {
        "rotation": [ 0, 90, -35 ],
        "translation": [ 0, 1.25, -3.5 ],
        "scale": [ 0.6, 0.6, 0.6 ]
    },
    "thirdperson_lefthand": {
        "rotation": [ 0, 90, -35 ],
        "translation": [ 0, 1.25, -3.5 ],
        "scale": [ 0.6, 0.6, 0.6]
    },
    "head": {
        "rotation": [ 0, 0, 0 ],
        "translation": [ 0, -30.5, 0 ],
        "scale": [ 1.6, 1.6, 1.6 ]
    },
    "ground": {
        "rotation": [ 0, 0, 0 ],
        "translation": [ 0, 0, 0 ],
        "scale": [ 1.6, 1.6, 1.6 ]
    },
    "fixed": {
        "rotation": [ -90, -180, 0 ],
        "translation": [ 0, 0, 6.61 ],
        "scale": [ 0.8, 0.8, 0.8 ]
    },
    "firstperson_righthand": {
        "rotation": [ 0, 0, 0 ],
        "translation": [ 0, 0, 0 ],
        "scale": [ 0.6, 0.6, 0.6 ]
    },
    "firstperson_lefthand": {
        "rotation": [ 0, 0, 0 ],
        "translation": [ 0, 0, 0 ],
        "scale": [ 0.6, 0.6, 0.6]
    },
    "gui": {
        "rotation": [ 41, 17, 10 ],
        "translation": [ 0.76, -3.21, 0 ],
        "scale": [ 0.6, 0.6, 0.6 ]
    }
}
}