{
"__comment": "Designed by Jugbot",
"textures": {
    "texture": "blocks/hardened_clay_stained_green",
    "iron_block": "blocks/iron_block",
    "hardened_clay_stained_yellow": "blocks/hardened_clay_stained_yellow",
    "hardened_clay_stained_light_blue": "blocks/hardened_clay_stained_light_blue"
},
"elements": [ 
{
    "from": [ 4, 0, 6 ],
    "to": [ 12, 1, 7 ],
    "faces": {
        "down":  { "uv": [ 12, 7, 4, 6 ], "texture": "#texture" },
        "up":    { "uv": [ 4, 6, 12, 7 ], "texture": "#texture" },
        "north": { "uv": [ 4, 15, 12, 16 ], "texture": "#texture" },
        "south": { "uv": [ 4, 15, 12, 16 ], "texture": "#texture" },
        "west":  { "uv": [ 6, 15, 7, 16 ], "texture": "#texture" },
        "east":  { "uv": [ 9, 15, 10, 16 ], "texture": "#texture" }
    }
},
{
    "from": [ 4, 0, 10 ],
    "to": [ 12, 1, 11 ],
    "faces": {
        "down":  { "uv": [ 12, 11, 4, 10 ], "texture": "#texture" },
        "up":    { "uv": [ 4, 10, 12, 11 ], "texture": "#texture" },
        "north": { "uv": [ 4, 15, 12, 16 ], "texture": "#texture" },
        "south": { "uv": [ 4, 15, 12, 16 ], "texture": "#texture" },
        "west":  { "uv": [ 10, 15, 11, 16 ], "texture": "#texture" },
        "east":  { "uv": [ 5, 15, 6, 16 ], "texture": "#texture" }
    }
},
{
    "from": [ 3, 0, 6 ],
    "to": [ 4, 2, 11 ],
    "faces": {
        "down":  { "uv": [ 13, 11, 12, 6 ], "texture": "#texture" },
        "up":    { "uv": [ 3, 6, 4, 11 ], "texture": "#texture" },
        "north": { "uv": [ 12, 14, 13, 16 ], "texture": "#texture" },
        "south": { "uv": [ 3, 14, 4, 16 ], "texture": "#texture" },
        "west":  { "uv": [ 6, 14, 11, 16 ], "texture": "#texture" },
        "east":  { "uv": [ 5, 14, 10, 16 ], "texture": "#texture" }
    }
},
{
    "from": [ 2, 0, 7 ],
    "to": [ 3, 2, 10 ],
    "faces": {
        "down":  { "uv": [ 14, 10, 13, 7 ], "texture": "#texture" },
        "up":    { "uv": [ 2, 7, 3, 10 ], "texture": "#texture" },
        "north": { "uv": [ 13, 14, 14, 16 ], "texture": "#texture" },
        "south": { "uv": [ 2, 14, 3, 16 ], "texture": "#texture" },
        "west":  { "uv": [ 7, 14, 10, 16 ], "texture": "#texture" },
        "east":  { "uv": [ 6, 14, 9, 16 ], "texture": "#texture" }
    }
},
{
    "from": [ 3, 2, 7 ],
    "to": [ 4, 3, 10 ],
    "faces": {
        "down":  { "uv": [ 13, 10, 12, 7 ], "texture": "#texture" },
        "up":    { "uv": [ 3, 7, 4, 10 ], "texture": "#texture" },
        "north": { "uv": [ 12, 13, 13, 14 ], "texture": "#texture" },
        "south": { "uv": [ 3, 13, 4, 14 ], "texture": "#texture" },
        "west":  { "uv": [ 7, 13, 10, 14 ], "texture": "#texture" },
        "east":  { "uv": [ 6, 13, 9, 14 ], "texture": "#texture" }
    }
},
{
    "from": [ 12, 0, 6 ],
    "to": [ 13, 2, 11 ],
    "faces": {
        "down":  { "uv": [ 4, 11, 3, 6 ], "texture": "#texture" },
        "up":    { "uv": [ 12, 6, 13, 11 ], "texture": "#texture" },
        "north": { "uv": [ 3, 14, 4, 16 ], "texture": "#texture" },
        "south": { "uv": [ 12, 14, 13, 16 ], "texture": "#texture" },
        "west":  { "uv": [ 6, 14, 11, 16 ], "texture": "#texture" },
        "east":  { "uv": [ 5, 14, 10, 16 ], "texture": "#texture" }
    }
},
{
    "from": [ 12, 2, 7 ],
    "to": [ 13, 3, 10 ],
    "faces": {
        "down":  { "uv": [ 4, 10, 3, 7 ], "texture": "#texture" },
        "up":    { "uv": [ 12, 7, 13, 10 ], "texture": "#texture" },
        "north": { "uv": [ 3, 13, 4, 14 ], "texture": "#texture" },
        "south": { "uv": [ 12, 13, 13, 14 ], "texture": "#texture" },
        "west":  { "uv": [ 7, 13, 10, 14 ], "texture": "#texture" },
        "east":  { "uv": [ 6, 13, 9, 14 ], "texture": "#texture" }
    }
},
{
    "from": [ 13, 0, 7 ],
    "to": [ 14, 2, 10 ],
    "faces": {
        "down":  { "uv": [ 3, 10, 2, 7 ], "texture": "#texture" },
        "up":    { "uv": [ 13, 7, 14, 10 ], "texture": "#texture" },
        "north": { "uv": [ 2, 14, 3, 16 ], "texture": "#texture" },
        "south": { "uv": [ 13, 14, 14, 16 ], "texture": "#texture" },
        "west":  { "uv": [ 7, 14, 10, 16 ], "texture": "#texture" },
        "east":  { "uv": [ 6, 14, 9, 16 ], "texture": "#texture" }
    }
},
{
    "__comment": "Sprinkler",
    "from": [ 4, 2.125, 8.25 ],
    "to": [ 5, 3.125, 9.25 ],
    "rotation": { "origin": [ 4, 3.125, 8.25 ], "axis": "x", "angle": 22.5 },
    "faces": {
        "down":  { "uv": [ 12, 9, 11, 8 ], "texture": "#iron_block" },
        "up":    { "uv": [ 4, 8, 5, 9 ], "texture": "#iron_block" },
        "north": { "uv": [ 11, 13, 12, 14 ], "texture": "#iron_block" },
        "south": { "uv": [ 4, 13, 5, 14 ], "texture": "#iron_block" },
        "west":  { "uv": [ 8, 13, 9, 14 ], "texture": "#iron_block" },
        "east":  { "uv": [ 7, 13, 8, 14 ], "texture": "#iron_block" }
    }
},
{
    "__comment": "Sprinkler",
    "from": [ 5, 3.0625, 8.5625 ],
    "to": [ 11, 4.0625, 9.5625 ],
    "rotation": { "origin": [ 5, 4.0625, 8.5625 ], "axis": "x", "angle": 22.5 },
    "faces": {
        "down":  { "uv": [ 11, 9, 5, 8 ], "texture": "#iron_block" },
        "up":    { "uv": [ 5, 8, 11, 9 ], "texture": "#iron_block" },
        "north": { "uv": [ 5, 12, 11, 13 ], "texture": "#iron_block" },
        "south": { "uv": [ 5, 12, 11, 13 ], "texture": "#iron_block" },
        "west":  { "uv": [ 8, 12, 9, 13 ], "texture": "#iron_block" },
        "east":  { "uv": [ 7, 12, 8, 13 ], "texture": "#iron_block" }
    }
},
{
    "__comment": "Sprinkler",
    "from": [ 11, 2.125, 8.25 ],
    "to": [ 12, 3.125, 9.25 ],
    "rotation": { "origin": [ 11, 3.125, 8.25 ], "axis": "x", "angle": 22.5 },
    "faces": {
        "down":  { "uv": [ 5, 9, 4, 8 ], "texture": "#iron_block" },
        "up":    { "uv": [ 11, 8, 12, 9 ], "texture": "#iron_block" },
        "north": { "uv": [ 4, 13, 5, 14 ], "texture": "#iron_block" },
        "south": { "uv": [ 11, 13, 12, 14 ], "texture": "#iron_block" },
        "west":  { "uv": [ 8, 13, 9, 14 ], "texture": "#iron_block" },
        "east":  { "uv": [ 7, 13, 8, 14 ], "texture": "#iron_block" }
    }
},
{
    "from": [ 13, 2, 8 ],
    "to": [ 14, 3, 9 ],
    "faces": {
        "down":  { "uv": [ 3, 9, 2, 8 ], "texture": "#hardened_clay_stained_yellow" },
        "up":    { "uv": [ 13, 8, 14, 9 ], "texture": "#hardened_clay_stained_yellow" },
        "north": { "uv": [ 2, 13, 3, 14 ], "texture": "#hardened_clay_stained_yellow" },
        "south": { "uv": [ 13, 13, 14, 14 ], "texture": "#hardened_clay_stained_yellow" },
        "west":  { "uv": [ 8, 13, 9, 14 ], "texture": "#hardened_clay_stained_yellow" },
        "east":  { "uv": [ 7, 13, 8, 14 ], "texture": "#hardened_clay_stained_yellow" }
    }
},
{
    "__comment": "Hose",
    "from": [ 0, -1, 8 ],
    "to": [ 2.23607, 0, 9 ],
    "rotation": { "origin": [ 0, 0, 8 ], "axis": "z", "angle": 22.5 },
    "faces": {
        "down":  { "uv": [ 16, 9, 14, 8 ], "texture": "#hardened_clay_stained_light_blue" },
        "up":    { "uv": [ 0, 8, 2, 9 ], "texture": "#hardened_clay_stained_light_blue" },
        "north": { "uv": [ 14, 15, 16, 16 ], "texture": "#hardened_clay_stained_light_blue" },
        "south": { "uv": [ 0, 15, 2, 16 ], "texture": "#hardened_clay_stained_light_blue" },
        "west":  { "uv": [ 8, 15, 9, 16 ], "texture": "#hardened_clay_stained_light_blue" },
        "east":  { "uv": [ 7, 15, 8, 16 ], "texture": "#hardened_clay_stained_light_blue" }
    }
},
{
    "__comment": "Hose",
    "from": [ 14, 0, 8 ],
    "to": [ 16.2361, 1, 9 ],
    "rotation": { "origin": [ 14, 1, 8 ], "axis": "z", "angle": -22.5 },
    "faces": {
        "down":  { "uv": [ 2, 9, 0, 8 ], "texture": "#hardened_clay_stained_light_blue" },
        "up":    { "uv": [ 14, 8, 16, 9 ], "texture": "#hardened_clay_stained_light_blue" },
        "north": { "uv": [ 0, 15, 2, 16 ], "texture": "#hardened_clay_stained_light_blue" },
        "south": { "uv": [ 14, 15, 16, 16 ], "texture": "#hardened_clay_stained_light_blue" },
        "west":  { "uv": [ 8, 15, 9, 16 ], "texture": "#hardened_clay_stained_light_blue" },
        "east":  { "uv": [ 7, 15, 8, 16 ], "texture": "#hardened_clay_stained_light_blue" }
    }
}
],
"display": {
    "thirdperson_righthand": {
        "rotation": [ 0, -43, 0 ],
        "translation": [ 0, 3.21, 0 ],
        "scale": [ 0.5, 0.5, 0.5 ]
    },
    "thirdperson_lefthand": {
        "rotation": [ 0, -43, 0 ],
        "translation": [ 0, 3.21, 0 ],
        "scale": [ 0.5, 0.5, 0.5 ]
    },
    "head": {
        "rotation": [ 0, 180, 0 ],
        "translation": [ 0, -30.5, 0 ],
        "scale": [ 1.6, 1.6, 1.6 ]
    },
    "ground": {
        "rotation": [ 0, 0, 0 ],
        "translation": [ 0, 2, 0 ],
        "scale": [ 0.5, 0.5, 0.5 ]
    },
    "fixed": {
        "rotation": [ 0, 180, 0 ],
        "translation": [ 0, 0, 0 ],
        "scale": [ 1, 1, 1 ]
    },
    "firstperson_righthand": {
        "rotation": [ 0, -64, 0 ],
        "translation": [ 0, 3.59, 0 ],
        "scale": [ 0.5, 0.5, 0.5 ]
    },
    "firstperson_lefthand": {
        "rotation": [ 0, -64, 0 ],
        "translation": [ 0, 3.59, 0 ],
        "scale": [ 0.5, 0.5, 0.5 ]
    },
    "gui": {
        "rotation": [ 35, 35, 0 ],
        "translation": [ 0, 0, 0 ],
        "scale": [ 0.62, 0.62, 0.62 ]
    }
}
}