{
"__comment": "Designed by Monsterfish",
"textures": {
    "texture": "blocks/planks_oak",
    "bed_feet_top": "blocks/bed_feet_top",
    "bed_head_side": "blocks/bed_head_side",
    "bed_head_top": "blocks/bed_head_top"
},
"elements": [ 
{
    "from": [ -15, 4, 15.6 ],
    "to": [ 0, 7, 31.6 ],
    "faces": {
        "down":  { "uv": [ 0, 0, 16, 15 ], "rotation": 90, "texture": "#texture", "cullface": "west" },
        "up":    { "uv": [ 0, 0, 16, 15 ], "rotation": 270, "texture": "#texture", "cullface": "west" },
        "north": { "uv": [ 0, 9, 15, 12 ], "texture": "#texture", "cullface": "west" },
        "south": { "uv": [ 0, 9, 15, 12 ], "texture": "#texture", "cullface": "west" },
        "west":  { "uv": [ 0, 9, 16, 12 ], "texture": "#texture", "cullface": "west" }
    }
},
{
    "from": [ -15, 0, 30.1 ],
    "to": [ -14, 12, 31.6 ],
    "faces": {
        "down":  { "uv": [ 0, 14.5, 1, 16 ], "texture": "#texture", "cullface": "west" },
        "up":    { "uv": [ 0, 14.5, 1, 16 ], "texture": "#texture", "cullface": "west" },
        "north": { "uv": [ 0, 4, 1, 16 ], "texture": "#texture", "cullface": "west" },
        "south": { "uv": [ 0, 4, 1, 16 ], "texture": "#texture", "cullface": "west" },
        "west":  { "uv": [ 14.5, 4, 16, 16 ], "texture": "#texture", "cullface": "west" },
        "east":  { "uv": [ 14.5, 4, 16, 16 ], "texture": "#texture", "cullface": "west" }
    }
},
{
    "from": [ -15.375, 11.9375, 15.35 ],
    "to": [ -13.75, 12.4375, 31.85 ],
    "faces": {
        "down":  { "uv": [ 0, 0, 16, 1.5 ], "rotation": 90, "texture": "#texture", "cullface": "west" },
        "up":    { "uv": [ 0, 0, 16, 1.5 ], "rotation": 270, "texture": "#texture", "cullface": "west" },
        "north": { "uv": [ 0, 3.5, 1.625, 4 ], "texture": "#texture", "cullface": "west" },
        "south": { "uv": [ 0, 3.5, 1.625, 4 ], "texture": "#texture", "cullface": "west" },
        "west":  { "uv": [ 0, 3.5, 16, 4 ], "texture": "#texture", "cullface": "west" },
        "east":  { "uv": [ 0, 3.5, 16, 4 ], "texture": "#texture", "cullface": "west" }
    }
},
{
    "from": [ -15, 7, 28.1 ],
    "to": [ -14, 11, 29.6 ],
    "faces": {
        "up":    { "uv": [ 0, 12.5, 1, 14 ], "texture": "#texture", "cullface": "west" },
        "north": { "uv": [ 0, 5, 1, 9 ], "texture": "#texture", "cullface": "west" },
        "south": { "uv": [ 0, 5, 1, 9 ], "texture": "#texture", "cullface": "west" },
        "west":  { "uv": [ 12.5, 5, 14, 9 ], "texture": "#texture", "cullface": "west" },
        "east":  { "uv": [ 12.5, 5, 14, 9 ], "texture": "#texture", "cullface": "west" }
    }
},
{
    "from": [ -15, 7, 26.1 ],
    "to": [ -14, 11, 27.6 ],
    "faces": {
        "up":    { "uv": [ 0, 10.5, 1, 12 ], "texture": "#texture", "cullface": "west" },
        "north": { "uv": [ 0, 5, 1, 9 ], "texture": "#texture", "cullface": "west" },
        "south": { "uv": [ 0, 5, 1, 9 ], "texture": "#texture", "cullface": "west" },
        "west":  { "uv": [ 10.5, 5, 12, 9 ], "texture": "#texture", "cullface": "west" },
        "east":  { "uv": [ 10.5, 5, 12, 9 ], "texture": "#texture", "cullface": "west" }
    }
},
{
    "from": [ -15, 7, 20.1 ],
    "to": [ -14, 11, 21.6 ],
    "faces": {
        "up":    { "uv": [ 0, 4, 1, 5.5 ], "texture": "#texture", "cullface": "west" },
        "north": { "uv": [ 0, 5, 1, 9 ], "texture": "#texture", "cullface": "west" },
        "south": { "uv": [ 0, 5, 1, 9 ], "texture": "#texture", "cullface": "west" },
        "west":  { "uv": [ 4, 5, 5.5, 9 ], "texture": "#texture", "cullface": "west" },
        "east":  { "uv": [ 4, 5, 5.5, 9 ], "texture": "#texture", "cullface": "west" }
    }
},
{
    "from": [ -15, 7, 22.1 ],
    "to": [ -14, 11, 23.6 ],
    "faces": {
        "up":    { "uv": [ 0, 6, 1, 7.5 ], "texture": "#texture", "cullface": "west" },
        "north": { "uv": [ 0, 5, 1, 9 ], "texture": "#texture", "cullface": "west" },
        "south": { "uv": [ 0, 5, 1, 9 ], "texture": "#texture", "cullface": "west" },
        "west":  { "uv": [ 6, 5, 7.5, 9 ], "texture": "#texture", "cullface": "west" },
        "east":  { "uv": [ 6, 5, 7.5, 9 ], "texture": "#texture", "cullface": "west" }
    }
},
{
    "from": [ -15, 7, 24.1 ],
    "to": [ -14, 11, 25.6 ],
    "faces": {
        "up":    { "uv": [ 0, 8.5, 1, 10 ], "texture": "#texture", "cullface": "west" },
        "north": { "uv": [ 0, 5, 1, 9 ], "texture": "#texture", "cullface": "west" },
        "south": { "uv": [ 0, 5, 1, 9 ], "texture": "#texture", "cullface": "west" },
        "west":  { "uv": [ 8.5, 5, 10, 9 ], "texture": "#texture", "cullface": "west" },
        "east":  { "uv": [ 8.5, 5, 10, 9 ], "texture": "#texture", "cullface": "west" }
    }
},
{
    "from": [ -15, 7, 16.1 ],
    "to": [ -14, 11, 17.6 ],
    "faces": {
        "up":    { "uv": [ 0, 2, 1, 3.5 ], "texture": "#texture", "cullface": "west" },
        "north": { "uv": [ 0, 5, 1, 9 ], "texture": "#texture", "cullface": "west" },
        "south": { "uv": [ 0, 5, 1, 9 ], "texture": "#texture", "cullface": "west" },
        "west":  { "uv": [ 2, 5, 3.5, 9 ], "texture": "#texture", "cullface": "west" },
        "east":  { "uv": [ 2, 5, 3.5, 9 ], "texture": "#texture", "cullface": "west" }
    }
},
{
    "from": [ -15, 10.8125, 15.6 ],
    "to": [ -14, 11.8125, 30.1 ],
    "faces": {
        "down":  { "uv": [ 14.5, 0, 1.5, 0 ], "rotation": 90, "texture": "#texture", "cullface": "west" },
        "up":    { "uv": [ 1.5, 0, 14.5, 0 ], "rotation": 270, "texture": "#texture", "cullface": "west" },
        "west":  { "uv": [ 1.5, 4.125, 14.5, 5 ], "texture": "#texture", "cullface": "west" },
        "east":  { "uv": [ 1.5, 4.125, 14.5, 5 ], "texture": "#texture", "cullface": "west" }
    }
},
{
    "from": [ -14, 7, 15.6 ],
    "to": [ 0, 9, 31.6 ],
    "faces": {
        "up":    { "uv": [ 0, 0, 14, 16 ], "texture": "#bed_feet_top", "cullface": "west" },
        "north": { "uv": [ 0, 7, 14, 9 ], "texture": "#bed_feet_top", "cullface": "west" },
        "south": { "uv": [ 0, 7, 14, 9 ], "texture": "#bed_feet_top", "cullface": "west" },
        "west":  { "uv": [ 0, 7, 16, 9 ], "texture": "#bed_feet_top", "cullface": "west" }
    }
},
{
    "from": [ 0, 4, 15.6 ],
    "to": [ 15, 7, 31.6 ],
    "faces": {
        "down":  { "uv": [ 0, 0, 16, 15 ], "rotation": 90, "texture": "#texture" },
        "up":    { "uv": [ 0, 0, 16, 15 ], "rotation": 270, "texture": "#texture" },
        "north": { "uv": [ 0, 9, 15, 12 ], "texture": "#texture", "cullface": "north" },
        "south": { "uv": [ 0, 9, 15, 12 ], "texture": "#texture", "cullface": "south" },
        "east":  { "uv": [ 0, 9, 16, 12 ], "texture": "#texture" }
    }
},
{
    "from": [ 14, 7, 16.1 ],
    "to": [ 15, 14.5, 17.6 ],
    "faces": {
        "north": { "uv": [ 14, 0.5, 15, 9 ], "texture": "#texture", "cullface": "north" },
        "south": { "uv": [ 14, 0.5, 15, 9 ], "texture": "#texture" },
        "west":  { "uv": [ 14.5, 0.5, 16, 9 ], "texture": "#texture" },
        "east":  { "uv": [ 14.5, 0.5, 16, 9 ], "texture": "#texture" }
    }
},
{
    "from": [ 14, 7, 30.1 ],
    "to": [ 15, 15.5, 31.6 ],
    "faces": {
        "north": { "uv": [ 14, 0.5, 15, 9 ], "texture": "#texture" },
        "south": { "uv": [ 14, 0.5, 15, 9 ], "texture": "#texture", "cullface": "south" },
        "west":  { "uv": [ 0, 0.5, 1.5, 9 ], "texture": "#texture" },
        "east":  { "uv": [ 0, 0.5, 1.5, 9 ], "texture": "#texture" }
    }
},
{
    "from": [ 13.75, 15.5, 15.4125 ],
    "to": [ 15.375, 16, 31.9125 ],
    "faces": {
        "down":  { "uv": [ -0.1875, 13.75, 16.1875, 15.25 ], "rotation": 90, "texture": "#texture" },
        "up":    { "uv": [ 0, 13.75, 16, 15.25 ], "rotation": 270, "texture": "#texture", "cullface": "up" },
        "north": { "uv": [ 13.75, 0, 15.375, 0.5 ], "texture": "#texture" },
        "south": { "uv": [ 13.75, 0, 15.375, 0.5 ], "texture": "#texture" },
        "west":  { "uv": [ 0, 0, 16, 0.5 ], "texture": "#texture" },
        "east":  { "uv": [ 0, 0, 16, 0.5 ], "texture": "#texture" }
    }
},
{
    "from": [ 14, 7, 18.1 ],
    "to": [ 15, 14.5, 19.6 ],
    "faces": {
        "north": { "uv": [ 1, 1.5, 2, 9 ], "texture": "#texture" },
        "south": { "uv": [ 14, 1.5, 15, 9 ], "texture": "#texture" },
        "west":  { "uv": [ 2, 1.5, 3.5, 9 ], "texture": "#texture" },
        "east":  { "uv": [ 12.5, 1.5, 14, 9 ], "texture": "#texture" }
    }
},
{
    "from": [ 14, 7, 20.1 ],
    "to": [ 15, 14.5, 21.6 ],
    "faces": {
        "north": { "uv": [ 1, 1.5, 2, 9 ], "texture": "#texture" },
        "south": { "uv": [ 14, 1.5, 15, 9 ], "texture": "#texture" },
        "west":  { "uv": [ 4, 1.5, 5.5, 9 ], "texture": "#texture" },
        "east":  { "uv": [ 10.5, 1.5, 12, 9 ], "texture": "#texture" }
    }
},
{
    "from": [ 14, 7, 26.1 ],
    "to": [ 15, 14.5, 27.6 ],
    "faces": {
        "north": { "uv": [ 1, 1.5, 2, 9 ], "texture": "#texture" },
        "south": { "uv": [ 14, 1.5, 15, 9 ], "texture": "#texture" },
        "west":  { "uv": [ 10.5, 1.5, 12, 9 ], "texture": "#texture" },
        "east":  { "uv": [ 4, 1.5, 5.5, 9 ], "texture": "#texture" }
    }
},
{
    "from": [ 14, 7, 24.1 ],
    "to": [ 15, 14.5, 25.6 ],
    "faces": {
        "north": { "uv": [ 1, 1.5, 2, 9 ], "texture": "#texture" },
        "south": { "uv": [ 14, 1.5, 15, 9 ], "texture": "#texture" },
        "west":  { "uv": [ 8.5, 1.5, 10, 9 ], "texture": "#texture" },
        "east":  { "uv": [ 6, 1.5, 7.5, 9 ], "texture": "#texture" }
    }
},
{
    "from": [ 14, 7, 22.1 ],
    "to": [ 15, 14.5, 23.6 ],
    "faces": {
        "north": { "uv": [ 1, 1.5, 2, 9 ], "texture": "#texture" },
        "south": { "uv": [ 14, 1.5, 15, 9 ], "texture": "#texture" },
        "west":  { "uv": [ 6, 1.5, 7.5, 9 ], "texture": "#texture" },
        "east":  { "uv": [ 8.5, 1.5, 10, 9 ], "texture": "#texture" }
    }
},
{
    "from": [ 14, 7, 28.1 ],
    "to": [ 15, 14.5, 29.6 ],
    "faces": {
        "north": { "uv": [ 1, 1.5, 2, 9 ], "texture": "#texture" },
        "south": { "uv": [ 14, 1.5, 15, 9 ], "texture": "#texture" },
        "west":  { "uv": [ 12.5, 1.5, 14, 9 ], "texture": "#texture" },
        "east":  { "uv": [ 2, 1.5, 3.5, 9 ], "texture": "#texture" }
    }
},
{
    "from": [ 14, 14.375, 15.6 ],
    "to": [ 15, 15.375, 30.1 ],
    "faces": {
        "down":  { "uv": [ 1.5, 14, 14.5, 15 ], "rotation": 90, "texture": "#texture" },
        "up":    { "uv": [ 1.5, 14, 14.5, 15 ], "rotation": 270, "texture": "#texture" },
        "west":  { "uv": [ 1.5, 0.625, 14.5, 1.5 ], "texture": "#texture" },
        "east":  { "uv": [ 1.5, 0.625, 14.5, 1.5 ], "texture": "#texture" }
    }
},
{
    "from": [ 0, 7, 15.6 ],
    "to": [ 14, 9, 31.6 ],
    "faces": {
        "up":    { "uv": [ 1, 0, 15, 16 ], "texture": "#bed_head_top" },
        "north": { "uv": [ 15, 7, 1, 9 ], "texture": "#bed_head_side", "cullface": "north" },
        "south": { "uv": [ 1, 7, 15, 9 ], "texture": "#bed_head_side", "cullface": "south" },
        "east":  { "uv": [ 0, 7, 16, 9 ], "texture": "#bed_head_side" }
    }
},
{
    "from": [ 6.5, 6.25, 17.1 ],
    "to": [ 13, 8.75, 29.6 ],
    "rotation": { "origin": [ 6.5, 8.75, 17.1 ], "axis": "z", "angle": 22.5 },
    "faces": {
        "down":  { "uv": [ 8.5, 2, 15, 14.5 ], "rotation": 180, "texture": "#bed_head_top" },
        "up":    { "uv": [ 8.5, 2, 15, 14.5 ], "rotation": 180, "texture": "#bed_head_top" },
        "north": { "uv": [ 8.5, 4.5, 15, 7 ], "texture": "#bed_head_top" },
        "south": { "uv": [ 8.5, 4, 15, 6.5 ], "texture": "#bed_head_top" },
        "west":  { "uv": [ 8.5, 4.5, 11.5, 16 ], "rotation": 90, "texture": "#bed_head_top" },
        "east":  { "uv": [ 8.5, 4.5, 11.5, 16 ], "texture": "#bed_head_top" }
    }
},
{
    "from": [ 14, 0, 30.1 ],
    "to": [ 15, 4, 31.6 ],
    "faces": {
        "down":  { "uv": [ 16, 15, 14.5, 14 ], "rotation": 90, "texture": "#texture", "cullface": "down" },
        "north": { "uv": [ 1, 12, 2, 16 ], "texture": "#texture" },
        "south": { "uv": [ 14, 12, 15, 16 ], "texture": "#texture", "cullface": "south" },
        "west":  { "uv": [ 14.5, 12, 16, 16 ], "texture": "#texture" },
        "east":  { "uv": [ 0, 12, 1.5, 16 ], "texture": "#texture" }
    }
},
{
    "from": [ -15, 4, -0.4 ],
    "to": [ 0, 7, 15.6 ],
    "faces": {
        "down":  { "uv": [ 0, 0, 16, 15 ], "rotation": 90, "texture": "#texture", "cullface": "west" },
        "up":    { "uv": [ 0, 0, 16, 15 ], "rotation": 270, "texture": "#texture", "cullface": "west" },
        "north": { "uv": [ 0, 9, 15, 12 ], "texture": "#texture", "cullface": "west" },
        "south": { "uv": [ 0, 9, 15, 12 ], "texture": "#texture", "cullface": "west" },
        "west":  { "uv": [ 0, 9, 16, 12 ], "texture": "#texture", "cullface": "west" }
    }
},
{
    "from": [ -15, 0, -0.4 ],
    "to": [ -14, 12, 1.1 ],
    "faces": {
        "down":  { "uv": [ 0, 0, 1, 1.5 ], "texture": "#texture", "cullface": "west" },
        "up":    { "uv": [ 0, 0, 1, 1.5 ], "texture": "#texture", "cullface": "west" },
        "north": { "uv": [ 0, 4, 1, 16 ], "texture": "#texture", "cullface": "west" },
        "south": { "uv": [ 0, 4, 1, 16 ], "texture": "#texture", "cullface": "west" },
        "west":  { "uv": [ 0, 4, 1.5, 16 ], "texture": "#texture", "cullface": "west" },
        "east":  { "uv": [ 0, 4, 1.5, 16 ], "texture": "#texture", "cullface": "west" }
    }
},
{
    "from": [ -15.375, 11.9375, -0.65 ],
    "to": [ -13.75, 12.4375, 15.85 ],
    "faces": {
        "down":  { "uv": [ 0, 0, 16, 1.5 ], "rotation": 90, "texture": "#texture", "cullface": "west" },
        "up":    { "uv": [ 0, 0, 16, 1.5 ], "rotation": 270, "texture": "#texture", "cullface": "west" },
        "north": { "uv": [ 0, 3.5, 1.625, 4 ], "texture": "#texture", "cullface": "west" },
        "south": { "uv": [ 0, 3.5, 1.625, 4 ], "texture": "#texture", "cullface": "west" },
        "west":  { "uv": [ 0, 3.5, 16, 4 ], "texture": "#texture", "cullface": "west" },
        "east":  { "uv": [ 0, 3.5, 16, 4 ], "texture": "#texture", "cullface": "west" }
    }
},
{
    "from": [ -15, 7, 13.6 ],
    "to": [ -14, 11, 15.1 ],
    "faces": {
        "up":    { "uv": [ 0, 12.5, 1, 14 ], "texture": "#texture", "cullface": "west" },
        "north": { "uv": [ 0, 5, 1, 9 ], "texture": "#texture", "cullface": "west" },
        "south": { "uv": [ 0, 5, 1, 9 ], "texture": "#texture", "cullface": "west" },
        "west":  { "uv": [ 12.5, 5, 14, 9 ], "texture": "#texture", "cullface": "west" },
        "east":  { "uv": [ 12.5, 5, 14, 9 ], "texture": "#texture", "cullface": "west" }
    }
},
{
    "from": [ -15, 7, 11.6 ],
    "to": [ -14, 11, 13.1 ],
    "faces": {
        "up":    { "uv": [ 0, 10.5, 1, 12 ], "texture": "#texture", "cullface": "west" },
        "north": { "uv": [ 0, 5, 1, 9 ], "texture": "#texture", "cullface": "west" },
        "south": { "uv": [ 0, 5, 1, 9 ], "texture": "#texture", "cullface": "west" },
        "west":  { "uv": [ 10.5, 5, 12, 9 ], "texture": "#texture", "cullface": "west" },
        "east":  { "uv": [ 10.5, 5, 12, 9 ], "texture": "#texture", "cullface": "west" }
    }
},
{
    "from": [ -15, 7, 5.6 ],
    "to": [ -14, 11, 7.1 ],
    "faces": {
        "up":    { "uv": [ 0, 4, 1, 5.5 ], "texture": "#texture", "cullface": "west" },
        "north": { "uv": [ 0, 5, 1, 9 ], "texture": "#texture", "cullface": "west" },
        "south": { "uv": [ 0, 5, 1, 9 ], "texture": "#texture", "cullface": "west" },
        "west":  { "uv": [ 4, 5, 5.5, 9 ], "texture": "#texture", "cullface": "west" },
        "east":  { "uv": [ 4, 5, 5.5, 9 ], "texture": "#texture", "cullface": "west" }
    }
},
{
    "from": [ -15, 7, 7.6 ],
    "to": [ -14, 11, 9.1 ],
    "faces": {
        "up":    { "uv": [ 0, 6, 1, 7.5 ], "texture": "#texture", "cullface": "west" },
        "north": { "uv": [ 0, 5, 1, 9 ], "texture": "#texture", "cullface": "west" },
        "south": { "uv": [ 0, 5, 1, 9 ], "texture": "#texture", "cullface": "west" },
        "west":  { "uv": [ 6, 5, 7.5, 9 ], "texture": "#texture", "cullface": "west" },
        "east":  { "uv": [ 6, 5, 7.5, 9 ], "texture": "#texture", "cullface": "west" }
    }
},
{
    "from": [ -15, 7, 9.6 ],
    "to": [ -14, 11, 11.1 ],
    "faces": {
        "up":    { "uv": [ 0, 8.5, 1, 10 ], "texture": "#texture", "cullface": "west" },
        "north": { "uv": [ 0, 5, 1, 9 ], "texture": "#texture", "cullface": "west" },
        "south": { "uv": [ 0, 5, 1, 9 ], "texture": "#texture", "cullface": "west" },
        "west":  { "uv": [ 8.5, 5, 10, 9 ], "texture": "#texture", "cullface": "west" },
        "east":  { "uv": [ 8.5, 5, 10, 9 ], "texture": "#texture", "cullface": "west" }
    }
},
{
    "from": [ -15, 7, 1.6 ],
    "to": [ -14, 11, 3.1 ],
    "faces": {
        "up":    { "uv": [ 0, 2, 1, 3.5 ], "texture": "#texture", "cullface": "west" },
        "north": { "uv": [ 0, 5, 1, 9 ], "texture": "#texture", "cullface": "west" },
        "south": { "uv": [ 0, 5, 1, 9 ], "texture": "#texture", "cullface": "west" },
        "west":  { "uv": [ 2, 5, 3.5, 9 ], "texture": "#texture", "cullface": "west" },
        "east":  { "uv": [ 2, 5, 3.5, 9 ], "texture": "#texture", "cullface": "west" }
    }
},
{
    "from": [ -15, 10.8125, 1.1 ],
    "to": [ -14, 11.8125, 15.6 ],
    "faces": {
        "down":  { "uv": [ 14.5, 0, 1.5, 0 ], "rotation": 90, "texture": "#texture", "cullface": "west" },
        "up":    { "uv": [ 1.5, 0, 14.5, 0 ], "rotation": 270, "texture": "#texture", "cullface": "west" },
        "west":  { "uv": [ 1.5, 4.125, 14.5, 5 ], "texture": "#texture", "cullface": "west" },
        "east":  { "uv": [ 1.5, 4.125, 14.5, 5 ], "texture": "#texture", "cullface": "west" }
    }
},
{
    "from": [ -14, 7, -0.4 ],
    "to": [ 0, 9, 15.6 ],
    "faces": {
        "up":    { "uv": [ 0, 0, 14, 16 ], "texture": "#bed_feet_top", "cullface": "west" },
        "north": { "uv": [ 0, 7, 14, 9 ], "texture": "#bed_feet_top", "cullface": "west" },
        "south": { "uv": [ 0, 7, 14, 9 ], "texture": "#bed_feet_top", "cullface": "west" },
        "west":  { "uv": [ 0, 7, 16, 9 ], "texture": "#bed_feet_top", "cullface": "west" }
    }
},
{
    "from": [ 0, 4, -0.4 ],
    "to": [ 15, 7, 15.6 ],
    "faces": {
        "down":  { "uv": [ 0, 0, 16, 15 ], "rotation": 90, "texture": "#texture" },
        "up":    { "uv": [ 0, 0, 16, 15 ], "rotation": 270, "texture": "#texture" },
        "north": { "uv": [ 0, 9, 15, 12 ], "texture": "#texture", "cullface": "north" },
        "south": { "uv": [ 0, 9, 15, 12 ], "texture": "#texture", "cullface": "south" },
        "east":  { "uv": [ 0, 9, 16, 12 ], "texture": "#texture" }
    }
},
{
    "from": [ 14, 7, -0.4 ],
    "to": [ 15, 15.5, 1.1 ],
    "faces": {
        "north": { "uv": [ 14, 0.5, 15, 9 ], "texture": "#texture", "cullface": "north" },
        "south": { "uv": [ 14, 0.5, 15, 9 ], "texture": "#texture" },
        "west":  { "uv": [ 14.5, 0.5, 16, 9 ], "texture": "#texture" },
        "east":  { "uv": [ 14.5, 0.5, 16, 9 ], "texture": "#texture" }
    }
},
{
    "from": [ 14, 7, 13.6 ],
    "to": [ 15, 14.5, 15.1 ],
    "faces": {
        "north": { "uv": [ 14, 0.5, 15, 9 ], "texture": "#texture" },
        "south": { "uv": [ 14, 0.5, 15, 9 ], "texture": "#texture", "cullface": "south" },
        "west":  { "uv": [ 0, 0.5, 1.5, 9 ], "texture": "#texture" },
        "east":  { "uv": [ 0, 0.5, 1.5, 9 ], "texture": "#texture" }
    }
},
{
    "from": [ 13.75, 15.5, -0.5875 ],
    "to": [ 15.375, 16, 15.9125 ],
    "faces": {
        "down":  { "uv": [ -0.1875, 13.75, 16.1875, 15.25 ], "rotation": 90, "texture": "#texture" },
        "up":    { "uv": [ 0, 13.75, 16, 15.25 ], "rotation": 270, "texture": "#texture", "cullface": "up" },
        "north": { "uv": [ 13.75, 0, 15.375, 0.5 ], "texture": "#texture" },
        "south": { "uv": [ 13.75, 0, 15.375, 0.5 ], "texture": "#texture" },
        "west":  { "uv": [ 0, 0, 16, 0.5 ], "texture": "#texture" },
        "east":  { "uv": [ 0, 0, 16, 0.5 ], "texture": "#texture" }
    }
},
{
    "from": [ 14, 7, 1.6 ],
    "to": [ 15, 14.5, 3.1 ],
    "faces": {
        "north": { "uv": [ 1, 1.5, 2, 9 ], "texture": "#texture" },
        "south": { "uv": [ 14, 1.5, 15, 9 ], "texture": "#texture" },
        "west":  { "uv": [ 2, 1.5, 3.5, 9 ], "texture": "#texture" },
        "east":  { "uv": [ 12.5, 1.5, 14, 9 ], "texture": "#texture" }
    }
},
{
    "from": [ 14, 7, 3.6 ],
    "to": [ 15, 14.5, 5.1 ],
    "faces": {
        "north": { "uv": [ 1, 1.5, 2, 9 ], "texture": "#texture" },
        "south": { "uv": [ 14, 1.5, 15, 9 ], "texture": "#texture" },
        "west":  { "uv": [ 4, 1.5, 5.5, 9 ], "texture": "#texture" },
        "east":  { "uv": [ 10.5, 1.5, 12, 9 ], "texture": "#texture" }
    }
},
{
    "from": [ 14, 7, 9.6 ],
    "to": [ 15, 14.5, 11.1 ],
    "faces": {
        "north": { "uv": [ 1, 1.5, 2, 9 ], "texture": "#texture" },
        "south": { "uv": [ 14, 1.5, 15, 9 ], "texture": "#texture" },
        "west":  { "uv": [ 10.5, 1.5, 12, 9 ], "texture": "#texture" },
        "east":  { "uv": [ 4, 1.5, 5.5, 9 ], "texture": "#texture" }
    }
},
{
    "from": [ 14, 7, 7.6 ],
    "to": [ 15, 14.5, 9.1 ],
    "faces": {
        "north": { "uv": [ 1, 1.5, 2, 9 ], "texture": "#texture" },
        "south": { "uv": [ 14, 1.5, 15, 9 ], "texture": "#texture" },
        "west":  { "uv": [ 8.5, 1.5, 10, 9 ], "texture": "#texture" },
        "east":  { "uv": [ 6, 1.5, 7.5, 9 ], "texture": "#texture" }
    }
},
{
    "from": [ 14, 7, 5.6 ],
    "to": [ 15, 14.5, 7.1 ],
    "faces": {
        "north": { "uv": [ 1, 1.5, 2, 9 ], "texture": "#texture" },
        "south": { "uv": [ 14, 1.5, 15, 9 ], "texture": "#texture" },
        "west":  { "uv": [ 6, 1.5, 7.5, 9 ], "texture": "#texture" },
        "east":  { "uv": [ 8.5, 1.5, 10, 9 ], "texture": "#texture" }
    }
},
{
    "from": [ 14, 7, 11.6 ],
    "to": [ 15, 14.5, 13.1 ],
    "faces": {
        "north": { "uv": [ 1, 1.5, 2, 9 ], "texture": "#texture" },
        "south": { "uv": [ 14, 1.5, 15, 9 ], "texture": "#texture" },
        "west":  { "uv": [ 12.5, 1.5, 14, 9 ], "texture": "#texture" },
        "east":  { "uv": [ 2, 1.5, 3.5, 9 ], "texture": "#texture" }
    }
},
{
    "from": [ 14, 14.375, 1.1 ],
    "to": [ 15, 15.375, 15.6 ],
    "faces": {
        "down":  { "uv": [ 1.5, 14, 14.5, 15 ], "rotation": 90, "texture": "#texture" },
        "up":    { "uv": [ 1.5, 14, 14.5, 15 ], "rotation": 270, "texture": "#texture" },
        "west":  { "uv": [ 1.5, 0.625, 14.5, 1.5 ], "texture": "#texture" },
        "east":  { "uv": [ 1.5, 0.625, 14.5, 1.5 ], "texture": "#texture" }
    }
},
{
    "from": [ 0, 7, -0.4 ],
    "to": [ 14, 9, 15.6 ],
    "faces": {
        "up":    { "uv": [ 1, 0, 15, 16 ], "texture": "#bed_head_top" },
        "north": { "uv": [ 15, 7, 1, 9 ], "texture": "#bed_head_side", "cullface": "north" },
        "south": { "uv": [ 1, 7, 15, 9 ], "texture": "#bed_head_side", "cullface": "south" },
        "east":  { "uv": [ 0, 7, 16, 9 ], "texture": "#bed_head_side" }
    }
},
{
    "from": [ 6.5, 6.25, 1.1 ],
    "to": [ 13, 8.75, 13.6 ],
    "rotation": { "origin": [ 6.5, 8.75, 1.1 ], "axis": "z", "angle": 22.5 },
    "faces": {
        "down":  { "uv": [ 8.5, 2, 15, 14.5 ], "rotation": 180, "texture": "#bed_head_top" },
        "up":    { "uv": [ 8.5, 2, 15, 14.5 ], "rotation": 180, "texture": "#bed_head_top" },
        "north": { "uv": [ 8.5, 4.5, 15, 7 ], "texture": "#bed_head_top" },
        "south": { "uv": [ 8.5, 4, 15, 6.5 ], "texture": "#bed_head_top" },
        "west":  { "uv": [ 8.5, 4.5, 11.5, 16 ], "rotation": 90, "texture": "#bed_head_top" },
        "east":  { "uv": [ 8.5, 4.5, 11.5, 16 ], "texture": "#bed_head_top" }
    }
},
{
    "from": [ 14, 0, -0.4 ],
    "to": [ 15, 4, 1.1 ],
    "faces": {
        "down":  { "uv": [ 1.5, 15, 0, 14 ], "rotation": 90, "texture": "#texture", "cullface": "down" },
        "north": { "uv": [ 1, 12, 2, 16 ], "texture": "#texture", "cullface": "north" },
        "south": { "uv": [ 14, 12, 15, 16 ], "texture": "#texture" },
        "west":  { "uv": [ 0, 12, 1.5, 16 ], "texture": "#texture" },
        "east":  { "uv": [ 14.5, 12, 16, 16 ], "texture": "#texture" }
    }
},
{
    "from": [ -15, 7, 3.6 ],
    "to": [ -14, 11, 5.1 ],
    "faces": {
        "up":    { "uv": [ 0, 4, 1, 5.5 ], "texture": "#texture", "cullface": "west" },
        "north": { "uv": [ 0, 5, 1, 9 ], "texture": "#texture", "cullface": "west" },
        "south": { "uv": [ 0, 5, 1, 9 ], "texture": "#texture", "cullface": "west" },
        "west":  { "uv": [ 4, 5, 5.5, 9 ], "texture": "#texture", "cullface": "west" },
        "east":  { "uv": [ 4, 5, 5.5, 9 ], "texture": "#texture", "cullface": "west" }
    }
},
{
    "from": [ -15, 7, 18.1 ],
    "to": [ -14, 11, 19.6 ],
    "faces": {
        "up":    { "uv": [ 0, 2, 1, 3.5 ], "texture": "#texture", "cullface": "west" },
        "north": { "uv": [ 0, 5, 1, 9 ], "texture": "#texture", "cullface": "west" },
        "south": { "uv": [ 0, 5, 1, 9 ], "texture": "#texture", "cullface": "west" },
        "west":  { "uv": [ 2, 5, 3.5, 9 ], "texture": "#texture", "cullface": "west" },
        "east":  { "uv": [ 2, 5, 3.5, 9 ], "texture": "#texture", "cullface": "west" }
    }
},
{
    "from": [ 4, 6.5, 9.1 ],
    "to": [ 10.5, 9, 21.6 ],
    "rotation": { "origin": [ 4, 9, 9.1 ], "axis": "z", "angle": 22.5 },
    "faces": {
        "down":  { "uv": [ 8.5, 2, 15, 14.5 ], "rotation": 180, "texture": "#bed_head_top" },
        "up":    { "uv": [ 8.5, 2, 15, 14.5 ], "rotation": 180, "texture": "#bed_head_top" },
        "north": { "uv": [ 8.5, 4.5, 15, 7 ], "texture": "#bed_head_top" },
        "south": { "uv": [ 8.5, 4, 15, 6.5 ], "texture": "#bed_head_top" },
        "west":  { "uv": [ 8.5, 4.5, 11.5, 16 ], "rotation": 90, "texture": "#bed_head_top" },
        "east":  { "uv": [ 8.5, 4.5, 11.5, 16 ], "texture": "#bed_head_top" }
    }
}
],
"display": {
    "thirdperson_righthand": {
        "rotation": [ 23, -40, 0 ],
        "translation": [ 3.97, 0, 0 ],
        "scale": [ 0.4, 0.4, 0.4 ]
    },
    "thirdperson_lefthand": {
        "rotation": [ 23, -40, 0 ],
        "translation": [ -1.13, 1.13, 0 ],
        "scale": [ 0.4, 0.4, 0.4 ]
    },
    "head": {
        "rotation": [ 0, -90, 0 ],
        "translation": [ 0, -30.5, 0 ],
        "scale": [ 1.6, 1.6, 1.6 ]
    },
    "ground": {
        "rotation": [ 0, 0, 0 ],
        "translation": [ 0, 2, 0 ],
        "scale": [ 0.5, 0.5, 0.5 ]
    },
    "fixed": {
        "rotation": [ 0, -90, 44 ],
        "translation": [ 3.4, -0.19, -0.57 ],
        "scale": [ 0.5, 0.5, 0.5 ]
    },
    "firstperson_righthand": {
        "rotation": [ 0, -64, 0 ],
        "translation": [ 5.1, 0, 0 ],
        "scale": [ 0.5, 0.5, 0.5 ]
    },
    "firstperson_lefthand": {
        "rotation": [ 0, -64, 0 ],
        "translation": [ 1.13, 0, -2.08 ],
        "scale": [ 0.5, 0.5, 0.5 ]
    },
    "gui": {
        "rotation": [ 35, 35, 0 ],
        "translation": [ 0.94, 2.08, 0 ],
        "scale": [ 0.4, 0.4, 0.4 ]
    }
}
}