{
"__comment": "Designed by Monsterfish",
"textures": {
    "particle": "blocks/planks_oak",
    "texture1": "blocks/planks_birch",
    "texture": "blocks/planks_oak",
    "texture2": "blocks/planks_spruce"
},
"elements": [ 
{
    "from": [ 0, 15, -16 ],
    "to": [ 16, 16, 0 ],
    "faces": {
        "down":  { "uv": [ 0, 0, 16, 16 ], "texture": "#texture1", "cullface": "north" },
        "up":    { "uv": [ 0, 0, 16, 16 ], "texture": "#texture1", "cullface": "north" },
        "north": { "uv": [ 0, 0, 16, 1 ], "texture": "#texture1", "cullface": "north" },
        "west":  { "uv": [ 0, 0, 16, 1 ], "texture": "#texture1", "cullface": "north" },
        "east":  { "uv": [ 0, 0, 16, 1 ], "texture": "#texture1", "cullface": "north" }
    }
},
{
    "from": [ 0, 15, -16 ],
    "to": [ 16, 16, 0 ],
    "faces": {
        "down":  { "uv": [ 0, 0, 16, 16 ], "texture": "#texture1", "cullface": "north" },
        "up":    { "uv": [ 0, 0, 16, 16 ], "texture": "#texture1", "cullface": "north" },
        "north": { "uv": [ 0, 0, 16, 1 ], "texture": "#texture1", "cullface": "north" },
        "west":  { "uv": [ 0, 0, 16, 1 ], "texture": "#texture1", "cullface": "north" },
        "east":  { "uv": [ 0, 0, 16, 1 ], "texture": "#texture1", "cullface": "north" }
    }
},
{
    "from": [ 0, 15, 0 ],
    "to": [ 16, 16, 11.5 ],
    "faces": {
        "down":  { "uv": [ 16, 16, 0, 0 ], "texture": "#texture1" },
        "up":    { "uv": [ 0, 0, 16, 16 ], "texture": "#texture1", "cullface": "up" },
        "west":  { "uv": [ 0, 0, 16, 1 ], "texture": "#texture1", "cullface": "west" },
        "east":  { "uv": [ 0, 0, 16, 1 ], "texture": "#texture1", "cullface": "east" }
    }
},
{
    "from": [ 16, 15.005, 13 ],
    "to": [ 32, 16.005, 28 ],
    "faces": {
        "down":  { "uv": [ 0, 1, 16, 16 ], "texture": "#texture1", "cullface": "east" },
        "up":    { "uv": [ 0, 1, 16, 16 ], "texture": "#texture1", "cullface": "east" },
        "north": { "uv": [ 0, 0, 16, 1 ], "texture": "#texture1", "cullface": "east" },
        "south": { "uv": [ 0, 0, 16, 1 ], "texture": "#texture1", "cullface": "east" },
        "west":  { "uv": [ 1, 0, 16, 1 ], "texture": "#texture1", "cullface": "east" },
        "east":  { "uv": [ 1, 0, 16, 1 ], "texture": "#texture1", "cullface": "east" }
    }
},
{
    "from": [ 2, 0, -15 ],
    "to": [ 14, 15, -1 ],
    "faces": {
        "down":  { "uv": [ 0, 0, 16, 16 ], "texture": "#texture2", "cullface": "north" },
        "north": { "uv": [ 0, 0, 16, 16 ], "texture": "#texture2", "cullface": "north" },
        "west":  { "uv": [ 0, 0, 16, 16 ], "texture": "#texture2", "cullface": "north" },
        "east":  { "uv": [ 0, 0, 16, 16 ], "texture": "#texture2", "cullface": "north" }
    }
},
{
    "from": [ 2, 0, -1 ],
    "to": [ 14, 15, 15 ],
    "faces": {
        "down":  { "uv": [ 14, 15, 2, 0 ], "texture": "#texture2" },
        "up":    { "uv": [ 2, 0, 14, 15 ], "texture": "#texture2", "cullface": "north" },
        "west":  { "uv": [ 0, 1, 15, 16 ], "texture": "#texture2", "cullface": "north" },
        "east":  { "uv": [ 1, 1, 16, 16 ], "texture": "#texture2", "cullface": "north" }
    }
},
{
    "from": [ 2, 0, 15 ],
    "to": [ 14, 15, 16 ],
    "faces": {
        "down":  { "uv": [ 14, 16, 2, 15 ], "texture": "#texture", "cullface": "down" },
        "east":  { "uv": [ 0, 1, 1, 16 ], "texture": "#texture" }
    }
},
{
    "from": [ 2, 0, 15.9853 ],
    "to": [ 14, 15, 29.9853 ],
    "rotation": { "origin": [ 2, 0, 15.9853 ], "axis": "y", "angle": 45 },
    "faces": {
        "down":  { "uv": [ 0, 0, 16, 16 ], "texture": "#texture2", "cullface": "south" },
        "south": { "uv": [ 0, 0, 16, 16 ], "texture": "#texture2", "cullface": "south" },
        "west":  { "uv": [ 0, 0, 16, 16 ], "texture": "#texture2", "cullface": "south" },
        "east":  { "uv": [ 0, 0, 16, 16 ], "texture": "#texture2", "cullface": "south" }
    }
},
{
    "from": [ 12, 0, 14 ],
    "to": [ 26, 15, 26 ],
    "faces": {
        "down":  { "uv": [ 2, 3, 16, 16 ], "texture": "#texture2", "cullface": "east" },
        "north": { "uv": [ 2, 0.5, 16, 15.5 ], "texture": "#texture2", "cullface": "east" },
        "south": { "uv": [ 2, 1, 16, 16 ], "texture": "#texture2", "cullface": "east" },
        "west":  { "uv": [ 3, 1, 16, 16 ], "texture": "#texture2", "cullface": "east" },
        "east":  { "uv": [ 3, 1, 16, 16 ], "texture": "#texture2", "cullface": "east" }
    }
},
{
    "from": [ 1, 0, -15 ],
    "to": [ 2, 15, -13 ],
    "faces": {
        "down":  { "uv": [ 1, -15, 2, -13 ], "texture": "#texture", "cullface": "north" },
        "north": { "uv": [ 1, 1, 2, 16 ], "texture": "#texture", "cullface": "north" },
        "south": { "uv": [ 1, 1, 2, 16 ], "texture": "#texture", "cullface": "north" },
        "west":  { "uv": [ 0, 1, 2, 16 ], "texture": "#texture", "cullface": "north" }
    }
},
{
    "from": [ 1, 0, 14 ],
    "to": [ 2, 15, 16 ],
    "faces": {
        "down":  { "uv": [ 15, 16, 14, 14 ], "texture": "#texture", "cullface": "down" },
        "north": { "uv": [ 14, 1, 15, 16 ], "texture": "#texture" },
        "south": { "uv": [ 1, 1, 2, 16 ], "texture": "#texture", "cullface": "south" },
        "west":  { "uv": [ 14, 1, 16, 16 ], "texture": "#texture" },
        "east":  { "uv": [ 0, 1, 2, 16 ], "texture": "#texture" }
    }
},
{
    "from": [ 12, 0, 26 ],
    "to": [ 14, 15, 27 ],
    "faces": {
        "down":  { "uv": [ 12, 14, 14, 15 ], "texture": "#texture", "cullface": "south" },
        "south": { "uv": [ 12, 1, 14, 16 ], "texture": "#texture", "cullface": "south" },
        "west":  { "uv": [ 14, 1, 15, 16 ], "texture": "#texture", "cullface": "south" },
        "east":  { "uv": [ 14, 1, 15, 16 ], "texture": "#texture", "cullface": "south" }
    }
},
{
    "from": [ 24, 0, 26 ],
    "to": [ 26, 15, 27 ],
    "faces": {
        "down":  { "uv": [ 12, 14, 14, 15 ], "texture": "#texture", "cullface": "east" },
        "south": { "uv": [ 12, 1, 14, 16 ], "texture": "#texture", "cullface": "east" },
        "west":  { "uv": [ 14, 1, 15, 16 ], "texture": "#texture", "cullface": "east" },
        "east":  { "uv": [ 14, 1, 15, 16 ], "texture": "#texture", "cullface": "east" }
    }
},
{
    "from": [ 1, 0, -3.5 ],
    "to": [ 2, 2.5, 4 ],
    "faces": {
        "down":  { "uv": [ 15, 4, 14, 0 ], "texture": "#texture", "cullface": "north" },
        "up":    { "uv": [ 1, 0, 2, 4 ], "texture": "#texture", "cullface": "north" },
        "west":  { "uv": [ 0, 13.5, 4, 16 ], "texture": "#texture", "cullface": "north" },
        "east":  { "uv": [ 12, 13.5, 16, 16 ], "texture": "#texture", "cullface": "north" }
    }
},
{
    "from": [ 1, 0, -13 ],
    "to": [ 2, 2.5, -5.5 ],
    "faces": {
        "down":  { "uv": [ 1, -13, 2, -5.5 ], "texture": "#texture", "cullface": "north" },
        "up":    { "uv": [ 1, 0, 2, 7.5 ], "texture": "#texture", "cullface": "north" },
        "west":  { "uv": [ 0, 13.5, 7.5, 16 ], "texture": "#texture", "cullface": "north" }
    }
},
{
    "from": [ 1, 12.5, -13 ],
    "to": [ 2, 15, -5.5 ],
    "faces": {
        "down":  { "uv": [ 1, -13, 2, -5.5 ], "texture": "#texture", "cullface": "north" },
        "west":  { "uv": [ 0, 1, 7.5, 3.5 ], "texture": "#texture", "cullface": "north" }
    }
},
{
    "from": [ 1, 12.5, -3.5 ],
    "to": [ 2, 15, 4 ],
    "faces": {
        "down":  { "uv": [ 15, 4, 14, 0 ], "texture": "#texture", "cullface": "north" },
        "up":    { "uv": [ 1, 0, 2, 4 ], "texture": "#texture", "cullface": "north" },
        "west":  { "uv": [ 0, 1, 4, 3.5 ], "texture": "#texture", "cullface": "north" },
        "east":  { "uv": [ 12, 1, 16, 3.5 ], "texture": "#texture", "cullface": "north" }
    }
},
{
    "from": [ 14, 0, 26 ],
    "to": [ 18, 2.5, 27 ],
    "faces": {
        "down":  { "uv": [ 12, 14, 16, 15 ], "texture": "#texture", "cullface": "east" },
        "up":    { "uv": [ 12, 14, 16, 15 ], "texture": "#texture", "cullface": "east" },
        "south": { "uv": [ 12, 13.5, 16, 16 ], "texture": "#texture", "cullface": "east" }
    }
},
{
    "from": [ 14, 12.5, 26 ],
    "to": [ 18, 15, 27 ],
    "faces": {
        "down":  { "uv": [ 12, 14, 16, 15 ], "texture": "#texture", "cullface": "east" },
        "south": { "uv": [ 12, 1, 16, 3.5 ], "texture": "#texture", "cullface": "east" }
    }
},
{
    "from": [ 1.625, 0, 15.4375 ],
    "to": [ 17.125, 2.5, 16.4375 ],
    "rotation": { "origin": [ 1.625, 0, 15.4375 ], "axis": "y", "angle": -45 },
    "faces": {
        "down":  { "uv": [ 0.5, 3, 16, 4 ], "texture": "#texture", "cullface": "east" },
        "up":    { "uv": [ 0.5, 3, 16, 4 ], "texture": "#texture", "cullface": "east" },
        "north": { "uv": [ 0.5, 13.5, 16, 16 ], "texture": "#texture", "cullface": "east" },
        "south": { "uv": [ 0.5, 13.5, 16, 16 ], "texture": "#texture", "cullface": "east" },
        "west":  { "uv": [ 3.4375, 13.5, 4.4375, 16 ], "texture": "#texture", "cullface": "east" },
        "east":  { "uv": [ 3.4375, 13.5, 4.4375, 16 ], "texture": "#texture", "cullface": "east" }
    }
},
{
    "from": [ 1.6875, 12.5, 15.3125 ],
    "to": [ 17.1875, 15, 16.3125 ],
    "rotation": { "origin": [ 1.6875, 12.5, 15.3125 ], "axis": "y", "angle": -45 },
    "faces": {
        "down":  { "uv": [ 0.5, 3, 16, 4 ], "texture": "#texture", "cullface": "east" },
        "up":    { "uv": [ 0.5, 3, 16, 4 ], "texture": "#texture", "cullface": "east" },
        "north": { "uv": [ 0.5, 1, 16, 3.5 ], "texture": "#texture", "cullface": "east" },
        "south": { "uv": [ 0.5, 1, 16, 3.5 ], "texture": "#texture", "cullface": "east" },
        "west":  { "uv": [ 3.3125, 1, 4.3125, 3.5 ], "texture": "#texture", "cullface": "east" },
        "east":  { "uv": [ 3.3125, 1, 4.3125, 3.5 ], "texture": "#texture", "cullface": "east" }
    }
},
{
    "from": [ 1, 0, -5.5 ],
    "to": [ 2, 15, -3.5 ],
    "faces": {
        "down":  { "uv": [ 1, -5.5, 2, -3.5 ], "texture": "#texture", "cullface": "north" },
        "north": { "uv": [ 1, 1, 2, 16 ], "texture": "#texture", "cullface": "north" },
        "south": { "uv": [ 1, 1, 2, 16 ], "texture": "#texture", "cullface": "north" },
        "west":  { "uv": [ 0, 1, 2, 16 ], "texture": "#texture", "cullface": "north" }
    }
},
{
    "from": [ 1, 0, 4 ],
    "to": [ 2, 15, 6.5 ],
    "faces": {
        "down":  { "uv": [ 15, 6.5, 14, 4 ], "texture": "#texture", "cullface": "down" },
        "north": { "uv": [ 14, 1, 15, 16 ], "texture": "#texture" },
        "south": { "uv": [ 1, 1, 2, 16 ], "texture": "#texture" },
        "west":  { "uv": [ 4, 1, 6.5, 16 ], "texture": "#texture" }
    }
},
{
    "from": [ 1, 0, 6.5 ],
    "to": [ 2, 2.5, 14 ],
    "faces": {
        "down":  { "uv": [ 15, 14, 14, 6.5 ], "texture": "#texture", "cullface": "down" },
        "up":    { "uv": [ 1, 6.5, 2, 14 ], "texture": "#texture" },
        "west":  { "uv": [ 6.5, 13.5, 14, 16 ], "texture": "#texture" }
    }
},
{
    "from": [ 1, 12.5, 6.5 ],
    "to": [ 2, 15, 14 ],
    "faces": {
        "down":  { "uv": [ 15, 14, 14, 6.5 ], "texture": "#texture" },
        "west":  { "uv": [ 6.5, 1, 14, 3.5 ], "texture": "#texture" }
    }
},
{
    "from": [ 5.25, 0.5, 20.375 ],
    "to": [ 6.25, 15, 22.375 ],
    "rotation": { "origin": [ 5.25, 0.5, 20.375 ], "axis": "y", "angle": 45 },
    "faces": {
        "down":  { "uv": [ -6.75, 8.375, -5.75, 10.375 ], "texture": "#texture", "cullface": "south" },
        "north": { "uv": [ 0, 1, 1, 15.5 ], "texture": "#texture", "cullface": "south" },
        "south": { "uv": [ 0, 1, 1, 15.5 ], "texture": "#texture", "cullface": "south" },
        "west":  { "uv": [ 8.375, 1, 10.375, 15.5 ], "texture": "#texture", "cullface": "south" },
        "east":  { "uv": [ 8.375, 1, 10.375, 15.5 ], "texture": "#texture", "cullface": "south" }
    }
},
{
    "from": [ 18, 0, 26 ],
    "to": [ 20, 15, 27 ],
    "faces": {
        "down":  { "uv": [ 6, 14, 8, 15 ], "texture": "#texture", "cullface": "east" },
        "south": { "uv": [ 6, 1, 8, 16 ], "texture": "#texture", "cullface": "east" },
        "west":  { "uv": [ 14, 1, 15, 16 ], "texture": "#texture", "cullface": "east" },
        "east":  { "uv": [ 14, 1, 15, 16 ], "texture": "#texture", "cullface": "east" }
    }
},
{
    "from": [ 20, 12.5, 26 ],
    "to": [ 24, 15, 27 ],
    "faces": {
        "down":  { "uv": [ 8, 14, 12, 15 ], "texture": "#texture", "cullface": "east" },
        "south": { "uv": [ 8, 1, 12, 3.5 ], "texture": "#texture", "cullface": "east" }
    }
},
{
    "from": [ 20, 0, 26 ],
    "to": [ 24, 2.5, 27 ],
    "faces": {
        "down":  { "uv": [ 8, 14, 12, 15 ], "texture": "#texture", "cullface": "east" },
        "up":    { "uv": [ 8, 14, 12, 15 ], "texture": "#texture", "cullface": "east" },
        "south": { "uv": [ 8, 13.5, 12, 16 ], "texture": "#texture", "cullface": "east" }
    }
},
{
    "from": [ 0, 15, 11.5 ],
    "to": [ 16, 16, 16 ],
    "faces": {
        "down":  { "uv": [ 0, 0, 16, 4.5 ], "texture": "#texture1" },
        "up":    { "uv": [ 0, 0, 16, 4.5 ], "texture": "#texture1", "cullface": "up" },
        "west":  { "uv": [ 0, 0, 4.5, 1 ], "texture": "#texture1", "cullface": "west" },
        "east":  { "uv": [ 0, 0, 4.5, 1 ], "texture": "#texture1", "cullface": "east" }
    }
},
{
    "from": [ 12, 15, 16 ],
    "to": [ 16, 16, 28 ],
    "faces": {
        "down":  { "uv": [ 12, 4, 16, 16 ], "texture": "#texture1" },
        "up":    { "uv": [ 12, 4, 16, 16 ], "texture": "#texture1", "cullface": "up" },
        "south": { "uv": [ 12, 0, 16, 1 ], "texture": "#texture1" },
        "west":  { "uv": [ 4, 0, 16, 1 ], "texture": "#texture1", "cullface": "west" },
        "east":  { "uv": [ 4, 0, 16, 1 ], "texture": "#texture1", "cullface": "east" }
    }
},
{
    "from": [ 4, 15, 18 ],
    "to": [ 12, 16, 20 ],
    "faces": {
        "up":    { "uv": [ 4, 6, 12, 8 ], "texture": "#texture1", "cullface": "up" },
        "west":  { "uv": [ 6, 0, 8, 1 ], "texture": "#texture1", "cullface": "west" }
    }
},
{
    "from": [ 6, 15, 20 ],
    "to": [ 12, 16, 22 ],
    "faces": {
        "up":    { "uv": [ 6, 8, 12, 10 ], "texture": "#texture1", "cullface": "up" },
        "west":  { "uv": [ 8, 0, 10, 1 ], "texture": "#texture1", "cullface": "west" }
    }
},
{
    "from": [ 8, 15, 22 ],
    "to": [ 12.5, 16, 24 ],
    "faces": {
        "up":    { "uv": [ 8, 10, 12.5, 12 ], "texture": "#texture1", "cullface": "up" },
        "west":  { "uv": [ 10, 0, 12, 1 ], "texture": "#texture1", "cullface": "west" },
        "east":  { "uv": [ 10, 0, 12, 1 ], "texture": "#texture1", "cullface": "east" }
    }
},
{
    "from": [ 10, 15, 24 ],
    "to": [ 13, 16, 26 ],
    "faces": {
        "up":    { "uv": [ 10, 12, 13, 14 ], "texture": "#texture1", "cullface": "up" },
        "west":  { "uv": [ 12, 0, 14, 1 ], "texture": "#texture1", "cullface": "west" },
        "east":  { "uv": [ 12, 0, 14, 1 ], "texture": "#texture1", "cullface": "east" }
    }
},
{
    "from": [ 2, 15, 16 ],
    "to": [ 12, 16, 18 ],
    "faces": {
        "up":    { "uv": [ 2, 4, 12, 6 ], "texture": "#texture1", "cullface": "up" },
        "west":  { "uv": [ 4, 0, 6, 1 ], "texture": "#texture1", "cullface": "west" }
    }
},
{
    "from": [ 1, 15.01, 15 ],
    "to": [ 12, 16.01, 16.5 ],
    "rotation": { "origin": [ 1, 15.01, 15 ], "axis": "y", "angle": -45 },
    "faces": {
        "down":  { "uv": [ 1, 3, 12, 4.5 ], "texture": "#texture1" },
        "up":    { "uv": [ 1, 3, 12, 4.5 ], "texture": "#texture1", "cullface": "up" },
        "north": { "uv": [ 1, 0, 12, 1 ], "texture": "#texture1" },
        "south": { "uv": [ 1, 0, 12, 1 ], "texture": "#texture1" },
        "west":  { "uv": [ 3, 0, 4.5, 1 ], "texture": "#texture1", "cullface": "west" },
        "east":  { "uv": [ 3, 0, 4.5, 1 ], "texture": "#texture1", "cullface": "east" }
    }
},
{
    "from": [ 8.5, 15.01, 22.5 ],
    "to": [ 14.8125, 16.01, 24 ],
    "rotation": { "origin": [ 8.5, 15.01, 22.5 ], "axis": "y", "angle": -45 },
    "faces": {
        "down":  { "uv": [ 8.5, 10.5, 14.8125, 12 ], "texture": "#texture1" },
        "up":    { "uv": [ 8.5, 10.5, 14.8125, 12 ], "texture": "#texture1", "cullface": "up" },
        "north": { "uv": [ 8.5, 0, 14.8125, 1 ], "texture": "#texture1" },
        "south": { "uv": [ 8.5, 0, 14.8125, 1 ], "texture": "#texture1" },
        "west":  { "uv": [ 10.5, 0, 12, 1 ], "texture": "#texture1", "cullface": "west" },
        "east":  { "uv": [ 10.5, 0, 12, 1 ], "texture": "#texture1", "cullface": "east" }
    }
},
{
    "from": [ 30, 0, 26 ],
    "to": [ 32, 15, 27 ],
    "faces": {
        "down":  { "uv": [ 12, 14, 14, 15 ], "texture": "#texture", "cullface": "east" },
        "south": { "uv": [ 12, 1, 14, 16 ], "texture": "#texture", "cullface": "east" },
        "west":  { "uv": [ 14, 1, 15, 16 ], "texture": "#texture", "cullface": "east" },
        "east":  { "uv": [ 14, 1, 15, 16 ], "texture": "#texture", "cullface": "east" }
    }
},
{
    "from": [ 26, 12.5, 26 ],
    "to": [ 30, 15, 27 ],
    "faces": {
        "down":  { "uv": [ 8, 14, 12, 15 ], "texture": "#texture", "cullface": "east" },
        "south": { "uv": [ 8, 1, 12, 3.5 ], "texture": "#texture", "cullface": "east" }
    }
},
{
    "from": [ 26, 0, 26 ],
    "to": [ 30, 2.5, 27 ],
    "faces": {
        "down":  { "uv": [ 8, 14, 12, 15 ], "texture": "#texture", "cullface": "east" },
        "up":    { "uv": [ 8, 14, 12, 15 ], "texture": "#texture", "cullface": "east" },
        "south": { "uv": [ 8, 13.5, 12, 16 ], "texture": "#texture", "cullface": "east" }
    }
},
{
    "from": [ 26, 0, 14 ],
    "to": [ 32, 15, 26 ],
    "faces": {
        "down":  { "uv": [ 0, 3, 6, 16 ], "texture": "#texture2", "cullface": "east" },
        "north": { "uv": [ 0, 1, 6, 16 ], "texture": "#texture2", "cullface": "east" },
        "south": { "uv": [ 0, 1, 6, 16 ], "texture": "#texture2", "cullface": "east" },
        "west":  { "uv": [ 3, 1, 16, 16 ], "texture": "#texture2", "cullface": "east" },
        "east":  { "uv": [ 3, 1, 16, 16 ], "texture": "#texture2", "cullface": "east" }
    }
}
],
"display": {
    "thirdperson_righthand": {
        "rotation": [ 0, -43, 0 ],
        "translation": [ 0, 0, 0 ],
        "scale": [ 0.4, 0.4, 0.4 ]
    },
    "thirdperson_lefthand": {
        "rotation": [ 0, -38, 0 ],
        "translation": [ 0, 0, 0 ],
        "scale": [ 0.4, 0.4, 0.4 ]
    },
    "head": {
        "rotation": [ 0, -90, 0 ],
        "translation": [ -3.5, -30.5, 0 ],
        "scale": [ 1.6, 1.6, 1.74 ]
    },
    "ground": {
        "rotation": [ 0, 0, 0 ],
        "translation": [ 0, 2, 0 ],
        "scale": [ 0.5, 0.5, 0.5 ]
    },
    "fixed": {
        "rotation": [ -18, -85, 17 ],
        "translation": [ 0, 0, -3.4 ],
        "scale": [ 0.5, 0.5, 0.5 ]
    },
    "firstperson_righthand": {
        "rotation": [ 0, -64, 0 ],
        "translation": [ 0, 0, 0 ],
        "scale": [ 0.5, 0.5, 0.5 ]
    },
    "firstperson_lefthand": {
        "rotation": [ 0, -60, 0 ],
        "translation": [ 5.29, 0, 0 ],
        "scale": [ 0.5, 0.5, 0.5 ]
    },
    "gui": {
        "rotation": [ 35, 35, 0 ],
        "translation": [ 0, 0, 0 ],
        "scale": [ 0.4, 0.4, 0.4 ]
    }
}
}