{
	"__comment": "Designed by Monsterfish_ with Cubik Studio - https://cubik.studio",
	"textures": {
		"particle": "blocks/summer_event/ice_red",
		"mesh_palette": "blocks/summer_event/ice_red"
	},
	"elements": [ 	 
		{
			"__comment": "Voxels-52A4D2",
			"from": [ 7.5, 10.5, 9.5 ],
			"to": [ 8, 11, 10 ],
			"faces": {
				"down": { "uv": [ 2.48, 0.4799995, 3.52, 1.52 ], "texture": "#mesh_palette" },
				"up": { "uv": [ 2.48, 0.4799995, 3.52, 1.52 ], "texture": "#mesh_palette" },
				"north": { "uv": [ 2.48, 0.4799995, 3.52, 1.52 ], "texture": "#mesh_palette" },
				"south": { "uv": [ 2.48, 0.4799995, 3.52, 1.52 ], "texture": "#mesh_palette" },
				"west": { "uv": [ 2.48, 0.4799995, 3.52, 1.52 ], "texture": "#mesh_palette" },
				"east": { "uv": [ 2.48, 0.4799995, 3.52, 1.52 ], "texture": "#mesh_palette" }
			}
		},
		{
			"__comment": "Voxels-52A4D2",
			"from": [ 7.5, 11, 7 ],
			"to": [ 8, 11.5, 9.5 ],
			"faces": {
				"down": { "uv": [ 2.48, 0.4799995, 3.52, 1.52 ], "texture": "#mesh_palette" },
				"up": { "uv": [ 2.48, 0.4799995, 3.52, 1.52 ], "texture": "#mesh_palette" },
				"north": { "uv": [ 2.48, 0.4799995, 3.52, 1.52 ], "texture": "#mesh_palette" },
				"south": { "uv": [ 2.48, 0.4799995, 3.52, 1.52 ], "texture": "#mesh_palette" },
				"west": { "uv": [ 2.48, 0.4799995, 3.52, 1.52 ], "texture": "#mesh_palette" },
				"east": { "uv": [ 2.48, 0.4799995, 3.52, 1.52 ], "texture": "#mesh_palette" }
			}
		},
		{
			"__comment": "Voxels-51B0E5",
			"from": [ 7.5, 11, 9.5 ],
			"to": [ 8.5, 12, 10 ],
			"faces": {
				"down": { "uv": [ 4.48, 0.4799995, 5.52, 1.52 ], "texture": "#mesh_palette" },
				"up": { "uv": [ 4.48, 0.4799995, 5.52, 1.52 ], "texture": "#mesh_palette" },
				"north": { "uv": [ 4.48, 0.4799995, 5.52, 1.52 ], "texture": "#mesh_palette" },
				"south": { "uv": [ 4.48, 0.4799995, 5.52, 1.52 ], "texture": "#mesh_palette" },
				"west": { "uv": [ 4.48, 0.4799995, 5.52, 1.52 ], "texture": "#mesh_palette" },
				"east": { "uv": [ 4.48, 0.4799995, 5.52, 1.52 ], "texture": "#mesh_palette" }
			}
		},
		{
			"__comment": "Voxels-51B0E5",
			"from": [ 7.5, 11.5, 6.5 ],
			"to": [ 9, 12, 8 ],
			"faces": {
				"down": { "uv": [ 4.48, 0.4799995, 5.52, 1.52 ], "texture": "#mesh_palette" },
				"up": { "uv": [ 4.48, 0.4799995, 5.52, 1.52 ], "texture": "#mesh_palette" },
				"north": { "uv": [ 4.48, 0.4799995, 5.52, 1.52 ], "texture": "#mesh_palette" },
				"south": { "uv": [ 4.48, 0.4799995, 5.52, 1.52 ], "texture": "#mesh_palette" },
				"west": { "uv": [ 4.48, 0.4799995, 5.52, 1.52 ], "texture": "#mesh_palette" },
				"east": { "uv": [ 4.48, 0.4799995, 5.52, 1.52 ], "texture": "#mesh_palette" }
			}
		},
		{
			"__comment": "Voxels-97D9FF",
			"from": [ 7.5, 11.5, 8 ],
			"to": [ 8, 12, 8.5 ],
			"faces": {
				"down": { "uv": [ 6.48, 0.4799995, 7.52, 1.52 ], "texture": "#mesh_palette" },
				"up": { "uv": [ 6.48, 0.4799995, 7.52, 1.52 ], "texture": "#mesh_palette" },
				"north": { "uv": [ 6.48, 0.4799995, 7.52, 1.52 ], "texture": "#mesh_palette" },
				"south": { "uv": [ 6.48, 0.4799995, 7.52, 1.52 ], "texture": "#mesh_palette" },
				"west": { "uv": [ 6.48, 0.4799995, 7.52, 1.52 ], "texture": "#mesh_palette" },
				"east": { "uv": [ 6.48, 0.4799995, 7.52, 1.52 ], "texture": "#mesh_palette" }
			}
		},
		{
			"__comment": "Voxels-51B0E5",
			"from": [ 7.5, 11.5, 8.5 ],
			"to": [ 9, 12, 9 ],
			"faces": {
				"down": { "uv": [ 4.48, 0.4799995, 5.52, 1.52 ], "texture": "#mesh_palette" },
				"up": { "uv": [ 4.48, 0.4799995, 5.52, 1.52 ], "texture": "#mesh_palette" },
				"north": { "uv": [ 4.48, 0.4799995, 5.52, 1.52 ], "texture": "#mesh_palette" },
				"south": { "uv": [ 4.48, 0.4799995, 5.52, 1.52 ], "texture": "#mesh_palette" },
				"west": { "uv": [ 4.48, 0.4799995, 5.52, 1.52 ], "texture": "#mesh_palette" },
				"east": { "uv": [ 4.48, 0.4799995, 5.52, 1.52 ], "texture": "#mesh_palette" }
			}
		},
		{
			"__comment": "Voxels-51B0E5",
			"from": [ 7.5, 11.5, 9 ],
			"to": [ 8, 12, 9.5 ],
			"faces": {
				"down": { "uv": [ 4.48, 0.4799995, 5.52, 1.52 ], "texture": "#mesh_palette" },
				"up": { "uv": [ 4.48, 0.4799995, 5.52, 1.52 ], "texture": "#mesh_palette" },
				"north": { "uv": [ 4.48, 0.4799995, 5.52, 1.52 ], "texture": "#mesh_palette" },
				"south": { "uv": [ 4.48, 0.4799995, 5.52, 1.52 ], "texture": "#mesh_palette" },
				"west": { "uv": [ 4.48, 0.4799995, 5.52, 1.52 ], "texture": "#mesh_palette" },
				"east": { "uv": [ 4.48, 0.4799995, 5.52, 1.52 ], "texture": "#mesh_palette" }
			}
		},
		{
			"__comment": "Voxels-51B0E5",
			"from": [ 7.5, 11.5, 10 ],
			"to": [ 9, 12, 10.5 ],
			"faces": {
				"down": { "uv": [ 4.48, 0.4799995, 5.52, 1.52 ], "texture": "#mesh_palette" },
				"up": { "uv": [ 4.48, 0.4799995, 5.52, 1.52 ], "texture": "#mesh_palette" },
				"north": { "uv": [ 4.48, 0.4799995, 5.52, 1.52 ], "texture": "#mesh_palette" },
				"south": { "uv": [ 4.48, 0.4799995, 5.52, 1.52 ], "texture": "#mesh_palette" },
				"west": { "uv": [ 4.48, 0.4799995, 5.52, 1.52 ], "texture": "#mesh_palette" },
				"east": { "uv": [ 4.48, 0.4799995, 5.52, 1.52 ], "texture": "#mesh_palette" }
			}
		},
		{
			"__comment": "Voxels-97D9FF",
			"from": [ 7.5, 12, 6.5 ],
			"to": [ 8, 12.5, 7 ],
			"faces": {
				"down": { "uv": [ 6.48, 0.4799995, 7.52, 1.52 ], "texture": "#mesh_palette" },
				"up": { "uv": [ 6.48, 0.4799995, 7.52, 1.52 ], "texture": "#mesh_palette" },
				"north": { "uv": [ 6.48, 0.4799995, 7.52, 1.52 ], "texture": "#mesh_palette" },
				"south": { "uv": [ 6.48, 0.4799995, 7.52, 1.52 ], "texture": "#mesh_palette" },
				"west": { "uv": [ 6.48, 0.4799995, 7.52, 1.52 ], "texture": "#mesh_palette" },
				"east": { "uv": [ 6.48, 0.4799995, 7.52, 1.52 ], "texture": "#mesh_palette" }
			}
		},
		{
			"__comment": "Voxels-67C8FF",
			"from": [ 7.5, 12, 7 ],
			"to": [ 8, 12.5, 9.5 ],
			"faces": {
				"down": { "uv": [ 8.48, 0.4799995, 9.52, 1.52 ], "texture": "#mesh_palette" },
				"up": { "uv": [ 8.48, 0.4799995, 9.52, 1.52 ], "texture": "#mesh_palette" },
				"north": { "uv": [ 8.48, 0.4799995, 9.52, 1.52 ], "texture": "#mesh_palette" },
				"south": { "uv": [ 8.48, 0.4799995, 9.52, 1.52 ], "texture": "#mesh_palette" },
				"west": { "uv": [ 8.48, 0.4799995, 9.52, 1.52 ], "texture": "#mesh_palette" },
				"east": { "uv": [ 8.48, 0.4799995, 9.52, 1.52 ], "texture": "#mesh_palette" }
			}
		},
		{
			"__comment": "Voxels-97D9FF",
			"from": [ 7.5, 12, 9.5 ],
			"to": [ 8, 12.5, 10 ],
			"faces": {
				"down": { "uv": [ 6.48, 0.4799995, 7.52, 1.52 ], "texture": "#mesh_palette" },
				"up": { "uv": [ 6.48, 0.4799995, 7.52, 1.52 ], "texture": "#mesh_palette" },
				"north": { "uv": [ 6.48, 0.4799995, 7.52, 1.52 ], "texture": "#mesh_palette" },
				"south": { "uv": [ 6.48, 0.4799995, 7.52, 1.52 ], "texture": "#mesh_palette" },
				"west": { "uv": [ 6.48, 0.4799995, 7.52, 1.52 ], "texture": "#mesh_palette" },
				"east": { "uv": [ 6.48, 0.4799995, 7.52, 1.52 ], "texture": "#mesh_palette" }
			}
		},
		{
			"__comment": "Voxels-67C8FF",
			"from": [ 7.5, 12, 10 ],
			"to": [ 8.5, 12.5, 10.5 ],
			"faces": {
				"down": { "uv": [ 8.48, 0.4799995, 9.52, 1.52 ], "texture": "#mesh_palette" },
				"up": { "uv": [ 8.48, 0.4799995, 9.52, 1.52 ], "texture": "#mesh_palette" },
				"north": { "uv": [ 8.48, 0.4799995, 9.52, 1.52 ], "texture": "#mesh_palette" },
				"south": { "uv": [ 8.48, 0.4799995, 9.52, 1.52 ], "texture": "#mesh_palette" },
				"west": { "uv": [ 8.48, 0.4799995, 9.52, 1.52 ], "texture": "#mesh_palette" },
				"east": { "uv": [ 8.48, 0.4799995, 9.52, 1.52 ], "texture": "#mesh_palette" }
			}
		},
		{
			"__comment": "Voxels-51B0E5",
			"from": [ 7.5, 12.5, 7 ],
			"to": [ 9, 13, 7.5 ],
			"faces": {
				"down": { "uv": [ 4.48, 0.4799995, 5.52, 1.52 ], "texture": "#mesh_palette" },
				"up": { "uv": [ 4.48, 0.4799995, 5.52, 1.52 ], "texture": "#mesh_palette" },
				"north": { "uv": [ 4.48, 0.4799995, 5.52, 1.52 ], "texture": "#mesh_palette" },
				"south": { "uv": [ 4.48, 0.4799995, 5.52, 1.52 ], "texture": "#mesh_palette" },
				"west": { "uv": [ 4.48, 0.4799995, 5.52, 1.52 ], "texture": "#mesh_palette" },
				"east": { "uv": [ 4.48, 0.4799995, 5.52, 1.52 ], "texture": "#mesh_palette" }
			}
		},
		{
			"__comment": "Voxels-67C8FF",
			"from": [ 7.5, 12.5, 7.5 ],
			"to": [ 8, 13, 8 ],
			"faces": {
				"down": { "uv": [ 8.48, 0.4799995, 9.52, 1.52 ], "texture": "#mesh_palette" },
				"up": { "uv": [ 8.48, 0.4799995, 9.52, 1.52 ], "texture": "#mesh_palette" },
				"north": { "uv": [ 8.48, 0.4799995, 9.52, 1.52 ], "texture": "#mesh_palette" },
				"south": { "uv": [ 8.48, 0.4799995, 9.52, 1.52 ], "texture": "#mesh_palette" },
				"west": { "uv": [ 8.48, 0.4799995, 9.52, 1.52 ], "texture": "#mesh_palette" },
				"east": { "uv": [ 8.48, 0.4799995, 9.52, 1.52 ], "texture": "#mesh_palette" }
			}
		},
		{
			"__comment": "Voxels-51B0E5",
			"from": [ 7.5, 12.5, 8 ],
			"to": [ 9, 13, 10 ],
			"faces": {
				"down": { "uv": [ 4.48, 0.4799995, 5.52, 1.52 ], "texture": "#mesh_palette" },
				"up": { "uv": [ 4.48, 0.4799995, 5.52, 1.52 ], "texture": "#mesh_palette" },
				"north": { "uv": [ 4.48, 0.4799995, 5.52, 1.52 ], "texture": "#mesh_palette" },
				"south": { "uv": [ 4.48, 0.4799995, 5.52, 1.52 ], "texture": "#mesh_palette" },
				"west": { "uv": [ 4.48, 0.4799995, 5.52, 1.52 ], "texture": "#mesh_palette" },
				"east": { "uv": [ 4.48, 0.4799995, 5.52, 1.52 ], "texture": "#mesh_palette" }
			}
		},
		{
			"__comment": "Voxels-77B3B3",
			"from": [ 7.5, 13, 7 ],
			"to": [ 9, 13.5, 8 ],
			"faces": {
				"down": { "uv": [ 10.48, 0.4799995, 11.52, 1.52 ], "texture": "#mesh_palette" },
				"up": { "uv": [ 10.48, 0.4799995, 11.52, 1.52 ], "texture": "#mesh_palette" },
				"north": { "uv": [ 10.48, 0.4799995, 11.52, 1.52 ], "texture": "#mesh_palette" },
				"south": { "uv": [ 10.48, 0.4799995, 11.52, 1.52 ], "texture": "#mesh_palette" },
				"west": { "uv": [ 10.48, 0.4799995, 11.52, 1.52 ], "texture": "#mesh_palette" },
				"east": { "uv": [ 10.48, 0.4799995, 11.52, 1.52 ], "texture": "#mesh_palette" }
			}
		},
		{
			"__comment": "Voxels-77B3B3",
			"from": [ 7.5, 13, 8 ],
			"to": [ 8, 13.5, 10 ],
			"faces": {
				"down": { "uv": [ 10.48, 0.4799995, 11.52, 1.52 ], "texture": "#mesh_palette" },
				"up": { "uv": [ 10.48, 0.4799995, 11.52, 1.52 ], "texture": "#mesh_palette" },
				"north": { "uv": [ 10.48, 0.4799995, 11.52, 1.52 ], "texture": "#mesh_palette" },
				"south": { "uv": [ 10.48, 0.4799995, 11.52, 1.52 ], "texture": "#mesh_palette" },
				"west": { "uv": [ 10.48, 0.4799995, 11.52, 1.52 ], "texture": "#mesh_palette" },
				"east": { "uv": [ 10.48, 0.4799995, 11.52, 1.52 ], "texture": "#mesh_palette" }
			}
		},
		{
			"__comment": "Voxels-87CBCB",
			"from": [ 7.5, 13.5, 7 ],
			"to": [ 9, 14, 7.5 ],
			"faces": {
				"down": { "uv": [ 12.48, 0.4799995, 13.52, 1.52 ], "texture": "#mesh_palette" },
				"up": { "uv": [ 12.48, 0.4799995, 13.52, 1.52 ], "texture": "#mesh_palette" },
				"north": { "uv": [ 12.48, 0.4799995, 13.52, 1.52 ], "texture": "#mesh_palette" },
				"south": { "uv": [ 12.48, 0.4799995, 13.52, 1.52 ], "texture": "#mesh_palette" },
				"west": { "uv": [ 12.48, 0.4799995, 13.52, 1.52 ], "texture": "#mesh_palette" },
				"east": { "uv": [ 12.48, 0.4799995, 13.52, 1.52 ], "texture": "#mesh_palette" }
			}
		},
		{
			"__comment": "Voxels-89D6D6",
			"from": [ 7.5, 13.5, 7.5 ],
			"to": [ 8, 14, 8 ],
			"faces": {
				"down": { "uv": [ 14.48, 0.4799995, 15.52, 1.52 ], "texture": "#mesh_palette" },
				"up": { "uv": [ 14.48, 0.4799995, 15.52, 1.52 ], "texture": "#mesh_palette" },
				"north": { "uv": [ 14.48, 0.4799995, 15.52, 1.52 ], "texture": "#mesh_palette" },
				"south": { "uv": [ 14.48, 0.4799995, 15.52, 1.52 ], "texture": "#mesh_palette" },
				"west": { "uv": [ 14.48, 0.4799995, 15.52, 1.52 ], "texture": "#mesh_palette" },
				"east": { "uv": [ 14.48, 0.4799995, 15.52, 1.52 ], "texture": "#mesh_palette" }
			}
		},
		{
			"__comment": "Voxels-87CBCB",
			"from": [ 7.5, 13.5, 8 ],
			"to": [ 9, 14, 9 ],
			"faces": {
				"down": { "uv": [ 12.48, 0.4799995, 13.52, 1.52 ], "texture": "#mesh_palette" },
				"up": { "uv": [ 12.48, 0.4799995, 13.52, 1.52 ], "texture": "#mesh_palette" },
				"north": { "uv": [ 12.48, 0.4799995, 13.52, 1.52 ], "texture": "#mesh_palette" },
				"south": { "uv": [ 12.48, 0.4799995, 13.52, 1.52 ], "texture": "#mesh_palette" },
				"west": { "uv": [ 12.48, 0.4799995, 13.52, 1.52 ], "texture": "#mesh_palette" },
				"east": { "uv": [ 12.48, 0.4799995, 13.52, 1.52 ], "texture": "#mesh_palette" }
			}
		},
		{
			"__comment": "Voxels-87CBCB",
			"from": [ 7.5, 13.5, 9 ],
			"to": [ 8, 14, 10 ],
			"faces": {
				"down": { "uv": [ 12.48, 0.4799995, 13.52, 1.52 ], "texture": "#mesh_palette" },
				"up": { "uv": [ 12.48, 0.4799995, 13.52, 1.52 ], "texture": "#mesh_palette" },
				"north": { "uv": [ 12.48, 0.4799995, 13.52, 1.52 ], "texture": "#mesh_palette" },
				"south": { "uv": [ 12.48, 0.4799995, 13.52, 1.52 ], "texture": "#mesh_palette" },
				"west": { "uv": [ 12.48, 0.4799995, 13.52, 1.52 ], "texture": "#mesh_palette" },
				"east": { "uv": [ 12.48, 0.4799995, 13.52, 1.52 ], "texture": "#mesh_palette" }
			}
		},
		{
			"__comment": "Voxels-8FD8D8",
			"from": [ 7.5, 14, 7 ],
			"to": [ 8.5, 14.5, 8 ],
			"faces": {
				"down": { "uv": [ 0.48, 2.48, 1.52, 3.52 ], "texture": "#mesh_palette" },
				"up": { "uv": [ 0.48, 2.48, 1.52, 3.52 ], "texture": "#mesh_palette" },
				"north": { "uv": [ 0.48, 2.48, 1.52, 3.52 ], "texture": "#mesh_palette" },
				"south": { "uv": [ 0.48, 2.48, 1.52, 3.52 ], "texture": "#mesh_palette" },
				"west": { "uv": [ 0.48, 2.48, 1.52, 3.52 ], "texture": "#mesh_palette" },
				"east": { "uv": [ 0.48, 2.48, 1.52, 3.52 ], "texture": "#mesh_palette" }
			}
		},
		{
			"__comment": "Voxels-9EECEC",
			"from": [ 7.5, 14, 8 ],
			"to": [ 8, 14.5, 8.5 ],
			"faces": {
				"down": { "uv": [ 2.48, 2.48, 3.52, 3.52 ], "texture": "#mesh_palette" },
				"up": { "uv": [ 2.48, 2.48, 3.52, 3.52 ], "texture": "#mesh_palette" },
				"north": { "uv": [ 2.48, 2.48, 3.52, 3.52 ], "texture": "#mesh_palette" },
				"south": { "uv": [ 2.48, 2.48, 3.52, 3.52 ], "texture": "#mesh_palette" },
				"west": { "uv": [ 2.48, 2.48, 3.52, 3.52 ], "texture": "#mesh_palette" },
				"east": { "uv": [ 2.48, 2.48, 3.52, 3.52 ], "texture": "#mesh_palette" }
			}
		},
		{
			"__comment": "Voxels-89D6D6",
			"from": [ 7.5, 14, 8.5 ],
			"to": [ 8, 14.5, 9 ],
			"faces": {
				"down": { "uv": [ 14.48, 0.4799995, 15.52, 1.52 ], "texture": "#mesh_palette" },
				"up": { "uv": [ 14.48, 0.4799995, 15.52, 1.52 ], "texture": "#mesh_palette" },
				"north": { "uv": [ 14.48, 0.4799995, 15.52, 1.52 ], "texture": "#mesh_palette" },
				"south": { "uv": [ 14.48, 0.4799995, 15.52, 1.52 ], "texture": "#mesh_palette" },
				"west": { "uv": [ 14.48, 0.4799995, 15.52, 1.52 ], "texture": "#mesh_palette" },
				"east": { "uv": [ 14.48, 0.4799995, 15.52, 1.52 ], "texture": "#mesh_palette" }
			}
		},
		{
			"__comment": "Voxels-8FD8D8",
			"from": [ 7.5, 14, 9 ],
			"to": [ 9, 15, 9.5 ],
			"faces": {
				"down": { "uv": [ 0.48, 2.48, 1.52, 3.52 ], "texture": "#mesh_palette" },
				"up": { "uv": [ 0.48, 2.48, 1.52, 3.52 ], "texture": "#mesh_palette" },
				"north": { "uv": [ 0.48, 2.48, 1.52, 3.52 ], "texture": "#mesh_palette" },
				"south": { "uv": [ 0.48, 2.48, 1.52, 3.52 ], "texture": "#mesh_palette" },
				"west": { "uv": [ 0.48, 2.48, 1.52, 3.52 ], "texture": "#mesh_palette" },
				"east": { "uv": [ 0.48, 2.48, 1.52, 3.52 ], "texture": "#mesh_palette" }
			}
		},
		{
			"__comment": "Voxels-8FD8D8",
			"from": [ 7.5, 14, 9.5 ],
			"to": [ 8.5, 14.5, 10 ],
			"faces": {
				"down": { "uv": [ 0.48, 2.48, 1.52, 3.52 ], "texture": "#mesh_palette" },
				"up": { "uv": [ 0.48, 2.48, 1.52, 3.52 ], "texture": "#mesh_palette" },
				"north": { "uv": [ 0.48, 2.48, 1.52, 3.52 ], "texture": "#mesh_palette" },
				"south": { "uv": [ 0.48, 2.48, 1.52, 3.52 ], "texture": "#mesh_palette" },
				"west": { "uv": [ 0.48, 2.48, 1.52, 3.52 ], "texture": "#mesh_palette" },
				"east": { "uv": [ 0.48, 2.48, 1.52, 3.52 ], "texture": "#mesh_palette" }
			}
		},
		{
			"__comment": "Voxels-9EECEC",
			"from": [ 7.5, 14.5, 7 ],
			"to": [ 8, 15, 8 ],
			"faces": {
				"down": { "uv": [ 2.48, 2.48, 3.52, 3.52 ], "texture": "#mesh_palette" },
				"up": { "uv": [ 2.48, 2.48, 3.52, 3.52 ], "texture": "#mesh_palette" },
				"north": { "uv": [ 2.48, 2.48, 3.52, 3.52 ], "texture": "#mesh_palette" },
				"south": { "uv": [ 2.48, 2.48, 3.52, 3.52 ], "texture": "#mesh_palette" },
				"west": { "uv": [ 2.48, 2.48, 3.52, 3.52 ], "texture": "#mesh_palette" },
				"east": { "uv": [ 2.48, 2.48, 3.52, 3.52 ], "texture": "#mesh_palette" }
			}
		},
		{
			"__comment": "Voxels-8FD8D8",
			"from": [ 7.5, 14.5, 8 ],
			"to": [ 9, 15, 8.5 ],
			"faces": {
				"down": { "uv": [ 0.48, 2.48, 1.52, 3.52 ], "texture": "#mesh_palette" },
				"up": { "uv": [ 0.48, 2.48, 1.52, 3.52 ], "texture": "#mesh_palette" },
				"north": { "uv": [ 0.48, 2.48, 1.52, 3.52 ], "texture": "#mesh_palette" },
				"south": { "uv": [ 0.48, 2.48, 1.52, 3.52 ], "texture": "#mesh_palette" },
				"west": { "uv": [ 0.48, 2.48, 1.52, 3.52 ], "texture": "#mesh_palette" },
				"east": { "uv": [ 0.48, 2.48, 1.52, 3.52 ], "texture": "#mesh_palette" }
			}
		},
		{
			"__comment": "Voxels-8FD8D8",
			"from": [ 7.5, 14.5, 8.5 ],
			"to": [ 8, 15, 9 ],
			"faces": {
				"down": { "uv": [ 0.48, 2.48, 1.52, 3.52 ], "texture": "#mesh_palette" },
				"up": { "uv": [ 0.48, 2.48, 1.52, 3.52 ], "texture": "#mesh_palette" },
				"north": { "uv": [ 0.48, 2.48, 1.52, 3.52 ], "texture": "#mesh_palette" },
				"south": { "uv": [ 0.48, 2.48, 1.52, 3.52 ], "texture": "#mesh_palette" },
				"west": { "uv": [ 0.48, 2.48, 1.52, 3.52 ], "texture": "#mesh_palette" },
				"east": { "uv": [ 0.48, 2.48, 1.52, 3.52 ], "texture": "#mesh_palette" }
			}
		},
		{
			"__comment": "Voxels-9EECEC",
			"from": [ 7.5, 14.5, 9.5 ],
			"to": [ 8, 15, 10 ],
			"faces": {
				"down": { "uv": [ 2.48, 2.48, 3.52, 3.52 ], "texture": "#mesh_palette" },
				"up": { "uv": [ 2.48, 2.48, 3.52, 3.52 ], "texture": "#mesh_palette" },
				"north": { "uv": [ 2.48, 2.48, 3.52, 3.52 ], "texture": "#mesh_palette" },
				"south": { "uv": [ 2.48, 2.48, 3.52, 3.52 ], "texture": "#mesh_palette" },
				"west": { "uv": [ 2.48, 2.48, 3.52, 3.52 ], "texture": "#mesh_palette" },
				"east": { "uv": [ 2.48, 2.48, 3.52, 3.52 ], "texture": "#mesh_palette" }
			}
		},
		{
			"__comment": "Voxels-77B3B3",
			"from": [ 7.5, 15, 7.5 ],
			"to": [ 9, 15.5, 8 ],
			"faces": {
				"down": { "uv": [ 10.48, 0.4799995, 11.52, 1.52 ], "texture": "#mesh_palette" },
				"up": { "uv": [ 10.48, 0.4799995, 11.52, 1.52 ], "texture": "#mesh_palette" },
				"north": { "uv": [ 10.48, 0.4799995, 11.52, 1.52 ], "texture": "#mesh_palette" },
				"south": { "uv": [ 10.48, 0.4799995, 11.52, 1.52 ], "texture": "#mesh_palette" },
				"west": { "uv": [ 10.48, 0.4799995, 11.52, 1.52 ], "texture": "#mesh_palette" },
				"east": { "uv": [ 10.48, 0.4799995, 11.52, 1.52 ], "texture": "#mesh_palette" }
			}
		},
		{
			"__comment": "Voxels-77B3B3",
			"from": [ 7.5, 15, 8 ],
			"to": [ 8, 15.5, 9.5 ],
			"faces": {
				"down": { "uv": [ 10.48, 0.4799995, 11.52, 1.52 ], "texture": "#mesh_palette" },
				"up": { "uv": [ 10.48, 0.4799995, 11.52, 1.52 ], "texture": "#mesh_palette" },
				"north": { "uv": [ 10.48, 0.4799995, 11.52, 1.52 ], "texture": "#mesh_palette" },
				"south": { "uv": [ 10.48, 0.4799995, 11.52, 1.52 ], "texture": "#mesh_palette" },
				"west": { "uv": [ 10.48, 0.4799995, 11.52, 1.52 ], "texture": "#mesh_palette" },
				"east": { "uv": [ 10.48, 0.4799995, 11.52, 1.52 ], "texture": "#mesh_palette" }
			}
		},
		{
			"__comment": "Voxels-51B0E5",
			"from": [ 7.5, 15.5, 7.5 ],
			"to": [ 9, 16, 8.5 ],
			"faces": {
				"down": { "uv": [ 4.48, 0.4799995, 5.52, 1.52 ], "texture": "#mesh_palette" },
				"up": { "uv": [ 4.48, 0.4799995, 5.52, 1.52 ], "texture": "#mesh_palette" },
				"north": { "uv": [ 4.48, 0.4799995, 5.52, 1.52 ], "texture": "#mesh_palette" },
				"south": { "uv": [ 4.48, 0.4799995, 5.52, 1.52 ], "texture": "#mesh_palette" },
				"west": { "uv": [ 4.48, 0.4799995, 5.52, 1.52 ], "texture": "#mesh_palette" },
				"east": { "uv": [ 4.48, 0.4799995, 5.52, 1.52 ], "texture": "#mesh_palette" }
			}
		},
		{
			"__comment": "Voxels-67C8FF",
			"from": [ 7.5, 15.5, 8.5 ],
			"to": [ 8, 16.5, 9 ],
			"faces": {
				"down": { "uv": [ 8.48, 0.4799995, 9.52, 1.52 ], "texture": "#mesh_palette" },
				"up": { "uv": [ 8.48, 0.4799995, 9.52, 1.52 ], "texture": "#mesh_palette" },
				"north": { "uv": [ 8.48, 0.4799995, 9.52, 1.52 ], "texture": "#mesh_palette" },
				"south": { "uv": [ 8.48, 0.4799995, 9.52, 1.52 ], "texture": "#mesh_palette" },
				"west": { "uv": [ 8.48, 0.4799995, 9.52, 1.52 ], "texture": "#mesh_palette" },
				"east": { "uv": [ 8.48, 0.4799995, 9.52, 1.52 ], "texture": "#mesh_palette" }
			}
		},
		{
			"__comment": "Voxels-51B0E5",
			"from": [ 7.5, 15.5, 9 ],
			"to": [ 9, 16, 9.5 ],
			"faces": {
				"down": { "uv": [ 4.48, 0.4799995, 5.52, 1.52 ], "texture": "#mesh_palette" },
				"up": { "uv": [ 4.48, 0.4799995, 5.52, 1.52 ], "texture": "#mesh_palette" },
				"north": { "uv": [ 4.48, 0.4799995, 5.52, 1.52 ], "texture": "#mesh_palette" },
				"south": { "uv": [ 4.48, 0.4799995, 5.52, 1.52 ], "texture": "#mesh_palette" },
				"west": { "uv": [ 4.48, 0.4799995, 5.52, 1.52 ], "texture": "#mesh_palette" },
				"east": { "uv": [ 4.48, 0.4799995, 5.52, 1.52 ], "texture": "#mesh_palette" }
			}
		},
		{
			"__comment": "Voxels-67C8FF",
			"from": [ 7.5, 16, 7.5 ],
			"to": [ 8, 16.5, 8 ],
			"faces": {
				"down": { "uv": [ 8.48, 0.4799995, 9.52, 1.52 ], "texture": "#mesh_palette" },
				"up": { "uv": [ 8.48, 0.4799995, 9.52, 1.52 ], "texture": "#mesh_palette" },
				"north": { "uv": [ 8.48, 0.4799995, 9.52, 1.52 ], "texture": "#mesh_palette" },
				"south": { "uv": [ 8.48, 0.4799995, 9.52, 1.52 ], "texture": "#mesh_palette" },
				"west": { "uv": [ 8.48, 0.4799995, 9.52, 1.52 ], "texture": "#mesh_palette" },
				"east": { "uv": [ 8.48, 0.4799995, 9.52, 1.52 ], "texture": "#mesh_palette" }
			}
		},
		{
			"__comment": "Voxels-ADE1FF",
			"from": [ 7.5, 16, 8 ],
			"to": [ 8, 17, 8.5 ],
			"faces": {
				"down": { "uv": [ 4.48, 2.48, 5.52, 3.52 ], "texture": "#mesh_palette" },
				"up": { "uv": [ 4.48, 2.48, 5.52, 3.52 ], "texture": "#mesh_palette" },
				"north": { "uv": [ 4.48, 2.48, 5.52, 3.52 ], "texture": "#mesh_palette" },
				"south": { "uv": [ 4.48, 2.48, 5.52, 3.52 ], "texture": "#mesh_palette" },
				"west": { "uv": [ 4.48, 2.48, 5.52, 3.52 ], "texture": "#mesh_palette" },
				"east": { "uv": [ 4.48, 2.48, 5.52, 3.52 ], "texture": "#mesh_palette" }
			}
		},
		{
			"__comment": "Voxels-67C8FF",
			"from": [ 7.5, 16, 9 ],
			"to": [ 9, 16.5, 9.5 ],
			"faces": {
				"down": { "uv": [ 8.48, 0.4799995, 9.52, 1.52 ], "texture": "#mesh_palette" },
				"up": { "uv": [ 8.48, 0.4799995, 9.52, 1.52 ], "texture": "#mesh_palette" },
				"north": { "uv": [ 8.48, 0.4799995, 9.52, 1.52 ], "texture": "#mesh_palette" },
				"south": { "uv": [ 8.48, 0.4799995, 9.52, 1.52 ], "texture": "#mesh_palette" },
				"west": { "uv": [ 8.48, 0.4799995, 9.52, 1.52 ], "texture": "#mesh_palette" },
				"east": { "uv": [ 8.48, 0.4799995, 9.52, 1.52 ], "texture": "#mesh_palette" }
			}
		},
		{
			"__comment": "Voxels-ADE1FF",
			"from": [ 7.5, 16.5, 8.5 ],
			"to": [ 9, 17, 9 ],
			"faces": {
				"down": { "uv": [ 4.48, 2.48, 5.52, 3.52 ], "texture": "#mesh_palette" },
				"up": { "uv": [ 4.48, 2.48, 5.52, 3.52 ], "texture": "#mesh_palette" },
				"north": { "uv": [ 4.48, 2.48, 5.52, 3.52 ], "texture": "#mesh_palette" },
				"south": { "uv": [ 4.48, 2.48, 5.52, 3.52 ], "texture": "#mesh_palette" },
				"west": { "uv": [ 4.48, 2.48, 5.52, 3.52 ], "texture": "#mesh_palette" },
				"east": { "uv": [ 4.48, 2.48, 5.52, 3.52 ], "texture": "#mesh_palette" }
			}
		},
		{
			"__comment": "Voxels-C3BA8C",
			"from": [ 8, 8, 8 ],
			"to": [ 8.5, 8.5, 8.5 ],
			"faces": {
				"down": { "uv": [ 8.48, 2.48, 9.52, 3.52 ], "texture": "#mesh_palette" },
				"up": { "uv": [ 8.48, 2.48, 9.52, 3.52 ], "texture": "#mesh_palette" },
				"north": { "uv": [ 8.48, 2.48, 9.52, 3.52 ], "texture": "#mesh_palette" },
				"south": { "uv": [ 8.48, 2.48, 9.52, 3.52 ], "texture": "#mesh_palette" },
				"west": { "uv": [ 8.48, 2.48, 9.52, 3.52 ], "texture": "#mesh_palette" },
				"east": { "uv": [ 8.48, 2.48, 9.52, 3.52 ], "texture": "#mesh_palette" }
			}
		},
		{
			"__comment": "Voxels-D5CC9F",
			"from": [ 8, 8, 8.5 ],
			"to": [ 8.5, 8.5, 9 ],
			"faces": {
				"down": { "uv": [ 10.48, 2.48, 11.52, 3.52 ], "texture": "#mesh_palette" },
				"up": { "uv": [ 10.48, 2.48, 11.52, 3.52 ], "texture": "#mesh_palette" },
				"north": { "uv": [ 10.48, 2.48, 11.52, 3.52 ], "texture": "#mesh_palette" },
				"south": { "uv": [ 10.48, 2.48, 11.52, 3.52 ], "texture": "#mesh_palette" },
				"west": { "uv": [ 10.48, 2.48, 11.52, 3.52 ], "texture": "#mesh_palette" },
				"east": { "uv": [ 10.48, 2.48, 11.52, 3.52 ], "texture": "#mesh_palette" }
			}
		},
		{
			"__comment": "Voxels-D5CC9F",
			"from": [ 8, 8.5, 8 ],
			"to": [ 8.5, 9.5, 8.5 ],
			"faces": {
				"down": { "uv": [ 10.48, 2.48, 11.52, 3.52 ], "texture": "#mesh_palette" },
				"up": { "uv": [ 10.48, 2.48, 11.52, 3.52 ], "texture": "#mesh_palette" },
				"north": { "uv": [ 10.48, 2.48, 11.52, 3.52 ], "texture": "#mesh_palette" },
				"south": { "uv": [ 10.48, 2.48, 11.52, 3.52 ], "texture": "#mesh_palette" },
				"west": { "uv": [ 10.48, 2.48, 11.52, 3.52 ], "texture": "#mesh_palette" },
				"east": { "uv": [ 10.48, 2.48, 11.52, 3.52 ], "texture": "#mesh_palette" }
			}
		},
		{
			"__comment": "Voxels-C3BA8C",
			"from": [ 8, 8.5, 8.5 ],
			"to": [ 8.5, 9, 9 ],
			"faces": {
				"down": { "uv": [ 8.48, 2.48, 9.52, 3.52 ], "texture": "#mesh_palette" },
				"up": { "uv": [ 8.48, 2.48, 9.52, 3.52 ], "texture": "#mesh_palette" },
				"north": { "uv": [ 8.48, 2.48, 9.52, 3.52 ], "texture": "#mesh_palette" },
				"south": { "uv": [ 8.48, 2.48, 9.52, 3.52 ], "texture": "#mesh_palette" },
				"west": { "uv": [ 8.48, 2.48, 9.52, 3.52 ], "texture": "#mesh_palette" },
				"east": { "uv": [ 8.48, 2.48, 9.52, 3.52 ], "texture": "#mesh_palette" }
			}
		},
		{
			"__comment": "Voxels-D5CC9F",
			"from": [ 8, 9, 8.5 ],
			"to": [ 8.5, 9.5, 9 ],
			"faces": {
				"down": { "uv": [ 10.48, 2.48, 11.52, 3.52 ], "texture": "#mesh_palette" },
				"up": { "uv": [ 10.48, 2.48, 11.52, 3.52 ], "texture": "#mesh_palette" },
				"north": { "uv": [ 10.48, 2.48, 11.52, 3.52 ], "texture": "#mesh_palette" },
				"south": { "uv": [ 10.48, 2.48, 11.52, 3.52 ], "texture": "#mesh_palette" },
				"west": { "uv": [ 10.48, 2.48, 11.52, 3.52 ], "texture": "#mesh_palette" },
				"east": { "uv": [ 10.48, 2.48, 11.52, 3.52 ], "texture": "#mesh_palette" }
			}
		},
		{
			"__comment": "Voxels-A19870",
			"from": [ 8, 9.5, 8 ],
			"to": [ 8.5, 10, 8.5 ],
			"faces": {
				"down": { "uv": [ 12.48, 2.48, 13.52, 3.52 ], "texture": "#mesh_palette" },
				"up": { "uv": [ 12.48, 2.48, 13.52, 3.52 ], "texture": "#mesh_palette" },
				"north": { "uv": [ 12.48, 2.48, 13.52, 3.52 ], "texture": "#mesh_palette" },
				"south": { "uv": [ 12.48, 2.48, 13.52, 3.52 ], "texture": "#mesh_palette" },
				"west": { "uv": [ 12.48, 2.48, 13.52, 3.52 ], "texture": "#mesh_palette" },
				"east": { "uv": [ 12.48, 2.48, 13.52, 3.52 ], "texture": "#mesh_palette" }
			}
		},
		{
			"__comment": "Voxels-C3BA8C",
			"from": [ 8, 9.5, 8.5 ],
			"to": [ 8.5, 10, 9 ],
			"faces": {
				"down": { "uv": [ 8.48, 2.48, 9.52, 3.52 ], "texture": "#mesh_palette" },
				"up": { "uv": [ 8.48, 2.48, 9.52, 3.52 ], "texture": "#mesh_palette" },
				"north": { "uv": [ 8.48, 2.48, 9.52, 3.52 ], "texture": "#mesh_palette" },
				"south": { "uv": [ 8.48, 2.48, 9.52, 3.52 ], "texture": "#mesh_palette" },
				"west": { "uv": [ 8.48, 2.48, 9.52, 3.52 ], "texture": "#mesh_palette" },
				"east": { "uv": [ 8.48, 2.48, 9.52, 3.52 ], "texture": "#mesh_palette" }
			}
		},
		{
			"__comment": "Voxels-918964",
			"from": [ 8, 10, 8 ],
			"to": [ 8.5, 11, 8.5 ],
			"faces": {
				"down": { "uv": [ 14.48, 2.48, 15.52, 3.52 ], "texture": "#mesh_palette" },
				"up": { "uv": [ 14.48, 2.48, 15.52, 3.52 ], "texture": "#mesh_palette" },
				"north": { "uv": [ 14.48, 2.48, 15.52, 3.52 ], "texture": "#mesh_palette" },
				"south": { "uv": [ 14.48, 2.48, 15.52, 3.52 ], "texture": "#mesh_palette" },
				"west": { "uv": [ 14.48, 2.48, 15.52, 3.52 ], "texture": "#mesh_palette" },
				"east": { "uv": [ 14.48, 2.48, 15.52, 3.52 ], "texture": "#mesh_palette" }
			}
		},
		{
			"__comment": "Voxels-A19870",
			"from": [ 8, 10, 8.5 ],
			"to": [ 8.5, 10.5, 9 ],
			"faces": {
				"down": { "uv": [ 12.48, 2.48, 13.52, 3.52 ], "texture": "#mesh_palette" },
				"up": { "uv": [ 12.48, 2.48, 13.52, 3.52 ], "texture": "#mesh_palette" },
				"north": { "uv": [ 12.48, 2.48, 13.52, 3.52 ], "texture": "#mesh_palette" },
				"south": { "uv": [ 12.48, 2.48, 13.52, 3.52 ], "texture": "#mesh_palette" },
				"west": { "uv": [ 12.48, 2.48, 13.52, 3.52 ], "texture": "#mesh_palette" },
				"east": { "uv": [ 12.48, 2.48, 13.52, 3.52 ], "texture": "#mesh_palette" }
			}
		},
		{
			"__comment": "Voxels-918964",
			"from": [ 8, 10.5, 8.5 ],
			"to": [ 8.5, 11, 9 ],
			"faces": {
				"down": { "uv": [ 14.48, 2.48, 15.52, 3.52 ], "texture": "#mesh_palette" },
				"up": { "uv": [ 14.48, 2.48, 15.52, 3.52 ], "texture": "#mesh_palette" },
				"north": { "uv": [ 14.48, 2.48, 15.52, 3.52 ], "texture": "#mesh_palette" },
				"south": { "uv": [ 14.48, 2.48, 15.52, 3.52 ], "texture": "#mesh_palette" },
				"west": { "uv": [ 14.48, 2.48, 15.52, 3.52 ], "texture": "#mesh_palette" },
				"east": { "uv": [ 14.48, 2.48, 15.52, 3.52 ], "texture": "#mesh_palette" }
			}
		},
		{
			"__comment": "Voxels-52A4D2",
			"from": [ 8, 11, 6.5 ],
			"to": [ 8.5, 11.5, 7 ],
			"faces": {
				"down": { "uv": [ 2.48, 0.4799995, 3.52, 1.52 ], "texture": "#mesh_palette" },
				"up": { "uv": [ 2.48, 0.4799995, 3.52, 1.52 ], "texture": "#mesh_palette" },
				"north": { "uv": [ 2.48, 0.4799995, 3.52, 1.52 ], "texture": "#mesh_palette" },
				"south": { "uv": [ 2.48, 0.4799995, 3.52, 1.52 ], "texture": "#mesh_palette" },
				"west": { "uv": [ 2.48, 0.4799995, 3.52, 1.52 ], "texture": "#mesh_palette" },
				"east": { "uv": [ 2.48, 0.4799995, 3.52, 1.52 ], "texture": "#mesh_palette" }
			}
		},
		{
			"__comment": "Voxels-51B0E5",
			"from": [ 8, 11, 7 ],
			"to": [ 8.5, 11.5, 8 ],
			"faces": {
				"down": { "uv": [ 4.48, 0.4799995, 5.52, 1.52 ], "texture": "#mesh_palette" },
				"up": { "uv": [ 4.48, 0.4799995, 5.52, 1.52 ], "texture": "#mesh_palette" },
				"north": { "uv": [ 4.48, 0.4799995, 5.52, 1.52 ], "texture": "#mesh_palette" },
				"south": { "uv": [ 4.48, 0.4799995, 5.52, 1.52 ], "texture": "#mesh_palette" },
				"west": { "uv": [ 4.48, 0.4799995, 5.52, 1.52 ], "texture": "#mesh_palette" },
				"east": { "uv": [ 4.48, 0.4799995, 5.52, 1.52 ], "texture": "#mesh_palette" }
			}
		},
		{
			"__comment": "Voxels-71D6FF",
			"from": [ 8, 11, 8 ],
			"to": [ 8.5, 12.5, 8.5 ],
			"faces": {
				"down": { "uv": [ 6.48, 2.48, 7.52, 3.52 ], "texture": "#mesh_palette" },
				"up": { "uv": [ 6.48, 2.48, 7.52, 3.52 ], "texture": "#mesh_palette" },
				"north": { "uv": [ 6.48, 2.48, 7.52, 3.52 ], "texture": "#mesh_palette" },
				"south": { "uv": [ 6.48, 2.48, 7.52, 3.52 ], "texture": "#mesh_palette" },
				"west": { "uv": [ 6.48, 2.48, 7.52, 3.52 ], "texture": "#mesh_palette" },
				"east": { "uv": [ 6.48, 2.48, 7.52, 3.52 ], "texture": "#mesh_palette" }
			}
		},
		{
			"__comment": "Voxels-71D6FF",
			"from": [ 8, 11, 8.5 ],
			"to": [ 8.5, 11.5, 9 ],
			"faces": {
				"down": { "uv": [ 6.48, 2.48, 7.52, 3.52 ], "texture": "#mesh_palette" },
				"up": { "uv": [ 6.48, 2.48, 7.52, 3.52 ], "texture": "#mesh_palette" },
				"north": { "uv": [ 6.48, 2.48, 7.52, 3.52 ], "texture": "#mesh_palette" },
				"south": { "uv": [ 6.48, 2.48, 7.52, 3.52 ], "texture": "#mesh_palette" },
				"west": { "uv": [ 6.48, 2.48, 7.52, 3.52 ], "texture": "#mesh_palette" },
				"east": { "uv": [ 6.48, 2.48, 7.52, 3.52 ], "texture": "#mesh_palette" }
			}
		},
		{
			"__comment": "Voxels-51B0E5",
			"from": [ 8, 11, 9 ],
			"to": [ 8.5, 11.5, 9.5 ],
			"faces": {
				"down": { "uv": [ 4.48, 0.4799995, 5.52, 1.52 ], "texture": "#mesh_palette" },
				"up": { "uv": [ 4.48, 0.4799995, 5.52, 1.52 ], "texture": "#mesh_palette" },
				"north": { "uv": [ 4.48, 0.4799995, 5.52, 1.52 ], "texture": "#mesh_palette" },
				"south": { "uv": [ 4.48, 0.4799995, 5.52, 1.52 ], "texture": "#mesh_palette" },
				"west": { "uv": [ 4.48, 0.4799995, 5.52, 1.52 ], "texture": "#mesh_palette" },
				"east": { "uv": [ 4.48, 0.4799995, 5.52, 1.52 ], "texture": "#mesh_palette" }
			}
		},
		{
			"__comment": "Voxels-52A4D2",
			"from": [ 8, 11, 10 ],
			"to": [ 8.5, 11.5, 10.5 ],
			"faces": {
				"down": { "uv": [ 2.48, 0.4799995, 3.52, 1.52 ], "texture": "#mesh_palette" },
				"up": { "uv": [ 2.48, 0.4799995, 3.52, 1.52 ], "texture": "#mesh_palette" },
				"north": { "uv": [ 2.48, 0.4799995, 3.52, 1.52 ], "texture": "#mesh_palette" },
				"south": { "uv": [ 2.48, 0.4799995, 3.52, 1.52 ], "texture": "#mesh_palette" },
				"west": { "uv": [ 2.48, 0.4799995, 3.52, 1.52 ], "texture": "#mesh_palette" },
				"east": { "uv": [ 2.48, 0.4799995, 3.52, 1.52 ], "texture": "#mesh_palette" }
			}
		},
		{
			"__comment": "Voxels-71D6FF",
			"from": [ 8, 11.5, 9 ],
			"to": [ 8.5, 12.5, 9.5 ],
			"faces": {
				"down": { "uv": [ 6.48, 2.48, 7.52, 3.52 ], "texture": "#mesh_palette" },
				"up": { "uv": [ 6.48, 2.48, 7.52, 3.52 ], "texture": "#mesh_palette" },
				"north": { "uv": [ 6.48, 2.48, 7.52, 3.52 ], "texture": "#mesh_palette" },
				"south": { "uv": [ 6.48, 2.48, 7.52, 3.52 ], "texture": "#mesh_palette" },
				"west": { "uv": [ 6.48, 2.48, 7.52, 3.52 ], "texture": "#mesh_palette" },
				"east": { "uv": [ 6.48, 2.48, 7.52, 3.52 ], "texture": "#mesh_palette" }
			}
		},
		{
			"__comment": "Voxels-67C8FF",
			"from": [ 8, 12, 6.5 ],
			"to": [ 9, 12.5, 7 ],
			"faces": {
				"down": { "uv": [ 8.48, 0.4799995, 9.52, 1.52 ], "texture": "#mesh_palette" },
				"up": { "uv": [ 8.48, 0.4799995, 9.52, 1.52 ], "texture": "#mesh_palette" },
				"north": { "uv": [ 8.48, 0.4799995, 9.52, 1.52 ], "texture": "#mesh_palette" },
				"south": { "uv": [ 8.48, 0.4799995, 9.52, 1.52 ], "texture": "#mesh_palette" },
				"west": { "uv": [ 8.48, 0.4799995, 9.52, 1.52 ], "texture": "#mesh_palette" },
				"east": { "uv": [ 8.48, 0.4799995, 9.52, 1.52 ], "texture": "#mesh_palette" }
			}
		},
		{
			"__comment": "Voxels-71D6FF",
			"from": [ 8, 12, 7 ],
			"to": [ 8.5, 12.5, 8 ],
			"faces": {
				"down": { "uv": [ 6.48, 2.48, 7.52, 3.52 ], "texture": "#mesh_palette" },
				"up": { "uv": [ 6.48, 2.48, 7.52, 3.52 ], "texture": "#mesh_palette" },
				"north": { "uv": [ 6.48, 2.48, 7.52, 3.52 ], "texture": "#mesh_palette" },
				"south": { "uv": [ 6.48, 2.48, 7.52, 3.52 ], "texture": "#mesh_palette" },
				"west": { "uv": [ 6.48, 2.48, 7.52, 3.52 ], "texture": "#mesh_palette" },
				"east": { "uv": [ 6.48, 2.48, 7.52, 3.52 ], "texture": "#mesh_palette" }
			}
		},
		{
			"__comment": "Voxels-71D6FF",
			"from": [ 8, 12, 8.5 ],
			"to": [ 8.5, 12.5, 9 ],
			"faces": {
				"down": { "uv": [ 6.48, 2.48, 7.52, 3.52 ], "texture": "#mesh_palette" },
				"up": { "uv": [ 6.48, 2.48, 7.52, 3.52 ], "texture": "#mesh_palette" },
				"north": { "uv": [ 6.48, 2.48, 7.52, 3.52 ], "texture": "#mesh_palette" },
				"south": { "uv": [ 6.48, 2.48, 7.52, 3.52 ], "texture": "#mesh_palette" },
				"west": { "uv": [ 6.48, 2.48, 7.52, 3.52 ], "texture": "#mesh_palette" },
				"east": { "uv": [ 6.48, 2.48, 7.52, 3.52 ], "texture": "#mesh_palette" }
			}
		},
		{
			"__comment": "Voxels-71D6FF",
			"from": [ 8, 12, 9.5 ],
			"to": [ 8.5, 12.5, 10 ],
			"faces": {
				"down": { "uv": [ 6.48, 2.48, 7.52, 3.52 ], "texture": "#mesh_palette" },
				"up": { "uv": [ 6.48, 2.48, 7.52, 3.52 ], "texture": "#mesh_palette" },
				"north": { "uv": [ 6.48, 2.48, 7.52, 3.52 ], "texture": "#mesh_palette" },
				"south": { "uv": [ 6.48, 2.48, 7.52, 3.52 ], "texture": "#mesh_palette" },
				"west": { "uv": [ 6.48, 2.48, 7.52, 3.52 ], "texture": "#mesh_palette" },
				"east": { "uv": [ 6.48, 2.48, 7.52, 3.52 ], "texture": "#mesh_palette" }
			}
		},
		{
			"__comment": "Voxels-51B0E5",
			"from": [ 8, 12.5, 6.5 ],
			"to": [ 8.5, 13, 7 ],
			"faces": {
				"down": { "uv": [ 4.48, 0.4799995, 5.52, 1.52 ], "texture": "#mesh_palette" },
				"up": { "uv": [ 4.48, 0.4799995, 5.52, 1.52 ], "texture": "#mesh_palette" },
				"north": { "uv": [ 4.48, 0.4799995, 5.52, 1.52 ], "texture": "#mesh_palette" },
				"south": { "uv": [ 4.48, 0.4799995, 5.52, 1.52 ], "texture": "#mesh_palette" },
				"west": { "uv": [ 4.48, 0.4799995, 5.52, 1.52 ], "texture": "#mesh_palette" },
				"east": { "uv": [ 4.48, 0.4799995, 5.52, 1.52 ], "texture": "#mesh_palette" }
			}
		},
		{
			"__comment": "Voxels-71D6FF",
			"from": [ 8, 12.5, 7.5 ],
			"to": [ 8.5, 13, 8 ],
			"faces": {
				"down": { "uv": [ 6.48, 2.48, 7.52, 3.52 ], "texture": "#mesh_palette" },
				"up": { "uv": [ 6.48, 2.48, 7.52, 3.52 ], "texture": "#mesh_palette" },
				"north": { "uv": [ 6.48, 2.48, 7.52, 3.52 ], "texture": "#mesh_palette" },
				"south": { "uv": [ 6.48, 2.48, 7.52, 3.52 ], "texture": "#mesh_palette" },
				"west": { "uv": [ 6.48, 2.48, 7.52, 3.52 ], "texture": "#mesh_palette" },
				"east": { "uv": [ 6.48, 2.48, 7.52, 3.52 ], "texture": "#mesh_palette" }
			}
		},
		{
			"__comment": "Voxels-51B0E5",
			"from": [ 8, 12.5, 10 ],
			"to": [ 8.5, 13, 10.5 ],
			"faces": {
				"down": { "uv": [ 4.48, 0.4799995, 5.52, 1.52 ], "texture": "#mesh_palette" },
				"up": { "uv": [ 4.48, 0.4799995, 5.52, 1.52 ], "texture": "#mesh_palette" },
				"north": { "uv": [ 4.48, 0.4799995, 5.52, 1.52 ], "texture": "#mesh_palette" },
				"south": { "uv": [ 4.48, 0.4799995, 5.52, 1.52 ], "texture": "#mesh_palette" },
				"west": { "uv": [ 4.48, 0.4799995, 5.52, 1.52 ], "texture": "#mesh_palette" },
				"east": { "uv": [ 4.48, 0.4799995, 5.52, 1.52 ], "texture": "#mesh_palette" }
			}
		},
		{
			"__comment": "Voxels-71D6FF",
			"from": [ 8, 13, 8 ],
			"to": [ 8.5, 13.5, 9.5 ],
			"faces": {
				"down": { "uv": [ 6.48, 2.48, 7.52, 3.52 ], "texture": "#mesh_palette" },
				"up": { "uv": [ 6.48, 2.48, 7.52, 3.52 ], "texture": "#mesh_palette" },
				"north": { "uv": [ 6.48, 2.48, 7.52, 3.52 ], "texture": "#mesh_palette" },
				"south": { "uv": [ 6.48, 2.48, 7.52, 3.52 ], "texture": "#mesh_palette" },
				"west": { "uv": [ 6.48, 2.48, 7.52, 3.52 ], "texture": "#mesh_palette" },
				"east": { "uv": [ 6.48, 2.48, 7.52, 3.52 ], "texture": "#mesh_palette" }
			}
		},
		{
			"__comment": "Voxels-77B3B3",
			"from": [ 8, 13, 9.5 ],
			"to": [ 9, 13.5, 10 ],
			"faces": {
				"down": { "uv": [ 10.48, 0.4799995, 11.52, 1.52 ], "texture": "#mesh_palette" },
				"up": { "uv": [ 10.48, 0.4799995, 11.52, 1.52 ], "texture": "#mesh_palette" },
				"north": { "uv": [ 10.48, 0.4799995, 11.52, 1.52 ], "texture": "#mesh_palette" },
				"south": { "uv": [ 10.48, 0.4799995, 11.52, 1.52 ], "texture": "#mesh_palette" },
				"west": { "uv": [ 10.48, 0.4799995, 11.52, 1.52 ], "texture": "#mesh_palette" },
				"east": { "uv": [ 10.48, 0.4799995, 11.52, 1.52 ], "texture": "#mesh_palette" }
			}
		},
		{
			"__comment": "Voxels-71D6FF",
			"from": [ 8, 13.5, 7.5 ],
			"to": [ 8.5, 14, 8 ],
			"faces": {
				"down": { "uv": [ 6.48, 2.48, 7.52, 3.52 ], "texture": "#mesh_palette" },
				"up": { "uv": [ 6.48, 2.48, 7.52, 3.52 ], "texture": "#mesh_palette" },
				"north": { "uv": [ 6.48, 2.48, 7.52, 3.52 ], "texture": "#mesh_palette" },
				"south": { "uv": [ 6.48, 2.48, 7.52, 3.52 ], "texture": "#mesh_palette" },
				"west": { "uv": [ 6.48, 2.48, 7.52, 3.52 ], "texture": "#mesh_palette" },
				"east": { "uv": [ 6.48, 2.48, 7.52, 3.52 ], "texture": "#mesh_palette" }
			}
		},
		{
			"__comment": "Voxels-71D6FF",
			"from": [ 8, 13.5, 9 ],
			"to": [ 8.5, 14, 9.5 ],
			"faces": {
				"down": { "uv": [ 6.48, 2.48, 7.52, 3.52 ], "texture": "#mesh_palette" },
				"up": { "uv": [ 6.48, 2.48, 7.52, 3.52 ], "texture": "#mesh_palette" },
				"north": { "uv": [ 6.48, 2.48, 7.52, 3.52 ], "texture": "#mesh_palette" },
				"south": { "uv": [ 6.48, 2.48, 7.52, 3.52 ], "texture": "#mesh_palette" },
				"west": { "uv": [ 6.48, 2.48, 7.52, 3.52 ], "texture": "#mesh_palette" },
				"east": { "uv": [ 6.48, 2.48, 7.52, 3.52 ], "texture": "#mesh_palette" }
			}
		},
		{
			"__comment": "Voxels-87CBCB",
			"from": [ 8, 13.5, 9.5 ],
			"to": [ 9, 14, 10 ],
			"faces": {
				"down": { "uv": [ 12.48, 0.4799995, 13.52, 1.52 ], "texture": "#mesh_palette" },
				"up": { "uv": [ 12.48, 0.4799995, 13.52, 1.52 ], "texture": "#mesh_palette" },
				"north": { "uv": [ 12.48, 0.4799995, 13.52, 1.52 ], "texture": "#mesh_palette" },
				"south": { "uv": [ 12.48, 0.4799995, 13.52, 1.52 ], "texture": "#mesh_palette" },
				"west": { "uv": [ 12.48, 0.4799995, 13.52, 1.52 ], "texture": "#mesh_palette" },
				"east": { "uv": [ 12.48, 0.4799995, 13.52, 1.52 ], "texture": "#mesh_palette" }
			}
		},
		{
			"__comment": "Voxels-71D6FF",
			"from": [ 8, 14, 8 ],
			"to": [ 8.5, 14.5, 9 ],
			"faces": {
				"down": { "uv": [ 6.48, 2.48, 7.52, 3.52 ], "texture": "#mesh_palette" },
				"up": { "uv": [ 6.48, 2.48, 7.52, 3.52 ], "texture": "#mesh_palette" },
				"north": { "uv": [ 6.48, 2.48, 7.52, 3.52 ], "texture": "#mesh_palette" },
				"south": { "uv": [ 6.48, 2.48, 7.52, 3.52 ], "texture": "#mesh_palette" },
				"west": { "uv": [ 6.48, 2.48, 7.52, 3.52 ], "texture": "#mesh_palette" },
				"east": { "uv": [ 6.48, 2.48, 7.52, 3.52 ], "texture": "#mesh_palette" }
			}
		},
		{
			"__comment": "Voxels-8FD8D8",
			"from": [ 8, 14.5, 7 ],
			"to": [ 9, 15, 7.5 ],
			"faces": {
				"down": { "uv": [ 0.48, 2.48, 1.52, 3.52 ], "texture": "#mesh_palette" },
				"up": { "uv": [ 0.48, 2.48, 1.52, 3.52 ], "texture": "#mesh_palette" },
				"north": { "uv": [ 0.48, 2.48, 1.52, 3.52 ], "texture": "#mesh_palette" },
				"south": { "uv": [ 0.48, 2.48, 1.52, 3.52 ], "texture": "#mesh_palette" },
				"west": { "uv": [ 0.48, 2.48, 1.52, 3.52 ], "texture": "#mesh_palette" },
				"east": { "uv": [ 0.48, 2.48, 1.52, 3.52 ], "texture": "#mesh_palette" }
			}
		},
		{
			"__comment": "Voxels-71D6FF",
			"from": [ 8, 14.5, 7.5 ],
			"to": [ 8.5, 15, 8 ],
			"faces": {
				"down": { "uv": [ 6.48, 2.48, 7.52, 3.52 ], "texture": "#mesh_palette" },
				"up": { "uv": [ 6.48, 2.48, 7.52, 3.52 ], "texture": "#mesh_palette" },
				"north": { "uv": [ 6.48, 2.48, 7.52, 3.52 ], "texture": "#mesh_palette" },
				"south": { "uv": [ 6.48, 2.48, 7.52, 3.52 ], "texture": "#mesh_palette" },
				"west": { "uv": [ 6.48, 2.48, 7.52, 3.52 ], "texture": "#mesh_palette" },
				"east": { "uv": [ 6.48, 2.48, 7.52, 3.52 ], "texture": "#mesh_palette" }
			}
		},
		{
			"__comment": "Voxels-71D6FF",
			"from": [ 8, 14.5, 8.5 ],
			"to": [ 8.5, 16.5, 9 ],
			"faces": {
				"down": { "uv": [ 6.48, 2.48, 7.52, 3.52 ], "texture": "#mesh_palette" },
				"up": { "uv": [ 6.48, 2.48, 7.52, 3.52 ], "texture": "#mesh_palette" },
				"north": { "uv": [ 6.48, 2.48, 7.52, 3.52 ], "texture": "#mesh_palette" },
				"south": { "uv": [ 6.48, 2.48, 7.52, 3.52 ], "texture": "#mesh_palette" },
				"west": { "uv": [ 6.48, 2.48, 7.52, 3.52 ], "texture": "#mesh_palette" },
				"east": { "uv": [ 6.48, 2.48, 7.52, 3.52 ], "texture": "#mesh_palette" }
			}
		},
		{
			"__comment": "Voxels-8FD8D8",
			"from": [ 8, 14.5, 9.5 ],
			"to": [ 9, 15, 10 ],
			"faces": {
				"down": { "uv": [ 0.48, 2.48, 1.52, 3.52 ], "texture": "#mesh_palette" },
				"up": { "uv": [ 0.48, 2.48, 1.52, 3.52 ], "texture": "#mesh_palette" },
				"north": { "uv": [ 0.48, 2.48, 1.52, 3.52 ], "texture": "#mesh_palette" },
				"south": { "uv": [ 0.48, 2.48, 1.52, 3.52 ], "texture": "#mesh_palette" },
				"west": { "uv": [ 0.48, 2.48, 1.52, 3.52 ], "texture": "#mesh_palette" },
				"east": { "uv": [ 0.48, 2.48, 1.52, 3.52 ], "texture": "#mesh_palette" }
			}
		},
		{
			"__comment": "Voxels-77B3B3",
			"from": [ 8, 15, 7 ],
			"to": [ 8.5, 15.5, 7.5 ],
			"faces": {
				"down": { "uv": [ 10.48, 0.4799995, 11.52, 1.52 ], "texture": "#mesh_palette" },
				"up": { "uv": [ 10.48, 0.4799995, 11.52, 1.52 ], "texture": "#mesh_palette" },
				"north": { "uv": [ 10.48, 0.4799995, 11.52, 1.52 ], "texture": "#mesh_palette" },
				"south": { "uv": [ 10.48, 0.4799995, 11.52, 1.52 ], "texture": "#mesh_palette" },
				"west": { "uv": [ 10.48, 0.4799995, 11.52, 1.52 ], "texture": "#mesh_palette" },
				"east": { "uv": [ 10.48, 0.4799995, 11.52, 1.52 ], "texture": "#mesh_palette" }
			}
		},
		{
			"__comment": "Voxels-71D6FF",
			"from": [ 8, 15, 8 ],
			"to": [ 8.5, 15.5, 8.5 ],
			"faces": {
				"down": { "uv": [ 6.48, 2.48, 7.52, 3.52 ], "texture": "#mesh_palette" },
				"up": { "uv": [ 6.48, 2.48, 7.52, 3.52 ], "texture": "#mesh_palette" },
				"north": { "uv": [ 6.48, 2.48, 7.52, 3.52 ], "texture": "#mesh_palette" },
				"south": { "uv": [ 6.48, 2.48, 7.52, 3.52 ], "texture": "#mesh_palette" },
				"west": { "uv": [ 6.48, 2.48, 7.52, 3.52 ], "texture": "#mesh_palette" },
				"east": { "uv": [ 6.48, 2.48, 7.52, 3.52 ], "texture": "#mesh_palette" }
			}
		},
		{
			"__comment": "Voxels-71D6FF",
			"from": [ 8, 15, 9 ],
			"to": [ 8.5, 15.5, 9.5 ],
			"faces": {
				"down": { "uv": [ 6.48, 2.48, 7.52, 3.52 ], "texture": "#mesh_palette" },
				"up": { "uv": [ 6.48, 2.48, 7.52, 3.52 ], "texture": "#mesh_palette" },
				"north": { "uv": [ 6.48, 2.48, 7.52, 3.52 ], "texture": "#mesh_palette" },
				"south": { "uv": [ 6.48, 2.48, 7.52, 3.52 ], "texture": "#mesh_palette" },
				"west": { "uv": [ 6.48, 2.48, 7.52, 3.52 ], "texture": "#mesh_palette" },
				"east": { "uv": [ 6.48, 2.48, 7.52, 3.52 ], "texture": "#mesh_palette" }
			}
		},
		{
			"__comment": "Voxels-77B3B3",
			"from": [ 8, 15, 9.5 ],
			"to": [ 8.5, 15.5, 10 ],
			"faces": {
				"down": { "uv": [ 10.48, 0.4799995, 11.52, 1.52 ], "texture": "#mesh_palette" },
				"up": { "uv": [ 10.48, 0.4799995, 11.52, 1.52 ], "texture": "#mesh_palette" },
				"north": { "uv": [ 10.48, 0.4799995, 11.52, 1.52 ], "texture": "#mesh_palette" },
				"south": { "uv": [ 10.48, 0.4799995, 11.52, 1.52 ], "texture": "#mesh_palette" },
				"west": { "uv": [ 10.48, 0.4799995, 11.52, 1.52 ], "texture": "#mesh_palette" },
				"east": { "uv": [ 10.48, 0.4799995, 11.52, 1.52 ], "texture": "#mesh_palette" }
			}
		},
		{
			"__comment": "Voxels-71D6FF",
			"from": [ 8, 16, 7.5 ],
			"to": [ 8.5, 16.5, 8.5 ],
			"faces": {
				"down": { "uv": [ 6.48, 2.48, 7.52, 3.52 ], "texture": "#mesh_palette" },
				"up": { "uv": [ 6.48, 2.48, 7.52, 3.52 ], "texture": "#mesh_palette" },
				"north": { "uv": [ 6.48, 2.48, 7.52, 3.52 ], "texture": "#mesh_palette" },
				"south": { "uv": [ 6.48, 2.48, 7.52, 3.52 ], "texture": "#mesh_palette" },
				"west": { "uv": [ 6.48, 2.48, 7.52, 3.52 ], "texture": "#mesh_palette" },
				"east": { "uv": [ 6.48, 2.48, 7.52, 3.52 ], "texture": "#mesh_palette" }
			}
		},
		{
			"__comment": "Voxels-ADE1FF",
			"from": [ 8, 16.5, 7.5 ],
			"to": [ 8.5, 17, 8 ],
			"faces": {
				"down": { "uv": [ 4.48, 2.48, 5.52, 3.52 ], "texture": "#mesh_palette" },
				"up": { "uv": [ 4.48, 2.48, 5.52, 3.52 ], "texture": "#mesh_palette" },
				"north": { "uv": [ 4.48, 2.48, 5.52, 3.52 ], "texture": "#mesh_palette" },
				"south": { "uv": [ 4.48, 2.48, 5.52, 3.52 ], "texture": "#mesh_palette" },
				"west": { "uv": [ 4.48, 2.48, 5.52, 3.52 ], "texture": "#mesh_palette" },
				"east": { "uv": [ 4.48, 2.48, 5.52, 3.52 ], "texture": "#mesh_palette" }
			}
		},
		{
			"__comment": "Voxels-DAFFFF",
			"from": [ 8, 16.5, 8 ],
			"to": [ 8.5, 17.5, 8.5 ],
			"faces": {
				"down": { "uv": [ 2.48, 4.48, 3.52, 5.52 ], "texture": "#mesh_palette" },
				"up": { "uv": [ 2.48, 4.48, 3.52, 5.52 ], "texture": "#mesh_palette" },
				"north": { "uv": [ 2.48, 4.48, 3.52, 5.52 ], "texture": "#mesh_palette" },
				"south": { "uv": [ 2.48, 4.48, 3.52, 5.52 ], "texture": "#mesh_palette" },
				"west": { "uv": [ 2.48, 4.48, 3.52, 5.52 ], "texture": "#mesh_palette" },
				"east": { "uv": [ 2.48, 4.48, 3.52, 5.52 ], "texture": "#mesh_palette" }
			}
		},
		{
			"__comment": "Voxels-ADE1FF",
			"from": [ 8, 16.5, 9 ],
			"to": [ 8.5, 17, 9.5 ],
			"faces": {
				"down": { "uv": [ 4.48, 2.48, 5.52, 3.52 ], "texture": "#mesh_palette" },
				"up": { "uv": [ 4.48, 2.48, 5.52, 3.52 ], "texture": "#mesh_palette" },
				"north": { "uv": [ 4.48, 2.48, 5.52, 3.52 ], "texture": "#mesh_palette" },
				"south": { "uv": [ 4.48, 2.48, 5.52, 3.52 ], "texture": "#mesh_palette" },
				"west": { "uv": [ 4.48, 2.48, 5.52, 3.52 ], "texture": "#mesh_palette" },
				"east": { "uv": [ 4.48, 2.48, 5.52, 3.52 ], "texture": "#mesh_palette" }
			}
		},
		{
			"__comment": "Voxels-DAFFFF",
			"from": [ 8, 17, 8.5 ],
			"to": [ 8.5, 17.5, 9 ],
			"faces": {
				"down": { "uv": [ 2.48, 4.48, 3.52, 5.52 ], "texture": "#mesh_palette" },
				"up": { "uv": [ 2.48, 4.48, 3.52, 5.52 ], "texture": "#mesh_palette" },
				"north": { "uv": [ 2.48, 4.48, 3.52, 5.52 ], "texture": "#mesh_palette" },
				"south": { "uv": [ 2.48, 4.48, 3.52, 5.52 ], "texture": "#mesh_palette" },
				"west": { "uv": [ 2.48, 4.48, 3.52, 5.52 ], "texture": "#mesh_palette" },
				"east": { "uv": [ 2.48, 4.48, 3.52, 5.52 ], "texture": "#mesh_palette" }
			}
		},
		{
			"__comment": "Voxels-52A4D2",
			"from": [ 8.5, 11, 7 ],
			"to": [ 9, 11.5, 10 ],
			"faces": {
				"down": { "uv": [ 2.48, 0.4799995, 3.52, 1.52 ], "texture": "#mesh_palette" },
				"up": { "uv": [ 2.48, 0.4799995, 3.52, 1.52 ], "texture": "#mesh_palette" },
				"north": { "uv": [ 2.48, 0.4799995, 3.52, 1.52 ], "texture": "#mesh_palette" },
				"south": { "uv": [ 2.48, 0.4799995, 3.52, 1.52 ], "texture": "#mesh_palette" },
				"west": { "uv": [ 2.48, 0.4799995, 3.52, 1.52 ], "texture": "#mesh_palette" },
				"east": { "uv": [ 2.48, 0.4799995, 3.52, 1.52 ], "texture": "#mesh_palette" }
			}
		},
		{
			"__comment": "Voxels-97D9FF",
			"from": [ 8.5, 11.5, 8 ],
			"to": [ 9, 12, 8.5 ],
			"faces": {
				"down": { "uv": [ 6.48, 0.4799995, 7.52, 1.52 ], "texture": "#mesh_palette" },
				"up": { "uv": [ 6.48, 0.4799995, 7.52, 1.52 ], "texture": "#mesh_palette" },
				"north": { "uv": [ 6.48, 0.4799995, 7.52, 1.52 ], "texture": "#mesh_palette" },
				"south": { "uv": [ 6.48, 0.4799995, 7.52, 1.52 ], "texture": "#mesh_palette" },
				"west": { "uv": [ 6.48, 0.4799995, 7.52, 1.52 ], "texture": "#mesh_palette" },
				"east": { "uv": [ 6.48, 0.4799995, 7.52, 1.52 ], "texture": "#mesh_palette" }
			}
		},
		{
			"__comment": "Voxels-51B0E5",
			"from": [ 8.5, 11.5, 9 ],
			"to": [ 9, 12, 10 ],
			"faces": {
				"down": { "uv": [ 4.48, 0.4799995, 5.52, 1.52 ], "texture": "#mesh_palette" },
				"up": { "uv": [ 4.48, 0.4799995, 5.52, 1.52 ], "texture": "#mesh_palette" },
				"north": { "uv": [ 4.48, 0.4799995, 5.52, 1.52 ], "texture": "#mesh_palette" },
				"south": { "uv": [ 4.48, 0.4799995, 5.52, 1.52 ], "texture": "#mesh_palette" },
				"west": { "uv": [ 4.48, 0.4799995, 5.52, 1.52 ], "texture": "#mesh_palette" },
				"east": { "uv": [ 4.48, 0.4799995, 5.52, 1.52 ], "texture": "#mesh_palette" }
			}
		},
		{
			"__comment": "Voxels-67C8FF",
			"from": [ 8.5, 12, 7 ],
			"to": [ 9, 12.5, 9 ],
			"faces": {
				"down": { "uv": [ 8.48, 0.4799995, 9.52, 1.52 ], "texture": "#mesh_palette" },
				"up": { "uv": [ 8.48, 0.4799995, 9.52, 1.52 ], "texture": "#mesh_palette" },
				"north": { "uv": [ 8.48, 0.4799995, 9.52, 1.52 ], "texture": "#mesh_palette" },
				"south": { "uv": [ 8.48, 0.4799995, 9.52, 1.52 ], "texture": "#mesh_palette" },
				"west": { "uv": [ 8.48, 0.4799995, 9.52, 1.52 ], "texture": "#mesh_palette" },
				"east": { "uv": [ 8.48, 0.4799995, 9.52, 1.52 ], "texture": "#mesh_palette" }
			}
		},
		{
			"__comment": "Voxels-97D9FF",
			"from": [ 8.5, 12, 9 ],
			"to": [ 9, 12.5, 9.5 ],
			"faces": {
				"down": { "uv": [ 6.48, 0.4799995, 7.52, 1.52 ], "texture": "#mesh_palette" },
				"up": { "uv": [ 6.48, 0.4799995, 7.52, 1.52 ], "texture": "#mesh_palette" },
				"north": { "uv": [ 6.48, 0.4799995, 7.52, 1.52 ], "texture": "#mesh_palette" },
				"south": { "uv": [ 6.48, 0.4799995, 7.52, 1.52 ], "texture": "#mesh_palette" },
				"west": { "uv": [ 6.48, 0.4799995, 7.52, 1.52 ], "texture": "#mesh_palette" },
				"east": { "uv": [ 6.48, 0.4799995, 7.52, 1.52 ], "texture": "#mesh_palette" }
			}
		},
		{
			"__comment": "Voxels-67C8FF",
			"from": [ 8.5, 12, 9.5 ],
			"to": [ 9, 12.5, 10 ],
			"faces": {
				"down": { "uv": [ 8.48, 0.4799995, 9.52, 1.52 ], "texture": "#mesh_palette" },
				"up": { "uv": [ 8.48, 0.4799995, 9.52, 1.52 ], "texture": "#mesh_palette" },
				"north": { "uv": [ 8.48, 0.4799995, 9.52, 1.52 ], "texture": "#mesh_palette" },
				"south": { "uv": [ 8.48, 0.4799995, 9.52, 1.52 ], "texture": "#mesh_palette" },
				"west": { "uv": [ 8.48, 0.4799995, 9.52, 1.52 ], "texture": "#mesh_palette" },
				"east": { "uv": [ 8.48, 0.4799995, 9.52, 1.52 ], "texture": "#mesh_palette" }
			}
		},
		{
			"__comment": "Voxels-97D9FF",
			"from": [ 8.5, 12, 10 ],
			"to": [ 9, 12.5, 10.5 ],
			"faces": {
				"down": { "uv": [ 6.48, 0.4799995, 7.52, 1.52 ], "texture": "#mesh_palette" },
				"up": { "uv": [ 6.48, 0.4799995, 7.52, 1.52 ], "texture": "#mesh_palette" },
				"north": { "uv": [ 6.48, 0.4799995, 7.52, 1.52 ], "texture": "#mesh_palette" },
				"south": { "uv": [ 6.48, 0.4799995, 7.52, 1.52 ], "texture": "#mesh_palette" },
				"west": { "uv": [ 6.48, 0.4799995, 7.52, 1.52 ], "texture": "#mesh_palette" },
				"east": { "uv": [ 6.48, 0.4799995, 7.52, 1.52 ], "texture": "#mesh_palette" }
			}
		},
		{
			"__comment": "Voxels-97D9FF",
			"from": [ 8.5, 12.5, 7.5 ],
			"to": [ 9, 13, 8 ],
			"faces": {
				"down": { "uv": [ 6.48, 0.4799995, 7.52, 1.52 ], "texture": "#mesh_palette" },
				"up": { "uv": [ 6.48, 0.4799995, 7.52, 1.52 ], "texture": "#mesh_palette" },
				"north": { "uv": [ 6.48, 0.4799995, 7.52, 1.52 ], "texture": "#mesh_palette" },
				"south": { "uv": [ 6.48, 0.4799995, 7.52, 1.52 ], "texture": "#mesh_palette" },
				"west": { "uv": [ 6.48, 0.4799995, 7.52, 1.52 ], "texture": "#mesh_palette" },
				"east": { "uv": [ 6.48, 0.4799995, 7.52, 1.52 ], "texture": "#mesh_palette" }
			}
		},
		{
			"__comment": "Voxels-77B3B3",
			"from": [ 8.5, 13, 8 ],
			"to": [ 9, 13.5, 9.5 ],
			"faces": {
				"down": { "uv": [ 10.48, 0.4799995, 11.52, 1.52 ], "texture": "#mesh_palette" },
				"up": { "uv": [ 10.48, 0.4799995, 11.52, 1.52 ], "texture": "#mesh_palette" },
				"north": { "uv": [ 10.48, 0.4799995, 11.52, 1.52 ], "texture": "#mesh_palette" },
				"south": { "uv": [ 10.48, 0.4799995, 11.52, 1.52 ], "texture": "#mesh_palette" },
				"west": { "uv": [ 10.48, 0.4799995, 11.52, 1.52 ], "texture": "#mesh_palette" },
				"east": { "uv": [ 10.48, 0.4799995, 11.52, 1.52 ], "texture": "#mesh_palette" }
			}
		},
		{
			"__comment": "Voxels-87CBCB",
			"from": [ 8.5, 13.5, 7.5 ],
			"to": [ 9, 14, 8 ],
			"faces": {
				"down": { "uv": [ 12.48, 0.4799995, 13.52, 1.52 ], "texture": "#mesh_palette" },
				"up": { "uv": [ 12.48, 0.4799995, 13.52, 1.52 ], "texture": "#mesh_palette" },
				"north": { "uv": [ 12.48, 0.4799995, 13.52, 1.52 ], "texture": "#mesh_palette" },
				"south": { "uv": [ 12.48, 0.4799995, 13.52, 1.52 ], "texture": "#mesh_palette" },
				"west": { "uv": [ 12.48, 0.4799995, 13.52, 1.52 ], "texture": "#mesh_palette" },
				"east": { "uv": [ 12.48, 0.4799995, 13.52, 1.52 ], "texture": "#mesh_palette" }
			}
		},
		{
			"__comment": "Voxels-9EECEC",
			"from": [ 8.5, 13.5, 9 ],
			"to": [ 9, 14, 9.5 ],
			"faces": {
				"down": { "uv": [ 2.48, 2.48, 3.52, 3.52 ], "texture": "#mesh_palette" },
				"up": { "uv": [ 2.48, 2.48, 3.52, 3.52 ], "texture": "#mesh_palette" },
				"north": { "uv": [ 2.48, 2.48, 3.52, 3.52 ], "texture": "#mesh_palette" },
				"south": { "uv": [ 2.48, 2.48, 3.52, 3.52 ], "texture": "#mesh_palette" },
				"west": { "uv": [ 2.48, 2.48, 3.52, 3.52 ], "texture": "#mesh_palette" },
				"east": { "uv": [ 2.48, 2.48, 3.52, 3.52 ], "texture": "#mesh_palette" }
			}
		},
		{
			"__comment": "Voxels-9EECEC",
			"from": [ 8.5, 14, 7 ],
			"to": [ 9, 14.5, 7.5 ],
			"faces": {
				"down": { "uv": [ 2.48, 2.48, 3.52, 3.52 ], "texture": "#mesh_palette" },
				"up": { "uv": [ 2.48, 2.48, 3.52, 3.52 ], "texture": "#mesh_palette" },
				"north": { "uv": [ 2.48, 2.48, 3.52, 3.52 ], "texture": "#mesh_palette" },
				"south": { "uv": [ 2.48, 2.48, 3.52, 3.52 ], "texture": "#mesh_palette" },
				"west": { "uv": [ 2.48, 2.48, 3.52, 3.52 ], "texture": "#mesh_palette" },
				"east": { "uv": [ 2.48, 2.48, 3.52, 3.52 ], "texture": "#mesh_palette" }
			}
		},
		{
			"__comment": "Voxels-8FD8D8",
			"from": [ 8.5, 14, 7.5 ],
			"to": [ 9, 14.5, 8 ],
			"faces": {
				"down": { "uv": [ 0.48, 2.48, 1.52, 3.52 ], "texture": "#mesh_palette" },
				"up": { "uv": [ 0.48, 2.48, 1.52, 3.52 ], "texture": "#mesh_palette" },
				"north": { "uv": [ 0.48, 2.48, 1.52, 3.52 ], "texture": "#mesh_palette" },
				"south": { "uv": [ 0.48, 2.48, 1.52, 3.52 ], "texture": "#mesh_palette" },
				"west": { "uv": [ 0.48, 2.48, 1.52, 3.52 ], "texture": "#mesh_palette" },
				"east": { "uv": [ 0.48, 2.48, 1.52, 3.52 ], "texture": "#mesh_palette" }
			}
		},
		{
			"__comment": "Voxels-9EECEC",
			"from": [ 8.5, 14, 8 ],
			"to": [ 9, 14.5, 9 ],
			"faces": {
				"down": { "uv": [ 2.48, 2.48, 3.52, 3.52 ], "texture": "#mesh_palette" },
				"up": { "uv": [ 2.48, 2.48, 3.52, 3.52 ], "texture": "#mesh_palette" },
				"north": { "uv": [ 2.48, 2.48, 3.52, 3.52 ], "texture": "#mesh_palette" },
				"south": { "uv": [ 2.48, 2.48, 3.52, 3.52 ], "texture": "#mesh_palette" },
				"west": { "uv": [ 2.48, 2.48, 3.52, 3.52 ], "texture": "#mesh_palette" },
				"east": { "uv": [ 2.48, 2.48, 3.52, 3.52 ], "texture": "#mesh_palette" }
			}
		},
		{
			"__comment": "Voxels-9EECEC",
			"from": [ 8.5, 14, 9.5 ],
			"to": [ 9, 14.5, 10 ],
			"faces": {
				"down": { "uv": [ 2.48, 2.48, 3.52, 3.52 ], "texture": "#mesh_palette" },
				"up": { "uv": [ 2.48, 2.48, 3.52, 3.52 ], "texture": "#mesh_palette" },
				"north": { "uv": [ 2.48, 2.48, 3.52, 3.52 ], "texture": "#mesh_palette" },
				"south": { "uv": [ 2.48, 2.48, 3.52, 3.52 ], "texture": "#mesh_palette" },
				"west": { "uv": [ 2.48, 2.48, 3.52, 3.52 ], "texture": "#mesh_palette" },
				"east": { "uv": [ 2.48, 2.48, 3.52, 3.52 ], "texture": "#mesh_palette" }
			}
		},
		{
			"__comment": "Voxels-9EECEC",
			"from": [ 8.5, 14.5, 7.5 ],
			"to": [ 9, 15, 8 ],
			"faces": {
				"down": { "uv": [ 2.48, 2.48, 3.52, 3.52 ], "texture": "#mesh_palette" },
				"up": { "uv": [ 2.48, 2.48, 3.52, 3.52 ], "texture": "#mesh_palette" },
				"north": { "uv": [ 2.48, 2.48, 3.52, 3.52 ], "texture": "#mesh_palette" },
				"south": { "uv": [ 2.48, 2.48, 3.52, 3.52 ], "texture": "#mesh_palette" },
				"west": { "uv": [ 2.48, 2.48, 3.52, 3.52 ], "texture": "#mesh_palette" },
				"east": { "uv": [ 2.48, 2.48, 3.52, 3.52 ], "texture": "#mesh_palette" }
			}
		},
		{
			"__comment": "Voxels-8FD8D8",
			"from": [ 8.5, 14.5, 8.5 ],
			"to": [ 9, 15, 9 ],
			"faces": {
				"down": { "uv": [ 0.48, 2.48, 1.52, 3.52 ], "texture": "#mesh_palette" },
				"up": { "uv": [ 0.48, 2.48, 1.52, 3.52 ], "texture": "#mesh_palette" },
				"north": { "uv": [ 0.48, 2.48, 1.52, 3.52 ], "texture": "#mesh_palette" },
				"south": { "uv": [ 0.48, 2.48, 1.52, 3.52 ], "texture": "#mesh_palette" },
				"west": { "uv": [ 0.48, 2.48, 1.52, 3.52 ], "texture": "#mesh_palette" },
				"east": { "uv": [ 0.48, 2.48, 1.52, 3.52 ], "texture": "#mesh_palette" }
			}
		},
		{
			"__comment": "Voxels-77B3B3",
			"from": [ 8.5, 15, 8 ],
			"to": [ 9, 15.5, 9.5 ],
			"faces": {
				"down": { "uv": [ 10.48, 0.4799995, 11.52, 1.52 ], "texture": "#mesh_palette" },
				"up": { "uv": [ 10.48, 0.4799995, 11.52, 1.52 ], "texture": "#mesh_palette" },
				"north": { "uv": [ 10.48, 0.4799995, 11.52, 1.52 ], "texture": "#mesh_palette" },
				"south": { "uv": [ 10.48, 0.4799995, 11.52, 1.52 ], "texture": "#mesh_palette" },
				"west": { "uv": [ 10.48, 0.4799995, 11.52, 1.52 ], "texture": "#mesh_palette" },
				"east": { "uv": [ 10.48, 0.4799995, 11.52, 1.52 ], "texture": "#mesh_palette" }
			}
		},
		{
			"__comment": "Voxels-51B0E5",
			"from": [ 8.5, 15.5, 8.5 ],
			"to": [ 9, 16, 9 ],
			"faces": {
				"down": { "uv": [ 4.48, 0.4799995, 5.52, 1.52 ], "texture": "#mesh_palette" },
				"up": { "uv": [ 4.48, 0.4799995, 5.52, 1.52 ], "texture": "#mesh_palette" },
				"north": { "uv": [ 4.48, 0.4799995, 5.52, 1.52 ], "texture": "#mesh_palette" },
				"south": { "uv": [ 4.48, 0.4799995, 5.52, 1.52 ], "texture": "#mesh_palette" },
				"west": { "uv": [ 4.48, 0.4799995, 5.52, 1.52 ], "texture": "#mesh_palette" },
				"east": { "uv": [ 4.48, 0.4799995, 5.52, 1.52 ], "texture": "#mesh_palette" }
			}
		},
		{
			"__comment": "Voxels-ADE1FF",
			"from": [ 8.5, 16, 7.5 ],
			"to": [ 9, 16.5, 8 ],
			"faces": {
				"down": { "uv": [ 4.48, 2.48, 5.52, 3.52 ], "texture": "#mesh_palette" },
				"up": { "uv": [ 4.48, 2.48, 5.52, 3.52 ], "texture": "#mesh_palette" },
				"north": { "uv": [ 4.48, 2.48, 5.52, 3.52 ], "texture": "#mesh_palette" },
				"south": { "uv": [ 4.48, 2.48, 5.52, 3.52 ], "texture": "#mesh_palette" },
				"west": { "uv": [ 4.48, 2.48, 5.52, 3.52 ], "texture": "#mesh_palette" },
				"east": { "uv": [ 4.48, 2.48, 5.52, 3.52 ], "texture": "#mesh_palette" }
			}
		},
		{
			"__comment": "Voxels-67C8FF",
			"from": [ 8.5, 16, 8 ],
			"to": [ 9, 16.5, 8.5 ],
			"faces": {
				"down": { "uv": [ 8.48, 0.4799995, 9.52, 1.52 ], "texture": "#mesh_palette" },
				"up": { "uv": [ 8.48, 0.4799995, 9.52, 1.52 ], "texture": "#mesh_palette" },
				"north": { "uv": [ 8.48, 0.4799995, 9.52, 1.52 ], "texture": "#mesh_palette" },
				"south": { "uv": [ 8.48, 0.4799995, 9.52, 1.52 ], "texture": "#mesh_palette" },
				"west": { "uv": [ 8.48, 0.4799995, 9.52, 1.52 ], "texture": "#mesh_palette" },
				"east": { "uv": [ 8.48, 0.4799995, 9.52, 1.52 ], "texture": "#mesh_palette" }
			}
		},
		{
			"__comment": "Voxels-ADE1FF",
			"from": [ 8.5, 16, 8.5 ],
			"to": [ 9, 16.5, 9 ],
			"faces": {
				"down": { "uv": [ 4.48, 2.48, 5.52, 3.52 ], "texture": "#mesh_palette" },
				"up": { "uv": [ 4.48, 2.48, 5.52, 3.52 ], "texture": "#mesh_palette" },
				"north": { "uv": [ 4.48, 2.48, 5.52, 3.52 ], "texture": "#mesh_palette" },
				"south": { "uv": [ 4.48, 2.48, 5.52, 3.52 ], "texture": "#mesh_palette" },
				"west": { "uv": [ 4.48, 2.48, 5.52, 3.52 ], "texture": "#mesh_palette" },
				"east": { "uv": [ 4.48, 2.48, 5.52, 3.52 ], "texture": "#mesh_palette" }
			}
		},
		{
			"__comment": "Voxels-ADE1FF",
			"from": [ 8.5, 16.5, 8 ],
			"to": [ 9, 17, 8.5 ],
			"faces": {
				"down": { "uv": [ 4.48, 2.48, 5.52, 3.52 ], "texture": "#mesh_palette" },
				"up": { "uv": [ 4.48, 2.48, 5.52, 3.52 ], "texture": "#mesh_palette" },
				"north": { "uv": [ 4.48, 2.48, 5.52, 3.52 ], "texture": "#mesh_palette" },
				"south": { "uv": [ 4.48, 2.48, 5.52, 3.52 ], "texture": "#mesh_palette" },
				"west": { "uv": [ 4.48, 2.48, 5.52, 3.52 ], "texture": "#mesh_palette" },
				"east": { "uv": [ 4.48, 2.48, 5.52, 3.52 ], "texture": "#mesh_palette" }
			}
		}
	],
	"display": {
		"thirdperson_righthand": {
			"rotation":  [ 31, 180, 0 ],
			"translation":  [ 0, -0.173, 0.5 ],
			"scale":  [ 0.85, 0.85, 0.85 ]
		},
		"thirdperson_lefthand": {
			"rotation":  [ 31, 180, 0 ],
			"translation":  [ 0, -0.173, 0.5 ],
			"scale":  [ 0.85, 0.85, 0.85 ]
		},
		"firstperson_righthand": {
			"rotation":  [ -23, -149, 19 ],
			"translation":  [ 1.13, 0.4173, 1.13 ],
			"scale":  [ 0.68, 0.68, 0.68 ]
		},
		"firstperson_lefthand": {
			"rotation":  [ -23, -149, 19 ],
			"translation":  [ 1.13, 0.4173, 1.13 ],
			"scale":  [ 0.68, 0.68, 0.68 ]
		},
		"gui": {
			"rotation":  [ 30, 225, 0 ],
			"translation":  [ 0, -6.5, 0 ],
			"scale":  [ 1.5, 1.5, 1.5 ]
		},
		"head": {
			"rotation":  [ 0, 90, 0 ],
			"translation":  [ 0, -46.24, 0 ],
			"scale":  [ 1.6, 1.6, 1.6 ]
		},
		"ground": {
			"translation":  [ 0, 2, 0 ],
			"scale":  [ 0.5, 0.5, 0.5 ]
		},
		"fixed": {
			"rotation":  [ 0, 90, 0 ],
			"translation":  [ 0, -3.478, 0 ]
		}
	}
}