{
	"__comment": "Designed by Monsterfish_ with Cubik Studio - https://cubik.studio",
	"textures": {
		"particle": "blocks/surf",
		"mesh_atlas": "blocks/surf"
	},
	"elements": [ 	 
		{
			"__comment": "Voxels",
			"from": [ 0, 1, 4 ],
			"to": [ 2, 15, 15 ],
			"faces": {
				"down": { "uv": [ 9.25, 13.5, 6.5, 14 ], "texture": "#mesh_atlas", "rotation": 90 },
				"up": { "uv": [ 9.25, 14.5, 6.5, 14 ], "texture": "#mesh_atlas", "rotation": 270 },
				"north": { "uv": [ 3.5, 8, 0, 8.5 ], "texture": "#mesh_atlas", "rotation": 270 },
				"south": { "uv": [ 11.5, 15.5, 15, 16 ], "texture": "#mesh_atlas", "rotation": 90 },
				"west": { "uv": [ 0, 13.25, 3.5, 16 ], "texture": "#mesh_atlas", "cullface": "west", "rotation": 90 },
				"east": { "uv": [ 3.5, 10.5, 0, 13.25 ], "texture": "#mesh_atlas", "rotation": 270 }
			}
		},
		{
			"__comment": "Voxels",
			"from": [ 0.25, 2, -4 ],
			"to": [ 2.25, 14, 4 ],
			"faces": {
				"down": { "uv": [ 8.5, 10.5, 6.5, 11 ], "texture": "#mesh_atlas", "cullface": "north", "rotation": 90 },
				"up": { "uv": [ 8.5, 11.5, 6.5, 11 ], "texture": "#mesh_atlas", "cullface": "north", "rotation": 270 },
				"north": { "uv": [ 14.5, 15, 11.5, 15.5 ], "texture": "#mesh_atlas", "cullface": "north", "rotation": 270 },
				"south": { "uv": [ 6.5, 14.5, 9.5, 15 ], "texture": "#mesh_atlas", "cullface": "north", "rotation": 90 },
				"west": { "uv": [ 0, 8.5, 3, 10.5 ], "texture": "#mesh_atlas", "cullface": "north", "rotation": 90 },
				"east": { "uv": [ 6.5, 14, 3.5, 16 ], "texture": "#mesh_atlas", "cullface": "north", "rotation": 270 }
			}
		},
		{
			"__comment": "Voxels",
			"from": [ 0.25, 2, 15 ],
			"to": [ 2.25, 14, 23 ],
			"faces": {
				"down": { "uv": [ 8.5, 9.5, 6.5, 10 ], "texture": "#mesh_atlas", "cullface": "south", "rotation": 90 },
				"up": { "uv": [ 8.5, 10.5, 6.5, 10 ], "texture": "#mesh_atlas", "cullface": "south", "rotation": 270 },
				"north": { "uv": [ 12.5, 14.5, 9.5, 15 ], "texture": "#mesh_atlas", "cullface": "south", "rotation": 270 },
				"south": { "uv": [ 12.5, 14.5, 15.5, 15 ], "texture": "#mesh_atlas", "cullface": "south", "rotation": 90 },
				"west": { "uv": [ 3.5, 12, 6.5, 14 ], "texture": "#mesh_atlas", "cullface": "south", "rotation": 90 },
				"east": { "uv": [ 6.5, 10, 3.5, 12 ], "texture": "#mesh_atlas", "cullface": "south", "rotation": 270 }
			}
		},
		{
			"__comment": "Voxels",
			"from": [ 0.5, 3, -8 ],
			"to": [ 2.5, 13, -4 ],
			"faces": {
				"down": { "uv": [ 16, 15, 15, 15.5 ], "texture": "#mesh_atlas", "cullface": "north", "rotation": 90 },
				"up": { "uv": [ 16, 16, 15, 15.5 ], "texture": "#mesh_atlas", "cullface": "north", "rotation": 270 },
				"north": { "uv": [ 9, 12, 6.5, 12.5 ], "texture": "#mesh_atlas", "cullface": "north", "rotation": 270 },
				"south": { "uv": [ 6.5, 11.5, 9, 12 ], "texture": "#mesh_atlas", "cullface": "north", "rotation": 90 },
				"west": { "uv": [ 6.5, 15, 9, 16 ], "texture": "#mesh_atlas", "cullface": "north", "rotation": 90 },
				"east": { "uv": [ 11.5, 15, 9, 16 ], "texture": "#mesh_atlas", "cullface": "north", "rotation": 270 }
			}
		},
		{
			"__comment": "Voxels",
			"from": [ 0.5, 3, 23 ],
			"to": [ 2.5, 13, 27 ],
			"faces": {
				"down": { "uv": [ 10.25, 9.5, 9.25, 10 ], "texture": "#mesh_atlas", "cullface": "south", "rotation": 90 },
				"up": { "uv": [ 15.75, 14, 14.75, 13.5 ], "texture": "#mesh_atlas", "cullface": "south", "rotation": 270 },
				"north": { "uv": [ 9, 13, 6.5, 13.5 ], "texture": "#mesh_atlas", "cullface": "south", "rotation": 270 },
				"south": { "uv": [ 6.5, 12.5, 9, 13 ], "texture": "#mesh_atlas", "cullface": "south", "rotation": 90 },
				"west": { "uv": [ 3.5, 9, 6, 10 ], "texture": "#mesh_atlas", "cullface": "south", "rotation": 90 },
				"east": { "uv": [ 6, 8, 3.5, 9 ], "texture": "#mesh_atlas", "cullface": "south", "rotation": 270 }
			}
		},
		{
			"__comment": "Voxels",
			"from": [ 0.875, 4, -10 ],
			"to": [ 2.875, 12, -8 ],
			"faces": {
				"down": { "uv": [ 3.5, 9.5, 3, 10 ], "texture": "#mesh_atlas", "cullface": "north", "rotation": 90 },
				"up": { "uv": [ 3.5, 10.5, 3, 10 ], "texture": "#mesh_atlas", "cullface": "north", "rotation": 270 },
				"north": { "uv": [ 11.25, 13.5, 9.25, 14 ], "texture": "#mesh_atlas", "cullface": "north", "rotation": 270 },
				"south": { "uv": [ 11.25, 13.5, 13.25, 14 ], "texture": "#mesh_atlas", "cullface": "north", "rotation": 90 },
				"west": { "uv": [ 11.25, 14, 13.25, 14.5 ], "texture": "#mesh_atlas", "cullface": "north", "rotation": 90 },
				"east": { "uv": [ 15.25, 14, 13.25, 14.5 ], "texture": "#mesh_atlas", "cullface": "north", "rotation": 270 }
			}
		},
		{
			"__comment": "Voxels",
			"from": [ 0.875, 4, 27 ],
			"to": [ 2.875, 12, 29 ],
			"faces": {
				"down": { "uv": [ 3.5, 8.5, 3, 9 ], "texture": "#mesh_atlas", "cullface": "south", "rotation": 90 },
				"up": { "uv": [ 3.5, 9.5, 3, 9 ], "texture": "#mesh_atlas", "cullface": "south", "rotation": 270 },
				"north": { "uv": [ 8.5, 8, 6.5, 8.5 ], "texture": "#mesh_atlas", "cullface": "south", "rotation": 270 },
				"south": { "uv": [ 9.25, 14, 11.25, 14.5 ], "texture": "#mesh_atlas", "cullface": "south", "rotation": 90 },
				"west": { "uv": [ 6.5, 9, 8.5, 9.5 ], "texture": "#mesh_atlas", "cullface": "south", "rotation": 90 },
				"east": { "uv": [ 8.5, 8.5, 6.5, 9 ], "texture": "#mesh_atlas", "cullface": "south", "rotation": 270 }
			}
		},
		{
			"__comment": "Voxels",
			"from": [ 1.125, 5, -12 ],
			"to": [ 3.125, 11, -10 ],
			"faces": {
				"down": { "uv": [ 6.5, 9, 6, 9.5 ], "texture": "#mesh_atlas", "cullface": "north", "rotation": 90 },
				"up": { "uv": [ 6.5, 10, 6, 9.5 ], "texture": "#mesh_atlas", "cullface": "north", "rotation": 270 },
				"north": { "uv": [ 10.75, 12.5, 9.25, 13 ], "texture": "#mesh_atlas", "cullface": "north", "rotation": 270 },
				"south": { "uv": [ 9.25, 12, 10.75, 12.5 ], "texture": "#mesh_atlas", "cullface": "north", "rotation": 90 },
				"west": { "uv": [ 13.25, 13.5, 14.75, 14 ], "texture": "#mesh_atlas", "cullface": "north", "rotation": 90 },
				"east": { "uv": [ 10.75, 13, 9.25, 13.5 ], "texture": "#mesh_atlas", "cullface": "north", "rotation": 270 }
			}
		},
		{
			"__comment": "Voxels",
			"from": [ 1.125, 5, 29 ],
			"to": [ 3.125, 11, 31 ],
			"faces": {
				"down": { "uv": [ 6.5, 8, 6, 8.5 ], "texture": "#mesh_atlas", "cullface": "south", "rotation": 90 },
				"up": { "uv": [ 6.5, 9, 6, 8.5 ], "texture": "#mesh_atlas", "cullface": "south", "rotation": 270 },
				"north": { "uv": [ 10.75, 10.5, 9.25, 11 ], "texture": "#mesh_atlas", "cullface": "south", "rotation": 270 },
				"south": { "uv": [ 9.25, 10, 10.75, 10.5 ], "texture": "#mesh_atlas", "cullface": "south", "rotation": 90 },
				"west": { "uv": [ 9.25, 11.5, 10.75, 12 ], "texture": "#mesh_atlas", "cullface": "south", "rotation": 90 },
				"east": { "uv": [ 10.75, 11, 9.25, 11.5 ], "texture": "#mesh_atlas", "cullface": "south", "rotation": 270 }
			}
		},
		{
			"__comment": "Voxels",
			"from": [ 1.625, 6, -13 ],
			"to": [ 3.625, 10, -12 ],
			"faces": {
				"down": { "uv": [ 15, 15, 14.75, 15.5 ], "texture": "#mesh_atlas", "cullface": "north", "rotation": 90 },
				"up": { "uv": [ 14.75, 15.5, 14.5, 15 ], "texture": "#mesh_atlas", "cullface": "north", "rotation": 270 },
				"north": { "uv": [ 10.25, 9, 9.25, 9.5 ], "texture": "#mesh_atlas", "cullface": "north", "rotation": 270 },
				"south": { "uv": [ 9.25, 8.5, 10.25, 9 ], "texture": "#mesh_atlas", "cullface": "north", "rotation": 90 },
				"west": { "uv": [ 11.75, 13.25, 12.75, 13.5 ], "texture": "#mesh_atlas", "cullface": "north", "rotation": 90 },
				"east": { "uv": [ 12.75, 13, 11.75, 13.25 ], "texture": "#mesh_atlas", "cullface": "north", "rotation": 270 }
			}
		},
		{
			"__comment": "Voxels",
			"from": [ 1.5, 6, 31 ],
			"to": [ 3.5, 10, 32 ],
			"faces": {
				"down": { "uv": [ 16, 14.5, 15.75, 15 ], "texture": "#mesh_atlas", "cullface": "south", "rotation": 90 },
				"up": { "uv": [ 15.75, 15, 15.5, 14.5 ], "texture": "#mesh_atlas", "cullface": "south", "rotation": 270 },
				"north": { "uv": [ 10.25, 8, 9.25, 8.5 ], "texture": "#mesh_atlas", "cullface": "south", "rotation": 270 },
				"south": { "uv": [ 10.75, 13, 11.75, 13.5 ], "texture": "#mesh_atlas", "cullface": "south", "rotation": 90 },
				"west": { "uv": [ 12.75, 13.25, 13.75, 13.5 ], "texture": "#mesh_atlas", "cullface": "south", "rotation": 90 },
				"east": { "uv": [ 13.75, 13, 12.75, 13.25 ], "texture": "#mesh_atlas", "cullface": "south", "rotation": 270 }
			}
		}
	],
	"display": {
		"thirdperson_righthand": {
			"rotation":  [ -88, 180, 180 ],
			"translation":  [ 4.8695, 2.7826, -0.695 ]
		},
		"thirdperson_lefthand": {
			"rotation":  [ -88, 180, 0 ],
			"translation":  [ 4.8695, 2.7826, -0.695 ]
		},
		"firstperson_righthand": {
			"rotation":  [ 14, 11, 135 ],
			"translation":  [ 0, 5.5652, 0 ],
			"scale":  [ 0.4, 0.4, 0.4 ]
		},
		"firstperson_lefthand": {
			"rotation":  [ 14, 11, -50 ],
			"translation":  [ 0, 5.5652, 0 ],
			"scale":  [ 0.4, 0.4, 0.4 ]
		},
		"gui": {
			"rotation":  [ 30, 225, 0 ],
			"translation":  [ -1.391, -2.782, -2.782 ],
			"scale":  [ 0.5, 0.5, 0.5 ]
		},
		"head": {
			"translation":  [ 0, -32, 0 ],
			"scale":  [ 1.6, 1.6, 1.6 ]
		},
		"ground": {
			"translation":  [ 0, 3, 0 ],
			"scale":  [ 0.25, 0.25, 0.25 ]
		},
		"fixed": {
			"rotation":  [ 0, 90, 0 ],
			"translation":  [ 0, 0, -4.869 ],
			"scale":  [ 0.5, 0.5, 0.5 ]
		}
	}
}