{
	"__comment": "Designed by Monsterfish_ with Cubik Studio - https://cubik.studio",
	"textures": {
		"particle": "blocks/surf",
		"mesh_atlas": "blocks/surf"
	},
	"elements": [ 	 
		{
			"__comment": "Voxels",
			"from": [ 1, 1, 14 ],
			"to": [ 15, 12, 16 ],
			"faces": {
				"down": { "uv": [ 11.5, 15.5, 15, 16 ], "texture": "#mesh_atlas", "rotation": 180 },
				"up": { "uv": [ 0, 8.5, 3.5, 8 ], "texture": "#mesh_atlas", "rotation": 180 },
				"north": { "uv": [ 3.5, 10.5, 0, 13.25 ], "texture": "#mesh_atlas", "rotation": 180 },
				"south": { "uv": [ 0, 13.25, 3.5, 16 ], "texture": "#mesh_atlas", "cullface": "south", "rotation": 180 },
				"west": { "uv": [ 9.25, 13.5, 6.5, 14 ], "texture": "#mesh_atlas", "rotation": 270 },
				"east": { "uv": [ 6.5, 14, 9.25, 14.5 ], "texture": "#mesh_atlas", "rotation": 90 }
			}
		},
		{
			"__comment": "Voxels",
			"from": [ 2, 12, 13.75 ],
			"to": [ 14, 20, 15.75 ],
			"faces": {
				"down": { "uv": [ 6.5, 14.5, 9.5, 15 ], "texture": "#mesh_atlas", "cullface": "up", "rotation": 180 },
				"up": { "uv": [ 11.5, 15.5, 14.5, 15 ], "texture": "#mesh_atlas", "cullface": "up", "rotation": 180 },
				"north": { "uv": [ 6.5, 14, 3.5, 16 ], "texture": "#mesh_atlas", "cullface": "up", "rotation": 180 },
				"south": { "uv": [ 0, 8.5, 3, 10.5 ], "texture": "#mesh_atlas", "cullface": "up", "rotation": 180 },
				"west": { "uv": [ 8.5, 10.5, 6.5, 11 ], "texture": "#mesh_atlas", "cullface": "up", "rotation": 270 },
				"east": { "uv": [ 6.5, 11, 8.5, 11.5 ], "texture": "#mesh_atlas", "cullface": "up", "rotation": 90 }
			}
		},
		{
			"__comment": "Voxels",
			"from": [ 2, -7, 13.75 ],
			"to": [ 14, 1, 15.75 ],
			"faces": {
				"down": { "uv": [ 12.5, 14.5, 15.5, 15 ], "texture": "#mesh_atlas", "cullface": "down", "rotation": 180 },
				"up": { "uv": [ 9.5, 15, 12.5, 14.5 ], "texture": "#mesh_atlas", "cullface": "down", "rotation": 180 },
				"north": { "uv": [ 6.5, 10, 3.5, 12 ], "texture": "#mesh_atlas", "cullface": "down", "rotation": 180 },
				"south": { "uv": [ 3.5, 12, 6.5, 14 ], "texture": "#mesh_atlas", "cullface": "down", "rotation": 180 },
				"west": { "uv": [ 8.5, 9.5, 6.5, 10 ], "texture": "#mesh_atlas", "cullface": "down", "rotation": 270 },
				"east": { "uv": [ 6.5, 10, 8.5, 10.5 ], "texture": "#mesh_atlas", "cullface": "down", "rotation": 90 }
			}
		},
		{
			"__comment": "Voxels",
			"from": [ 3, 20, 13.5 ],
			"to": [ 13, 24, 15.5 ],
			"faces": {
				"down": { "uv": [ 6.5, 11.5, 9, 12 ], "texture": "#mesh_atlas", "cullface": "up", "rotation": 180 },
				"up": { "uv": [ 6.5, 12.5, 9, 12 ], "texture": "#mesh_atlas", "cullface": "up", "rotation": 180 },
				"north": { "uv": [ 11.5, 15, 9, 16 ], "texture": "#mesh_atlas", "cullface": "up", "rotation": 180 },
				"south": { "uv": [ 6.5, 15, 9, 16 ], "texture": "#mesh_atlas", "cullface": "up", "rotation": 180 },
				"west": { "uv": [ 16, 15, 15, 15.5 ], "texture": "#mesh_atlas", "cullface": "up", "rotation": 270 },
				"east": { "uv": [ 15, 15.5, 16, 16 ], "texture": "#mesh_atlas", "cullface": "up", "rotation": 90 }
			}
		},
		{
			"__comment": "Voxels",
			"from": [ 3, -11, 13.5 ],
			"to": [ 13, -7, 15.5 ],
			"faces": {
				"down": { "uv": [ 6.5, 12.5, 9, 13 ], "texture": "#mesh_atlas", "cullface": "down", "rotation": 180 },
				"up": { "uv": [ 6.5, 13.5, 9, 13 ], "texture": "#mesh_atlas", "cullface": "down", "rotation": 180 },
				"north": { "uv": [ 6, 8, 3.5, 9 ], "texture": "#mesh_atlas", "cullface": "down", "rotation": 180 },
				"south": { "uv": [ 3.5, 9, 6, 10 ], "texture": "#mesh_atlas", "cullface": "down", "rotation": 180 },
				"west": { "uv": [ 10.25, 9.5, 9.25, 10 ], "texture": "#mesh_atlas", "cullface": "down", "rotation": 270 },
				"east": { "uv": [ 14.75, 13.5, 15.75, 14 ], "texture": "#mesh_atlas", "cullface": "down", "rotation": 90 }
			}
		},
		{
			"__comment": "Voxels",
			"from": [ 4, 24, 13.125 ],
			"to": [ 12, 26, 15.125 ],
			"faces": {
				"down": { "uv": [ 11.25, 13.5, 13.25, 14 ], "texture": "#mesh_atlas", "cullface": "up", "rotation": 180 },
				"up": { "uv": [ 9.25, 14, 11.25, 13.5 ], "texture": "#mesh_atlas", "cullface": "up", "rotation": 180 },
				"north": { "uv": [ 15.25, 14, 13.25, 14.5 ], "texture": "#mesh_atlas", "cullface": "up", "rotation": 180 },
				"south": { "uv": [ 11.25, 14, 13.25, 14.5 ], "texture": "#mesh_atlas", "cullface": "up", "rotation": 180 },
				"west": { "uv": [ 3.5, 9.5, 3, 10 ], "texture": "#mesh_atlas", "cullface": "up", "rotation": 270 },
				"east": { "uv": [ 3, 10, 3.5, 10.5 ], "texture": "#mesh_atlas", "cullface": "up", "rotation": 90 }
			}
		},
		{
			"__comment": "Voxels",
			"from": [ 4, -13, 13.125 ],
			"to": [ 12, -11, 15.125 ],
			"faces": {
				"down": { "uv": [ 9.25, 14, 11.25, 14.5 ], "texture": "#mesh_atlas", "cullface": "down", "rotation": 180 },
				"up": { "uv": [ 6.5, 8.5, 8.5, 8 ], "texture": "#mesh_atlas", "cullface": "down", "rotation": 180 },
				"north": { "uv": [ 8.5, 8.5, 6.5, 9 ], "texture": "#mesh_atlas", "cullface": "down", "rotation": 180 },
				"south": { "uv": [ 6.5, 9, 8.5, 9.5 ], "texture": "#mesh_atlas", "cullface": "down", "rotation": 180 },
				"west": { "uv": [ 3.5, 8.5, 3, 9 ], "texture": "#mesh_atlas", "cullface": "down", "rotation": 270 },
				"east": { "uv": [ 3, 9, 3.5, 9.5 ], "texture": "#mesh_atlas", "cullface": "down", "rotation": 90 }
			}
		},
		{
			"__comment": "Voxels",
			"from": [ 5, 26, 12.875 ],
			"to": [ 11, 28, 14.875 ],
			"faces": {
				"down": { "uv": [ 9.25, 12, 10.75, 12.5 ], "texture": "#mesh_atlas", "cullface": "up", "rotation": 180 },
				"up": { "uv": [ 9.25, 13, 10.75, 12.5 ], "texture": "#mesh_atlas", "cullface": "up", "rotation": 180 },
				"north": { "uv": [ 10.75, 13, 9.25, 13.5 ], "texture": "#mesh_atlas", "cullface": "up", "rotation": 180 },
				"south": { "uv": [ 13.25, 13.5, 14.75, 14 ], "texture": "#mesh_atlas", "cullface": "up", "rotation": 180 },
				"west": { "uv": [ 6.5, 9, 6, 9.5 ], "texture": "#mesh_atlas", "cullface": "up", "rotation": 270 },
				"east": { "uv": [ 6, 9.5, 6.5, 10 ], "texture": "#mesh_atlas", "cullface": "up", "rotation": 90 }
			}
		},
		{
			"__comment": "Voxels",
			"from": [ 5, -15, 12.875 ],
			"to": [ 11, -13, 14.875 ],
			"faces": {
				"down": { "uv": [ 9.25, 10, 10.75, 10.5 ], "texture": "#mesh_atlas", "cullface": "down", "rotation": 180 },
				"up": { "uv": [ 9.25, 11, 10.75, 10.5 ], "texture": "#mesh_atlas", "cullface": "down", "rotation": 180 },
				"north": { "uv": [ 10.75, 11, 9.25, 11.5 ], "texture": "#mesh_atlas", "cullface": "down", "rotation": 180 },
				"south": { "uv": [ 9.25, 11.5, 10.75, 12 ], "texture": "#mesh_atlas", "cullface": "down", "rotation": 180 },
				"west": { "uv": [ 6.5, 8, 6, 8.5 ], "texture": "#mesh_atlas", "cullface": "down", "rotation": 270 },
				"east": { "uv": [ 6, 8.5, 6.5, 9 ], "texture": "#mesh_atlas", "cullface": "down", "rotation": 90 }
			}
		},
		{
			"__comment": "Voxels",
			"from": [ 6, 28, 12.375 ],
			"to": [ 10, 29, 14.375 ],
			"faces": {
				"down": { "uv": [ 9.25, 8.5, 10.25, 9 ], "texture": "#mesh_atlas", "cullface": "up", "rotation": 180 },
				"up": { "uv": [ 9.25, 9.5, 10.25, 9 ], "texture": "#mesh_atlas", "cullface": "up", "rotation": 180 },
				"north": { "uv": [ 12.75, 13, 11.75, 13.25 ], "texture": "#mesh_atlas", "cullface": "up", "rotation": 180 },
				"south": { "uv": [ 11.75, 13.25, 12.75, 13.5 ], "texture": "#mesh_atlas", "cullface": "up", "rotation": 180 },
				"west": { "uv": [ 15, 15, 14.75, 15.5 ], "texture": "#mesh_atlas", "cullface": "up", "rotation": 270 },
				"east": { "uv": [ 14.5, 15, 14.75, 15.5 ], "texture": "#mesh_atlas", "cullface": "up", "rotation": 90 }
			}
		},
		{
			"__comment": "Voxels",
			"from": [ 6, -16, 12.5 ],
			"to": [ 10, -15, 14.5 ],
			"faces": {
				"down": { "uv": [ 10.75, 13, 11.75, 13.5 ], "texture": "#mesh_atlas", "cullface": "down", "rotation": 180 },
				"up": { "uv": [ 9.25, 8.5, 10.25, 8 ], "texture": "#mesh_atlas", "cullface": "down", "rotation": 180 },
				"north": { "uv": [ 13.75, 13, 12.75, 13.25 ], "texture": "#mesh_atlas", "cullface": "down", "rotation": 180 },
				"south": { "uv": [ 12.75, 13.25, 13.75, 13.5 ], "texture": "#mesh_atlas", "cullface": "down", "rotation": 180 },
				"west": { "uv": [ 16, 14.5, 15.75, 15 ], "texture": "#mesh_atlas", "cullface": "down", "rotation": 270 },
				"east": { "uv": [ 15.5, 14.5, 15.75, 15 ], "texture": "#mesh_atlas", "cullface": "down", "rotation": 90 }
			}
		}
	],
	"display": {
		"thirdperson_righthand": {
			"rotation":  [ 0, -90, 0 ],
			"translation":  [ 5.5652, 0, -0.695 ]
		},
		"thirdperson_lefthand": {
			"rotation":  [ 0, -90, 0 ],
			"translation":  [ 5.5652, 0, -0.695 ]
		},
		"firstperson_righthand": {
			"rotation":  [ 0, 90, -25 ],
			"translation":  [ 1.13, 3.2, 1.13 ],
			"scale":  [ 0.68, 0.68, 0.68 ]
		},
		"firstperson_lefthand": {
			"rotation":  [ 0, 90, -25 ],
			"translation":  [ 1.13, 3.2, 1.13 ],
			"scale":  [ 0.68, 0.68, 0.68 ]
		},
		"gui": {
			"rotation":  [ -41, 139, 57 ],
			"translation":  [ 0, 1.3913, 0 ],
			"scale":  [ 0.4, 0.4, 0.4 ]
		},
		"head": {
			"translation":  [ 0, -8.344, 0 ],
			"scale":  [ 1.6, 1.6, 1.6 ]
		},
		"ground": {
			"translation":  [ 0, 12.434, 0 ],
			"scale":  [ 0.5, 0.5, 0.5 ]
		},
		"fixed": {
			"rotation":  [ 0, 0, -42 ],
			"translation":  [ 0, 0.6956, -3.478 ],
			"scale":  [ 0.5, 0.5, 0.5 ]
		}
	}
}