{
"__comment": "Designed by Monsterfish",
"textures": {
    "particle": "blocks/packs/crates",
    "texture": "blocks/packs/crates",
    "labels": "blocks/packs/labels"
},
"elements": [ 
{
    "from": [ 2.5, 0.5, 2.5 ],
    "to": [ 13.5, 3.5, 13.5 ],
    "faces": {
        "down":  { "uv": [ 3.5, 0, 8, 4.5 ], "rotation": 270, "texture": "#texture" },
        "up":    { "uv": [ 8, 8, 16, 16 ], "rotation": 90, "texture": "#texture" },
        "north": { "uv": [ 0, 3.5, 8, 6.5 ], "texture": "#texture" },
        "south": { "uv": [ 0, 3.5, 8, 6.5 ], "texture": "#texture" },
        "west":  { "uv": [ 3, 0, 8, 2.5 ], "texture": "#texture" },
        "east":  { "uv": [ 3, 0, 8, 2.5 ], "texture": "#texture" }
    }
},
{
    "from": [ 2.0625, 9.5, 7.94134 ],
    "to": [ 13.875, 10, 14.4413 ],
    "rotation": { "origin": [ 2.0625, 10, 7.94134 ], "axis": "x", "angle": 22.5 },
    "faces": {
        "down":  { "uv": [ 0, 0, 8, 8 ], "texture": "#texture" },
        "up":    { "uv": [ 8, 0, 0, 8 ], "rotation": 180, "texture": "#texture" },
        "north": { "uv": [ 8, 0, 0, 0.5 ], "texture": "#texture" },
        "south": { "uv": [ 0, 0, 8, 0.5 ], "texture": "#texture" },
        "west":  { "uv": [ 3, 0, 8, 2.5 ], "texture": "#texture" },
        "east":  { "uv": [ 3, 0, 8, 2.5 ], "texture": "#texture" }
    }
},
{
    "from": [ 2.125, 6.9375, 2 ],
    "to": [ 13.9375, 7.4375, 8.5 ],
    "rotation": { "origin": [ 2.125, 7.4375, 2 ], "axis": "x", "angle": -45 },
    "faces": {
        "down":  { "uv": [ 0, 0, 8, 8 ], "texture": "#texture" },
        "up":    { "uv": [ 8, 0, 0, 8 ], "rotation": 180, "texture": "#texture" },
        "north": { "uv": [ 8, 0, 0, 0.5 ], "texture": "#texture" },
        "south": { "uv": [ 0, 0, 8, 0.5 ], "texture": "#texture" },
        "west":  { "uv": [ 3, 0, 8, 1 ], "texture": "#texture" },
        "east":  { "uv": [ 3, 0, 8, 1 ], "texture": "#texture" }
    }
},
{
    "from": [ 2, 0, 2 ],
    "to": [ 14, 0.5, 14 ],
    "faces": {
        "down":  { "uv": [ 0, 0, 8, 8 ], "texture": "#texture" },
        "up":    { "uv": [ 0, 0, 8, 8 ], "rotation": 180, "texture": "#texture" },
        "north": { "uv": [ 8, 7.5, 0, 8 ], "texture": "#texture" },
        "south": { "uv": [ 0, 7.5, 8, 8 ], "texture": "#texture" },
        "west":  { "uv": [ 3, 0, 8, 0.5 ], "texture": "#texture" },
        "east":  { "uv": [ 3, 0, 8, 0.5 ], "texture": "#texture" }
    }
},
{
    "from": [ 13.5, 0.5, 2.5 ],
    "to": [ 14, 7.5, 13.5 ],
    "faces": {
        "down":  { "uv": [ 3, 0, 8, 0.5 ], "rotation": 270, "texture": "#texture" },
        "up":    { "uv": [ 3, 0, 8, 0.5 ], "rotation": 90, "texture": "#texture" },
        "north": { "uv": [ 0, 0, 0.5, 4 ], "texture": "#texture" },
        "south": { "uv": [ 0, 0, 0.5, 4 ], "texture": "#texture" },
        "west":  { "uv": [ 3.5, 0, 8, 4 ], "texture": "#texture" },
        "east":  { "uv": [ 3.5, 0, 8, 4 ], "texture": "#texture" }
    }
},
{
    "from": [ 2, 0.5, 2 ],
    "to": [ 14, 7.5, 2.5 ],
    "faces": {
        "down":  { "uv": [ 0, 0, 0.5, 8 ], "rotation": 270, "texture": "#texture" },
        "up":    { "uv": [ 0, 0, 0.5, 8 ], "rotation": 90, "texture": "#texture" },
        "north": { "uv": [ 8, 0, 0, 4 ], "texture": "#texture" },
        "south": { "uv": [ 0, 0, 8, 4 ], "texture": "#texture" },
        "west":  { "uv": [ 0, 0, 0.5, 4 ], "texture": "#texture" },
        "east":  { "uv": [ 0, 0, 0.5, 4 ], "texture": "#texture" }
    }
},
{
    "from": [ 2, 0.5, 13.5 ],
    "to": [ 14, 7.5, 14 ],
    "faces": {
        "down":  { "uv": [ 0, 0, 0.5, 8 ], "rotation": 270, "texture": "#texture" },
        "up":    { "uv": [ 0, 0, 0.5, 8 ], "rotation": 90, "texture": "#texture" },
        "north": { "uv": [ 8, 0.5, 0, 3.5 ], "texture": "#texture" },
        "south": { "uv": [ 0, 0.5, 8, 3.5 ], "texture": "#texture" },
        "west":  { "uv": [ 0, 0, 0.5, 4 ], "texture": "#texture" },
        "east":  { "uv": [ 0, 0, 0.5, 4 ], "texture": "#texture" }
    }
},
{
    "from": [ 9.9375, 7.0625, 2.5 ],
    "to": [ 13.9375, 7.5625, 12.5 ],
    "faces": {
        "down":  { "uv": [ 3, 0, 8, 5 ], "rotation": 270, "texture": "#texture" },
        "up":    { "uv": [ 3, 0, 8, 5 ], "rotation": 90, "texture": "#texture" },
        "north": { "uv": [ 3, 0, 8, 2.5 ], "texture": "#texture" },
        "south": { "uv": [ 3, 0, 8, 2.5 ], "texture": "#texture" },
        "west":  { "uv": [ 3, 0, 8, 2.5 ], "texture": "#texture" },
        "east":  { "uv": [ 3, 0, 8, 2.5 ], "texture": "#texture" }
    }
},
{
    "from": [ 2, 0.5, 2 ],
    "to": [ 2.5, 7.5, 14 ],
    "faces": {
        "down":  { "uv": [ 0, 0, 1, 8 ], "rotation": 270, "texture": "#texture" },
        "up":    { "uv": [ 0, 0, 1, 8 ], "rotation": 90, "texture": "#texture" },
        "north": { "uv": [ 3, 0, 8, 1 ], "texture": "#texture" },
        "south": { "uv": [ 3, 0, 8, 1 ], "texture": "#texture" },
        "west":  { "uv": [ 3.5, 0, 8, 4.5 ], "texture": "#texture" },
        "east":  { "uv": [ 3.5, 0, 8, 4.5 ], "texture": "#texture" }
    }
},
{
    "from": [ 2.0625, 7.125, 2.5625 ],
    "to": [ 5.5625, 7.625, 12.5625 ],
    "faces": {
        "down":  { "uv": [ 3, 0, 8, 5 ], "rotation": 270, "texture": "#texture" },
        "up":    { "uv": [ 3, 0, 8, 5 ], "rotation": 90, "texture": "#texture" },
        "north": { "uv": [ 3, 0, 8, 2.5 ], "texture": "#texture" },
        "south": { "uv": [ 3, 0, 8, 2.5 ], "texture": "#texture" },
        "west":  { "uv": [ 3, 0, 8, 2.5 ], "texture": "#texture" },
        "east":  { "uv": [ 3, 0, 8, 2.5 ], "texture": "#texture" }
    }
},
{
    "from": [ 3, 2, 14.0625 ],
    "to": [ 7, 6, 14.125 ],
    "faces": {
        "north": { "uv": [ 9, 1, 15, 7 ], "texture": "#texture" },
        "south": { "uv": [ 9, 1, 15, 7 ], "texture": "#texture" }
    }
},
{
    "__comment": "x",
    "from": [ 6.625, 8.9375, 10.4375 ],
    "to": [ 13.125, 9, 13.9375 ],
    "rotation": { "origin": [ 6.625, 9, 10.4375 ], "axis": "x", "angle": 22.5 },
    "faces": {
        "down":  { "uv": [ 0, 4, 5, 6 ], "texture": "#labels" },
        "up":    { "uv": [ 0, 4, 5, 6 ], "texture": "#labels" }
    }
},
{
    "__comment": "x",
    "from": [ 7.1875, 3.75, 1.9375 ],
    "to": [ 13.6875, 6.75, 2 ],
    "faces": {
        "north": { "uv": [ 5, 6, 0, 4 ], "rotation": 180, "texture": "#labels" },
        "south": { "uv": [ 5, 6, 0, 4 ], "texture": "#labels" }
    }
},
{
    "from": [ 9.625, 2.0625, 1.9375 ],
    "to": [ 11.125, 3.5625, 2 ],
    "faces": {
        "north": { "uv": [ 9, 1, 15, 7 ], "texture": "#texture" },
        "south": { "uv": [ 9, 1, 15, 7 ], "texture": "#texture" }
    }
},
{
    "from": [ 1.9375, 1, 3 ],
    "to": [ 2, 5, 9.5 ],
    "faces": {
        "west":  { "uv": [ 0, 11, 8, 16 ], "texture": "#texture" },
        "east":  { "uv": [ 12, 0.5, 17, 3.5 ], "texture": "#texture" }
    }
},
{
    "from": [ 14, 1, 3.3125 ],
    "to": [ 14.0625, 5, 9.8125 ],
    "faces": {
        "west":  { "uv": [ 0, 8, 8, 11.5 ], "texture": "#texture" },
        "east":  { "uv": [ 0, 8, 8, 11.5 ], "texture": "#texture" }
    }
}
],
"display": {
    "thirdperson_righthand": {
        "rotation": [ 45, 0, 0 ],
        "translation": [ -6.43, 3.21, 2.83 ],
        "scale": [ 1, 1, 1 ]
    },
    "thirdperson_lefthand": {
        "rotation": [ 45, 0, 0 ],
        "translation": [ -6.43, 3.21, 2.83 ],
        "scale": [ 1, 1, 1 ]
    },
    "head": {
        "rotation": [ 0, 180, 0 ],
        "translation": [ 0, -30.5, 0 ],
        "scale": [ 1.6, 1.6, 1.6 ]
    },
    "ground": {
        "rotation": [ 0, 0, 0 ],
        "translation": [ 0, 2, 0 ],
        "scale": [ 0.5, 0.5, 0.5 ]
    },
    "fixed": {
        "rotation": [ 0, 180, 0 ],
        "translation": [ 0, 0, 0 ],
        "scale": [ 1, 1, 1 ]
    },
    "firstperson_righthand": {
        "rotation": [ 0, -68, 11 ],
        "translation": [ 0, 4.16, 0 ],
        "scale": [ 1, 1, 1 ]
    },
    "firstperson_lefthand": {
        "rotation": [ 0, -68, 11 ],
        "translation": [ 0, 4.16, 0 ],
        "scale": [ 1, 1, 1 ]
    },
    "gui": {
        "rotation": [ 35, 35, 0 ],
        "translation": [ 0, 0, 0 ],
        "scale": [ 0.62, 0.62, 0.62 ]
    }
}
}