{
"__comment": "Designed by Jugbot",
"textures": {
    "flower_tulip_red": "blocks/flower_tulip_red",
    "texture": "blocks/flower_tulip_orange",
    "hardened_clay": "blocks/quartz_block_bottom"
},
"elements": [ 
{
    "from": [ 9.5, 7, 6.5 ],
    "to": [ 9.5625, 14.5, 10.5 ],
    "rotation": { "origin": [ 9.5, 7, 6.5 ], "axis": "y", "angle": -22.5 },
    "faces": {
        "west":  { "uv": [ 6, 1.5, 10, 9 ], "texture": "#flower_tulip_red" },
        "east":  { "uv": [ 10, 1.5, 6, 9 ], "texture": "#flower_tulip_red" }
    }
},
{
    "from": [ 8, 6, 5.5 ],
    "to": [ 8.0625, 18, 9.5 ],
    "rotation": { "origin": [ 8, 6, 5.5 ], "axis": "y", "angle": -45 },
    "faces": {
        "west":  { "uv": [ 6, 0, 10, 10 ], "texture": "#flower_tulip_red" },
        "east":  { "uv": [ 10, 0, 6, 10 ], "texture": "#flower_tulip_red" }
    }
},
{
    "from": [ 5.5, 5, 7.4375 ],
    "to": [ 5.5625, 14.5, 11.4375 ],
    "rotation": { "origin": [ 5.5, 5, 7.4375 ], "axis": "y", "angle": 45 },
    "faces": {
        "west":  { "uv": [ 6, 0, 10, 9 ], "texture": "#flower_tulip_red" },
        "east":  { "uv": [ 10, 0, 6, 9 ], "texture": "#flower_tulip_red" }
    }
},
{
    "from": [ 6, 7, 5 ],
    "to": [ 6.0625, 15, 9 ],
    "rotation": { "origin": [ 6, 7, 5 ], "axis": "y", "angle": 45 },
    "faces": {
        "west":  { "uv": [ 6, 1, 10, 9 ], "texture": "#texture" },
        "east":  { "uv": [ 10, 1, 6, 9 ], "texture": "#texture" }
    }
},
{
    "from": [ 10.5, 6.5, 6 ],
    "to": [ 10.5625, 18.5, 10 ],
    "rotation": { "origin": [ 10.5, 6.5, 6 ], "axis": "y", "angle": -45 },
    "faces": {
        "west":  { "uv": [ 6, 0, 10, 9.5 ], "texture": "#texture" },
        "east":  { "uv": [ 10, 0, 6, 9.5 ], "texture": "#texture" }
    }
},
{
    "from": [ 9, 7, 8 ],
    "to": [ 9.0625, 18, 12 ],
    "rotation": { "origin": [ 9, 7, 8 ], "axis": "y", "angle": -45 },
    "faces": {
        "west":  { "uv": [ 10, 0, 6, 9 ], "texture": "#texture" },
        "east":  { "uv": [ 6, 0, 10, 9 ], "texture": "#texture" }
    }
},
{
    "from": [ 6.5, 2, 6.5 ],
    "to": [ 9.5, 7, 9.5 ],
    "faces": {
        "down":  { "uv": [ 9.5, 9.5, 6.5, 6.5 ], "texture": "#hardened_clay" },
        "up":    { "uv": [ 6.5, 6.5, 9.5, 9.5 ], "texture": "#hardened_clay" },
        "north": { "uv": [ 6.5, 9, 9.5, 14 ], "texture": "#hardened_clay" },
        "south": { "uv": [ 6.5, 9, 9.5, 14 ], "texture": "#hardened_clay" },
        "west":  { "uv": [ 6.5, 9, 9.5, 14 ], "texture": "#hardened_clay" },
        "east":  { "uv": [ 6.5, 9, 9.5, 14 ], "texture": "#hardened_clay" }
    }
},
{
    "from": [ 5.5, 6, 5.5 ],
    "to": [ 10.5, 7, 10.5 ],
    "faces": {
        "down":  { "uv": [ 10.5, 10.5, 5.5, 5.5 ], "texture": "#hardened_clay" },
        "up":    { "uv": [ 5.5, 5.5, 10.5, 10.5 ], "texture": "#hardened_clay" },
        "north": { "uv": [ 5.5, 9, 10.5, 10 ], "texture": "#hardened_clay" },
        "south": { "uv": [ 5.5, 9, 10.5, 10 ], "texture": "#hardened_clay" },
        "west":  { "uv": [ 5.5, 9, 10.5, 10 ], "texture": "#hardened_clay" },
        "east":  { "uv": [ 5.5, 9, 10.5, 10 ], "texture": "#hardened_clay" }
    }
},
{
    "from": [ 6.5, 4, 5.5 ],
    "to": [ 9.5, 6, 6.5 ],
    "faces": {
        "down":  { "uv": [ 9.5, 6.5, 6.5, 5.5 ], "texture": "#hardened_clay" },
        "up":    { "uv": [ 6.5, 5.5, 9.5, 6.5 ], "texture": "#hardened_clay" },
        "north": { "uv": [ 6.5, 10, 9.5, 12 ], "texture": "#hardened_clay" },
        "south": { "uv": [ 6.5, 10, 9.5, 12 ], "texture": "#hardened_clay" },
        "west":  { "uv": [ 5.5, 10, 6.5, 12 ], "texture": "#hardened_clay" },
        "east":  { "uv": [ 9.5, 10, 10.5, 12 ], "texture": "#hardened_clay" }
    }
},
{
    "from": [ 5.5, 4, 6.5 ],
    "to": [ 6.5, 6, 9.5 ],
    "faces": {
        "down":  { "uv": [ 10.5, 9.5, 9.5, 6.5 ], "texture": "#hardened_clay" },
        "up":    { "uv": [ 5.5, 6.5, 6.5, 9.5 ], "texture": "#hardened_clay" },
        "north": { "uv": [ 9.5, 10, 10.5, 12 ], "texture": "#hardened_clay" },
        "south": { "uv": [ 5.5, 10, 6.5, 12 ], "texture": "#hardened_clay" },
        "west":  { "uv": [ 6.5, 10, 9.5, 12 ], "texture": "#hardened_clay" },
        "east":  { "uv": [ 6.5, 10, 9.5, 12 ], "texture": "#hardened_clay" }
    }
},
{
    "from": [ 6.5, 4, 9.5 ],
    "to": [ 9.5, 6, 10.5 ],
    "faces": {
        "down":  { "uv": [ 9.5, 10.5, 6.5, 9.5 ], "texture": "#hardened_clay" },
        "up":    { "uv": [ 6.5, 9.5, 9.5, 10.5 ], "texture": "#hardened_clay" },
        "north": { "uv": [ 6.5, 10, 9.5, 12 ], "texture": "#hardened_clay" },
        "south": { "uv": [ 6.5, 10, 9.5, 12 ], "texture": "#hardened_clay" },
        "west":  { "uv": [ 9.5, 10, 10.5, 12 ], "texture": "#hardened_clay" },
        "east":  { "uv": [ 5.5, 10, 6.5, 12 ], "texture": "#hardened_clay" }
    }
},
{
    "from": [ 9.5, 4, 6.5 ],
    "to": [ 10.5, 6, 9.5 ],
    "faces": {
        "down":  { "uv": [ 6.5, 9.5, 5.5, 6.5 ], "texture": "#hardened_clay" },
        "up":    { "uv": [ 9.5, 6.5, 10.5, 9.5 ], "texture": "#hardened_clay" },
        "north": { "uv": [ 5.5, 10, 6.5, 12 ], "texture": "#hardened_clay" },
        "south": { "uv": [ 9.5, 10, 10.5, 12 ], "texture": "#hardened_clay" },
        "west":  { "uv": [ 6.5, 10, 9.5, 12 ], "texture": "#hardened_clay" },
        "east":  { "uv": [ 6.5, 10, 9.5, 12 ], "texture": "#hardened_clay" }
    }
},
{
    "from": [ 6.5, 1, 7.5 ],
    "to": [ 9.5, 2, 8.5 ],
    "faces": {
        "down":  { "uv": [ 9.5, 8.5, 6.5, 7.5 ], "texture": "#hardened_clay" },
        "up":    { "uv": [ 6.5, 7.5, 9.5, 8.5 ], "texture": "#hardened_clay" },
        "north": { "uv": [ 6.5, 14, 9.5, 15 ], "texture": "#hardened_clay" },
        "south": { "uv": [ 6.5, 14, 9.5, 15 ], "texture": "#hardened_clay" },
        "west":  { "uv": [ 7.5, 14, 8.5, 15 ], "texture": "#hardened_clay" },
        "east":  { "uv": [ 7.5, 14, 8.5, 15 ], "texture": "#hardened_clay" }
    }
},
{
    "from": [ 7.5, 3, 9.5 ],
    "to": [ 8.5, 4, 10.5 ],
    "faces": {
        "down":  { "uv": [ 8.5, 10.5, 7.5, 9.5 ], "texture": "#hardened_clay" },
        "up":    { "uv": [ 7.5, 9.5, 8.5, 10.5 ], "texture": "#hardened_clay" },
        "north": { "uv": [ 7.5, 12, 8.5, 13 ], "texture": "#hardened_clay" },
        "south": { "uv": [ 7.5, 12, 8.5, 13 ], "texture": "#hardened_clay" },
        "west":  { "uv": [ 9.5, 12, 10.5, 13 ], "texture": "#hardened_clay" },
        "east":  { "uv": [ 5.5, 12, 6.5, 13 ], "texture": "#hardened_clay" }
    }
},
{
    "from": [ 7.5, 1, 8.5 ],
    "to": [ 8.5, 2, 9.5 ],
    "faces": {
        "down":  { "uv": [ 8.5, 9.5, 7.5, 8.5 ], "texture": "#hardened_clay" },
        "up":    { "uv": [ 7.5, 8.5, 8.5, 9.5 ], "texture": "#hardened_clay" },
        "north": { "uv": [ 7.5, 14, 8.5, 15 ], "texture": "#hardened_clay" },
        "south": { "uv": [ 7.5, 14, 8.5, 15 ], "texture": "#hardened_clay" },
        "west":  { "uv": [ 8.5, 14, 9.5, 15 ], "texture": "#hardened_clay" },
        "east":  { "uv": [ 6.5, 14, 7.5, 15 ], "texture": "#hardened_clay" }
    }
},
{
    "from": [ 5.5, 3, 7.5 ],
    "to": [ 6.5, 4, 8.5 ],
    "faces": {
        "down":  { "uv": [ 10.5, 8.5, 9.5, 7.5 ], "texture": "#hardened_clay" },
        "up":    { "uv": [ 5.5, 7.5, 6.5, 8.5 ], "texture": "#hardened_clay" },
        "north": { "uv": [ 9.5, 12, 10.5, 13 ], "texture": "#hardened_clay" },
        "south": { "uv": [ 5.5, 12, 6.5, 13 ], "texture": "#hardened_clay" },
        "west":  { "uv": [ 7.5, 12, 8.5, 13 ], "texture": "#hardened_clay" },
        "east":  { "uv": [ 7.5, 12, 8.5, 13 ], "texture": "#hardened_clay" }
    }
},
{
    "from": [ 7.5, 3, 5.5 ],
    "to": [ 8.5, 4, 6.5 ],
    "faces": {
        "down":  { "uv": [ 8.5, 6.5, 7.5, 5.5 ], "texture": "#hardened_clay" },
        "up":    { "uv": [ 7.5, 5.5, 8.5, 6.5 ], "texture": "#hardened_clay" },
        "north": { "uv": [ 7.5, 12, 8.5, 13 ], "texture": "#hardened_clay" },
        "south": { "uv": [ 7.5, 12, 8.5, 13 ], "texture": "#hardened_clay" },
        "west":  { "uv": [ 5.5, 12, 6.5, 13 ], "texture": "#hardened_clay" },
        "east":  { "uv": [ 9.5, 12, 10.5, 13 ], "texture": "#hardened_clay" }
    }
},
{
    "from": [ 9.5, 3, 7.5 ],
    "to": [ 10.5, 4, 8.5 ],
    "faces": {
        "down":  { "uv": [ 6.5, 8.5, 5.5, 7.5 ], "texture": "#hardened_clay" },
        "up":    { "uv": [ 9.5, 7.5, 10.5, 8.5 ], "texture": "#hardened_clay" },
        "north": { "uv": [ 5.5, 12, 6.5, 13 ], "texture": "#hardened_clay" },
        "south": { "uv": [ 9.5, 12, 10.5, 13 ], "texture": "#hardened_clay" },
        "west":  { "uv": [ 7.5, 12, 8.5, 13 ], "texture": "#hardened_clay" },
        "east":  { "uv": [ 7.5, 12, 8.5, 13 ], "texture": "#hardened_clay" }
    }
},
{
    "from": [ 7.5, 0, 7.5 ],
    "to": [ 8.5, 1, 8.5 ],
    "faces": {
        "down":  { "uv": [ 8.5, 8.5, 7.5, 7.5 ], "texture": "#hardened_clay" },
        "up":    { "uv": [ 7.5, 7.5, 8.5, 8.5 ], "texture": "#hardened_clay" },
        "north": { "uv": [ 7.5, 15, 8.5, 16 ], "texture": "#hardened_clay" },
        "south": { "uv": [ 7.5, 15, 8.5, 16 ], "texture": "#hardened_clay" },
        "west":  { "uv": [ 7.5, 15, 8.5, 16 ], "texture": "#hardened_clay" },
        "east":  { "uv": [ 7.5, 15, 8.5, 16 ], "texture": "#hardened_clay" }
    }
},
{
    "from": [ 7.5, 1, 6.5 ],
    "to": [ 8.5, 2, 7.5 ],
    "faces": {
        "down":  { "uv": [ 8.5, 7.5, 7.5, 6.5 ], "texture": "#hardened_clay" },
        "up":    { "uv": [ 7.5, 6.5, 8.5, 7.5 ], "texture": "#hardened_clay" },
        "north": { "uv": [ 7.5, 14, 8.5, 15 ], "texture": "#hardened_clay" },
        "south": { "uv": [ 7.5, 14, 8.5, 15 ], "texture": "#hardened_clay" },
        "west":  { "uv": [ 6.5, 14, 7.5, 15 ], "texture": "#hardened_clay" },
        "east":  { "uv": [ 8.5, 14, 9.5, 15 ], "texture": "#hardened_clay" }
    }
},
{
    "from": [ 10.4375, 11, 5.5 ],
    "to": [ 10.5, 12, 8.5 ],
    "faces": {
        "west":  { "uv": [ 5.5, 4, 8.5, 5 ], "texture": "#hardened_clay" },
        "east":  { "uv": [ 7.5, 4, 10.5, 5 ], "texture": "#hardened_clay" }
    }
},
{
    "from": [ 7.5, 11, 5.5 ],
    "to": [ 10.5, 12, 5.5625 ],
    "faces": {
        "north": { "uv": [ 5.5, 4, 8.5, 5 ], "texture": "#hardened_clay" },
        "south": { "uv": [ 7.5, 4, 10.5, 5 ], "texture": "#hardened_clay" }
    }
},
{
    "from": [ 5.5, 7, 5.5 ],
    "to": [ 5.5625, 9, 9.5 ],
    "faces": {
        "west":  { "uv": [ 5.5, 7, 9.5, 9 ], "texture": "#hardened_clay" },
        "east":  { "uv": [ 6.5, 7, 10.5, 9 ], "texture": "#hardened_clay" }
    }
},
{
    "from": [ 8.5, 9, 10.4375 ],
    "to": [ 10.5, 10, 10.5 ],
    "faces": {
        "north": { "uv": [ 5.5, 6, 7.5, 7 ], "texture": "#hardened_clay" },
        "south": { "uv": [ 8.5, 6, 10.5, 7 ], "texture": "#hardened_clay" }
    }
},
{
    "from": [ 5.5, 7, 5.5 ],
    "to": [ 10.5, 11, 5.5625 ],
    "faces": {
        "north": { "uv": [ 5.5, 5, 10.5, 9 ], "texture": "#hardened_clay" },
        "south": { "uv": [ 5.5, 5, 10.5, 9 ], "texture": "#hardened_clay" }
    }
},
{
    "from": [ 5.5, 7, 10.4375 ],
    "to": [ 10.5, 8, 10.5 ],
    "faces": {
        "north": { "uv": [ 5.5, 8, 10.5, 9 ], "texture": "#hardened_clay" },
        "south": { "uv": [ 5.5, 8, 10.5, 9 ], "texture": "#hardened_clay" }
    }
},
{
    "from": [ 5.5, 9, 5.5 ],
    "to": [ 5.5625, 10, 7.5 ],
    "faces": {
        "west":  { "uv": [ 5.5, 6, 7.5, 7 ], "texture": "#hardened_clay" },
        "east":  { "uv": [ 8.5, 6, 10.5, 7 ], "texture": "#hardened_clay" }
    }
},
{
    "from": [ 10.4375, 7, 5.5 ],
    "to": [ 10.5, 11, 10.5 ],
    "faces": {
        "west":  { "uv": [ 5.5, 5, 10.5, 9 ], "texture": "#hardened_clay" },
        "east":  { "uv": [ 5.5, 5, 10.5, 9 ], "texture": "#hardened_clay" }
    }
},
{
    "from": [ 10.4375, 12, 5.5 ],
    "to": [ 10.5, 13, 6.5 ],
    "faces": {
        "west":  { "uv": [ 5.5, 3, 6.5, 4 ], "texture": "#hardened_clay" },
        "east":  { "uv": [ 9.5, 3, 10.5, 4 ], "texture": "#hardened_clay" }
    }
},
{
    "from": [ 5.5, 7, 9.5 ],
    "to": [ 5.5625, 8, 10.5 ],
    "faces": {
        "west":  { "uv": [ 9.5, 8, 10.5, 9 ], "texture": "#hardened_clay" },
        "east":  { "uv": [ 5.5, 8, 6.5, 9 ], "texture": "#hardened_clay" }
    }
},
{
    "from": [ 9.5, 12, 5.5 ],
    "to": [ 10.5, 13, 5.5625 ],
    "faces": {
        "north": { "uv": [ 5.5, 3, 6.5, 4 ], "texture": "#hardened_clay" },
        "south": { "uv": [ 9.5, 3, 10.5, 4 ], "texture": "#hardened_clay" }
    }
},
{
    "from": [ 6.5, 8, 10.4375 ],
    "to": [ 10.5, 9, 10.5 ],
    "faces": {
        "north": { "uv": [ 5.5, 7, 9.5, 8 ], "texture": "#hardened_clay" },
        "south": { "uv": [ 6.5, 7, 10.5, 8 ], "texture": "#hardened_clay" }
    }
},
{
    "from": [ 8, 6, 5.5 ],
    "to": [ 8.0625, 18, 9.5 ],
    "rotation": { "origin": [ 8, 6, 5.5 ], "axis": "y", "angle": 45 },
    "faces": {
        "west":  { "uv": [ 6, 0, 10, 10 ], "texture": "#flower_tulip_red" },
        "east":  { "uv": [ 10, 0, 6, 10 ], "texture": "#flower_tulip_red" }
    }
},
{
    "from": [ 8, 6, 5.5 ],
    "to": [ 8.0625, 18, 9.5 ],
    "rotation": { "origin": [ 8, 6, 5.5 ], "axis": "y", "angle": 45 },
    "faces": {
        "west":  { "uv": [ 6, 0, 10, 10 ], "texture": "#flower_tulip_red" },
        "east":  { "uv": [ 10, 0, 6, 10 ], "texture": "#flower_tulip_red" }
    }
}
],
"display": {
    "thirdperson_righthand": {
        "rotation": [ 34, 16, 11 ],
        "translation": [ 0, 0, 0 ],
        "scale": [ 1, 1, 1 ]
    },
    "thirdperson_lefthand": {
        "rotation": [ 34, 16, 11 ],
        "translation": [ 0, 0, 0 ],
        "scale": [ 1, 1, 1 ]
    },
    "head": {
        "rotation": [ 0, 180, 0 ],
        "translation": [ 0, -30.5, 0 ],
        "scale": [ 1.6, 1.6, 1.6 ]
    },
    "ground": {
        "rotation": [ 0, 0, 0 ],
        "translation": [ 0, 2, 0 ],
        "scale": [ 0.5, 0.5, 0.5 ]
    },
    "fixed": {
        "rotation": [ 0, 180, 0 ],
        "translation": [ 0, 0, -1.89 ],
        "scale": [ 1, 1, 1 ]
    },
    "firstperson_righthand": {
        "rotation": [ 0, -64, 9 ],
        "translation": [ 0, 1.7, 0 ],
        "scale": [ 0.5, 0.5, 0.5 ]
    },
    "firstperson_lefthand": {
        "rotation": [ 0, -64, 9 ],
        "translation": [ 0, 1.7, 0 ],
        "scale": [ 0.5, 0.5, 0.5 ]
    },
    "gui": {
        "rotation": [ 35, 35, 0 ],
        "translation": [ 0, 0, 0 ],
        "scale": [ 0.62, 0.62, 0.62 ]
    }
}
}