{
	"__comment": "Model generated using MrCrayfish's Model Creator (http://mrcrayfish.com/modelcreator/)",
	"ambientocclusion": false,
	"textures": {
		"0": "blocks/pumpkin_basket_plain",
		"1": "blocks/pumpkin_basket",
		"2": "blocks/hardened_clay_stained_black",
		"3": "blocks/wool_colored_white",
		"4": "blocks/concrete_black"
	},
	"elements": [ 	 
		{
			"from": [ 1.52, 1.02, 1.52 ],
			"to": [ 14.48, 13.98, 14.48 ],
			"faces": {
				"down": { "uv": [ 0, 0, 16, 16 ], "texture": "#0" },
				"up": { "uv": [ 0, 0, 16, 16 ], "texture": "#0" },
				"north": { "uv": [ 0, 0, 16, 16 ], "texture": "#0" },
				"south": { "uv": [ 0, 0, 16, 16 ], "texture": "#1" },
				"west": { "uv": [ 0, 0, 16, 16 ], "texture": "#0" },
				"east": { "uv": [ 0, 0, 16, 16 ], "texture": "#0" }
			}
		},
		{
			"from": [ 3.14, 13.98, 2.33 ],
			"to": [ 12.86, 23.7, 12.05 ],
			"rotation": { "origin": [ 8, 7.5, 8 ], "axis": "y", "angle": -22.5 },
			"faces": {
				"down": { "uv": [ 0, 0, 16, 16 ], "texture": "#0" },
				"up": { "uv": [ 0, 0, 16, 16 ], "texture": "#0" },
				"north": { "uv": [ 0, 0, 16, 16 ], "texture": "#0" },
				"south": { "uv": [ 0, 0, 16, 16 ], "texture": "#1" },
				"west": { "uv": [ 0, 0, 16, 16 ], "texture": "#0" },
				"east": { "uv": [ 0, 0, 16, 16 ], "texture": "#0" }
			}
		},
		{
			"from": [ 5.57, 23.7, 4.76 ],
			"to": [ 12.05, 30.18, 11.24 ],
			"faces": {
				"down": { "uv": [ 0, 0, 16, 16 ], "texture": "#0" },
				"up": { "uv": [ 0, 0, 16, 16 ], "texture": "#0" },
				"north": { "uv": [ 0, 0, 16, 16 ], "texture": "#0" },
				"south": { "uv": [ 0, 0, 16, 16 ], "texture": "#1" },
				"west": { "uv": [ 0, 0, 16, 16 ], "texture": "#0" },
				"east": { "uv": [ 0, 0, 16, 16 ], "texture": "#0" }
			}
		},
		{
			"from": [ 8, 30.18, 7.19 ],
			"to": [ 9.62, 31.8, 8.809999 ],
			"faces": {
				"down": { "uv": [ 0, 0, 2, 2 ], "texture": "#2" },
				"up": { "uv": [ 0, 0, 2, 2 ], "texture": "#2" },
				"north": { "uv": [ 0, 0, 2, 2 ], "texture": "#2" },
				"south": { "uv": [ 0, 0, 2, 2 ], "texture": "#2" },
				"west": { "uv": [ 0, 0, 2, 2 ], "texture": "#2" },
				"east": { "uv": [ 0, 0, 2, 2 ], "texture": "#2" }
			}
		},
		{
			"from": [ 2.33, 13.98, 2.33 ],
			"to": [ 3.95, 17.22, 3.95 ],
			"faces": {
				"down": { "uv": [ 0, 0, 2, 2 ], "texture": "#3" },
				"up": { "uv": [ 0, 0, 2, 2 ], "texture": "#3" },
				"north": { "uv": [ 0, 0, 2, 4 ], "texture": "#3" },
				"south": { "uv": [ 0, 0, 2, 4 ], "texture": "#3" },
				"west": { "uv": [ 0, 0, 2, 4 ], "texture": "#3" },
				"east": { "uv": [ 0, 0, 2, 4 ], "texture": "#3" }
			}
		},
		{
			"from": [ 1.115, 12.765, 3.14 ],
			"to": [ 2.735, 14.304, 3.95 ],
			"faces": {
				"down": { "uv": [ 0, 0, 2, 1 ], "texture": "#3" },
				"up": { "uv": [ 0, 0, 2, 1 ], "texture": "#3" },
				"north": { "uv": [ 0, 0, 2, 1.9 ], "texture": "#3" },
				"south": { "uv": [ 0, 0, 2, 1.9 ], "texture": "#3" },
				"west": { "uv": [ 0, 0, 1, 1.9 ], "texture": "#3" },
				"east": { "uv": [ 0, 0, 1, 1.9 ], "texture": "#3" }
			}
		},
		{
			"from": [ 1.115, 7.905, 3.14 ],
			"to": [ 2.735, 9.525, 3.95 ],
			"faces": {
				"down": { "uv": [ 0, 0, 2, 1 ], "texture": "#3" },
				"up": { "uv": [ 0, 0, 2, 1 ], "texture": "#3" },
				"north": { "uv": [ 0, 0, 2, 2 ], "texture": "#3" },
				"south": { "uv": [ 0, 0, 2, 2 ], "texture": "#3" },
				"west": { "uv": [ 0, 0, 1, 2 ], "texture": "#3" },
				"east": { "uv": [ 0, 0, 1, 2 ], "texture": "#3" }
			}
		},
		{
			"from": [ 1.925, 12.765, 2.087 ],
			"to": [ 3.545, 14.385, 3.14 ],
			"faces": {
				"down": { "uv": [ 0, 0, 2, 1.3 ], "texture": "#3" },
				"up": { "uv": [ 0, 0, 2, 1.3 ], "texture": "#3" },
				"north": { "uv": [ 0, 0, 2, 2 ], "texture": "#3" },
				"south": { "uv": [ 0, 0, 2, 2 ], "texture": "#3" },
				"west": { "uv": [ 0, 0, 1.3, 2 ], "texture": "#3" },
				"east": { "uv": [ 0, 0, 1.3, 2 ], "texture": "#3" }
			}
		},
		{
			"from": [ 1.682, 12.765, 3.707 ],
			"to": [ 3.788, 14.385, 4.355 ],
			"faces": {
				"down": { "uv": [ 0, 0, 2.6, 0.8000002 ], "texture": "#3" },
				"up": { "uv": [ 0, 0, 2.6, 0.8000002 ], "texture": "#3" },
				"north": { "uv": [ 0, 0, 2.6, 2 ], "texture": "#3" },
				"south": { "uv": [ 0, 0, 2.6, 2 ], "texture": "#3" },
				"west": { "uv": [ 0, 0, 0.8, 2 ], "texture": "#3" },
				"east": { "uv": [ 0, 0, 0.8, 2 ], "texture": "#3" }
			}
		},
		{
			"from": [ 3.14, 17.22, 3.14 ],
			"to": [ 3.383, 17.625, 3.383 ],
			"faces": {
				"down": { "uv": [ 0, 0, 0.3, 0.3000002 ], "texture": "#4" },
				"up": { "uv": [ 0, 0, 0.3, 0.3000002 ], "texture": "#4" },
				"north": { "uv": [ 0, 0, 0.3, 0.5 ], "texture": "#4" },
				"south": { "uv": [ 0, 0, 0.3, 0.5 ], "texture": "#4" },
				"west": { "uv": [ 0, 0, 0.3, 0.5 ], "texture": "#4" },
				"east": { "uv": [ 0, 0, 0.3, 0.5 ], "texture": "#4" }
			}
		},
		{
			"from": [ 9.62, 13.98, 13.67 ],
			"to": [ 11.24, 15.6, 15.29 ],
			"rotation": { "origin": [ 8, 7.5, 8 ], "axis": "y", "angle": 22.5 },
			"faces": {
				"down": { "uv": [ 0, 0, 2, 2 ], "texture": "#3" },
				"up": { "uv": [ 0, 0, 2, 2 ], "texture": "#3" },
				"north": { "uv": [ 0, 0, 2, 2 ], "texture": "#3" },
				"south": { "uv": [ 0, 0, 2, 2 ], "texture": "#3" },
				"west": { "uv": [ 0, 0, 2, 2 ], "texture": "#3" },
				"east": { "uv": [ 0, 0, 2, 2 ], "texture": "#3" }
			}
		},
		{
			"from": [ 9.458, 12.36, 14.156 ],
			"to": [ 11.483, 14.385, 15.776 ],
			"rotation": { "origin": [ 8, 7.5, 8 ], "axis": "y", "angle": 22.5 },
			"faces": {
				"down": { "uv": [ 0, 0, 2.5, 2 ], "texture": "#3" },
				"up": { "uv": [ 0, 0, 2.5, 2 ], "texture": "#3" },
				"north": { "uv": [ 0, 0, 2.5, 2.5 ], "texture": "#3" },
				"south": { "uv": [ 0, 0, 2.5, 2.5 ], "texture": "#3" },
				"west": { "uv": [ 0, 0, 2, 2.5 ], "texture": "#3" },
				"east": { "uv": [ 0, 0, 2, 2.5 ], "texture": "#3" }
			}
		},
		{
			"from": [ 9.458, 10.74, 14.156 ],
			"to": [ 11.483, 11.307, 15.776 ],
			"rotation": { "origin": [ 8, 7.5, 8 ], "axis": "y", "angle": 22.5 },
			"faces": {
				"down": { "uv": [ 0, 0, 2.5, 2 ], "texture": "#3" },
				"up": { "uv": [ 0, 0, 2.5, 2 ], "texture": "#3" },
				"north": { "uv": [ 0, 0, 2.5, 0.6999998 ], "texture": "#3" },
				"south": { "uv": [ 0, 0, 2.5, 0.6999998 ], "texture": "#3" },
				"west": { "uv": [ 0, 0, 2, 0.6999998 ], "texture": "#3" },
				"east": { "uv": [ 0, 0, 2, 0.6999998 ], "texture": "#3" }
			}
		},
		{
			"from": [ 8.648, 13.98, 12.86 ],
			"to": [ 10.268, 14.223, 14.48 ],
			"rotation": { "origin": [ 8, 7.5, 8 ], "axis": "y", "angle": 22.5 },
			"faces": {
				"down": { "uv": [ 0, 0, 2, 2 ], "texture": "#3" },
				"up": { "uv": [ 0, 0, 2, 2 ], "texture": "#3" },
				"north": { "uv": [ 0, 0, 2, 0.3000002 ], "texture": "#3" },
				"south": { "uv": [ 0, 0, 2, 0.3000002 ], "texture": "#3" },
				"west": { "uv": [ 0, 0, 2, 0.3000002 ], "texture": "#3" },
				"east": { "uv": [ 0, 0, 2, 0.3000002 ], "texture": "#3" }
			}
		},
		{
			"from": [ 10.268, 13.98, 12.86 ],
			"to": [ 11.888, 14.628, 14.48 ],
			"rotation": { "origin": [ 8, 7.5, 8 ], "axis": "y", "angle": 22.5 },
			"faces": {
				"down": { "uv": [ 0, 0, 2, 2 ], "texture": "#3" },
				"up": { "uv": [ 0, 0, 2, 2 ], "texture": "#3" },
				"north": { "uv": [ 0, 0, 2, 0.8000002 ], "texture": "#3" },
				"south": { "uv": [ 0, 0, 2, 0.8000002 ], "texture": "#3" },
				"west": { "uv": [ 0, 0, 2, 0.8000002 ], "texture": "#3" },
				"east": { "uv": [ 0, 0, 2, 0.8000002 ], "texture": "#3" }
			}
		},
		{
			"from": [ 12.617, 15.6, 12.86 ],
			"to": [ 12.86, 16.005, 13.103 ],
			"faces": {
				"down": { "uv": [ 0, 0, 0.3, 0.3000002 ], "texture": "#4" },
				"up": { "uv": [ 0, 0, 0.3, 0.3000002 ], "texture": "#4" },
				"north": { "uv": [ 0, 0, 0.3, 0.5 ], "texture": "#4" },
				"south": { "uv": [ 0, 0, 0.3, 0.5 ], "texture": "#4" },
				"west": { "uv": [ 0, 0, 0.3, 0.5 ], "texture": "#4" },
				"east": { "uv": [ 0, 0, 0.3, 0.5 ], "texture": "#4" }
			}
		},
		{
			"from": [ 3.95, 23.7, 8.809999 ],
			"to": [ 5.57, 25.32, 10.43 ],
			"rotation": { "origin": [ 8, 7.5, 8 ], "axis": "y", "angle": -22.5 },
			"faces": {
				"down": { "uv": [ 0, 0, 2, 2 ], "texture": "#3" },
				"up": { "uv": [ 0, 0, 2, 2 ], "texture": "#3" },
				"north": { "uv": [ 0, 0, 2, 2 ], "texture": "#3" },
				"south": { "uv": [ 0, 0, 2, 2 ], "texture": "#3" },
				"west": { "uv": [ 0, 0, 2, 2 ], "texture": "#3" },
				"east": { "uv": [ 0, 0, 2, 2 ], "texture": "#3" }
			}
		},
		{
			"from": [ 3.788, 23.295, 8.405 ],
			"to": [ 5.57, 23.943, 10.673 ],
			"rotation": { "origin": [ 8, 7.5, 8 ], "axis": "y", "angle": -22.5 },
			"faces": {
				"down": { "uv": [ 0, 0, 2.2, 2.8 ], "texture": "#3" },
				"up": { "uv": [ 0, 0, 2.2, 2.8 ], "texture": "#3" },
				"north": { "uv": [ 0, 0, 2.2, 0.8000002 ], "texture": "#3" },
				"south": { "uv": [ 0, 0, 2.2, 0.8000002 ], "texture": "#3" },
				"west": { "uv": [ 0, 0, 2.8, 0.8000002 ], "texture": "#3" },
				"east": { "uv": [ 0, 0, 2.8, 0.8000002 ], "texture": "#3" }
			}
		},
		{
			"from": [ 3.626, 23.295, 8.566999 ],
			"to": [ 4.841, 24.267, 10.187 ],
			"rotation": { "origin": [ 8, 7.5, 8 ], "axis": "y", "angle": -22.5 },
			"faces": {
				"down": { "uv": [ 0, 0, 1.5, 2 ], "texture": "#3" },
				"up": { "uv": [ 0, 0, 1.5, 2 ], "texture": "#3" },
				"north": { "uv": [ 0, 0, 1.5, 1.2 ], "texture": "#3" },
				"south": { "uv": [ 0, 0, 1.5, 1.2 ], "texture": "#3" },
				"west": { "uv": [ 0, 0, 2, 1.2 ], "texture": "#3" },
				"east": { "uv": [ 0, 0, 2, 1.2 ], "texture": "#3" }
			}
		},
		{
			"from": [ 4.274, 25.32, 8 ],
			"to": [ 4.517, 25.725, 8.243 ],
			"faces": {
				"down": { "uv": [ 0, 0, 0.3, 0.3000002 ], "texture": "#4" },
				"up": { "uv": [ 0, 0, 0.3, 0.3000002 ], "texture": "#4" },
				"north": { "uv": [ 0, 0, 0.3, 0.5 ], "texture": "#4" },
				"south": { "uv": [ 0, 0, 0.3, 0.5 ], "texture": "#4" },
				"west": { "uv": [ 0, 0, 0.3, 0.5 ], "texture": "#4" },
				"east": { "uv": [ 0, 0, 0.3, 0.5 ], "texture": "#4" }
			}
		},
		{
			"from": [ 2.978, 23.295, 10.025 ],
			"to": [ 3.788, 23.943, 10.673 ],
			"rotation": { "origin": [ 8, 7.5, 8 ], "axis": "y", "angle": -22.5 },
			"faces": {
				"down": { "uv": [ 0, 0, 1, 0.8000002 ], "texture": "#3" },
				"up": { "uv": [ 0, 0, 1, 0.8000002 ], "texture": "#3" },
				"north": { "uv": [ 0, 0, 1, 0.8000002 ], "texture": "#3" },
				"south": { "uv": [ 0, 0, 1, 0.8000002 ], "texture": "#3" },
				"west": { "uv": [ 0, 0, 0.8, 0.8000002 ], "texture": "#3" },
				"east": { "uv": [ 0, 0, 0.8, 0.8000002 ], "texture": "#3" }
			}
		},
		{
			"from": [ 2.978, 21.675, 10.025 ],
			"to": [ 3.788, 23.133, 10.673 ],
			"rotation": { "origin": [ 8, 7.5, 8 ], "axis": "y", "angle": -22.5 },
			"faces": {
				"down": { "uv": [ 0, 0, 1, 0.8000002 ], "texture": "#3" },
				"up": { "uv": [ 0, 0, 1, 0.8000002 ], "texture": "#3" },
				"north": { "uv": [ 0, 0, 1, 1.8 ], "texture": "#3" },
				"south": { "uv": [ 0, 0, 1, 1.8 ], "texture": "#3" },
				"west": { "uv": [ 0, 0, 0.8, 1.8 ], "texture": "#3" },
				"east": { "uv": [ 0, 0, 0.8, 1.8 ], "texture": "#3" }
			}
		},
		{
			"from": [ 2.978, 20.055, 10.025 ],
			"to": [ 3.302, 20.703, 10.43 ],
			"rotation": { "origin": [ 8, 7.5, 8 ], "axis": "y", "angle": -22.5 },
			"faces": {
				"down": { "uv": [ 0, 0, 0.4, 0.5 ], "texture": "#3" },
				"up": { "uv": [ 0, 0, 0.4, 0.5 ], "texture": "#3" },
				"north": { "uv": [ 0, 0, 0.4, 0.8000002 ], "texture": "#3" },
				"south": { "uv": [ 0, 0, 0.4, 0.8000002 ], "texture": "#3" },
				"west": { "uv": [ 0, 0, 0.5, 0.8000002 ], "texture": "#3" },
				"east": { "uv": [ 0, 0, 0.5, 0.8000002 ], "texture": "#3" }
			}
		},
		{
			"from": [ 3.383, 23.295, 10.673 ],
			"to": [ 4.598, 23.943, 11.483 ],
			"rotation": { "origin": [ 8, 7.5, 8 ], "axis": "y", "angle": -22.5 },
			"faces": {
				"down": { "uv": [ 0, 0, 1.5, 1 ], "texture": "#3" },
				"up": { "uv": [ 0, 0, 1.5, 1 ], "texture": "#3" },
				"north": { "uv": [ 0, 0, 1.5, 0.8000002 ], "texture": "#3" },
				"south": { "uv": [ 0, 0, 1.5, 0.8000002 ], "texture": "#3" },
				"west": { "uv": [ 0, 0, 1, 0.8000002 ], "texture": "#3" },
				"east": { "uv": [ 0, 0, 1, 0.8000002 ], "texture": "#3" }
			}
		},
		{
			"__comment": "Box25",
			"from": [ 0, 0, 0 ],
			"to": [ 16, 1, 16 ],
			"faces": {
				"down": { "uv": [ 0, 0, 16, 16 ], "texture": "#4" },
				"up": { "uv": [ 0, 0, 16, 16 ], "texture": "#4" },
				"north": { "uv": [ 0, 15, 16, 16 ], "texture": "#4" },
				"south": { "uv": [ 0, 15, 16, 16 ], "texture": "#4" },
				"west": { "uv": [ 0, 15, 16, 16 ], "texture": "#4" },
				"east": { "uv": [ 0, 15, 16, 16 ], "texture": "#4" }
			}
		}
	]
}