{
	"__comment": "Designed by Monsterfish_ with Cubik Studio - https://cubik.studio",
	"textures": {
		"particle": "blocks/cocktail",
		"mesh_palette": "blocks/cocktail"
	},
	"elements": [ 	 
		{
			"__comment": "Voxels-FFD400",
			"from": [ 5.5, 14, 5.5 ],
			"to": [ 6, 14.5, 6 ],
			"faces": {
				"down": { "uv": [ 8.96, 4.96, 11.04, 7.04 ], "texture": "#mesh_palette" },
				"up": { "uv": [ 8.96, 4.96, 11.04, 7.04 ], "texture": "#mesh_palette" },
				"north": { "uv": [ 8.96, 4.96, 11.04, 7.04 ], "texture": "#mesh_palette" },
				"south": { "uv": [ 8.96, 4.96, 11.04, 7.04 ], "texture": "#mesh_palette" },
				"west": { "uv": [ 8.96, 4.96, 11.04, 7.04 ], "texture": "#mesh_palette" },
				"east": { "uv": [ 8.96, 4.96, 11.04, 7.04 ], "texture": "#mesh_palette" }
			}
		},
		{
			"__comment": "Voxels-AACAFF",
			"from": [ 6, 12, 8 ],
			"to": [ 6.5, 12.5, 8.5 ],
			"faces": {
				"down": { "uv": [ 0.96, 4.96, 3.04, 7.04 ], "texture": "#mesh_palette" },
				"up": { "uv": [ 0.96, 4.96, 3.04, 7.04 ], "texture": "#mesh_palette" },
				"north": { "uv": [ 0.96, 4.96, 3.04, 7.04 ], "texture": "#mesh_palette" },
				"south": { "uv": [ 0.96, 4.96, 3.04, 7.04 ], "texture": "#mesh_palette" },
				"west": { "uv": [ 0.96, 4.96, 3.04, 7.04 ], "texture": "#mesh_palette" },
				"east": { "uv": [ 0.96, 4.96, 3.04, 7.04 ], "texture": "#mesh_palette" }
			}
		},
		{
			"__comment": "Voxels-FFD400",
			"from": [ 6, 13.5, 6 ],
			"to": [ 6.5, 14, 6.5 ],
			"faces": {
				"down": { "uv": [ 8.96, 4.96, 11.04, 7.04 ], "texture": "#mesh_palette" },
				"up": { "uv": [ 8.96, 4.96, 11.04, 7.04 ], "texture": "#mesh_palette" },
				"north": { "uv": [ 8.96, 4.96, 11.04, 7.04 ], "texture": "#mesh_palette" },
				"south": { "uv": [ 8.96, 4.96, 11.04, 7.04 ], "texture": "#mesh_palette" },
				"west": { "uv": [ 8.96, 4.96, 11.04, 7.04 ], "texture": "#mesh_palette" },
				"east": { "uv": [ 8.96, 4.96, 11.04, 7.04 ], "texture": "#mesh_palette" }
			}
		},
		{
			"__comment": "Voxels-FFFFFF",
			"from": [ 6.5, 8, 7.5 ],
			"to": [ 7, 8.5, 8 ],
			"faces": {
				"down": { "uv": [ 4.96, 0.96, 7.04, 3.04 ], "texture": "#mesh_palette" },
				"up": { "uv": [ 4.96, 0.96, 7.04, 3.04 ], "texture": "#mesh_palette" },
				"north": { "uv": [ 4.96, 0.96, 7.04, 3.04 ], "texture": "#mesh_palette" },
				"west": { "uv": [ 4.96, 0.96, 7.04, 3.04 ], "texture": "#mesh_palette" }
			}
		},
		{
			"__comment": "Voxels-AACAFF",
			"from": [ 6.5, 8, 8 ],
			"to": [ 7, 8.5, 8.5 ],
			"faces": {
				"down": { "uv": [ 0.96, 4.96, 3.04, 7.04 ], "texture": "#mesh_palette" },
				"up": { "uv": [ 0.96, 4.96, 3.04, 7.04 ], "texture": "#mesh_palette" },
				"west": { "uv": [ 0.96, 4.96, 3.04, 7.04 ], "texture": "#mesh_palette" }
			}
		},
		{
			"__comment": "Voxels-FFFFFF",
			"from": [ 6.5, 8, 8.5 ],
			"to": [ 7, 8.5, 9 ],
			"faces": {
				"down": { "uv": [ 4.96, 0.96, 7.04, 3.04 ], "texture": "#mesh_palette" },
				"up": { "uv": [ 4.96, 0.96, 7.04, 3.04 ], "texture": "#mesh_palette" },
				"south": { "uv": [ 4.96, 0.96, 7.04, 3.04 ], "texture": "#mesh_palette" },
				"west": { "uv": [ 4.96, 0.96, 7.04, 3.04 ], "texture": "#mesh_palette" }
			}
		},
		{
			"__comment": "Voxels-FF0000",
			"from": [ 6.5, 11.5, 8 ],
			"to": [ 8.5, 12, 8.5 ],
			"faces": {
				"down": { "uv": [ 8.96, 0.96, 11.04, 3.04 ], "texture": "#mesh_palette" },
				"up": { "uv": [ 8.96, 0.96, 11.04, 3.04 ], "texture": "#mesh_palette" },
				"north": { "uv": [ 8.96, 0.96, 11.04, 3.04 ], "texture": "#mesh_palette" },
				"south": { "uv": [ 8.96, 0.96, 11.04, 3.04 ], "texture": "#mesh_palette" },
				"west": { "uv": [ 8.96, 0.96, 11.04, 3.04 ], "texture": "#mesh_palette" }
			}
		},
		{
			"__comment": "Voxels-FFFFFF",
			"from": [ 6.5, 12, 7 ],
			"to": [ 7, 12.5, 7.5 ],
			"faces": {
				"down": { "uv": [ 4.96, 0.96, 7.04, 3.04 ], "texture": "#mesh_palette" },
				"up": { "uv": [ 4.96, 0.96, 7.04, 3.04 ], "texture": "#mesh_palette" },
				"north": { "uv": [ 4.96, 0.96, 7.04, 3.04 ], "texture": "#mesh_palette" },
				"west": { "uv": [ 4.96, 0.96, 7.04, 3.04 ], "texture": "#mesh_palette" },
				"east": { "uv": [ 4.96, 0.96, 7.04, 3.04 ], "texture": "#mesh_palette" }
			}
		},
		{
			"__comment": "Voxels-AACAFF",
			"from": [ 6.5, 12, 7.5 ],
			"to": [ 7, 12.5, 8 ],
			"faces": {
				"down": { "uv": [ 0.96, 4.96, 3.04, 7.04 ], "texture": "#mesh_palette" },
				"up": { "uv": [ 0.96, 4.96, 3.04, 7.04 ], "texture": "#mesh_palette" },
				"south": { "uv": [ 0.96, 4.96, 3.04, 7.04 ], "texture": "#mesh_palette" },
				"west": { "uv": [ 0.96, 4.96, 3.04, 7.04 ], "texture": "#mesh_palette" },
				"east": { "uv": [ 0.96, 4.96, 3.04, 7.04 ], "texture": "#mesh_palette" }
			}
		},
		{
			"__comment": "Voxels-AACAFF",
			"from": [ 6.5, 12, 8.5 ],
			"to": [ 7, 12.5, 9.5 ],
			"faces": {
				"down": { "uv": [ 0.96, 4.96, 3.04, 7.04 ], "texture": "#mesh_palette" },
				"up": { "uv": [ 0.96, 4.96, 3.04, 7.04 ], "texture": "#mesh_palette" },
				"north": { "uv": [ 0.96, 4.96, 3.04, 7.04 ], "texture": "#mesh_palette" },
				"south": { "uv": [ 0.96, 4.96, 3.04, 7.04 ], "texture": "#mesh_palette" },
				"west": { "uv": [ 0.96, 4.96, 3.04, 7.04 ], "texture": "#mesh_palette" },
				"east": { "uv": [ 0.96, 4.96, 3.04, 7.04 ], "texture": "#mesh_palette" }
			}
		},
		{
			"__comment": "Voxels-FFD400",
			"from": [ 6.5, 13, 6.5 ],
			"to": [ 7, 13.5, 7 ],
			"faces": {
				"down": { "uv": [ 8.96, 4.96, 11.04, 7.04 ], "texture": "#mesh_palette" },
				"up": { "uv": [ 8.96, 4.96, 11.04, 7.04 ], "texture": "#mesh_palette" },
				"north": { "uv": [ 8.96, 4.96, 11.04, 7.04 ], "texture": "#mesh_palette" },
				"south": { "uv": [ 8.96, 4.96, 11.04, 7.04 ], "texture": "#mesh_palette" },
				"west": { "uv": [ 8.96, 4.96, 11.04, 7.04 ], "texture": "#mesh_palette" },
				"east": { "uv": [ 8.96, 4.96, 11.04, 7.04 ], "texture": "#mesh_palette" }
			}
		},
		{
			"__comment": "Voxels-FFFFFF",
			"from": [ 7, 8, 7 ],
			"to": [ 7.5, 8.5, 7.5 ],
			"faces": {
				"down": { "uv": [ 4.96, 0.96, 7.04, 3.04 ], "texture": "#mesh_palette" },
				"up": { "uv": [ 4.96, 0.96, 7.04, 3.04 ], "texture": "#mesh_palette" },
				"north": { "uv": [ 4.96, 0.96, 7.04, 3.04 ], "texture": "#mesh_palette" },
				"west": { "uv": [ 4.96, 0.96, 7.04, 3.04 ], "texture": "#mesh_palette" }
			}
		},
		{
			"__comment": "Voxels-AACAFF",
			"from": [ 7, 8, 7.5 ],
			"to": [ 7.5, 8.5, 8 ],
			"faces": {
				"down": { "uv": [ 0.96, 4.96, 3.04, 7.04 ], "texture": "#mesh_palette" },
				"up": { "uv": [ 0.96, 4.96, 3.04, 7.04 ], "texture": "#mesh_palette" }
			}
		},
		{
			"__comment": "Voxels-71A6FF",
			"from": [ 7, 8, 8 ],
			"to": [ 7.5, 8.5, 8.5 ],
			"faces": {
				"down": { "uv": [ 12.96, 4.96, 15.04, 7.04 ], "texture": "#mesh_palette" },
				"up": { "uv": [ 12.96, 4.96, 15.04, 7.04 ], "texture": "#mesh_palette" }
			}
		},
		{
			"__comment": "Voxels-AACAFF",
			"from": [ 7, 8, 8.5 ],
			"to": [ 7.5, 8.5, 9 ],
			"faces": {
				"down": { "uv": [ 0.96, 4.96, 3.04, 7.04 ], "texture": "#mesh_palette" },
				"up": { "uv": [ 0.96, 4.96, 3.04, 7.04 ], "texture": "#mesh_palette" }
			}
		},
		{
			"__comment": "Voxels-FFFFFF",
			"from": [ 7, 8, 9 ],
			"to": [ 7.5, 8.5, 9.5 ],
			"faces": {
				"down": { "uv": [ 4.96, 0.96, 7.04, 3.04 ], "texture": "#mesh_palette" },
				"up": { "uv": [ 4.96, 0.96, 7.04, 3.04 ], "texture": "#mesh_palette" },
				"south": { "uv": [ 4.96, 0.96, 7.04, 3.04 ], "texture": "#mesh_palette" },
				"west": { "uv": [ 4.96, 0.96, 7.04, 3.04 ], "texture": "#mesh_palette" }
			}
		},
		{
			"__comment": "Voxels-FF0080",
			"from": [ 7, 11, 8 ],
			"to": [ 7.5, 11.5, 8.5 ],
			"faces": {
				"down": { "uv": [ 12.96, 8.96, 15.04, 11.04 ], "texture": "#mesh_palette" },
				"north": { "uv": [ 12.96, 8.96, 15.04, 11.04 ], "texture": "#mesh_palette" },
				"south": { "uv": [ 12.96, 8.96, 15.04, 11.04 ], "texture": "#mesh_palette" },
				"west": { "uv": [ 12.96, 8.96, 15.04, 11.04 ], "texture": "#mesh_palette" }
			}
		},
		{
			"__comment": "Voxels-FF8E8E",
			"from": [ 7, 11.5, 7 ],
			"to": [ 7.5, 12, 7.5 ],
			"faces": {
				"down": { "uv": [ 12.96, 0.96, 15.04, 3.04 ], "texture": "#mesh_palette" },
				"up": { "uv": [ 12.96, 0.96, 15.04, 3.04 ], "texture": "#mesh_palette" },
				"north": { "uv": [ 12.96, 0.96, 15.04, 3.04 ], "texture": "#mesh_palette" },
				"west": { "uv": [ 12.96, 0.96, 15.04, 3.04 ], "texture": "#mesh_palette" }
			}
		},
		{
			"__comment": "Voxels-FF0000",
			"from": [ 7, 11.5, 7.5 ],
			"to": [ 8.5, 12, 8 ],
			"faces": {
				"down": { "uv": [ 8.96, 0.96, 11.04, 3.04 ], "texture": "#mesh_palette" },
				"up": { "uv": [ 8.96, 0.96, 11.04, 3.04 ], "texture": "#mesh_palette" },
				"north": { "uv": [ 8.96, 0.96, 11.04, 3.04 ], "texture": "#mesh_palette" },
				"west": { "uv": [ 8.96, 0.96, 11.04, 3.04 ], "texture": "#mesh_palette" }
			}
		},
		{
			"__comment": "Voxels-FF0000",
			"from": [ 7, 11.5, 8.5 ],
			"to": [ 8, 12, 9 ],
			"faces": {
				"down": { "uv": [ 8.96, 0.96, 11.04, 3.04 ], "texture": "#mesh_palette" },
				"up": { "uv": [ 8.96, 0.96, 11.04, 3.04 ], "texture": "#mesh_palette" },
				"south": { "uv": [ 8.96, 0.96, 11.04, 3.04 ], "texture": "#mesh_palette" },
				"west": { "uv": [ 8.96, 0.96, 11.04, 3.04 ], "texture": "#mesh_palette" }
			}
		},
		{
			"__comment": "Voxels-FF0000",
			"from": [ 7, 11.5, 9 ],
			"to": [ 7.5, 12, 9.5 ],
			"faces": {
				"down": { "uv": [ 8.96, 0.96, 11.04, 3.04 ], "texture": "#mesh_palette" },
				"up": { "uv": [ 8.96, 0.96, 11.04, 3.04 ], "texture": "#mesh_palette" },
				"south": { "uv": [ 8.96, 0.96, 11.04, 3.04 ], "texture": "#mesh_palette" },
				"west": { "uv": [ 8.96, 0.96, 11.04, 3.04 ], "texture": "#mesh_palette" }
			}
		},
		{
			"__comment": "Voxels-FFFFFF",
			"from": [ 7, 12, 6.5 ],
			"to": [ 8, 12.5, 7 ],
			"faces": {
				"down": { "uv": [ 4.96, 0.96, 7.04, 3.04 ], "texture": "#mesh_palette" },
				"up": { "uv": [ 4.96, 0.96, 7.04, 3.04 ], "texture": "#mesh_palette" },
				"north": { "uv": [ 4.96, 0.96, 7.04, 3.04 ], "texture": "#mesh_palette" },
				"south": { "uv": [ 4.96, 0.96, 7.04, 3.04 ], "texture": "#mesh_palette" },
				"west": { "uv": [ 4.96, 0.96, 7.04, 3.04 ], "texture": "#mesh_palette" },
				"east": { "uv": [ 4.96, 0.96, 7.04, 3.04 ], "texture": "#mesh_palette" }
			}
		},
		{
			"__comment": "Voxels-FFFFFF",
			"from": [ 7, 12, 9.5 ],
			"to": [ 8, 12.5, 10 ],
			"faces": {
				"down": { "uv": [ 4.96, 0.96, 7.04, 3.04 ], "texture": "#mesh_palette" },
				"up": { "uv": [ 4.96, 0.96, 7.04, 3.04 ], "texture": "#mesh_palette" },
				"north": { "uv": [ 4.96, 0.96, 7.04, 3.04 ], "texture": "#mesh_palette" },
				"south": { "uv": [ 4.96, 0.96, 7.04, 3.04 ], "texture": "#mesh_palette" },
				"west": { "uv": [ 4.96, 0.96, 7.04, 3.04 ], "texture": "#mesh_palette" },
				"east": { "uv": [ 4.96, 0.96, 7.04, 3.04 ], "texture": "#mesh_palette" }
			}
		},
		{
			"__comment": "Voxels-FFD400",
			"from": [ 7, 12.5, 7 ],
			"to": [ 7.5, 13, 7.5 ],
			"faces": {
				"down": { "uv": [ 8.96, 4.96, 11.04, 7.04 ], "texture": "#mesh_palette" },
				"up": { "uv": [ 8.96, 4.96, 11.04, 7.04 ], "texture": "#mesh_palette" },
				"north": { "uv": [ 8.96, 4.96, 11.04, 7.04 ], "texture": "#mesh_palette" },
				"south": { "uv": [ 8.96, 4.96, 11.04, 7.04 ], "texture": "#mesh_palette" },
				"west": { "uv": [ 8.96, 4.96, 11.04, 7.04 ], "texture": "#mesh_palette" },
				"east": { "uv": [ 8.96, 4.96, 11.04, 7.04 ], "texture": "#mesh_palette" }
			}
		},
		{
			"__comment": "Voxels-FFFFFF",
			"from": [ 7.5, 8, 6.5 ],
			"to": [ 8, 8.5, 7 ],
			"faces": {
				"down": { "uv": [ 4.96, 0.96, 7.04, 3.04 ], "texture": "#mesh_palette" },
				"up": { "uv": [ 4.96, 0.96, 7.04, 3.04 ], "texture": "#mesh_palette" },
				"north": { "uv": [ 4.96, 0.96, 7.04, 3.04 ], "texture": "#mesh_palette" },
				"west": { "uv": [ 4.96, 0.96, 7.04, 3.04 ], "texture": "#mesh_palette" }
			}
		},
		{
			"__comment": "Voxels-AACAFF",
			"from": [ 7.5, 8, 7 ],
			"to": [ 8, 8.5, 7.5 ],
			"faces": {
				"down": { "uv": [ 0.96, 4.96, 3.04, 7.04 ], "texture": "#mesh_palette" },
				"up": { "uv": [ 0.96, 4.96, 3.04, 7.04 ], "texture": "#mesh_palette" }
			}
		},
		{
			"__comment": "Voxels-71A6FF",
			"from": [ 7.5, 8, 7.5 ],
			"to": [ 8, 8.5, 8 ],
			"faces": {
				"down": { "uv": [ 12.96, 4.96, 15.04, 7.04 ], "texture": "#mesh_palette" },
				"up": { "uv": [ 12.96, 4.96, 15.04, 7.04 ], "texture": "#mesh_palette" }
			}
		},
		{
			"__comment": "Voxels-5595FF",
			"from": [ 7.5, 8, 8 ],
			"to": [ 9, 8.5, 8.5 ],
			"faces": {
				"down": { "uv": [ 0.96, 8.96, 3.04, 11.04 ], "texture": "#mesh_palette" },
				"up": { "uv": [ 0.96, 8.96, 3.04, 11.04 ], "texture": "#mesh_palette" },
				"north": { "uv": [ 0.96, 8.96, 3.04, 11.04 ], "texture": "#mesh_palette" },
				"south": { "uv": [ 0.96, 8.96, 3.04, 11.04 ], "texture": "#mesh_palette" }
			}
		},
		{
			"__comment": "Voxels-71A6FF",
			"from": [ 7.5, 8, 8.5 ],
			"to": [ 8, 8.5, 9 ],
			"faces": {
				"down": { "uv": [ 12.96, 4.96, 15.04, 7.04 ], "texture": "#mesh_palette" },
				"up": { "uv": [ 12.96, 4.96, 15.04, 7.04 ], "texture": "#mesh_palette" }
			}
		},
		{
			"__comment": "Voxels-AACAFF",
			"from": [ 7.5, 8, 9 ],
			"to": [ 8, 8.5, 9.5 ],
			"faces": {
				"down": { "uv": [ 0.96, 4.96, 3.04, 7.04 ], "texture": "#mesh_palette" },
				"up": { "uv": [ 0.96, 4.96, 3.04, 7.04 ], "texture": "#mesh_palette" }
			}
		},
		{
			"__comment": "Voxels-FFFFFF",
			"from": [ 7.5, 8, 9.5 ],
			"to": [ 8, 8.5, 10 ],
			"faces": {
				"down": { "uv": [ 4.96, 0.96, 7.04, 3.04 ], "texture": "#mesh_palette" },
				"up": { "uv": [ 4.96, 0.96, 7.04, 3.04 ], "texture": "#mesh_palette" },
				"south": { "uv": [ 4.96, 0.96, 7.04, 3.04 ], "texture": "#mesh_palette" },
				"west": { "uv": [ 4.96, 0.96, 7.04, 3.04 ], "texture": "#mesh_palette" }
			}
		},
		{
			"__comment": "Voxels-AACAFF",
			"from": [ 7.5, 8.5, 8 ],
			"to": [ 8, 9, 8.5 ],
			"faces": {
				"up": { "uv": [ 0.96, 4.96, 3.04, 7.04 ], "texture": "#mesh_palette" },
				"north": { "uv": [ 0.96, 4.96, 3.04, 7.04 ], "texture": "#mesh_palette" },
				"south": { "uv": [ 0.96, 4.96, 3.04, 7.04 ], "texture": "#mesh_palette" },
				"west": { "uv": [ 0.96, 4.96, 3.04, 7.04 ], "texture": "#mesh_palette" }
			}
		},
		{
			"__comment": "Voxels-E58EFF",
			"from": [ 7.5, 10.5, 8 ],
			"to": [ 9, 11, 8.5 ],
			"faces": {
				"down": { "uv": [ 4.96, 8.96, 7.04, 11.04 ], "texture": "#mesh_palette" },
				"north": { "uv": [ 4.96, 8.96, 7.04, 11.04 ], "texture": "#mesh_palette" },
				"south": { "uv": [ 4.96, 8.96, 7.04, 11.04 ], "texture": "#mesh_palette" },
				"west": { "uv": [ 4.96, 8.96, 7.04, 11.04 ], "texture": "#mesh_palette" },
				"east": { "uv": [ 4.96, 8.96, 7.04, 11.04 ], "texture": "#mesh_palette" }
			}
		},
		{
			"__comment": "Voxels-FF0000",
			"from": [ 7.5, 11, 7.5 ],
			"to": [ 8, 11.5, 8 ],
			"faces": {
				"down": { "uv": [ 8.96, 0.96, 11.04, 3.04 ], "texture": "#mesh_palette" },
				"north": { "uv": [ 8.96, 0.96, 11.04, 3.04 ], "texture": "#mesh_palette" },
				"west": { "uv": [ 8.96, 0.96, 11.04, 3.04 ], "texture": "#mesh_palette" }
			}
		},
		{
			"__comment": "Voxels-FFFFFF",
			"from": [ 7.5, 11, 8 ],
			"to": [ 9, 11.5, 8.5 ],
			"faces": {
				"up": { "uv": [ 4.96, 0.96, 7.04, 3.04 ], "texture": "#mesh_palette" },
				"north": { "uv": [ 4.96, 0.96, 7.04, 3.04 ], "texture": "#mesh_palette" },
				"south": { "uv": [ 4.96, 0.96, 7.04, 3.04 ], "texture": "#mesh_palette" }
			}
		},
		{
			"__comment": "Voxels-FF0000",
			"from": [ 7.5, 11, 8.5 ],
			"to": [ 8, 11.5, 9 ],
			"faces": {
				"down": { "uv": [ 8.96, 0.96, 11.04, 3.04 ], "texture": "#mesh_palette" },
				"south": { "uv": [ 8.96, 0.96, 11.04, 3.04 ], "texture": "#mesh_palette" },
				"west": { "uv": [ 8.96, 0.96, 11.04, 3.04 ], "texture": "#mesh_palette" }
			}
		},
		{
			"__comment": "Voxels-FF0000",
			"from": [ 7.5, 11.5, 7 ],
			"to": [ 9, 12, 7.5 ],
			"faces": {
				"down": { "uv": [ 8.96, 0.96, 11.04, 3.04 ], "texture": "#mesh_palette" },
				"up": { "uv": [ 8.96, 0.96, 11.04, 3.04 ], "texture": "#mesh_palette" },
				"north": { "uv": [ 8.96, 0.96, 11.04, 3.04 ], "texture": "#mesh_palette" },
				"south": { "uv": [ 8.96, 0.96, 11.04, 3.04 ], "texture": "#mesh_palette" }
			}
		},
		{
			"__comment": "Voxels-FF0080",
			"from": [ 7.5, 11.5, 9 ],
			"to": [ 8, 12, 9.5 ],
			"faces": {
				"down": { "uv": [ 12.96, 8.96, 15.04, 11.04 ], "texture": "#mesh_palette" },
				"up": { "uv": [ 12.96, 8.96, 15.04, 11.04 ], "texture": "#mesh_palette" },
				"south": { "uv": [ 12.96, 8.96, 15.04, 11.04 ], "texture": "#mesh_palette" }
			}
		},
		{
			"__comment": "Voxels-FFD400",
			"from": [ 7.5, 12, 7.5 ],
			"to": [ 8, 12.5, 8 ],
			"faces": {
				"up": { "uv": [ 8.96, 4.96, 11.04, 7.04 ], "texture": "#mesh_palette" },
				"north": { "uv": [ 8.96, 4.96, 11.04, 7.04 ], "texture": "#mesh_palette" },
				"south": { "uv": [ 8.96, 4.96, 11.04, 7.04 ], "texture": "#mesh_palette" },
				"west": { "uv": [ 8.96, 4.96, 11.04, 7.04 ], "texture": "#mesh_palette" },
				"east": { "uv": [ 8.96, 4.96, 11.04, 7.04 ], "texture": "#mesh_palette" }
			}
		},
		{
			"__comment": "Voxels-AACAFF",
			"from": [ 8, 8, 6.5 ],
			"to": [ 8.5, 8.5, 7 ],
			"faces": {
				"down": { "uv": [ 0.96, 4.96, 3.04, 7.04 ], "texture": "#mesh_palette" },
				"up": { "uv": [ 0.96, 4.96, 3.04, 7.04 ], "texture": "#mesh_palette" },
				"north": { "uv": [ 0.96, 4.96, 3.04, 7.04 ], "texture": "#mesh_palette" }
			}
		},
		{
			"__comment": "Voxels-71A6FF",
			"from": [ 8, 8, 7 ],
			"to": [ 8.5, 8.5, 7.5 ],
			"faces": {
				"down": { "uv": [ 12.96, 4.96, 15.04, 7.04 ], "texture": "#mesh_palette" },
				"up": { "uv": [ 12.96, 4.96, 15.04, 7.04 ], "texture": "#mesh_palette" }
			}
		},
		{
			"__comment": "Voxels-5595FF",
			"from": [ 8, 8, 7.5 ],
			"to": [ 8.5, 8.5, 8 ],
			"faces": {
				"down": { "uv": [ 0.96, 8.96, 3.04, 11.04 ], "texture": "#mesh_palette" }
			}
		},
		{
			"__comment": "Voxels-5595FF",
			"from": [ 8, 8, 8.5 ],
			"to": [ 8.5, 8.5, 9 ],
			"faces": {
				"down": { "uv": [ 0.96, 8.96, 3.04, 11.04 ], "texture": "#mesh_palette" }
			}
		},
		{
			"__comment": "Voxels-71A6FF",
			"from": [ 8, 8, 9 ],
			"to": [ 8.5, 8.5, 9.5 ],
			"faces": {
				"down": { "uv": [ 12.96, 4.96, 15.04, 7.04 ], "texture": "#mesh_palette" },
				"up": { "uv": [ 12.96, 4.96, 15.04, 7.04 ], "texture": "#mesh_palette" }
			}
		},
		{
			"__comment": "Voxels-AACAFF",
			"from": [ 8, 8, 9.5 ],
			"to": [ 8.5, 8.5, 10 ],
			"faces": {
				"down": { "uv": [ 0.96, 4.96, 3.04, 7.04 ], "texture": "#mesh_palette" },
				"up": { "uv": [ 0.96, 4.96, 3.04, 7.04 ], "texture": "#mesh_palette" },
				"south": { "uv": [ 0.96, 4.96, 3.04, 7.04 ], "texture": "#mesh_palette" }
			}
		},
		{
			"__comment": "Voxels-AACAFF",
			"from": [ 8, 8.5, 7.5 ],
			"to": [ 8.5, 9, 8 ],
			"faces": {
				"up": { "uv": [ 0.96, 4.96, 3.04, 7.04 ], "texture": "#mesh_palette" },
				"north": { "uv": [ 0.96, 4.96, 3.04, 7.04 ], "texture": "#mesh_palette" },
				"west": { "uv": [ 0.96, 4.96, 3.04, 7.04 ], "texture": "#mesh_palette" },
				"east": { "uv": [ 0.96, 4.96, 3.04, 7.04 ], "texture": "#mesh_palette" }
			}
		},
		{
			"__comment": "Voxels-FFFFFF",
			"from": [ 8, 8.5, 8 ],
			"to": [ 9, 9, 8.5 ],
			"faces": {
				"up": { "uv": [ 4.96, 0.96, 7.04, 3.04 ], "texture": "#mesh_palette" },
				"north": { "uv": [ 4.96, 0.96, 7.04, 3.04 ], "texture": "#mesh_palette" },
				"south": { "uv": [ 4.96, 0.96, 7.04, 3.04 ], "texture": "#mesh_palette" },
				"east": { "uv": [ 4.96, 0.96, 7.04, 3.04 ], "texture": "#mesh_palette" }
			}
		},
		{
			"__comment": "Voxels-AACAFF",
			"from": [ 8, 8.5, 8.5 ],
			"to": [ 8.5, 9, 9 ],
			"faces": {
				"up": { "uv": [ 0.96, 4.96, 3.04, 7.04 ], "texture": "#mesh_palette" },
				"south": { "uv": [ 0.96, 4.96, 3.04, 7.04 ], "texture": "#mesh_palette" },
				"west": { "uv": [ 0.96, 4.96, 3.04, 7.04 ], "texture": "#mesh_palette" },
				"east": { "uv": [ 0.96, 4.96, 3.04, 7.04 ], "texture": "#mesh_palette" }
			}
		},
		{
			"__comment": "Voxels-AACAFF",
			"from": [ 8, 9, 8 ],
			"to": [ 8.5, 9.5, 8.5 ],
			"faces": {
				"north": { "uv": [ 0.96, 4.96, 3.04, 7.04 ], "texture": "#mesh_palette" },
				"south": { "uv": [ 0.96, 4.96, 3.04, 7.04 ], "texture": "#mesh_palette" },
				"west": { "uv": [ 0.96, 4.96, 3.04, 7.04 ], "texture": "#mesh_palette" },
				"east": { "uv": [ 0.96, 4.96, 3.04, 7.04 ], "texture": "#mesh_palette" }
			}
		},
		{
			"__comment": "Voxels-FFFFFF",
			"from": [ 8, 9.5, 8 ],
			"to": [ 8.5, 10, 8.5 ],
			"faces": {
				"north": { "uv": [ 4.96, 0.96, 7.04, 3.04 ], "texture": "#mesh_palette" },
				"south": { "uv": [ 4.96, 0.96, 7.04, 3.04 ], "texture": "#mesh_palette" },
				"west": { "uv": [ 4.96, 0.96, 7.04, 3.04 ], "texture": "#mesh_palette" },
				"east": { "uv": [ 4.96, 0.96, 7.04, 3.04 ], "texture": "#mesh_palette" }
			}
		},
		{
			"__comment": "Voxels-71A6FF",
			"from": [ 8, 10, 8 ],
			"to": [ 8.5, 10.5, 8.5 ],
			"faces": {
				"north": { "uv": [ 12.96, 4.96, 15.04, 7.04 ], "texture": "#mesh_palette" },
				"south": { "uv": [ 12.96, 4.96, 15.04, 7.04 ], "texture": "#mesh_palette" },
				"west": { "uv": [ 12.96, 4.96, 15.04, 7.04 ], "texture": "#mesh_palette" },
				"east": { "uv": [ 12.96, 4.96, 15.04, 7.04 ], "texture": "#mesh_palette" }
			}
		},
		{
			"__comment": "Voxels-E58EFF",
			"from": [ 8, 10.5, 7.5 ],
			"to": [ 8.5, 11, 8 ],
			"faces": {
				"down": { "uv": [ 4.96, 8.96, 7.04, 11.04 ], "texture": "#mesh_palette" },
				"north": { "uv": [ 4.96, 8.96, 7.04, 11.04 ], "texture": "#mesh_palette" },
				"west": { "uv": [ 4.96, 8.96, 7.04, 11.04 ], "texture": "#mesh_palette" },
				"east": { "uv": [ 4.96, 8.96, 7.04, 11.04 ], "texture": "#mesh_palette" }
			}
		},
		{
			"__comment": "Voxels-E58EFF",
			"from": [ 8, 10.5, 8.5 ],
			"to": [ 8.5, 11, 9 ],
			"faces": {
				"down": { "uv": [ 4.96, 8.96, 7.04, 11.04 ], "texture": "#mesh_palette" },
				"south": { "uv": [ 4.96, 8.96, 7.04, 11.04 ], "texture": "#mesh_palette" },
				"west": { "uv": [ 4.96, 8.96, 7.04, 11.04 ], "texture": "#mesh_palette" },
				"east": { "uv": [ 4.96, 8.96, 7.04, 11.04 ], "texture": "#mesh_palette" }
			}
		},
		{
			"__comment": "Voxels-FF8E8E",
			"from": [ 8, 11, 7 ],
			"to": [ 8.5, 11.5, 7.5 ],
			"faces": {
				"down": { "uv": [ 12.96, 0.96, 15.04, 3.04 ], "texture": "#mesh_palette" },
				"north": { "uv": [ 12.96, 0.96, 15.04, 3.04 ], "texture": "#mesh_palette" },
				"west": { "uv": [ 12.96, 0.96, 15.04, 3.04 ], "texture": "#mesh_palette" },
				"east": { "uv": [ 12.96, 0.96, 15.04, 3.04 ], "texture": "#mesh_palette" }
			}
		},
		{
			"__comment": "Voxels-FF0000",
			"from": [ 8, 11, 9 ],
			"to": [ 8.5, 12, 9.5 ],
			"faces": {
				"down": { "uv": [ 8.96, 0.96, 11.04, 3.04 ], "texture": "#mesh_palette" },
				"up": { "uv": [ 8.96, 0.96, 11.04, 3.04 ], "texture": "#mesh_palette" },
				"north": { "uv": [ 8.96, 0.96, 11.04, 3.04 ], "texture": "#mesh_palette" },
				"south": { "uv": [ 8.96, 0.96, 11.04, 3.04 ], "texture": "#mesh_palette" },
				"west": { "uv": [ 8.96, 0.96, 11.04, 3.04 ], "texture": "#mesh_palette" },
				"east": { "uv": [ 8.96, 0.96, 11.04, 3.04 ], "texture": "#mesh_palette" }
			}
		},
		{
			"__comment": "Voxels-FF8E8E",
			"from": [ 8, 11.5, 6.5 ],
			"to": [ 8.5, 12, 7 ],
			"faces": {
				"down": { "uv": [ 12.96, 0.96, 15.04, 3.04 ], "texture": "#mesh_palette" },
				"up": { "uv": [ 12.96, 0.96, 15.04, 3.04 ], "texture": "#mesh_palette" },
				"north": { "uv": [ 12.96, 0.96, 15.04, 3.04 ], "texture": "#mesh_palette" },
				"west": { "uv": [ 12.96, 0.96, 15.04, 3.04 ], "texture": "#mesh_palette" },
				"east": { "uv": [ 12.96, 0.96, 15.04, 3.04 ], "texture": "#mesh_palette" }
			}
		},
		{
			"__comment": "Voxels-FF8E8E",
			"from": [ 8, 11.5, 8.5 ],
			"to": [ 9, 12, 9 ],
			"faces": {
				"down": { "uv": [ 12.96, 0.96, 15.04, 3.04 ], "texture": "#mesh_palette" },
				"up": { "uv": [ 12.96, 0.96, 15.04, 3.04 ], "texture": "#mesh_palette" },
				"north": { "uv": [ 12.96, 0.96, 15.04, 3.04 ], "texture": "#mesh_palette" },
				"south": { "uv": [ 12.96, 0.96, 15.04, 3.04 ], "texture": "#mesh_palette" }
			}
		},
		{
			"__comment": "Voxels-FF0000",
			"from": [ 8, 11.5, 9.5 ],
			"to": [ 8.5, 12, 10 ],
			"faces": {
				"down": { "uv": [ 8.96, 0.96, 11.04, 3.04 ], "texture": "#mesh_palette" },
				"up": { "uv": [ 8.96, 0.96, 11.04, 3.04 ], "texture": "#mesh_palette" },
				"south": { "uv": [ 8.96, 0.96, 11.04, 3.04 ], "texture": "#mesh_palette" },
				"west": { "uv": [ 8.96, 0.96, 11.04, 3.04 ], "texture": "#mesh_palette" },
				"east": { "uv": [ 8.96, 0.96, 11.04, 3.04 ], "texture": "#mesh_palette" }
			}
		},
		{
			"__comment": "Voxels-AACAFF",
			"from": [ 8, 12, 6 ],
			"to": [ 8.5, 12.5, 6.5 ],
			"faces": {
				"down": { "uv": [ 0.96, 4.96, 3.04, 7.04 ], "texture": "#mesh_palette" },
				"up": { "uv": [ 0.96, 4.96, 3.04, 7.04 ], "texture": "#mesh_palette" },
				"north": { "uv": [ 0.96, 4.96, 3.04, 7.04 ], "texture": "#mesh_palette" },
				"south": { "uv": [ 0.96, 4.96, 3.04, 7.04 ], "texture": "#mesh_palette" },
				"west": { "uv": [ 0.96, 4.96, 3.04, 7.04 ], "texture": "#mesh_palette" },
				"east": { "uv": [ 0.96, 4.96, 3.04, 7.04 ], "texture": "#mesh_palette" }
			}
		},
		{
			"__comment": "Voxels-FFFFFF",
			"from": [ 8, 12, 10 ],
			"to": [ 8.5, 12.5, 10.5 ],
			"faces": {
				"down": { "uv": [ 4.96, 0.96, 7.04, 3.04 ], "texture": "#mesh_palette" },
				"up": { "uv": [ 4.96, 0.96, 7.04, 3.04 ], "texture": "#mesh_palette" },
				"north": { "uv": [ 4.96, 0.96, 7.04, 3.04 ], "texture": "#mesh_palette" },
				"south": { "uv": [ 4.96, 0.96, 7.04, 3.04 ], "texture": "#mesh_palette" },
				"west": { "uv": [ 4.96, 0.96, 7.04, 3.04 ], "texture": "#mesh_palette" },
				"east": { "uv": [ 4.96, 0.96, 7.04, 3.04 ], "texture": "#mesh_palette" }
			}
		},
		{
			"__comment": "Voxels-FFFFFF",
			"from": [ 8.5, 8, 6.5 ],
			"to": [ 9, 8.5, 7 ],
			"faces": {
				"down": { "uv": [ 4.96, 0.96, 7.04, 3.04 ], "texture": "#mesh_palette" },
				"up": { "uv": [ 4.96, 0.96, 7.04, 3.04 ], "texture": "#mesh_palette" },
				"north": { "uv": [ 4.96, 0.96, 7.04, 3.04 ], "texture": "#mesh_palette" },
				"east": { "uv": [ 4.96, 0.96, 7.04, 3.04 ], "texture": "#mesh_palette" }
			}
		},
		{
			"__comment": "Voxels-AACAFF",
			"from": [ 8.5, 8, 7 ],
			"to": [ 9, 8.5, 7.5 ],
			"faces": {
				"down": { "uv": [ 0.96, 4.96, 3.04, 7.04 ], "texture": "#mesh_palette" },
				"up": { "uv": [ 0.96, 4.96, 3.04, 7.04 ], "texture": "#mesh_palette" }
			}
		},
		{
			"__comment": "Voxels-71A6FF",
			"from": [ 8.5, 8, 7.5 ],
			"to": [ 9, 8.5, 8 ],
			"faces": {
				"down": { "uv": [ 12.96, 4.96, 15.04, 7.04 ], "texture": "#mesh_palette" },
				"up": { "uv": [ 12.96, 4.96, 15.04, 7.04 ], "texture": "#mesh_palette" }
			}
		},
		{
			"__comment": "Voxels-71A6FF",
			"from": [ 8.5, 8, 8.5 ],
			"to": [ 9, 8.5, 9 ],
			"faces": {
				"down": { "uv": [ 12.96, 4.96, 15.04, 7.04 ], "texture": "#mesh_palette" },
				"up": { "uv": [ 12.96, 4.96, 15.04, 7.04 ], "texture": "#mesh_palette" }
			}
		},
		{
			"__comment": "Voxels-AACAFF",
			"from": [ 8.5, 8, 9 ],
			"to": [ 9, 8.5, 9.5 ],
			"faces": {
				"down": { "uv": [ 0.96, 4.96, 3.04, 7.04 ], "texture": "#mesh_palette" },
				"up": { "uv": [ 0.96, 4.96, 3.04, 7.04 ], "texture": "#mesh_palette" }
			}
		},
		{
			"__comment": "Voxels-FFFFFF",
			"from": [ 8.5, 8, 9.5 ],
			"to": [ 9, 8.5, 10 ],
			"faces": {
				"down": { "uv": [ 4.96, 0.96, 7.04, 3.04 ], "texture": "#mesh_palette" },
				"up": { "uv": [ 4.96, 0.96, 7.04, 3.04 ], "texture": "#mesh_palette" },
				"south": { "uv": [ 4.96, 0.96, 7.04, 3.04 ], "texture": "#mesh_palette" },
				"east": { "uv": [ 4.96, 0.96, 7.04, 3.04 ], "texture": "#mesh_palette" }
			}
		},
		{
			"__comment": "Voxels-FF55AA",
			"from": [ 8.5, 11, 7.5 ],
			"to": [ 9, 11.5, 8 ],
			"faces": {
				"down": { "uv": [ 8.96, 8.96, 11.04, 11.04 ], "texture": "#mesh_palette" },
				"north": { "uv": [ 8.96, 8.96, 11.04, 11.04 ], "texture": "#mesh_palette" },
				"east": { "uv": [ 8.96, 8.96, 11.04, 11.04 ], "texture": "#mesh_palette" }
			}
		},
		{
			"__comment": "Voxels-FF0000",
			"from": [ 8.5, 11, 8.5 ],
			"to": [ 9, 11.5, 9 ],
			"faces": {
				"down": { "uv": [ 8.96, 0.96, 11.04, 3.04 ], "texture": "#mesh_palette" },
				"south": { "uv": [ 8.96, 0.96, 11.04, 3.04 ], "texture": "#mesh_palette" },
				"east": { "uv": [ 8.96, 0.96, 11.04, 3.04 ], "texture": "#mesh_palette" }
			}
		},
		{
			"__comment": "Voxels-FF0080",
			"from": [ 8.5, 11.5, 7.5 ],
			"to": [ 9, 12, 8.5 ],
			"faces": {
				"down": { "uv": [ 12.96, 8.96, 15.04, 11.04 ], "texture": "#mesh_palette" },
				"up": { "uv": [ 12.96, 8.96, 15.04, 11.04 ], "texture": "#mesh_palette" },
				"west": { "uv": [ 12.96, 8.96, 15.04, 11.04 ], "texture": "#mesh_palette" }
			}
		},
		{
			"__comment": "Voxels-FF0000",
			"from": [ 8.5, 11.5, 9 ],
			"to": [ 9.5, 12, 9.5 ],
			"faces": {
				"down": { "uv": [ 8.96, 0.96, 11.04, 3.04 ], "texture": "#mesh_palette" },
				"up": { "uv": [ 8.96, 0.96, 11.04, 3.04 ], "texture": "#mesh_palette" },
				"north": { "uv": [ 8.96, 0.96, 11.04, 3.04 ], "texture": "#mesh_palette" },
				"south": { "uv": [ 8.96, 0.96, 11.04, 3.04 ], "texture": "#mesh_palette" },
				"east": { "uv": [ 8.96, 0.96, 11.04, 3.04 ], "texture": "#mesh_palette" }
			}
		},
		{
			"__comment": "Voxels-AACAFF",
			"from": [ 8.5, 12, 6.5 ],
			"to": [ 9.5, 12.5, 7 ],
			"faces": {
				"down": { "uv": [ 0.96, 4.96, 3.04, 7.04 ], "texture": "#mesh_palette" },
				"up": { "uv": [ 0.96, 4.96, 3.04, 7.04 ], "texture": "#mesh_palette" },
				"north": { "uv": [ 0.96, 4.96, 3.04, 7.04 ], "texture": "#mesh_palette" },
				"south": { "uv": [ 0.96, 4.96, 3.04, 7.04 ], "texture": "#mesh_palette" },
				"west": { "uv": [ 0.96, 4.96, 3.04, 7.04 ], "texture": "#mesh_palette" },
				"east": { "uv": [ 0.96, 4.96, 3.04, 7.04 ], "texture": "#mesh_palette" }
			}
		},
		{
			"__comment": "Voxels-FFFFFF",
			"from": [ 8.5, 12, 9.5 ],
			"to": [ 9, 12.5, 10 ],
			"faces": {
				"down": { "uv": [ 4.96, 0.96, 7.04, 3.04 ], "texture": "#mesh_palette" },
				"up": { "uv": [ 4.96, 0.96, 7.04, 3.04 ], "texture": "#mesh_palette" },
				"north": { "uv": [ 4.96, 0.96, 7.04, 3.04 ], "texture": "#mesh_palette" },
				"south": { "uv": [ 4.96, 0.96, 7.04, 3.04 ], "texture": "#mesh_palette" },
				"west": { "uv": [ 4.96, 0.96, 7.04, 3.04 ], "texture": "#mesh_palette" }
			}
		},
		{
			"__comment": "Voxels-FFFFFF",
			"from": [ 9, 8, 7 ],
			"to": [ 9.5, 8.5, 7.5 ],
			"faces": {
				"down": { "uv": [ 4.96, 0.96, 7.04, 3.04 ], "texture": "#mesh_palette" },
				"up": { "uv": [ 4.96, 0.96, 7.04, 3.04 ], "texture": "#mesh_palette" },
				"north": { "uv": [ 4.96, 0.96, 7.04, 3.04 ], "texture": "#mesh_palette" },
				"east": { "uv": [ 4.96, 0.96, 7.04, 3.04 ], "texture": "#mesh_palette" }
			}
		},
		{
			"__comment": "Voxels-AACAFF",
			"from": [ 9, 8, 7.5 ],
			"to": [ 9.5, 8.5, 8 ],
			"faces": {
				"down": { "uv": [ 0.96, 4.96, 3.04, 7.04 ], "texture": "#mesh_palette" },
				"up": { "uv": [ 0.96, 4.96, 3.04, 7.04 ], "texture": "#mesh_palette" }
			}
		},
		{
			"__comment": "Voxels-71A6FF",
			"from": [ 9, 8, 8 ],
			"to": [ 9.5, 8.5, 8.5 ],
			"faces": {
				"down": { "uv": [ 12.96, 4.96, 15.04, 7.04 ], "texture": "#mesh_palette" },
				"up": { "uv": [ 12.96, 4.96, 15.04, 7.04 ], "texture": "#mesh_palette" }
			}
		},
		{
			"__comment": "Voxels-AACAFF",
			"from": [ 9, 8, 8.5 ],
			"to": [ 9.5, 8.5, 9 ],
			"faces": {
				"down": { "uv": [ 0.96, 4.96, 3.04, 7.04 ], "texture": "#mesh_palette" },
				"up": { "uv": [ 0.96, 4.96, 3.04, 7.04 ], "texture": "#mesh_palette" }
			}
		},
		{
			"__comment": "Voxels-FFFFFF",
			"from": [ 9, 8, 9 ],
			"to": [ 9.5, 8.5, 9.5 ],
			"faces": {
				"down": { "uv": [ 4.96, 0.96, 7.04, 3.04 ], "texture": "#mesh_palette" },
				"up": { "uv": [ 4.96, 0.96, 7.04, 3.04 ], "texture": "#mesh_palette" },
				"south": { "uv": [ 4.96, 0.96, 7.04, 3.04 ], "texture": "#mesh_palette" },
				"east": { "uv": [ 4.96, 0.96, 7.04, 3.04 ], "texture": "#mesh_palette" }
			}
		},
		{
			"__comment": "Voxels-FF8E8E",
			"from": [ 9, 11, 8 ],
			"to": [ 9.5, 11.5, 8.5 ],
			"faces": {
				"down": { "uv": [ 12.96, 0.96, 15.04, 3.04 ], "texture": "#mesh_palette" },
				"north": { "uv": [ 12.96, 0.96, 15.04, 3.04 ], "texture": "#mesh_palette" },
				"south": { "uv": [ 12.96, 0.96, 15.04, 3.04 ], "texture": "#mesh_palette" },
				"east": { "uv": [ 12.96, 0.96, 15.04, 3.04 ], "texture": "#mesh_palette" }
			}
		},
		{
			"__comment": "Voxels-FF0080",
			"from": [ 9, 11.5, 7 ],
			"to": [ 9.5, 12, 7.5 ],
			"faces": {
				"down": { "uv": [ 12.96, 8.96, 15.04, 11.04 ], "texture": "#mesh_palette" },
				"up": { "uv": [ 12.96, 8.96, 15.04, 11.04 ], "texture": "#mesh_palette" },
				"north": { "uv": [ 12.96, 8.96, 15.04, 11.04 ], "texture": "#mesh_palette" },
				"east": { "uv": [ 12.96, 8.96, 15.04, 11.04 ], "texture": "#mesh_palette" }
			}
		},
		{
			"__comment": "Voxels-FF0000",
			"from": [ 9, 11.5, 7.5 ],
			"to": [ 9.5, 12, 9 ],
			"faces": {
				"down": { "uv": [ 8.96, 0.96, 11.04, 3.04 ], "texture": "#mesh_palette" },
				"up": { "uv": [ 8.96, 0.96, 11.04, 3.04 ], "texture": "#mesh_palette" },
				"west": { "uv": [ 8.96, 0.96, 11.04, 3.04 ], "texture": "#mesh_palette" },
				"east": { "uv": [ 8.96, 0.96, 11.04, 3.04 ], "texture": "#mesh_palette" }
			}
		},
		{
			"__comment": "Voxels-AACAFF",
			"from": [ 9, 12, 9.5 ],
			"to": [ 9.5, 12.5, 10 ],
			"faces": {
				"down": { "uv": [ 0.96, 4.96, 3.04, 7.04 ], "texture": "#mesh_palette" },
				"up": { "uv": [ 0.96, 4.96, 3.04, 7.04 ], "texture": "#mesh_palette" },
				"north": { "uv": [ 0.96, 4.96, 3.04, 7.04 ], "texture": "#mesh_palette" },
				"south": { "uv": [ 0.96, 4.96, 3.04, 7.04 ], "texture": "#mesh_palette" },
				"east": { "uv": [ 0.96, 4.96, 3.04, 7.04 ], "texture": "#mesh_palette" }
			}
		},
		{
			"__comment": "Voxels-FFFFFF",
			"from": [ 9.5, 8, 7.5 ],
			"to": [ 10, 8.5, 8 ],
			"faces": {
				"down": { "uv": [ 4.96, 0.96, 7.04, 3.04 ], "texture": "#mesh_palette" },
				"up": { "uv": [ 4.96, 0.96, 7.04, 3.04 ], "texture": "#mesh_palette" },
				"north": { "uv": [ 4.96, 0.96, 7.04, 3.04 ], "texture": "#mesh_palette" },
				"east": { "uv": [ 4.96, 0.96, 7.04, 3.04 ], "texture": "#mesh_palette" }
			}
		},
		{
			"__comment": "Voxels-AACAFF",
			"from": [ 9.5, 8, 8 ],
			"to": [ 10, 8.5, 8.5 ],
			"faces": {
				"down": { "uv": [ 0.96, 4.96, 3.04, 7.04 ], "texture": "#mesh_palette" },
				"up": { "uv": [ 0.96, 4.96, 3.04, 7.04 ], "texture": "#mesh_palette" },
				"east": { "uv": [ 0.96, 4.96, 3.04, 7.04 ], "texture": "#mesh_palette" }
			}
		},
		{
			"__comment": "Voxels-FFFFFF",
			"from": [ 9.5, 8, 8.5 ],
			"to": [ 10, 8.5, 9 ],
			"faces": {
				"down": { "uv": [ 4.96, 0.96, 7.04, 3.04 ], "texture": "#mesh_palette" },
				"up": { "uv": [ 4.96, 0.96, 7.04, 3.04 ], "texture": "#mesh_palette" },
				"south": { "uv": [ 4.96, 0.96, 7.04, 3.04 ], "texture": "#mesh_palette" },
				"east": { "uv": [ 4.96, 0.96, 7.04, 3.04 ], "texture": "#mesh_palette" }
			}
		},
		{
			"__comment": "Voxels-FF0000",
			"from": [ 9.5, 11.5, 8 ],
			"to": [ 10, 12, 8.5 ],
			"faces": {
				"down": { "uv": [ 8.96, 0.96, 11.04, 3.04 ], "texture": "#mesh_palette" },
				"up": { "uv": [ 8.96, 0.96, 11.04, 3.04 ], "texture": "#mesh_palette" },
				"north": { "uv": [ 8.96, 0.96, 11.04, 3.04 ], "texture": "#mesh_palette" },
				"south": { "uv": [ 8.96, 0.96, 11.04, 3.04 ], "texture": "#mesh_palette" },
				"east": { "uv": [ 8.96, 0.96, 11.04, 3.04 ], "texture": "#mesh_palette" }
			}
		},
		{
			"__comment": "Voxels-AACAFF",
			"from": [ 9.5, 12, 7 ],
			"to": [ 10, 12.5, 7.5 ],
			"faces": {
				"down": { "uv": [ 0.96, 4.96, 3.04, 7.04 ], "texture": "#mesh_palette" },
				"up": { "uv": [ 0.96, 4.96, 3.04, 7.04 ], "texture": "#mesh_palette" },
				"north": { "uv": [ 0.96, 4.96, 3.04, 7.04 ], "texture": "#mesh_palette" },
				"west": { "uv": [ 0.96, 4.96, 3.04, 7.04 ], "texture": "#mesh_palette" },
				"east": { "uv": [ 0.96, 4.96, 3.04, 7.04 ], "texture": "#mesh_palette" }
			}
		},
		{
			"__comment": "Voxels-FFFFFF",
			"from": [ 9.5, 12, 7.5 ],
			"to": [ 10, 12.5, 8 ],
			"faces": {
				"down": { "uv": [ 4.96, 0.96, 7.04, 3.04 ], "texture": "#mesh_palette" },
				"up": { "uv": [ 4.96, 0.96, 7.04, 3.04 ], "texture": "#mesh_palette" },
				"south": { "uv": [ 4.96, 0.96, 7.04, 3.04 ], "texture": "#mesh_palette" },
				"west": { "uv": [ 4.96, 0.96, 7.04, 3.04 ], "texture": "#mesh_palette" },
				"east": { "uv": [ 4.96, 0.96, 7.04, 3.04 ], "texture": "#mesh_palette" }
			}
		},
		{
			"__comment": "Voxels-FFFFFF",
			"from": [ 9.5, 12, 8.5 ],
			"to": [ 10, 12.5, 9 ],
			"faces": {
				"down": { "uv": [ 4.96, 0.96, 7.04, 3.04 ], "texture": "#mesh_palette" },
				"up": { "uv": [ 4.96, 0.96, 7.04, 3.04 ], "texture": "#mesh_palette" },
				"north": { "uv": [ 4.96, 0.96, 7.04, 3.04 ], "texture": "#mesh_palette" },
				"west": { "uv": [ 4.96, 0.96, 7.04, 3.04 ], "texture": "#mesh_palette" },
				"east": { "uv": [ 4.96, 0.96, 7.04, 3.04 ], "texture": "#mesh_palette" }
			}
		},
		{
			"__comment": "Voxels-AACAFF",
			"from": [ 9.5, 12, 9 ],
			"to": [ 10, 12.5, 9.5 ],
			"faces": {
				"down": { "uv": [ 0.96, 4.96, 3.04, 7.04 ], "texture": "#mesh_palette" },
				"up": { "uv": [ 0.96, 4.96, 3.04, 7.04 ], "texture": "#mesh_palette" },
				"south": { "uv": [ 0.96, 4.96, 3.04, 7.04 ], "texture": "#mesh_palette" },
				"west": { "uv": [ 0.96, 4.96, 3.04, 7.04 ], "texture": "#mesh_palette" },
				"east": { "uv": [ 0.96, 4.96, 3.04, 7.04 ], "texture": "#mesh_palette" }
			}
		},
		{
			"__comment": "Voxels-FFFFFF",
			"from": [ 10, 12, 8 ],
			"to": [ 10.5, 12.5, 8.5 ],
			"faces": {
				"down": { "uv": [ 4.96, 0.96, 7.04, 3.04 ], "texture": "#mesh_palette" },
				"up": { "uv": [ 4.96, 0.96, 7.04, 3.04 ], "texture": "#mesh_palette" },
				"north": { "uv": [ 4.96, 0.96, 7.04, 3.04 ], "texture": "#mesh_palette" },
				"south": { "uv": [ 4.96, 0.96, 7.04, 3.04 ], "texture": "#mesh_palette" },
				"west": { "uv": [ 4.96, 0.96, 7.04, 3.04 ], "texture": "#mesh_palette" },
				"east": { "uv": [ 4.96, 0.96, 7.04, 3.04 ], "texture": "#mesh_palette" }
			}
		}
	],
	"display": {
		"thirdperson_righthand": {
			"rotation":  [ 41, -6, 0 ]
		},
		"thirdperson_lefthand": {
			"rotation":  [ 41, -6, 0 ]
		},
		"gui": {
			"rotation":  [ 30, 225, 0 ],
			"translation":  [ 0, -3.478, 0 ],
			"scale":  [ 1.3, 1.3, 1.3 ]
		},
		"head": {
			"translation":  [ 0, -45.91, 0 ],
			"scale":  [ 1.6, 1.6, 1.6 ]
		},
		"ground": {
			"translation":  [ 0, 2, 0 ]
		},
		"fixed": {
			"translation":  [ 0, -2.782, 0 ],
			"scale":  [ 1.3, 1.3, 1.3 ]
		}
	}
}