{
	"__comment": "Designed by Monsterfish_ with Cubik Studio - https://cubik.studio",
	"textures": {
		"particle": "blocks/hook",
		"mesh_palette": "blocks/hook"
	},
	"elements": [ 	 
		{
			"__comment": "Voxels-2C2C2C",
			"from": [ 5.5, -4, 6 ],
			"to": [ 6, -3.5, 10.5 ],
			"faces": {
				"down": { "uv": [ 4.96, 0.96, 7.04, 3.04 ], "texture": "#mesh_palette", "cullface": "down" },
				"north": { "uv": [ 4.96, 0.96, 7.04, 3.04 ], "texture": "#mesh_palette", "cullface": "down" },
				"south": { "uv": [ 4.96, 0.96, 7.04, 3.04 ], "texture": "#mesh_palette", "cullface": "down" },
				"west": { "uv": [ 4.96, 0.96, 7.04, 3.04 ], "texture": "#mesh_palette", "cullface": "down" },
				"east": { "uv": [ 4.96, 0.96, 7.04, 3.04 ], "texture": "#mesh_palette", "cullface": "down" }
			}
		},
		{
			"__comment": "Voxels-0F0F0F",
			"from": [ 5.5, -3.5, 6 ],
			"to": [ 11, -3, 10.5 ],
			"faces": {
				"down": { "uv": [ 8.96, 0.96, 11.04, 3.04 ], "texture": "#mesh_palette", "cullface": "down" },
				"up": { "uv": [ 8.96, 0.96, 11.04, 3.04 ], "texture": "#mesh_palette", "cullface": "down" },
				"north": { "uv": [ 8.96, 0.96, 11.04, 3.04 ], "texture": "#mesh_palette", "cullface": "down" },
				"south": { "uv": [ 8.96, 0.96, 11.04, 3.04 ], "texture": "#mesh_palette", "cullface": "down" },
				"west": { "uv": [ 8.96, 0.96, 11.04, 3.04 ], "texture": "#mesh_palette", "cullface": "down" },
				"east": { "uv": [ 8.96, 0.96, 11.04, 3.04 ], "texture": "#mesh_palette", "cullface": "down" }
			}
		},
		{
			"__comment": "Voxels-1D1D1D",
			"from": [ 5.5, -3, 6 ],
			"to": [ 11, -2.5, 6.5 ],
			"faces": {
				"up": { "uv": [ 12.96, 0.96, 15.04, 3.04 ], "texture": "#mesh_palette", "cullface": "down" },
				"north": { "uv": [ 12.96, 0.96, 15.04, 3.04 ], "texture": "#mesh_palette", "cullface": "down" },
				"south": { "uv": [ 12.96, 0.96, 15.04, 3.04 ], "texture": "#mesh_palette", "cullface": "down" },
				"west": { "uv": [ 12.96, 0.96, 15.04, 3.04 ], "texture": "#mesh_palette", "cullface": "down" },
				"east": { "uv": [ 12.96, 0.96, 15.04, 3.04 ], "texture": "#mesh_palette", "cullface": "down" }
			}
		},
		{
			"__comment": "Voxels-1D1D1D",
			"from": [ 5.5, -3, 6.5 ],
			"to": [ 6.5, -2.5, 8 ],
			"faces": {
				"up": { "uv": [ 12.96, 0.96, 15.04, 3.04 ], "texture": "#mesh_palette", "cullface": "down" },
				"south": { "uv": [ 12.96, 0.96, 15.04, 3.04 ], "texture": "#mesh_palette", "cullface": "down" },
				"west": { "uv": [ 12.96, 0.96, 15.04, 3.04 ], "texture": "#mesh_palette", "cullface": "down" },
				"east": { "uv": [ 12.96, 0.96, 15.04, 3.04 ], "texture": "#mesh_palette", "cullface": "down" }
			}
		},
		{
			"__comment": "Voxels-1D1D1D",
			"from": [ 5.5, -3, 8 ],
			"to": [ 6, -2.5, 10.5 ],
			"faces": {
				"south": { "uv": [ 12.96, 0.96, 15.04, 3.04 ], "texture": "#mesh_palette", "cullface": "down" },
				"west": { "uv": [ 12.96, 0.96, 15.04, 3.04 ], "texture": "#mesh_palette", "cullface": "down" },
				"east": { "uv": [ 12.96, 0.96, 15.04, 3.04 ], "texture": "#mesh_palette", "cullface": "down" }
			}
		},
		{
			"__comment": "Voxels-2C2C2C",
			"from": [ 5.5, -2.5, 6 ],
			"to": [ 6, -1, 7.5 ],
			"faces": {
				"down": { "uv": [ 4.96, 0.96, 7.04, 3.04 ], "texture": "#mesh_palette", "cullface": "down" },
				"up": { "uv": [ 4.96, 0.96, 7.04, 3.04 ], "texture": "#mesh_palette", "cullface": "down" },
				"north": { "uv": [ 4.96, 0.96, 7.04, 3.04 ], "texture": "#mesh_palette", "cullface": "down" },
				"south": { "uv": [ 4.96, 0.96, 7.04, 3.04 ], "texture": "#mesh_palette", "cullface": "down" },
				"west": { "uv": [ 4.96, 0.96, 7.04, 3.04 ], "texture": "#mesh_palette", "cullface": "down" },
				"east": { "uv": [ 4.96, 0.96, 7.04, 3.04 ], "texture": "#mesh_palette", "cullface": "down" }
			}
		},
		{
			"__comment": "Voxels-2C2C2C",
			"from": [ 5.5, -2.5, 7.5 ],
			"to": [ 6, -1.5, 10.5 ],
			"faces": {
				"down": { "uv": [ 4.96, 0.96, 7.04, 3.04 ], "texture": "#mesh_palette", "cullface": "down" },
				"up": { "uv": [ 4.96, 0.96, 7.04, 3.04 ], "texture": "#mesh_palette", "cullface": "down" },
				"south": { "uv": [ 4.96, 0.96, 7.04, 3.04 ], "texture": "#mesh_palette", "cullface": "down" },
				"west": { "uv": [ 4.96, 0.96, 7.04, 3.04 ], "texture": "#mesh_palette", "cullface": "down" },
				"east": { "uv": [ 4.96, 0.96, 7.04, 3.04 ], "texture": "#mesh_palette", "cullface": "down" }
			}
		},
		{
			"__comment": "Voxels-3D3D3D",
			"from": [ 5.5, -1.5, 7.5 ],
			"to": [ 11, -1, 9 ],
			"faces": {
				"down": { "uv": [ 0.96, 4.96, 3.04, 7.04 ], "texture": "#mesh_palette", "cullface": "down" },
				"up": { "uv": [ 0.96, 4.96, 3.04, 7.04 ], "texture": "#mesh_palette", "cullface": "down" },
				"north": { "uv": [ 0.96, 4.96, 3.04, 7.04 ], "texture": "#mesh_palette", "cullface": "down" },
				"south": { "uv": [ 0.96, 4.96, 3.04, 7.04 ], "texture": "#mesh_palette", "cullface": "down" },
				"west": { "uv": [ 0.96, 4.96, 3.04, 7.04 ], "texture": "#mesh_palette", "cullface": "down" },
				"east": { "uv": [ 0.96, 4.96, 3.04, 7.04 ], "texture": "#mesh_palette", "cullface": "down" }
			}
		},
		{
			"__comment": "Voxels-3D3D3D",
			"from": [ 5.5, -1.5, 9 ],
			"to": [ 6.5, 0.5, 9.5 ],
			"faces": {
				"down": { "uv": [ 0.96, 4.96, 3.04, 7.04 ], "texture": "#mesh_palette", "cullface": "down" },
				"up": { "uv": [ 0.96, 4.96, 3.04, 7.04 ], "texture": "#mesh_palette", "cullface": "down" },
				"north": { "uv": [ 0.96, 4.96, 3.04, 7.04 ], "texture": "#mesh_palette", "cullface": "down" },
				"south": { "uv": [ 0.96, 4.96, 3.04, 7.04 ], "texture": "#mesh_palette", "cullface": "down" },
				"west": { "uv": [ 0.96, 4.96, 3.04, 7.04 ], "texture": "#mesh_palette", "cullface": "down" },
				"east": { "uv": [ 0.96, 4.96, 3.04, 7.04 ], "texture": "#mesh_palette", "cullface": "down" }
			}
		},
		{
			"__comment": "Voxels-2C2C2C",
			"from": [ 5.5, -1.5, 9.5 ],
			"to": [ 6, -1, 10 ],
			"faces": {
				"west": { "uv": [ 4.96, 0.96, 7.04, 3.04 ], "texture": "#mesh_palette", "cullface": "down" }
			}
		},
		{
			"__comment": "Voxels-3D3D3D",
			"from": [ 5.5, -1.5, 10 ],
			"to": [ 10.5, -0.5, 10.5 ],
			"faces": {
				"down": { "uv": [ 0.96, 4.96, 3.04, 7.04 ], "texture": "#mesh_palette", "cullface": "down" },
				"up": { "uv": [ 0.96, 4.96, 3.04, 7.04 ], "texture": "#mesh_palette", "cullface": "down" },
				"north": { "uv": [ 0.96, 4.96, 3.04, 7.04 ], "texture": "#mesh_palette", "cullface": "down" },
				"south": { "uv": [ 0.96, 4.96, 3.04, 7.04 ], "texture": "#mesh_palette", "cullface": "down" },
				"west": { "uv": [ 0.96, 4.96, 3.04, 7.04 ], "texture": "#mesh_palette", "cullface": "down" },
				"east": { "uv": [ 0.96, 4.96, 3.04, 7.04 ], "texture": "#mesh_palette", "cullface": "down" }
			}
		},
		{
			"__comment": "Voxels-3D3D3D",
			"from": [ 5.5, -1, 6 ],
			"to": [ 10.5, 0.5, 7 ],
			"faces": {
				"down": { "uv": [ 0.96, 4.96, 3.04, 7.04 ], "texture": "#mesh_palette", "cullface": "down" },
				"up": { "uv": [ 0.96, 4.96, 3.04, 7.04 ], "texture": "#mesh_palette", "cullface": "down" },
				"north": { "uv": [ 0.96, 4.96, 3.04, 7.04 ], "texture": "#mesh_palette", "cullface": "down" },
				"south": { "uv": [ 0.96, 4.96, 3.04, 7.04 ], "texture": "#mesh_palette", "cullface": "down" },
				"west": { "uv": [ 0.96, 4.96, 3.04, 7.04 ], "texture": "#mesh_palette", "cullface": "down" },
				"east": { "uv": [ 0.96, 4.96, 3.04, 7.04 ], "texture": "#mesh_palette", "cullface": "down" }
			}
		},
		{
			"__comment": "Voxels-2C2C2C",
			"from": [ 5.5, -1, 7 ],
			"to": [ 6, -0.5, 8 ],
			"faces": {
				"down": { "uv": [ 4.96, 0.96, 7.04, 3.04 ], "texture": "#mesh_palette", "cullface": "down" },
				"west": { "uv": [ 4.96, 0.96, 7.04, 3.04 ], "texture": "#mesh_palette", "cullface": "down" }
			}
		},
		{
			"__comment": "Voxels-3D3D3D",
			"from": [ 5.5, -1, 8 ],
			"to": [ 6.5, 1, 8.5 ],
			"faces": {
				"up": { "uv": [ 0.96, 4.96, 3.04, 7.04 ], "texture": "#mesh_palette", "cullface": "down" },
				"north": { "uv": [ 0.96, 4.96, 3.04, 7.04 ], "texture": "#mesh_palette", "cullface": "down" },
				"south": { "uv": [ 0.96, 4.96, 3.04, 7.04 ], "texture": "#mesh_palette", "cullface": "down" },
				"west": { "uv": [ 0.96, 4.96, 3.04, 7.04 ], "texture": "#mesh_palette", "cullface": "down" },
				"east": { "uv": [ 0.96, 4.96, 3.04, 7.04 ], "texture": "#mesh_palette", "cullface": "down" }
			}
		},
		{
			"__comment": "Voxels-3D3D3D",
			"from": [ 5.5, -1, 8.5 ],
			"to": [ 6.5, 0.5, 9 ],
			"faces": {
				"up": { "uv": [ 0.96, 4.96, 3.04, 7.04 ], "texture": "#mesh_palette", "cullface": "down" },
				"west": { "uv": [ 0.96, 4.96, 3.04, 7.04 ], "texture": "#mesh_palette", "cullface": "down" },
				"east": { "uv": [ 0.96, 4.96, 3.04, 7.04 ], "texture": "#mesh_palette", "cullface": "down" }
			}
		},
		{
			"__comment": "Voxels-3D3D3D",
			"from": [ 5.5, -1, 9.5 ],
			"to": [ 11, -0.5, 10 ],
			"faces": {
				"down": { "uv": [ 0.96, 4.96, 3.04, 7.04 ], "texture": "#mesh_palette", "cullface": "down" },
				"up": { "uv": [ 0.96, 4.96, 3.04, 7.04 ], "texture": "#mesh_palette", "cullface": "down" },
				"north": { "uv": [ 0.96, 4.96, 3.04, 7.04 ], "texture": "#mesh_palette", "cullface": "down" },
				"south": { "uv": [ 0.96, 4.96, 3.04, 7.04 ], "texture": "#mesh_palette", "cullface": "down" },
				"west": { "uv": [ 0.96, 4.96, 3.04, 7.04 ], "texture": "#mesh_palette", "cullface": "down" },
				"east": { "uv": [ 0.96, 4.96, 3.04, 7.04 ], "texture": "#mesh_palette", "cullface": "down" }
			}
		},
		{
			"__comment": "Voxels-3D3D3D",
			"from": [ 5.5, -0.5, 7 ],
			"to": [ 6.5, 1, 8 ],
			"faces": {
				"down": { "uv": [ 0.96, 4.96, 3.04, 7.04 ], "texture": "#mesh_palette", "cullface": "down" },
				"up": { "uv": [ 0.96, 4.96, 3.04, 7.04 ], "texture": "#mesh_palette", "cullface": "down" },
				"north": { "uv": [ 0.96, 4.96, 3.04, 7.04 ], "texture": "#mesh_palette", "cullface": "down" },
				"west": { "uv": [ 0.96, 4.96, 3.04, 7.04 ], "texture": "#mesh_palette", "cullface": "down" },
				"east": { "uv": [ 0.96, 4.96, 3.04, 7.04 ], "texture": "#mesh_palette", "cullface": "down" }
			}
		},
		{
			"__comment": "Voxels-89694D",
			"from": [ 5.5, -0.5, 9.5 ],
			"to": [ 6, 0.5, 10 ],
			"faces": {
				"south": { "uv": [ 8.96, 4.96, 11.04, 7.04 ], "texture": "#mesh_palette", "cullface": "down" },
				"west": { "uv": [ 8.96, 4.96, 11.04, 7.04 ], "texture": "#mesh_palette", "cullface": "down" }
			}
		},
		{
			"__comment": "Voxels-89694D",
			"from": [ 5.5, -0.5, 10 ],
			"to": [ 6, 0, 10.5 ],
			"faces": {
				"south": { "uv": [ 8.96, 4.96, 11.04, 7.04 ], "texture": "#mesh_palette", "cullface": "down" },
				"west": { "uv": [ 8.96, 4.96, 11.04, 7.04 ], "texture": "#mesh_palette", "cullface": "down" }
			}
		},
		{
			"__comment": "Voxels-B87E44",
			"from": [ 5.5, 0, 10 ],
			"to": [ 10.5, 0.5, 10.5 ],
			"faces": {
				"down": { "uv": [ 0.96, 12.96, 3.04, 15.04 ], "texture": "#mesh_palette", "cullface": "down" },
				"up": { "uv": [ 0.96, 12.96, 3.04, 15.04 ], "texture": "#mesh_palette" },
				"north": { "uv": [ 0.96, 12.96, 3.04, 15.04 ], "texture": "#mesh_palette" },
				"south": { "uv": [ 0.96, 12.96, 3.04, 15.04 ], "texture": "#mesh_palette" },
				"west": { "uv": [ 0.96, 12.96, 3.04, 15.04 ], "texture": "#mesh_palette" }
			}
		},
		{
			"__comment": "Voxels-3D3D3D",
			"from": [ 5.5, 0.5, 6.5 ],
			"to": [ 6, 1, 7 ],
			"faces": {
				"up": { "uv": [ 0.96, 4.96, 3.04, 7.04 ], "texture": "#mesh_palette" },
				"north": { "uv": [ 0.96, 4.96, 3.04, 7.04 ], "texture": "#mesh_palette" },
				"west": { "uv": [ 0.96, 4.96, 3.04, 7.04 ], "texture": "#mesh_palette" }
			}
		},
		{
			"__comment": "Voxels-89694D",
			"from": [ 5.5, 0.5, 8.5 ],
			"to": [ 6, 1, 9.5 ],
			"faces": {
				"down": { "uv": [ 8.96, 4.96, 11.04, 7.04 ], "texture": "#mesh_palette" },
				"up": { "uv": [ 8.96, 4.96, 11.04, 7.04 ], "texture": "#mesh_palette" },
				"west": { "uv": [ 8.96, 4.96, 11.04, 7.04 ], "texture": "#mesh_palette" },
				"east": { "uv": [ 8.96, 4.96, 11.04, 7.04 ], "texture": "#mesh_palette" }
			}
		},
		{
			"__comment": "Voxels-B87E44",
			"from": [ 5.5, 0.5, 9.5 ],
			"to": [ 10.5, 1, 10 ],
			"faces": {
				"down": { "uv": [ 0.96, 12.96, 3.04, 15.04 ], "texture": "#mesh_palette" },
				"up": { "uv": [ 0.96, 12.96, 3.04, 15.04 ], "texture": "#mesh_palette" },
				"north": { "uv": [ 0.96, 12.96, 3.04, 15.04 ], "texture": "#mesh_palette" },
				"south": { "uv": [ 0.96, 12.96, 3.04, 15.04 ], "texture": "#mesh_palette" },
				"west": { "uv": [ 0.96, 12.96, 3.04, 15.04 ], "texture": "#mesh_palette" }
			}
		},
		{
			"__comment": "Voxels-2C2C2C",
			"from": [ 6, -4, 5.5 ],
			"to": [ 10.5, -3.5, 6 ],
			"faces": {
				"down": { "uv": [ 4.96, 0.96, 7.04, 3.04 ], "texture": "#mesh_palette", "cullface": "down" },
				"north": { "uv": [ 4.96, 0.96, 7.04, 3.04 ], "texture": "#mesh_palette", "cullface": "down" },
				"west": { "uv": [ 4.96, 0.96, 7.04, 3.04 ], "texture": "#mesh_palette", "cullface": "down" },
				"east": { "uv": [ 4.96, 0.96, 7.04, 3.04 ], "texture": "#mesh_palette", "cullface": "down" }
			}
		},
		{
			"__comment": "Voxels-0F0F0F",
			"from": [ 6, -4, 6 ],
			"to": [ 10.5, -3.5, 6.5 ],
			"faces": {
				"down": { "uv": [ 8.96, 0.96, 11.04, 3.04 ], "texture": "#mesh_palette", "cullface": "down" },
				"south": { "uv": [ 8.96, 0.96, 11.04, 3.04 ], "texture": "#mesh_palette", "cullface": "down" }
			}
		},
		{
			"__comment": "Voxels-0F0F0F",
			"from": [ 6, -4, 6.5 ],
			"to": [ 6.5, -3.5, 10.5 ],
			"faces": {
				"down": { "uv": [ 8.96, 0.96, 11.04, 3.04 ], "texture": "#mesh_palette", "cullface": "down" },
				"east": { "uv": [ 8.96, 0.96, 11.04, 3.04 ], "texture": "#mesh_palette", "cullface": "down" }
			}
		},
		{
			"__comment": "Voxels-2C2C2C",
			"from": [ 6, -4, 10.5 ],
			"to": [ 10.5, -3.5, 11 ],
			"faces": {
				"down": { "uv": [ 4.96, 0.96, 7.04, 3.04 ], "texture": "#mesh_palette", "cullface": "down" },
				"north": { "uv": [ 4.96, 0.96, 7.04, 3.04 ], "texture": "#mesh_palette", "cullface": "down" },
				"south": { "uv": [ 4.96, 0.96, 7.04, 3.04 ], "texture": "#mesh_palette", "cullface": "down" },
				"west": { "uv": [ 4.96, 0.96, 7.04, 3.04 ], "texture": "#mesh_palette", "cullface": "down" },
				"east": { "uv": [ 4.96, 0.96, 7.04, 3.04 ], "texture": "#mesh_palette", "cullface": "down" }
			}
		},
		{
			"__comment": "Voxels-0F0F0F",
			"from": [ 6, -3.5, 5.5 ],
			"to": [ 10.5, -3, 6 ],
			"faces": {
				"north": { "uv": [ 8.96, 0.96, 11.04, 3.04 ], "texture": "#mesh_palette", "cullface": "down" },
				"west": { "uv": [ 8.96, 0.96, 11.04, 3.04 ], "texture": "#mesh_palette", "cullface": "down" },
				"east": { "uv": [ 8.96, 0.96, 11.04, 3.04 ], "texture": "#mesh_palette", "cullface": "down" }
			}
		},
		{
			"__comment": "Voxels-0F0F0F",
			"from": [ 6, -3.5, 10.5 ],
			"to": [ 10.5, -3, 11 ],
			"faces": {
				"south": { "uv": [ 8.96, 0.96, 11.04, 3.04 ], "texture": "#mesh_palette", "cullface": "down" },
				"west": { "uv": [ 8.96, 0.96, 11.04, 3.04 ], "texture": "#mesh_palette", "cullface": "down" },
				"east": { "uv": [ 8.96, 0.96, 11.04, 3.04 ], "texture": "#mesh_palette", "cullface": "down" }
			}
		},
		{
			"__comment": "Voxels-1D1D1D",
			"from": [ 6, -3, 5.5 ],
			"to": [ 10.5, -2.5, 6 ],
			"faces": {
				"north": { "uv": [ 12.96, 0.96, 15.04, 3.04 ], "texture": "#mesh_palette", "cullface": "down" },
				"west": { "uv": [ 12.96, 0.96, 15.04, 3.04 ], "texture": "#mesh_palette", "cullface": "down" },
				"east": { "uv": [ 12.96, 0.96, 15.04, 3.04 ], "texture": "#mesh_palette", "cullface": "down" }
			}
		},
		{
			"__comment": "Voxels-1D1D1D",
			"from": [ 6, -3, 8.5 ],
			"to": [ 6.5, -2.5, 9.5 ],
			"faces": {
				"east": { "uv": [ 12.96, 0.96, 15.04, 3.04 ], "texture": "#mesh_palette", "cullface": "down" }
			}
		},
		{
			"__comment": "Voxels-1D1D1D",
			"from": [ 6, -3, 10 ],
			"to": [ 11, -2.5, 10.5 ],
			"faces": {
				"up": { "uv": [ 12.96, 0.96, 15.04, 3.04 ], "texture": "#mesh_palette", "cullface": "down" },
				"north": { "uv": [ 12.96, 0.96, 15.04, 3.04 ], "texture": "#mesh_palette", "cullface": "down" },
				"south": { "uv": [ 12.96, 0.96, 15.04, 3.04 ], "texture": "#mesh_palette", "cullface": "down" },
				"east": { "uv": [ 12.96, 0.96, 15.04, 3.04 ], "texture": "#mesh_palette", "cullface": "down" }
			}
		},
		{
			"__comment": "Voxels-1D1D1D",
			"from": [ 6, -3, 10.5 ],
			"to": [ 10.5, -2.5, 11 ],
			"faces": {
				"south": { "uv": [ 12.96, 0.96, 15.04, 3.04 ], "texture": "#mesh_palette", "cullface": "down" },
				"west": { "uv": [ 12.96, 0.96, 15.04, 3.04 ], "texture": "#mesh_palette", "cullface": "down" },
				"east": { "uv": [ 12.96, 0.96, 15.04, 3.04 ], "texture": "#mesh_palette", "cullface": "down" }
			}
		},
		{
			"__comment": "Voxels-2C2C2C",
			"from": [ 6, -2.5, 5.5 ],
			"to": [ 10.5, -1.5, 6 ],
			"faces": {
				"up": { "uv": [ 4.96, 0.96, 7.04, 3.04 ], "texture": "#mesh_palette", "cullface": "down" },
				"north": { "uv": [ 4.96, 0.96, 7.04, 3.04 ], "texture": "#mesh_palette", "cullface": "down" },
				"west": { "uv": [ 4.96, 0.96, 7.04, 3.04 ], "texture": "#mesh_palette", "cullface": "down" },
				"east": { "uv": [ 4.96, 0.96, 7.04, 3.04 ], "texture": "#mesh_palette", "cullface": "down" }
			}
		},
		{
			"__comment": "Voxels-3D3D3D",
			"from": [ 6, -2.5, 6 ],
			"to": [ 10.5, -1, 6.5 ],
			"faces": {
				"north": { "uv": [ 0.96, 4.96, 3.04, 7.04 ], "texture": "#mesh_palette", "cullface": "down" },
				"south": { "uv": [ 0.96, 4.96, 3.04, 7.04 ], "texture": "#mesh_palette", "cullface": "down" }
			}
		},
		{
			"__comment": "Voxels-3D3D3D",
			"from": [ 6, -2.5, 6.5 ],
			"to": [ 6.5, -1, 7.5 ],
			"faces": {
				"up": { "uv": [ 0.96, 4.96, 3.04, 7.04 ], "texture": "#mesh_palette", "cullface": "down" },
				"south": { "uv": [ 0.96, 4.96, 3.04, 7.04 ], "texture": "#mesh_palette", "cullface": "down" }
			}
		},
		{
			"__comment": "Voxels-3D3D3D",
			"from": [ 6, -2.5, 7.5 ],
			"to": [ 10.5, -2, 8 ],
			"faces": {
				"down": { "uv": [ 0.96, 4.96, 3.04, 7.04 ], "texture": "#mesh_palette", "cullface": "down" },
				"up": { "uv": [ 0.96, 4.96, 3.04, 7.04 ], "texture": "#mesh_palette", "cullface": "down" },
				"north": { "uv": [ 0.96, 4.96, 3.04, 7.04 ], "texture": "#mesh_palette", "cullface": "down" },
				"south": { "uv": [ 0.96, 4.96, 3.04, 7.04 ], "texture": "#mesh_palette", "cullface": "down" }
			}
		},
		{
			"__comment": "Voxels-3D3D3D",
			"from": [ 6, -2.5, 8.5 ],
			"to": [ 10.5, -2, 9.5 ],
			"faces": {
				"down": { "uv": [ 0.96, 4.96, 3.04, 7.04 ], "texture": "#mesh_palette", "cullface": "down" },
				"up": { "uv": [ 0.96, 4.96, 3.04, 7.04 ], "texture": "#mesh_palette", "cullface": "down" },
				"north": { "uv": [ 0.96, 4.96, 3.04, 7.04 ], "texture": "#mesh_palette", "cullface": "down" },
				"south": { "uv": [ 0.96, 4.96, 3.04, 7.04 ], "texture": "#mesh_palette", "cullface": "down" }
			}
		},
		{
			"__comment": "Voxels-3D3D3D",
			"from": [ 6, -2.5, 10 ],
			"to": [ 10.5, -1.5, 10.5 ],
			"faces": {
				"north": { "uv": [ 0.96, 4.96, 3.04, 7.04 ], "texture": "#mesh_palette", "cullface": "down" },
				"south": { "uv": [ 0.96, 4.96, 3.04, 7.04 ], "texture": "#mesh_palette", "cullface": "down" },
				"east": { "uv": [ 0.96, 4.96, 3.04, 7.04 ], "texture": "#mesh_palette", "cullface": "down" }
			}
		},
		{
			"__comment": "Voxels-2C2C2C",
			"from": [ 6, -2.5, 10.5 ],
			"to": [ 10.5, -2, 11 ],
			"faces": {
				"up": { "uv": [ 4.96, 0.96, 7.04, 3.04 ], "texture": "#mesh_palette", "cullface": "down" },
				"south": { "uv": [ 4.96, 0.96, 7.04, 3.04 ], "texture": "#mesh_palette", "cullface": "down" },
				"west": { "uv": [ 4.96, 0.96, 7.04, 3.04 ], "texture": "#mesh_palette", "cullface": "down" },
				"east": { "uv": [ 4.96, 0.96, 7.04, 3.04 ], "texture": "#mesh_palette", "cullface": "down" }
			}
		},
		{
			"__comment": "Voxels-3D3D3D",
			"from": [ 6, -2, 7.5 ],
			"to": [ 6.5, -1.5, 10 ],
			"faces": {
				"down": { "uv": [ 0.96, 4.96, 3.04, 7.04 ], "texture": "#mesh_palette", "cullface": "down" },
				"up": { "uv": [ 0.96, 4.96, 3.04, 7.04 ], "texture": "#mesh_palette", "cullface": "down" },
				"east": { "uv": [ 0.96, 4.96, 3.04, 7.04 ], "texture": "#mesh_palette", "cullface": "down" }
			}
		},
		{
			"__comment": "Voxels-2C2C2C",
			"from": [ 6, -2, 10.5 ],
			"to": [ 8, -1.5, 11 ],
			"faces": {
				"up": { "uv": [ 4.96, 0.96, 7.04, 3.04 ], "texture": "#mesh_palette", "cullface": "down" },
				"south": { "uv": [ 4.96, 0.96, 7.04, 3.04 ], "texture": "#mesh_palette", "cullface": "down" },
				"west": { "uv": [ 4.96, 0.96, 7.04, 3.04 ], "texture": "#mesh_palette", "cullface": "down" }
			}
		},
		{
			"__comment": "Voxels-2C2C2C",
			"from": [ 6, -1.5, 5.5 ],
			"to": [ 7, -1, 6 ],
			"faces": {
				"up": { "uv": [ 4.96, 0.96, 7.04, 3.04 ], "texture": "#mesh_palette", "cullface": "down" },
				"north": { "uv": [ 4.96, 0.96, 7.04, 3.04 ], "texture": "#mesh_palette", "cullface": "down" },
				"west": { "uv": [ 4.96, 0.96, 7.04, 3.04 ], "texture": "#mesh_palette", "cullface": "down" }
			}
		},
		{
			"__comment": "Voxels-2C2C2C",
			"from": [ 6, -1.5, 10.5 ],
			"to": [ 7, -1, 11 ],
			"faces": {
				"up": { "uv": [ 4.96, 0.96, 7.04, 3.04 ], "texture": "#mesh_palette", "cullface": "down" },
				"south": { "uv": [ 4.96, 0.96, 7.04, 3.04 ], "texture": "#mesh_palette", "cullface": "down" },
				"west": { "uv": [ 4.96, 0.96, 7.04, 3.04 ], "texture": "#mesh_palette", "cullface": "down" }
			}
		},
		{
			"__comment": "Voxels-2C2C2C",
			"from": [ 6, -1, 5.5 ],
			"to": [ 6.5, -0.5, 6 ],
			"faces": {
				"north": { "uv": [ 4.96, 0.96, 7.04, 3.04 ], "texture": "#mesh_palette", "cullface": "down" },
				"west": { "uv": [ 4.96, 0.96, 7.04, 3.04 ], "texture": "#mesh_palette", "cullface": "down" }
			}
		},
		{
			"__comment": "Voxels-3D3D3D",
			"from": [ 6, -1, 7 ],
			"to": [ 6.5, -0.5, 8 ],
			"faces": {
				"down": { "uv": [ 0.96, 4.96, 3.04, 7.04 ], "texture": "#mesh_palette", "cullface": "down" }
			}
		},
		{
			"__comment": "Voxels-2C2C2C",
			"from": [ 6, -1, 10.5 ],
			"to": [ 6.5, -0.5, 11 ],
			"faces": {
				"south": { "uv": [ 4.96, 0.96, 7.04, 3.04 ], "texture": "#mesh_palette", "cullface": "down" },
				"west": { "uv": [ 4.96, 0.96, 7.04, 3.04 ], "texture": "#mesh_palette", "cullface": "down" }
			}
		},
		{
			"__comment": "Voxels-3D3D3D",
			"from": [ 6, -0.5, 5.5 ],
			"to": [ 10.5, 0.5, 6 ],
			"faces": {
				"down": { "uv": [ 0.96, 4.96, 3.04, 7.04 ], "texture": "#mesh_palette", "cullface": "down" },
				"up": { "uv": [ 0.96, 4.96, 3.04, 7.04 ], "texture": "#mesh_palette", "cullface": "down" },
				"north": { "uv": [ 0.96, 4.96, 3.04, 7.04 ], "texture": "#mesh_palette", "cullface": "down" },
				"west": { "uv": [ 0.96, 4.96, 3.04, 7.04 ], "texture": "#mesh_palette", "cullface": "down" },
				"east": { "uv": [ 0.96, 4.96, 3.04, 7.04 ], "texture": "#mesh_palette", "cullface": "down" }
			}
		},
		{
			"__comment": "Voxels-3D3D3D",
			"from": [ 6, -0.5, 9.5 ],
			"to": [ 11, 0.5, 10 ],
			"faces": {
				"up": { "uv": [ 0.96, 4.96, 3.04, 7.04 ], "texture": "#mesh_palette", "cullface": "down" },
				"north": { "uv": [ 0.96, 4.96, 3.04, 7.04 ], "texture": "#mesh_palette", "cullface": "down" },
				"south": { "uv": [ 0.96, 4.96, 3.04, 7.04 ], "texture": "#mesh_palette", "cullface": "down" },
				"east": { "uv": [ 0.96, 4.96, 3.04, 7.04 ], "texture": "#mesh_palette", "cullface": "down" }
			}
		},
		{
			"__comment": "Voxels-3D3D3D",
			"from": [ 6, -0.5, 10 ],
			"to": [ 11, 0, 10.5 ],
			"faces": {
				"down": { "uv": [ 0.96, 4.96, 3.04, 7.04 ], "texture": "#mesh_palette", "cullface": "down" },
				"up": { "uv": [ 0.96, 4.96, 3.04, 7.04 ], "texture": "#mesh_palette", "cullface": "down" },
				"south": { "uv": [ 0.96, 4.96, 3.04, 7.04 ], "texture": "#mesh_palette", "cullface": "down" },
				"east": { "uv": [ 0.96, 4.96, 3.04, 7.04 ], "texture": "#mesh_palette", "cullface": "down" }
			}
		},
		{
			"__comment": "Voxels-89694D",
			"from": [ 6, -0.5, 10.5 ],
			"to": [ 7.5, 0, 11 ],
			"faces": {
				"down": { "uv": [ 8.96, 4.96, 11.04, 7.04 ], "texture": "#mesh_palette", "cullface": "down" },
				"up": { "uv": [ 8.96, 4.96, 11.04, 7.04 ], "texture": "#mesh_palette", "cullface": "down" },
				"south": { "uv": [ 8.96, 4.96, 11.04, 7.04 ], "texture": "#mesh_palette", "cullface": "down" },
				"west": { "uv": [ 8.96, 4.96, 11.04, 7.04 ], "texture": "#mesh_palette", "cullface": "down" }
			}
		},
		{
			"__comment": "Voxels-B87E44",
			"from": [ 6, 0, 10.5 ],
			"to": [ 6.5, 0.5, 11 ],
			"faces": {
				"up": { "uv": [ 0.96, 12.96, 3.04, 15.04 ], "texture": "#mesh_palette" },
				"south": { "uv": [ 0.96, 12.96, 3.04, 15.04 ], "texture": "#mesh_palette" },
				"west": { "uv": [ 0.96, 12.96, 3.04, 15.04 ], "texture": "#mesh_palette" }
			}
		},
		{
			"__comment": "Voxels-3D3D3D",
			"from": [ 6, 0.5, 6 ],
			"to": [ 7, 1, 6.5 ],
			"faces": {
				"up": { "uv": [ 0.96, 4.96, 3.04, 7.04 ], "texture": "#mesh_palette" },
				"north": { "uv": [ 0.96, 4.96, 3.04, 7.04 ], "texture": "#mesh_palette" },
				"west": { "uv": [ 0.96, 4.96, 3.04, 7.04 ], "texture": "#mesh_palette" }
			}
		},
		{
			"__comment": "Voxels-4F4F4F",
			"from": [ 6, 0.5, 6.5 ],
			"to": [ 7, 1.5, 7 ],
			"faces": {
				"up": { "uv": [ 12.96, 4.96, 15.04, 7.04 ], "texture": "#mesh_palette" },
				"north": { "uv": [ 12.96, 4.96, 15.04, 7.04 ], "texture": "#mesh_palette" },
				"south": { "uv": [ 12.96, 4.96, 15.04, 7.04 ], "texture": "#mesh_palette" },
				"west": { "uv": [ 12.96, 4.96, 15.04, 7.04 ], "texture": "#mesh_palette" },
				"east": { "uv": [ 12.96, 4.96, 15.04, 7.04 ], "texture": "#mesh_palette" }
			}
		},
		{
			"__comment": "Voxels-4F4F4F",
			"from": [ 6, 0.5, 8.5 ],
			"to": [ 10.5, 1, 9 ],
			"faces": {
				"down": { "uv": [ 12.96, 4.96, 15.04, 7.04 ], "texture": "#mesh_palette" },
				"up": { "uv": [ 12.96, 4.96, 15.04, 7.04 ], "texture": "#mesh_palette" },
				"north": { "uv": [ 12.96, 4.96, 15.04, 7.04 ], "texture": "#mesh_palette" },
				"south": { "uv": [ 12.96, 4.96, 15.04, 7.04 ], "texture": "#mesh_palette" }
			}
		},
		{
			"__comment": "Voxels-3D3D3D",
			"from": [ 6, 0.5, 9 ],
			"to": [ 10, 1, 9.5 ],
			"faces": {
				"down": { "uv": [ 0.96, 4.96, 3.04, 7.04 ], "texture": "#mesh_palette" },
				"up": { "uv": [ 0.96, 4.96, 3.04, 7.04 ], "texture": "#mesh_palette" }
			}
		},
		{
			"__comment": "Voxels-B87E44",
			"from": [ 6, 0.5, 10 ],
			"to": [ 6.5, 1, 10.5 ],
			"faces": {
				"up": { "uv": [ 0.96, 12.96, 3.04, 15.04 ], "texture": "#mesh_palette" },
				"south": { "uv": [ 0.96, 12.96, 3.04, 15.04 ], "texture": "#mesh_palette" },
				"west": { "uv": [ 0.96, 12.96, 3.04, 15.04 ], "texture": "#mesh_palette" }
			}
		},
		{
			"__comment": "Voxels-4F4F4F",
			"from": [ 6, 1, 7 ],
			"to": [ 10.5, 1.5, 8 ],
			"faces": {
				"down": { "uv": [ 12.96, 4.96, 15.04, 7.04 ], "texture": "#mesh_palette" },
				"up": { "uv": [ 12.96, 4.96, 15.04, 7.04 ], "texture": "#mesh_palette" },
				"north": { "uv": [ 12.96, 4.96, 15.04, 7.04 ], "texture": "#mesh_palette" },
				"south": { "uv": [ 12.96, 4.96, 15.04, 7.04 ], "texture": "#mesh_palette" },
				"west": { "uv": [ 12.96, 4.96, 15.04, 7.04 ], "texture": "#mesh_palette" },
				"east": { "uv": [ 12.96, 4.96, 15.04, 7.04 ], "texture": "#mesh_palette" }
			}
		},
		{
			"__comment": "Voxels-89694D",
			"from": [ 6, 1, 8 ],
			"to": [ 6.5, 1.5, 9 ],
			"faces": {
				"down": { "uv": [ 8.96, 4.96, 11.04, 7.04 ], "texture": "#mesh_palette" },
				"up": { "uv": [ 8.96, 4.96, 11.04, 7.04 ], "texture": "#mesh_palette" },
				"west": { "uv": [ 8.96, 4.96, 11.04, 7.04 ], "texture": "#mesh_palette" }
			}
		},
		{
			"__comment": "Voxels-4F4F4F",
			"from": [ 6, 1, 9 ],
			"to": [ 7.5, 1.5, 9.5 ],
			"faces": {
				"up": { "uv": [ 12.96, 4.96, 15.04, 7.04 ], "texture": "#mesh_palette" },
				"north": { "uv": [ 12.96, 4.96, 15.04, 7.04 ], "texture": "#mesh_palette" },
				"south": { "uv": [ 12.96, 4.96, 15.04, 7.04 ], "texture": "#mesh_palette" },
				"west": { "uv": [ 12.96, 4.96, 15.04, 7.04 ], "texture": "#mesh_palette" }
			}
		},
		{
			"__comment": "Voxels-B87E44",
			"from": [ 6, 1, 9.5 ],
			"to": [ 6.5, 1.5, 10 ],
			"faces": {
				"up": { "uv": [ 0.96, 12.96, 3.04, 15.04 ], "texture": "#mesh_palette" },
				"south": { "uv": [ 0.96, 12.96, 3.04, 15.04 ], "texture": "#mesh_palette" },
				"west": { "uv": [ 0.96, 12.96, 3.04, 15.04 ], "texture": "#mesh_palette" }
			}
		},
		{
			"__comment": "Voxels-3D3D3D",
			"from": [ 6.5, -4, 6.5 ],
			"to": [ 10, -3.5, 10 ],
			"faces": {
				"down": { "uv": [ 0.96, 4.96, 3.04, 7.04 ], "texture": "#mesh_palette", "cullface": "down" }
			}
		},
		{
			"__comment": "Voxels-0F0F0F",
			"from": [ 6.5, -4, 10 ],
			"to": [ 10.5, -3.5, 10.5 ],
			"faces": {
				"down": { "uv": [ 8.96, 0.96, 11.04, 3.04 ], "texture": "#mesh_palette", "cullface": "down" },
				"north": { "uv": [ 8.96, 0.96, 11.04, 3.04 ], "texture": "#mesh_palette", "cullface": "down" }
			}
		},
		{
			"__comment": "Voxels-767676",
			"from": [ 6.5, -3, 6.5 ],
			"to": [ 8.5, -1, 7.5 ],
			"faces": {
				"up": { "uv": [ 4.96, 4.96, 7.04, 7.04 ], "texture": "#mesh_palette", "cullface": "down" },
				"north": { "uv": [ 4.96, 4.96, 7.04, 7.04 ], "texture": "#mesh_palette", "cullface": "down" },
				"south": { "uv": [ 4.96, 4.96, 7.04, 7.04 ], "texture": "#mesh_palette", "cullface": "down" },
				"west": { "uv": [ 4.96, 4.96, 7.04, 7.04 ], "texture": "#mesh_palette", "cullface": "down" }
			}
		},
		{
			"__comment": "Voxels-767676",
			"from": [ 6.5, -3, 7.5 ],
			"to": [ 9, -2.5, 9 ],
			"faces": {
				"up": { "uv": [ 4.96, 4.96, 7.04, 7.04 ], "texture": "#mesh_palette", "cullface": "down" },
				"north": { "uv": [ 4.96, 4.96, 7.04, 7.04 ], "texture": "#mesh_palette", "cullface": "down" },
				"south": { "uv": [ 4.96, 4.96, 7.04, 7.04 ], "texture": "#mesh_palette", "cullface": "down" },
				"west": { "uv": [ 4.96, 4.96, 7.04, 7.04 ], "texture": "#mesh_palette", "cullface": "down" }
			}
		},
		{
			"__comment": "Voxels-767676",
			"from": [ 6.5, -3, 9 ],
			"to": [ 8.5, -2.5, 10 ],
			"faces": {
				"up": { "uv": [ 4.96, 4.96, 7.04, 7.04 ], "texture": "#mesh_palette", "cullface": "down" },
				"west": { "uv": [ 4.96, 4.96, 7.04, 7.04 ], "texture": "#mesh_palette", "cullface": "down" }
			}
		},
		{
			"__comment": "Voxels-767676",
			"from": [ 6.5, -2.5, 8 ],
			"to": [ 9, -1.5, 8.5 ],
			"faces": {
				"north": { "uv": [ 4.96, 4.96, 7.04, 7.04 ], "texture": "#mesh_palette", "cullface": "down" },
				"south": { "uv": [ 4.96, 4.96, 7.04, 7.04 ], "texture": "#mesh_palette", "cullface": "down" },
				"west": { "uv": [ 4.96, 4.96, 7.04, 7.04 ], "texture": "#mesh_palette", "cullface": "down" }
			}
		},
		{
			"__comment": "Voxels-767676",
			"from": [ 6.5, -2.5, 9.5 ],
			"to": [ 8.5, -1, 10 ],
			"faces": {
				"north": { "uv": [ 4.96, 4.96, 7.04, 7.04 ], "texture": "#mesh_palette", "cullface": "down" },
				"south": { "uv": [ 4.96, 4.96, 7.04, 7.04 ], "texture": "#mesh_palette", "cullface": "down" },
				"west": { "uv": [ 4.96, 4.96, 7.04, 7.04 ], "texture": "#mesh_palette", "cullface": "down" }
			}
		},
		{
			"__comment": "Voxels-767676",
			"from": [ 6.5, -2, 7.5 ],
			"to": [ 9, -1.5, 8 ],
			"faces": {
				"north": { "uv": [ 4.96, 4.96, 7.04, 7.04 ], "texture": "#mesh_palette", "cullface": "down" }
			}
		},
		{
			"__comment": "Voxels-767676",
			"from": [ 6.5, -2, 8.5 ],
			"to": [ 9, -1.5, 9 ],
			"faces": {
				"south": { "uv": [ 4.96, 4.96, 7.04, 7.04 ], "texture": "#mesh_palette", "cullface": "down" }
			}
		},
		{
			"__comment": "Voxels-767676",
			"from": [ 6.5, -2, 9 ],
			"to": [ 8.5, -1, 9.5 ],
			"faces": {
				"north": { "uv": [ 4.96, 4.96, 7.04, 7.04 ], "texture": "#mesh_palette", "cullface": "down" },
				"west": { "uv": [ 4.96, 4.96, 7.04, 7.04 ], "texture": "#mesh_palette", "cullface": "down" }
			}
		},
		{
			"__comment": "Voxels-3D3D3D",
			"from": [ 6.5, -1, 5.5 ],
			"to": [ 10.5, -0.5, 6 ],
			"faces": {
				"down": { "uv": [ 0.96, 4.96, 3.04, 7.04 ], "texture": "#mesh_palette", "cullface": "down" },
				"north": { "uv": [ 0.96, 4.96, 3.04, 7.04 ], "texture": "#mesh_palette", "cullface": "down" },
				"east": { "uv": [ 0.96, 4.96, 3.04, 7.04 ], "texture": "#mesh_palette", "cullface": "down" }
			}
		},
		{
			"__comment": "Voxels-767676",
			"from": [ 6.5, -1, 7 ],
			"to": [ 8.5, 0, 8.5 ],
			"faces": {
				"down": { "uv": [ 4.96, 4.96, 7.04, 7.04 ], "texture": "#mesh_palette", "cullface": "down" },
				"south": { "uv": [ 4.96, 4.96, 7.04, 7.04 ], "texture": "#mesh_palette", "cullface": "down" },
				"west": { "uv": [ 4.96, 4.96, 7.04, 7.04 ], "texture": "#mesh_palette", "cullface": "down" },
				"east": { "uv": [ 4.96, 4.96, 7.04, 7.04 ], "texture": "#mesh_palette", "cullface": "down" }
			}
		},
		{
			"__comment": "Voxels-3D3D3D",
			"from": [ 6.5, -1, 9 ],
			"to": [ 11, 0.5, 9.5 ],
			"faces": {
				"down": { "uv": [ 0.96, 4.96, 3.04, 7.04 ], "texture": "#mesh_palette", "cullface": "down" },
				"up": { "uv": [ 0.96, 4.96, 3.04, 7.04 ], "texture": "#mesh_palette", "cullface": "down" },
				"north": { "uv": [ 0.96, 4.96, 3.04, 7.04 ], "texture": "#mesh_palette", "cullface": "down" },
				"south": { "uv": [ 0.96, 4.96, 3.04, 7.04 ], "texture": "#mesh_palette", "cullface": "down" },
				"east": { "uv": [ 0.96, 4.96, 3.04, 7.04 ], "texture": "#mesh_palette", "cullface": "down" }
			}
		},
		{
			"__comment": "Voxels-3D3D3D",
			"from": [ 6.5, -1, 10.5 ],
			"to": [ 10.5, -0.5, 11 ],
			"faces": {
				"down": { "uv": [ 0.96, 4.96, 3.04, 7.04 ], "texture": "#mesh_palette", "cullface": "down" },
				"up": { "uv": [ 0.96, 4.96, 3.04, 7.04 ], "texture": "#mesh_palette", "cullface": "down" },
				"south": { "uv": [ 0.96, 4.96, 3.04, 7.04 ], "texture": "#mesh_palette", "cullface": "down" },
				"east": { "uv": [ 0.96, 4.96, 3.04, 7.04 ], "texture": "#mesh_palette", "cullface": "down" }
			}
		},
		{
			"__comment": "Voxels-3D3D3D",
			"from": [ 6.5, -0.5, 8.5 ],
			"to": [ 11, 0.5, 9 ],
			"faces": {
				"down": { "uv": [ 0.96, 4.96, 3.04, 7.04 ], "texture": "#mesh_palette", "cullface": "down" },
				"up": { "uv": [ 0.96, 4.96, 3.04, 7.04 ], "texture": "#mesh_palette", "cullface": "down" },
				"north": { "uv": [ 0.96, 4.96, 3.04, 7.04 ], "texture": "#mesh_palette", "cullface": "down" },
				"east": { "uv": [ 0.96, 4.96, 3.04, 7.04 ], "texture": "#mesh_palette", "cullface": "down" }
			}
		},
		{
			"__comment": "Voxels-3D3D3D",
			"from": [ 6.5, 0, 7 ],
			"to": [ 11, 0.5, 8.5 ],
			"faces": {
				"down": { "uv": [ 0.96, 4.96, 3.04, 7.04 ], "texture": "#mesh_palette", "cullface": "down" },
				"up": { "uv": [ 0.96, 4.96, 3.04, 7.04 ], "texture": "#mesh_palette" },
				"north": { "uv": [ 0.96, 4.96, 3.04, 7.04 ], "texture": "#mesh_palette" },
				"west": { "uv": [ 0.96, 4.96, 3.04, 7.04 ], "texture": "#mesh_palette" },
				"east": { "uv": [ 0.96, 4.96, 3.04, 7.04 ], "texture": "#mesh_palette" }
			}
		},
		{
			"__comment": "Voxels-89694D",
			"from": [ 6.5, 0, 10.5 ],
			"to": [ 8.5, 0.5, 11 ],
			"faces": {
				"down": { "uv": [ 8.96, 4.96, 11.04, 7.04 ], "texture": "#mesh_palette", "cullface": "down" },
				"up": { "uv": [ 8.96, 4.96, 11.04, 7.04 ], "texture": "#mesh_palette" },
				"south": { "uv": [ 8.96, 4.96, 11.04, 7.04 ], "texture": "#mesh_palette" }
			}
		},
		{
			"__comment": "Voxels-3D3D3D",
			"from": [ 6.5, 0.5, 5.5 ],
			"to": [ 10, 1, 6 ],
			"faces": {
				"up": { "uv": [ 0.96, 4.96, 3.04, 7.04 ], "texture": "#mesh_palette" },
				"north": { "uv": [ 0.96, 4.96, 3.04, 7.04 ], "texture": "#mesh_palette" },
				"south": { "uv": [ 0.96, 4.96, 3.04, 7.04 ], "texture": "#mesh_palette" },
				"west": { "uv": [ 0.96, 4.96, 3.04, 7.04 ], "texture": "#mesh_palette" },
				"east": { "uv": [ 0.96, 4.96, 3.04, 7.04 ], "texture": "#mesh_palette" }
			}
		},
		{
			"__comment": "Voxels-3D3D3D",
			"from": [ 6.5, 0.5, 7 ],
			"to": [ 10, 1, 8.5 ],
			"faces": {
				"up": { "uv": [ 0.96, 4.96, 3.04, 7.04 ], "texture": "#mesh_palette" },
				"north": { "uv": [ 0.96, 4.96, 3.04, 7.04 ], "texture": "#mesh_palette" },
				"west": { "uv": [ 0.96, 4.96, 3.04, 7.04 ], "texture": "#mesh_palette" }
			}
		},
		{
			"__comment": "Voxels-3D3D3D",
			"from": [ 6.5, 0.5, 10 ],
			"to": [ 8, 1, 10.5 ],
			"faces": {
				"up": { "uv": [ 0.96, 4.96, 3.04, 7.04 ], "texture": "#mesh_palette" },
				"south": { "uv": [ 0.96, 4.96, 3.04, 7.04 ], "texture": "#mesh_palette" }
			}
		},
		{
			"__comment": "Voxels-B87E44",
			"from": [ 6.5, 0.5, 10.5 ],
			"to": [ 7, 1, 11 ],
			"faces": {
				"up": { "uv": [ 0.96, 12.96, 3.04, 15.04 ], "texture": "#mesh_palette" },
				"south": { "uv": [ 0.96, 12.96, 3.04, 15.04 ], "texture": "#mesh_palette" },
				"west": { "uv": [ 0.96, 12.96, 3.04, 15.04 ], "texture": "#mesh_palette" }
			}
		},
		{
			"__comment": "Voxels-4F4F4F",
			"from": [ 6.5, 1, 6 ],
			"to": [ 10, 1.5, 6.5 ],
			"faces": {
				"down": { "uv": [ 12.96, 4.96, 15.04, 7.04 ], "texture": "#mesh_palette" },
				"up": { "uv": [ 12.96, 4.96, 15.04, 7.04 ], "texture": "#mesh_palette" },
				"north": { "uv": [ 12.96, 4.96, 15.04, 7.04 ], "texture": "#mesh_palette" },
				"south": { "uv": [ 12.96, 4.96, 15.04, 7.04 ], "texture": "#mesh_palette" },
				"west": { "uv": [ 12.96, 4.96, 15.04, 7.04 ], "texture": "#mesh_palette" },
				"east": { "uv": [ 12.96, 4.96, 15.04, 7.04 ], "texture": "#mesh_palette" }
			}
		},
		{
			"__comment": "Voxels-4F4F4F",
			"from": [ 6.5, 1, 8 ],
			"to": [ 7, 1.5, 9 ],
			"faces": {
				"down": { "uv": [ 12.96, 4.96, 15.04, 7.04 ], "texture": "#mesh_palette" },
				"up": { "uv": [ 12.96, 4.96, 15.04, 7.04 ], "texture": "#mesh_palette" },
				"east": { "uv": [ 12.96, 4.96, 15.04, 7.04 ], "texture": "#mesh_palette" }
			}
		},
		{
			"__comment": "Voxels-3D3D3D",
			"from": [ 6.5, 1, 9.5 ],
			"to": [ 7, 1.5, 10 ],
			"faces": {
				"up": { "uv": [ 0.96, 4.96, 3.04, 7.04 ], "texture": "#mesh_palette" }
			}
		},
		{
			"__comment": "Voxels-89694D",
			"from": [ 6.5, 1, 10 ],
			"to": [ 7.5, 1.5, 10.5 ],
			"faces": {
				"up": { "uv": [ 8.96, 4.96, 11.04, 7.04 ], "texture": "#mesh_palette" },
				"north": { "uv": [ 8.96, 4.96, 11.04, 7.04 ], "texture": "#mesh_palette" },
				"south": { "uv": [ 8.96, 4.96, 11.04, 7.04 ], "texture": "#mesh_palette" },
				"west": { "uv": [ 8.96, 4.96, 11.04, 7.04 ], "texture": "#mesh_palette" }
			}
		},
		{
			"__comment": "Voxels-4F4F4F",
			"from": [ 6.5, 1.5, 7 ],
			"to": [ 7, 2, 7.5 ],
			"faces": {
				"up": { "uv": [ 12.96, 4.96, 15.04, 7.04 ], "texture": "#mesh_palette" },
				"north": { "uv": [ 12.96, 4.96, 15.04, 7.04 ], "texture": "#mesh_palette" },
				"west": { "uv": [ 12.96, 4.96, 15.04, 7.04 ], "texture": "#mesh_palette" }
			}
		},
		{
			"__comment": "Voxels-626262",
			"from": [ 6.5, 1.5, 7.5 ],
			"to": [ 7.5, 2, 8 ],
			"faces": {
				"up": { "uv": [ 0.96, 8.96, 3.04, 11.04 ], "texture": "#mesh_palette" },
				"north": { "uv": [ 0.96, 8.96, 3.04, 11.04 ], "texture": "#mesh_palette" },
				"south": { "uv": [ 0.96, 8.96, 3.04, 11.04 ], "texture": "#mesh_palette" },
				"west": { "uv": [ 0.96, 8.96, 3.04, 11.04 ], "texture": "#mesh_palette" }
			}
		},
		{
			"__comment": "Voxels-89694D",
			"from": [ 6.5, 1.5, 8 ],
			"to": [ 7, 2, 8.5 ],
			"faces": {
				"up": { "uv": [ 8.96, 4.96, 11.04, 7.04 ], "texture": "#mesh_palette" },
				"west": { "uv": [ 8.96, 4.96, 11.04, 7.04 ], "texture": "#mesh_palette" }
			}
		},
		{
			"__comment": "Voxels-626262",
			"from": [ 6.5, 1.5, 8.5 ],
			"to": [ 10, 2, 9 ],
			"faces": {
				"down": { "uv": [ 0.96, 8.96, 3.04, 11.04 ], "texture": "#mesh_palette" },
				"up": { "uv": [ 0.96, 8.96, 3.04, 11.04 ], "texture": "#mesh_palette" },
				"north": { "uv": [ 0.96, 8.96, 3.04, 11.04 ], "texture": "#mesh_palette" },
				"south": { "uv": [ 0.96, 8.96, 3.04, 11.04 ], "texture": "#mesh_palette" },
				"west": { "uv": [ 0.96, 8.96, 3.04, 11.04 ], "texture": "#mesh_palette" },
				"east": { "uv": [ 0.96, 8.96, 3.04, 11.04 ], "texture": "#mesh_palette" }
			}
		},
		{
			"__comment": "Voxels-4F4F4F",
			"from": [ 6.5, 1.5, 9 ],
			"to": [ 7, 2, 9.5 ],
			"faces": {
				"up": { "uv": [ 12.96, 4.96, 15.04, 7.04 ], "texture": "#mesh_palette" },
				"south": { "uv": [ 12.96, 4.96, 15.04, 7.04 ], "texture": "#mesh_palette" },
				"west": { "uv": [ 12.96, 4.96, 15.04, 7.04 ], "texture": "#mesh_palette" }
			}
		},
		{
			"__comment": "Voxels-3D3D3D",
			"from": [ 7, -1.5, 5.5 ],
			"to": [ 9, -1, 6 ],
			"faces": {
				"north": { "uv": [ 0.96, 4.96, 3.04, 7.04 ], "texture": "#mesh_palette", "cullface": "down" }
			}
		},
		{
			"__comment": "Voxels-3D3D3D",
			"from": [ 7, -1.5, 10.5 ],
			"to": [ 10, -1, 11 ],
			"faces": {
				"down": { "uv": [ 0.96, 4.96, 3.04, 7.04 ], "texture": "#mesh_palette", "cullface": "down" },
				"south": { "uv": [ 0.96, 4.96, 3.04, 7.04 ], "texture": "#mesh_palette", "cullface": "down" }
			}
		},
		{
			"__comment": "Voxels-3D3D3D",
			"from": [ 7, 0.5, 6.5 ],
			"to": [ 9.5, 1, 7 ],
			"faces": {
				"north": { "uv": [ 0.96, 4.96, 3.04, 7.04 ], "texture": "#mesh_palette" }
			}
		},
		{
			"__comment": "Voxels-89694D",
			"from": [ 7, 0.5, 10.5 ],
			"to": [ 7.5, 1, 11 ],
			"faces": {
				"up": { "uv": [ 8.96, 4.96, 11.04, 7.04 ], "texture": "#mesh_palette" },
				"south": { "uv": [ 8.96, 4.96, 11.04, 7.04 ], "texture": "#mesh_palette" }
			}
		},
		{
			"__comment": "Voxels-4F4F4F",
			"from": [ 7, 1, 6.5 ],
			"to": [ 10.5, 1.5, 7 ],
			"faces": {
				"down": { "uv": [ 12.96, 4.96, 15.04, 7.04 ], "texture": "#mesh_palette" },
				"up": { "uv": [ 12.96, 4.96, 15.04, 7.04 ], "texture": "#mesh_palette" },
				"north": { "uv": [ 12.96, 4.96, 15.04, 7.04 ], "texture": "#mesh_palette" },
				"east": { "uv": [ 12.96, 4.96, 15.04, 7.04 ], "texture": "#mesh_palette" }
			}
		},
		{
			"__comment": "Voxels-626262",
			"from": [ 7, 1, 8 ],
			"to": [ 7.5, 2, 8.5 ],
			"faces": {
				"up": { "uv": [ 0.96, 8.96, 3.04, 11.04 ], "texture": "#mesh_palette" },
				"north": { "uv": [ 0.96, 8.96, 3.04, 11.04 ], "texture": "#mesh_palette" },
				"south": { "uv": [ 0.96, 8.96, 3.04, 11.04 ], "texture": "#mesh_palette" },
				"west": { "uv": [ 0.96, 8.96, 3.04, 11.04 ], "texture": "#mesh_palette" },
				"east": { "uv": [ 0.96, 8.96, 3.04, 11.04 ], "texture": "#mesh_palette" }
			}
		},
		{
			"__comment": "Voxels-4F4F4F",
			"from": [ 7, 1, 9.5 ],
			"to": [ 10.5, 1.5, 10 ],
			"faces": {
				"up": { "uv": [ 12.96, 4.96, 15.04, 7.04 ], "texture": "#mesh_palette" },
				"north": { "uv": [ 12.96, 4.96, 15.04, 7.04 ], "texture": "#mesh_palette" },
				"south": { "uv": [ 12.96, 4.96, 15.04, 7.04 ], "texture": "#mesh_palette" },
				"east": { "uv": [ 12.96, 4.96, 15.04, 7.04 ], "texture": "#mesh_palette" }
			}
		},
		{
			"__comment": "Voxels-4F4F4F",
			"from": [ 7, 1.5, 6.5 ],
			"to": [ 7.5, 2, 7 ],
			"faces": {
				"up": { "uv": [ 12.96, 4.96, 15.04, 7.04 ], "texture": "#mesh_palette" },
				"north": { "uv": [ 12.96, 4.96, 15.04, 7.04 ], "texture": "#mesh_palette" },
				"west": { "uv": [ 12.96, 4.96, 15.04, 7.04 ], "texture": "#mesh_palette" }
			}
		},
		{
			"__comment": "Voxels-626262",
			"from": [ 7, 1.5, 7 ],
			"to": [ 10, 2, 7.5 ],
			"faces": {
				"up": { "uv": [ 0.96, 8.96, 3.04, 11.04 ], "texture": "#mesh_palette" },
				"north": { "uv": [ 0.96, 8.96, 3.04, 11.04 ], "texture": "#mesh_palette" },
				"south": { "uv": [ 0.96, 8.96, 3.04, 11.04 ], "texture": "#mesh_palette" },
				"east": { "uv": [ 0.96, 8.96, 3.04, 11.04 ], "texture": "#mesh_palette" }
			}
		},
		{
			"__comment": "Voxels-626262",
			"from": [ 7, 1.5, 9 ],
			"to": [ 9.5, 2, 9.5 ],
			"faces": {
				"down": { "uv": [ 0.96, 8.96, 3.04, 11.04 ], "texture": "#mesh_palette" },
				"up": { "uv": [ 0.96, 8.96, 3.04, 11.04 ], "texture": "#mesh_palette" },
				"south": { "uv": [ 0.96, 8.96, 3.04, 11.04 ], "texture": "#mesh_palette" }
			}
		},
		{
			"__comment": "Voxels-89694D",
			"from": [ 7, 1.5, 9.5 ],
			"to": [ 7.5, 2, 10 ],
			"faces": {
				"up": { "uv": [ 8.96, 4.96, 11.04, 7.04 ], "texture": "#mesh_palette" },
				"south": { "uv": [ 8.96, 4.96, 11.04, 7.04 ], "texture": "#mesh_palette" },
				"west": { "uv": [ 8.96, 4.96, 11.04, 7.04 ], "texture": "#mesh_palette" }
			}
		},
		{
			"__comment": "Voxels-3D3D3D",
			"from": [ 7.5, -0.5, 10.5 ],
			"to": [ 10.5, 0, 11 ],
			"faces": {
				"up": { "uv": [ 0.96, 4.96, 3.04, 7.04 ], "texture": "#mesh_palette", "cullface": "down" },
				"south": { "uv": [ 0.96, 4.96, 3.04, 7.04 ], "texture": "#mesh_palette", "cullface": "down" },
				"east": { "uv": [ 0.96, 4.96, 3.04, 7.04 ], "texture": "#mesh_palette", "cullface": "down" }
			}
		},
		{
			"__comment": "Voxels-3D3D3D",
			"from": [ 7.5, 0.5, 10.5 ],
			"to": [ 10, 1, 11 ],
			"faces": {
				"down": { "uv": [ 0.96, 4.96, 3.04, 7.04 ], "texture": "#mesh_palette" },
				"up": { "uv": [ 0.96, 4.96, 3.04, 7.04 ], "texture": "#mesh_palette" },
				"north": { "uv": [ 0.96, 4.96, 3.04, 7.04 ], "texture": "#mesh_palette" },
				"south": { "uv": [ 0.96, 4.96, 3.04, 7.04 ], "texture": "#mesh_palette" },
				"east": { "uv": [ 0.96, 4.96, 3.04, 7.04 ], "texture": "#mesh_palette" }
			}
		},
		{
			"__comment": "Voxels-3D3D3D",
			"from": [ 7.5, 1, 8 ],
			"to": [ 9, 1.5, 9 ],
			"faces": {
				"down": { "uv": [ 0.96, 4.96, 3.04, 7.04 ], "texture": "#mesh_palette" },
				"up": { "uv": [ 0.96, 4.96, 3.04, 7.04 ], "texture": "#mesh_palette" },
				"south": { "uv": [ 0.96, 4.96, 3.04, 7.04 ], "texture": "#mesh_palette" },
				"west": { "uv": [ 0.96, 4.96, 3.04, 7.04 ], "texture": "#mesh_palette" },
				"east": { "uv": [ 0.96, 4.96, 3.04, 7.04 ], "texture": "#mesh_palette" }
			}
		},
		{
			"__comment": "Voxels-4F4F4F",
			"from": [ 7.5, 1, 10 ],
			"to": [ 10, 1.5, 10.5 ],
			"faces": {
				"down": { "uv": [ 12.96, 4.96, 15.04, 7.04 ], "texture": "#mesh_palette" },
				"up": { "uv": [ 12.96, 4.96, 15.04, 7.04 ], "texture": "#mesh_palette" },
				"south": { "uv": [ 12.96, 4.96, 15.04, 7.04 ], "texture": "#mesh_palette" },
				"east": { "uv": [ 12.96, 4.96, 15.04, 7.04 ], "texture": "#mesh_palette" }
			}
		},
		{
			"__comment": "Voxels-626262",
			"from": [ 7.5, 1.5, 6.5 ],
			"to": [ 9.5, 2, 7 ],
			"faces": {
				"up": { "uv": [ 0.96, 8.96, 3.04, 11.04 ], "texture": "#mesh_palette" },
				"north": { "uv": [ 0.96, 8.96, 3.04, 11.04 ], "texture": "#mesh_palette" },
				"east": { "uv": [ 0.96, 8.96, 3.04, 11.04 ], "texture": "#mesh_palette" }
			}
		},
		{
			"__comment": "Voxels-9B8100",
			"from": [ 7.5, 1.5, 7.5 ],
			"to": [ 9, 2.5, 8.5 ],
			"faces": {
				"down": { "uv": [ 4.96, 8.96, 7.04, 11.04 ], "texture": "#mesh_palette" },
				"up": { "uv": [ 4.96, 8.96, 7.04, 11.04 ], "texture": "#mesh_palette" },
				"north": { "uv": [ 4.96, 8.96, 7.04, 11.04 ], "texture": "#mesh_palette" },
				"south": { "uv": [ 4.96, 8.96, 7.04, 11.04 ], "texture": "#mesh_palette" },
				"west": { "uv": [ 4.96, 8.96, 7.04, 11.04 ], "texture": "#mesh_palette" },
				"east": { "uv": [ 4.96, 8.96, 7.04, 11.04 ], "texture": "#mesh_palette" }
			}
		},
		{
			"__comment": "Voxels-4F4F4F",
			"from": [ 7.5, 1.5, 9.5 ],
			"to": [ 8, 2, 10 ],
			"faces": {
				"up": { "uv": [ 12.96, 4.96, 15.04, 7.04 ], "texture": "#mesh_palette" },
				"south": { "uv": [ 12.96, 4.96, 15.04, 7.04 ], "texture": "#mesh_palette" }
			}
		},
		{
			"__comment": "Voxels-9B8100",
			"from": [ 7.5, 2, 8.5 ],
			"to": [ 9, 2.5, 9 ],
			"faces": {
				"up": { "uv": [ 4.96, 8.96, 7.04, 11.04 ], "texture": "#mesh_palette" },
				"south": { "uv": [ 4.96, 8.96, 7.04, 11.04 ], "texture": "#mesh_palette" },
				"west": { "uv": [ 4.96, 8.96, 7.04, 11.04 ], "texture": "#mesh_palette" },
				"east": { "uv": [ 4.96, 8.96, 7.04, 11.04 ], "texture": "#mesh_palette" }
			}
		},
		{
			"__comment": "Voxels-9B8100",
			"from": [ 7.5, 2.5, 8 ],
			"to": [ 9, 4, 8.5 ],
			"faces": {
				"up": { "uv": [ 4.96, 8.96, 7.04, 11.04 ], "texture": "#mesh_palette" },
				"north": { "uv": [ 4.96, 8.96, 7.04, 11.04 ], "texture": "#mesh_palette" },
				"south": { "uv": [ 4.96, 8.96, 7.04, 11.04 ], "texture": "#mesh_palette" },
				"west": { "uv": [ 4.96, 8.96, 7.04, 11.04 ], "texture": "#mesh_palette" },
				"east": { "uv": [ 4.96, 8.96, 7.04, 11.04 ], "texture": "#mesh_palette" }
			}
		},
		{
			"__comment": "Voxels-9B8100",
			"from": [ 7.5, 4, 7.5 ],
			"to": [ 9, 5, 8 ],
			"faces": {
				"down": { "uv": [ 4.96, 8.96, 7.04, 11.04 ], "texture": "#mesh_palette" },
				"up": { "uv": [ 4.96, 8.96, 7.04, 11.04 ], "texture": "#mesh_palette" },
				"north": { "uv": [ 4.96, 8.96, 7.04, 11.04 ], "texture": "#mesh_palette" },
				"south": { "uv": [ 4.96, 8.96, 7.04, 11.04 ], "texture": "#mesh_palette" },
				"west": { "uv": [ 4.96, 8.96, 7.04, 11.04 ], "texture": "#mesh_palette" },
				"east": { "uv": [ 4.96, 8.96, 7.04, 11.04 ], "texture": "#mesh_palette" }
			}
		},
		{
			"__comment": "Voxels-B7B700",
			"from": [ 7.5, 4, 8 ],
			"to": [ 8, 4.5, 8.5 ],
			"faces": {
				"up": { "uv": [ 8.96, 8.96, 11.04, 11.04 ], "texture": "#mesh_palette" },
				"south": { "uv": [ 8.96, 8.96, 11.04, 11.04 ], "texture": "#mesh_palette" },
				"west": { "uv": [ 8.96, 8.96, 11.04, 11.04 ], "texture": "#mesh_palette" }
			}
		},
		{
			"__comment": "Voxels-9B8100",
			"from": [ 7.5, 4.5, 7 ],
			"to": [ 9, 5.5, 7.5 ],
			"faces": {
				"down": { "uv": [ 4.96, 8.96, 7.04, 11.04 ], "texture": "#mesh_palette" },
				"up": { "uv": [ 4.96, 8.96, 7.04, 11.04 ], "texture": "#mesh_palette" },
				"north": { "uv": [ 4.96, 8.96, 7.04, 11.04 ], "texture": "#mesh_palette" },
				"south": { "uv": [ 4.96, 8.96, 7.04, 11.04 ], "texture": "#mesh_palette" },
				"west": { "uv": [ 4.96, 8.96, 7.04, 11.04 ], "texture": "#mesh_palette" },
				"east": { "uv": [ 4.96, 8.96, 7.04, 11.04 ], "texture": "#mesh_palette" }
			}
		},
		{
			"__comment": "Voxels-B7B700",
			"from": [ 7.5, 5, 6.5 ],
			"to": [ 8, 5.5, 7 ],
			"faces": {
				"down": { "uv": [ 8.96, 8.96, 11.04, 11.04 ], "texture": "#mesh_palette" },
				"north": { "uv": [ 8.96, 8.96, 11.04, 11.04 ], "texture": "#mesh_palette" },
				"west": { "uv": [ 8.96, 8.96, 11.04, 11.04 ], "texture": "#mesh_palette" }
			}
		},
		{
			"__comment": "Voxels-B7B700",
			"from": [ 7.5, 5.5, 6 ],
			"to": [ 8, 6, 6.5 ],
			"faces": {
				"down": { "uv": [ 8.96, 8.96, 11.04, 11.04 ], "texture": "#mesh_palette" },
				"north": { "uv": [ 8.96, 8.96, 11.04, 11.04 ], "texture": "#mesh_palette" },
				"west": { "uv": [ 8.96, 8.96, 11.04, 11.04 ], "texture": "#mesh_palette" }
			}
		},
		{
			"__comment": "Voxels-9B8100",
			"from": [ 7.5, 5.5, 6.5 ],
			"to": [ 9, 6, 7 ],
			"faces": {
				"down": { "uv": [ 4.96, 8.96, 7.04, 11.04 ], "texture": "#mesh_palette" },
				"up": { "uv": [ 4.96, 8.96, 7.04, 11.04 ], "texture": "#mesh_palette" },
				"north": { "uv": [ 4.96, 8.96, 7.04, 11.04 ], "texture": "#mesh_palette" },
				"south": { "uv": [ 4.96, 8.96, 7.04, 11.04 ], "texture": "#mesh_palette" },
				"west": { "uv": [ 4.96, 8.96, 7.04, 11.04 ], "texture": "#mesh_palette" },
				"east": { "uv": [ 4.96, 8.96, 7.04, 11.04 ], "texture": "#mesh_palette" }
			}
		},
		{
			"__comment": "Voxels-9B8100",
			"from": [ 7.5, 6, 6 ],
			"to": [ 9, 6.5, 6.5 ],
			"faces": {
				"down": { "uv": [ 4.96, 8.96, 7.04, 11.04 ], "texture": "#mesh_palette" },
				"north": { "uv": [ 4.96, 8.96, 7.04, 11.04 ], "texture": "#mesh_palette" },
				"south": { "uv": [ 4.96, 8.96, 7.04, 11.04 ], "texture": "#mesh_palette" },
				"west": { "uv": [ 4.96, 8.96, 7.04, 11.04 ], "texture": "#mesh_palette" },
				"east": { "uv": [ 4.96, 8.96, 7.04, 11.04 ], "texture": "#mesh_palette" }
			}
		},
		{
			"__comment": "Voxels-B7B700",
			"from": [ 7.5, 6.5, 6 ],
			"to": [ 9, 7.5, 6.5 ],
			"faces": {
				"up": { "uv": [ 8.96, 8.96, 11.04, 11.04 ], "texture": "#mesh_palette" },
				"north": { "uv": [ 8.96, 8.96, 11.04, 11.04 ], "texture": "#mesh_palette" },
				"south": { "uv": [ 8.96, 8.96, 11.04, 11.04 ], "texture": "#mesh_palette" },
				"west": { "uv": [ 8.96, 8.96, 11.04, 11.04 ], "texture": "#mesh_palette" },
				"east": { "uv": [ 8.96, 8.96, 11.04, 11.04 ], "texture": "#mesh_palette" }
			}
		},
		{
			"__comment": "Voxels-FFFF00",
			"from": [ 7.5, 7.5, 6 ],
			"to": [ 8, 8.5, 6.5 ],
			"faces": {
				"up": { "uv": [ 12.96, 8.96, 15.04, 11.04 ], "texture": "#mesh_palette" },
				"north": { "uv": [ 12.96, 8.96, 15.04, 11.04 ], "texture": "#mesh_palette" },
				"south": { "uv": [ 12.96, 8.96, 15.04, 11.04 ], "texture": "#mesh_palette" },
				"west": { "uv": [ 12.96, 8.96, 15.04, 11.04 ], "texture": "#mesh_palette" }
			}
		},
		{
			"__comment": "Voxels-B7B700",
			"from": [ 7.5, 7.5, 6.5 ],
			"to": [ 9, 8, 7 ],
			"faces": {
				"down": { "uv": [ 8.96, 8.96, 11.04, 11.04 ], "texture": "#mesh_palette" },
				"up": { "uv": [ 8.96, 8.96, 11.04, 11.04 ], "texture": "#mesh_palette" },
				"north": { "uv": [ 8.96, 8.96, 11.04, 11.04 ], "texture": "#mesh_palette" },
				"south": { "uv": [ 8.96, 8.96, 11.04, 11.04 ], "texture": "#mesh_palette" },
				"west": { "uv": [ 8.96, 8.96, 11.04, 11.04 ], "texture": "#mesh_palette" },
				"east": { "uv": [ 8.96, 8.96, 11.04, 11.04 ], "texture": "#mesh_palette" }
			}
		},
		{
			"__comment": "Voxels-B7B700",
			"from": [ 7.5, 8, 6.5 ],
			"to": [ 8.5, 9, 7.5 ],
			"faces": {
				"down": { "uv": [ 8.96, 8.96, 11.04, 11.04 ], "texture": "#mesh_palette" },
				"up": { "uv": [ 8.96, 8.96, 11.04, 11.04 ], "texture": "#mesh_palette" },
				"north": { "uv": [ 8.96, 8.96, 11.04, 11.04 ], "texture": "#mesh_palette" },
				"south": { "uv": [ 8.96, 8.96, 11.04, 11.04 ], "texture": "#mesh_palette" },
				"west": { "uv": [ 8.96, 8.96, 11.04, 11.04 ], "texture": "#mesh_palette" }
			}
		},
		{
			"__comment": "Voxels-B7B700",
			"from": [ 7.5, 8.5, 7.5 ],
			"to": [ 8.5, 9.5, 8.5 ],
			"faces": {
				"down": { "uv": [ 8.96, 8.96, 11.04, 11.04 ], "texture": "#mesh_palette" },
				"up": { "uv": [ 8.96, 8.96, 11.04, 11.04 ], "texture": "#mesh_palette" },
				"north": { "uv": [ 8.96, 8.96, 11.04, 11.04 ], "texture": "#mesh_palette" },
				"south": { "uv": [ 8.96, 8.96, 11.04, 11.04 ], "texture": "#mesh_palette" },
				"west": { "uv": [ 8.96, 8.96, 11.04, 11.04 ], "texture": "#mesh_palette" }
			}
		},
		{
			"__comment": "Voxels-B7B700",
			"from": [ 7.5, 8.5, 9.5 ],
			"to": [ 9, 9, 10 ],
			"faces": {
				"down": { "uv": [ 8.96, 8.96, 11.04, 11.04 ], "texture": "#mesh_palette" },
				"up": { "uv": [ 8.96, 8.96, 11.04, 11.04 ], "texture": "#mesh_palette" },
				"north": { "uv": [ 8.96, 8.96, 11.04, 11.04 ], "texture": "#mesh_palette" },
				"south": { "uv": [ 8.96, 8.96, 11.04, 11.04 ], "texture": "#mesh_palette" },
				"west": { "uv": [ 8.96, 8.96, 11.04, 11.04 ], "texture": "#mesh_palette" },
				"east": { "uv": [ 8.96, 8.96, 11.04, 11.04 ], "texture": "#mesh_palette" }
			}
		},
		{
			"__comment": "Voxels-B7B700",
			"from": [ 7.5, 9, 8.5 ],
			"to": [ 8.5, 9.5, 9 ],
			"faces": {
				"down": { "uv": [ 8.96, 8.96, 11.04, 11.04 ], "texture": "#mesh_palette" },
				"up": { "uv": [ 8.96, 8.96, 11.04, 11.04 ], "texture": "#mesh_palette" },
				"west": { "uv": [ 8.96, 8.96, 11.04, 11.04 ], "texture": "#mesh_palette" }
			}
		},
		{
			"__comment": "Voxels-FFFF00",
			"from": [ 7.5, 9, 9 ],
			"to": [ 9, 9.5, 9.5 ],
			"faces": {
				"down": { "uv": [ 12.96, 8.96, 15.04, 11.04 ], "texture": "#mesh_palette" },
				"up": { "uv": [ 12.96, 8.96, 15.04, 11.04 ], "texture": "#mesh_palette" },
				"north": { "uv": [ 12.96, 8.96, 15.04, 11.04 ], "texture": "#mesh_palette" },
				"south": { "uv": [ 12.96, 8.96, 15.04, 11.04 ], "texture": "#mesh_palette" },
				"west": { "uv": [ 12.96, 8.96, 15.04, 11.04 ], "texture": "#mesh_palette" },
				"east": { "uv": [ 12.96, 8.96, 15.04, 11.04 ], "texture": "#mesh_palette" }
			}
		},
		{
			"__comment": "Voxels-3D3D3D",
			"from": [ 8, -2, 10.5 ],
			"to": [ 10, -1.5, 11 ],
			"faces": {
				"south": { "uv": [ 0.96, 4.96, 3.04, 7.04 ], "texture": "#mesh_palette", "cullface": "down" }
			}
		},
		{
			"__comment": "Voxels-4F4F4F",
			"from": [ 8, 0.5, 6 ],
			"to": [ 10, 1, 6.5 ],
			"faces": {
				"south": { "uv": [ 12.96, 4.96, 15.04, 7.04 ], "texture": "#mesh_palette" }
			}
		},
		{
			"__comment": "Voxels-626262",
			"from": [ 8, 1.5, 9.5 ],
			"to": [ 9, 2, 10 ],
			"faces": {
				"up": { "uv": [ 0.96, 8.96, 3.04, 11.04 ], "texture": "#mesh_palette" },
				"south": { "uv": [ 0.96, 8.96, 3.04, 11.04 ], "texture": "#mesh_palette" }
			}
		},
		{
			"__comment": "Voxels-9B8100",
			"from": [ 8, 2.5, 7.5 ],
			"to": [ 8.5, 4, 8 ],
			"faces": {
				"north": { "uv": [ 4.96, 8.96, 7.04, 11.04 ], "texture": "#mesh_palette" },
				"west": { "uv": [ 4.96, 8.96, 7.04, 11.04 ], "texture": "#mesh_palette" },
				"east": { "uv": [ 4.96, 8.96, 7.04, 11.04 ], "texture": "#mesh_palette" }
			}
		},
		{
			"__comment": "Voxels-9B8100",
			"from": [ 8, 2.5, 8.5 ],
			"to": [ 8.5, 3.5, 9 ],
			"faces": {
				"south": { "uv": [ 4.96, 8.96, 7.04, 11.04 ], "texture": "#mesh_palette" },
				"west": { "uv": [ 4.96, 8.96, 7.04, 11.04 ], "texture": "#mesh_palette" },
				"east": { "uv": [ 4.96, 8.96, 7.04, 11.04 ], "texture": "#mesh_palette" }
			}
		},
		{
			"__comment": "Voxels-B7B700",
			"from": [ 8, 3.5, 8.5 ],
			"to": [ 8.5, 4.5, 9 ],
			"faces": {
				"up": { "uv": [ 8.96, 8.96, 11.04, 11.04 ], "texture": "#mesh_palette" },
				"north": { "uv": [ 8.96, 8.96, 11.04, 11.04 ], "texture": "#mesh_palette" },
				"south": { "uv": [ 8.96, 8.96, 11.04, 11.04 ], "texture": "#mesh_palette" },
				"west": { "uv": [ 8.96, 8.96, 11.04, 11.04 ], "texture": "#mesh_palette" },
				"east": { "uv": [ 8.96, 8.96, 11.04, 11.04 ], "texture": "#mesh_palette" }
			}
		},
		{
			"__comment": "Voxels-9B8100",
			"from": [ 8, 4, 7 ],
			"to": [ 8.5, 4.5, 7.5 ],
			"faces": {
				"down": { "uv": [ 4.96, 8.96, 7.04, 11.04 ], "texture": "#mesh_palette" },
				"north": { "uv": [ 4.96, 8.96, 7.04, 11.04 ], "texture": "#mesh_palette" },
				"west": { "uv": [ 4.96, 8.96, 7.04, 11.04 ], "texture": "#mesh_palette" },
				"east": { "uv": [ 4.96, 8.96, 7.04, 11.04 ], "texture": "#mesh_palette" }
			}
		},
		{
			"__comment": "Voxels-9B8100",
			"from": [ 8, 4, 8 ],
			"to": [ 9, 4.5, 8.5 ],
			"faces": {
				"up": { "uv": [ 4.96, 8.96, 7.04, 11.04 ], "texture": "#mesh_palette" },
				"south": { "uv": [ 4.96, 8.96, 7.04, 11.04 ], "texture": "#mesh_palette" },
				"east": { "uv": [ 4.96, 8.96, 7.04, 11.04 ], "texture": "#mesh_palette" }
			}
		},
		{
			"__comment": "Voxels-B7B700",
			"from": [ 8, 4.5, 6.5 ],
			"to": [ 8.5, 5, 7 ],
			"faces": {
				"down": { "uv": [ 8.96, 8.96, 11.04, 11.04 ], "texture": "#mesh_palette" },
				"north": { "uv": [ 8.96, 8.96, 11.04, 11.04 ], "texture": "#mesh_palette" },
				"west": { "uv": [ 8.96, 8.96, 11.04, 11.04 ], "texture": "#mesh_palette" },
				"east": { "uv": [ 8.96, 8.96, 11.04, 11.04 ], "texture": "#mesh_palette" }
			}
		},
		{
			"__comment": "Voxels-B7B700",
			"from": [ 8, 4.5, 8 ],
			"to": [ 8.5, 5, 8.5 ],
			"faces": {
				"up": { "uv": [ 8.96, 8.96, 11.04, 11.04 ], "texture": "#mesh_palette" },
				"south": { "uv": [ 8.96, 8.96, 11.04, 11.04 ], "texture": "#mesh_palette" },
				"west": { "uv": [ 8.96, 8.96, 11.04, 11.04 ], "texture": "#mesh_palette" },
				"east": { "uv": [ 8.96, 8.96, 11.04, 11.04 ], "texture": "#mesh_palette" }
			}
		},
		{
			"__comment": "Voxels-B7B700",
			"from": [ 8, 5, 6 ],
			"to": [ 8.5, 5.5, 6.5 ],
			"faces": {
				"down": { "uv": [ 8.96, 8.96, 11.04, 11.04 ], "texture": "#mesh_palette" },
				"north": { "uv": [ 8.96, 8.96, 11.04, 11.04 ], "texture": "#mesh_palette" },
				"west": { "uv": [ 8.96, 8.96, 11.04, 11.04 ], "texture": "#mesh_palette" },
				"east": { "uv": [ 8.96, 8.96, 11.04, 11.04 ], "texture": "#mesh_palette" }
			}
		},
		{
			"__comment": "Voxels-9B8100",
			"from": [ 8, 5, 6.5 ],
			"to": [ 9, 5.5, 7 ],
			"faces": {
				"down": { "uv": [ 4.96, 8.96, 7.04, 11.04 ], "texture": "#mesh_palette" },
				"north": { "uv": [ 4.96, 8.96, 7.04, 11.04 ], "texture": "#mesh_palette" },
				"east": { "uv": [ 4.96, 8.96, 7.04, 11.04 ], "texture": "#mesh_palette" }
			}
		},
		{
			"__comment": "Voxels-B7B700",
			"from": [ 8, 5, 7.5 ],
			"to": [ 8.5, 5.5, 8 ],
			"faces": {
				"up": { "uv": [ 8.96, 8.96, 11.04, 11.04 ], "texture": "#mesh_palette" },
				"south": { "uv": [ 8.96, 8.96, 11.04, 11.04 ], "texture": "#mesh_palette" },
				"west": { "uv": [ 8.96, 8.96, 11.04, 11.04 ], "texture": "#mesh_palette" },
				"east": { "uv": [ 8.96, 8.96, 11.04, 11.04 ], "texture": "#mesh_palette" }
			}
		},
		{
			"__comment": "Voxels-9B8100",
			"from": [ 8, 5.5, 6 ],
			"to": [ 9, 6, 6.5 ],
			"faces": {
				"down": { "uv": [ 4.96, 8.96, 7.04, 11.04 ], "texture": "#mesh_palette" },
				"north": { "uv": [ 4.96, 8.96, 7.04, 11.04 ], "texture": "#mesh_palette" },
				"east": { "uv": [ 4.96, 8.96, 7.04, 11.04 ], "texture": "#mesh_palette" }
			}
		},
		{
			"__comment": "Voxels-9B8100",
			"from": [ 8, 5.5, 7 ],
			"to": [ 8.5, 6.5, 7.5 ],
			"faces": {
				"up": { "uv": [ 4.96, 8.96, 7.04, 11.04 ], "texture": "#mesh_palette" },
				"north": { "uv": [ 4.96, 8.96, 7.04, 11.04 ], "texture": "#mesh_palette" },
				"south": { "uv": [ 4.96, 8.96, 7.04, 11.04 ], "texture": "#mesh_palette" },
				"west": { "uv": [ 4.96, 8.96, 7.04, 11.04 ], "texture": "#mesh_palette" },
				"east": { "uv": [ 4.96, 8.96, 7.04, 11.04 ], "texture": "#mesh_palette" }
			}
		},
		{
			"__comment": "Voxels-9B8100",
			"from": [ 8, 6, 5.5 ],
			"to": [ 8.5, 6.5, 6 ],
			"faces": {
				"down": { "uv": [ 4.96, 8.96, 7.04, 11.04 ], "texture": "#mesh_palette" },
				"north": { "uv": [ 4.96, 8.96, 7.04, 11.04 ], "texture": "#mesh_palette" },
				"west": { "uv": [ 4.96, 8.96, 7.04, 11.04 ], "texture": "#mesh_palette" },
				"east": { "uv": [ 4.96, 8.96, 7.04, 11.04 ], "texture": "#mesh_palette" }
			}
		},
		{
			"__comment": "Voxels-9B8100",
			"from": [ 8, 6, 6.5 ],
			"to": [ 8.5, 6.5, 7 ],
			"faces": {
				"west": { "uv": [ 4.96, 8.96, 7.04, 11.04 ], "texture": "#mesh_palette" },
				"east": { "uv": [ 4.96, 8.96, 7.04, 11.04 ], "texture": "#mesh_palette" }
			}
		},
		{
			"__comment": "Voxels-B7B700",
			"from": [ 8, 6.5, 5.5 ],
			"to": [ 8.5, 7.5, 6 ],
			"faces": {
				"north": { "uv": [ 8.96, 8.96, 11.04, 11.04 ], "texture": "#mesh_palette" },
				"west": { "uv": [ 8.96, 8.96, 11.04, 11.04 ], "texture": "#mesh_palette" },
				"east": { "uv": [ 8.96, 8.96, 11.04, 11.04 ], "texture": "#mesh_palette" }
			}
		},
		{
			"__comment": "Voxels-B7B700",
			"from": [ 8, 6.5, 6.5 ],
			"to": [ 8.5, 7.5, 7 ],
			"faces": {
				"south": { "uv": [ 8.96, 8.96, 11.04, 11.04 ], "texture": "#mesh_palette" },
				"west": { "uv": [ 8.96, 8.96, 11.04, 11.04 ], "texture": "#mesh_palette" },
				"east": { "uv": [ 8.96, 8.96, 11.04, 11.04 ], "texture": "#mesh_palette" }
			}
		},
		{
			"__comment": "Voxels-9B8100",
			"from": [ 8, 7, 10.5 ],
			"to": [ 8.5, 7.5, 11 ],
			"faces": {
				"down": { "uv": [ 4.96, 8.96, 7.04, 11.04 ], "texture": "#mesh_palette" },
				"north": { "uv": [ 4.96, 8.96, 7.04, 11.04 ], "texture": "#mesh_palette" },
				"south": { "uv": [ 4.96, 8.96, 7.04, 11.04 ], "texture": "#mesh_palette" },
				"west": { "uv": [ 4.96, 8.96, 7.04, 11.04 ], "texture": "#mesh_palette" },
				"east": { "uv": [ 4.96, 8.96, 7.04, 11.04 ], "texture": "#mesh_palette" }
			}
		},
		{
			"__comment": "Voxels-FFFF55",
			"from": [ 8, 7.5, 5.5 ],
			"to": [ 8.5, 8, 6 ],
			"faces": {
				"up": { "uv": [ 4.96, 12.96, 7.04, 15.04 ], "texture": "#mesh_palette" },
				"north": { "uv": [ 4.96, 12.96, 7.04, 15.04 ], "texture": "#mesh_palette" },
				"west": { "uv": [ 4.96, 12.96, 7.04, 15.04 ], "texture": "#mesh_palette" },
				"east": { "uv": [ 4.96, 12.96, 7.04, 15.04 ], "texture": "#mesh_palette" }
			}
		},
		{
			"__comment": "Voxels-B7B700",
			"from": [ 8, 7.5, 6 ],
			"to": [ 8.5, 8.5, 6.5 ],
			"faces": {
				"north": { "uv": [ 8.96, 8.96, 11.04, 11.04 ], "texture": "#mesh_palette" },
				"south": { "uv": [ 8.96, 8.96, 11.04, 11.04 ], "texture": "#mesh_palette" }
			}
		},
		{
			"__comment": "Voxels-B7B700",
			"from": [ 8, 7.5, 7 ],
			"to": [ 8.5, 8, 7.5 ],
			"faces": {
				"down": { "uv": [ 8.96, 8.96, 11.04, 11.04 ], "texture": "#mesh_palette" },
				"south": { "uv": [ 8.96, 8.96, 11.04, 11.04 ], "texture": "#mesh_palette" },
				"west": { "uv": [ 8.96, 8.96, 11.04, 11.04 ], "texture": "#mesh_palette" },
				"east": { "uv": [ 8.96, 8.96, 11.04, 11.04 ], "texture": "#mesh_palette" }
			}
		},
		{
			"__comment": "Voxels-B7B700",
			"from": [ 8, 7.5, 10 ],
			"to": [ 8.5, 8.5, 10.5 ],
			"faces": {
				"down": { "uv": [ 8.96, 8.96, 11.04, 11.04 ], "texture": "#mesh_palette" },
				"north": { "uv": [ 8.96, 8.96, 11.04, 11.04 ], "texture": "#mesh_palette" },
				"south": { "uv": [ 8.96, 8.96, 11.04, 11.04 ], "texture": "#mesh_palette" },
				"west": { "uv": [ 8.96, 8.96, 11.04, 11.04 ], "texture": "#mesh_palette" },
				"east": { "uv": [ 8.96, 8.96, 11.04, 11.04 ], "texture": "#mesh_palette" }
			}
		},
		{
			"__comment": "Voxels-B7B700",
			"from": [ 8, 7.5, 10.5 ],
			"to": [ 8.5, 8, 11 ],
			"faces": {
				"south": { "uv": [ 8.96, 8.96, 11.04, 11.04 ], "texture": "#mesh_palette" },
				"west": { "uv": [ 8.96, 8.96, 11.04, 11.04 ], "texture": "#mesh_palette" },
				"east": { "uv": [ 8.96, 8.96, 11.04, 11.04 ], "texture": "#mesh_palette" }
			}
		},
		{
			"__comment": "Voxels-B7B700",
			"from": [ 8, 8, 7.5 ],
			"to": [ 8.5, 8.5, 8.5 ],
			"faces": {
				"down": { "uv": [ 8.96, 8.96, 11.04, 11.04 ], "texture": "#mesh_palette" },
				"south": { "uv": [ 8.96, 8.96, 11.04, 11.04 ], "texture": "#mesh_palette" },
				"west": { "uv": [ 8.96, 8.96, 11.04, 11.04 ], "texture": "#mesh_palette" },
				"east": { "uv": [ 8.96, 8.96, 11.04, 11.04 ], "texture": "#mesh_palette" }
			}
		},
		{
			"__comment": "Voxels-B7B700",
			"from": [ 8, 8, 9.5 ],
			"to": [ 8.5, 8.5, 10 ],
			"faces": {
				"down": { "uv": [ 8.96, 8.96, 11.04, 11.04 ], "texture": "#mesh_palette" },
				"north": { "uv": [ 8.96, 8.96, 11.04, 11.04 ], "texture": "#mesh_palette" },
				"west": { "uv": [ 8.96, 8.96, 11.04, 11.04 ], "texture": "#mesh_palette" },
				"east": { "uv": [ 8.96, 8.96, 11.04, 11.04 ], "texture": "#mesh_palette" }
			}
		},
		{
			"__comment": "Voxels-FFFF00",
			"from": [ 8, 8, 10.5 ],
			"to": [ 8.5, 8.5, 11 ],
			"faces": {
				"up": { "uv": [ 12.96, 8.96, 15.04, 11.04 ], "texture": "#mesh_palette" },
				"south": { "uv": [ 12.96, 8.96, 15.04, 11.04 ], "texture": "#mesh_palette" },
				"west": { "uv": [ 12.96, 8.96, 15.04, 11.04 ], "texture": "#mesh_palette" },
				"east": { "uv": [ 12.96, 8.96, 15.04, 11.04 ], "texture": "#mesh_palette" }
			}
		},
		{
			"__comment": "Voxels-FFFF55",
			"from": [ 8, 8.5, 6 ],
			"to": [ 8.5, 9, 6.5 ],
			"faces": {
				"up": { "uv": [ 4.96, 12.96, 7.04, 15.04 ], "texture": "#mesh_palette" },
				"north": { "uv": [ 4.96, 12.96, 7.04, 15.04 ], "texture": "#mesh_palette" },
				"west": { "uv": [ 4.96, 12.96, 7.04, 15.04 ], "texture": "#mesh_palette" },
				"east": { "uv": [ 4.96, 12.96, 7.04, 15.04 ], "texture": "#mesh_palette" }
			}
		},
		{
			"__comment": "Voxels-B7B700",
			"from": [ 8, 8.5, 8.5 ],
			"to": [ 8.5, 9, 9 ],
			"faces": {
				"down": { "uv": [ 8.96, 8.96, 11.04, 11.04 ], "texture": "#mesh_palette" },
				"west": { "uv": [ 8.96, 8.96, 11.04, 11.04 ], "texture": "#mesh_palette" },
				"east": { "uv": [ 8.96, 8.96, 11.04, 11.04 ], "texture": "#mesh_palette" }
			}
		},
		{
			"__comment": "Voxels-FFFF00",
			"from": [ 8, 8.5, 9 ],
			"to": [ 8.5, 9, 9.5 ],
			"faces": {
				"down": { "uv": [ 12.96, 8.96, 15.04, 11.04 ], "texture": "#mesh_palette" },
				"west": { "uv": [ 12.96, 8.96, 15.04, 11.04 ], "texture": "#mesh_palette" },
				"east": { "uv": [ 12.96, 8.96, 15.04, 11.04 ], "texture": "#mesh_palette" }
			}
		},
		{
			"__comment": "Voxels-FFFF00",
			"from": [ 8, 8.5, 10 ],
			"to": [ 8.5, 9, 10.5 ],
			"faces": {
				"up": { "uv": [ 12.96, 8.96, 15.04, 11.04 ], "texture": "#mesh_palette" },
				"south": { "uv": [ 12.96, 8.96, 15.04, 11.04 ], "texture": "#mesh_palette" },
				"west": { "uv": [ 12.96, 8.96, 15.04, 11.04 ], "texture": "#mesh_palette" },
				"east": { "uv": [ 12.96, 8.96, 15.04, 11.04 ], "texture": "#mesh_palette" }
			}
		},
		{
			"__comment": "Voxels-FFFF55",
			"from": [ 8, 9, 6.5 ],
			"to": [ 8.5, 9.5, 7.5 ],
			"faces": {
				"up": { "uv": [ 4.96, 12.96, 7.04, 15.04 ], "texture": "#mesh_palette" },
				"north": { "uv": [ 4.96, 12.96, 7.04, 15.04 ], "texture": "#mesh_palette" },
				"west": { "uv": [ 4.96, 12.96, 7.04, 15.04 ], "texture": "#mesh_palette" },
				"east": { "uv": [ 4.96, 12.96, 7.04, 15.04 ], "texture": "#mesh_palette" }
			}
		},
		{
			"__comment": "Voxels-FFFF00",
			"from": [ 8, 9, 9.5 ],
			"to": [ 8.5, 9.5, 10 ],
			"faces": {
				"up": { "uv": [ 12.96, 8.96, 15.04, 11.04 ], "texture": "#mesh_palette" },
				"south": { "uv": [ 12.96, 8.96, 15.04, 11.04 ], "texture": "#mesh_palette" },
				"west": { "uv": [ 12.96, 8.96, 15.04, 11.04 ], "texture": "#mesh_palette" },
				"east": { "uv": [ 12.96, 8.96, 15.04, 11.04 ], "texture": "#mesh_palette" }
			}
		},
		{
			"__comment": "Voxels-FFFF55",
			"from": [ 8, 9.5, 7.5 ],
			"to": [ 8.5, 10, 9.5 ],
			"faces": {
				"down": { "uv": [ 4.96, 12.96, 7.04, 15.04 ], "texture": "#mesh_palette" },
				"up": { "uv": [ 4.96, 12.96, 7.04, 15.04 ], "texture": "#mesh_palette" },
				"north": { "uv": [ 4.96, 12.96, 7.04, 15.04 ], "texture": "#mesh_palette" },
				"south": { "uv": [ 4.96, 12.96, 7.04, 15.04 ], "texture": "#mesh_palette" },
				"west": { "uv": [ 4.96, 12.96, 7.04, 15.04 ], "texture": "#mesh_palette" },
				"east": { "uv": [ 4.96, 12.96, 7.04, 15.04 ], "texture": "#mesh_palette" }
			}
		},
		{
			"__comment": "Voxels-3D3D3D",
			"from": [ 8.5, -3, 6.5 ],
			"to": [ 10, -1, 7.5 ],
			"faces": {
				"up": { "uv": [ 0.96, 4.96, 3.04, 7.04 ], "texture": "#mesh_palette", "cullface": "down" },
				"north": { "uv": [ 0.96, 4.96, 3.04, 7.04 ], "texture": "#mesh_palette", "cullface": "down" },
				"south": { "uv": [ 0.96, 4.96, 3.04, 7.04 ], "texture": "#mesh_palette", "cullface": "down" },
				"east": { "uv": [ 0.96, 4.96, 3.04, 7.04 ], "texture": "#mesh_palette", "cullface": "down" }
			}
		},
		{
			"__comment": "Voxels-3D3D3D",
			"from": [ 8.5, -3, 9 ],
			"to": [ 10, -2.5, 10 ],
			"faces": {
				"up": { "uv": [ 0.96, 4.96, 3.04, 7.04 ], "texture": "#mesh_palette", "cullface": "down" },
				"north": { "uv": [ 0.96, 4.96, 3.04, 7.04 ], "texture": "#mesh_palette", "cullface": "down" },
				"east": { "uv": [ 0.96, 4.96, 3.04, 7.04 ], "texture": "#mesh_palette", "cullface": "down" }
			}
		},
		{
			"__comment": "Voxels-3D3D3D",
			"from": [ 8.5, -2.5, 9.5 ],
			"to": [ 10, -1, 10 ],
			"faces": {
				"north": { "uv": [ 0.96, 4.96, 3.04, 7.04 ], "texture": "#mesh_palette", "cullface": "down" },
				"south": { "uv": [ 0.96, 4.96, 3.04, 7.04 ], "texture": "#mesh_palette", "cullface": "down" },
				"east": { "uv": [ 0.96, 4.96, 3.04, 7.04 ], "texture": "#mesh_palette", "cullface": "down" }
			}
		},
		{
			"__comment": "Voxels-3D3D3D",
			"from": [ 8.5, -2, 9 ],
			"to": [ 10.5, -1, 9.5 ],
			"faces": {
				"north": { "uv": [ 0.96, 4.96, 3.04, 7.04 ], "texture": "#mesh_palette", "cullface": "down" },
				"south": { "uv": [ 0.96, 4.96, 3.04, 7.04 ], "texture": "#mesh_palette", "cullface": "down" }
			}
		},
		{
			"__comment": "Voxels-3D3D3D",
			"from": [ 8.5, -1, 7 ],
			"to": [ 11, 0, 8 ],
			"faces": {
				"down": { "uv": [ 0.96, 4.96, 3.04, 7.04 ], "texture": "#mesh_palette", "cullface": "down" },
				"north": { "uv": [ 0.96, 4.96, 3.04, 7.04 ], "texture": "#mesh_palette", "cullface": "down" },
				"south": { "uv": [ 0.96, 4.96, 3.04, 7.04 ], "texture": "#mesh_palette", "cullface": "down" },
				"east": { "uv": [ 0.96, 4.96, 3.04, 7.04 ], "texture": "#mesh_palette", "cullface": "down" }
			}
		},
		{
			"__comment": "Voxels-3D3D3D",
			"from": [ 8.5, -1, 8.5 ],
			"to": [ 11, -0.5, 9 ],
			"faces": {
				"north": { "uv": [ 0.96, 4.96, 3.04, 7.04 ], "texture": "#mesh_palette", "cullface": "down" },
				"east": { "uv": [ 0.96, 4.96, 3.04, 7.04 ], "texture": "#mesh_palette", "cullface": "down" }
			}
		},
		{
			"__comment": "Voxels-3D3D3D",
			"from": [ 8.5, -0.5, 8 ],
			"to": [ 11, 0, 8.5 ],
			"faces": {
				"down": { "uv": [ 0.96, 4.96, 3.04, 7.04 ], "texture": "#mesh_palette", "cullface": "down" },
				"east": { "uv": [ 0.96, 4.96, 3.04, 7.04 ], "texture": "#mesh_palette", "cullface": "down" }
			}
		},
		{
			"__comment": "Voxels-3D3D3D",
			"from": [ 8.5, 0, 10.5 ],
			"to": [ 10.5, 0.5, 11 ],
			"faces": {
				"up": { "uv": [ 0.96, 4.96, 3.04, 7.04 ], "texture": "#mesh_palette" },
				"south": { "uv": [ 0.96, 4.96, 3.04, 7.04 ], "texture": "#mesh_palette" },
				"east": { "uv": [ 0.96, 4.96, 3.04, 7.04 ], "texture": "#mesh_palette" }
			}
		},
		{
			"__comment": "Voxels-FFFF00",
			"from": [ 8.5, 7.5, 6 ],
			"to": [ 9, 8.5, 6.5 ],
			"faces": {
				"up": { "uv": [ 12.96, 8.96, 15.04, 11.04 ], "texture": "#mesh_palette" },
				"north": { "uv": [ 12.96, 8.96, 15.04, 11.04 ], "texture": "#mesh_palette" },
				"south": { "uv": [ 12.96, 8.96, 15.04, 11.04 ], "texture": "#mesh_palette" },
				"east": { "uv": [ 12.96, 8.96, 15.04, 11.04 ], "texture": "#mesh_palette" }
			}
		},
		{
			"__comment": "Voxels-FFFF00",
			"from": [ 8.5, 8, 6.5 ],
			"to": [ 9, 9, 7.5 ],
			"faces": {
				"down": { "uv": [ 12.96, 8.96, 15.04, 11.04 ], "texture": "#mesh_palette" },
				"up": { "uv": [ 12.96, 8.96, 15.04, 11.04 ], "texture": "#mesh_palette" },
				"north": { "uv": [ 12.96, 8.96, 15.04, 11.04 ], "texture": "#mesh_palette" },
				"south": { "uv": [ 12.96, 8.96, 15.04, 11.04 ], "texture": "#mesh_palette" },
				"east": { "uv": [ 12.96, 8.96, 15.04, 11.04 ], "texture": "#mesh_palette" }
			}
		},
		{
			"__comment": "Voxels-FFFF00",
			"from": [ 8.5, 8.5, 7.5 ],
			"to": [ 9, 9.5, 8.5 ],
			"faces": {
				"down": { "uv": [ 12.96, 8.96, 15.04, 11.04 ], "texture": "#mesh_palette" },
				"up": { "uv": [ 12.96, 8.96, 15.04, 11.04 ], "texture": "#mesh_palette" },
				"north": { "uv": [ 12.96, 8.96, 15.04, 11.04 ], "texture": "#mesh_palette" },
				"south": { "uv": [ 12.96, 8.96, 15.04, 11.04 ], "texture": "#mesh_palette" },
				"east": { "uv": [ 12.96, 8.96, 15.04, 11.04 ], "texture": "#mesh_palette" }
			}
		},
		{
			"__comment": "Voxels-FFFF00",
			"from": [ 8.5, 9, 8.5 ],
			"to": [ 9, 9.5, 9 ],
			"faces": {
				"down": { "uv": [ 12.96, 8.96, 15.04, 11.04 ], "texture": "#mesh_palette" },
				"up": { "uv": [ 12.96, 8.96, 15.04, 11.04 ], "texture": "#mesh_palette" },
				"east": { "uv": [ 12.96, 8.96, 15.04, 11.04 ], "texture": "#mesh_palette" }
			}
		},
		{
			"__comment": "Voxels-3D3D3D",
			"from": [ 9, -3, 7.5 ],
			"to": [ 10, -2.5, 9 ],
			"faces": {
				"up": { "uv": [ 0.96, 4.96, 3.04, 7.04 ], "texture": "#mesh_palette", "cullface": "down" }
			}
		},
		{
			"__comment": "Voxels-3D3D3D",
			"from": [ 9, -2.5, 8 ],
			"to": [ 10.5, -1.5, 8.5 ],
			"faces": {
				"down": { "uv": [ 0.96, 4.96, 3.04, 7.04 ], "texture": "#mesh_palette", "cullface": "down" },
				"north": { "uv": [ 0.96, 4.96, 3.04, 7.04 ], "texture": "#mesh_palette", "cullface": "down" },
				"south": { "uv": [ 0.96, 4.96, 3.04, 7.04 ], "texture": "#mesh_palette", "cullface": "down" },
				"east": { "uv": [ 0.96, 4.96, 3.04, 7.04 ], "texture": "#mesh_palette", "cullface": "down" }
			}
		},
		{
			"__comment": "Voxels-3D3D3D",
			"from": [ 9, -2, 7.5 ],
			"to": [ 11, -1.5, 8 ],
			"faces": {
				"down": { "uv": [ 0.96, 4.96, 3.04, 7.04 ], "texture": "#mesh_palette", "cullface": "down" },
				"north": { "uv": [ 0.96, 4.96, 3.04, 7.04 ], "texture": "#mesh_palette", "cullface": "down" },
				"south": { "uv": [ 0.96, 4.96, 3.04, 7.04 ], "texture": "#mesh_palette", "cullface": "down" },
				"east": { "uv": [ 0.96, 4.96, 3.04, 7.04 ], "texture": "#mesh_palette", "cullface": "down" }
			}
		},
		{
			"__comment": "Voxels-3D3D3D",
			"from": [ 9, -2, 8.5 ],
			"to": [ 11, -1.5, 9 ],
			"faces": {
				"down": { "uv": [ 0.96, 4.96, 3.04, 7.04 ], "texture": "#mesh_palette", "cullface": "down" },
				"north": { "uv": [ 0.96, 4.96, 3.04, 7.04 ], "texture": "#mesh_palette", "cullface": "down" },
				"south": { "uv": [ 0.96, 4.96, 3.04, 7.04 ], "texture": "#mesh_palette", "cullface": "down" },
				"east": { "uv": [ 0.96, 4.96, 3.04, 7.04 ], "texture": "#mesh_palette", "cullface": "down" }
			}
		},
		{
			"__comment": "Voxels-2C2C2C",
			"from": [ 9, -1.5, 5.5 ],
			"to": [ 10.5, -1, 6 ],
			"faces": {
				"north": { "uv": [ 4.96, 0.96, 7.04, 3.04 ], "texture": "#mesh_palette", "cullface": "down" },
				"east": { "uv": [ 4.96, 0.96, 7.04, 3.04 ], "texture": "#mesh_palette", "cullface": "down" }
			}
		},
		{
			"__comment": "Voxels-3D3D3D",
			"from": [ 9, -1, 8 ],
			"to": [ 11, -0.5, 8.5 ],
			"faces": {
				"east": { "uv": [ 0.96, 4.96, 3.04, 7.04 ], "texture": "#mesh_palette", "cullface": "down" }
			}
		},
		{
			"__comment": "Voxels-626262",
			"from": [ 9, 1, 8 ],
			"to": [ 9.5, 2, 8.5 ],
			"faces": {
				"up": { "uv": [ 0.96, 8.96, 3.04, 11.04 ], "texture": "#mesh_palette" },
				"north": { "uv": [ 0.96, 8.96, 3.04, 11.04 ], "texture": "#mesh_palette" },
				"south": { "uv": [ 0.96, 8.96, 3.04, 11.04 ], "texture": "#mesh_palette" },
				"west": { "uv": [ 0.96, 8.96, 3.04, 11.04 ], "texture": "#mesh_palette" },
				"east": { "uv": [ 0.96, 8.96, 3.04, 11.04 ], "texture": "#mesh_palette" }
			}
		},
		{
			"__comment": "Voxels-626262",
			"from": [ 9, 1.5, 7.5 ],
			"to": [ 9.5, 2, 8 ],
			"faces": {
				"up": { "uv": [ 0.96, 8.96, 3.04, 11.04 ], "texture": "#mesh_palette" }
			}
		},
		{
			"__comment": "Voxels-4F4F4F",
			"from": [ 9, 1.5, 9.5 ],
			"to": [ 9.5, 2, 10 ],
			"faces": {
				"up": { "uv": [ 12.96, 4.96, 15.04, 7.04 ], "texture": "#mesh_palette" },
				"south": { "uv": [ 12.96, 4.96, 15.04, 7.04 ], "texture": "#mesh_palette" },
				"east": { "uv": [ 12.96, 4.96, 15.04, 7.04 ], "texture": "#mesh_palette" }
			}
		},
		{
			"__comment": "Voxels-4F4F4F",
			"from": [ 9.5, 0.5, 6.5 ],
			"to": [ 10.5, 1, 7 ],
			"faces": {
				"north": { "uv": [ 12.96, 4.96, 15.04, 7.04 ], "texture": "#mesh_palette" },
				"south": { "uv": [ 12.96, 4.96, 15.04, 7.04 ], "texture": "#mesh_palette" }
			}
		},
		{
			"__comment": "Voxels-4F4F4F",
			"from": [ 9.5, 1, 8 ],
			"to": [ 10.5, 1.5, 9.5 ],
			"faces": {
				"down": { "uv": [ 12.96, 4.96, 15.04, 7.04 ], "texture": "#mesh_palette" },
				"up": { "uv": [ 12.96, 4.96, 15.04, 7.04 ], "texture": "#mesh_palette" },
				"west": { "uv": [ 12.96, 4.96, 15.04, 7.04 ], "texture": "#mesh_palette" },
				"east": { "uv": [ 12.96, 4.96, 15.04, 7.04 ], "texture": "#mesh_palette" }
			}
		},
		{
			"__comment": "Voxels-4F4F4F",
			"from": [ 9.5, 1.5, 7.5 ],
			"to": [ 10, 2, 8 ],
			"faces": {
				"up": { "uv": [ 12.96, 4.96, 15.04, 7.04 ], "texture": "#mesh_palette" },
				"east": { "uv": [ 12.96, 4.96, 15.04, 7.04 ], "texture": "#mesh_palette" }
			}
		},
		{
			"__comment": "Voxels-626262",
			"from": [ 9.5, 1.5, 8 ],
			"to": [ 10, 2, 8.5 ],
			"faces": {
				"up": { "uv": [ 0.96, 8.96, 3.04, 11.04 ], "texture": "#mesh_palette" },
				"east": { "uv": [ 0.96, 8.96, 3.04, 11.04 ], "texture": "#mesh_palette" }
			}
		},
		{
			"__comment": "Voxels-4F4F4F",
			"from": [ 9.5, 1.5, 9 ],
			"to": [ 10, 2, 9.5 ],
			"faces": {
				"up": { "uv": [ 12.96, 4.96, 15.04, 7.04 ], "texture": "#mesh_palette" },
				"south": { "uv": [ 12.96, 4.96, 15.04, 7.04 ], "texture": "#mesh_palette" },
				"east": { "uv": [ 12.96, 4.96, 15.04, 7.04 ], "texture": "#mesh_palette" }
			}
		},
		{
			"__comment": "Voxels-0F0F0F",
			"from": [ 10, -4, 6.5 ],
			"to": [ 10.5, -3.5, 10 ],
			"faces": {
				"down": { "uv": [ 8.96, 0.96, 11.04, 3.04 ], "texture": "#mesh_palette", "cullface": "down" }
			}
		},
		{
			"__comment": "Voxels-1D1D1D",
			"from": [ 10, -3, 6.5 ],
			"to": [ 11, -2.5, 9.5 ],
			"faces": {
				"up": { "uv": [ 12.96, 0.96, 15.04, 3.04 ], "texture": "#mesh_palette", "cullface": "down" },
				"south": { "uv": [ 12.96, 0.96, 15.04, 3.04 ], "texture": "#mesh_palette", "cullface": "down" },
				"west": { "uv": [ 12.96, 0.96, 15.04, 3.04 ], "texture": "#mesh_palette", "cullface": "down" },
				"east": { "uv": [ 12.96, 0.96, 15.04, 3.04 ], "texture": "#mesh_palette", "cullface": "down" }
			}
		},
		{
			"__comment": "Voxels-3D3D3D",
			"from": [ 10, -2.5, 6.5 ],
			"to": [ 10.5, -1, 7.5 ],
			"faces": {
				"up": { "uv": [ 0.96, 4.96, 3.04, 7.04 ], "texture": "#mesh_palette", "cullface": "down" },
				"south": { "uv": [ 0.96, 4.96, 3.04, 7.04 ], "texture": "#mesh_palette", "cullface": "down" },
				"east": { "uv": [ 0.96, 4.96, 3.04, 7.04 ], "texture": "#mesh_palette", "cullface": "down" }
			}
		},
		{
			"__comment": "Voxels-3D3D3D",
			"from": [ 10, -2, 9.5 ],
			"to": [ 10.5, -1, 10 ],
			"faces": {
				"south": { "uv": [ 0.96, 4.96, 3.04, 7.04 ], "texture": "#mesh_palette", "cullface": "down" },
				"east": { "uv": [ 0.96, 4.96, 3.04, 7.04 ], "texture": "#mesh_palette", "cullface": "down" }
			}
		},
		{
			"__comment": "Voxels-2C2C2C",
			"from": [ 10, -2, 10.5 ],
			"to": [ 10.5, -1, 11 ],
			"faces": {
				"north": { "uv": [ 4.96, 0.96, 7.04, 3.04 ], "texture": "#mesh_palette", "cullface": "down" },
				"south": { "uv": [ 4.96, 0.96, 7.04, 3.04 ], "texture": "#mesh_palette", "cullface": "down" },
				"west": { "uv": [ 4.96, 0.96, 7.04, 3.04 ], "texture": "#mesh_palette", "cullface": "down" },
				"east": { "uv": [ 4.96, 0.96, 7.04, 3.04 ], "texture": "#mesh_palette", "cullface": "down" }
			}
		},
		{
			"__comment": "Voxels-3D3D3D",
			"from": [ 10, 0.5, 6 ],
			"to": [ 10.5, 1, 6.5 ],
			"faces": {
				"up": { "uv": [ 0.96, 4.96, 3.04, 7.04 ], "texture": "#mesh_palette" },
				"north": { "uv": [ 0.96, 4.96, 3.04, 7.04 ], "texture": "#mesh_palette" },
				"east": { "uv": [ 0.96, 4.96, 3.04, 7.04 ], "texture": "#mesh_palette" }
			}
		},
		{
			"__comment": "Voxels-4F4F4F",
			"from": [ 10, 0.5, 7 ],
			"to": [ 10.5, 1, 8.5 ],
			"faces": {
				"up": { "uv": [ 12.96, 4.96, 15.04, 7.04 ], "texture": "#mesh_palette" }
			}
		},
		{
			"__comment": "Voxels-3D3D3D",
			"from": [ 10, 0.5, 10 ],
			"to": [ 10.5, 1, 10.5 ],
			"faces": {
				"up": { "uv": [ 0.96, 4.96, 3.04, 7.04 ], "texture": "#mesh_palette" },
				"south": { "uv": [ 0.96, 4.96, 3.04, 7.04 ], "texture": "#mesh_palette" },
				"east": { "uv": [ 0.96, 4.96, 3.04, 7.04 ], "texture": "#mesh_palette" }
			}
		},
		{
			"__comment": "Voxels-2C2C2C",
			"from": [ 10.5, -4, 6 ],
			"to": [ 11, -3.5, 10.5 ],
			"faces": {
				"down": { "uv": [ 4.96, 0.96, 7.04, 3.04 ], "texture": "#mesh_palette", "cullface": "down" },
				"north": { "uv": [ 4.96, 0.96, 7.04, 3.04 ], "texture": "#mesh_palette", "cullface": "down" },
				"south": { "uv": [ 4.96, 0.96, 7.04, 3.04 ], "texture": "#mesh_palette", "cullface": "down" },
				"west": { "uv": [ 4.96, 0.96, 7.04, 3.04 ], "texture": "#mesh_palette", "cullface": "down" },
				"east": { "uv": [ 4.96, 0.96, 7.04, 3.04 ], "texture": "#mesh_palette", "cullface": "down" }
			}
		},
		{
			"__comment": "Voxels-1D1D1D",
			"from": [ 10.5, -3, 9.5 ],
			"to": [ 11, -2.5, 10 ],
			"faces": {
				"east": { "uv": [ 12.96, 0.96, 15.04, 3.04 ], "texture": "#mesh_palette", "cullface": "down" }
			}
		},
		{
			"__comment": "Voxels-2C2C2C",
			"from": [ 10.5, -2.5, 6 ],
			"to": [ 11, -0.5, 6.5 ],
			"faces": {
				"north": { "uv": [ 4.96, 0.96, 7.04, 3.04 ], "texture": "#mesh_palette", "cullface": "down" },
				"south": { "uv": [ 4.96, 0.96, 7.04, 3.04 ], "texture": "#mesh_palette", "cullface": "down" },
				"west": { "uv": [ 4.96, 0.96, 7.04, 3.04 ], "texture": "#mesh_palette", "cullface": "down" },
				"east": { "uv": [ 4.96, 0.96, 7.04, 3.04 ], "texture": "#mesh_palette", "cullface": "down" }
			}
		},
		{
			"__comment": "Voxels-2C2C2C",
			"from": [ 10.5, -2.5, 6.5 ],
			"to": [ 11, -1.5, 7 ],
			"faces": {
				"south": { "uv": [ 4.96, 0.96, 7.04, 3.04 ], "texture": "#mesh_palette", "cullface": "down" },
				"east": { "uv": [ 4.96, 0.96, 7.04, 3.04 ], "texture": "#mesh_palette", "cullface": "down" }
			}
		},
		{
			"__comment": "Voxels-2C2C2C",
			"from": [ 10.5, -2.5, 7 ],
			"to": [ 11, -2, 10.5 ],
			"faces": {
				"down": { "uv": [ 4.96, 0.96, 7.04, 3.04 ], "texture": "#mesh_palette", "cullface": "down" },
				"up": { "uv": [ 4.96, 0.96, 7.04, 3.04 ], "texture": "#mesh_palette", "cullface": "down" },
				"south": { "uv": [ 4.96, 0.96, 7.04, 3.04 ], "texture": "#mesh_palette", "cullface": "down" },
				"west": { "uv": [ 4.96, 0.96, 7.04, 3.04 ], "texture": "#mesh_palette", "cullface": "down" },
				"east": { "uv": [ 4.96, 0.96, 7.04, 3.04 ], "texture": "#mesh_palette", "cullface": "down" }
			}
		},
		{
			"__comment": "Voxels-3D3D3D",
			"from": [ 10.5, -2, 7 ],
			"to": [ 11, -1, 7.5 ],
			"faces": {
				"north": { "uv": [ 0.96, 4.96, 3.04, 7.04 ], "texture": "#mesh_palette", "cullface": "down" },
				"south": { "uv": [ 0.96, 4.96, 3.04, 7.04 ], "texture": "#mesh_palette", "cullface": "down" },
				"east": { "uv": [ 0.96, 4.96, 3.04, 7.04 ], "texture": "#mesh_palette", "cullface": "down" }
			}
		},
		{
			"__comment": "Voxels-3D3D3D",
			"from": [ 10.5, -2, 8 ],
			"to": [ 11, -1.5, 8.5 ],
			"faces": {
				"east": { "uv": [ 0.96, 4.96, 3.04, 7.04 ], "texture": "#mesh_palette", "cullface": "down" }
			}
		},
		{
			"__comment": "Voxels-2C2C2C",
			"from": [ 10.5, -2, 9 ],
			"to": [ 11, -1, 9.5 ],
			"faces": {
				"north": { "uv": [ 4.96, 0.96, 7.04, 3.04 ], "texture": "#mesh_palette", "cullface": "down" },
				"south": { "uv": [ 4.96, 0.96, 7.04, 3.04 ], "texture": "#mesh_palette", "cullface": "down" },
				"east": { "uv": [ 4.96, 0.96, 7.04, 3.04 ], "texture": "#mesh_palette", "cullface": "down" }
			}
		},
		{
			"__comment": "Voxels-2C2C2C",
			"from": [ 10.5, -2, 9.5 ],
			"to": [ 11, -1.5, 10.5 ],
			"faces": {
				"up": { "uv": [ 4.96, 0.96, 7.04, 3.04 ], "texture": "#mesh_palette", "cullface": "down" },
				"south": { "uv": [ 4.96, 0.96, 7.04, 3.04 ], "texture": "#mesh_palette", "cullface": "down" },
				"west": { "uv": [ 4.96, 0.96, 7.04, 3.04 ], "texture": "#mesh_palette", "cullface": "down" },
				"east": { "uv": [ 4.96, 0.96, 7.04, 3.04 ], "texture": "#mesh_palette", "cullface": "down" }
			}
		},
		{
			"__comment": "Voxels-3D3D3D",
			"from": [ 10.5, -1.5, 6.5 ],
			"to": [ 11, 1, 7 ],
			"faces": {
				"up": { "uv": [ 0.96, 4.96, 3.04, 7.04 ], "texture": "#mesh_palette", "cullface": "down" },
				"north": { "uv": [ 0.96, 4.96, 3.04, 7.04 ], "texture": "#mesh_palette", "cullface": "down" },
				"south": { "uv": [ 0.96, 4.96, 3.04, 7.04 ], "texture": "#mesh_palette", "cullface": "down" },
				"west": { "uv": [ 0.96, 4.96, 3.04, 7.04 ], "texture": "#mesh_palette", "cullface": "down" },
				"east": { "uv": [ 0.96, 4.96, 3.04, 7.04 ], "texture": "#mesh_palette", "cullface": "down" }
			}
		},
		{
			"__comment": "Voxels-3D3D3D",
			"from": [ 10.5, -1.5, 9.5 ],
			"to": [ 11, -1, 10 ],
			"faces": {
				"east": { "uv": [ 0.96, 4.96, 3.04, 7.04 ], "texture": "#mesh_palette", "cullface": "down" }
			}
		},
		{
			"__comment": "Voxels-2C2C2C",
			"from": [ 10.5, -1.5, 10 ],
			"to": [ 11, -1, 10.5 ],
			"faces": {
				"south": { "uv": [ 4.96, 0.96, 7.04, 3.04 ], "texture": "#mesh_palette", "cullface": "down" },
				"east": { "uv": [ 4.96, 0.96, 7.04, 3.04 ], "texture": "#mesh_palette", "cullface": "down" }
			}
		},
		{
			"__comment": "Voxels-3D3D3D",
			"from": [ 10.5, -1, 10 ],
			"to": [ 11, -0.5, 10.5 ],
			"faces": {
				"south": { "uv": [ 0.96, 4.96, 3.04, 7.04 ], "texture": "#mesh_palette", "cullface": "down" },
				"east": { "uv": [ 0.96, 4.96, 3.04, 7.04 ], "texture": "#mesh_palette", "cullface": "down" }
			}
		},
		{
			"__comment": "Voxels-3D3D3D",
			"from": [ 10.5, -0.5, 6 ],
			"to": [ 11, 0.5, 6.5 ],
			"faces": {
				"up": { "uv": [ 0.96, 4.96, 3.04, 7.04 ], "texture": "#mesh_palette", "cullface": "down" },
				"north": { "uv": [ 0.96, 4.96, 3.04, 7.04 ], "texture": "#mesh_palette", "cullface": "down" },
				"east": { "uv": [ 0.96, 4.96, 3.04, 7.04 ], "texture": "#mesh_palette", "cullface": "down" }
			}
		},
		{
			"__comment": "Voxels-3D3D3D",
			"from": [ 10.5, 0, 10 ],
			"to": [ 11, 0.5, 10.5 ],
			"faces": {
				"up": { "uv": [ 0.96, 4.96, 3.04, 7.04 ], "texture": "#mesh_palette" },
				"south": { "uv": [ 0.96, 4.96, 3.04, 7.04 ], "texture": "#mesh_palette" },
				"east": { "uv": [ 0.96, 4.96, 3.04, 7.04 ], "texture": "#mesh_palette" }
			}
		},
		{
			"__comment": "Voxels-3D3D3D",
			"from": [ 10.5, 0.5, 7 ],
			"to": [ 11, 1, 10 ],
			"faces": {
				"down": { "uv": [ 0.96, 4.96, 3.04, 7.04 ], "texture": "#mesh_palette" },
				"up": { "uv": [ 0.96, 4.96, 3.04, 7.04 ], "texture": "#mesh_palette" },
				"south": { "uv": [ 0.96, 4.96, 3.04, 7.04 ], "texture": "#mesh_palette" },
				"west": { "uv": [ 0.96, 4.96, 3.04, 7.04 ], "texture": "#mesh_palette" },
				"east": { "uv": [ 0.96, 4.96, 3.04, 7.04 ], "texture": "#mesh_palette" }
			}
		}
	],
	"display": {
		"thirdperson_righthand": {
			"rotation":  [ -90, 180, 0 ],
			"translation":  [ 0.34, -1.8, -6.9 ],
			"scale":  [ 0.9, 0.9, 0.8 ]
		},
		"thirdperson_lefthand": {
			"rotation":  [ -90, 180, 0 ],
			"translation":  [ -0.1, -1.8, -6.9 ],
			"scale":  [ 0.9, 0.9, 0.8 ]
		},
		"firstperson_righthand": {
			"rotation":  [ -49, 180, 0 ],
			"translation":  [ -1.391, 6.2608, 0 ],
			"scale":  [ 0.5, 0.5, 0.5 ]
		},
		"firstperson_lefthand": {
			"rotation":  [ -49, 180, 0 ],
			"translation":  [ -1.391, 6.2608, 0 ],
			"scale":  [ 0.5, 0.5, 0.5 ]
		},
		"gui": {
			"rotation":  [ 30, 225, 0 ],
			"translation":  [ 0, 2.7826, 0 ],
			"scale":  [ 0.625, 0.625, 0.625 ]
		},
		"head": {
			"translation":  [ 0, -35, 0 ]
		},
		"ground": {
			"translation":  [ 0, 3.3913, 0 ],
			"scale":  [ 0.5, 0.5, 0.5 ]
		},
		"fixed": {
			"rotation":  [ 0, 90, 0 ],
			"translation":  [ 0, 3.4782, 0 ]
		}
	}
}