{
	"__comment": "Designed by Monsterfish_ with Cubik Studio - https://cubik.studio",
	"textures": {
		"particle": "blocks/surf",
		"mesh_atlas": "blocks/surf"
	},
	"elements": [ 	 
		{
			"__comment": "Voxels",
			"from": [ 1, 0, 4 ],
			"to": [ 15, 2, 15 ],
			"faces": {
				"down": { "uv": [ 0, 13.25, 3.5, 16 ], "texture": "#mesh_atlas", "cullface": "down" },
				"up": { "uv": [ 0, 13.25, 3.5, 10.5 ], "texture": "#mesh_atlas" },
				"north": { "uv": [ 3.5, 8, 0, 8.5 ], "texture": "#mesh_atlas" },
				"south": { "uv": [ 11.5, 15.5, 15, 16 ], "texture": "#mesh_atlas" },
				"west": { "uv": [ 6.5, 14, 9.25, 14.5 ], "texture": "#mesh_atlas" },
				"east": { "uv": [ 9.25, 13.5, 6.5, 14 ], "texture": "#mesh_atlas" }
			}
		},
		{
			"__comment": "Voxels",
			"from": [ 2, 0.25, -4 ],
			"to": [ 14, 2.25, 4 ],
			"faces": {
				"down": { "uv": [ 0, 8.5, 3, 10.5 ], "texture": "#mesh_atlas", "cullface": "north" },
				"up": { "uv": [ 3.5, 16, 6.5, 14 ], "texture": "#mesh_atlas", "cullface": "north" },
				"north": { "uv": [ 14.5, 15, 11.5, 15.5 ], "texture": "#mesh_atlas", "cullface": "north" },
				"south": { "uv": [ 6.5, 14.5, 9.5, 15 ], "texture": "#mesh_atlas", "cullface": "north" },
				"west": { "uv": [ 6.5, 11, 8.5, 11.5 ], "texture": "#mesh_atlas", "cullface": "north" },
				"east": { "uv": [ 8.5, 10.5, 6.5, 11 ], "texture": "#mesh_atlas", "cullface": "north" }
			}
		},
		{
			"__comment": "Voxels",
			"from": [ 2, 0.25, 15 ],
			"to": [ 14, 2.25, 23 ],
			"faces": {
				"down": { "uv": [ 3.5, 12, 6.5, 14 ], "texture": "#mesh_atlas", "cullface": "south" },
				"up": { "uv": [ 3.5, 12, 6.5, 10 ], "texture": "#mesh_atlas", "cullface": "south" },
				"north": { "uv": [ 12.5, 14.5, 9.5, 15 ], "texture": "#mesh_atlas", "cullface": "south" },
				"south": { "uv": [ 12.5, 14.5, 15.5, 15 ], "texture": "#mesh_atlas", "cullface": "south" },
				"west": { "uv": [ 6.5, 10, 8.5, 10.5 ], "texture": "#mesh_atlas", "cullface": "south" },
				"east": { "uv": [ 8.5, 9.5, 6.5, 10 ], "texture": "#mesh_atlas", "cullface": "south" }
			}
		},
		{
			"__comment": "Voxels",
			"from": [ 3, 0.5, -8 ],
			"to": [ 13, 2.5, -4 ],
			"faces": {
				"down": { "uv": [ 6.5, 15, 9, 16 ], "texture": "#mesh_atlas", "cullface": "north" },
				"up": { "uv": [ 9, 16, 11.5, 15 ], "texture": "#mesh_atlas", "cullface": "north" },
				"north": { "uv": [ 9, 12, 6.5, 12.5 ], "texture": "#mesh_atlas", "cullface": "north" },
				"south": { "uv": [ 6.5, 11.5, 9, 12 ], "texture": "#mesh_atlas", "cullface": "north" },
				"west": { "uv": [ 15, 15.5, 16, 16 ], "texture": "#mesh_atlas", "cullface": "north" },
				"east": { "uv": [ 16, 15, 15, 15.5 ], "texture": "#mesh_atlas", "cullface": "north" }
			}
		},
		{
			"__comment": "Voxels",
			"from": [ 3, 0.5, 23 ],
			"to": [ 13, 2.5, 27 ],
			"faces": {
				"down": { "uv": [ 3.5, 9, 6, 10 ], "texture": "#mesh_atlas", "cullface": "south" },
				"up": { "uv": [ 3.5, 9, 6, 8 ], "texture": "#mesh_atlas", "cullface": "south" },
				"north": { "uv": [ 9, 13, 6.5, 13.5 ], "texture": "#mesh_atlas", "cullface": "south" },
				"south": { "uv": [ 6.5, 12.5, 9, 13 ], "texture": "#mesh_atlas", "cullface": "south" },
				"west": { "uv": [ 14.75, 13.5, 15.75, 14 ], "texture": "#mesh_atlas", "cullface": "south" },
				"east": { "uv": [ 10.25, 9.5, 9.25, 10 ], "texture": "#mesh_atlas", "cullface": "south" }
			}
		},
		{
			"__comment": "Voxels",
			"from": [ 4, 0.875, -10 ],
			"to": [ 12, 2.875, -8 ],
			"faces": {
				"down": { "uv": [ 11.25, 14, 13.25, 14.5 ], "texture": "#mesh_atlas", "cullface": "north" },
				"up": { "uv": [ 13.25, 14.5, 15.25, 14 ], "texture": "#mesh_atlas", "cullface": "north" },
				"north": { "uv": [ 11.25, 13.5, 9.25, 14 ], "texture": "#mesh_atlas", "cullface": "north" },
				"south": { "uv": [ 11.25, 13.5, 13.25, 14 ], "texture": "#mesh_atlas", "cullface": "north" },
				"west": { "uv": [ 3, 10, 3.5, 10.5 ], "texture": "#mesh_atlas", "cullface": "north" },
				"east": { "uv": [ 3.5, 9.5, 3, 10 ], "texture": "#mesh_atlas", "cullface": "north" }
			}
		},
		{
			"__comment": "Voxels",
			"from": [ 4, 0.875, 27 ],
			"to": [ 12, 2.875, 29 ],
			"faces": {
				"down": { "uv": [ 6.5, 9, 8.5, 9.5 ], "texture": "#mesh_atlas", "cullface": "south" },
				"up": { "uv": [ 6.5, 9, 8.5, 8.5 ], "texture": "#mesh_atlas", "cullface": "south" },
				"north": { "uv": [ 8.5, 8, 6.5, 8.5 ], "texture": "#mesh_atlas", "cullface": "south" },
				"south": { "uv": [ 9.25, 14, 11.25, 14.5 ], "texture": "#mesh_atlas", "cullface": "south" },
				"west": { "uv": [ 3, 9, 3.5, 9.5 ], "texture": "#mesh_atlas", "cullface": "south" },
				"east": { "uv": [ 3.5, 8.5, 3, 9 ], "texture": "#mesh_atlas", "cullface": "south" }
			}
		},
		{
			"__comment": "Voxels",
			"from": [ 5, 1.125, -12 ],
			"to": [ 11, 3.125, -10 ],
			"faces": {
				"down": { "uv": [ 13.25, 13.5, 14.75, 14 ], "texture": "#mesh_atlas", "cullface": "north" },
				"up": { "uv": [ 9.25, 13.5, 10.75, 13 ], "texture": "#mesh_atlas", "cullface": "north" },
				"north": { "uv": [ 10.75, 12.5, 9.25, 13 ], "texture": "#mesh_atlas", "cullface": "north" },
				"south": { "uv": [ 9.25, 12, 10.75, 12.5 ], "texture": "#mesh_atlas", "cullface": "north" },
				"west": { "uv": [ 6, 9.5, 6.5, 10 ], "texture": "#mesh_atlas", "cullface": "north" },
				"east": { "uv": [ 6.5, 9, 6, 9.5 ], "texture": "#mesh_atlas", "cullface": "north" }
			}
		},
		{
			"__comment": "Voxels",
			"from": [ 5, 1.125, 29 ],
			"to": [ 11, 3.125, 31 ],
			"faces": {
				"down": { "uv": [ 9.25, 11.5, 10.75, 12 ], "texture": "#mesh_atlas", "cullface": "south" },
				"up": { "uv": [ 9.25, 11.5, 10.75, 11 ], "texture": "#mesh_atlas", "cullface": "south" },
				"north": { "uv": [ 10.75, 10.5, 9.25, 11 ], "texture": "#mesh_atlas", "cullface": "south" },
				"south": { "uv": [ 9.25, 10, 10.75, 10.5 ], "texture": "#mesh_atlas", "cullface": "south" },
				"west": { "uv": [ 6, 8.5, 6.5, 9 ], "texture": "#mesh_atlas", "cullface": "south" },
				"east": { "uv": [ 6.5, 8, 6, 8.5 ], "texture": "#mesh_atlas", "cullface": "south" }
			}
		},
		{
			"__comment": "Voxels",
			"from": [ 6, 1.625, -13 ],
			"to": [ 10, 3.625, -12 ],
			"faces": {
				"down": { "uv": [ 11.75, 13.25, 12.75, 13.5 ], "texture": "#mesh_atlas", "cullface": "north" },
				"up": { "uv": [ 11.75, 13.25, 12.75, 13 ], "texture": "#mesh_atlas", "cullface": "north" },
				"north": { "uv": [ 10.25, 9, 9.25, 9.5 ], "texture": "#mesh_atlas", "cullface": "north" },
				"south": { "uv": [ 9.25, 8.5, 10.25, 9 ], "texture": "#mesh_atlas", "cullface": "north" },
				"west": { "uv": [ 14.5, 15, 14.75, 15.5 ], "texture": "#mesh_atlas", "cullface": "north" },
				"east": { "uv": [ 15, 15, 14.75, 15.5 ], "texture": "#mesh_atlas", "cullface": "north" }
			}
		},
		{
			"__comment": "Voxels",
			"from": [ 6, 1.5, 31 ],
			"to": [ 10, 3.5, 32 ],
			"faces": {
				"down": { "uv": [ 12.75, 13.25, 13.75, 13.5 ], "texture": "#mesh_atlas", "cullface": "south" },
				"up": { "uv": [ 12.75, 13.25, 13.75, 13 ], "texture": "#mesh_atlas", "cullface": "south" },
				"north": { "uv": [ 10.25, 8, 9.25, 8.5 ], "texture": "#mesh_atlas", "cullface": "south" },
				"south": { "uv": [ 10.75, 13, 11.75, 13.5 ], "texture": "#mesh_atlas", "cullface": "south" },
				"west": { "uv": [ 15.5, 14.5, 15.75, 15 ], "texture": "#mesh_atlas", "cullface": "south" },
				"east": { "uv": [ 16, 14.5, 15.75, 15 ], "texture": "#mesh_atlas", "cullface": "south" }
			}
		}
	],
	"display": {
		"thirdperson_righthand": {
			"rotation":  [ -88, 180, 86 ],
			"translation":  [ 4.8695, 2.7826, -0.695 ]
		},
		"thirdperson_lefthand": {
			"rotation":  [ -88, 180, 86 ],
			"translation":  [ 4.8695, 2.7826, -0.695 ]
		},
		"firstperson_righthand": {
			"rotation":  [ 14, 11, 19 ],
			"translation":  [ 0, 5.5652, 0 ],
			"scale":  [ 0.4, 0.4, 0.4 ]
		},
		"firstperson_lefthand": {
			"rotation":  [ 14, 11, 19 ],
			"translation":  [ 0, 5.5652, 0 ],
			"scale":  [ 0.4, 0.4, 0.4 ]
		},
		"gui": {
			"rotation":  [ 25, 152, 6 ],
			"translation":  [ 0, 0.6956, 0 ],
			"scale":  [ 0.5, 0.5, 0.5 ]
		},
		"head": {
			"translation":  [ 0, -32, 0 ],
			"scale":  [ 1.6, 1.6, 1.6 ]
		},
		"ground": {
			"translation":  [ 0, 3, 0 ],
			"scale":  [ 0.25, 0.25, 0.25 ]
		},
		"fixed": {
			"rotation":  [ 0, 90, 0 ],
			"scale":  [ 0.5, 0.5, 0.5 ]
		}
	}
}