{
"__comment": "Designed by Zorigami",
"textures": {
    "particle": "blocks/furniture/control_panel",
    "bottom": "blocks/furniture/control_panel"
},
"elements": [ 
{
    "from": [ 0, 0, 14 ],
    "to": [ 16, 16, 16 ],
    "faces": {
        "down":  { "uv": [ 0.001, 15.001, 15.999, 15.999 ], "rotation": 180, "texture": "#bottom", "cullface": "down" },
        "up":    { "uv": [ 0.0010000000474974513, 0.0010000000474974513, 15.99899959564209, 0.99900001287460327 ], "rotation": 180, "texture": "#bottom" },
        "north": { "uv": [ 0.0010000000474974513, 0.0010000000474974513, 15.99899959564209, 15.99899959564209 ], "texture": "#bottom", "cullface": "north" },
        "south": { "uv": [ 15.99899959564209, 0.0010000000474974513, 0.0010000000474974513, 15.99899959564209 ], "texture": "#bottom", "cullface": "south" },
        "west":  { "uv": [ 15.00100040435791, 0.0010000000474974513, 15.99899959564209, 15.99899959564209 ], "texture": "#bottom", "cullface": "west" },
        "east":  { "uv": [ 0.99900001287460327, 0.0010000000474974513, 0.0010000000474974513, 15.99899959564209 ], "texture": "#bottom" }
    }
}
],
"display": {
    "head": {
        "rotation": [ 0, 0, 0 ],
        "translation": [ 0, -30.5, 0 ],
        "scale": [ 1.6, 1.6, 1.6 ]
    }
}
}