{
"__comment": "Designed by Zorigami",
"textures": {
    "particle": "items/iphones/iphone3",
    "texture": "items/iphones/iphone3",
    "iphone_back": "items/iphones/iphone3_back"
},
"elements": [ 
{
    "from": [ 4.75, 1.5, 7.5 ],
    "to": [ 11.25, 15, 8.5 ],
    "faces": {
        "down":  { "uv": [ 4.501, 14.001, 10.999, 14.499 ], "texture": "#iphone_back" },
        "up":    { "uv": [ 4.501, 1.001, 10.999, 1.499 ], "texture": "#iphone_back" },
        "north": { "uv": [ 4.501, 1.001, 10.999, 14.499 ], "texture": "#iphone_back" },
        "south": { "uv": [ 4.501, 1.001, 10.999, 14.499 ], "texture": "#texture" },
        "west":  { "uv": [ 4.501, 1.001, 4.999, 14.499 ], "texture": "#iphone_back" },
        "east":  { "uv": [ 10.501, 1.001, 10.999, 14.499 ], "texture": "#iphone_back" }
    }
},
{
    "from": [ 4.25, 2, 7.5 ],
    "to": [ 11.75, 14.5, 8.5 ],
    "faces": {
        "down":  { "uv": [ 4.001, 13.501, 11.499, 13.999 ], "texture": "#iphone_back" },
        "up":    { "uv": [ 4.001, 1.501, 11.499, 1.999 ], "texture": "#iphone_back" },
        "north": { "uv": [ 4.001, 1.501, 11.499, 13.999 ], "texture": "#iphone_back" },
        "south": { "uv": [ 4.001, 1.501, 11.499, 13.999 ], "texture": "#texture" },
        "west":  { "uv": [ 4.001, 1.501, 4.499, 13.999 ], "texture": "#iphone_back" },
        "east":  { "uv": [ 11.001, 1.501, 11.499, 13.999 ], "texture": "#iphone_back" }
    }
},
{
    "from": [ 4.75, 2, 7.25 ],
    "to": [ 11.25, 14.5, 7.75 ],
    "faces": {
        "down":  { "uv": [ 10.999, 13.501, 4.501, 13.999 ], "texture": "#iphone_back" },
        "up":    { "uv": [ 10.999, 1.501, 4.501, 1.999 ], "texture": "#iphone_back" },
        "north": { "uv": [ 4.501, 1.501, 10.999, 13.999 ], "texture": "#iphone_back" },
        "south": { "uv": [ 4.501, 1.501, 10.999, 13.999 ], "texture": "#texture" },
        "west":  { "uv": [ 10.501, 1.501, 10.999, 13.999 ], "texture": "#iphone_back" },
        "east":  { "uv": [ 4.501, 1.501, 4.999, 13.999 ], "texture": "#iphone_back" }
    }
},
{
    "__comment": "Front",
    "from": [ 4.75, 14, 8.5 ],
    "to": [ 11.25, 14.5, 8.75 ],
    "faces": {
        "down":  { "uv": [ 4.501, 1.501, 10.999, 1.999 ], "texture": "#texture" },
        "up":    { "uv": [ 4.501, 1.501, 10.999, 1.999 ], "texture": "#texture" },
        "north": { "uv": [ 4.501, 1.501, 10.999, 1.999 ], "texture": "#texture" },
        "south": { "uv": [ 4.501, 1.501, 10.999, 1.999 ], "texture": "#texture" },
        "west":  { "uv": [ 4.501, 1.501, 4.999, 1.999 ], "texture": "#texture" },
        "east":  { "uv": [ 10.501, 1.501, 10.999, 1.999 ], "texture": "#texture" }
    }
},
{
    "__comment": "Front*",
    "from": [ 4.25, 3, 8.5 ],
    "to": [ 4.75, 14, 8.75 ],
    "faces": {
        "down":  { "uv": [ 4.001, 12.501, 4.499, 12.999 ], "texture": "#texture" },
        "up":    { "uv": [ 4.001, 2.001, 4.499, 2.499 ], "texture": "#texture" },
        "north": { "uv": [ 4.001, 2.001, 4.499, 12.999 ], "texture": "#texture" },
        "south": { "uv": [ 4.001, 2.001, 4.499, 12.999 ], "texture": "#texture" },
        "west":  { "uv": [ 4.001, 2.001, 4.499, 12.999 ], "texture": "#texture" },
        "east":  { "uv": [ 4.001, 2.001, 4.499, 12.999 ], "texture": "#texture" }
    }
},
{
    "__comment": "Front*",
    "from": [ 11.25, 3, 8.5 ],
    "to": [ 11.75, 14, 8.75 ],
    "faces": {
        "down":  { "uv": [ 11.001, 12.501, 11.499, 12.999 ], "texture": "#texture" },
        "up":    { "uv": [ 11.001, 2.001, 11.499, 2.499 ], "texture": "#texture" },
        "north": { "uv": [ 11.001, 2.001, 11.499, 12.999 ], "texture": "#texture" },
        "south": { "uv": [ 11.001, 2.001, 11.499, 12.999 ], "texture": "#texture" },
        "west":  { "uv": [ 11.001, 2.001, 11.499, 12.999 ], "texture": "#texture" },
        "east":  { "uv": [ 11.001, 2.001, 11.499, 12.999 ], "texture": "#texture" }
    }
},
{
    "__comment": "Front*",
    "from": [ 4.75, 2, 8.5 ],
    "to": [ 11.25, 3, 8.75 ],
    "faces": {
        "down":  { "uv": [ 4.501, 13.501, 10.999, 13.999 ], "texture": "#texture" },
        "up":    { "uv": [ 4.501, 13.001, 10.999, 13.499 ], "texture": "#texture" },
        "north": { "uv": [ 4.501, 13.001, 10.999, 13.999 ], "texture": "#texture" },
        "south": { "uv": [ 4.501, 13.001, 10.999, 13.999 ], "texture": "#texture" },
        "west":  { "uv": [ 4.501, 13.001, 4.999, 13.999 ], "texture": "#texture" },
        "east":  { "uv": [ 10.501, 13.001, 10.999, 13.999 ], "texture": "#texture" }
    }
},
{
    "__comment": "Front*",
    "from": [ 5.25, 1.5, 8.5 ],
    "to": [ 10.75, 2, 8.75 ],
    "faces": {
        "down":  { "uv": [ 5.001, 14.001, 10.499, 14.499 ], "texture": "#texture" },
        "up":    { "uv": [ 5.001, 14.001, 10.499, 14.499 ], "texture": "#texture" },
        "north": { "uv": [ 5.001, 14.001, 10.499, 14.499 ], "texture": "#texture" },
        "south": { "uv": [ 5.001, 14.001, 10.499, 14.499 ], "texture": "#texture" },
        "west":  { "uv": [ 5.001, 14.001, 5.499, 14.499 ], "texture": "#texture" },
        "east":  { "uv": [ 10.001, 14.001, 10.499, 14.499 ], "texture": "#texture" }
    }
}
],
"display": {
    "thirdperson_righthand": {
        "rotation": [ 0, -90, 0 ],
        "translation": [ 0, -2.27, -1.51 ],
        "scale": [ 0.5, 0.5, 0.5 ]
    },
    "thirdperson_lefthand": {
        "rotation": [ 0, -90, 0 ],
        "translation": [ 0, -2.27, -1.51 ],
        "scale": [ 0.5, 0.5, 0.5 ]
    },
    "ground": {
        "rotation": [ -90, 0, 0 ],
        "translation": [ 0, 0, 0 ],
        "scale": [ 0.5, 0.5, 0.5 ]
    },
    "fixed": {
        "rotation": [ 0, 180, 0 ],
        "translation": [ 0, 0, 0 ],
        "scale": [ 1, 1, 1 ]
    },
    "firstperson_righthand": {
        "rotation": [ 0, -17, 0 ],
        "translation": [ -0.76, 3.02, -0.94 ],
        "scale": [ 0.5, 0.5, 0.5 ]
    },
    "firstperson_lefthand": {
        "rotation": [ 0, -17, 0 ],
        "translation": [ -0.76, 3.02, -0.94 ],
        "scale": [ 0.5, 0.5, 0.5 ]
    },
    "gui": {
        "rotation": [ 0, 0, 0 ],
        "translation": [ 0, -0.38, 0 ],
        "scale": [ 1.2, 1.2, 1.2 ]
    }
}
}