{
"textures": {
    "textures": "items/keys/t4"
},
"elements": [ 
{
    "from": [ 13.25, 8.5, 11.5 ],
    "to": [ 15.25, 9, 12 ],
    "faces": {
        "down":  { "uv": [ 2, 0, 5.5, 3 ], "rotation": 180, "texture": "#textures" },
        "up":    { "uv": [ 0, 1, 5, 5 ], "rotation": 180, "texture": "#textures" },
        "north": { "uv": [ 3, 0.5, 6.5, 5 ], "texture": "#textures" },
        "south": { "uv": [ 2, 1, 5.5, 5 ], "texture": "#textures" },
        "west":  { "uv": [ 2.5, 2.5, 5.5, 6 ], "texture": "#textures" },
        "east":  { "uv": [ 2.5, 1.5, 6, 5.5 ], "texture": "#textures" }
    }
},
{
    "from": [ 13.25, 8.5, 13.5 ],
    "to": [ 15.25, 10, 14 ],
    "faces": {
        "down":  { "uv": [ 9, 1, 12.5, 4 ], "rotation": 180, "texture": "#textures" },
        "up":    { "uv": [ 8, 0.5, 13, 4.5 ], "rotation": 180, "texture": "#textures" },
        "north": { "uv": [ 9.5, 1.5, 13, 6 ], "texture": "#textures" },
        "south": { "uv": [ 9, 1, 12.5, 5 ], "texture": "#textures" },
        "west":  { "uv": [ 7, 1.5, 10, 5 ], "texture": "#textures" },
        "east":  { "uv": [ 8, 1, 11.5, 5 ], "texture": "#textures" }
    }
},
{
    "from": [ 13.25, 9, 11.5 ],
    "to": [ 15, 10.5, 12 ],
    "faces": {
        "down":  { "uv": [ 2, 0, 5.5, 3 ], "rotation": 180, "texture": "#textures" },
        "up":    { "uv": [ 0, 1, 5, 5 ], "rotation": 180, "texture": "#textures" },
        "north": { "uv": [ 3, 0.5, 6.5, 5 ], "texture": "#textures" },
        "south": { "uv": [ 2, 1, 5.5, 5 ], "texture": "#textures" },
        "west":  { "uv": [ 2.5, 2.5, 5.5, 6 ], "texture": "#textures" },
        "east":  { "uv": [ 2.5, 1.5, 6, 5.5 ], "texture": "#textures" }
    }
},
{
    "from": [ 13.25, 9, 12 ],
    "to": [ 15, 9.5, 12.5 ],
    "faces": {
        "down":  { "uv": [ 2, 0, 5.5, 3 ], "rotation": 180, "texture": "#textures" },
        "up":    { "uv": [ 0, 1, 5, 5 ], "rotation": 180, "texture": "#textures" },
        "north": { "uv": [ 3, 0.5, 6.5, 5 ], "texture": "#textures" },
        "south": { "uv": [ 2, 1, 5.5, 5 ], "texture": "#textures" },
        "west":  { "uv": [ 2.5, 2.5, 5.5, 6 ], "texture": "#textures" },
        "east":  { "uv": [ 2.5, 1.5, 6, 5.5 ], "texture": "#textures" }
    }
},
{
    "from": [ 13.25, 9, 14 ],
    "to": [ 14.75, 9.5, 14.5 ],
    "faces": {
        "down":  { "uv": [ 9, 1, 12.5, 4 ], "rotation": 180, "texture": "#textures" },
        "up":    { "uv": [ 8, 0.5, 13, 4.5 ], "rotation": 180, "texture": "#textures" },
        "north": { "uv": [ 9.5, 1.5, 13, 6 ], "texture": "#textures" },
        "south": { "uv": [ 9, 1, 12.5, 5 ], "texture": "#textures" },
        "west":  { "uv": [ 7, 1.5, 10, 5 ], "texture": "#textures" },
        "east":  { "uv": [ 8, 1, 11.5, 5 ], "texture": "#textures" }
    }
},
{
    "from": [ 13.25, 9, 14.5 ],
    "to": [ 14.75, 10.5, 15 ],
    "faces": {
        "down":  { "uv": [ 9, 1, 12.5, 4 ], "rotation": 180, "texture": "#textures" },
        "up":    { "uv": [ 8, 0.5, 13, 4.5 ], "rotation": 180, "texture": "#textures" },
        "north": { "uv": [ 9.5, 1.5, 13, 6 ], "texture": "#textures" },
        "south": { "uv": [ 9, 1, 12.5, 5 ], "texture": "#textures" },
        "west":  { "uv": [ 7, 1.5, 10, 5 ], "texture": "#textures" },
        "east":  { "uv": [ 8, 1, 11.5, 5 ], "texture": "#textures" }
    }
},
{
    "from": [ 13.25, 10, 12 ],
    "to": [ 14.75, 10.5, 13 ],
    "faces": {
        "down":  { "uv": [ 2, 0, 5.5, 3 ], "rotation": 180, "texture": "#textures" },
        "up":    { "uv": [ 0, 1, 5, 5 ], "rotation": 180, "texture": "#textures" },
        "north": { "uv": [ 3, 0.5, 6.5, 5 ], "texture": "#textures" },
        "south": { "uv": [ 2, 1, 5.5, 5 ], "texture": "#textures" },
        "west":  { "uv": [ 2.5, 2.5, 5.5, 6 ], "texture": "#textures" },
        "east":  { "uv": [ 2.5, 1.5, 6, 5.5 ], "texture": "#textures" }
    }
},
{
    "from": [ 13.25, 10, 13.5 ],
    "to": [ 15, 10.5, 14.5 ],
    "faces": {
        "down":  { "uv": [ 9, 1, 12.5, 4 ], "rotation": 180, "texture": "#textures" },
        "up":    { "uv": [ 8, 0.5, 13, 4.5 ], "rotation": 180, "texture": "#textures" },
        "north": { "uv": [ 9.5, 1.5, 13, 6 ], "texture": "#textures" },
        "south": { "uv": [ 9, 1, 12.5, 5 ], "texture": "#textures" },
        "west":  { "uv": [ 7, 1.5, 10, 5 ], "texture": "#textures" },
        "east":  { "uv": [ 8, 1, 11.5, 5 ], "texture": "#textures" }
    }
},
{
    "from": [ 13.5, 8, 11 ],
    "to": [ 15.75, 12, 11.5 ],
    "faces": {
        "down":  { "uv": [ 1, 7.5, 4, 10.5 ], "rotation": 180, "texture": "#textures" },
        "up":    { "uv": [ 0, 7.5, 4, 12.5 ], "rotation": 180, "texture": "#textures" },
        "north": { "uv": [ 0.5, 8, 4, 11 ], "texture": "#textures" },
        "south": { "uv": [ 0, 8, 4.5, 12.5 ], "texture": "#textures" },
        "west":  { "uv": [ 0.5, 8, 4, 11 ], "texture": "#textures" },
        "east":  { "uv": [ 0, 8, 4, 11.5 ], "texture": "#textures" }
    }
},
{
    "from": [ 13.5, 8, 11.5 ],
    "to": [ 15.75, 8.5, 12 ],
    "faces": {
        "down":  { "uv": [ 1, 7.5, 4, 10.5 ], "rotation": 180, "texture": "#textures" },
        "up":    { "uv": [ 0, 7.5, 4, 12.5 ], "rotation": 180, "texture": "#textures" },
        "north": { "uv": [ 0.5, 8, 4, 11 ], "texture": "#textures" },
        "south": { "uv": [ 0, 8, 4.5, 12.5 ], "texture": "#textures" },
        "west":  { "uv": [ 0.5, 8, 4, 11 ], "texture": "#textures" },
        "east":  { "uv": [ 0, 8, 4, 11.5 ], "texture": "#textures" }
    }
},
{
    "from": [ 13.5, 8, 14.5 ],
    "to": [ 15.75, 8.5, 15 ],
    "faces": {
        "down":  { "uv": [ 1, 7.5, 4, 10.5 ], "rotation": 180, "texture": "#textures" },
        "up":    { "uv": [ 0, 7.5, 4, 12.5 ], "rotation": 180, "texture": "#textures" },
        "north": { "uv": [ 0.5, 8, 4, 11 ], "texture": "#textures" },
        "south": { "uv": [ 0, 8, 4.5, 12.5 ], "texture": "#textures" },
        "west":  { "uv": [ 0.5, 8, 4, 11 ], "texture": "#textures" },
        "east":  { "uv": [ 0, 8, 4, 11.5 ], "texture": "#textures" }
    }
},
{
    "from": [ 13.5, 8, 15 ],
    "to": [ 15.75, 12, 15.5 ],
    "faces": {
        "down":  { "uv": [ 1, 7.5, 4, 10.5 ], "rotation": 180, "texture": "#textures" },
        "up":    { "uv": [ 0, 7.5, 4, 12.5 ], "rotation": 180, "texture": "#textures" },
        "north": { "uv": [ 0.5, 8, 4, 11 ], "texture": "#textures" },
        "south": { "uv": [ 0, 8, 4.5, 12.5 ], "texture": "#textures" },
        "west":  { "uv": [ 0.5, 8, 4, 11 ], "texture": "#textures" },
        "east":  { "uv": [ 0, 8, 4, 11.5 ], "texture": "#textures" }
    }
},
{
    "from": [ 13.5, 8.5, 12 ],
    "to": [ 15.75, 9, 12.5 ],
    "faces": {
        "down":  { "uv": [ 1, 7.5, 4, 10.5 ], "rotation": 180, "texture": "#textures" },
        "up":    { "uv": [ 0, 7.5, 4, 12.5 ], "rotation": 180, "texture": "#textures" },
        "north": { "uv": [ 0.5, 8, 4, 11 ], "texture": "#textures" },
        "south": { "uv": [ 0, 8, 4.5, 12.5 ], "texture": "#textures" },
        "west":  { "uv": [ 0.5, 8, 4, 11 ], "texture": "#textures" },
        "east":  { "uv": [ 0, 8, 4, 11.5 ], "texture": "#textures" }
    }
},
{
    "from": [ 13.5, 8.5, 11.5 ],
    "to": [ 15.75, 10.5, 15 ],
    "faces": {
        "down":  { "uv": [ 1, 7.5, 4, 10.5 ], "rotation": 180, "texture": "#textures" },
        "up":    { "uv": [ 0, 7.5, 4, 12.5 ], "rotation": 180, "texture": "#textures" },
        "north": { "uv": [ 0.5, 8, 4, 11 ], "texture": "#textures" },
        "south": { "uv": [ 0, 8, 4.5, 12.5 ], "texture": "#textures" },
        "west":  { "uv": [ 0.5, 8, 4, 11 ], "texture": "#textures" },
        "east":  { "uv": [ 0, 8, 4, 11.5 ], "texture": "#textures" }
    }
},
{
    "from": [ 13.5, 8.5, 14 ],
    "to": [ 15.75, 9, 15 ],
    "faces": {
        "down":  { "uv": [ 1, 7.5, 4, 10.5 ], "rotation": 180, "texture": "#textures" },
        "up":    { "uv": [ 0, 7.5, 4, 12.5 ], "rotation": 180, "texture": "#textures" },
        "north": { "uv": [ 0.5, 8, 4, 11 ], "texture": "#textures" },
        "south": { "uv": [ 0, 8, 4.5, 12.5 ], "texture": "#textures" },
        "west":  { "uv": [ 0.5, 8, 4, 11 ], "texture": "#textures" },
        "east":  { "uv": [ 0, 8, 4, 11.5 ], "texture": "#textures" }
    }
},
{
    "from": [ 13.5, 9.5, 12 ],
    "to": [ 15.75, 10, 12.5 ],
    "faces": {
        "down":  { "uv": [ 1, 7.5, 4, 10.5 ], "rotation": 180, "texture": "#textures" },
        "up":    { "uv": [ 0, 7.5, 4, 12.5 ], "rotation": 180, "texture": "#textures" },
        "north": { "uv": [ 0.5, 8, 4, 11 ], "texture": "#textures" },
        "south": { "uv": [ 0, 8, 4.5, 12.5 ], "texture": "#textures" },
        "west":  { "uv": [ 0.5, 8, 4, 11 ], "texture": "#textures" },
        "east":  { "uv": [ 0, 8, 4, 11.5 ], "texture": "#textures" }
    }
},
{
    "from": [ 13.5, 9.5, 14 ],
    "to": [ 15.75, 10, 14.5 ],
    "faces": {
        "down":  { "uv": [ 1, 7.5, 4, 10.5 ], "rotation": 180, "texture": "#textures" },
        "up":    { "uv": [ 0, 7.5, 4, 12.5 ], "rotation": 180, "texture": "#textures" },
        "north": { "uv": [ 0.5, 8, 4, 11 ], "texture": "#textures" },
        "south": { "uv": [ 0, 8, 4.5, 12.5 ], "texture": "#textures" },
        "west":  { "uv": [ 0.5, 8, 4, 11 ], "texture": "#textures" },
        "east":  { "uv": [ 0, 8, 4, 11.5 ], "texture": "#textures" }
    }
},
{
    "from": [ 13.5, 10.5, 11.5 ],
    "to": [ 15.75, 12.5, 12 ],
    "faces": {
        "down":  { "uv": [ 1, 7.5, 4, 10.5 ], "rotation": 180, "texture": "#textures" },
        "up":    { "uv": [ 0, 7.5, 4, 12.5 ], "rotation": 180, "texture": "#textures" },
        "north": { "uv": [ 0.5, 8, 4, 11 ], "texture": "#textures" },
        "south": { "uv": [ 0, 8, 4.5, 12.5 ], "texture": "#textures" },
        "west":  { "uv": [ 0.5, 8, 4, 11 ], "texture": "#textures" },
        "east":  { "uv": [ 0, 8, 4, 11.5 ], "texture": "#textures" }
    }
},
{
    "from": [ 13.5, 10.5, 12 ],
    "to": [ 15.75, 11, 12.5 ],
    "faces": {
        "down":  { "uv": [ 1, 7.5, 4, 10.5 ], "rotation": 180, "texture": "#textures" },
        "up":    { "uv": [ 0, 7.5, 4, 12.5 ], "rotation": 180, "texture": "#textures" },
        "north": { "uv": [ 0.5, 8, 4, 11 ], "texture": "#textures" },
        "south": { "uv": [ 0, 8, 4.5, 12.5 ], "texture": "#textures" },
        "west":  { "uv": [ 0.5, 8, 4, 11 ], "texture": "#textures" },
        "east":  { "uv": [ 0, 8, 4, 11.5 ], "texture": "#textures" }
    }
},
{
    "from": [ 13.5, 10.5, 14 ],
    "to": [ 15.75, 11, 14.5 ],
    "faces": {
        "down":  { "uv": [ 1, 7.5, 4, 10.5 ], "rotation": 180, "texture": "#textures" },
        "up":    { "uv": [ 0, 7.5, 4, 12.5 ], "rotation": 180, "texture": "#textures" },
        "north": { "uv": [ 0.5, 8, 4, 11 ], "texture": "#textures" },
        "south": { "uv": [ 0, 8, 4.5, 12.5 ], "texture": "#textures" },
        "west":  { "uv": [ 0.5, 8, 4, 11 ], "texture": "#textures" },
        "east":  { "uv": [ 0, 8, 4, 11.5 ], "texture": "#textures" }
    }
},
{
    "from": [ 13.5, 10.5, 14.5 ],
    "to": [ 15.75, 12.5, 15 ],
    "faces": {
        "down":  { "uv": [ 1, 7.5, 4, 10.5 ], "rotation": 180, "texture": "#textures" },
        "up":    { "uv": [ 0, 7.5, 4, 12.5 ], "rotation": 180, "texture": "#textures" },
        "north": { "uv": [ 0.5, 8, 4, 11 ], "texture": "#textures" },
        "south": { "uv": [ 0, 8, 4.5, 12.5 ], "texture": "#textures" },
        "west":  { "uv": [ 0.5, 8, 4, 11 ], "texture": "#textures" },
        "east":  { "uv": [ 0, 8, 4, 11.5 ], "texture": "#textures" }
    }
},
{
    "from": [ 13.5, 12, 12 ],
    "to": [ 15.75, 12.5, 14.5 ],
    "faces": {
        "down":  { "uv": [ 1, 7.5, 4, 10.5 ], "rotation": 180, "texture": "#textures" },
        "up":    { "uv": [ 0, 7.5, 4, 12.5 ], "rotation": 180, "texture": "#textures" },
        "north": { "uv": [ 0.5, 8, 4, 11 ], "texture": "#textures" },
        "south": { "uv": [ 0, 8, 4.5, 12.5 ], "texture": "#textures" },
        "west":  { "uv": [ 0.5, 8, 4, 11 ], "texture": "#textures" },
        "east":  { "uv": [ 0, 8, 4, 11.5 ], "texture": "#textures" }
    }
},
{
    "from": [ 14, 5.5, 11.5 ],
    "to": [ 15.25, 6, 15 ],
    "faces": {
        "down":  { "uv": [ 14, 1, 16, 5 ], "rotation": 180, "texture": "#textures" },
        "up":    { "uv": [ 14.5, 0, 16, 4.5 ], "rotation": 180, "texture": "#textures" },
        "north": { "uv": [ 15, 0, 16, 5 ], "texture": "#textures" },
        "south": { "uv": [ 14.5, 0, 16, 6 ], "texture": "#textures" },
        "west":  { "uv": [ 14.5, 0, 16, 5 ], "texture": "#textures" },
        "east":  { "uv": [ 15, 0, 16, 6.5 ], "texture": "#textures" }
    }
},
{
    "from": [ 14, 6.5, 11.5 ],
    "to": [ 15.25, 7, 15 ],
    "faces": {
        "down":  { "uv": [ 14, 1, 16, 5 ], "rotation": 180, "texture": "#textures" },
        "up":    { "uv": [ 14.5, 0, 16, 4.5 ], "rotation": 180, "texture": "#textures" },
        "north": { "uv": [ 15, 0, 16, 5 ], "texture": "#textures" },
        "south": { "uv": [ 14.5, 0, 16, 6 ], "texture": "#textures" },
        "west":  { "uv": [ 14.5, 0, 16, 5 ], "texture": "#textures" },
        "east":  { "uv": [ 15, 0, 16, 6.5 ], "texture": "#textures" }
    }
},
{
    "from": [ 14, 7.5, 14.5 ],
    "to": [ 15.25, 8, 15.5 ],
    "faces": {
        "down":  { "uv": [ 7.5, 12, 6.25, 8.5 ], "rotation": 180, "texture": "#textures" },
        "up":    { "uv": [ 7, 8, 8.25, 11.5 ], "rotation": 180, "texture": "#textures" },
        "north": { "uv": [ 7, 9.5, 8.25, 10 ], "texture": "#textures" },
        "south": { "uv": [ 7, 9.5, 8.25, 10 ], "texture": "#textures" },
        "west":  { "uv": [ 6.5, 9, 8, 11 ], "texture": "#textures" },
        "east":  { "uv": [ 6, 8.5, 8.5, 11 ], "texture": "#textures" }
    }
},
{
    "from": [ 14, 8, 10.5 ],
    "to": [ 15.25, 12, 11 ],
    "faces": {
        "down":  { "uv": [ 7.5, 12, 6.25, 8.5 ], "rotation": 180, "texture": "#textures" },
        "up":    { "uv": [ 7, 8, 8.25, 11.5 ], "rotation": 180, "texture": "#textures" },
        "north": { "uv": [ 7, 9.5, 8.25, 10 ], "texture": "#textures" },
        "south": { "uv": [ 7, 9.5, 8.25, 10 ], "texture": "#textures" },
        "west":  { "uv": [ 6.5, 9, 8, 11 ], "texture": "#textures" },
        "east":  { "uv": [ 6, 8.5, 8.5, 11 ], "texture": "#textures" }
    }
},
{
    "from": [ 14, 8, 12 ],
    "to": [ 15.25, 8.5, 14.5 ],
    "faces": {
        "down":  { "uv": [ 7.5, 12, 6.25, 8.5 ], "rotation": 180, "texture": "#textures" },
        "up":    { "uv": [ 7, 8, 8.25, 11.5 ], "rotation": 180, "texture": "#textures" },
        "north": { "uv": [ 7, 9.5, 8.25, 10 ], "texture": "#textures" },
        "south": { "uv": [ 7, 9.5, 8.25, 10 ], "texture": "#textures" },
        "west":  { "uv": [ 6.5, 9, 8, 11 ], "texture": "#textures" },
        "east":  { "uv": [ 6, 8.5, 8.5, 11 ], "texture": "#textures" }
    }
},
{
    "from": [ 14, 8, 15.5 ],
    "to": [ 15.25, 12, 16 ],
    "faces": {
        "down":  { "uv": [ 7.5, 12, 6.25, 8.5 ], "rotation": 180, "texture": "#textures" },
        "up":    { "uv": [ 7, 8, 8.25, 11.5 ], "rotation": 180, "texture": "#textures" },
        "north": { "uv": [ 7, 9.5, 8.25, 10 ], "texture": "#textures" },
        "south": { "uv": [ 7, 9.5, 8.25, 10 ], "texture": "#textures" },
        "west":  { "uv": [ 6.5, 9, 8, 11 ], "texture": "#textures" },
        "east":  { "uv": [ 6, 8.5, 8.5, 11 ], "texture": "#textures" }
    }
},
{
    "from": [ 14, 10.5, 12.5 ],
    "to": [ 15.25, 11, 14 ],
    "faces": {
        "down":  { "uv": [ 7.5, 12, 6.25, 8.5 ], "rotation": 180, "texture": "#textures" },
        "up":    { "uv": [ 7, 8, 8.25, 11.5 ], "rotation": 180, "texture": "#textures" },
        "north": { "uv": [ 7, 9.5, 8.25, 10 ], "texture": "#textures" },
        "south": { "uv": [ 7, 9.5, 8.25, 10 ], "texture": "#textures" },
        "west":  { "uv": [ 6.5, 9, 8, 11 ], "texture": "#textures" },
        "east":  { "uv": [ 6, 8.5, 8.5, 11 ], "texture": "#textures" }
    }
},
{
    "from": [ 14, 11, 12 ],
    "to": [ 15.25, 12, 12.5 ],
    "faces": {
        "down":  { "uv": [ 7.5, 12, 6.25, 8.5 ], "rotation": 180, "texture": "#textures" },
        "up":    { "uv": [ 7, 8, 8.25, 11.5 ], "rotation": 180, "texture": "#textures" },
        "north": { "uv": [ 7, 9.5, 8.25, 10 ], "texture": "#textures" },
        "south": { "uv": [ 7, 9.5, 8.25, 10 ], "texture": "#textures" },
        "west":  { "uv": [ 6.5, 9, 8, 11 ], "texture": "#textures" },
        "east":  { "uv": [ 6, 8.5, 8.5, 11 ], "texture": "#textures" }
    }
},
{
    "from": [ 14, 11, 14 ],
    "to": [ 15.25, 12, 14.5 ],
    "faces": {
        "down":  { "uv": [ 7.5, 12, 6.25, 8.5 ], "rotation": 180, "texture": "#textures" },
        "up":    { "uv": [ 7, 8, 8.25, 11.5 ], "rotation": 180, "texture": "#textures" },
        "north": { "uv": [ 7, 9.5, 8.25, 10 ], "texture": "#textures" },
        "south": { "uv": [ 7, 9.5, 8.25, 10 ], "texture": "#textures" },
        "west":  { "uv": [ 6.5, 9, 8, 11 ], "texture": "#textures" },
        "east":  { "uv": [ 6, 8.5, 8.5, 11 ], "texture": "#textures" }
    }
},
{
    "from": [ 14, 11.5, 12.5 ],
    "to": [ 15.25, 12, 14 ],
    "faces": {
        "down":  { "uv": [ 7.5, 12, 6.25, 8.5 ], "rotation": 180, "texture": "#textures" },
        "up":    { "uv": [ 7, 8, 8.25, 11.5 ], "rotation": 180, "texture": "#textures" },
        "north": { "uv": [ 7, 9.5, 8.25, 10 ], "texture": "#textures" },
        "south": { "uv": [ 7, 9.5, 8.25, 10 ], "texture": "#textures" },
        "west":  { "uv": [ 6.5, 9, 8, 11 ], "texture": "#textures" },
        "east":  { "uv": [ 6, 8.5, 8.5, 11 ], "texture": "#textures" }
    }
},
{
    "from": [ 14, 12, 11 ],
    "to": [ 15.25, 12.5, 11.5 ],
    "faces": {
        "down":  { "uv": [ 7.5, 12, 6.25, 8.5 ], "rotation": 180, "texture": "#textures" },
        "up":    { "uv": [ 7, 8, 8.25, 11.5 ], "rotation": 180, "texture": "#textures" },
        "north": { "uv": [ 7, 9.5, 8.25, 10 ], "texture": "#textures" },
        "south": { "uv": [ 7, 9.5, 8.25, 10 ], "texture": "#textures" },
        "west":  { "uv": [ 6.5, 9, 8, 11 ], "texture": "#textures" },
        "east":  { "uv": [ 6, 8.5, 8.5, 11 ], "texture": "#textures" }
    }
},
{
    "from": [ 14, 12, 15 ],
    "to": [ 15.25, 12.5, 15.5 ],
    "faces": {
        "down":  { "uv": [ 7.5, 12, 6.25, 8.5 ], "rotation": 180, "texture": "#textures" },
        "up":    { "uv": [ 7, 8, 8.25, 11.5 ], "rotation": 180, "texture": "#textures" },
        "north": { "uv": [ 7, 9.5, 8.25, 10 ], "texture": "#textures" },
        "south": { "uv": [ 7, 9.5, 8.25, 10 ], "texture": "#textures" },
        "west":  { "uv": [ 6.5, 9, 8, 11 ], "texture": "#textures" },
        "east":  { "uv": [ 6, 8.5, 8.5, 11 ], "texture": "#textures" }
    }
},
{
    "from": [ 14, 12.5, 11.5 ],
    "to": [ 15.25, 13, 15 ],
    "faces": {
        "down":  { "uv": [ 7.5, 12, 6.25, 8.5 ], "rotation": 180, "texture": "#textures" },
        "up":    { "uv": [ 7, 8, 8.25, 11.5 ], "rotation": 180, "texture": "#textures" },
        "north": { "uv": [ 7, 9.5, 8.25, 10 ], "texture": "#textures" },
        "south": { "uv": [ 7, 9.5, 8.25, 10 ], "texture": "#textures" },
        "west":  { "uv": [ 6.5, 9, 8, 11 ], "texture": "#textures" },
        "east":  { "uv": [ 6, 8.5, 8.5, 11 ], "texture": "#textures" }
    }
},
{
    "from": [ 14.25, 0.5, 12.5 ],
    "to": [ 15, 5.5, 13 ],
    "faces": {
        "down":  { "uv": [ 0, 13.75, 5.25, 16 ], "rotation": 180, "texture": "#textures" },
        "up":    { "uv": [ 0, 14.5, 3.25, 16 ], "rotation": 180, "texture": "#textures" },
        "north": { "uv": [ 0.25, 14, 5.25, 16 ], "texture": "#textures" },
        "south": { "uv": [ 0, 14.5, 4.75, 16 ], "texture": "#textures" },
        "west":  { "uv": [ 0, 13.75, 5.25, 16 ], "texture": "#textures" },
        "east":  { "uv": [ 0, 15, 4.75, 16 ], "texture": "#textures" }
    }
},
{
    "from": [ 14.25, 0.5, 13 ],
    "to": [ 15, 4, 13.5 ],
    "faces": {
        "down":  { "uv": [ 0, 13.75, 5.25, 16 ], "rotation": 180, "texture": "#textures" },
        "up":    { "uv": [ 0, 14.5, 3.25, 16 ], "rotation": 180, "texture": "#textures" },
        "north": { "uv": [ 0.25, 14, 5.25, 16 ], "texture": "#textures" },
        "south": { "uv": [ 0, 14.5, 4.75, 16 ], "texture": "#textures" },
        "west":  { "uv": [ 0, 13.75, 5.25, 16 ], "texture": "#textures" },
        "east":  { "uv": [ 0, 15, 4.75, 16 ], "texture": "#textures" }
    }
},
{
    "from": [ 14.25, 1, 13.5 ],
    "to": [ 15, 1.5, 14 ],
    "faces": {
        "down":  { "uv": [ 0, 13.75, 5.25, 16 ], "rotation": 180, "texture": "#textures" },
        "up":    { "uv": [ 0, 14.5, 3.25, 16 ], "rotation": 180, "texture": "#textures" },
        "north": { "uv": [ 0.25, 14, 5.25, 16 ], "texture": "#textures" },
        "south": { "uv": [ 0, 14.5, 4.75, 16 ], "texture": "#textures" },
        "west":  { "uv": [ 0, 13.75, 5.25, 16 ], "texture": "#textures" },
        "east":  { "uv": [ 0, 15, 4.75, 16 ], "texture": "#textures" }
    }
},
{
    "from": [ 14.25, 2.5, 13.5 ],
    "to": [ 15, 3.5, 14 ],
    "faces": {
        "down":  { "uv": [ 0, 13.75, 5.25, 16 ], "rotation": 180, "texture": "#textures" },
        "up":    { "uv": [ 0, 14.5, 3.25, 16 ], "rotation": 180, "texture": "#textures" },
        "north": { "uv": [ 0.25, 14, 5.25, 16 ], "texture": "#textures" },
        "south": { "uv": [ 0, 14.5, 4.75, 16 ], "texture": "#textures" },
        "west":  { "uv": [ 0, 13.75, 5.25, 16 ], "texture": "#textures" },
        "east":  { "uv": [ 0, 15, 4.75, 16 ], "texture": "#textures" }
    }
},
{
    "from": [ 14.25, 4.5, 13 ],
    "to": [ 15, 5.5, 13.5 ],
    "faces": {
        "down":  { "uv": [ 0, 13.75, 5.25, 16 ], "rotation": 180, "texture": "#textures" },
        "up":    { "uv": [ 0, 14.5, 3.25, 16 ], "rotation": 180, "texture": "#textures" },
        "north": { "uv": [ 0.25, 14, 5.25, 16 ], "texture": "#textures" },
        "south": { "uv": [ 0, 14.5, 4.75, 16 ], "texture": "#textures" },
        "west":  { "uv": [ 0, 13.75, 5.25, 16 ], "texture": "#textures" },
        "east":  { "uv": [ 0, 15, 4.75, 16 ], "texture": "#textures" }
    }
},
{
    "from": [ 14.25, 5, 13.5 ],
    "to": [ 15, 5.5, 14 ],
    "faces": {
        "down":  { "uv": [ 0, 13.75, 5.25, 16 ], "rotation": 180, "texture": "#textures" },
        "up":    { "uv": [ 0, 14.5, 3.25, 16 ], "rotation": 180, "texture": "#textures" },
        "north": { "uv": [ 0.25, 14, 5.25, 16 ], "texture": "#textures" },
        "south": { "uv": [ 0, 14.5, 4.75, 16 ], "texture": "#textures" },
        "west":  { "uv": [ 0, 13.75, 5.25, 16 ], "texture": "#textures" },
        "east":  { "uv": [ 0, 15, 4.75, 16 ], "texture": "#textures" }
    }
},
{
    "from": [ 14.25, 6, 12.5 ],
    "to": [ 15, 6.5, 14 ],
    "faces": {
        "down":  { "uv": [ 0, 13.75, 5.25, 16 ], "rotation": 180, "texture": "#textures" },
        "up":    { "uv": [ 0, 14.5, 3.25, 16 ], "rotation": 180, "texture": "#textures" },
        "north": { "uv": [ 0.25, 14, 5.25, 16 ], "texture": "#textures" },
        "south": { "uv": [ 0, 14.5, 4.75, 16 ], "texture": "#textures" },
        "west":  { "uv": [ 0, 13.75, 5.25, 16 ], "texture": "#textures" },
        "east":  { "uv": [ 0, 15, 4.75, 16 ], "texture": "#textures" }
    }
},
{
    "from": [ 14.25, 7, 12.5 ],
    "to": [ 15, 8, 14 ],
    "faces": {
        "down":  { "uv": [ 0, 13.75, 5.25, 16 ], "rotation": 180, "texture": "#textures" },
        "up":    { "uv": [ 0, 14.5, 3.25, 16 ], "rotation": 180, "texture": "#textures" },
        "north": { "uv": [ 0.25, 14, 5.25, 16 ], "texture": "#textures" },
        "south": { "uv": [ 0, 14.5, 4.75, 16 ], "texture": "#textures" },
        "west":  { "uv": [ 0, 13.75, 5.25, 16 ], "texture": "#textures" },
        "east":  { "uv": [ 0, 15, 4.75, 16 ], "texture": "#textures" }
    }
},
{
    "from": [ 14.25, 7.5, 12 ],
    "to": [ 15, 8, 12.5 ],
    "faces": {
        "down":  { "uv": [ 0, 13.75, 5.25, 16 ], "rotation": 180, "texture": "#textures" },
        "up":    { "uv": [ 0, 14.5, 3.25, 16 ], "rotation": 180, "texture": "#textures" },
        "north": { "uv": [ 0.25, 14, 5.25, 16 ], "texture": "#textures" },
        "south": { "uv": [ 0, 14.5, 4.75, 16 ], "texture": "#textures" },
        "west":  { "uv": [ 0, 13.75, 5.25, 16 ], "texture": "#textures" },
        "east":  { "uv": [ 0, 15, 4.75, 16 ], "texture": "#textures" }
    }
},
{
    "from": [ 14.25, 7.5, 14 ],
    "to": [ 15, 8, 14.5 ],
    "faces": {
        "down":  { "uv": [ 0, 13.75, 5.25, 16 ], "rotation": 180, "texture": "#textures" },
        "up":    { "uv": [ 0, 14.5, 3.25, 16 ], "rotation": 180, "texture": "#textures" },
        "north": { "uv": [ 0.25, 14, 5.25, 16 ], "texture": "#textures" },
        "south": { "uv": [ 0, 14.5, 4.75, 16 ], "texture": "#textures" },
        "west":  { "uv": [ 0, 13.75, 5.25, 16 ], "texture": "#textures" },
        "east":  { "uv": [ 0, 15, 4.75, 16 ], "texture": "#textures" }
    }
},
{
    "from": [ 14.5, 0, 12.5 ],
    "to": [ 14.75, 0.5, 13.5 ],
    "faces": {
        "down":  { "uv": [ 10.25, 8.5, 15.5, 11 ], "rotation": 180, "texture": "#textures" },
        "up":    { "uv": [ 12.25, 8.25, 16, 11 ], "rotation": 180, "texture": "#textures" },
        "north": { "uv": [ 10.75, 8.5, 16, 11.25 ], "texture": "#textures" },
        "south": { "uv": [ 10.5, 8.25, 15, 11.25 ], "texture": "#textures" },
        "west":  { "uv": [ 10.5, 8.5, 15, 10.5 ], "texture": "#textures" },
        "east":  { "uv": [ 11, 9.25, 15.25, 11 ], "texture": "#textures" }
    }
},
{
    "from": [ 14.5, 0.5, 12 ],
    "to": [ 14.75, 5.5, 12.5 ],
    "faces": {
        "down":  { "uv": [ 10.25, 8.5, 15.5, 11 ], "rotation": 180, "texture": "#textures" },
        "up":    { "uv": [ 12.25, 8.25, 16, 11 ], "rotation": 180, "texture": "#textures" },
        "north": { "uv": [ 10.75, 8.5, 16, 11.25 ], "texture": "#textures" },
        "south": { "uv": [ 10.5, 8.25, 15, 11.25 ], "texture": "#textures" },
        "west":  { "uv": [ 10.5, 8.5, 15, 10.5 ], "texture": "#textures" },
        "east":  { "uv": [ 11, 9.25, 15.25, 11 ], "texture": "#textures" }
    }
},
{
    "from": [ 14.5, 0.5, 13.5 ],
    "to": [ 14.75, 1, 14 ],
    "faces": {
        "down":  { "uv": [ 10.25, 8.5, 15.5, 11 ], "rotation": 180, "texture": "#textures" },
        "up":    { "uv": [ 12.25, 8.25, 16, 11 ], "rotation": 180, "texture": "#textures" },
        "north": { "uv": [ 10.75, 8.5, 16, 11.25 ], "texture": "#textures" },
        "south": { "uv": [ 10.5, 8.25, 15, 11.25 ], "texture": "#textures" },
        "west":  { "uv": [ 10.5, 8.5, 15, 10.5 ], "texture": "#textures" },
        "east":  { "uv": [ 11, 9.25, 15.25, 11 ], "texture": "#textures" }
    }
},
{
    "from": [ 14.5, 0.5, 14 ],
    "to": [ 14.75, 1.5, 14.5 ],
    "faces": {
        "down":  { "uv": [ 10.25, 8.5, 15.5, 11 ], "rotation": 180, "texture": "#textures" },
        "up":    { "uv": [ 12.25, 8.25, 16, 11 ], "rotation": 180, "texture": "#textures" },
        "north": { "uv": [ 10.75, 8.5, 16, 11.25 ], "texture": "#textures" },
        "south": { "uv": [ 10.5, 8.25, 15, 11.25 ], "texture": "#textures" },
        "west":  { "uv": [ 10.5, 8.5, 15, 10.5 ], "texture": "#textures" },
        "east":  { "uv": [ 11, 9.25, 15.25, 11 ], "texture": "#textures" }
    }
},
{
    "from": [ 14.5, 1.5, 13.5 ],
    "to": [ 14.75, 2.5, 14 ],
    "faces": {
        "down":  { "uv": [ 10.25, 8.5, 15.5, 11 ], "rotation": 180, "texture": "#textures" },
        "up":    { "uv": [ 12.25, 8.25, 16, 11 ], "rotation": 180, "texture": "#textures" },
        "north": { "uv": [ 10.75, 8.5, 16, 11.25 ], "texture": "#textures" },
        "south": { "uv": [ 10.5, 8.25, 15, 11.25 ], "texture": "#textures" },
        "west":  { "uv": [ 10.5, 8.5, 15, 10.5 ], "texture": "#textures" },
        "east":  { "uv": [ 11, 9.25, 15.25, 11 ], "texture": "#textures" }
    }
},
{
    "from": [ 14.5, 2.5, 14 ],
    "to": [ 14.75, 3.5, 14.5 ],
    "faces": {
        "down":  { "uv": [ 10.25, 8.5, 15.5, 11 ], "rotation": 180, "texture": "#textures" },
        "up":    { "uv": [ 12.25, 8.25, 16, 11 ], "rotation": 180, "texture": "#textures" },
        "north": { "uv": [ 10.75, 8.5, 16, 11.25 ], "texture": "#textures" },
        "south": { "uv": [ 10.5, 8.25, 15, 11.25 ], "texture": "#textures" },
        "west":  { "uv": [ 10.5, 8.5, 15, 10.5 ], "texture": "#textures" },
        "east":  { "uv": [ 11, 9.25, 15.25, 11 ], "texture": "#textures" }
    }
},
{
    "from": [ 14.5, 3.5, 13.5 ],
    "to": [ 14.75, 4, 14 ],
    "faces": {
        "down":  { "uv": [ 10.25, 8.5, 15.5, 11 ], "rotation": 180, "texture": "#textures" },
        "up":    { "uv": [ 12.25, 8.25, 16, 11 ], "rotation": 180, "texture": "#textures" },
        "north": { "uv": [ 10.75, 8.5, 16, 11.25 ], "texture": "#textures" },
        "south": { "uv": [ 10.5, 8.25, 15, 11.25 ], "texture": "#textures" },
        "west":  { "uv": [ 10.5, 8.5, 15, 10.5 ], "texture": "#textures" },
        "east":  { "uv": [ 11, 9.25, 15.25, 11 ], "texture": "#textures" }
    }
},
{
    "from": [ 14.5, 4, 13 ],
    "to": [ 14.75, 4.5, 13.5 ],
    "faces": {
        "down":  { "uv": [ 10.25, 8.5, 15.5, 11 ], "rotation": 180, "texture": "#textures" },
        "up":    { "uv": [ 12.25, 8.25, 16, 11 ], "rotation": 180, "texture": "#textures" },
        "north": { "uv": [ 10.75, 8.5, 16, 11.25 ], "texture": "#textures" },
        "south": { "uv": [ 10.5, 8.25, 15, 11.25 ], "texture": "#textures" },
        "west":  { "uv": [ 10.5, 8.5, 15, 10.5 ], "texture": "#textures" },
        "east":  { "uv": [ 11, 9.25, 15.25, 11 ], "texture": "#textures" }
    }
},
{
    "from": [ 14.5, 4.5, 13.5 ],
    "to": [ 14.75, 5, 14 ],
    "faces": {
        "down":  { "uv": [ 10.25, 8.5, 15.5, 11 ], "rotation": 180, "texture": "#textures" },
        "up":    { "uv": [ 12.25, 8.25, 16, 11 ], "rotation": 180, "texture": "#textures" },
        "north": { "uv": [ 10.75, 8.5, 16, 11.25 ], "texture": "#textures" },
        "south": { "uv": [ 10.5, 8.25, 15, 11.25 ], "texture": "#textures" },
        "west":  { "uv": [ 10.5, 8.5, 15, 10.5 ], "texture": "#textures" },
        "east":  { "uv": [ 11, 9.25, 15.25, 11 ], "texture": "#textures" }
    }
},
{
    "from": [ 14.5, 5, 14 ],
    "to": [ 14.75, 5.5, 14.5 ],
    "faces": {
        "down":  { "uv": [ 10.25, 8.5, 15.5, 11 ], "rotation": 180, "texture": "#textures" },
        "up":    { "uv": [ 12.25, 8.25, 16, 11 ], "rotation": 180, "texture": "#textures" },
        "north": { "uv": [ 10.75, 8.5, 16, 11.25 ], "texture": "#textures" },
        "south": { "uv": [ 10.5, 8.25, 15, 11.25 ], "texture": "#textures" },
        "west":  { "uv": [ 10.5, 8.5, 15, 10.5 ], "texture": "#textures" },
        "east":  { "uv": [ 11, 9.25, 15.25, 11 ], "texture": "#textures" }
    }
},
{
    "from": [ 14.5, 6, 12 ],
    "to": [ 14.75, 6.5, 12.5 ],
    "faces": {
        "down":  { "uv": [ 10.25, 8.5, 15.5, 11 ], "rotation": 180, "texture": "#textures" },
        "up":    { "uv": [ 12.25, 8.25, 16, 11 ], "rotation": 180, "texture": "#textures" },
        "north": { "uv": [ 10.75, 8.5, 16, 11.25 ], "texture": "#textures" },
        "south": { "uv": [ 10.5, 8.25, 15, 11.25 ], "texture": "#textures" },
        "west":  { "uv": [ 10.5, 8.5, 15, 10.5 ], "texture": "#textures" },
        "east":  { "uv": [ 11, 9.25, 15.25, 11 ], "texture": "#textures" }
    }
},
{
    "from": [ 14.5, 6, 14 ],
    "to": [ 14.75, 6.5, 14.5 ],
    "faces": {
        "down":  { "uv": [ 10.25, 8.5, 15.5, 11 ], "rotation": 180, "texture": "#textures" },
        "up":    { "uv": [ 12.25, 8.25, 16, 11 ], "rotation": 180, "texture": "#textures" },
        "north": { "uv": [ 10.75, 8.5, 16, 11.25 ], "texture": "#textures" },
        "south": { "uv": [ 10.5, 8.25, 15, 11.25 ], "texture": "#textures" },
        "west":  { "uv": [ 10.5, 8.5, 15, 10.5 ], "texture": "#textures" },
        "east":  { "uv": [ 11, 9.25, 15.25, 11 ], "texture": "#textures" }
    }
},
{
    "from": [ 14.5, 7, 12 ],
    "to": [ 14.75, 7.5, 12.5 ],
    "faces": {
        "down":  { "uv": [ 10.25, 8.5, 15.5, 11 ], "rotation": 180, "texture": "#textures" },
        "up":    { "uv": [ 12.25, 8.25, 16, 11 ], "rotation": 180, "texture": "#textures" },
        "north": { "uv": [ 10.75, 8.5, 16, 11.25 ], "texture": "#textures" },
        "south": { "uv": [ 10.5, 8.25, 15, 11.25 ], "texture": "#textures" },
        "west":  { "uv": [ 10.5, 8.5, 15, 10.5 ], "texture": "#textures" },
        "east":  { "uv": [ 11, 9.25, 15.25, 11 ], "texture": "#textures" }
    }
},
{
    "from": [ 14.5, 7, 14 ],
    "to": [ 14.75, 7.5, 14.5 ],
    "faces": {
        "down":  { "uv": [ 10.25, 8.5, 15.5, 11 ], "rotation": 180, "texture": "#textures" },
        "up":    { "uv": [ 12.25, 8.25, 16, 11 ], "rotation": 180, "texture": "#textures" },
        "north": { "uv": [ 10.75, 8.5, 16, 11.25 ], "texture": "#textures" },
        "south": { "uv": [ 10.5, 8.25, 15, 11.25 ], "texture": "#textures" },
        "west":  { "uv": [ 10.5, 8.5, 15, 10.5 ], "texture": "#textures" },
        "east":  { "uv": [ 11, 9.25, 15.25, 11 ], "texture": "#textures" }
    }
},
{
    "from": [ 14, 7.5, 11 ],
    "to": [ 15.25, 8, 12 ],
    "faces": {
        "down":  { "uv": [ 7.5, 12, 6.25, 8.5 ], "rotation": 180, "texture": "#textures" },
        "up":    { "uv": [ 7, 8, 8.25, 11.5 ], "rotation": 180, "texture": "#textures" },
        "north": { "uv": [ 7, 9.5, 8.25, 10 ], "texture": "#textures" },
        "south": { "uv": [ 7, 9.5, 8.25, 10 ], "texture": "#textures" },
        "west":  { "uv": [ 6.5, 9, 8, 11 ], "texture": "#textures" },
        "east":  { "uv": [ 6, 8.5, 8.5, 11 ], "texture": "#textures" }
    }
}
],
"display": {
    "thirdperson_righthand": {
        "rotation": [ 133, -1, 0 ],
        "translation": [ -3.97, 3.59, 3.59 ],
        "scale": [ 0.6, 0.6, 0.6 ]
    },
    "thirdperson_lefthand": {
        "rotation": [ 133, -1, 0 ],
        "translation": [ 4.16, 3.59, 3.78 ],
        "scale": [ 0.6, 0.6, 0.6 ]
    },
    "firstperson_righthand": {
        "rotation": [ 10, -4, 0 ],
        "translation": [ -2.65, 4.91, -6.99 ],
        "scale": [ 1, 1, 1 ]
    },
    "firstperson_lefthand": {
        "rotation": [ 10, -180, 0 ],
        "translation": [ -3.4, 3.21, 0.94 ],
        "scale": [ 1, 1, 1 ]
    },
    "gui": {
        "rotation": [ 0, 90, 0 ],
        "translation": [ -4.91, 1.32, 1.32 ],
        "scale": [ 1, 1, 1 ]
    }
}
}