{
"__comment": "Designed by Zorigami",
"textures": {
    "particle": "blocks/hats/bowler_hat",
    "texture": "blocks/hats/bowler_hat"
},
"elements": [ 
{
    "__comment": "Top",
    "from": [ 5.5, 7, 6.75 ],
    "to": [ 6, 9, 9.25 ],
    "faces": {
        "down":  { "uv": [ 5.501, 8.999, 5.999, 8.501 ], "texture": "#texture" },
        "up":    { "uv": [ 5.501, 7.001, 5.999, 7.499 ], "texture": "#texture" },
        "north": { "uv": [ 5.999, 7.001, 5.501, 8.999 ], "texture": "#texture" },
        "south": { "uv": [ 5.501, 7.001, 5.999, 8.999 ], "texture": "#texture" },
        "west":  { "uv": [ 5.501, 7.001, 5.999, 8.999 ], "texture": "#texture" },
        "east":  { "uv": [ 5.501, 3.001, 5.999, 4.999 ], "texture": "#texture" }
    }
},
{
    "__comment": "Top",
    "from": [ 7, 7, 5.25 ],
    "to": [ 9, 9, 5.75 ],
    "faces": {
        "down":  { "uv": [ 7.001, 4.501, 8.999, 4.999 ], "texture": "#texture" },
        "up":    { "uv": [ 7.001, 7.001, 8.999, 7.499 ], "texture": "#texture" },
        "north": { "uv": [ 8.999, 7.001, 7.001, 8.999 ], "texture": "#texture" },
        "south": { "uv": [ 7.001, 3.001, 8.999, 4.999 ], "texture": "#texture" },
        "west":  { "uv": [ 7.001, 7.001, 7.499, 8.999 ], "texture": "#texture" },
        "east":  { "uv": [ 8.501, 7.001, 8.999, 8.999 ], "texture": "#texture" }
    }
},
{
    "__comment": "Top",
    "from": [ 6, 9, 6.25 ],
    "to": [ 10, 9.5, 9.75 ],
    "faces": {
        "down":  { "uv": [ 6.001, 2.501, 9.999, 2.999 ], "texture": "#texture" },
        "up":    { "uv": [ 6.001, 6.501, 9.999, 6.999 ], "texture": "#texture" },
        "north": { "uv": [ 9.999, 6.501, 6.001, 6.999 ], "texture": "#texture" },
        "south": { "uv": [ 6.001, 6.501, 9.999, 6.999 ], "texture": "#texture" },
        "west":  { "uv": [ 6.001, 6.501, 6.499, 6.999 ], "texture": "#texture" },
        "east":  { "uv": [ 9.501, 6.501, 9.999, 6.999 ], "texture": "#texture" }
    }
},
{
    "__comment": "Top",
    "from": [ 6.5, 9, 6.25 ],
    "to": [ 9.5, 10, 9.75 ],
    "faces": {
        "down":  { "uv": [ 6.501, 2.501, 9.499, 2.999 ], "texture": "#texture" },
        "up":    { "uv": [ 6.501, 6.001, 9.499, 6.499 ], "texture": "#texture" },
        "north": { "uv": [ 9.499, 6.001, 6.501, 6.999 ], "texture": "#texture" },
        "south": { "uv": [ 6.501, 6.001, 9.499, 6.999 ], "texture": "#texture" },
        "west":  { "uv": [ 6.501, 6.001, 6.999, 6.999 ], "texture": "#texture" },
        "east":  { "uv": [ 9.001, 6.001, 9.499, 6.999 ], "texture": "#texture" }
    }
},
{
    "__comment": "Top",
    "from": [ 6.5, 9, 5.75 ],
    "to": [ 9.5, 9.5, 10.25 ],
    "faces": {
        "down":  { "uv": [ 6.501, 2.501, 9.499, 2.999 ], "texture": "#texture" },
        "up":    { "uv": [ 6.501, 6.501, 9.499, 6.999 ], "texture": "#texture" },
        "north": { "uv": [ 9.499, 6.501, 6.501, 6.999 ], "texture": "#texture" },
        "south": { "uv": [ 6.501, 6.501, 9.499, 6.999 ], "texture": "#texture" },
        "west":  { "uv": [ 6.501, 6.501, 6.999, 6.999 ], "texture": "#texture" },
        "east":  { "uv": [ 9.001, 6.501, 9.499, 6.999 ], "texture": "#texture" }
    }
},
{
    "__comment": "Top",
    "from": [ 7, 10, 6.75 ],
    "to": [ 9, 10.5, 9.25 ],
    "faces": {
        "down":  { "uv": [ 7.001, 5.501, 8.999, 5.999 ], "texture": "#texture" },
        "up":    { "uv": [ 7.001, 5.501, 8.999, 5.999 ], "texture": "#texture" },
        "north": { "uv": [ 8.999, 5.501, 7.001, 5.999 ], "texture": "#texture" },
        "south": { "uv": [ 7.001, 5.501, 8.999, 5.999 ], "texture": "#texture" },
        "west":  { "uv": [ 7.001, 5.501, 7.499, 5.999 ], "texture": "#texture" },
        "east":  { "uv": [ 8.501, 5.501, 8.999, 5.999 ], "texture": "#texture" }
    }
},
{
    "__comment": "Top",
    "from": [ 6, 9.5, 7.25 ],
    "to": [ 10, 10, 8.75 ],
    "faces": {
        "down":  { "uv": [ 6.001, 6.001, 9.999, 6.499 ], "texture": "#texture" },
        "up":    { "uv": [ 6.001, 6.001, 9.999, 6.499 ], "texture": "#texture" },
        "north": { "uv": [ 9.999, 6.001, 6.001, 6.499 ], "texture": "#texture" },
        "south": { "uv": [ 6.001, 6.001, 9.999, 6.499 ], "texture": "#texture" },
        "west":  { "uv": [ 6.001, 6.001, 6.499, 6.499 ], "texture": "#texture" },
        "east":  { "uv": [ 9.501, 6.001, 9.999, 6.499 ], "texture": "#texture" }
    }
},
{
    "__comment": "Top",
    "from": [ 7.5, 9.5, 5.75 ],
    "to": [ 8.5, 10, 10.25 ],
    "faces": {
        "down":  { "uv": [ 7.501, 6.001, 8.499, 6.499 ], "texture": "#texture" },
        "up":    { "uv": [ 7.501, 6.001, 8.499, 6.499 ], "texture": "#texture" },
        "north": { "uv": [ 8.499, 6.001, 7.501, 6.499 ], "texture": "#texture" },
        "south": { "uv": [ 7.501, 6.001, 8.499, 6.499 ], "texture": "#texture" },
        "west":  { "uv": [ 7.501, 6.001, 7.999, 6.499 ], "texture": "#texture" },
        "east":  { "uv": [ 8.001, 6.001, 8.499, 6.499 ], "texture": "#texture" }
    }
},
{
    "__comment": "Top*",
    "from": [ 10, 7, 6.75 ],
    "to": [ 10.5, 9, 9.25 ],
    "faces": {
        "down":  { "uv": [ 10.001, 8.501, 10.499, 8.999 ], "texture": "#texture" },
        "up":    { "uv": [ 10.001, 7.001, 10.499, 7.499 ], "texture": "#texture" },
        "north": { "uv": [ 10.499, 7.001, 10.001, 8.999 ], "texture": "#texture" },
        "south": { "uv": [ 10.001, 7.001, 10.499, 8.999 ], "texture": "#texture" },
        "west":  { "uv": [ 10.001, 3.001, 10.499, 4.999 ], "texture": "#texture" },
        "east":  { "uv": [ 10.001, 7.001, 10.499, 8.999 ], "texture": "#texture" }
    }
},
{
    "__comment": "Top*",
    "from": [ 6, 7, 9.25 ],
    "to": [ 6.5, 9, 10.25 ],
    "faces": {
        "down":  { "uv": [ 6.001, 4.501, 6.499, 4.999 ], "texture": "#texture" },
        "up":    { "uv": [ 6.001, 7.001, 6.499, 7.499 ], "texture": "#texture" },
        "north": { "uv": [ 6.499, 3.001, 6.001, 4.999 ], "texture": "#texture" },
        "south": { "uv": [ 6.001, 7.001, 6.499, 8.999 ], "texture": "#texture" },
        "west":  { "uv": [ 6.001, 7.001, 6.499, 8.999 ], "texture": "#texture" },
        "east":  { "uv": [ 6.001, 3.001, 6.499, 4.999 ], "texture": "#texture" }
    }
},
{
    "__comment": "Top*",
    "from": [ 9.5, 7, 9.25 ],
    "to": [ 10, 9, 10.25 ],
    "faces": {
        "down":  { "uv": [ 9.501, 4.501, 9.999, 4.999 ], "texture": "#texture" },
        "up":    { "uv": [ 9.501, 7.001, 9.999, 7.499 ], "texture": "#texture" },
        "north": { "uv": [ 9.999, 3.001, 9.501, 4.999 ], "texture": "#texture" },
        "south": { "uv": [ 9.501, 7.001, 9.999, 8.999 ], "texture": "#texture" },
        "west":  { "uv": [ 9.501, 3.001, 9.999, 4.999 ], "texture": "#texture" },
        "east":  { "uv": [ 9.501, 7.001, 9.999, 8.999 ], "texture": "#texture" }
    }
},
{
    "__comment": "Top*",
    "from": [ 9, 7, 9.75 ],
    "to": [ 9.5, 9, 10.25 ],
    "faces": {
        "down":  { "uv": [ 9.001, 4.501, 9.499, 4.999 ], "texture": "#texture" },
        "up":    { "uv": [ 9.001, 7.001, 9.499, 7.499 ], "texture": "#texture" },
        "north": { "uv": [ 9.499, 3.001, 9.001, 4.999 ], "texture": "#texture" },
        "south": { "uv": [ 9.001, 7.001, 9.499, 8.999 ], "texture": "#texture" },
        "west":  { "uv": [ 9.001, 3.001, 9.499, 4.999 ], "texture": "#texture" },
        "east":  { "uv": [ 9.001, 7.001, 9.499, 8.999 ], "texture": "#texture" }
    }
},
{
    "__comment": "Top*",
    "from": [ 6.5, 7, 9.75 ],
    "to": [ 7, 9, 10.25 ],
    "faces": {
        "down":  { "uv": [ 6.501, 4.501, 6.999, 4.999 ], "texture": "#texture" },
        "up":    { "uv": [ 6.501, 7.001, 6.999, 7.499 ], "texture": "#texture" },
        "north": { "uv": [ 6.999, 3.001, 6.501, 4.999 ], "texture": "#texture" },
        "south": { "uv": [ 6.501, 7.001, 6.999, 8.999 ], "texture": "#texture" },
        "west":  { "uv": [ 6.501, 7.001, 6.999, 8.999 ], "texture": "#texture" },
        "east":  { "uv": [ 6.501, 3.001, 6.999, 4.999 ], "texture": "#texture" }
    }
},
{
    "__comment": "Top*",
    "from": [ 9.5, 7, 5.75 ],
    "to": [ 10, 9, 6.75 ],
    "faces": {
        "down":  { "uv": [ 9.501, 4.501, 9.999, 4.999 ], "texture": "#texture" },
        "up":    { "uv": [ 9.501, 7.001, 9.999, 7.499 ], "texture": "#texture" },
        "north": { "uv": [ 9.999, 7.001, 9.501, 8.999 ], "texture": "#texture" },
        "south": { "uv": [ 9.501, 3.001, 9.999, 4.999 ], "texture": "#texture" },
        "west":  { "uv": [ 9.501, 3.001, 9.999, 4.999 ], "texture": "#texture" },
        "east":  { "uv": [ 9.501, 7.001, 9.999, 8.999 ], "texture": "#texture" }
    }
},
{
    "__comment": "Top*",
    "from": [ 9, 7, 5.75 ],
    "to": [ 9.5, 9, 6.25 ],
    "faces": {
        "down":  { "uv": [ 9.001, 4.501, 9.499, 4.999 ], "texture": "#texture" },
        "up":    { "uv": [ 9.001, 7.001, 9.499, 7.499 ], "texture": "#texture" },
        "north": { "uv": [ 9.499, 7.001, 9.001, 8.999 ], "texture": "#texture" },
        "south": { "uv": [ 9.001, 3.001, 9.499, 4.999 ], "texture": "#texture" },
        "west":  { "uv": [ 9.001, 3.001, 9.499, 4.999 ], "texture": "#texture" },
        "east":  { "uv": [ 9.001, 7.001, 9.499, 8.999 ], "texture": "#texture" }
    }
},
{
    "__comment": "Top*",
    "from": [ 6.5, 7, 5.75 ],
    "to": [ 7, 9, 6.25 ],
    "faces": {
        "down":  { "uv": [ 6.501, 4.501, 6.999, 4.999 ], "texture": "#texture" },
        "up":    { "uv": [ 6.501, 7.001, 6.999, 7.499 ], "texture": "#texture" },
        "north": { "uv": [ 6.999, 7.001, 6.501, 8.999 ], "texture": "#texture" },
        "south": { "uv": [ 6.501, 3.001, 6.999, 4.999 ], "texture": "#texture" },
        "west":  { "uv": [ 6.501, 7.001, 6.999, 8.999 ], "texture": "#texture" },
        "east":  { "uv": [ 6.501, 3.001, 6.999, 4.999 ], "texture": "#texture" }
    }
},
{
    "__comment": "Top*",
    "from": [ 6, 7, 5.75 ],
    "to": [ 6.5, 9, 6.75 ],
    "faces": {
        "down":  { "uv": [ 6.001, 4.501, 6.499, 4.999 ], "texture": "#texture" },
        "up":    { "uv": [ 6.001, 7.001, 6.499, 7.499 ], "texture": "#texture" },
        "north": { "uv": [ 6.499, 7.001, 6.001, 8.999 ], "texture": "#texture" },
        "south": { "uv": [ 6.001, 3.001, 6.499, 4.999 ], "texture": "#texture" },
        "west":  { "uv": [ 6.001, 7.001, 6.499, 8.999 ], "texture": "#texture" },
        "east":  { "uv": [ 6.001, 3.001, 6.499, 4.999 ], "texture": "#texture" }
    }
},
{
    "__comment": "Top*",
    "from": [ 7, 7, 10.25 ],
    "to": [ 9, 9, 10.75 ],
    "faces": {
        "down":  { "uv": [ 7.001, 4.501, 8.999, 4.999 ], "texture": "#texture" },
        "up":    { "uv": [ 7.001, 7.001, 8.999, 7.499 ], "texture": "#texture" },
        "north": { "uv": [ 8.999, 3.001, 7.001, 4.999 ], "texture": "#texture" },
        "south": { "uv": [ 7.001, 7.001, 8.999, 8.999 ], "texture": "#texture" },
        "west":  { "uv": [ 7.001, 7.001, 7.499, 8.999 ], "texture": "#texture" },
        "east":  { "uv": [ 8.501, 7.001, 8.999, 8.999 ], "texture": "#texture" }
    }
},
{
    "__comment": "Top*",
    "from": [ 6.5, 6.5, 4.25 ],
    "to": [ 9.5, 7, 5.75 ],
    "faces": {
        "down":  { "uv": [ 6.501, 9.001, 9.499, 9.499 ], "texture": "#texture" },
        "up":    { "uv": [ 6.501, 9.001, 9.499, 9.499 ], "texture": "#texture" },
        "north": { "uv": [ 9.499, 9.001, 6.501, 9.499 ], "texture": "#texture" },
        "south": { "uv": [ 6.501, 9.001, 9.499, 9.499 ], "texture": "#texture" },
        "west":  { "uv": [ 6.501, 9.001, 6.999, 9.499 ], "texture": "#texture" },
        "east":  { "uv": [ 9.001, 9.001, 9.499, 9.499 ], "texture": "#texture" }
    }
},
{
    "__comment": "Top*",
    "from": [ 5.5, 6.5, 4.75 ],
    "to": [ 6.5, 7, 6.75 ],
    "faces": {
        "down":  { "uv": [ 5.501, 9.001, 6.499, 9.499 ], "texture": "#texture" },
        "up":    { "uv": [ 5.501, 9.001, 6.499, 9.499 ], "texture": "#texture" },
        "north": { "uv": [ 6.499, 9.001, 5.501, 9.499 ], "texture": "#texture" },
        "south": { "uv": [ 5.501, 9.001, 6.499, 9.499 ], "texture": "#texture" },
        "west":  { "uv": [ 5.501, 9.001, 5.999, 9.499 ], "texture": "#texture" },
        "east":  { "uv": [ 6.001, 9.001, 6.499, 9.499 ], "texture": "#texture" }
    }
},
{
    "__comment": "Top*",
    "from": [ 10.5, 6.75, 5.25 ],
    "to": [ 11, 7.25, 10.75 ],
    "faces": {
        "down":  { "uv": [ 10.501, 9.001, 10.999, 9.499 ], "texture": "#texture" },
        "up":    { "uv": [ 10.501, 9.001, 10.999, 9.499 ], "texture": "#texture" },
        "north": { "uv": [ 10.999, 9.001, 10.501, 9.499 ], "texture": "#texture" },
        "south": { "uv": [ 10.501, 9.001, 10.999, 9.499 ], "texture": "#texture" },
        "west":  { "uv": [ 10.501, 9.001, 10.999, 9.499 ], "texture": "#texture" },
        "east":  { "uv": [ 10.501, 9.001, 10.999, 9.499 ], "texture": "#texture" }
    }
},
{
    "__comment": "Top*",
    "from": [ 6.5, 6.5, 10.25 ],
    "to": [ 9.5, 7, 11.75 ],
    "faces": {
        "down":  { "uv": [ 6.501, 9.001, 9.499, 9.499 ], "texture": "#texture" },
        "up":    { "uv": [ 6.501, 9.001, 9.499, 9.499 ], "texture": "#texture" },
        "north": { "uv": [ 9.499, 9.001, 6.501, 9.499 ], "texture": "#texture" },
        "south": { "uv": [ 6.501, 9.001, 9.499, 9.499 ], "texture": "#texture" },
        "west":  { "uv": [ 6.501, 9.001, 6.999, 9.499 ], "texture": "#texture" },
        "east":  { "uv": [ 9.001, 9.001, 9.499, 9.499 ], "texture": "#texture" }
    }
},
{
    "__comment": "Top*",
    "from": [ 5.5, 6.5, 9.25 ],
    "to": [ 6.5, 7, 11.25 ],
    "faces": {
        "down":  { "uv": [ 5.501, 9.001, 6.499, 9.499 ], "texture": "#texture" },
        "up":    { "uv": [ 5.501, 9.001, 6.499, 9.499 ], "texture": "#texture" },
        "north": { "uv": [ 6.499, 9.001, 5.501, 9.499 ], "texture": "#texture" },
        "south": { "uv": [ 5.501, 9.001, 6.499, 9.499 ], "texture": "#texture" },
        "west":  { "uv": [ 5.501, 9.001, 5.999, 9.499 ], "texture": "#texture" },
        "east":  { "uv": [ 6.001, 9.001, 6.499, 9.499 ], "texture": "#texture" }
    }
},
{
    "__comment": "Top*",
    "from": [ 9.5, 6.5, 9.25 ],
    "to": [ 10.5, 7, 11.25 ],
    "faces": {
        "down":  { "uv": [ 9.501, 9.001, 10.499, 9.499 ], "texture": "#texture" },
        "up":    { "uv": [ 9.501, 9.001, 10.499, 9.499 ], "texture": "#texture" },
        "north": { "uv": [ 10.499, 9.001, 9.501, 9.499 ], "texture": "#texture" },
        "south": { "uv": [ 9.501, 9.001, 10.499, 9.499 ], "texture": "#texture" },
        "west":  { "uv": [ 9.501, 9.001, 9.999, 9.499 ], "texture": "#texture" },
        "east":  { "uv": [ 10.001, 9.001, 10.499, 9.499 ], "texture": "#texture" }
    }
},
{
    "__comment": "Top*",
    "from": [ 9.5, 6.5, 4.75 ],
    "to": [ 10.5, 7, 6.75 ],
    "faces": {
        "down":  { "uv": [ 9.501, 9.001, 10.499, 9.499 ], "texture": "#texture" },
        "up":    { "uv": [ 9.501, 9.001, 10.499, 9.499 ], "texture": "#texture" },
        "north": { "uv": [ 10.499, 9.001, 9.501, 9.499 ], "texture": "#texture" },
        "south": { "uv": [ 9.501, 9.001, 10.499, 9.499 ], "texture": "#texture" },
        "west":  { "uv": [ 9.501, 9.001, 9.999, 9.499 ], "texture": "#texture" },
        "east":  { "uv": [ 10.001, 9.001, 10.499, 9.499 ], "texture": "#texture" }
    }
},
{
    "__comment": "Top*",
    "from": [ 5, 6.75, 5.25 ],
    "to": [ 5.5, 7.25, 10.75 ],
    "faces": {
        "down":  { "uv": [ 5.001, 9.001, 5.499, 9.499 ], "texture": "#texture" },
        "up":    { "uv": [ 5.001, 9.001, 5.499, 9.499 ], "texture": "#texture" },
        "north": { "uv": [ 5.499, 9.001, 5.001, 9.499 ], "texture": "#texture" },
        "south": { "uv": [ 5.001, 9.001, 5.499, 9.499 ], "texture": "#texture" },
        "west":  { "uv": [ 5.001, 9.001, 5.499, 9.499 ], "texture": "#texture" },
        "east":  { "uv": [ 5.001, 9.001, 5.499, 9.499 ], "texture": "#texture" }
    }
},
{
    "__comment": "Top*",
    "from": [ 11, 7, 6.25 ],
    "to": [ 11.5, 7.5, 9.75 ],
    "faces": {
        "down":  { "uv": [ 11.001, 9.001, 11.499, 9.499 ], "texture": "#texture" },
        "up":    { "uv": [ 11.001, 9.001, 11.499, 9.499 ], "texture": "#texture" },
        "north": { "uv": [ 11.499, 9.001, 11.001, 9.499 ], "texture": "#texture" },
        "south": { "uv": [ 11.001, 9.001, 11.499, 9.499 ], "texture": "#texture" },
        "west":  { "uv": [ 11.001, 9.001, 11.499, 9.499 ], "texture": "#texture" },
        "east":  { "uv": [ 11.001, 9.001, 11.499, 9.499 ], "texture": "#texture" }
    }
},
{
    "__comment": "Top*",
    "from": [ 4.5, 7, 6.25 ],
    "to": [ 5, 7.5, 9.75 ],
    "faces": {
        "down":  { "uv": [ 5.001, 9.001, 5.499, 9.499 ], "texture": "#texture" },
        "up":    { "uv": [ 4.501, 9.001, 4.999, 9.499 ], "texture": "#texture" },
        "north": { "uv": [ 4.999, 9.001, 4.501, 9.499 ], "texture": "#texture" },
        "south": { "uv": [ 4.501, 9.001, 4.999, 9.499 ], "texture": "#texture" },
        "west":  { "uv": [ 4.501, 9.001, 4.999, 9.499 ], "texture": "#texture" },
        "east":  { "uv": [ 4.501, 9.001, 4.999, 9.499 ], "texture": "#texture" }
    }
},
{
    "__comment": "Top*",
    "from": [ 5.5, 6.5, 6.75 ],
    "to": [ 6, 7, 9.25 ],
    "faces": {
        "down":  { "uv": [ 5.501, 9.001, 5.999, 9.499 ], "texture": "#texture" },
        "up":    { "uv": [ 5.501, 9.001, 5.999, 9.499 ], "texture": "#texture" },
        "north": { "uv": [ 5.999, 9.001, 5.501, 9.499 ], "texture": "#texture" },
        "south": { "uv": [ 5.501, 9.001, 5.999, 9.499 ], "texture": "#texture" },
        "west":  { "uv": [ 5.501, 9.001, 5.999, 9.499 ], "texture": "#texture" },
        "east":  { "uv": [ 5.501, 9.001, 5.999, 9.499 ], "texture": "#texture" }
    }
},
{
    "__comment": "Top*",
    "from": [ 10, 6.5, 6.75 ],
    "to": [ 10.5, 7, 9.25 ],
    "faces": {
        "down":  { "uv": [ 9.501, 9.001, 9.999, 9.499 ], "texture": "#texture" },
        "up":    { "uv": [ 10.001, 9.001, 10.499, 9.499 ], "texture": "#texture" },
        "north": { "uv": [ 10.499, 9.001, 10.001, 9.499 ], "texture": "#texture" },
        "south": { "uv": [ 10.001, 9.001, 10.499, 9.499 ], "texture": "#texture" },
        "west":  { "uv": [ 10.001, 9.001, 10.499, 9.499 ], "texture": "#texture" },
        "east":  { "uv": [ 10.001, 9.001, 10.499, 9.499 ], "texture": "#texture" }
    }
}
],
"display": {
    "thirdperson_righthand": {
        "rotation": [ 33, 0, -90 ],
        "translation": [ 0.94, -2.65, -4.16 ],
        "scale": [ 1.4, 1.4, 1.4 ]
    },
    "thirdperson_lefthand": {
        "rotation": [ 33, 0, -90 ],
        "translation": [ 0.94, -2.65, -4.16 ],
        "scale": [ -1.4, 1.4, 1.4 ]
    },
    "head": {
        "rotation": [ 0, 180, 0 ],
        "translation": [ 0, 9.6, 0 ],
        "scale": [ 2.7, 2.7, 2.7 ]
    },
    "ground": {
        "rotation": [ 0, 0, 0 ],
        "translation": [ 0, -1, 0 ],
        "scale": [ 1, 1, 1 ]
    },
    "fixed": {
        "rotation": [ -24, 180, 0 ],
        "translation": [ 0, 0, -5.6 ],
        "scale": [ 1.5, 1.5, 1.5 ]
    },
    "firstperson_righthand": {
        "rotation": [ 0, -68, 0 ],
        "translation": [ -0.8, 3.2, -0.19 ],
        "scale": [ 0.8, 0.8, 0.8 ]
    },
    "firstperson_lefthand": {
        "rotation": [ 0, 112, 0 ],
        "translation": [ -0.8, 3.2, -0.19 ],
        "scale": [ 0.8, 0.8, 0.8 ]
    },
    "gui": {
        "rotation": [ 30, -45, 0 ],
        "translation": [ 0, 0, 0 ],
        "scale": [ 1.8, 1.8, 1.8 ]
    }
}
}