{
"__comment": "Designed by Zorigami",
"textures": {
    "texture": "blocks/hats/cowboy_hat"
},
"elements": [ 
{
    "from": [ 6, 6, 5.5 ],
    "to": [ 10, 9, 6 ],
    "faces": {
        "down":  { "uv": [ 6.001, 9.501, 9.999, 9.999 ], "texture": "#texture" },
        "up":    { "uv": [ 6.001, 7.001, 9.999, 7.499 ], "texture": "#texture" },
        "north": { "uv": [ 9.999, 7.001, 6.001, 9.999 ], "texture": "#texture" },
        "south": { "uv": [ 6.001, 7.001, 9.999, 9.999 ], "texture": "#texture" },
        "west":  { "uv": [ 6.001, 7.001, 6.499, 9.999 ], "texture": "#texture" },
        "east":  { "uv": [ 9.501, 7.001, 9.999, 9.999 ], "texture": "#texture" }
    }
},
{
    "from": [ 5.5, 6, 6 ],
    "to": [ 6, 9, 10 ],
    "faces": {
        "down":  { "uv": [ 5.501, 9.501, 5.999, 9.999 ], "texture": "#texture" },
        "up":    { "uv": [ 5.501, 7.001, 5.999, 7.499 ], "texture": "#texture" },
        "north": { "uv": [ 5.999, 7.001, 5.501, 9.999 ], "texture": "#texture" },
        "south": { "uv": [ 5.501, 7.001, 5.999, 9.999 ], "texture": "#texture" },
        "west":  { "uv": [ 5.501, 7.001, 5.999, 9.999 ], "texture": "#texture" },
        "east":  { "uv": [ 5.501, 7.001, 5.999, 9.999 ], "texture": "#texture" }
    }
},
{
    "from": [ 6, 9, 6 ],
    "to": [ 10, 9.5, 10 ],
    "faces": {
        "down":  { "uv": [ 6.001, 6.501, 9.999, 6.999 ], "texture": "#texture" },
        "up":    { "uv": [ 6.001, 6.501, 9.999, 6.999 ], "texture": "#texture" },
        "north": { "uv": [ 9.999, 6.501, 6.001, 6.999 ], "texture": "#texture" },
        "south": { "uv": [ 6.001, 6.501, 9.999, 6.999 ], "texture": "#texture" },
        "west":  { "uv": [ 6.001, 6.501, 6.499, 6.999 ], "texture": "#texture" },
        "east":  { "uv": [ 9.501, 6.501, 9.999, 6.999 ], "texture": "#texture" }
    }
},
{
    "from": [ 4.5, 5.5, 4.5 ],
    "to": [ 11.5, 6, 6 ],
    "faces": {
        "down":  { "uv": [ 4.501, 10.001, 11.499, 10.499 ], "texture": "#texture" },
        "up":    { "uv": [ 4.501, 10.001, 11.499, 10.499 ], "texture": "#texture" },
        "north": { "uv": [ 11.499, 10.001, 4.501, 10.499 ], "texture": "#texture" },
        "south": { "uv": [ 4.501, 10.001, 11.499, 10.499 ], "texture": "#texture" },
        "west":  { "uv": [ 4.501, 10.001, 4.999, 10.499 ], "texture": "#texture" },
        "east":  { "uv": [ 11.001, 10.001, 11.499, 10.499 ], "texture": "#texture" }
    }
},
{
    "from": [ 5.5, 5.5, 4 ],
    "to": [ 10.5, 6, 6 ],
    "faces": {
        "down":  { "uv": [ 5.501, 10.001, 10.499, 10.499 ], "texture": "#texture" },
        "up":    { "uv": [ 5.501, 10.001, 10.499, 10.499 ], "texture": "#texture" },
        "north": { "uv": [ 10.499, 10.001, 5.501, 10.499 ], "texture": "#texture" },
        "south": { "uv": [ 5.501, 10.001, 10.499, 10.499 ], "texture": "#texture" },
        "west":  { "uv": [ 5.501, 10.001, 5.999, 10.499 ], "texture": "#texture" },
        "east":  { "uv": [ 10.001, 10.001, 10.499, 10.499 ], "texture": "#texture" }
    }
},
{
    "from": [ 11.5, 6, 5 ],
    "to": [ 12.5, 6.5, 11 ],
    "faces": {
        "down":  { "uv": [ 11.501, 9.501, 12.499, 9.999 ], "texture": "#texture" },
        "up":    { "uv": [ 11.501, 9.501, 12.499, 9.999 ], "texture": "#texture" },
        "north": { "uv": [ 12.499, 9.501, 11.501, 9.999 ], "texture": "#texture" },
        "south": { "uv": [ 11.501, 9.501, 12.499, 9.999 ], "texture": "#texture" },
        "west":  { "uv": [ 11.501, 9.501, 11.999, 9.999 ], "texture": "#texture" },
        "east":  { "uv": [ 12.001, 9.501, 12.499, 9.999 ], "texture": "#texture" }
    }
},
{
    "from": [ 3.5, 6, 5 ],
    "to": [ 4.5, 6.5, 11 ],
    "faces": {
        "down":  { "uv": [ 3.501, 9.501, 4.499, 9.999 ], "texture": "#texture" },
        "up":    { "uv": [ 3.501, 9.501, 4.499, 9.999 ], "texture": "#texture" },
        "north": { "uv": [ 4.499, 9.501, 3.501, 9.999 ], "texture": "#texture" },
        "south": { "uv": [ 3.501, 9.501, 4.499, 9.999 ], "texture": "#texture" },
        "west":  { "uv": [ 3.501, 9.501, 3.999, 9.999 ], "texture": "#texture" },
        "east":  { "uv": [ 4.001, 9.501, 4.499, 9.999 ], "texture": "#texture" }
    }
},
{
    "from": [ 3, 6.5, 5.5 ],
    "to": [ 3.5, 7, 10.5 ],
    "faces": {
        "down":  { "uv": [ 3.001, 9.001, 3.499, 9.499 ], "texture": "#texture" },
        "up":    { "uv": [ 3.001, 9.001, 3.499, 9.499 ], "texture": "#texture" },
        "north": { "uv": [ 3.001, 9.001, 3.499, 9.499 ], "texture": "#texture" },
        "south": { "uv": [ 3.001, 9.001, 3.499, 9.499 ], "texture": "#texture" },
        "west":  { "uv": [ 3.001, 9.001, 3.499, 9.499 ], "texture": "#texture" },
        "east":  { "uv": [ 3.001, 9.001, 3.499, 9.499 ], "texture": "#texture" }
    }
},
{
    "from": [ 12.5, 6.5, 5.5 ],
    "to": [ 13, 7, 10.5 ],
    "faces": {
        "down":  { "uv": [ 12.501, 9.001, 12.999, 9.499 ], "texture": "#texture" },
        "up":    { "uv": [ 12.501, 9.001, 12.999, 9.499 ], "texture": "#texture" },
        "north": { "uv": [ 12.501, 9.001, 12.999, 9.499 ], "texture": "#texture" },
        "south": { "uv": [ 12.501, 9.001, 12.999, 9.499 ], "texture": "#texture" },
        "west":  { "uv": [ 12.501, 9.001, 12.999, 9.499 ], "texture": "#texture" },
        "east":  { "uv": [ 12.501, 9.001, 12.999, 9.499 ], "texture": "#texture" }
    }
},
{
    "from": [ 4.5, 5.5, 10 ],
    "to": [ 11.5, 6, 11.5 ],
    "faces": {
        "down":  { "uv": [ 4.501, 10.001, 11.499, 10.499 ], "texture": "#texture" },
        "up":    { "uv": [ 4.501, 10.001, 11.499, 10.499 ], "texture": "#texture" },
        "north": { "uv": [ 11.499, 10.001, 4.501, 10.499 ], "texture": "#texture" },
        "south": { "uv": [ 4.501, 10.001, 11.499, 10.499 ], "texture": "#texture" },
        "west":  { "uv": [ 4.501, 10.001, 4.999, 10.499 ], "texture": "#texture" },
        "east":  { "uv": [ 11.001, 10.001, 11.499, 10.499 ], "texture": "#texture" }
    }
},
{
    "from": [ 10, 5.5, 6 ],
    "to": [ 11.5, 6, 10 ],
    "faces": {
        "down":  { "uv": [ 10.001, 10.001, 11.499, 10.499 ], "texture": "#texture" },
        "up":    { "uv": [ 10.001, 10.001, 11.499, 10.499 ], "texture": "#texture" },
        "north": { "uv": [ 11.499, 10.001, 10.001, 10.499 ], "texture": "#texture" },
        "south": { "uv": [ 10.001, 10.001, 11.499, 10.499 ], "texture": "#texture" },
        "west":  { "uv": [ 10.001, 10.001, 10.499, 10.499 ], "texture": "#texture" },
        "east":  { "uv": [ 11.001, 10.001, 11.499, 10.499 ], "texture": "#texture" }
    }
},
{
    "from": [ 5.5, 5.5, 10 ],
    "to": [ 10.5, 6, 12 ],
    "faces": {
        "down":  { "uv": [ 5.501, 10.001, 10.499, 10.499 ], "texture": "#texture" },
        "up":    { "uv": [ 5.501, 10.001, 10.499, 10.499 ], "texture": "#texture" },
        "north": { "uv": [ 10.499, 10.001, 5.501, 10.499 ], "texture": "#texture" },
        "south": { "uv": [ 5.501, 10.001, 10.499, 10.499 ], "texture": "#texture" },
        "west":  { "uv": [ 5.501, 10.001, 5.999, 10.499 ], "texture": "#texture" },
        "east":  { "uv": [ 10.001, 10.001, 10.499, 10.499 ], "texture": "#texture" }
    }
},
{
    "from": [ 4.5, 5.5, 6 ],
    "to": [ 6, 6, 10 ],
    "faces": {
        "down":  { "uv": [ 5.501, 10.001, 6.999, 10.499 ], "texture": "#texture" },
        "up":    { "uv": [ 4.501, 10.001, 5.999, 10.499 ], "texture": "#texture" },
        "north": { "uv": [ 5.999, 10.001, 4.501, 10.499 ], "texture": "#texture" },
        "south": { "uv": [ 4.501, 10.001, 5.999, 10.499 ], "texture": "#texture" },
        "west":  { "uv": [ 4.501, 10.001, 4.999, 10.499 ], "texture": "#texture" },
        "east":  { "uv": [ 5.501, 10.001, 5.999, 10.499 ], "texture": "#texture" }
    }
},
{
    "from": [ 6, 6, 10 ],
    "to": [ 10, 9, 10.5 ],
    "faces": {
        "down":  { "uv": [ 6.001, 9.501, 9.999, 9.999 ], "texture": "#texture" },
        "up":    { "uv": [ 6.001, 7.001, 9.999, 7.499 ], "texture": "#texture" },
        "north": { "uv": [ 9.999, 7.001, 6.001, 9.999 ], "texture": "#texture" },
        "south": { "uv": [ 6.001, 7.001, 9.999, 9.999 ], "texture": "#texture" },
        "west":  { "uv": [ 6.001, 7.001, 6.499, 9.999 ], "texture": "#texture" },
        "east":  { "uv": [ 9.501, 7.001, 9.999, 9.999 ], "texture": "#texture" }
    }
},
{
    "from": [ 10, 6, 6 ],
    "to": [ 10.5, 9, 10 ],
    "faces": {
        "down":  { "uv": [ 10.001, 9.501, 10.499, 9.999 ], "texture": "#texture" },
        "up":    { "uv": [ 10.001, 7.001, 10.499, 7.499 ], "texture": "#texture" },
        "north": { "uv": [ 10.499, 7.001, 10.001, 9.999 ], "texture": "#texture" },
        "south": { "uv": [ 10.001, 7.001, 10.499, 9.999 ], "texture": "#texture" },
        "west":  { "uv": [ 10.001, 7.001, 10.499, 9.999 ], "texture": "#texture" },
        "east":  { "uv": [ 10.001, 7.001, 10.499, 9.999 ], "texture": "#texture" }
    }
}
],
"display": {
    "thirdperson_righthand": {
        "rotation": [ 90, 0, -90 ],
        "translation": [ 1.7, -2.46, -3.97 ],
        "scale": [ 1, 1, 1 ]
    },
    "thirdperson_lefthand": {
        "rotation": [ -90, 0, -90 ],
        "translation": [ 1.7, -2.46, -3.97 ],
        "scale": [ 1, 1, 1 ]
    },
    "head": {
        "rotation": [ 0, 180, 0 ],
        "translation": [ 0, 12.0, 0 ],
        "scale": [ 2.7, 2.7, 2.7 ]
    },
    "ground": {
        "rotation": [ 0, 0, 0 ],
        "translation": [ 0, -0.57, 0 ],
        "scale": [ 0.8, 0.8, 0.8 ]
    },
    "fixed": {
        "rotation": [ 0, 0, 0 ],
        "translation": [ 0, 0, -5.3 ],
        "scale": [ 1.5, 1.5, 1.5 ]
    },
    "firstperson_righthand": {
        "rotation": [ 0, 170, 0 ],
        "translation": [ 0, 3.59, -0.57 ],
        "scale": [ 0.8, 0.8, 0.8 ]
    },
    "firstperson_lefthand": {
        "rotation": [ 0, 170, 0 ],
        "translation": [ 0, 3.59, -0.56 ],
        "scale": [ 0.8, 0.8, 0.8 ]
    },
    "gui": {
        "rotation": [ 16, 135, 0 ],
        "translation": [ 0, 1.7, 0 ],
        "scale": [ 1.6, 1.6, 1.6 ]
    }
}
}