{
"__comment": "Designed by Zorigami",
"textures": {
    "texture": "blocks/hats/crown_prince"
},
"elements": [ 
{
    "from": [ 5, 9, 15 ],
    "to": [ 11, 12, 16 ],
    "faces": {
        "down":  { "uv": [ 5.001, 6.001, 10.999, 6.999 ], "texture": "#texture" },
        "up":    { "uv": [ 5.001, 4.001, 10.999, 4.999 ], "texture": "#texture" },
        "north": { "uv": [ 10.999, 4.001, 5.001, 6.999 ], "texture": "#texture" },
        "south": { "uv": [ 5.001, 4.001, 10.999, 6.999 ], "texture": "#texture" },
        "west":  { "uv": [ 5.001, 4.001, 5.999, 6.999 ], "texture": "#texture" },
        "east":  { "uv": [ 10.001, 4.001, 10.999, 6.999 ], "texture": "#texture" }
    }
},
{
    "from": [ 7, 12, 15 ],
    "to": [ 9, 13, 16 ],
    "faces": {
        "down":  { "uv": [ 7.001, 3.001, 8.999, 3.999 ], "texture": "#texture" },
        "up":    { "uv": [ 7.001, 3.001, 8.999, 3.999 ], "texture": "#texture" },
        "north": { "uv": [ 8.999, 3.001, 7.001, 3.999 ], "texture": "#texture" },
        "south": { "uv": [ 7.001, 3.001, 8.999, 3.999 ], "texture": "#texture" },
        "west":  { "uv": [ 7.001, 3.001, 7.999, 3.999 ], "texture": "#texture" },
        "east":  { "uv": [ 8.001, 3.001, 8.999, 3.999 ], "texture": "#texture" }
    }
},
{
    "from": [ 11, 9, 14 ],
    "to": [ 13, 11, 15 ],
    "faces": {
        "down":  { "uv": [ 11.001, 6.001, 12.999, 6.999 ], "texture": "#texture" },
        "up":    { "uv": [ 11.001, 5.001, 12.999, 5.999 ], "texture": "#texture" },
        "north": { "uv": [ 12.999, 5.001, 11.001, 6.999 ], "texture": "#texture" },
        "south": { "uv": [ 11.001, 5.001, 12.999, 6.999 ], "texture": "#texture" },
        "west":  { "uv": [ 11.001, 5.001, 11.999, 6.999 ], "texture": "#texture" },
        "east":  { "uv": [ 12.001, 5.001, 12.999, 6.999 ], "texture": "#texture" }
    }
},
{
    "from": [ 3, 9, 14 ],
    "to": [ 5, 11, 15 ],
    "faces": {
        "down":  { "uv": [ 3.001, 6.001, 4.999, 6.999 ], "texture": "#texture" },
        "up":    { "uv": [ 3.001, 5.001, 4.999, 5.999 ], "texture": "#texture" },
        "north": { "uv": [ 4.999, 5.001, 3.001, 6.999 ], "texture": "#texture" },
        "south": { "uv": [ 3.001, 5.001, 4.999, 6.999 ], "texture": "#texture" },
        "west":  { "uv": [ 3.001, 5.001, 3.999, 6.999 ], "texture": "#texture" },
        "east":  { "uv": [ 4.001, 5.001, 4.999, 6.999 ], "texture": "#texture" }
    }
},
{
    "from": [ 13, 9, 13 ],
    "to": [ 14, 12, 14 ],
    "faces": {
        "down":  { "uv": [ 13.001, 6.001, 13.999, 6.999 ], "texture": "#texture" },
        "up":    { "uv": [ 13.001, 4.001, 13.999, 4.999 ], "texture": "#texture" },
        "north": { "uv": [ 13.999, 4.001, 13.001, 6.999 ], "texture": "#texture" },
        "south": { "uv": [ 13.001, 4.001, 13.999, 6.999 ], "texture": "#texture" },
        "west":  { "uv": [ 13.001, 4.001, 13.999, 6.999 ], "texture": "#texture" },
        "east":  { "uv": [ 13.001, 4.001, 13.999, 6.999 ], "texture": "#texture" }
    }
},
{
    "from": [ 14, 9, 12 ],
    "to": [ 15, 12, 13 ],
    "faces": {
        "down":  { "uv": [ 14.001, 6.001, 14.999, 6.999 ], "texture": "#texture" },
        "up":    { "uv": [ 14.001, 4.001, 14.999, 4.999 ], "texture": "#texture" },
        "north": { "uv": [ 14.999, 4.001, 14.001, 6.999 ], "texture": "#texture" },
        "south": { "uv": [ 14.001, 4.001, 14.999, 6.999 ], "texture": "#texture" },
        "west":  { "uv": [ 14.001, 4.001, 14.999, 6.999 ], "texture": "#texture" },
        "east":  { "uv": [ 14.001, 4.001, 14.999, 6.999 ], "texture": "#texture" }
    }
},
{
    "from": [ 14, 9, 11 ],
    "to": [ 15, 11, 12 ],
    "faces": {
        "down":  { "uv": [ 14.001, 6.001, 14.999, 6.999 ], "texture": "#texture" },
        "up":    { "uv": [ 14.001, 5.001, 14.999, 5.999 ], "texture": "#texture" },
        "north": { "uv": [ 14.999, 5.001, 14.001, 6.999 ], "texture": "#texture" },
        "south": { "uv": [ 14.001, 5.001, 14.999, 6.999 ], "texture": "#texture" },
        "west":  { "uv": [ 14.001, 5.001, 14.999, 6.999 ], "texture": "#texture" },
        "east":  { "uv": [ 14.001, 5.001, 14.999, 6.999 ], "texture": "#texture" }
    }
},
{
    "from": [ 2, 9, 13 ],
    "to": [ 3, 12, 14 ],
    "faces": {
        "down":  { "uv": [ 2.001, 6.001, 2.999, 6.999 ], "texture": "#texture" },
        "up":    { "uv": [ 2.001, 4.001, 2.999, 4.999 ], "texture": "#texture" },
        "north": { "uv": [ 2.999, 4.001, 2.001, 6.999 ], "texture": "#texture" },
        "south": { "uv": [ 2.001, 4.001, 2.999, 6.999 ], "texture": "#texture" },
        "west":  { "uv": [ 2.001, 4.001, 2.999, 6.999 ], "texture": "#texture" },
        "east":  { "uv": [ 2.001, 4.001, 2.999, 6.999 ], "texture": "#texture" }
    }
},
{
    "from": [ 1, 9, 12 ],
    "to": [ 2, 12, 13 ],
    "faces": {
        "down":  { "uv": [ 1.001, 6.001, 1.999, 6.999 ], "texture": "#texture" },
        "up":    { "uv": [ 1.001, 4.001, 1.999, 4.999 ], "texture": "#texture" },
        "north": { "uv": [ 1.999, 4.001, 1.001, 6.999 ], "texture": "#texture" },
        "south": { "uv": [ 1.001, 4.001, 1.999, 6.999 ], "texture": "#texture" },
        "west":  { "uv": [ 1.001, 4.001, 1.999, 6.999 ], "texture": "#texture" },
        "east":  { "uv": [ 1.001, 4.001, 1.999, 6.999 ], "texture": "#texture" }
    }
},
{
    "from": [ 0, 9, 5 ],
    "to": [ 1, 11, 11 ],
    "faces": {
        "down":  { "uv": [ 0.001, 6.001, 0.999, 6.999 ], "texture": "#texture" },
        "up":    { "uv": [ 0.001, 5.001, 0.999, 5.999 ], "texture": "#texture" },
        "north": { "uv": [ 0.999, 5.001, 0.001, 6.999 ], "texture": "#texture" },
        "south": { "uv": [ 0.001, 5.001, 0.999, 6.999 ], "texture": "#texture" },
        "west":  { "uv": [ 0.001, 5.001, 0.999, 6.999 ], "texture": "#texture" },
        "east":  { "uv": [ 0.001, 5.001, 0.999, 6.999 ], "texture": "#texture" }
    }
},
{
    "from": [ 1, 9, 11 ],
    "to": [ 2, 11, 12 ],
    "faces": {
        "down":  { "uv": [ 1.001, 6.001, 1.999, 6.999 ], "texture": "#texture" },
        "up":    { "uv": [ 1.001, 5.001, 1.999, 5.999 ], "texture": "#texture" },
        "north": { "uv": [ 1.999, 5.001, 1.001, 6.999 ], "texture": "#texture" },
        "south": { "uv": [ 1.001, 5.001, 1.999, 6.999 ], "texture": "#texture" },
        "west":  { "uv": [ 1.001, 5.001, 1.999, 6.999 ], "texture": "#texture" },
        "east":  { "uv": [ 1.001, 5.001, 1.999, 6.999 ], "texture": "#texture" }
    }
},
{
    "from": [ 15, 9, 5 ],
    "to": [ 16, 11, 11 ],
    "faces": {
        "down":  { "uv": [ 15.001, 6.001, 15.999, 6.999 ], "texture": "#texture" },
        "up":    { "uv": [ 15.001, 5.001, 15.999, 5.999 ], "texture": "#texture" },
        "north": { "uv": [ 15.999, 5.001, 15.001, 6.999 ], "texture": "#texture" },
        "south": { "uv": [ 15.001, 5.001, 15.999, 6.999 ], "texture": "#texture" },
        "west":  { "uv": [ 12.001, 5.001, 12.999, 6.999 ], "texture": "#texture" },
        "east":  { "uv": [ 15.001, 5.001, 15.999, 6.999 ], "texture": "#texture" }
    }
},
{
    "from": [ 5, 9, 0 ],
    "to": [ 11, 11, 1 ],
    "faces": {
        "down":  { "uv": [ 5.001, 9.001, 10.999, 9.999 ], "texture": "#texture" },
        "up":    { "uv": [ 5.001, 8.001, 10.999, 8.999 ], "texture": "#texture" },
        "north": { "uv": [ 10.999, 8.001, 5.001, 9.999 ], "texture": "#texture" },
        "south": { "uv": [ 5.001, 8.001, 10.999, 9.999 ], "texture": "#texture" },
        "west":  { "uv": [ 5.001, 8.001, 5.999, 9.999 ], "texture": "#texture" },
        "east":  { "uv": [ 10.001, 8.001, 10.999, 9.999 ], "texture": "#texture" }
    }
},
{
    "from": [ 11, 9, 1 ],
    "to": [ 13, 11, 2 ],
    "faces": {
        "down":  { "uv": [ 11.001, 9.001, 12.999, 9.999 ], "texture": "#texture" },
        "up":    { "uv": [ 11.001, 8.001, 12.999, 8.999 ], "texture": "#texture" },
        "north": { "uv": [ 12.999, 8.001, 11.001, 9.999 ], "texture": "#texture" },
        "south": { "uv": [ 11.001, 8.001, 12.999, 9.999 ], "texture": "#texture" },
        "west":  { "uv": [ 11.001, 8.001, 11.999, 9.999 ], "texture": "#texture" },
        "east":  { "uv": [ 12.001, 8.001, 12.999, 9.999 ], "texture": "#texture" }
    }
},
{
    "from": [ 3, 9, 1 ],
    "to": [ 5, 11, 2 ],
    "faces": {
        "down":  { "uv": [ 3.001, 9.001, 4.999, 9.999 ], "texture": "#texture" },
        "up":    { "uv": [ 3.001, 8.001, 4.999, 8.999 ], "texture": "#texture" },
        "north": { "uv": [ 4.999, 8.001, 3.001, 9.999 ], "texture": "#texture" },
        "south": { "uv": [ 3.001, 8.001, 4.999, 9.999 ], "texture": "#texture" },
        "west":  { "uv": [ 3.001, 8.001, 3.999, 9.999 ], "texture": "#texture" },
        "east":  { "uv": [ 4.001, 8.001, 4.999, 9.999 ], "texture": "#texture" }
    }
},
{
    "from": [ 1, 9, 4 ],
    "to": [ 2, 11, 5 ],
    "faces": {
        "down":  { "uv": [ 1.001, 9.001, 1.999, 9.999 ], "texture": "#texture" },
        "up":    { "uv": [ 1.001, 8.001, 1.999, 8.999 ], "texture": "#texture" },
        "north": { "uv": [ 1.999, 8.001, 1.001, 9.999 ], "texture": "#texture" },
        "south": { "uv": [ 1.001, 8.001, 1.999, 9.999 ], "texture": "#texture" },
        "west":  { "uv": [ 1.001, 8.001, 1.999, 9.999 ], "texture": "#texture" },
        "east":  { "uv": [ 1.001, 8.001, 1.999, 9.999 ], "texture": "#texture" }
    }
},
{
    "from": [ 1, 9, 3 ],
    "to": [ 2, 12, 4 ],
    "faces": {
        "down":  { "uv": [ 1.001, 9.001, 1.999, 9.999 ], "texture": "#texture" },
        "up":    { "uv": [ 1.001, 7.001, 1.999, 7.999 ], "texture": "#texture" },
        "north": { "uv": [ 1.999, 7.001, 1.001, 9.999 ], "texture": "#texture" },
        "south": { "uv": [ 1.001, 7.001, 1.999, 9.999 ], "texture": "#texture" },
        "west":  { "uv": [ 1.001, 7.001, 1.999, 9.999 ], "texture": "#texture" },
        "east":  { "uv": [ 1.001, 7.001, 1.999, 9.999 ], "texture": "#texture" }
    }
},
{
    "from": [ 2, 9, 2 ],
    "to": [ 3, 12, 3 ],
    "faces": {
        "down":  { "uv": [ 2.001, 9.001, 2.999, 9.999 ], "texture": "#texture" },
        "up":    { "uv": [ 2.001, 7.001, 2.999, 7.999 ], "texture": "#texture" },
        "north": { "uv": [ 2.999, 7.001, 2.001, 9.999 ], "texture": "#texture" },
        "south": { "uv": [ 2.001, 7.001, 2.999, 9.999 ], "texture": "#texture" },
        "west":  { "uv": [ 2.001, 7.001, 2.999, 9.999 ], "texture": "#texture" },
        "east":  { "uv": [ 2.001, 7.001, 2.999, 9.999 ], "texture": "#texture" }
    }
},
{
    "from": [ 14, 9, 4 ],
    "to": [ 15, 11, 5 ],
    "faces": {
        "down":  { "uv": [ 14.001, 9.001, 14.999, 9.999 ], "texture": "#texture" },
        "up":    { "uv": [ 14.001, 8.001, 14.999, 8.999 ], "texture": "#texture" },
        "north": { "uv": [ 14.999, 8.001, 14.001, 9.999 ], "texture": "#texture" },
        "south": { "uv": [ 14.001, 8.001, 14.999, 9.999 ], "texture": "#texture" },
        "west":  { "uv": [ 14.001, 8.001, 14.999, 9.999 ], "texture": "#texture" },
        "east":  { "uv": [ 14.001, 8.001, 14.999, 9.999 ], "texture": "#texture" }
    }
},
{
    "from": [ 14, 9, 3 ],
    "to": [ 15, 12, 4 ],
    "faces": {
        "down":  { "uv": [ 14.001, 9.001, 14.999, 9.999 ], "texture": "#texture" },
        "up":    { "uv": [ 14.001, 7.001, 14.999, 7.999 ], "texture": "#texture" },
        "north": { "uv": [ 14.999, 7.001, 14.001, 9.999 ], "texture": "#texture" },
        "south": { "uv": [ 14.001, 7.001, 14.999, 9.999 ], "texture": "#texture" },
        "west":  { "uv": [ 14.001, 7.001, 14.999, 9.999 ], "texture": "#texture" },
        "east":  { "uv": [ 14.001, 7.001, 14.999, 9.999 ], "texture": "#texture" }
    }
},
{
    "from": [ 13, 9, 2 ],
    "to": [ 14, 12, 3 ],
    "faces": {
        "down":  { "uv": [ 13.001, 9.001, 13.999, 9.999 ], "texture": "#texture" },
        "up":    { "uv": [ 13.001, 7.001, 13.999, 7.999 ], "texture": "#texture" },
        "north": { "uv": [ 13.999, 7.001, 13.001, 9.999 ], "texture": "#texture" },
        "south": { "uv": [ 13.001, 7.001, 13.999, 9.999 ], "texture": "#texture" },
        "west":  { "uv": [ 13.001, 7.001, 13.999, 9.999 ], "texture": "#texture" },
        "east":  { "uv": [ 13.001, 7.001, 13.999, 9.999 ], "texture": "#texture" }
    }
}
],
"display": {
    "thirdperson_righthand": {
        "rotation": [ -128, 0, -90 ],
        "translation": [ -0.94, -1.51, -3.02 ],
        "scale": [ 0.5, 0.5, 0.5 ]
    },
    "thirdperson_lefthand": {
        "rotation": [ -128, 0, -90 ],
        "translation": [ -0.94, -1.51, -3.02 ],
        "scale": [ 0.5, 0.5, 0.5 ]
    },
    "head": {
        "rotation": [ 0, 180, 0 ],
        "translation": [ 0, 5.6, 0 ],
        "scale": [ 0.8, 0.8, 0.8 ]
    },
    "ground": {
        "rotation": [ 0, 0, 0 ],
        "translation": [ 0, -1.51, 0 ],
        "scale": [ 0.5, 0.5, 0.5 ]
    },
    "fixed": {
        "rotation": [ 90, 180, 0 ],
        "translation": [ 0, 0, 0.9 ],
        "scale": [ 0.85, 0.85, 0.85 ]
    },
    "firstperson_righthand": {
        "rotation": [ 0, -55, 0 ],
        "translation": [ 0, 2.65, 0 ],
        "scale": [ 0.4, 0.4, 0.4 ]
    },
    "firstperson_lefthand": {
        "rotation": [ 0, -55, 0 ],
        "translation": [ 0, 2.65, 0 ],
        "scale": [ 0.4, 0.4, 0.4 ]
    },
    "gui": {
        "rotation": [ 13, 0, 0 ],
        "translation": [ 0, -1.89, 0 ],
        "scale": [ 1, 1, 1 ]
    }
}
}