{
"__comment": "Designed by  Zorigami",
"textures": {
    "particle": "blocks/hats/flower_bow",
    "texture": "blocks/hats/flower_bow"
},
"elements": [ 
{
    "from": [ 1, 13, 7 ],
    "to": [ 15, 14, 9 ],
    "faces": {
        "down":  { "uv": [ 1.001, 2.001, 14.999, 2.999 ], "texture": "#texture" },
        "up":    { "uv": [ 1.001, 2.001, 14.999, 2.999 ], "texture": "#texture" },
        "north": { "uv": [ 14.999, 2.001, 1.001, 2.999 ], "texture": "#texture" },
        "south": { "uv": [ 1.001, 2.001, 14.999, 2.999 ], "texture": "#texture" },
        "west":  { "uv": [ 1.001, 2.001, 1.999, 2.999 ], "texture": "#texture" },
        "east":  { "uv": [ 14.001, 2.001, 14.999, 2.999 ], "texture": "#texture" }
    }
},
{
    "from": [ 0.5, 13, 7.5 ],
    "to": [ 1, 14, 8.5 ],
    "faces": {
        "down":  { "uv": [ 1.001, 1.999, 1.999, 1.001 ], "rotation": 90, "texture": "#texture" },
        "up":    { "uv": [ 1.001, 1.001, 1.999, 1.999 ], "rotation": 270, "texture": "#texture" },
        "north": { "uv": [ 1.999, 1.001, 1.001, 1.999 ], "texture": "#texture" },
        "south": { "uv": [ 1.001, 1.001, 1.999, 1.999 ], "texture": "#texture" },
        "west":  { "uv": [ 1.001, 1.001, 1.999, 1.999 ], "rotation": 180, "texture": "#texture" },
        "east":  { "uv": [ 1.999, 1.001, 1.001, 1.999 ], "rotation": 180, "texture": "#texture" }
    }
},
{
    "from": [ 1, 14, 7.5 ],
    "to": [ 15, 14.5, 8.5 ],
    "faces": {
        "down":  { "uv": [ 1.001, 1.001, 14.999, 1.999 ], "texture": "#texture" },
        "up":    { "uv": [ 1.001, 1.001, 14.999, 1.999 ], "texture": "#texture" },
        "north": { "uv": [ 14.999, 1.001, 1.001, 1.999 ], "texture": "#texture" },
        "south": { "uv": [ 1.001, 1.001, 14.999, 1.999 ], "texture": "#texture" },
        "west":  { "uv": [ 1.001, 1.001, 1.999, 1.999 ], "texture": "#texture" },
        "east":  { "uv": [ 14.001, 1.001, 14.999, 1.999 ], "texture": "#texture" }
    }
},
{
    "from": [ 0.5, 3, 7 ],
    "to": [ 1.5, 13, 9 ],
    "faces": {
        "down":  { "uv": [ 1.001, 12.001, 1.999, 12.999 ], "texture": "#texture" },
        "up":    { "uv": [ 1.001, 3.001, 1.999, 3.999 ], "texture": "#texture" },
        "north": { "uv": [ 1.999, 3.001, 1.001, 12.999 ], "texture": "#texture" },
        "south": { "uv": [ 1.001, 3.001, 1.999, 12.999 ], "texture": "#texture" },
        "west":  { "uv": [ 1.001, 3.001, 1.999, 12.999 ], "texture": "#texture" },
        "east":  { "uv": [ 1.001, 3.001, 1.999, 12.999 ], "texture": "#texture" }
    }
},
{
    "from": [ 0.5, 2.5, 7.5 ],
    "to": [ 1.5, 3, 8.5 ],
    "faces": {
        "down":  { "uv": [ 1.001, 14.001, 1.999, 14.999 ], "texture": "#texture" },
        "up":    { "uv": [ 1.001, 14.001, 1.999, 14.999 ], "texture": "#texture" },
        "north": { "uv": [ 1.999, 14.001, 1.001, 14.999 ], "texture": "#texture" },
        "south": { "uv": [ 1.001, 14.001, 1.999, 14.999 ], "texture": "#texture" },
        "west":  { "uv": [ 1.001, 14.001, 1.999, 14.999 ], "texture": "#texture" },
        "east":  { "uv": [ 1.001, 14.001, 1.999, 14.999 ], "texture": "#texture" }
    }
},
{
    "from": [ 14.5, 3, 7 ],
    "to": [ 15.5, 13, 9 ],
    "faces": {
        "down":  { "uv": [ 14.001, 12.001, 14.999, 12.999 ], "texture": "#texture" },
        "up":    { "uv": [ 14.001, 3.001, 14.999, 3.999 ], "texture": "#texture" },
        "north": { "uv": [ 14.999, 3.001, 14.001, 12.999 ], "texture": "#texture" },
        "south": { "uv": [ 14.001, 3.001, 14.999, 12.999 ], "texture": "#texture" },
        "west":  { "uv": [ 14.001, 3.001, 14.999, 12.999 ], "texture": "#texture" },
        "east":  { "uv": [ 14.001, 3.001, 14.999, 12.999 ], "texture": "#texture" }
    }
},
{
    "from": [ 15, 13, 7.5 ],
    "to": [ 15.5, 14, 8.5 ],
    "faces": {
        "down":  { "uv": [ 14.001, 1.999, 14.999, 1.001 ], "rotation": 90, "texture": "#texture" },
        "up":    { "uv": [ 14.001, 1.001, 14.999, 1.999 ], "rotation": 270, "texture": "#texture" },
        "north": { "uv": [ 14.999, 1.001, 14.001, 1.999 ], "texture": "#texture" },
        "south": { "uv": [ 14.001, 1.001, 14.999, 1.999 ], "texture": "#texture" },
        "west":  { "uv": [ 14.001, 1.001, 14.999, 1.999 ], "rotation": 180, "texture": "#texture" },
        "east":  { "uv": [ 14.999, 1.001, 14.001, 1.999 ], "rotation": 180, "texture": "#texture" }
    }
},
{
    "from": [ 14.5, 2.5, 7.5 ],
    "to": [ 15.5, 3, 8.5 ],
    "faces": {
        "down":  { "uv": [ 14.001, 14.001, 14.999, 14.999 ], "texture": "#texture" },
        "up":    { "uv": [ 14.001, 14.001, 14.999, 14.999 ], "texture": "#texture" },
        "north": { "uv": [ 14.999, 14.001, 14.001, 14.999 ], "texture": "#texture" },
        "south": { "uv": [ 14.001, 14.001, 14.999, 14.999 ], "texture": "#texture" },
        "west":  { "uv": [ 14.001, 14.001, 14.999, 14.999 ], "texture": "#texture" },
        "east":  { "uv": [ 14.001, 14.001, 14.999, 14.999 ], "texture": "#texture" }
    }
},
{
    "from": [ 15.5, 3, 7.5 ],
    "to": [ 16, 13, 8.5 ],
    "faces": {
        "down":  { "uv": [ 15.001, 12.001, 15.999, 12.999 ], "texture": "#texture" },
        "up":    { "uv": [ 15.001, 3.001, 15.999, 3.999 ], "texture": "#texture" },
        "north": { "uv": [ 15.999, 3.001, 15.001, 12.999 ], "texture": "#texture" },
        "south": { "uv": [ 15.001, 3.001, 15.999, 12.999 ], "texture": "#texture" },
        "west":  { "uv": [ 15.001, 3.001, 15.999, 12.999 ], "texture": "#texture" },
        "east":  { "uv": [ 15.001, 3.001, 15.999, 12.999 ], "texture": "#texture" }
    }
},
{
    "from": [ 0, 3, 7.5 ],
    "to": [ 0.5, 13, 8.5 ],
    "faces": {
        "down":  { "uv": [ 0.001, 12.001, 0.999, 12.999 ], "texture": "#texture" },
        "up":    { "uv": [ 0.001, 3.001, 0.999, 3.999 ], "texture": "#texture" },
        "north": { "uv": [ 0.999, 3.001, 0.001, 12.999 ], "texture": "#texture" },
        "south": { "uv": [ 0.001, 3.001, 0.999, 12.999 ], "texture": "#texture" },
        "west":  { "uv": [ 0.001, 3.001, 0.999, 12.999 ], "texture": "#texture" },
        "east":  { "uv": [ 0.001, 3.001, 0.999, 12.999 ], "texture": "#texture" }
    }
},
{
    "__comment": "Flower",
    "from": [ 4, 14.5, 7.5 ],
    "to": [ 5, 15, 8.5 ],
    "faces": {
        "down":  { "uv": [ 4.001, 5.001, 4.999, 5.999 ], "texture": "#texture" },
        "up":    { "uv": [ 4.001, 5.001, 4.999, 5.999 ], "texture": "#texture" },
        "north": { "uv": [ 4.999, 5.001, 4.001, 5.999 ], "texture": "#texture" },
        "south": { "uv": [ 4.001, 5.001, 4.999, 5.999 ], "texture": "#texture" },
        "west":  { "uv": [ 4.001, 5.001, 4.999, 5.999 ], "texture": "#texture" },
        "east":  { "uv": [ 4.001, 5.001, 4.999, 5.999 ], "texture": "#texture" }
    }
},
{
    "__comment": "Flower*",
    "from": [ 4, 14.5, 6.5 ],
    "to": [ 5, 15.25, 7.5 ],
    "faces": {
        "down":  { "uv": [ 4.001, 4.001, 4.999, 4.999 ], "texture": "#texture" },
        "up":    { "uv": [ 4.001, 4.001, 4.999, 4.999 ], "texture": "#texture" },
        "north": { "uv": [ 4.999, 4.001, 4.001, 4.999 ], "texture": "#texture" },
        "south": { "uv": [ 4.001, 4.001, 4.999, 4.999 ], "texture": "#texture" },
        "west":  { "uv": [ 4.001, 4.001, 4.999, 4.999 ], "texture": "#texture" },
        "east":  { "uv": [ 4.001, 4.001, 4.999, 4.999 ], "texture": "#texture" }
    }
},
{
    "__comment": "Flower*",
    "from": [ 4, 14.5, 8.5 ],
    "to": [ 5, 15.25, 9.5 ],
    "faces": {
        "down":  { "uv": [ 4.001, 6.001, 4.999, 6.999 ], "texture": "#texture" },
        "up":    { "uv": [ 4.001, 6.001, 4.999, 6.999 ], "texture": "#texture" },
        "north": { "uv": [ 4.999, 6.001, 4.001, 6.999 ], "texture": "#texture" },
        "south": { "uv": [ 4.001, 6.001, 4.999, 6.999 ], "texture": "#texture" },
        "west":  { "uv": [ 4.001, 6.001, 4.999, 6.999 ], "texture": "#texture" },
        "east":  { "uv": [ 4.001, 6.001, 4.999, 6.999 ], "texture": "#texture" }
    }
},
{
    "__comment": "Flower*",
    "from": [ 5, 14.5, 7.5 ],
    "to": [ 6, 15.25, 8.5 ],
    "faces": {
        "down":  { "uv": [ 5.001, 5.001, 5.999, 5.999 ], "texture": "#texture" },
        "up":    { "uv": [ 5.001, 5.001, 5.999, 5.999 ], "texture": "#texture" },
        "north": { "uv": [ 5.999, 5.001, 5.001, 5.999 ], "texture": "#texture" },
        "south": { "uv": [ 5.001, 5.001, 5.999, 5.999 ], "texture": "#texture" },
        "west":  { "uv": [ 5.001, 5.001, 5.999, 5.999 ], "texture": "#texture" },
        "east":  { "uv": [ 5.001, 5.001, 5.999, 5.999 ], "texture": "#texture" }
    }
},
{
    "__comment": "Flower*",
    "from": [ 3, 14.5, 7.5 ],
    "to": [ 4, 15.25, 8.5 ],
    "faces": {
        "down":  { "uv": [ 3.001, 5.001, 3.999, 5.999 ], "texture": "#texture" },
        "up":    { "uv": [ 3.001, 5.001, 3.999, 5.999 ], "texture": "#texture" },
        "north": { "uv": [ 3.999, 5.001, 3.001, 5.999 ], "texture": "#texture" },
        "south": { "uv": [ 3.001, 5.001, 3.999, 5.999 ], "texture": "#texture" },
        "west":  { "uv": [ 3.001, 5.001, 3.999, 5.999 ], "texture": "#texture" },
        "east":  { "uv": [ 3.001, 5.001, 3.999, 5.999 ], "texture": "#texture" }
    }
},
{
    "__comment": "Flower*",
    "from": [ 3.5, 14.5, 8.5 ],
    "to": [ 4, 15, 9 ],
    "faces": {
        "down":  { "uv": [ 3.001, 6.001, 3.999, 6.999 ], "texture": "#texture" },
        "up":    { "uv": [ 3.001, 6.001, 3.999, 6.999 ], "texture": "#texture" },
        "north": { "uv": [ 3.999, 6.001, 3.001, 6.999 ], "texture": "#texture" },
        "south": { "uv": [ 3.001, 6.001, 3.999, 6.999 ], "texture": "#texture" },
        "west":  { "uv": [ 3.001, 6.001, 3.999, 6.999 ], "texture": "#texture" },
        "east":  { "uv": [ 3.001, 6.001, 3.999, 6.999 ], "texture": "#texture" }
    }
},
{
    "__comment": "Flower*",
    "from": [ 3.5, 14.5, 7 ],
    "to": [ 4, 15, 7.5 ],
    "faces": {
        "down":  { "uv": [ 3.001, 4.001, 3.999, 4.999 ], "texture": "#texture" },
        "up":    { "uv": [ 3.001, 4.001, 3.999, 4.999 ], "texture": "#texture" },
        "north": { "uv": [ 3.999, 4.001, 3.001, 4.999 ], "texture": "#texture" },
        "south": { "uv": [ 3.001, 4.001, 3.999, 4.999 ], "texture": "#texture" },
        "west":  { "uv": [ 3.001, 4.001, 3.999, 4.999 ], "texture": "#texture" },
        "east":  { "uv": [ 3.001, 4.001, 3.999, 4.999 ], "texture": "#texture" }
    }
},
{
    "__comment": "Flower*",
    "from": [ 5, 14.5, 7 ],
    "to": [ 5.5, 15, 7.5 ],
    "faces": {
        "down":  { "uv": [ 5.001, 4.001, 5.999, 4.999 ], "texture": "#texture" },
        "up":    { "uv": [ 5.001, 4.001, 5.999, 4.999 ], "texture": "#texture" },
        "north": { "uv": [ 5.999, 4.001, 5.001, 4.999 ], "texture": "#texture" },
        "south": { "uv": [ 5.001, 4.001, 5.999, 4.999 ], "texture": "#texture" },
        "west":  { "uv": [ 5.001, 4.001, 5.999, 4.999 ], "texture": "#texture" },
        "east":  { "uv": [ 5.001, 4.001, 5.999, 4.999 ], "texture": "#texture" }
    }
},
{
    "__comment": "Flower*",
    "from": [ 5, 14.5, 8.5 ],
    "to": [ 5.5, 15, 9 ],
    "faces": {
        "down":  { "uv": [ 5.001, 6.001, 5.999, 6.999 ], "texture": "#texture" },
        "up":    { "uv": [ 5.001, 6.001, 5.999, 6.999 ], "texture": "#texture" },
        "north": { "uv": [ 5.999, 6.001, 5.001, 6.999 ], "texture": "#texture" },
        "south": { "uv": [ 5.001, 6.001, 5.999, 6.999 ], "texture": "#texture" },
        "west":  { "uv": [ 5.001, 6.001, 5.999, 6.999 ], "texture": "#texture" },
        "east":  { "uv": [ 5.001, 6.001, 5.999, 6.999 ], "texture": "#texture" }
    }
},
{
    "__comment": "Flower*",
    "from": [ 14, 13, 9 ],
    "to": [ 15, 14, 9.5 ],
    "faces": {
        "down":  { "uv": [ 4.001, 5.001, 4.999, 5.999 ], "texture": "#texture" },
        "up":    { "uv": [ 4.001, 5.001, 4.999, 5.999 ], "texture": "#texture" },
        "north": { "uv": [ 4.999, 5.001, 4.001, 5.999 ], "texture": "#texture" },
        "south": { "uv": [ 4.001, 5.001, 4.999, 5.999 ], "texture": "#texture" },
        "west":  { "uv": [ 4.001, 5.001, 4.999, 5.999 ], "texture": "#texture" },
        "east":  { "uv": [ 4.001, 5.001, 4.999, 5.999 ], "texture": "#texture" }
    }
},
{
    "__comment": "Flower*",
    "from": [ 14, 12, 9 ],
    "to": [ 15, 13, 9.75 ],
    "faces": {
        "down":  { "uv": [ 4.001, 6.001, 4.999, 6.999 ], "texture": "#texture" },
        "up":    { "uv": [ 4.001, 6.001, 4.999, 6.999 ], "texture": "#texture" },
        "north": { "uv": [ 4.999, 6.001, 4.001, 6.999 ], "texture": "#texture" },
        "south": { "uv": [ 4.001, 6.001, 4.999, 6.999 ], "texture": "#texture" },
        "west":  { "uv": [ 4.001, 6.001, 4.999, 6.999 ], "texture": "#texture" },
        "east":  { "uv": [ 4.001, 6.001, 4.999, 6.999 ], "texture": "#texture" }
    }
},
{
    "__comment": "Flower*",
    "from": [ 14, 14, 9 ],
    "to": [ 15, 15, 9.75 ],
    "faces": {
        "down":  { "uv": [ 4.001, 4.001, 4.999, 4.999 ], "texture": "#texture" },
        "up":    { "uv": [ 4.001, 4.001, 4.999, 4.999 ], "texture": "#texture" },
        "north": { "uv": [ 4.999, 4.001, 4.001, 4.999 ], "texture": "#texture" },
        "south": { "uv": [ 4.001, 4.001, 4.999, 4.999 ], "texture": "#texture" },
        "west":  { "uv": [ 4.001, 4.001, 4.999, 4.999 ], "texture": "#texture" },
        "east":  { "uv": [ 4.001, 4.001, 4.999, 4.999 ], "texture": "#texture" }
    }
},
{
    "__comment": "Flower*",
    "from": [ 13, 13, 9 ],
    "to": [ 14, 14, 9.75 ],
    "faces": {
        "down":  { "uv": [ 3.001, 5.001, 3.999, 5.999 ], "texture": "#texture" },
        "up":    { "uv": [ 3.001, 5.001, 3.999, 5.999 ], "texture": "#texture" },
        "north": { "uv": [ 3.999, 5.001, 3.001, 5.999 ], "texture": "#texture" },
        "south": { "uv": [ 3.001, 5.001, 3.999, 5.999 ], "texture": "#texture" },
        "west":  { "uv": [ 3.001, 5.001, 3.999, 5.999 ], "texture": "#texture" },
        "east":  { "uv": [ 3.001, 5.001, 3.999, 5.999 ], "texture": "#texture" }
    }
},
{
    "__comment": "Flower*",
    "from": [ 15, 13, 9 ],
    "to": [ 16, 14, 9.75 ],
    "faces": {
        "down":  { "uv": [ 5.001, 5.001, 5.999, 5.999 ], "texture": "#texture" },
        "up":    { "uv": [ 5.001, 5.001, 5.999, 5.999 ], "texture": "#texture" },
        "north": { "uv": [ 5.999, 5.001, 5.001, 5.999 ], "texture": "#texture" },
        "south": { "uv": [ 5.001, 5.001, 5.999, 5.999 ], "texture": "#texture" },
        "west":  { "uv": [ 5.001, 5.001, 5.999, 5.999 ], "texture": "#texture" },
        "east":  { "uv": [ 5.001, 5.001, 5.999, 5.999 ], "texture": "#texture" }
    }
},
{
    "__comment": "Flower*",
    "from": [ 15, 14, 9 ],
    "to": [ 15.5, 14.5, 9.5 ],
    "faces": {
        "down":  { "uv": [ 5.001, 4.001, 5.999, 4.999 ], "texture": "#texture" },
        "up":    { "uv": [ 5.001, 4.001, 5.999, 4.999 ], "texture": "#texture" },
        "north": { "uv": [ 5.999, 4.001, 5.001, 4.999 ], "texture": "#texture" },
        "south": { "uv": [ 5.001, 4.001, 5.999, 4.999 ], "texture": "#texture" },
        "west":  { "uv": [ 5.001, 4.001, 5.999, 4.999 ], "texture": "#texture" },
        "east":  { "uv": [ 5.001, 4.001, 5.999, 4.999 ], "texture": "#texture" }
    }
},
{
    "__comment": "Flower*",
    "from": [ 13.5, 14, 9 ],
    "to": [ 14, 14.5, 9.5 ],
    "faces": {
        "down":  { "uv": [ 3.001, 4.001, 3.999, 4.999 ], "texture": "#texture" },
        "up":    { "uv": [ 3.001, 4.001, 3.999, 4.999 ], "texture": "#texture" },
        "north": { "uv": [ 3.999, 4.001, 3.001, 4.999 ], "texture": "#texture" },
        "south": { "uv": [ 3.001, 4.001, 3.999, 4.999 ], "texture": "#texture" },
        "west":  { "uv": [ 3.001, 4.001, 3.999, 4.999 ], "texture": "#texture" },
        "east":  { "uv": [ 3.001, 4.001, 3.999, 4.999 ], "texture": "#texture" }
    }
},
{
    "__comment": "Flower*",
    "from": [ 13.5, 12.5, 9 ],
    "to": [ 14, 13, 9.5 ],
    "faces": {
        "down":  { "uv": [ 3.001, 6.001, 3.999, 6.999 ], "texture": "#texture" },
        "up":    { "uv": [ 3.001, 6.001, 3.999, 6.999 ], "texture": "#texture" },
        "north": { "uv": [ 3.999, 6.001, 3.001, 6.999 ], "texture": "#texture" },
        "south": { "uv": [ 3.001, 6.001, 3.999, 6.999 ], "texture": "#texture" },
        "west":  { "uv": [ 3.001, 6.001, 3.999, 6.999 ], "texture": "#texture" },
        "east":  { "uv": [ 3.001, 6.001, 3.999, 6.999 ], "texture": "#texture" }
    }
},
{
    "__comment": "Flower*",
    "from": [ 15, 12.5, 9 ],
    "to": [ 15.5, 13, 9.5 ],
    "faces": {
        "down":  { "uv": [ 5.001, 6.001, 5.999, 6.999 ], "texture": "#texture" },
        "up":    { "uv": [ 5.001, 6.001, 5.999, 6.999 ], "texture": "#texture" },
        "north": { "uv": [ 5.999, 6.001, 5.001, 6.999 ], "texture": "#texture" },
        "south": { "uv": [ 5.001, 6.001, 5.999, 6.999 ], "texture": "#texture" },
        "west":  { "uv": [ 5.001, 6.001, 5.999, 6.999 ], "texture": "#texture" },
        "east":  { "uv": [ 5.001, 6.001, 5.999, 6.999 ], "texture": "#texture" }
    }
},
{
    "__comment": "Flower*",
    "from": [ 8, 14, 8.5 ],
    "to": [ 8.5, 14.5, 8.75 ],
    "faces": {
        "down":  { "uv": [ 4.001, 5.001, 4.999, 5.999 ], "texture": "#texture" },
        "up":    { "uv": [ 4.001, 5.001, 4.999, 5.999 ], "texture": "#texture" },
        "north": { "uv": [ 4.999, 5.001, 4.001, 5.999 ], "texture": "#texture" },
        "south": { "uv": [ 4.001, 5.001, 4.999, 5.999 ], "texture": "#texture" },
        "west":  { "uv": [ 4.001, 5.001, 4.999, 5.999 ], "texture": "#texture" },
        "east":  { "uv": [ 4.001, 5.001, 4.999, 5.999 ], "texture": "#texture" }
    }
},
{
    "__comment": "Flower*",
    "from": [ 8, 13.5, 9 ],
    "to": [ 8.5, 14, 9.25 ],
    "faces": {
        "down":  { "uv": [ 4.001, 6.001, 4.999, 6.999 ], "texture": "#texture" },
        "up":    { "uv": [ 4.001, 6.001, 4.999, 6.999 ], "texture": "#texture" },
        "north": { "uv": [ 4.999, 6.001, 4.001, 6.999 ], "texture": "#texture" },
        "south": { "uv": [ 4.001, 6.001, 4.999, 6.999 ], "texture": "#texture" },
        "west":  { "uv": [ 4.001, 6.001, 4.999, 6.999 ], "texture": "#texture" },
        "east":  { "uv": [ 4.001, 6.001, 4.999, 6.999 ], "texture": "#texture" }
    }
},
{
    "__comment": "Flower*",
    "from": [ 8, 14.5, 8 ],
    "to": [ 8.5, 14.75, 8.5 ],
    "faces": {
        "down":  { "uv": [ 4.001, 4.001, 4.999, 4.999 ], "texture": "#texture" },
        "up":    { "uv": [ 4.001, 4.001, 4.999, 4.999 ], "texture": "#texture" },
        "north": { "uv": [ 4.999, 4.001, 4.001, 4.999 ], "texture": "#texture" },
        "south": { "uv": [ 4.001, 4.001, 4.999, 4.999 ], "texture": "#texture" },
        "west":  { "uv": [ 4.001, 4.001, 4.999, 4.999 ], "texture": "#texture" },
        "east":  { "uv": [ 4.001, 4.001, 4.999, 4.999 ], "texture": "#texture" }
    }
},
{
    "__comment": "Flower*",
    "from": [ 7.5, 14, 8.5 ],
    "to": [ 8, 14.5, 9 ],
    "faces": {
        "down":  { "uv": [ 3.001, 5.001, 3.999, 5.999 ], "texture": "#texture" },
        "up":    { "uv": [ 3.001, 5.001, 3.999, 5.999 ], "texture": "#texture" },
        "north": { "uv": [ 3.999, 5.001, 3.001, 5.999 ], "texture": "#texture" },
        "south": { "uv": [ 3.001, 5.001, 3.999, 5.999 ], "texture": "#texture" },
        "west":  { "uv": [ 3.001, 5.001, 3.999, 5.999 ], "texture": "#texture" },
        "east":  { "uv": [ 3.001, 5.001, 3.999, 5.999 ], "texture": "#texture" }
    }
},
{
    "__comment": "Flower*",
    "from": [ 8.5, 14, 8.5 ],
    "to": [ 9, 14.5, 9 ],
    "faces": {
        "down":  { "uv": [ 5.001, 5.001, 5.999, 5.999 ], "texture": "#texture" },
        "up":    { "uv": [ 5.001, 5.001, 5.999, 5.999 ], "texture": "#texture" },
        "north": { "uv": [ 5.999, 5.001, 5.001, 5.999 ], "texture": "#texture" },
        "south": { "uv": [ 5.001, 5.001, 5.999, 5.999 ], "texture": "#texture" },
        "west":  { "uv": [ 5.001, 5.001, 5.999, 5.999 ], "texture": "#texture" },
        "east":  { "uv": [ 5.001, 5.001, 5.999, 5.999 ], "texture": "#texture" }
    }
},
{
    "__comment": "Flower*",
    "from": [ 8, 14, 8.75 ],
    "to": [ 8.5, 14.25, 9 ],
    "faces": {
        "down":  { "uv": [ 4.001, 5.001, 4.999, 5.999 ], "texture": "#texture" },
        "up":    { "uv": [ 4.001, 5.001, 4.999, 5.999 ], "texture": "#texture" },
        "north": { "uv": [ 4.999, 5.001, 4.001, 5.999 ], "texture": "#texture" },
        "south": { "uv": [ 4.001, 5.001, 4.999, 5.999 ], "texture": "#texture" },
        "west":  { "uv": [ 4.001, 5.001, 4.999, 5.999 ], "texture": "#texture" },
        "east":  { "uv": [ 4.001, 5.001, 4.999, 5.999 ], "texture": "#texture" }
    }
},
{
    "__comment": "Flower*",
    "from": [ -0.5, 10, 8 ],
    "to": [ 0, 11, 9 ],
    "faces": {
        "down":  { "uv": [ 4.001, 5.001, 4.999, 5.999 ], "texture": "#texture" },
        "up":    { "uv": [ 4.001, 5.001, 4.999, 5.999 ], "texture": "#texture" },
        "north": { "uv": [ 4.999, 5.001, 4.001, 5.999 ], "texture": "#texture" },
        "south": { "uv": [ 4.001, 5.001, 4.999, 5.999 ], "texture": "#texture" },
        "west":  { "uv": [ 4.001, 5.001, 4.999, 5.999 ], "texture": "#texture" },
        "east":  { "uv": [ 4.001, 5.001, 4.999, 5.999 ], "texture": "#texture" }
    }
},
{
    "__comment": "Flower*",
    "from": [ -0.75, 9, 8 ],
    "to": [ 0, 10, 9 ],
    "faces": {
        "down":  { "uv": [ 4.001, 6.001, 4.999, 6.999 ], "texture": "#texture" },
        "up":    { "uv": [ 4.001, 6.001, 4.999, 6.999 ], "texture": "#texture" },
        "north": { "uv": [ 4.999, 6.001, 4.001, 6.999 ], "texture": "#texture" },
        "south": { "uv": [ 4.001, 6.001, 4.999, 6.999 ], "texture": "#texture" },
        "west":  { "uv": [ 4.001, 6.001, 4.999, 6.999 ], "texture": "#texture" },
        "east":  { "uv": [ 4.001, 6.001, 4.999, 6.999 ], "texture": "#texture" }
    }
},
{
    "__comment": "Flower*",
    "from": [ -0.75, 11, 8 ],
    "to": [ 0, 12, 9 ],
    "faces": {
        "down":  { "uv": [ 4.001, 4.001, 4.999, 4.999 ], "texture": "#texture" },
        "up":    { "uv": [ 4.001, 4.001, 4.999, 4.999 ], "texture": "#texture" },
        "north": { "uv": [ 4.999, 4.001, 4.001, 4.999 ], "texture": "#texture" },
        "south": { "uv": [ 4.001, 4.001, 4.999, 4.999 ], "texture": "#texture" },
        "west":  { "uv": [ 4.001, 4.001, 4.999, 4.999 ], "texture": "#texture" },
        "east":  { "uv": [ 4.001, 4.001, 4.999, 4.999 ], "texture": "#texture" }
    }
},
{
    "__comment": "Flower*",
    "from": [ -0.75, 10, 7 ],
    "to": [ 0, 11, 8 ],
    "faces": {
        "down":  { "uv": [ 3.001, 5.001, 3.999, 5.999 ], "texture": "#texture" },
        "up":    { "uv": [ 3.001, 5.001, 3.999, 5.999 ], "texture": "#texture" },
        "north": { "uv": [ 3.999, 5.001, 3.001, 5.999 ], "texture": "#texture" },
        "south": { "uv": [ 3.001, 5.001, 3.999, 5.999 ], "texture": "#texture" },
        "west":  { "uv": [ 3.001, 5.001, 3.999, 5.999 ], "texture": "#texture" },
        "east":  { "uv": [ 3.001, 5.001, 3.999, 5.999 ], "texture": "#texture" }
    }
},
{
    "__comment": "Flower*",
    "from": [ -0.5, 10, 9 ],
    "to": [ 0.25, 11, 10 ],
    "faces": {
        "down":  { "uv": [ 3.001, 5.001, 3.999, 5.999 ], "texture": "#texture" },
        "up":    { "uv": [ 3.001, 5.001, 3.999, 5.999 ], "texture": "#texture" },
        "north": { "uv": [ 3.999, 5.001, 3.001, 5.999 ], "texture": "#texture" },
        "south": { "uv": [ 3.001, 5.001, 3.999, 5.999 ], "texture": "#texture" },
        "west":  { "uv": [ 3.001, 5.001, 3.999, 5.999 ], "texture": "#texture" },
        "east":  { "uv": [ 3.001, 5.001, 3.999, 5.999 ], "texture": "#texture" }
    }
},
{
    "__comment": "Flower*",
    "from": [ -0.25, 11, 9 ],
    "to": [ 0.25, 11.5, 9.5 ],
    "faces": {
        "down":  { "uv": [ 5.001, 4.001, 5.999, 4.999 ], "texture": "#texture" },
        "up":    { "uv": [ 5.001, 4.001, 5.999, 4.999 ], "texture": "#texture" },
        "north": { "uv": [ 5.999, 4.001, 5.001, 4.999 ], "texture": "#texture" },
        "south": { "uv": [ 5.001, 4.001, 5.999, 4.999 ], "texture": "#texture" },
        "west":  { "uv": [ 5.001, 4.001, 5.999, 4.999 ], "texture": "#texture" },
        "east":  { "uv": [ 5.001, 4.001, 5.999, 4.999 ], "texture": "#texture" }
    }
},
{
    "__comment": "Flower*",
    "from": [ -0.5, 11, 7.5 ],
    "to": [ 0, 11.5, 8 ],
    "faces": {
        "down":  { "uv": [ 3.001, 4.001, 3.999, 4.999 ], "texture": "#texture" },
        "up":    { "uv": [ 3.001, 4.001, 3.999, 4.999 ], "texture": "#texture" },
        "north": { "uv": [ 3.999, 4.001, 3.001, 4.999 ], "texture": "#texture" },
        "south": { "uv": [ 3.001, 4.001, 3.999, 4.999 ], "texture": "#texture" },
        "west":  { "uv": [ 3.001, 4.001, 3.999, 4.999 ], "texture": "#texture" },
        "east":  { "uv": [ 3.001, 4.001, 3.999, 4.999 ], "texture": "#texture" }
    }
},
{
    "__comment": "Flower*",
    "from": [ -0.5, 9.5, 7.5 ],
    "to": [ 0, 10, 8 ],
    "faces": {
        "down":  { "uv": [ 3.001, 6.001, 3.999, 6.999 ], "texture": "#texture" },
        "up":    { "uv": [ 3.001, 6.001, 3.999, 6.999 ], "texture": "#texture" },
        "north": { "uv": [ 3.999, 6.001, 3.001, 6.999 ], "texture": "#texture" },
        "south": { "uv": [ 3.001, 6.001, 3.999, 6.999 ], "texture": "#texture" },
        "west":  { "uv": [ 3.001, 6.001, 3.999, 6.999 ], "texture": "#texture" },
        "east":  { "uv": [ 3.001, 6.001, 3.999, 6.999 ], "texture": "#texture" }
    }
},
{
    "__comment": "Flower*",
    "from": [ -0.25, 9.5, 9 ],
    "to": [ 0.25, 10, 9.5 ],
    "faces": {
        "down":  { "uv": [ 5.001, 6.001, 5.999, 6.999 ], "texture": "#texture" },
        "up":    { "uv": [ 5.001, 6.001, 5.999, 6.999 ], "texture": "#texture" },
        "north": { "uv": [ 5.999, 6.001, 5.001, 6.999 ], "texture": "#texture" },
        "south": { "uv": [ 5.001, 6.001, 5.999, 6.999 ], "texture": "#texture" },
        "west":  { "uv": [ 5.001, 6.001, 5.999, 6.999 ], "texture": "#texture" },
        "east":  { "uv": [ 5.001, 6.001, 5.999, 6.999 ], "texture": "#texture" }
    }
},
{
    "__comment": "Flower*",
    "from": [ 7.75, 14.5, 8.25 ],
    "to": [ 8, 14.75, 8.5 ],
    "faces": {
        "down":  { "uv": [ 3.001, 4.001, 3.999, 4.999 ], "texture": "#texture" },
        "up":    { "uv": [ 3.001, 4.001, 3.999, 4.999 ], "texture": "#texture" },
        "north": { "uv": [ 3.999, 4.001, 3.001, 4.999 ], "texture": "#texture" },
        "south": { "uv": [ 3.001, 4.001, 3.999, 4.999 ], "texture": "#texture" },
        "west":  { "uv": [ 3.001, 4.001, 3.999, 4.999 ], "texture": "#texture" },
        "east":  { "uv": [ 3.001, 4.001, 3.999, 4.999 ], "texture": "#texture" }
    }
},
{
    "__comment": "Flower*",
    "from": [ 8.5, 14.5, 8.25 ],
    "to": [ 8.75, 14.75, 8.5 ],
    "faces": {
        "down":  { "uv": [ 5.001, 4.001, 5.999, 4.999 ], "texture": "#texture" },
        "up":    { "uv": [ 5.001, 4.001, 5.999, 4.999 ], "texture": "#texture" },
        "north": { "uv": [ 5.999, 4.001, 5.001, 4.999 ], "texture": "#texture" },
        "south": { "uv": [ 5.001, 4.001, 5.999, 4.999 ], "texture": "#texture" },
        "west":  { "uv": [ 5.001, 4.001, 5.999, 4.999 ], "texture": "#texture" },
        "east":  { "uv": [ 5.001, 4.001, 5.999, 4.999 ], "texture": "#texture" }
    }
},
{
    "__comment": "Flower*",
    "from": [ 8.5, 13.75, 9 ],
    "to": [ 8.75, 14, 9.25 ],
    "faces": {
        "down":  { "uv": [ 5.001, 6.001, 5.999, 6.999 ], "texture": "#texture" },
        "up":    { "uv": [ 5.001, 6.001, 5.999, 6.999 ], "texture": "#texture" },
        "north": { "uv": [ 5.999, 6.001, 5.001, 6.999 ], "texture": "#texture" },
        "south": { "uv": [ 5.001, 6.001, 5.999, 6.999 ], "texture": "#texture" },
        "west":  { "uv": [ 5.001, 6.001, 5.999, 6.999 ], "texture": "#texture" },
        "east":  { "uv": [ 5.001, 6.001, 5.999, 6.999 ], "texture": "#texture" }
    }
},
{
    "__comment": "Flower*",
    "from": [ 7.75, 13.75, 9 ],
    "to": [ 8, 14, 9.25 ],
    "faces": {
        "down":  { "uv": [ 3.001, 6.001, 3.999, 6.999 ], "texture": "#texture" },
        "up":    { "uv": [ 3.001, 6.001, 3.999, 6.999 ], "texture": "#texture" },
        "north": { "uv": [ 3.999, 6.001, 3.001, 6.999 ], "texture": "#texture" },
        "south": { "uv": [ 3.001, 6.001, 3.999, 6.999 ], "texture": "#texture" },
        "west":  { "uv": [ 3.001, 6.001, 3.999, 6.999 ], "texture": "#texture" },
        "east":  { "uv": [ 3.001, 6.001, 3.999, 6.999 ], "texture": "#texture" }
    }
},
{
    "__comment": "Flower*",
    "from": [ 2.25, 13.25, 9 ],
    "to": [ 2.75, 13.75, 9.25 ],
    "faces": {
        "down":  { "uv": [ 4.001, 5.001, 4.999, 5.999 ], "texture": "#texture" },
        "up":    { "uv": [ 4.001, 5.001, 4.999, 5.999 ], "texture": "#texture" },
        "north": { "uv": [ 4.999, 5.001, 4.001, 5.999 ], "texture": "#texture" },
        "south": { "uv": [ 4.001, 5.001, 4.999, 5.999 ], "texture": "#texture" },
        "west":  { "uv": [ 4.001, 5.001, 4.999, 5.999 ], "texture": "#texture" },
        "east":  { "uv": [ 4.001, 5.001, 4.999, 5.999 ], "texture": "#texture" }
    }
},
{
    "__comment": "Flower*",
    "from": [ 2.25, 12.75, 9 ],
    "to": [ 2.75, 13.25, 9.5 ],
    "faces": {
        "down":  { "uv": [ 4.001, 6.001, 4.999, 6.999 ], "texture": "#texture" },
        "up":    { "uv": [ 4.001, 6.001, 4.999, 6.999 ], "texture": "#texture" },
        "north": { "uv": [ 4.999, 6.001, 4.001, 6.999 ], "texture": "#texture" },
        "south": { "uv": [ 4.001, 6.001, 4.999, 6.999 ], "texture": "#texture" },
        "west":  { "uv": [ 4.001, 6.001, 4.999, 6.999 ], "texture": "#texture" },
        "east":  { "uv": [ 4.001, 6.001, 4.999, 6.999 ], "texture": "#texture" }
    }
},
{
    "__comment": "Flower*",
    "from": [ 2.25, 13.75, 9 ],
    "to": [ 2.75, 14.25, 9.5 ],
    "faces": {
        "down":  { "uv": [ 4.001, 4.001, 4.999, 4.999 ], "texture": "#texture" },
        "up":    { "uv": [ 4.001, 4.001, 4.999, 4.999 ], "texture": "#texture" },
        "north": { "uv": [ 4.999, 4.001, 4.001, 4.999 ], "texture": "#texture" },
        "south": { "uv": [ 4.001, 4.001, 4.999, 4.999 ], "texture": "#texture" },
        "west":  { "uv": [ 4.001, 4.001, 4.999, 4.999 ], "texture": "#texture" },
        "east":  { "uv": [ 4.001, 4.001, 4.999, 4.999 ], "texture": "#texture" }
    }
},
{
    "__comment": "Flower*",
    "from": [ 2.75, 13.25, 9 ],
    "to": [ 3.25, 13.75, 9.5 ],
    "faces": {
        "down":  { "uv": [ 5.001, 5.001, 5.999, 5.999 ], "texture": "#texture" },
        "up":    { "uv": [ 5.001, 5.001, 5.999, 5.999 ], "texture": "#texture" },
        "north": { "uv": [ 5.999, 5.001, 5.001, 5.999 ], "texture": "#texture" },
        "south": { "uv": [ 5.001, 5.001, 5.999, 5.999 ], "texture": "#texture" },
        "west":  { "uv": [ 5.001, 5.001, 5.999, 5.999 ], "texture": "#texture" },
        "east":  { "uv": [ 5.001, 5.001, 5.999, 5.999 ], "texture": "#texture" }
    }
},
{
    "__comment": "Flower*",
    "from": [ 1.75, 13.25, 9 ],
    "to": [ 2.25, 13.75, 9.5 ],
    "faces": {
        "down":  { "uv": [ 3.001, 5.001, 3.999, 5.999 ], "texture": "#texture" },
        "up":    { "uv": [ 3.001, 5.001, 3.999, 5.999 ], "texture": "#texture" },
        "north": { "uv": [ 3.999, 5.001, 3.001, 5.999 ], "texture": "#texture" },
        "south": { "uv": [ 3.001, 5.001, 3.999, 5.999 ], "texture": "#texture" },
        "west":  { "uv": [ 3.001, 5.001, 3.999, 5.999 ], "texture": "#texture" },
        "east":  { "uv": [ 3.001, 5.001, 3.999, 5.999 ], "texture": "#texture" }
    }
},
{
    "__comment": "Flower*",
    "from": [ 2.75, 13.75, 9 ],
    "to": [ 3, 14, 9.25 ],
    "faces": {
        "down":  { "uv": [ 5.001, 4.001, 5.999, 4.999 ], "texture": "#texture" },
        "up":    { "uv": [ 5.001, 4.001, 5.999, 4.999 ], "texture": "#texture" },
        "north": { "uv": [ 5.999, 4.001, 5.001, 4.999 ], "texture": "#texture" },
        "south": { "uv": [ 5.001, 4.001, 5.999, 4.999 ], "texture": "#texture" },
        "west":  { "uv": [ 5.001, 4.001, 5.999, 4.999 ], "texture": "#texture" },
        "east":  { "uv": [ 5.001, 4.001, 5.999, 4.999 ], "texture": "#texture" }
    }
},
{
    "__comment": "Flower*",
    "from": [ 2, 13.75, 9 ],
    "to": [ 2.25, 14, 9.25 ],
    "faces": {
        "down":  { "uv": [ 3.001, 4.001, 3.999, 4.999 ], "texture": "#texture" },
        "up":    { "uv": [ 3.001, 4.001, 3.999, 4.999 ], "texture": "#texture" },
        "north": { "uv": [ 3.999, 4.001, 3.001, 4.999 ], "texture": "#texture" },
        "south": { "uv": [ 3.001, 4.001, 3.999, 4.999 ], "texture": "#texture" },
        "west":  { "uv": [ 3.001, 4.001, 3.999, 4.999 ], "texture": "#texture" },
        "east":  { "uv": [ 3.001, 4.001, 3.999, 4.999 ], "texture": "#texture" }
    }
},
{
    "__comment": "Flower*",
    "from": [ 2, 13, 9 ],
    "to": [ 2.25, 13.25, 9.25 ],
    "faces": {
        "down":  { "uv": [ 3.001, 6.001, 3.999, 6.999 ], "texture": "#texture" },
        "up":    { "uv": [ 3.001, 6.001, 3.999, 6.999 ], "texture": "#texture" },
        "north": { "uv": [ 3.999, 6.001, 3.001, 6.999 ], "texture": "#texture" },
        "south": { "uv": [ 3.001, 6.001, 3.999, 6.999 ], "texture": "#texture" },
        "west":  { "uv": [ 3.001, 6.001, 3.999, 6.999 ], "texture": "#texture" },
        "east":  { "uv": [ 3.001, 6.001, 3.999, 6.999 ], "texture": "#texture" }
    }
},
{
    "__comment": "Flower*",
    "from": [ 2.75, 13, 9 ],
    "to": [ 3, 13.25, 9.25 ],
    "faces": {
        "down":  { "uv": [ 5.001, 6.001, 5.999, 6.999 ], "texture": "#texture" },
        "up":    { "uv": [ 5.001, 6.001, 5.999, 6.999 ], "texture": "#texture" },
        "north": { "uv": [ 5.999, 6.001, 5.001, 6.999 ], "texture": "#texture" },
        "south": { "uv": [ 5.001, 6.001, 5.999, 6.999 ], "texture": "#texture" },
        "west":  { "uv": [ 5.001, 6.001, 5.999, 6.999 ], "texture": "#texture" },
        "east":  { "uv": [ 5.001, 6.001, 5.999, 6.999 ], "texture": "#texture" }
    }
},
{
    "__comment": "Flower*",
    "from": [ 15.5, 8, 8.5 ],
    "to": [ 15.75, 9, 9.25 ],
    "faces": {
        "down":  { "uv": [ 4.001, 5.001, 4.999, 5.999 ], "texture": "#texture" },
        "up":    { "uv": [ 4.001, 5.001, 4.999, 5.999 ], "texture": "#texture" },
        "north": { "uv": [ 4.999, 5.001, 4.001, 5.999 ], "texture": "#texture" },
        "south": { "uv": [ 4.001, 5.001, 4.999, 5.999 ], "texture": "#texture" },
        "west":  { "uv": [ 4.001, 5.001, 4.999, 5.999 ], "texture": "#texture" },
        "east":  { "uv": [ 4.001, 5.001, 4.999, 5.999 ], "texture": "#texture" }
    }
},
{
    "__comment": "Flower*",
    "from": [ 16, 8, 8 ],
    "to": [ 17, 9, 8.5 ],
    "faces": {
        "down":  { "uv": [ 5.001, 5.001, 5.999, 5.999 ], "texture": "#texture" },
        "up":    { "uv": [ 5.001, 5.001, 5.999, 5.999 ], "texture": "#texture" },
        "north": { "uv": [ 5.999, 5.001, 5.001, 5.999 ], "texture": "#texture" },
        "south": { "uv": [ 5.001, 5.001, 5.999, 5.999 ], "texture": "#texture" },
        "west":  { "uv": [ 5.001, 5.001, 5.999, 5.999 ], "texture": "#texture" },
        "east":  { "uv": [ 5.001, 5.001, 5.999, 5.999 ], "texture": "#texture" }
    }
},
{
    "__comment": "Flower*",
    "from": [ 15.75, 8, 8.5 ],
    "to": [ 16.25, 9, 8.75 ],
    "faces": {
        "down":  { "uv": [ 4.001, 5.001, 4.999, 5.999 ], "texture": "#texture" },
        "up":    { "uv": [ 4.001, 5.001, 4.999, 5.999 ], "texture": "#texture" },
        "north": { "uv": [ 4.999, 5.001, 4.001, 5.999 ], "texture": "#texture" },
        "south": { "uv": [ 4.001, 5.001, 4.999, 5.999 ], "texture": "#texture" },
        "west":  { "uv": [ 4.001, 5.001, 4.999, 5.999 ], "texture": "#texture" },
        "east":  { "uv": [ 4.001, 5.001, 4.999, 5.999 ], "texture": "#texture" }
    }
},
{
    "__comment": "Flower*",
    "from": [ 15, 8, 9 ],
    "to": [ 15.5, 9, 10 ],
    "faces": {
        "down":  { "uv": [ 3.001, 5.001, 3.999, 5.999 ], "texture": "#texture" },
        "up":    { "uv": [ 3.001, 5.001, 3.999, 5.999 ], "texture": "#texture" },
        "north": { "uv": [ 3.999, 5.001, 3.001, 5.999 ], "texture": "#texture" },
        "south": { "uv": [ 3.001, 5.001, 3.999, 5.999 ], "texture": "#texture" },
        "west":  { "uv": [ 3.001, 5.001, 3.999, 5.999 ], "texture": "#texture" },
        "east":  { "uv": [ 3.001, 5.001, 3.999, 5.999 ], "texture": "#texture" }
    }
},
{
    "__comment": "Flower*",
    "from": [ 15.5, 9, 8.5 ],
    "to": [ 16.25, 10, 9.25 ],
    "faces": {
        "down":  { "uv": [ 4.001, 4.001, 4.999, 4.999 ], "texture": "#texture" },
        "up":    { "uv": [ 4.001, 4.001, 4.999, 4.999 ], "texture": "#texture" },
        "north": { "uv": [ 4.999, 4.001, 4.001, 4.999 ], "texture": "#texture" },
        "south": { "uv": [ 4.001, 4.001, 4.999, 4.999 ], "texture": "#texture" },
        "west":  { "uv": [ 4.001, 4.001, 4.999, 4.999 ], "texture": "#texture" },
        "east":  { "uv": [ 4.001, 4.001, 4.999, 4.999 ], "texture": "#texture" }
    }
},
{
    "__comment": "Flower*",
    "from": [ 15.5, 7, 8.5 ],
    "to": [ 16.25, 8, 9.25 ],
    "faces": {
        "down":  { "uv": [ 4.001, 6.001, 4.999, 6.999 ], "texture": "#texture" },
        "up":    { "uv": [ 4.001, 6.001, 4.999, 6.999 ], "texture": "#texture" },
        "north": { "uv": [ 4.999, 6.001, 4.001, 6.999 ], "texture": "#texture" },
        "south": { "uv": [ 4.001, 6.001, 4.999, 6.999 ], "texture": "#texture" },
        "west":  { "uv": [ 4.001, 6.001, 4.999, 6.999 ], "texture": "#texture" },
        "east":  { "uv": [ 4.001, 6.001, 4.999, 6.999 ], "texture": "#texture" }
    }
},
{
    "__comment": "Flower*",
    "from": [ 11.5, 14.75, 8 ],
    "to": [ 12.5, 15.25, 9 ],
    "faces": {
        "down":  { "uv": [ 4.001, 5.001, 4.999, 5.999 ], "texture": "#texture" },
        "up":    { "uv": [ 4.001, 5.001, 4.999, 5.999 ], "texture": "#texture" },
        "north": { "uv": [ 4.999, 5.001, 4.001, 5.999 ], "texture": "#texture" },
        "south": { "uv": [ 4.001, 5.001, 4.999, 5.999 ], "texture": "#texture" },
        "west":  { "uv": [ 4.001, 5.001, 4.999, 5.999 ], "texture": "#texture" },
        "east":  { "uv": [ 4.001, 5.001, 4.999, 5.999 ], "texture": "#texture" }
    }
},
{
    "__comment": "Flower*",
    "from": [ 11.5, 14.25, 9 ],
    "to": [ 12.5, 15, 10.5 ],
    "faces": {
        "down":  { "uv": [ 4.001, 6.001, 4.999, 6.999 ], "texture": "#texture" },
        "up":    { "uv": [ 4.001, 6.001, 4.999, 6.999 ], "texture": "#texture" },
        "north": { "uv": [ 4.999, 6.001, 4.001, 6.999 ], "texture": "#texture" },
        "south": { "uv": [ 4.001, 6.001, 4.999, 6.999 ], "texture": "#texture" },
        "west":  { "uv": [ 4.001, 6.001, 4.999, 6.999 ], "texture": "#texture" },
        "east":  { "uv": [ 4.001, 6.001, 4.999, 6.999 ], "texture": "#texture" }
    }
},
{
    "__comment": "Flower*",
    "from": [ 11.5, 14.75, 6.5 ],
    "to": [ 12.5, 15.5, 8 ],
    "faces": {
        "down":  { "uv": [ 4.001, 4.001, 4.999, 4.999 ], "texture": "#texture" },
        "up":    { "uv": [ 4.001, 4.001, 4.999, 4.999 ], "texture": "#texture" },
        "north": { "uv": [ 4.999, 4.001, 4.001, 4.999 ], "texture": "#texture" },
        "south": { "uv": [ 4.001, 4.001, 4.999, 4.999 ], "texture": "#texture" },
        "west":  { "uv": [ 4.001, 4.001, 4.999, 4.999 ], "texture": "#texture" },
        "east":  { "uv": [ 4.001, 4.001, 4.999, 4.999 ], "texture": "#texture" }
    }
},
{
    "__comment": "Flower*",
    "from": [ 10, 14.5, 8 ],
    "to": [ 11.5, 15.25, 9 ],
    "faces": {
        "down":  { "uv": [ 3.001, 5.001, 3.999, 5.999 ], "texture": "#texture" },
        "up":    { "uv": [ 3.001, 5.001, 3.999, 5.999 ], "texture": "#texture" },
        "north": { "uv": [ 3.999, 5.001, 3.001, 5.999 ], "texture": "#texture" },
        "south": { "uv": [ 3.001, 5.001, 3.999, 5.999 ], "texture": "#texture" },
        "west":  { "uv": [ 3.001, 5.001, 3.999, 5.999 ], "texture": "#texture" },
        "east":  { "uv": [ 3.001, 5.001, 3.999, 5.999 ], "texture": "#texture" }
    }
},
{
    "__comment": "Flower*",
    "from": [ 12.5, 14.5, 8 ],
    "to": [ 14, 15.25, 9 ],
    "faces": {
        "down":  { "uv": [ 5.001, 5.001, 5.999, 5.999 ], "texture": "#texture" },
        "up":    { "uv": [ 5.001, 5.001, 5.999, 5.999 ], "texture": "#texture" },
        "north": { "uv": [ 5.999, 5.001, 5.001, 5.999 ], "texture": "#texture" },
        "south": { "uv": [ 5.001, 5.001, 5.999, 5.999 ], "texture": "#texture" },
        "west":  { "uv": [ 5.001, 5.001, 5.999, 5.999 ], "texture": "#texture" },
        "east":  { "uv": [ 5.001, 5.001, 5.999, 5.999 ], "texture": "#texture" }
    }
},
{
    "__comment": "Flower*",
    "from": [ 12.5, 14.75, 7 ],
    "to": [ 13.5, 15.25, 8 ],
    "faces": {
        "down":  { "uv": [ 5.001, 4.001, 5.999, 4.999 ], "texture": "#texture" },
        "up":    { "uv": [ 5.001, 4.001, 5.999, 4.999 ], "texture": "#texture" },
        "north": { "uv": [ 5.999, 4.001, 5.001, 4.999 ], "texture": "#texture" },
        "south": { "uv": [ 5.001, 4.001, 5.999, 4.999 ], "texture": "#texture" },
        "west":  { "uv": [ 5.001, 4.001, 5.999, 4.999 ], "texture": "#texture" },
        "east":  { "uv": [ 5.001, 4.001, 5.999, 4.999 ], "texture": "#texture" }
    }
},
{
    "__comment": "Flower*",
    "from": [ 10.5, 14.75, 7 ],
    "to": [ 11.5, 15.25, 8 ],
    "faces": {
        "down":  { "uv": [ 3.001, 4.001, 3.999, 4.999 ], "texture": "#texture" },
        "up":    { "uv": [ 3.001, 4.001, 3.999, 4.999 ], "texture": "#texture" },
        "north": { "uv": [ 3.999, 4.001, 3.001, 4.999 ], "texture": "#texture" },
        "south": { "uv": [ 3.001, 4.001, 3.999, 4.999 ], "texture": "#texture" },
        "west":  { "uv": [ 3.001, 4.001, 3.999, 4.999 ], "texture": "#texture" },
        "east":  { "uv": [ 3.001, 4.001, 3.999, 4.999 ], "texture": "#texture" }
    }
},
{
    "__comment": "Flower*",
    "from": [ 12.5, 14.25, 9 ],
    "to": [ 13.5, 14.75, 10 ],
    "faces": {
        "down":  { "uv": [ 5.001, 6.001, 5.999, 6.999 ], "texture": "#texture" },
        "up":    { "uv": [ 5.001, 6.001, 5.999, 6.999 ], "texture": "#texture" },
        "north": { "uv": [ 5.999, 6.001, 5.001, 6.999 ], "texture": "#texture" },
        "south": { "uv": [ 5.001, 6.001, 5.999, 6.999 ], "texture": "#texture" },
        "west":  { "uv": [ 5.001, 6.001, 5.999, 6.999 ], "texture": "#texture" },
        "east":  { "uv": [ 5.001, 6.001, 5.999, 6.999 ], "texture": "#texture" }
    }
},
{
    "__comment": "Flower*",
    "from": [ 10.5, 14.25, 9 ],
    "to": [ 11.5, 14.75, 10 ],
    "faces": {
        "down":  { "uv": [ 3.001, 6.001, 3.999, 6.999 ], "texture": "#texture" },
        "up":    { "uv": [ 3.001, 6.001, 3.999, 6.999 ], "texture": "#texture" },
        "north": { "uv": [ 3.999, 6.001, 3.001, 6.999 ], "texture": "#texture" },
        "south": { "uv": [ 3.001, 6.001, 3.999, 6.999 ], "texture": "#texture" },
        "west":  { "uv": [ 3.001, 6.001, 3.999, 6.999 ], "texture": "#texture" },
        "east":  { "uv": [ 3.001, 6.001, 3.999, 6.999 ], "texture": "#texture" }
    }
}
],
"display": {
    "thirdperson_righthand": {
        "rotation": [ 0, 90, 0 ],
        "translation": [ 0, -2.27, -2.27 ],
        "scale": [ 0.5, 0.5, 0.5 ]
    },
    "thirdperson_lefthand": {
        "rotation": [ 0, 90, 0 ],
        "translation": [ 0, -2.27, -2.27 ],
        "scale": [ 0.5, 0.5, 0.5 ]
    },
    "head": {
        "rotation": [ -61, -180, 0 ],
        "translation": [ 0, 2.27, -2.27 ],
        "scale": [ 1, 1, 1 ]
    },
    "ground": {
        "rotation": [ -90, 0, 0 ],
        "translation": [ 0, -0.57, 0 ],
        "scale": [ 0.4, 0.4, 0.4 ]
    },
    "fixed": {
        "rotation": [ 0, 180, 0 ],
        "translation": [ 0, 0, -0.9 ],
        "scale": [ 0.9, 0.9, 0.9 ]
    },
    "firstperson_righthand": {
        "rotation": [ 0, -90, 0 ],
        "translation": [ -0.94, 3.02, 0.19 ],
        "scale": [ 0.4, 0.4, 0.4 ]
    },
    "firstperson_lefthand": {
        "rotation": [ 0, -90, 0 ],
        "translation": [ -0.94, 3.02, 0.19 ],
        "scale": [ 0.4, 0.4, 0.4 ]
    },
    "gui": {
        "rotation": [ 30, -45, 0 ],
        "translation": [ -0.95, 0, 0 ],
        "scale": [ 1.0, 1.0, 1.0 ]
    }
}
}