{
"__comment": "Designed by Zorigami",
"textures": {
    "particle": "blocks/hats/halo",
    "texture": "blocks/hats/halo"
},
"elements": [ 
{
    "__comment": "Halo2 x16",
    "from": [ 0, 7.5, 4 ],
    "to": [ 2, 8.5, 12 ],
    "faces": {
        "down":  { "uv": [ 0.001, 11.999, 1.999, 4.001 ], "texture": "#texture" },
        "up":    { "uv": [ 0.001, 4.001, 1.999, 11.999 ], "texture": "#texture" },
        "north": { "uv": [ 1.999, 4.001, 0.001, 4.999 ], "texture": "#texture" },
        "south": { "uv": [ 0.001, 11.999, 1.999, 11.001 ], "texture": "#texture" },
        "west":  { "uv": [ 0.001, 4.001, 0.999, 11.999 ], "rotation": 270, "texture": "#texture" },
        "east":  { "uv": [ 1.999, 4.001, 1.001, 11.999 ], "rotation": 90, "texture": "#texture" }
    }
},
{
    "__comment": "Halo2 x16",
    "from": [ 1, 7.5, 2 ],
    "to": [ 4, 8.5, 4 ],
    "faces": {
        "down":  { "uv": [ 1.001, 3.999, 3.999, 2.001 ], "texture": "#texture" },
        "up":    { "uv": [ 1.001, 2.001, 3.999, 3.999 ], "texture": "#texture" },
        "north": { "uv": [ 3.999, 2.001, 1.001, 2.999 ], "texture": "#texture" },
        "south": { "uv": [ 1.001, 3.999, 3.999, 3.001 ], "texture": "#texture" },
        "west":  { "uv": [ 1.001, 2.001, 1.999, 3.999 ], "rotation": 270, "texture": "#texture" },
        "east":  { "uv": [ 3.999, 2.001, 3.001, 3.999 ], "rotation": 90, "texture": "#texture" }
    }
},
{
    "__comment": "Halo2 x16",
    "from": [ 1, 7.5, 12 ],
    "to": [ 4, 8.5, 14 ],
    "faces": {
        "down":  { "uv": [ 1.001, 13.999, 3.999, 12.001 ], "texture": "#texture" },
        "up":    { "uv": [ 1.001, 12.001, 3.999, 13.999 ], "texture": "#texture" },
        "north": { "uv": [ 3.999, 12.001, 1.001, 12.999 ], "texture": "#texture" },
        "south": { "uv": [ 1.001, 13.999, 3.999, 13.001 ], "texture": "#texture" },
        "west":  { "uv": [ 1.001, 12.001, 1.999, 13.999 ], "rotation": 270, "texture": "#texture" },
        "east":  { "uv": [ 3.999, 12.001, 3.001, 13.999 ], "rotation": 90, "texture": "#texture" }
    }
},
{
    "__comment": "Halo2 x16",
    "from": [ 2, 7.5, 1 ],
    "to": [ 14, 8.5, 2 ],
    "faces": {
        "down":  { "uv": [ 2.001, 1.999, 13.999, 1.001 ], "texture": "#texture" },
        "up":    { "uv": [ 2.001, 1.001, 13.999, 1.999 ], "texture": "#texture" },
        "north": { "uv": [ 13.999, 1.001, 2.001, 1.999 ], "texture": "#texture" },
        "south": { "uv": [ 2.001, 1.999, 13.999, 1.001 ], "texture": "#texture" },
        "west":  { "uv": [ 2.001, 1.001, 2.999, 1.999 ], "rotation": 270, "texture": "#texture" },
        "east":  { "uv": [ 13.999, 1.001, 13.001, 1.999 ], "rotation": 90, "texture": "#texture" }
    }
},
{
    "__comment": "Halo2 x16",
    "from": [ 2, 7.5, 4 ],
    "to": [ 3, 8.5, 6 ],
    "faces": {
        "down":  { "uv": [ 2.001, 5.999, 2.999, 4.001 ], "texture": "#texture" },
        "up":    { "uv": [ 2.001, 4.001, 2.999, 5.999 ], "texture": "#texture" },
        "north": { "uv": [ 2.999, 4.001, 2.001, 4.999 ], "texture": "#texture" },
        "south": { "uv": [ 2.001, 5.999, 2.999, 5.001 ], "texture": "#texture" },
        "west":  { "uv": [ 2.001, 4.001, 2.999, 5.999 ], "rotation": 270, "texture": "#texture" },
        "east":  { "uv": [ 2.999, 4.001, 2.001, 5.999 ], "rotation": 90, "texture": "#texture" }
    }
},
{
    "__comment": "Halo2 x16",
    "from": [ 2, 7.5, 10 ],
    "to": [ 3, 8.5, 12 ],
    "faces": {
        "down":  { "uv": [ 2.001, 11.999, 2.999, 10.001 ], "texture": "#texture" },
        "up":    { "uv": [ 2.001, 10.001, 2.999, 11.999 ], "texture": "#texture" },
        "north": { "uv": [ 2.999, 10.001, 2.001, 10.999 ], "texture": "#texture" },
        "south": { "uv": [ 2.001, 11.999, 2.999, 11.001 ], "texture": "#texture" },
        "west":  { "uv": [ 2.001, 10.001, 2.999, 11.999 ], "rotation": 270, "texture": "#texture" },
        "east":  { "uv": [ 2.999, 10.001, 2.001, 11.999 ], "rotation": 90, "texture": "#texture" }
    }
},
{
    "__comment": "Halo2 x16",
    "from": [ 2, 7.5, 14 ],
    "to": [ 14, 8.5, 15 ],
    "faces": {
        "down":  { "uv": [ 2.001, 14.999, 13.999, 14.001 ], "texture": "#texture" },
        "up":    { "uv": [ 2.001, 14.001, 13.999, 14.999 ], "texture": "#texture" },
        "north": { "uv": [ 13.999, 14.001, 2.001, 14.999 ], "texture": "#texture" },
        "south": { "uv": [ 2.001, 14.999, 13.999, 14.001 ], "texture": "#texture" },
        "west":  { "uv": [ 2.001, 14.001, 2.999, 14.999 ], "rotation": 270, "texture": "#texture" },
        "east":  { "uv": [ 13.999, 14.001, 13.001, 14.999 ], "rotation": 90, "texture": "#texture" }
    }
},
{
    "__comment": "Halo2 x16",
    "from": [ 4, 7.5, 0 ],
    "to": [ 12, 8.5, 1 ],
    "faces": {
        "down":  { "uv": [ 4.001, 0.999, 11.999, 0.001 ], "texture": "#texture" },
        "up":    { "uv": [ 4.001, 0.001, 11.999, 0.999 ], "texture": "#texture" },
        "north": { "uv": [ 11.999, 0.001, 4.001, 0.999 ], "texture": "#texture" },
        "south": { "uv": [ 4.001, 0.999, 11.999, 0.001 ], "texture": "#texture" },
        "west":  { "uv": [ 4.001, 0.001, 4.999, 0.999 ], "rotation": 270, "texture": "#texture" },
        "east":  { "uv": [ 11.999, 0.001, 11.001, 0.999 ], "rotation": 90, "texture": "#texture" }
    }
},
{
    "__comment": "Halo2 x16",
    "from": [ 4, 7.5, 2 ],
    "to": [ 6, 8.5, 3 ],
    "faces": {
        "down":  { "uv": [ 4.001, 2.999, 5.999, 2.001 ], "texture": "#texture" },
        "up":    { "uv": [ 4.001, 2.001, 5.999, 2.999 ], "texture": "#texture" },
        "north": { "uv": [ 5.999, 2.001, 4.001, 2.999 ], "texture": "#texture" },
        "south": { "uv": [ 4.001, 2.999, 5.999, 2.001 ], "texture": "#texture" },
        "west":  { "uv": [ 4.001, 2.001, 4.999, 2.999 ], "rotation": 270, "texture": "#texture" },
        "east":  { "uv": [ 5.999, 2.001, 5.001, 2.999 ], "rotation": 90, "texture": "#texture" }
    }
},
{
    "__comment": "Halo2 x16",
    "from": [ 4, 7.5, 13 ],
    "to": [ 6, 8.5, 14 ],
    "faces": {
        "down":  { "uv": [ 4.001, 13.999, 5.999, 13.001 ], "texture": "#texture" },
        "up":    { "uv": [ 4.001, 13.001, 5.999, 13.999 ], "texture": "#texture" },
        "north": { "uv": [ 5.999, 13.001, 4.001, 13.999 ], "texture": "#texture" },
        "south": { "uv": [ 4.001, 13.999, 5.999, 13.001 ], "texture": "#texture" },
        "west":  { "uv": [ 4.001, 13.001, 4.999, 13.999 ], "rotation": 270, "texture": "#texture" },
        "east":  { "uv": [ 5.999, 13.001, 5.001, 13.999 ], "rotation": 90, "texture": "#texture" }
    }
},
{
    "__comment": "Halo2 x16",
    "from": [ 4, 7.5, 15 ],
    "to": [ 12, 8.5, 16 ],
    "faces": {
        "down":  { "uv": [ 4.001, 15.999, 11.999, 15.001 ], "texture": "#texture" },
        "up":    { "uv": [ 4.001, 15.001, 11.999, 15.999 ], "texture": "#texture" },
        "north": { "uv": [ 11.999, 15.001, 4.001, 15.999 ], "texture": "#texture" },
        "south": { "uv": [ 4.001, 15.999, 11.999, 15.001 ], "texture": "#texture" },
        "west":  { "uv": [ 4.001, 15.001, 4.999, 15.999 ], "rotation": 270, "texture": "#texture" },
        "east":  { "uv": [ 11.999, 15.001, 11.001, 15.999 ], "rotation": 90, "texture": "#texture" }
    }
},
{
    "__comment": "Halo2 x16",
    "from": [ 10, 7.5, 2 ],
    "to": [ 15, 8.5, 3 ],
    "faces": {
        "down":  { "uv": [ 10.001, 2.999, 14.999, 2.001 ], "texture": "#texture" },
        "up":    { "uv": [ 10.001, 2.001, 14.999, 2.999 ], "texture": "#texture" },
        "north": { "uv": [ 14.999, 2.001, 10.001, 2.999 ], "texture": "#texture" },
        "south": { "uv": [ 10.001, 2.999, 14.999, 2.001 ], "texture": "#texture" },
        "west":  { "uv": [ 10.001, 2.001, 10.999, 2.999 ], "rotation": 270, "texture": "#texture" },
        "east":  { "uv": [ 14.999, 2.001, 14.001, 2.999 ], "rotation": 90, "texture": "#texture" }
    }
},
{
    "__comment": "Halo2 x16",
    "from": [ 10, 7.5, 13 ],
    "to": [ 15, 8.5, 14 ],
    "faces": {
        "down":  { "uv": [ 10.001, 13.999, 14.999, 13.001 ], "texture": "#texture" },
        "up":    { "uv": [ 10.001, 13.001, 14.999, 13.999 ], "texture": "#texture" },
        "north": { "uv": [ 14.999, 13.001, 10.001, 13.999 ], "texture": "#texture" },
        "south": { "uv": [ 10.001, 13.999, 14.999, 13.001 ], "texture": "#texture" },
        "west":  { "uv": [ 10.001, 13.001, 10.999, 13.999 ], "rotation": 270, "texture": "#texture" },
        "east":  { "uv": [ 14.999, 13.001, 14.001, 13.999 ], "rotation": 90, "texture": "#texture" }
    }
},
{
    "__comment": "Halo2 x16",
    "from": [ 12, 7.5, 3 ],
    "to": [ 15, 8.5, 4 ],
    "faces": {
        "down":  { "uv": [ 12.001, 3.999, 14.999, 3.001 ], "texture": "#texture" },
        "up":    { "uv": [ 12.001, 3.001, 14.999, 3.999 ], "texture": "#texture" },
        "north": { "uv": [ 14.999, 3.001, 12.001, 3.999 ], "texture": "#texture" },
        "south": { "uv": [ 12.001, 3.999, 14.999, 3.001 ], "texture": "#texture" },
        "west":  { "uv": [ 12.001, 3.001, 12.999, 3.999 ], "rotation": 270, "texture": "#texture" },
        "east":  { "uv": [ 14.999, 3.001, 14.001, 3.999 ], "rotation": 90, "texture": "#texture" }
    }
},
{
    "__comment": "Halo2 x16",
    "from": [ 12, 7.5, 12 ],
    "to": [ 15, 8.5, 13 ],
    "faces": {
        "down":  { "uv": [ 12.001, 12.999, 14.999, 12.001 ], "texture": "#texture" },
        "up":    { "uv": [ 12.001, 12.001, 14.999, 12.999 ], "texture": "#texture" },
        "north": { "uv": [ 14.999, 12.001, 12.001, 12.999 ], "texture": "#texture" },
        "south": { "uv": [ 12.001, 12.999, 14.999, 12.001 ], "texture": "#texture" },
        "west":  { "uv": [ 12.001, 12.001, 12.999, 12.999 ], "rotation": 270, "texture": "#texture" },
        "east":  { "uv": [ 14.999, 12.001, 14.001, 12.999 ], "rotation": 90, "texture": "#texture" }
    }
},
{
    "__comment": "Halo2 x16",
    "from": [ 13, 7.5, 4 ],
    "to": [ 16, 8.5, 6 ],
    "faces": {
        "down":  { "uv": [ 13.001, 5.999, 15.999, 4.001 ], "texture": "#texture" },
        "up":    { "uv": [ 13.001, 4.001, 15.999, 5.999 ], "texture": "#texture" },
        "north": { "uv": [ 15.999, 4.001, 13.001, 4.999 ], "texture": "#texture" },
        "south": { "uv": [ 13.001, 5.999, 15.999, 5.001 ], "texture": "#texture" },
        "west":  { "uv": [ 13.001, 4.001, 13.999, 5.999 ], "rotation": 270, "texture": "#texture" },
        "east":  { "uv": [ 15.999, 4.001, 15.001, 5.999 ], "rotation": 90, "texture": "#texture" }
    }
},
{
    "__comment": "Halo2 x16",
    "from": [ 13, 7.5, 10 ],
    "to": [ 16, 8.5, 12 ],
    "faces": {
        "down":  { "uv": [ 13.001, 11.999, 15.999, 10.001 ], "texture": "#texture" },
        "up":    { "uv": [ 13.001, 10.001, 15.999, 11.999 ], "texture": "#texture" },
        "north": { "uv": [ 15.999, 10.001, 13.001, 10.999 ], "texture": "#texture" },
        "south": { "uv": [ 13.001, 11.999, 15.999, 11.001 ], "texture": "#texture" },
        "west":  { "uv": [ 13.001, 10.001, 13.999, 11.999 ], "rotation": 270, "texture": "#texture" },
        "east":  { "uv": [ 15.999, 10.001, 15.001, 11.999 ], "rotation": 90, "texture": "#texture" }
    }
},
{
    "__comment": "Halo2 x16",
    "from": [ 14, 7.5, 6 ],
    "to": [ 16, 8.5, 10 ],
    "faces": {
        "down":  { "uv": [ 14.001, 9.999, 15.999, 6.001 ], "texture": "#texture" },
        "up":    { "uv": [ 14.001, 6.001, 15.999, 9.999 ], "texture": "#texture" },
        "north": { "uv": [ 15.999, 6.001, 14.001, 6.999 ], "texture": "#texture" },
        "south": { "uv": [ 14.001, 9.999, 15.999, 9.001 ], "texture": "#texture" },
        "west":  { "uv": [ 14.001, 6.001, 14.999, 9.999 ], "rotation": 270, "texture": "#texture" },
        "east":  { "uv": [ 15.999, 6.001, 15.001, 9.999 ], "rotation": 90, "texture": "#texture" }
    }
},
{
    "__comment": "Halo2 x16*",
    "from": [ 0.5, 7, 4.5 ],
    "to": [ 1.5, 9, 11.5 ],
    "faces": {
        "down":  { "uv": [ 0.501, 11.499, 1.499, 4.501 ], "texture": "#texture" },
        "up":    { "uv": [ 0.501, 4.501, 1.499, 11.499 ], "texture": "#texture" },
        "north": { "uv": [ 1.499, 4.001, 0.501, 4.999 ], "texture": "#texture" },
        "south": { "uv": [ 0.501, 11.999, 1.499, 11.001 ], "texture": "#texture" },
        "west":  { "uv": [ 0.001, 4.001, 0.999, 11.999 ], "rotation": 270, "texture": "#texture" },
        "east":  { "uv": [ 1.999, 4.001, 1.001, 11.999 ], "rotation": 90, "texture": "#texture" }
    }
},
{
    "__comment": "Halo2 x16*",
    "from": [ 1.5, 7, 2.5 ],
    "to": [ 2.5, 9, 5.5 ],
    "faces": {
        "down":  { "uv": [ 1.501, 5.499, 2.499, 2.501 ], "texture": "#texture" },
        "up":    { "uv": [ 1.501, 2.501, 2.499, 5.499 ], "texture": "#texture" },
        "north": { "uv": [ 2.499, 2.001, 1.501, 2.999 ], "texture": "#texture" },
        "south": { "uv": [ 1.501, 5.999, 2.499, 5.001 ], "texture": "#texture" },
        "west":  { "uv": [ 1.001, 2.501, 1.999, 5.499 ], "rotation": 270, "texture": "#texture" },
        "east":  { "uv": [ 2.999, 2.501, 2.001, 5.499 ], "rotation": 90, "texture": "#texture" }
    }
},
{
    "__comment": "Halo2 x16*",
    "from": [ 1.5, 7, 10.5 ],
    "to": [ 2.5, 9, 13.5 ],
    "faces": {
        "down":  { "uv": [ 1.501, 13.499, 2.499, 10.501 ], "texture": "#texture" },
        "up":    { "uv": [ 1.501, 10.501, 2.499, 13.499 ], "texture": "#texture" },
        "north": { "uv": [ 2.499, 10.001, 1.501, 10.999 ], "texture": "#texture" },
        "south": { "uv": [ 1.501, 13.999, 2.499, 13.001 ], "texture": "#texture" },
        "west":  { "uv": [ 1.001, 10.501, 1.999, 13.499 ], "rotation": 270, "texture": "#texture" },
        "east":  { "uv": [ 2.999, 10.501, 2.001, 13.499 ], "rotation": 90, "texture": "#texture" }
    }
},
{
    "__comment": "Halo2 x16*",
    "from": [ 2.5, 7, 12.5 ],
    "to": [ 3.5, 9, 14.5 ],
    "faces": {
        "down":  { "uv": [ 2.501, 14.499, 3.499, 12.501 ], "texture": "#texture" },
        "up":    { "uv": [ 2.501, 12.501, 3.499, 14.499 ], "texture": "#texture" },
        "north": { "uv": [ 3.499, 12.001, 2.501, 12.999 ], "texture": "#texture" },
        "south": { "uv": [ 2.501, 14.999, 3.499, 14.001 ], "texture": "#texture" },
        "west":  { "uv": [ 2.501, 12.501, 3.499, 14.499 ], "rotation": 270, "texture": "#texture" },
        "east":  { "uv": [ 3.499, 12.501, 2.501, 14.499 ], "rotation": 90, "texture": "#texture" }
    }
},
{
    "__comment": "Halo2 x16*",
    "from": [ 3.5, 7, 13.5 ],
    "to": [ 5.5, 9, 14.5 ],
    "faces": {
        "down":  { "uv": [ 3.501, 14.499, 5.499, 13.501 ], "texture": "#texture" },
        "up":    { "uv": [ 3.501, 13.501, 5.499, 14.499 ], "texture": "#texture" },
        "north": { "uv": [ 5.499, 13.501, 3.501, 14.499 ], "texture": "#texture" },
        "south": { "uv": [ 3.501, 14.499, 5.499, 13.501 ], "texture": "#texture" },
        "west":  { "uv": [ 3.001, 13.501, 3.999, 14.499 ], "rotation": 270, "texture": "#texture" },
        "east":  { "uv": [ 5.999, 13.501, 5.001, 14.499 ], "rotation": 90, "texture": "#texture" }
    }
},
{
    "__comment": "Halo2 x16*",
    "from": [ 4.5, 7, 14.5 ],
    "to": [ 11.5, 9, 15.5 ],
    "faces": {
        "down":  { "uv": [ 4.501, 15.499, 11.499, 14.501 ], "texture": "#texture" },
        "up":    { "uv": [ 4.501, 14.501, 11.499, 15.499 ], "texture": "#texture" },
        "north": { "uv": [ 11.499, 14.501, 4.501, 15.499 ], "texture": "#texture" },
        "south": { "uv": [ 4.501, 15.499, 11.499, 14.501 ], "texture": "#texture" },
        "west":  { "uv": [ 4.001, 14.501, 4.999, 15.499 ], "rotation": 270, "texture": "#texture" },
        "east":  { "uv": [ 11.999, 14.501, 11.001, 15.499 ], "rotation": 90, "texture": "#texture" }
    }
},
{
    "__comment": "Halo2 x16*",
    "from": [ 4.5, 7, 0.5 ],
    "to": [ 11.5, 9, 1.5 ],
    "faces": {
        "down":  { "uv": [ 4.501, 1.499, 11.499, 0.501 ], "texture": "#texture" },
        "up":    { "uv": [ 4.501, 0.501, 11.499, 1.499 ], "texture": "#texture" },
        "north": { "uv": [ 11.499, 0.501, 4.501, 1.499 ], "texture": "#texture" },
        "south": { "uv": [ 4.501, 1.499, 11.499, 0.501 ], "texture": "#texture" },
        "west":  { "uv": [ 4.001, 0.501, 4.999, 1.499 ], "rotation": 270, "texture": "#texture" },
        "east":  { "uv": [ 11.999, 0.501, 11.001, 1.499 ], "rotation": 90, "texture": "#texture" }
    }
},
{
    "__comment": "Halo2 x16*",
    "from": [ 2.5, 7, 1.5 ],
    "to": [ 3.5, 9, 3.5 ],
    "faces": {
        "down":  { "uv": [ 2.501, 3.499, 3.499, 1.501 ], "texture": "#texture" },
        "up":    { "uv": [ 2.501, 1.501, 3.499, 3.499 ], "texture": "#texture" },
        "north": { "uv": [ 3.499, 1.001, 2.501, 1.999 ], "texture": "#texture" },
        "south": { "uv": [ 2.501, 3.999, 3.499, 3.001 ], "texture": "#texture" },
        "west":  { "uv": [ 2.501, 1.501, 3.499, 3.499 ], "rotation": 270, "texture": "#texture" },
        "east":  { "uv": [ 3.499, 1.501, 2.501, 3.499 ], "rotation": 90, "texture": "#texture" }
    }
},
{
    "__comment": "Halo2 x16*",
    "from": [ 3.5, 7, 1.5 ],
    "to": [ 5.5, 9, 2.5 ],
    "faces": {
        "down":  { "uv": [ 3.501, 2.499, 5.499, 1.501 ], "texture": "#texture" },
        "up":    { "uv": [ 3.501, 1.501, 5.499, 2.499 ], "texture": "#texture" },
        "north": { "uv": [ 5.499, 1.501, 3.501, 2.499 ], "texture": "#texture" },
        "south": { "uv": [ 3.501, 2.499, 5.499, 1.501 ], "texture": "#texture" },
        "west":  { "uv": [ 3.001, 1.501, 3.999, 2.499 ], "rotation": 270, "texture": "#texture" },
        "east":  { "uv": [ 5.999, 1.501, 5.001, 2.499 ], "rotation": 90, "texture": "#texture" }
    }
},
{
    "__comment": "Halo2 x16*",
    "from": [ 10.5, 7, 13.5 ],
    "to": [ 12.5, 9, 14.5 ],
    "faces": {
        "down":  { "uv": [ 10.501, 14.499, 12.499, 13.501 ], "texture": "#texture" },
        "up":    { "uv": [ 11.001, 13.501, 12.999, 14.499 ], "texture": "#texture" },
        "north": { "uv": [ 12.499, 13.501, 10.501, 14.499 ], "texture": "#texture" },
        "south": { "uv": [ 10.501, 14.499, 12.499, 13.501 ], "texture": "#texture" },
        "west":  { "uv": [ 10.001, 13.501, 10.999, 14.499 ], "rotation": 270, "texture": "#texture" },
        "east":  { "uv": [ 12.999, 13.501, 12.001, 14.499 ], "rotation": 90, "texture": "#texture" }
    }
},
{
    "__comment": "Halo2 x16*",
    "from": [ 10.5, 7, 1.5 ],
    "to": [ 12.5, 9, 2.5 ],
    "faces": {
        "down":  { "uv": [ 10.501, 2.499, 12.499, 1.501 ], "texture": "#texture" },
        "up":    { "uv": [ 11.001, 1.501, 12.999, 2.499 ], "texture": "#texture" },
        "north": { "uv": [ 12.499, 1.501, 10.501, 2.499 ], "texture": "#texture" },
        "south": { "uv": [ 10.501, 2.499, 12.499, 1.501 ], "texture": "#texture" },
        "west":  { "uv": [ 10.001, 1.501, 10.999, 2.499 ], "rotation": 270, "texture": "#texture" },
        "east":  { "uv": [ 12.999, 1.501, 12.001, 2.499 ], "rotation": 90, "texture": "#texture" }
    }
},
{
    "__comment": "Halo2 x16*",
    "from": [ 12.5, 7, 12.5 ],
    "to": [ 13.5, 9, 14.5 ],
    "faces": {
        "down":  { "uv": [ 12.501, 14.499, 13.499, 12.501 ], "texture": "#texture" },
        "up":    { "uv": [ 12.501, 12.501, 13.499, 14.499 ], "texture": "#texture" },
        "north": { "uv": [ 13.499, 12.001, 12.501, 12.999 ], "texture": "#texture" },
        "south": { "uv": [ 12.501, 14.999, 13.499, 14.001 ], "texture": "#texture" },
        "west":  { "uv": [ 12.501, 12.501, 13.499, 14.499 ], "rotation": 270, "texture": "#texture" },
        "east":  { "uv": [ 13.499, 12.501, 12.501, 14.499 ], "rotation": 90, "texture": "#texture" }
    }
},
{
    "__comment": "Halo2 x16*",
    "from": [ 13.5, 7, 10.5 ],
    "to": [ 14.5, 9, 13.5 ],
    "faces": {
        "down":  { "uv": [ 13.501, 13.499, 14.499, 10.501 ], "texture": "#texture" },
        "up":    { "uv": [ 13.501, 10.501, 14.499, 13.499 ], "texture": "#texture" },
        "north": { "uv": [ 14.499, 10.001, 13.501, 10.999 ], "texture": "#texture" },
        "south": { "uv": [ 13.501, 13.999, 14.499, 13.001 ], "texture": "#texture" },
        "west":  { "uv": [ 13.001, 10.501, 13.999, 13.499 ], "rotation": 270, "texture": "#texture" },
        "east":  { "uv": [ 14.999, 10.501, 14.001, 13.499 ], "rotation": 90, "texture": "#texture" }
    }
},
{
    "__comment": "Halo2 x16*",
    "from": [ 14.5, 7, 4.5 ],
    "to": [ 15.5, 9, 11.5 ],
    "faces": {
        "down":  { "uv": [ 14.501, 11.499, 15.499, 4.501 ], "texture": "#texture" },
        "up":    { "uv": [ 14.501, 4.501, 15.499, 11.499 ], "texture": "#texture" },
        "north": { "uv": [ 15.499, 4.001, 14.501, 4.999 ], "texture": "#texture" },
        "south": { "uv": [ 14.501, 11.999, 15.499, 11.001 ], "texture": "#texture" },
        "west":  { "uv": [ 14.001, 4.001, 14.999, 11.999 ], "rotation": 270, "texture": "#texture" },
        "east":  { "uv": [ 15.999, 4.001, 15.001, 11.999 ], "rotation": 90, "texture": "#texture" }
    }
},
{
    "__comment": "Halo2 x16*",
    "from": [ 12.5, 7, 1.5 ],
    "to": [ 13.5, 9, 3.5 ],
    "faces": {
        "down":  { "uv": [ 12.501, 3.499, 13.499, 1.501 ], "texture": "#texture" },
        "up":    { "uv": [ 12.501, 1.501, 13.499, 3.499 ], "texture": "#texture" },
        "north": { "uv": [ 13.499, 1.001, 12.501, 1.999 ], "texture": "#texture" },
        "south": { "uv": [ 12.501, 3.999, 13.499, 3.001 ], "texture": "#texture" },
        "west":  { "uv": [ 12.501, 1.501, 13.499, 3.499 ], "rotation": 270, "texture": "#texture" },
        "east":  { "uv": [ 13.499, 1.501, 12.501, 3.499 ], "rotation": 90, "texture": "#texture" }
    }
},
{
    "__comment": "Halo2 x16*",
    "from": [ 13.5, 7, 2.5 ],
    "to": [ 14.5, 9, 5.5 ],
    "faces": {
        "down":  { "uv": [ 13.501, 5.499, 14.499, 2.501 ], "texture": "#texture" },
        "up":    { "uv": [ 13.501, 2.501, 14.499, 5.499 ], "texture": "#texture" },
        "north": { "uv": [ 14.499, 2.001, 13.501, 2.999 ], "texture": "#texture" },
        "south": { "uv": [ 13.501, 5.999, 14.499, 5.001 ], "texture": "#texture" },
        "west":  { "uv": [ 13.001, 2.501, 13.999, 5.499 ], "rotation": 270, "texture": "#texture" },
        "east":  { "uv": [ 14.999, 2.501, 14.001, 5.499 ], "rotation": 90, "texture": "#texture" }
    }
}
],
"display": {
    "thirdperson_righthand": {
        "rotation": [ 0, 0, 90 ],
        "translation": [ 0, -2.27, -1.89 ],
        "scale": [ 0.5, 0.5, 0.5 ]
    },
    "thirdperson_lefthand": {
        "rotation": [ 0, 0, -90 ],
        "translation": [ 0, -2.27, -1.89 ],
        "scale": [ 0.5, 0.5, 0.5 ]
    },
    "head": {
        "rotation": [ 5, 0, 0 ],
        "translation": [ 0, 9, 0 ],
        "scale": [ 0.9, 0.9, 0.9 ]
    },
    "ground": {
        "rotation": [ 0, 0, 0 ],
        "translation": [ 0, 0, 0 ],
        "scale": [ 0.5, 0.5, 0.5 ]
    },
    "fixed": {
        "rotation": [ 90, 0, 0 ],
        "translation": [ 0, 0, 0 ],
        "scale": [ 1, 1, 1 ]
    },
    "firstperson_righthand": {
        "rotation": [ 0, -13, 0 ],
        "translation": [ 0, 3.4, 0 ],
        "scale": [ 0.4, 0.4, 0.4 ]
    },
    "firstperson_lefthand": {
        "rotation": [ 0, -13, 0 ],
        "translation": [ 0, 3.4, 0 ],
        "scale": [ 0.4, 0.4, 0.4 ]
    },
    "gui": {
        "rotation": [ 30, 135, 0 ],
        "translation": [ 0, 0, 0 ],
        "scale": [ 0.9, 0.9, 0.9 ]
    }
}
}