{
	"credit": "Made with Blockbench",
	"textures": {
		"0": "blocks/obsidian",
		"1": "blocks/glass_black",
		"2": "blocks/glass_white"
	},
	"elements": [
		{
			"from": [5.25, -0.5625, 6.4375],
			"to": [5.55, 1.4375, 6.7375],
			"faces": {
				"north": {"uv": [0.001, 0.001, 0.299, 1.999], "texture": "#0"},
				"east": {"uv": [0.001, 0.001, 0.299, 1.999], "texture": "#0"},
				"south": {"uv": [0.001, 0.001, 0.299, 1.999], "texture": "#0"},
				"west": {"uv": [0.001, 0.001, 0.299, 1.999], "texture": "#0"},
				"up": {"uv": [0.001, 0.001, 0.299, 0.299], "texture": "#0"},
				"down": {"uv": [0.001, 0.001, 0.299, 0.299], "texture": "#0"}
			}
		},
		{
			"from": [5.2, 1.1, 6.4],
			"to": [5.5, 1.4, 7.7],
			"faces": {
				"north": {"uv": [0.001, 0.001, 0.299, 0.299], "texture": "#0"},
				"east": {"uv": [0.001, 0.001, 1.299, 0.299], "texture": "#0"},
				"south": {"uv": [0.001, 0.001, 0.299, 0.299], "texture": "#0"},
				"west": {"uv": [0.001, 0.001, 1.299, 0.299], "texture": "#0"},
				"up": {"uv": [0.001, 0.001, 0.299, 1.299], "texture": "#0"},
				"down": {"uv": [0.001, 0.001, 0.299, 1.299], "texture": "#0"}
			}
		},
		{
			"from": [5.3, 1.2, 7.7],
			"to": [5.4, 1.3, 11],
			"faces": {
				"north": {"uv": [0.001, 0.001, 0.099, 0.099], "texture": "#0"},
				"east": {"uv": [0.001, 0.001, 3.299, 0.099], "texture": "#0"},
				"south": {"uv": [0.001, 0.001, 0.099, 0.099], "texture": "#0"},
				"west": {"uv": [0.001, 0.001, 3.299, 0.099], "texture": "#0"},
				"up": {"uv": [0.001, 0.001, 0.099, 3.299], "texture": "#0"},
				"down": {"uv": [0.001, 0.001, 0.099, 3.299], "texture": "#0"}
			}
		},
		{
			"from": [5.3, 1.15, 10.9],
			"to": [5.5, 1.35, 11.2],
			"faces": {
				"north": {"uv": [0.001, 0.001, 0.199, 0.199], "texture": "#0"},
				"east": {"uv": [0.001, 0.001, 0.299, 0.199], "texture": "#0"},
				"south": {"uv": [0.001, 0.001, 0.199, 0.199], "texture": "#0"},
				"west": {"uv": [0.001, 0.001, 0.299, 0.199], "texture": "#0"},
				"up": {"uv": [0.001, 0.001, 0.199, 0.299], "texture": "#0"},
				"down": {"uv": [0.001, 0.001, 0.199, 0.299], "texture": "#0"}
			}
		},
		{
			"from": [10.5, -0.625, 6.375],
			"to": [10.8, 1.375, 6.675],
			"faces": {
				"north": {"uv": [0.001, 0.001, 0.299, 1.999], "texture": "#0"},
				"east": {"uv": [0.001, 0.001, 0.299, 1.999], "texture": "#0"},
				"south": {"uv": [0.001, 0.001, 0.299, 1.999], "texture": "#0"},
				"west": {"uv": [0.001, 0.001, 0.299, 1.999], "texture": "#0"},
				"up": {"uv": [0.001, 0.001, 0.299, 0.299], "texture": "#0"},
				"down": {"uv": [0.001, 0.001, 0.299, 0.299], "texture": "#0"}
			}
		},
		{
			"from": [10.5, 1.1, 6.4],
			"to": [10.8, 1.4, 7.7],
			"faces": {
				"north": {"uv": [0.001, 0.001, 0.299, 0.299], "texture": "#0"},
				"east": {"uv": [0.001, 0.001, 1.299, 0.299], "texture": "#0"},
				"south": {"uv": [0.001, 0.001, 0.299, 0.299], "texture": "#0"},
				"west": {"uv": [0.001, 0.001, 1.299, 0.299], "texture": "#0"},
				"up": {"uv": [0.001, 0.001, 0.299, 1.299], "texture": "#0"},
				"down": {"uv": [0.001, 0.001, 0.299, 1.299], "texture": "#0"}
			}
		},
		{
			"from": [10.6, 1.2, 7.7],
			"to": [10.7, 1.3, 11],
			"faces": {
				"north": {"uv": [0.001, 0.001, 0.099, 0.099], "texture": "#0"},
				"east": {"uv": [0.001, 0.001, 3.299, 0.099], "texture": "#0"},
				"south": {"uv": [0.001, 0.001, 0.099, 0.099], "texture": "#0"},
				"west": {"uv": [0.001, 0.001, 3.299, 0.099], "texture": "#0"},
				"up": {"uv": [0.001, 0.001, 0.099, 3.299], "texture": "#0"},
				"down": {"uv": [0.001, 0.001, 0.099, 3.299], "texture": "#0"}
			}
		},
		{
			"from": [10.5, 1.15, 11],
			"to": [10.7, 1.35, 11.1],
			"faces": {
				"north": {"uv": [0.001, 0.001, 0.199, 0.199], "texture": "#0"},
				"east": {"uv": [0.001, 0.001, 0.099, 0.199], "texture": "#0"},
				"south": {"uv": [0.001, 0.001, 0.199, 0.199], "texture": "#0"},
				"west": {"uv": [0.001, 0.001, 0.099, 0.199], "texture": "#0"},
				"up": {"uv": [0.001, 0.001, 0.199, 0.099], "texture": "#0"},
				"down": {"uv": [0.001, 0.001, 0.199, 0.099], "texture": "#0"}
			}
		},
		{
			"from": [5.5, 0.1, 11],
			"to": [7.4, 2, 11.1],
			"faces": {
				"north": {"uv": [1.001, 1.001, 14.899, 14.899], "texture": "#1"},
				"east": {"uv": [0.001, 0.001, 0.099, 1.899], "texture": "#1"},
				"south": {"uv": [1.001, 1.001, 14.899, 14.899], "texture": "#1"},
				"west": {"uv": [0.001, 0.001, 0.099, 1.899], "texture": "#1"},
				"up": {"uv": [0.001, 0.001, 1.899, 0.099], "texture": "#1"},
				"down": {"uv": [0.001, 0.001, 1.899, 0.099], "texture": "#1"}
			}
		},
		{
			"from": [5.5, 2, 11],
			"to": [7.4, 2.1, 11.1],
			"faces": {
				"north": {"uv": [0.001, 0.001, 1.899, 0.099], "texture": "#0"},
				"east": {"uv": [0.001, 0.001, 0.099, 0.099], "texture": "#0"},
				"south": {"uv": [0.001, 0.001, 1.899, 0.099], "texture": "#0"},
				"west": {"uv": [0.001, 0.001, 0.099, 0.099], "texture": "#0"},
				"up": {"uv": [0.001, 0.001, 1.899, 0.099], "texture": "#0"},
				"down": {"uv": [0.001, 0.001, 1.899, 0.099], "texture": "#0"}
			}
		},
		{
			"from": [5.5, 0, 11],
			"to": [7.4, 0.1, 11.1],
			"faces": {
				"north": {"uv": [0.001, 0.001, 1.899, 0.099], "texture": "#0"},
				"east": {"uv": [0.001, 0.001, 0.099, 0.099], "texture": "#0"},
				"south": {"uv": [0.001, 0.001, 1.899, 0.099], "texture": "#0"},
				"west": {"uv": [0.001, 0.001, 0.099, 0.099], "texture": "#0"},
				"up": {"uv": [0.001, 0.001, 1.899, 0.099], "texture": "#0"},
				"down": {"uv": [0.001, 0.001, 1.899, 0.099], "texture": "#0"}
			}
		},
		{
			"from": [5.4, 0, 11],
			"to": [5.5, 2.1, 11.1],
			"faces": {
				"north": {"uv": [0.001, 0.001, 0.099, 2.099], "texture": "#0"},
				"east": {"uv": [0.001, 0.001, 0.099, 2.099], "texture": "#0"},
				"south": {"uv": [0.001, 0.001, 0.099, 2.099], "texture": "#0"},
				"west": {"uv": [0.001, 0.001, 0.099, 2.099], "texture": "#0"},
				"up": {"uv": [0.001, 0.001, 0.099, 0.099], "texture": "#0"},
				"down": {"uv": [0.001, 0.001, 0.099, 0.099], "texture": "#0"}
			}
		},
		{
			"from": [7.4, 0, 11],
			"to": [7.5, 2.1, 11.1],
			"faces": {
				"north": {"uv": [0.001, 0.001, 0.099, 2.099], "texture": "#0"},
				"east": {"uv": [0.001, 0.001, 0.099, 2.099], "texture": "#0"},
				"south": {"uv": [0.001, 0.001, 0.099, 2.099], "texture": "#0"},
				"west": {"uv": [0.001, 0.001, 0.099, 2.099], "texture": "#0"},
				"up": {"uv": [0.001, 0.001, 0.099, 0.099], "texture": "#0"},
				"down": {"uv": [0.001, 0.001, 0.099, 0.099], "texture": "#0"}
			}
		},
		{
			"from": [8.6, 0.1, 11],
			"to": [10.5, 2, 11.1],
			"faces": {
				"north": {"uv": [1.001, 1.001, 14.899, 14.899], "texture": "#1"},
				"east": {"uv": [0.001, 0.001, 0.099, 1.899], "texture": "#1"},
				"south": {"uv": [1.001, 1.001, 14.899, 14.899], "texture": "#1"},
				"west": {"uv": [0.001, 0.001, 0.099, 1.899], "texture": "#1"},
				"up": {"uv": [0.001, 0.001, 1.899, 0.099], "texture": "#1"},
				"down": {"uv": [0.001, 0.001, 1.899, 0.099], "texture": "#1"}
			}
		},
		{
			"from": [8.6, 2, 11],
			"to": [10.5, 2.1, 11.1],
			"faces": {
				"north": {"uv": [0.001, 0.001, 1.899, 0.099], "texture": "#0"},
				"east": {"uv": [0.001, 0.001, 0.099, 0.099], "texture": "#0"},
				"south": {"uv": [0.001, 0.001, 1.899, 0.099], "texture": "#0"},
				"west": {"uv": [0.001, 0.001, 0.099, 0.099], "texture": "#0"},
				"up": {"uv": [0.001, 0.001, 1.899, 0.099], "texture": "#0"},
				"down": {"uv": [0.001, 0.001, 1.899, 0.099], "texture": "#0"}
			}
		},
		{
			"from": [8.6, 0, 11],
			"to": [10.5, 0.1, 11.1],
			"faces": {
				"north": {"uv": [0.001, 0.001, 1.899, 0.099], "texture": "#0"},
				"east": {"uv": [0.001, 0.001, 0.099, 0.099], "texture": "#0"},
				"south": {"uv": [0.001, 0.001, 1.899, 0.099], "texture": "#0"},
				"west": {"uv": [0.001, 0.001, 0.099, 0.099], "texture": "#0"},
				"up": {"uv": [0.001, 0.001, 1.899, 0.099], "texture": "#0"},
				"down": {"uv": [0.001, 0.001, 1.899, 0.099], "texture": "#0"}
			}
		},
		{
			"from": [8.5, 0, 11],
			"to": [8.6, 2.1, 11.1],
			"faces": {
				"north": {"uv": [0.001, 0.001, 0.099, 2.099], "texture": "#0"},
				"east": {"uv": [0.001, 0.001, 0.099, 2.099], "texture": "#0"},
				"south": {"uv": [0.001, 0.001, 0.099, 2.099], "texture": "#0"},
				"west": {"uv": [0.001, 0.001, 0.099, 2.099], "texture": "#0"},
				"up": {"uv": [0.001, 0.001, 0.099, 0.099], "texture": "#0"},
				"down": {"uv": [0.001, 0.001, 0.099, 0.099], "texture": "#0"}
			}
		},
		{
			"from": [10.5, 0, 11],
			"to": [10.6, 2.1, 11.1],
			"faces": {
				"north": {"uv": [0.001, 0.001, 0.099, 2.099], "texture": "#0"},
				"east": {"uv": [0.001, 0.001, 0.099, 2.099], "texture": "#0"},
				"south": {"uv": [0.001, 0.001, 0.099, 2.099], "texture": "#0"},
				"west": {"uv": [0.001, 0.001, 0.099, 2.099], "texture": "#0"},
				"up": {"uv": [0.001, 0.001, 0.099, 0.099], "texture": "#0"},
				"down": {"uv": [0.001, 0.001, 0.099, 0.099], "texture": "#0"}
			}
		},
		{
			"from": [7.1, 2.1, 11],
			"to": [8.9, 2.2, 11.1],
			"faces": {
				"north": {"uv": [0.001, 0.001, 1.799, 0.099], "texture": "#0"},
				"east": {"uv": [0.001, 0.001, 0.099, 0.099], "texture": "#0"},
				"south": {"uv": [0.001, 0.001, 1.799, 0.099], "texture": "#0"},
				"west": {"uv": [0.001, 0.001, 0.099, 0.099], "texture": "#0"},
				"up": {"uv": [0.001, 0.001, 1.799, 0.099], "texture": "#0"},
				"down": {"uv": [0.001, 0.001, 1.799, 0.099], "texture": "#0"}
			}
		},
		{
			"from": [7.5, 1.1, 11],
			"to": [7.7, 1.2, 11.1],
			"faces": {
				"north": {"uv": [0.001, 0.001, 0.199, 0.099], "texture": "#0"},
				"east": {"uv": [0.001, 0.001, 0.099, 0.099], "texture": "#0"},
				"south": {"uv": [0.001, 0.001, 0.199, 0.099], "texture": "#0"},
				"west": {"uv": [0.001, 0.001, 0.099, 0.099], "texture": "#0"},
				"up": {"uv": [0.001, 0.001, 0.199, 0.099], "texture": "#0"},
				"down": {"uv": [0.001, 0.001, 0.199, 0.099], "texture": "#0"}
			}
		},
		{
			"from": [8.3, 1.1, 11],
			"to": [8.5, 1.2, 11.1],
			"faces": {
				"north": {"uv": [0.001, 0.001, 0.199, 0.099], "texture": "#0"},
				"east": {"uv": [0.001, 0.001, 0.099, 0.099], "texture": "#0"},
				"south": {"uv": [0.001, 0.001, 0.199, 0.099], "texture": "#0"},
				"west": {"uv": [0.001, 0.001, 0.099, 0.099], "texture": "#0"},
				"up": {"uv": [0.001, 0.001, 0.199, 0.099], "texture": "#0"},
				"down": {"uv": [0.001, 0.001, 0.199, 0.099], "texture": "#0"}
			}
		},
		{
			"from": [7.6, 1.2, 11],
			"to": [7.7, 1.5, 11.1],
			"faces": {
				"north": {"uv": [0.001, 0.001, 0.099, 0.299], "texture": "#0"},
				"east": {"uv": [0.001, 0.001, 0.099, 0.299], "texture": "#0"},
				"south": {"uv": [0.001, 0.001, 0.099, 0.299], "texture": "#0"},
				"west": {"uv": [0.001, 0.001, 0.099, 0.299], "texture": "#0"},
				"up": {"uv": [0.001, 0.001, 0.099, 0.099], "texture": "#0"},
				"down": {"uv": [0.001, 0.001, 0.099, 0.099], "texture": "#0"}
			}
		},
		{
			"from": [8.3, 1.2, 11],
			"to": [8.4, 1.5, 11.1],
			"faces": {
				"north": {"uv": [0.001, 0.001, 0.099, 0.299], "texture": "#0"},
				"east": {"uv": [0.001, 0.001, 0.099, 0.299], "texture": "#0"},
				"south": {"uv": [0.001, 0.001, 0.099, 0.299], "texture": "#0"},
				"west": {"uv": [0.001, 0.001, 0.099, 0.299], "texture": "#0"},
				"up": {"uv": [0.001, 0.001, 0.099, 0.099], "texture": "#0"},
				"down": {"uv": [0.001, 0.001, 0.099, 0.099], "texture": "#0"}
			}
		},
		{
			"from": [7.6, 1.5, 11],
			"to": [8.4, 1.6, 11.1],
			"faces": {
				"north": {"uv": [0.001, 0.001, 0.799, 0.099], "texture": "#0"},
				"east": {"uv": [0.001, 0.001, 0.099, 0.099], "texture": "#0"},
				"south": {"uv": [0.001, 0.001, 0.799, 0.099], "texture": "#0"},
				"west": {"uv": [0.001, 0.001, 0.099, 0.099], "texture": "#0"},
				"up": {"uv": [0.001, 0.001, 0.799, 0.099], "texture": "#0"},
				"down": {"uv": [0.001, 0.001, 0.799, 0.099], "texture": "#0"}
			}
		},
		{
			"from": [7.1, 1.1, 10.9],
			"to": [7.6, 1.2, 11],
			"faces": {
				"north": {"uv": [0.001, 0.001, 0.499, 0.099], "texture": "#0"},
				"east": {"uv": [0.001, 0.001, 0.099, 0.099], "texture": "#0"},
				"south": {"uv": [0.001, 0.001, 0.499, 0.099], "texture": "#0"},
				"west": {"uv": [0.001, 0.001, 0.099, 0.099], "texture": "#0"},
				"up": {"uv": [0.001, 0.001, 0.499, 0.099], "texture": "#0"},
				"down": {"uv": [0.001, 0.001, 0.499, 0.099], "texture": "#0"}
			}
		},
		{
			"from": [7.1, 1.1, 10.7],
			"to": [7.2, 1.2, 10.9],
			"faces": {
				"north": {"uv": [0.001, 0.001, 0.099, 0.099], "texture": "#0"},
				"east": {"uv": [0.001, 0.001, 0.199, 0.099], "texture": "#0"},
				"south": {"uv": [0.001, 0.001, 0.099, 0.099], "texture": "#0"},
				"west": {"uv": [0.001, 0.001, 0.199, 0.099], "texture": "#0"},
				"up": {"uv": [0.001, 0.001, 0.099, 0.199], "texture": "#0"},
				"down": {"uv": [0.001, 0.001, 0.099, 0.199], "texture": "#0"}
			}
		},
		{
			"from": [7.1, 1, 10.6],
			"to": [7.3, 1.3, 10.7],
			"faces": {
				"north": {"uv": [0.001, 0.001, 0.199, 0.299], "texture": "#2"},
				"east": {"uv": [0.001, 0.001, 0.099, 0.299], "texture": "#2"},
				"south": {"uv": [0.001, 0.001, 0.199, 0.299], "texture": "#2"},
				"west": {"uv": [0.001, 0.001, 0.099, 0.299], "texture": "#2"},
				"up": {"uv": [0.001, 0.001, 0.199, 0.099], "texture": "#2"},
				"down": {"uv": [0.001, 0.001, 0.199, 0.099], "texture": "#2"}
			}
		},
		{
			"from": [8.4, 1.1, 10.9],
			"to": [8.9, 1.2, 11],
			"faces": {
				"north": {"uv": [0.001, 0.001, 0.499, 0.099], "texture": "#0"},
				"east": {"uv": [0.001, 0.001, 0.099, 0.099], "texture": "#0"},
				"south": {"uv": [0.001, 0.001, 0.499, 0.099], "texture": "#0"},
				"west": {"uv": [0.001, 0.001, 0.099, 0.099], "texture": "#0"},
				"up": {"uv": [0.001, 0.001, 0.499, 0.099], "texture": "#0"},
				"down": {"uv": [0.001, 0.001, 0.499, 0.099], "texture": "#0"}
			}
		},
		{
			"from": [8.8, 1.1, 10.7],
			"to": [8.9, 1.2, 10.9],
			"faces": {
				"north": {"uv": [0.001, 0.001, 0.099, 0.099], "texture": "#0"},
				"east": {"uv": [0.001, 0.001, 0.199, 0.099], "texture": "#0"},
				"south": {"uv": [0.001, 0.001, 0.099, 0.099], "texture": "#0"},
				"west": {"uv": [0.001, 0.001, 0.199, 0.099], "texture": "#0"},
				"up": {"uv": [0.001, 0.001, 0.099, 0.199], "texture": "#0"},
				"down": {"uv": [0.001, 0.001, 0.099, 0.199], "texture": "#0"}
			}
		},
		{
			"from": [8.7, 1, 10.6],
			"to": [8.9, 1.3, 10.7],
			"faces": {
				"north": {"uv": [0.001, 0.001, 0.199, 0.299], "texture": "#2"},
				"east": {"uv": [0.001, 0.001, 0.099, 0.299], "texture": "#2"},
				"south": {"uv": [0.001, 0.001, 0.199, 0.299], "texture": "#2"},
				"west": {"uv": [0.001, 0.001, 0.099, 0.299], "texture": "#2"},
				"up": {"uv": [0.001, 0.001, 0.199, 0.099], "texture": "#2"},
				"down": {"uv": [0.001, 0.001, 0.199, 0.099], "texture": "#2"}
			}
		}
	],
	"display": {
		"thirdperson_righthand": {
			"rotation": [-180, 0, -90],
			"translation": [0.38, -1.89, -4.54]
		},
		"thirdperson_lefthand": {
			"rotation": [-180, 0, -90],
			"translation": [0.38, -1.89, -4.54]
		},
		"firstperson_righthand": {
			"rotation": [0, -65, 0],
			"translation": [0, 3.4, -0.38],
			"scale": [0.6, 0.6, 0.6]
		},
		"firstperson_lefthand": {
			"rotation": [0, -65, 0],
			"translation": [0, 3.4, -0.38],
			"scale": [0.6, 0.6, 0.6]
		},
		"ground": {
			"translation": [0, -0.76, 0],
			"scale": [0.8, 0.8, 0.8]
		},
		"gui": {
			"rotation": [30, -45, 0],
			"translation": [0, 15, 0],
			"scale": [2, 2, 2]
		},
		"head": {
			"rotation": [0, -180, 0],
			"translation": [0, 11, -1.89],
			"scale": [1.81, 1.81, 1.81]
		},
		"fixed": {
			"rotation": [-90, 180, 0],
			"translation": [0, -1.2, -2.6],
			"scale": [1.5, 1.5, 1.5]
		}
	}
}