{
"__comment": "Designed by Zorigami",
"textures": {
    "texture": "blocks/hats/police_hat"
},
"elements": [ 
{
    "__comment": "Bill",
    "from": [ 5, 6, 10 ],
    "to": [ 11, 7, 12 ],
    "faces": {
        "down":  { "uv": [ 5.001, 1.999, 10.999, 0.001 ], "texture": "#texture" },
        "up":    { "uv": [ 5.001, 0.001, 10.999, 1.999 ], "texture": "#texture" },
        "north": { "uv": [ 10.999, 0.001, 5.001, 0.999 ], "texture": "#texture" },
        "south": { "uv": [ 5.001, 1.001, 10.999, 1.999 ], "texture": "#texture" },
        "west":  { "uv": [ 10.001, 0.001, 10.999, 1.999 ], "rotation": 270, "texture": "#texture" },
        "east":  { "uv": [ 5.001, 0.001, 5.999, 1.999 ], "rotation": 90, "texture": "#texture" }
    }
},
{
    "__comment": "Hat",
    "from": [ 5, 6, 3 ],
    "to": [ 11, 9, 4 ],
    "faces": {
        "down":  { "uv": [ 5.001, 8.001, 10.999, 8.999 ], "texture": "#texture" },
        "up":    { "uv": [ 5.001, 6.001, 10.999, 6.999 ], "texture": "#texture" },
        "north": { "uv": [ 10.999, 6.001, 5.001, 8.999 ], "texture": "#texture" },
        "south": { "uv": [ 5.001, 6.001, 10.999, 8.999 ], "texture": "#texture" },
        "west":  { "uv": [ 4.001, 6.001, 4.999, 8.999 ], "texture": "#texture" },
        "east":  { "uv": [ 11.001, 6.001, 11.999, 8.999 ], "texture": "#texture" }
    }
},
{
    "__comment": "Hat",
    "from": [ 4, 6, 4 ],
    "to": [ 5, 8, 10 ],
    "faces": {
        "down":  { "uv": [ 4.001, 8.001, 4.999, 8.999 ], "texture": "#texture" },
        "up":    { "uv": [ 4.001, 7.001, 4.999, 7.999 ], "texture": "#texture" },
        "north": { "uv": [ 4.999, 7.001, 4.001, 8.999 ], "texture": "#texture" },
        "south": { "uv": [ 4.001, 7.001, 4.999, 8.999 ], "texture": "#texture" },
        "west":  { "uv": [ 4.001, 7.001, 4.999, 8.999 ], "texture": "#texture" },
        "east":  { "uv": [ 4.001, 7.001, 4.999, 8.999 ], "texture": "#texture" }
    }
},
{
    "__comment": "Hat",
    "from": [ 5, 7, 10 ],
    "to": [ 11, 8, 11 ],
    "faces": {
        "down":  { "uv": [ 5.001, 7.001, 10.999, 7.999 ], "texture": "#texture" },
        "up":    { "uv": [ 5.001, 7.001, 10.999, 7.999 ], "texture": "#texture" },
        "north": { "uv": [ 10.999, 7.001, 5.001, 7.999 ], "texture": "#texture" },
        "south": { "uv": [ 5.001, 13.001, 10.999, 13.999 ], "texture": "#texture" },
        "west":  { "uv": [ 4.001, 7.001, 4.999, 7.999 ], "texture": "#texture" },
        "east":  { "uv": [ 11.001, 7.001, 11.999, 7.999 ], "texture": "#texture" }
    }
},
{
    "__comment": "Hat",
    "from": [ 4, 7, 3 ],
    "to": [ 12, 9, 4 ],
    "faces": {
        "down":  { "uv": [ 4.001, 7.001, 11.999, 7.999 ], "texture": "#texture" },
        "up":    { "uv": [ 4.001, 6.001, 11.999, 6.999 ], "texture": "#texture" },
        "north": { "uv": [ 11.999, 6.001, 4.001, 7.999 ], "texture": "#texture" },
        "south": { "uv": [ 4.001, 6.001, 11.999, 7.999 ], "texture": "#texture" },
        "west":  { "uv": [ 4.001, 6.001, 4.999, 7.999 ], "texture": "#texture" },
        "east":  { "uv": [ 11.001, 6.001, 11.999, 7.999 ], "texture": "#texture" }
    }
},
{
    "__comment": "Hat",
    "from": [ 5, 7, 2 ],
    "to": [ 11, 8, 3 ],
    "faces": {
        "down":  { "uv": [ 5.001, 7.001, 10.999, 7.999 ], "texture": "#texture" },
        "up":    { "uv": [ 5.001, 7.001, 10.999, 7.999 ], "texture": "#texture" },
        "north": { "uv": [ 10.999, 7.001, 5.001, 7.999 ], "texture": "#texture" },
        "south": { "uv": [ 5.001, 7.001, 10.999, 7.999 ], "texture": "#texture" },
        "west":  { "uv": [ 4.001, 7.001, 4.999, 7.999 ], "texture": "#texture" },
        "east":  { "uv": [ 11.001, 7.001, 11.999, 7.999 ], "texture": "#texture" }
    }
},
{
    "__comment": "Hat",
    "from": [ 3, 8, 8 ],
    "to": [ 13, 10, 10 ],
    "faces": {
        "down":  { "uv": [ 3.001, 6.001, 12.999, 6.999 ], "texture": "#texture" },
        "up":    { "uv": [ 3.001, 5.001, 12.999, 5.999 ], "texture": "#texture" },
        "north": { "uv": [ 12.999, 5.001, 3.001, 6.999 ], "texture": "#texture" },
        "south": { "uv": [ 3.001, 5.001, 12.999, 6.999 ], "texture": "#texture" },
        "west":  { "uv": [ 3.001, 5.001, 3.999, 6.999 ], "texture": "#texture" },
        "east":  { "uv": [ 12.001, 5.001, 12.999, 6.999 ], "texture": "#texture" }
    }
},
{
    "__comment": "Hat",
    "from": [ 4, 8, 10 ],
    "to": [ 12, 10, 11 ],
    "faces": {
        "down":  { "uv": [ 4.001, 6.001, 11.999, 6.999 ], "texture": "#texture" },
        "up":    { "uv": [ 4.001, 5.001, 11.999, 5.999 ], "texture": "#texture" },
        "north": { "uv": [ 11.999, 5.001, 4.001, 6.999 ], "texture": "#texture" },
        "south": { "uv": [ 4.001, 5.001, 11.999, 6.999 ], "texture": "#texture" },
        "west":  { "uv": [ 4.001, 5.001, 4.999, 6.999 ], "texture": "#texture" },
        "east":  { "uv": [ 11.001, 5.001, 11.999, 6.999 ], "texture": "#texture" }
    }
},
{
    "__comment": "Hat",
    "from": [ 5, 8, 11 ],
    "to": [ 11, 10, 12 ],
    "faces": {
        "down":  { "uv": [ 5.001, 12.001, 10.999, 12.999 ], "texture": "#texture" },
        "up":    { "uv": [ 5.001, 5.001, 10.999, 5.999 ], "texture": "#texture" },
        "north": { "uv": [ 10.999, 5.001, 5.001, 6.999 ], "texture": "#texture" },
        "south": { "uv": [ 5.001, 11.001, 10.999, 12.999 ], "texture": "#texture" },
        "west":  { "uv": [ 5.001, 5.001, 5.999, 6.999 ], "texture": "#texture" },
        "east":  { "uv": [ 10.001, 5.001, 10.999, 6.999 ], "texture": "#texture" }
    }
},
{
    "__comment": "Hat",
    "from": [ 3, 7, 5 ],
    "to": [ 4, 9, 8 ],
    "faces": {
        "down":  { "uv": [ 3.001, 7.001, 3.999, 7.999 ], "texture": "#texture" },
        "up":    { "uv": [ 3.001, 6.001, 3.999, 6.999 ], "texture": "#texture" },
        "north": { "uv": [ 3.999, 6.001, 3.001, 7.999 ], "texture": "#texture" },
        "south": { "uv": [ 3.001, 6.001, 3.999, 7.999 ], "texture": "#texture" },
        "west":  { "uv": [ 3.001, 6.001, 3.999, 7.999 ], "texture": "#texture" },
        "east":  { "uv": [ 3.001, 6.001, 3.999, 7.999 ], "texture": "#texture" }
    }
},
{
    "__comment": "Hat",
    "from": [ 4, 10, 9 ],
    "to": [ 12, 11, 11 ],
    "faces": {
        "down":  { "uv": [ 4.001, 4.001, 11.999, 4.999 ], "texture": "#texture" },
        "up":    { "uv": [ 4.001, 4.001, 11.999, 4.999 ], "texture": "#texture" },
        "north": { "uv": [ 11.999, 4.001, 4.001, 4.999 ], "texture": "#texture" },
        "south": { "uv": [ 4.001, 4.001, 11.999, 4.999 ], "texture": "#texture" },
        "west":  { "uv": [ 4.001, 4.001, 4.999, 4.999 ], "texture": "#texture" },
        "east":  { "uv": [ 11.001, 4.001, 11.999, 4.999 ], "texture": "#texture" }
    }
},
{
    "__comment": "Hat",
    "from": [ 4, 9, 5 ],
    "to": [ 12, 10, 8 ],
    "faces": {
        "down":  { "uv": [ 4.001, 5.001, 11.999, 5.999 ], "texture": "#texture" },
        "up":    { "uv": [ 4.001, 5.001, 11.999, 5.999 ], "texture": "#texture" },
        "north": { "uv": [ 11.999, 5.001, 4.001, 5.999 ], "texture": "#texture" },
        "south": { "uv": [ 4.001, 5.001, 11.999, 5.999 ], "texture": "#texture" },
        "west":  { "uv": [ 4.001, 5.001, 4.999, 5.999 ], "texture": "#texture" },
        "east":  { "uv": [ 11.001, 5.001, 11.999, 5.999 ], "texture": "#texture" }
    }
},
{
    "__comment": "Hat",
    "from": [ 4, 8, 4 ],
    "to": [ 12, 9, 6 ],
    "faces": {
        "down":  { "uv": [ 4.001, 6.001, 11.999, 6.999 ], "texture": "#texture" },
        "up":    { "uv": [ 4.001, 6.001, 11.999, 6.999 ], "texture": "#texture" },
        "north": { "uv": [ 11.999, 6.001, 4.001, 6.999 ], "texture": "#texture" },
        "south": { "uv": [ 4.001, 6.001, 11.999, 6.999 ], "texture": "#texture" },
        "west":  { "uv": [ 4.001, 6.001, 4.999, 6.999 ], "texture": "#texture" },
        "east":  { "uv": [ 11.001, 6.001, 11.999, 6.999 ], "texture": "#texture" }
    }
},
{
    "__comment": "Hat",
    "from": [ 5, 10, 8 ],
    "to": [ 11, 11, 12 ],
    "faces": {
        "down":  { "uv": [ 5.001, 4.001, 10.999, 4.999 ], "texture": "#texture" },
        "up":    { "uv": [ 5.001, 4.001, 10.999, 4.999 ], "texture": "#texture" },
        "north": { "uv": [ 10.999, 4.001, 5.001, 4.999 ], "texture": "#texture" },
        "south": { "uv": [ 5.001, 4.001, 10.999, 4.999 ], "texture": "#texture" },
        "west":  { "uv": [ 5.001, 4.001, 5.999, 4.999 ], "texture": "#texture" },
        "east":  { "uv": [ 10.001, 4.001, 10.999, 4.999 ], "texture": "#texture" }
    }
},
{
    "__comment": "Bill",
    "from": [ 6, 6, 12 ],
    "to": [ 10, 7, 13 ],
    "faces": {
        "down":  { "uv": [ 6.001, 2.999, 9.999, 2.001 ], "texture": "#texture" },
        "up":    { "uv": [ 6.001, 2.001, 9.999, 2.999 ], "texture": "#texture" },
        "north": { "uv": [ 9.999, 2.001, 6.001, 2.999 ], "texture": "#texture" },
        "south": { "uv": [ 6.001, 2.001, 9.999, 2.999 ], "texture": "#texture" },
        "west":  { "uv": [ 9.001, 2.001, 9.999, 2.999 ], "rotation": 270, "texture": "#texture" },
        "east":  { "uv": [ 6.001, 2.001, 6.999, 2.999 ], "rotation": 90, "texture": "#texture" }
    }
},
{
    "__comment": "Hat",
    "from": [ 11, 6, 4 ],
    "to": [ 12, 8, 10 ],
    "faces": {
        "down":  { "uv": [ 11.001, 8.001, 11.999, 8.999 ], "texture": "#texture" },
        "up":    { "uv": [ 11.001, 7.001, 11.999, 7.999 ], "texture": "#texture" },
        "north": { "uv": [ 11.999, 7.001, 11.001, 8.999 ], "texture": "#texture" },
        "south": { "uv": [ 11.001, 7.001, 11.999, 8.999 ], "texture": "#texture" },
        "west":  { "uv": [ 11.001, 7.001, 11.999, 8.999 ], "texture": "#texture" },
        "east":  { "uv": [ 11.001, 7.001, 11.999, 8.999 ], "texture": "#texture" }
    }
},
{
    "__comment": "Hat",
    "from": [ 12, 7, 5 ],
    "to": [ 13, 9, 8 ],
    "faces": {
        "down":  { "uv": [ 12.001, 7.001, 12.999, 7.999 ], "texture": "#texture" },
        "up":    { "uv": [ 12.001, 6.001, 12.999, 6.999 ], "texture": "#texture" },
        "north": { "uv": [ 12.999, 6.001, 12.001, 7.999 ], "texture": "#texture" },
        "south": { "uv": [ 12.001, 6.001, 12.999, 7.999 ], "texture": "#texture" },
        "west":  { "uv": [ 12.001, 6.001, 12.999, 7.999 ], "texture": "#texture" },
        "east":  { "uv": [ 12.001, 6.001, 12.999, 7.999 ], "texture": "#texture" }
    }
},
{
    "__comment": "Hat*",
    "from": [ 7, 7, 11 ],
    "to": [ 9, 8, 12 ],
    "faces": {
        "down":  { "uv": [ 7.001, 13.001, 8.999, 13.999 ], "texture": "#texture" },
        "up":    { "uv": [ 7.001, 13.001, 8.999, 13.999 ], "texture": "#texture" },
        "north": { "uv": [ 8.999, 13.001, 7.001, 13.999 ], "texture": "#texture" },
        "south": { "uv": [ 7.001, 13.001, 8.999, 13.999 ], "texture": "#texture" },
        "west":  { "uv": [ 7.001, 13.001, 7.999, 13.999 ], "texture": "#texture" },
        "east":  { "uv": [ 8.001, 13.001, 8.999, 13.999 ], "texture": "#texture" }
    }
}
],
"display": {
    "thirdperson_righthand": {
        "rotation": [ -180, 0, -90 ],
        "translation": [ 0.38, -1.89, -4.54 ],
        "scale": [ 1, 1, 1 ]
    },
    "thirdperson_lefthand": {
        "rotation": [ -180, 0, -90 ],
        "translation": [ 0.38, -1.89, -4.54 ],
        "scale": [ 1, 1, 1 ]
    },
    "head": {
        "rotation": [ 0, -180, 0 ],
        "translation": [ 0, 9.64, -1.89 ],
        "scale": [ 1.81, 1.81, 1.81 ]
    },
    "ground": {
        "rotation": [ 0, 0, 0 ],
        "translation": [ 0, -0.76, 0 ],
        "scale": [ 0.8, 0.8, 0.8 ]
    },
    "fixed": {
        "rotation": [ -90, 180, 0 ],
        "translation": [ 0, -1.2, -2.6 ],
        "scale": [ 1.5, 1.5, 1.5 ]
    },
    "firstperson_righthand": {
        "rotation": [ 0, -65, 0 ],
        "translation": [ 0, 3.4, -0.38 ],
        "scale": [ 0.6, 0.6, 0.6 ]
    },
    "firstperson_lefthand": {
        "rotation": [ 0, -65, 0 ],
        "translation": [ 0, 3.4, -0.38 ],
        "scale": [ 0.6, 0.6, 0.6 ]
    },
    "gui": {
        "rotation": [ 30, -45, 0 ],
        "translation": [ -0.95, 0, 0 ],
        "scale": [ 1.4, 1.4, 1.4 ]
    }
}
}