{
"__comment": "Designed by Tomshalev01",
"textures": {
    "0": "blocks/wool_colored_green",
    "1": "blocks/wool_colored_brown"
},
"elements": [ 
{
    "from": [ 5, 1, 5 ],
    "to": [ 11, 2, 11 ],
    "faces": {
        "down":  { "uv": [ 0.001, 0.001, 5.999, 5.999 ], "texture": "#0" },
        "up":    { "uv": [ 0.001, 0.001, 5.999, 5.999 ], "texture": "#0" },
        "north": { "uv": [ 0.001, 0.001, 5.999, 0.999 ], "texture": "#0" },
        "south": { "uv": [ 0.001, 0.001, 5.999, 0.999 ], "texture": "#0" },
        "west":  { "uv": [ 0.001, 0.001, 5.999, 0.999 ], "texture": "#0" },
        "east":  { "uv": [ 0.001, 0.001, 5.999, 0.999 ], "texture": "#0" }
    }
},
{
    "from": [ 5.5, 0.5, 5.5 ],
    "to": [ 10.5, 1, 10.5 ],
    "faces": {
        "down":  { "uv": [ 0.001, 0.001, 4.999, 4.999 ], "texture": "#0" },
        "up":    { "uv": [ 0.001, 0.001, 4.999, 4.999 ], "texture": "#0" },
        "north": { "uv": [ 0.001, 0.001, 4.999, 0.499 ], "texture": "#0" },
        "south": { "uv": [ 0.001, 0.001, 4.999, 0.499 ], "texture": "#0" },
        "west":  { "uv": [ 0.001, 0.001, 4.999, 0.499 ], "texture": "#0" },
        "east":  { "uv": [ 0.001, 0.001, 4.999, 0.499 ], "texture": "#0" }
    }
},
{
    "from": [ 6.5, 0, 6.5 ],
    "to": [ 9.5, 0.5, 9.5 ],
    "faces": {
        "down":  { "uv": [ 0.001, 0.001, 2.999, 2.999 ], "texture": "#0" },
        "up":    { "uv": [ 0.001, 0.001, 2.999, 2.999 ], "texture": "#0" },
        "north": { "uv": [ 0.001, 0.001, 2.999, 0.499 ], "texture": "#0" },
        "south": { "uv": [ 0.001, 0.001, 2.999, 0.499 ], "texture": "#0" },
        "west":  { "uv": [ 0.001, 0.001, 2.999, 0.499 ], "texture": "#0" },
        "east":  { "uv": [ 0.001, 0.001, 2.999, 0.499 ], "texture": "#0" }
    }
},
{
    "from": [ 4.5, 2, 4.5 ],
    "to": [ 11.5, 7, 11.5 ],
    "faces": {
        "down":  { "uv": [ 0.001, 0.001, 6.999, 6.999 ], "texture": "#0" },
        "up":    { "uv": [ 0.001, 0.001, 6.999, 6.999 ], "texture": "#0" },
        "north": { "uv": [ 0.001, 0.001, 6.999, 4.999 ], "texture": "#0" },
        "south": { "uv": [ 0.001, 0.001, 6.999, 4.999 ], "texture": "#0" },
        "west":  { "uv": [ 0.001, 0.001, 6.999, 4.999 ], "texture": "#0" },
        "east":  { "uv": [ 0.001, 0.001, 6.999, 4.999 ], "texture": "#0" }
    }
},
{
    "from": [ 5, 7, 5 ],
    "to": [ 11, 8, 11 ],
    "faces": {
        "down":  { "uv": [ 0.001, 0.001, 5.999, 5.999 ], "texture": "#0" },
        "up":    { "uv": [ 0.001, 0.001, 5.999, 5.999 ], "texture": "#0" },
        "north": { "uv": [ 0.001, 0.001, 5.999, 0.999 ], "texture": "#0" },
        "south": { "uv": [ 0.001, 0.001, 5.999, 0.999 ], "texture": "#0" },
        "west":  { "uv": [ 0.001, 0.001, 5.999, 0.999 ], "texture": "#0" },
        "east":  { "uv": [ 0.001, 0.001, 5.999, 0.999 ], "texture": "#0" }
    }
},
{
    "from": [ 5.25, 8, 5.25 ],
    "to": [ 10.75, 9, 10.75 ],
    "faces": {
        "down":  { "uv": [ 0.001, 0.001, 5.499, 5.499 ], "texture": "#0" },
        "up":    { "uv": [ 0.001, 0.001, 5.499, 5.499 ], "texture": "#0" },
        "north": { "uv": [ 0.001, 0.001, 5.499, 0.999 ], "texture": "#0" },
        "south": { "uv": [ 0.001, 0.001, 5.499, 0.999 ], "texture": "#0" },
        "west":  { "uv": [ 0.001, 0.001, 5.499, 0.999 ], "texture": "#0" },
        "east":  { "uv": [ 0.001, 0.001, 5.499, 0.999 ], "texture": "#0" }
    }
},
{
    "from": [ 6.5, 9, 6.5 ],
    "to": [ 9.5, 9.5, 9.5 ],
    "faces": {
        "down":  { "uv": [ 0.001, 0.001, 2.999, 2.999 ], "texture": "#0" },
        "up":    { "uv": [ 0.001, 0.001, 2.999, 2.999 ], "texture": "#0" },
        "north": { "uv": [ 0.001, 0.001, 2.999, 0.499 ], "texture": "#0" },
        "south": { "uv": [ 0.001, 0.001, 2.999, 0.499 ], "texture": "#0" },
        "west":  { "uv": [ 0.001, 0.001, 2.999, 0.499 ], "texture": "#0" },
        "east":  { "uv": [ 0.001, 0.001, 2.999, 0.499 ], "texture": "#0" }
    }
},
{
    "from": [ 7.5, 9.5, 7.5 ],
    "to": [ 7.9, 11, 7.9 ],
    "faces": {
        "down":  { "uv": [ 0.001, 0.001, 0.399, 0.399 ], "texture": "#1" },
        "up":    { "uv": [ 0.001, 0.001, 0.399, 0.399 ], "texture": "#1" },
        "north": { "uv": [ 0.001, 0.001, 0.399, 1.499 ], "texture": "#1" },
        "south": { "uv": [ 0.001, 0.001, 0.399, 1.499 ], "texture": "#1" },
        "west":  { "uv": [ 0.001, 0.001, 0.399, 1.499 ], "texture": "#1" },
        "east":  { "uv": [ 0.001, 0.001, 0.399, 1.499 ], "texture": "#1" }
    }
}
],
"display": {
    "thirdperson_righthand": {
        "rotation": [ 0, -43, 0 ],
        "translation": [ 0, 0, 0 ],
        "scale": [ 0.5, 0.5, 0.5 ]
    },
    "thirdperson_lefthand": {
        "rotation": [ 0, -43, 0 ],
        "translation": [ 0, 0, 0 ],
        "scale": [ 0.5, 0.5, 0.5 ]
    },
    "head": {
        "rotation": [ 0, 180, 0 ],
        "translation": [ 0, -34.5, 0 ],
        "scale": [ 1, 1, 1 ]
    },
    "ground": {
        "rotation": [ 0, 0, 0 ],
        "translation": [ 0, 2, 0 ],
        "scale": [ 0.5, 0.5, 0.5 ]
    },
    "fixed": {
        "rotation": [ 0, 180, 0 ],
        "translation": [ 0.19, 0, -1.32 ],
        "scale": [ 0.5, 0.5, 0.5 ]
    },
    "firstperson_righthand": {
        "rotation": [ 0, -64, 0 ],
        "translation": [ 0, 1.51, 0 ],
        "scale": [ 0.5, 0.5, 0.5 ]
    },
    "firstperson_lefthand": {
        "rotation": [ 0, -64, 0 ],
        "translation": [ 0, 1.51, 0 ],
        "scale": [ 0.5, 0.5, 0.5 ]
    },
    "gui": {
        "rotation": [ 35, 35, 0 ],
        "translation": [ 0, 0, 0 ],
        "scale": [ 0.62, 0.62, 0.62 ]
    }
}
}