{
	"__comment": "Model generated using MrCrayfish's Model Creator (http://mrcrayfish.com/modelcreator/)",
	"textures": {
		"0": "blocks/planks_spruce",
		"1": "blocks/broom"
	},
	"elements": [ 	 
		{
			"from": [ 1.6, 2.5, 8 ],
			"to": [ 16, 3.85, 9.35 ],
			"faces": {
				"down": { "uv": [ 0, 0, 16, 1.5 ], "texture": "#0" },
				"up": { "uv": [ 0, 0, 16, 1.5 ], "texture": "#0" },
				"north": { "uv": [ 0, 0, 16, 1.5 ], "texture": "#0" },
				"south": { "uv": [ 0, 0, 16, 1.5 ], "texture": "#0" },
				"west": { "uv": [ 0, 0, 1.5, 1.5 ], "texture": "#0" },
				"east": { "uv": [ 0, 0, 1.5, 1.5 ], "texture": "#0" }
			}
		},
		{
			"from": [ 16, 2.5, 8 ],
			"to": [ 30.4, 3.85, 9.35 ],
			"faces": {
				"down": { "uv": [ 0, 0, 16, 1.5 ], "texture": "#0" },
				"up": { "uv": [ 0, 0, 16, 1.5 ], "texture": "#0" },
				"north": { "uv": [ 0, 0, 16, 1.5 ], "texture": "#0" },
				"south": { "uv": [ 0, 0, 16, 1.5 ], "texture": "#0" },
				"west": { "uv": [ 0, 0, 1.5, 1.5 ], "texture": "#0" },
				"east": { "uv": [ 0, 0, 1.5, 1.5 ], "texture": "#0" }
			}
		},
		{
			"from": [ 7.9, 0.7, 8.09 ],
			"to": [ 11.5, 1.87, 9.259999 ],
			"rotation": { "origin": [ 8.8, 9.7, 8 ], "axis": "z", "angle": 45 },
			"faces": {
				"down": { "uv": [ 0, 0, 4, 1.3 ], "texture": "#0" },
				"up": { "uv": [ 0, 0, 4, 1.3 ], "texture": "#0" },
				"north": { "uv": [ 0, 0, 4, 1.3 ], "texture": "#0" },
				"south": { "uv": [ 0, 0, 4, 1.3 ], "texture": "#0" },
				"west": { "uv": [ 0, 0, 1.3, 1.3 ], "texture": "#0" },
				"east": { "uv": [ 0, 0, 1.3, 1.3 ], "texture": "#0" }
			}
		},
		{
			"from": [ -0.2, 1.6, 7.1 ],
			"to": [ 1.6, 4.75, 10.25 ],
			"faces": {
				"down": { "uv": [ 2, 7, 4, 10.5 ], "texture": "#1" },
				"up": { "uv": [ 1, 6, 3, 9.5 ], "texture": "#1" },
				"north": { "uv": [ 3, 6, 5, 9.5 ], "texture": "#1" },
				"south": { "uv": [ 4, 7, 6, 10.5 ], "texture": "#1" },
				"west": { "uv": [ 2, 6, 5.5, 9.5 ], "texture": "#1" },
				"east": { "uv": [ 2, 7, 5.5, 10.5 ], "texture": "#1" }
			}
		},
		{
			"from": [ -1.1, 1.78, 7.28 ],
			"to": [ -0.2, 4.57, 10.07 ],
			"faces": {
				"down": { "uv": [ 2, 4, 3, 5 ], "texture": "#1" },
				"up": { "uv": [ 3, 4, 4, 5 ], "texture": "#1" },
				"north": { "uv": [ 1, 4, 2, 5 ], "texture": "#1" },
				"south": { "uv": [ 4, 4, 5, 5 ], "texture": "#1" },
				"west": { "uv": [ 3, 4, 4, 5 ], "texture": "#1" },
				"east": { "uv": [ 3, 4, 4, 5 ], "texture": "#1" }
			}
		},
		{
			"from": [ -5.6, 0.88, 6.38 ],
			"to": [ -1.1, 5.47, 10.97 ],
			"faces": {
				"down": { "uv": [ 0, 6, 5, 11 ], "texture": "#1", "rotation": 90 },
				"up": { "uv": [ 0, 5, 5, 10.1 ], "texture": "#1", "rotation": 90 },
				"north": { "uv": [ 1, 5, 6, 10.1 ], "texture": "#1", "rotation": 90 },
				"south": { "uv": [ 0, 5, 5, 10 ], "texture": "#1", "rotation": 90 },
				"west": { "uv": [ 0, 0, 5.1, 5.1 ], "texture": "#1" },
				"east": { "uv": [ 1, 5, 6.1, 10.1 ], "texture": "#1", "rotation": 90 }
			}
		},
		{
			"from": [ -14.6, -0.02, 5.48 ],
			"to": [ -5.599999, 6.28, 11.78 ],
			"faces": {
				"down": { "uv": [ 0, 4, 10, 11 ], "texture": "#1", "rotation": 90 },
				"up": { "uv": [ 0, 4, 10, 11 ], "texture": "#1", "rotation": 90 },
				"north": { "uv": [ 2, 4, 12, 11 ], "texture": "#1", "rotation": 270 },
				"south": { "uv": [ 1, 4, 11, 11 ], "texture": "#1", "rotation": 90 },
				"west": { "uv": [ 0, 5, 6, 11 ], "texture": "#1" },
				"east": { "uv": [ 2, 4, 3, 5 ], "texture": "#1" }
			}
		},
		{
			"from": [ 19.6, 2.5, 12.59 ],
			"to": [ 22.3, 3.67, 13.76 ],
			"rotation": { "origin": [ 8.8, 9.7, 8 ], "axis": "y", "angle": 22.5 },
			"faces": {
				"down": { "uv": [ 0, 0, 3, 1.3 ], "texture": "#0" },
				"up": { "uv": [ 0, 0, 3, 1.3 ], "texture": "#0" },
				"north": { "uv": [ 0, 0, 3, 1.3 ], "texture": "#0" },
				"south": { "uv": [ 0, 0, 3, 1.3 ], "texture": "#0" },
				"west": { "uv": [ 0, 0, 1.3, 1.3 ], "texture": "#0" },
				"east": { "uv": [ 0, 0, 1.3, 1.3 ], "texture": "#0" }
			}
		}
	],
	"display": {
		"thirdperson_righthand": {
			"rotation":  [ 101, 104, 0 ],
			"translation":  [ 0.0006, -2.085, 4.1739 ],
			"scale":  [ 0.7, 0.7, 0.7 ]
		},
		"thirdperson_lefthand": {
			"rotation":  [ 101, -84, 0 ],
			"translation":  [ 0.0006, -2.085, 4.1739 ],
			"scale":  [ 0.7, 0.7, 0.7 ]
		},
		"firstperson_righthand": {
			"rotation":  [ 36, 108, -2 ],
			"translation":  [ 0, 2.7826, 0 ]
		},
		"firstperson_lefthand": {
			"rotation":  [ 39, -81, -4 ],
			"translation":  [ 0, 2.7826, 0 ]
		},
		"gui": {
			"rotation":  [ 14, -36, -33 ],
			"translation":  [ 1.5, 0.6956, 3.4782 ],
			"scale":  [ 0.4, 0.4, 0.4 ]
		},
		"ground": {
			"translation":  [ 0, 7.6521, 0 ]
		},
		"fixed": {
			"rotation":  [ 0, 0, -42 ],
			"translation":  [ 2.0869, 0, 0 ],
			"scale":  [ 0.4, 0.4, 0.4 ]
		}
	}
}