{
"__comment": "Designed by Monsterfish with BDcraft Cubik PRO 0.96 Beta - http://bdcraft.net",
"textures": {
    "texture": "items/valuables/coin"
},
"elements": [ 
{
    "from": [ 3, 3, 9 ],
    "to": [ 19, 19, 9.0625 ],
    "faces": {
        "north": { "uv": [ 0, 0, 16, 16 ], "texture": "#texture" },
        "south": { "uv": [ 0, 0, 16, 16 ], "texture": "#texture" }
    }
},
{
    "from": [ 9, 6, 8 ],
    "to": [ 25, 22, 8.0625 ],
    "faces": {
        "north": { "uv": [ 0, 0, 16, 16 ], "texture": "#texture" },
        "south": { "uv": [ 0, 0, 16, 16 ], "texture": "#texture" }
    }
},
{
    "from": [ 20, 6, 6 ],
    "to": [ 20.0625, 22, 8 ],
    "faces": {
        "west":  { "uv": [ 7, 0, 9, 16 ], "texture": "#texture" },
        "east":  { "uv": [ 7, 0, 9, 16 ], "texture": "#texture" }
    }
},
{
    "from": [ 20, 6, 6 ],
    "to": [ 20.0625, 22, 8 ],
    "faces": {
        "west":  { "uv": [ 7, 0, 9, 16 ], "texture": "#texture" },
        "east":  { "uv": [ 7, 0, 9, 16 ], "texture": "#texture" }
    }
},
{
    "from": [ 14, 6, 6 ],
    "to": [ 14.0625, 22, 8 ],
    "faces": {
        "west":  { "uv": [ 7, 0, 9, 16 ], "texture": "#texture" },
        "east":  { "uv": [ 7, 0, 9, 16 ], "texture": "#texture" }
    }
},
{
    "from": [ 9, 10.9375, 6 ],
    "to": [ 25, 11, 8 ],
    "faces": {
        "down":  { "uv": [ 0, 7, 16, 9 ], "texture": "#texture" },
        "up":    { "uv": [ 0, 7, 16, 9 ], "texture": "#texture" }
    }
},
{
    "from": [ 9, 16.9375, 6 ],
    "to": [ 25, 17, 8 ],
    "faces": {
        "down":  { "uv": [ 0, 7, 16, 9 ], "texture": "#texture" },
        "up":    { "uv": [ 0, 7, 16, 9 ], "texture": "#texture" }
    }
},
{
    "from": [ 9, 8.9375, 6 ],
    "to": [ 25, 9, 8 ],
    "faces": {
        "down":  { "uv": [ 16, 13, 0, 11 ], "texture": "#texture" },
        "up":    { "uv": [ 0, 11, 16, 13 ], "texture": "#texture" }
    }
},
{
    "from": [ 9, 18.9375, 6 ],
    "to": [ 25, 19, 8 ],
    "faces": {
        "down":  { "uv": [ 16, 13, 0, 11 ], "texture": "#texture" },
        "up":    { "uv": [ 0, 11, 16, 13 ], "texture": "#texture" }
    }
},
{
    "from": [ 23, 6, 6 ],
    "to": [ 23.0625, 22, 8 ],
    "faces": {
        "west":  { "uv": [ 13, 0, 14, 16 ], "texture": "#texture" },
        "east":  { "uv": [ 13, 0, 14, 16 ], "texture": "#texture" }
    }
},
{
    "from": [ 11, 6, 6 ],
    "to": [ 11.0625, 22, 8 ],
    "faces": {
        "west":  { "uv": [ 13, 0, 14, 16 ], "texture": "#texture" },
        "east":  { "uv": [ 13, 0, 14, 16 ], "texture": "#texture" }
    }
},
{
    "from": [ 22, 6, 6 ],
    "to": [ 22.0625, 22, 8 ],
    "faces": {
        "west":  { "uv": [ 11, 0, 13, 16 ], "texture": "#texture" },
        "east":  { "uv": [ 11, 0, 13, 16 ], "texture": "#texture" }
    }
},
{
    "from": [ 12, 6, 6 ],
    "to": [ 12.0625, 22, 8 ],
    "faces": {
        "west":  { "uv": [ 11, 0, 13, 16 ], "texture": "#texture" },
        "east":  { "uv": [ 11, 0, 13, 16 ], "texture": "#texture" }
    }
},
{
    "from": [ 9, 19.9375, 6 ],
    "to": [ 25, 20, 8 ],
    "faces": {
        "down":  { "uv": [ 0, 13, 16, 14 ], "texture": "#texture" },
        "up":    { "uv": [ 0, 13, 16, 14 ], "texture": "#texture" }
    }
},
{
    "from": [ 9, 7.9375, 6 ],
    "to": [ 25, 8, 8 ],
    "faces": {
        "down":  { "uv": [ 0, 13, 16, 14 ], "texture": "#texture" },
        "up":    { "uv": [ 0, 13, 16, 14 ], "texture": "#texture" }
    }
},
{
    "from": [ 0, 0, 7 ],
    "to": [ 16, 16, 7.0625 ],
    "faces": {
        "north": { "uv": [ 0, 0, 16, 16 ], "texture": "#texture" },
        "south": { "uv": [ 0, 0, 16, 16 ], "texture": "#texture" }
    }
},
{
    "from": [ 0, 0, 9 ],
    "to": [ 16, 16, 9.0625 ],
    "faces": {
        "north": { "uv": [ 0, 0, 16, 16 ], "texture": "#texture" },
        "south": { "uv": [ 0, 0, 16, 16 ], "texture": "#texture" }
    }
},
{
    "from": [ 11, 0, 7 ],
    "to": [ 11.0625, 16, 9 ],
    "faces": {
        "west":  { "uv": [ 7, 0, 9, 16 ], "texture": "#texture" },
        "east":  { "uv": [ 7, 0, 9, 16 ], "texture": "#texture" }
    }
},
{
    "from": [ 11, 0, 7 ],
    "to": [ 11.0625, 16, 9 ],
    "faces": {
        "west":  { "uv": [ 7, 0, 9, 16 ], "texture": "#texture" },
        "east":  { "uv": [ 7, 0, 9, 16 ], "texture": "#texture" }
    }
},
{
    "from": [ 5, 0, 7 ],
    "to": [ 5.0625, 16, 9 ],
    "faces": {
        "west":  { "uv": [ 7, 0, 9, 16 ], "texture": "#texture" },
        "east":  { "uv": [ 7, 0, 9, 16 ], "texture": "#texture" }
    }
},
{
    "from": [ 0, 4.9375, 7 ],
    "to": [ 16, 5, 9 ],
    "faces": {
        "down":  { "uv": [ 0, 7, 16, 9 ], "texture": "#texture" },
        "up":    { "uv": [ 0, 7, 16, 9 ], "texture": "#texture" }
    }
},
{
    "from": [ 0, 10.9375, 7 ],
    "to": [ 16, 11, 9 ],
    "faces": {
        "down":  { "uv": [ 0, 7, 16, 9 ], "texture": "#texture" },
        "up":    { "uv": [ 0, 7, 16, 9 ], "texture": "#texture" }
    }
},
{
    "from": [ 0, 2.9375, 7 ],
    "to": [ 16, 3, 9 ],
    "faces": {
        "down":  { "uv": [ 16, 13, 0, 11 ], "texture": "#texture" },
        "up":    { "uv": [ 0, 11, 16, 13 ], "texture": "#texture" }
    }
},
{
    "from": [ 0, 12.9375, 7 ],
    "to": [ 16, 13, 9 ],
    "faces": {
        "down":  { "uv": [ 16, 13, 0, 11 ], "texture": "#texture" },
        "up":    { "uv": [ 0, 11, 16, 13 ], "texture": "#texture" }
    }
},
{
    "from": [ 14, 0, 7 ],
    "to": [ 14.0625, 16, 9 ],
    "faces": {
        "west":  { "uv": [ 13, 0, 14, 16 ], "texture": "#texture" },
        "east":  { "uv": [ 13, 0, 14, 16 ], "texture": "#texture" }
    }
},
{
    "from": [ 2, 0, 7 ],
    "to": [ 2.0625, 16, 9 ],
    "faces": {
        "west":  { "uv": [ 13, 0, 14, 16 ], "texture": "#texture" },
        "east":  { "uv": [ 13, 0, 14, 16 ], "texture": "#texture" }
    }
},
{
    "from": [ 13, 0, 7 ],
    "to": [ 13.0625, 16, 9 ],
    "faces": {
        "west":  { "uv": [ 11, 0, 13, 16 ], "texture": "#texture" },
        "east":  { "uv": [ 11, 0, 13, 16 ], "texture": "#texture" }
    }
},
{
    "from": [ 3, 0, 7 ],
    "to": [ 3.0625, 16, 9 ],
    "faces": {
        "west":  { "uv": [ 11, 0, 13, 16 ], "texture": "#texture" },
        "east":  { "uv": [ 11, 0, 13, 16 ], "texture": "#texture" }
    }
},
{
    "from": [ 0, 13.9375, 7 ],
    "to": [ 16, 14, 9 ],
    "faces": {
        "down":  { "uv": [ 0, 13, 16, 14 ], "texture": "#texture" },
        "up":    { "uv": [ 0, 13, 16, 14 ], "texture": "#texture" }
    }
},
{
    "from": [ 0, 1.9375, 7 ],
    "to": [ 16, 2, 9 ],
    "faces": {
        "down":  { "uv": [ 0, 13, 16, 14 ], "texture": "#texture" },
        "up":    { "uv": [ 0, 13, 16, 14 ], "texture": "#texture" }
    }
},
{
    "from": [ 3, 3, 11 ],
    "to": [ 19, 19, 11.0625 ],
    "faces": {
        "north": { "uv": [ 0, 0, 16, 16 ], "texture": "#texture" },
        "south": { "uv": [ 0, 0, 16, 16 ], "texture": "#texture" }
    }
},
{
    "from": [ 14, 3, 9 ],
    "to": [ 14.0625, 19, 11 ],
    "faces": {
        "west":  { "uv": [ 7, 0, 9, 16 ], "texture": "#texture" },
        "east":  { "uv": [ 7, 0, 9, 16 ], "texture": "#texture" }
    }
},
{
    "from": [ 14, 3, 9 ],
    "to": [ 14.0625, 19, 11 ],
    "faces": {
        "west":  { "uv": [ 7, 0, 9, 16 ], "texture": "#texture" },
        "east":  { "uv": [ 7, 0, 9, 16 ], "texture": "#texture" }
    }
},
{
    "from": [ 8, 3, 9 ],
    "to": [ 8.0625, 19, 11 ],
    "faces": {
        "west":  { "uv": [ 7, 0, 9, 16 ], "texture": "#texture" },
        "east":  { "uv": [ 7, 0, 9, 16 ], "texture": "#texture" }
    }
},
{
    "from": [ 3, 7.9375, 9 ],
    "to": [ 19, 8, 11 ],
    "faces": {
        "down":  { "uv": [ 0, 7, 16, 9 ], "texture": "#texture" },
        "up":    { "uv": [ 0, 7, 16, 9 ], "texture": "#texture" }
    }
},
{
    "from": [ 3, 13.9375, 9 ],
    "to": [ 19, 14, 11 ],
    "faces": {
        "down":  { "uv": [ 0, 7, 16, 9 ], "texture": "#texture" },
        "up":    { "uv": [ 0, 7, 16, 9 ], "texture": "#texture" }
    }
},
{
    "from": [ 3, 5.9375, 9 ],
    "to": [ 19, 6, 11 ],
    "faces": {
        "down":  { "uv": [ 16, 13, 0, 11 ], "texture": "#texture" },
        "up":    { "uv": [ 0, 11, 16, 13 ], "texture": "#texture" }
    }
},
{
    "from": [ 3, 15.9375, 9 ],
    "to": [ 19, 16, 11 ],
    "faces": {
        "down":  { "uv": [ 16, 13, 0, 11 ], "texture": "#texture" },
        "up":    { "uv": [ 0, 11, 16, 13 ], "texture": "#texture" }
    }
},
{
    "from": [ 17, 3, 9 ],
    "to": [ 17.0625, 19, 11 ],
    "faces": {
        "west":  { "uv": [ 13, 0, 14, 16 ], "texture": "#texture" },
        "east":  { "uv": [ 13, 0, 14, 16 ], "texture": "#texture" }
    }
},
{
    "from": [ 5, 3, 9 ],
    "to": [ 5.0625, 19, 11 ],
    "faces": {
        "west":  { "uv": [ 13, 0, 14, 16 ], "texture": "#texture" },
        "east":  { "uv": [ 13, 0, 14, 16 ], "texture": "#texture" }
    }
},
{
    "from": [ 16, 3, 9 ],
    "to": [ 16.0625, 19, 11 ],
    "faces": {
        "west":  { "uv": [ 11, 0, 13, 16 ], "texture": "#texture" },
        "east":  { "uv": [ 11, 0, 13, 16 ], "texture": "#texture" }
    }
},
{
    "from": [ 6, 3, 9 ],
    "to": [ 6.0625, 19, 11 ],
    "faces": {
        "west":  { "uv": [ 11, 0, 13, 16 ], "texture": "#texture" },
        "east":  { "uv": [ 11, 0, 13, 16 ], "texture": "#texture" }
    }
},
{
    "from": [ 3, 16.9375, 9 ],
    "to": [ 19, 17, 11 ],
    "faces": {
        "down":  { "uv": [ 0, 13, 16, 14 ], "texture": "#texture" },
        "up":    { "uv": [ 0, 13, 16, 14 ], "texture": "#texture" }
    }
},
{
    "from": [ 3, 4.9375, 9 ],
    "to": [ 19, 5, 11 ],
    "faces": {
        "down":  { "uv": [ 0, 13, 16, 14 ], "texture": "#texture" },
        "up":    { "uv": [ 0, 13, 16, 14 ], "texture": "#texture" }
    }
},
{
    "from": [ 9, 6, 6 ],
    "to": [ 25, 22, 6.0625 ],
    "faces": {
        "north": { "uv": [ 0, 0, 16, 16 ], "texture": "#texture" },
        "south": { "uv": [ 0, 0, 16, 16 ], "texture": "#texture" }
    }
}
],
"display": {
    "thirdperson_righthand": {
        "rotation": [ -4, -63, -91 ],
        "translation": [ 0, 1.32, 0 ],
        "scale": [ 0.3, 0.3, 0.3 ]
    },
    "thirdperson_lefthand": {
        "rotation": [ -4, -63, -91 ],
        "translation": [ 0, -0.57, 0 ],
        "scale": [ 0.3, 0.3, 0.3 ]
    },
    "head": {
        "rotation": [ 90, 180, 0 ],
        "translation": [ 0, -41, 0 ],
        "scale": [ 0.6, 0.6, 0.6 ]
    },
    "ground": {
        "rotation": [ 0, 0, 0 ],
        "translation": [ 0, 3, 0 ],
        "scale": [ 0.25, 0.25, 0.25 ]
    },
    "fixed": {
        "rotation": [ 0, 180, 0 ],
        "translation": [ 1.13, -1.7, -0.38 ],
        "scale": [ 0.5, 0.5, 0.5 ]
    },
    "firstperson_righthand": {
        "rotation": [ -52, -47, -40 ],
        "translation": [ 0, 1.7, 0 ],
        "scale": [ 0.3, 0.3, 0.3 ]
    },
    "firstperson_lefthand": {
        "rotation": [ -52, -47, -40 ],
        "translation": [ -0.19, 0.57, 0 ],
        "scale": [ 0.3, 0.3, 0.3 ]
    },
    "gui": {
        "rotation": [ 0, 0, 0 ],
        "translation": [ -2.27, -1.89, -1.89 ],
        "scale": [ 0.6, 0.6, 0.6 ]
    }
}
}