{
	"__comment": "Designed by Monsterfish_ with Cubik Studio - https://cubik.studio",
	"textures": {
		"texture": "blocks/friedegg"
	},
	"elements": [
		{
			"__comment": "Voxels-FFF9DA",
			"from": [ 0, 0.5, 5.5 ],
			"to": [ 1, 2.5, 6.5 ],
			"faces": {
				"down": { "uv": [ 0.96, 8.96, 3.04, 11.04 ], "texture": "#texture" },
				"up": { "uv": [ 0.96, 8.96, 3.04, 11.04 ], "texture": "#texture" },
				"north": { "uv": [ 0.96, 8.96, 3.04, 11.04 ], "texture": "#texture" },
				"south": { "uv": [ 0.96, 8.96, 3.04, 11.04 ], "texture": "#texture" },
				"west": { "uv": [ 0.96, 8.96, 3.04, 11.04 ], "texture": "#texture" },
				"east": { "uv": [ 0.96, 8.96, 3.04, 11.04 ], "texture": "#texture" }
			}
		},
		{
			"__comment": "Voxels-FFF9DA",
			"from": [ 0, 0.5, 6.5 ],
			"to": [ 1.5, 2, 10 ],
			"faces": {
				"down": { "uv": [ 0.96, 8.96, 3.04, 11.04 ], "texture": "#texture" },
				"up": { "uv": [ 0.96, 8.96, 3.04, 11.04 ], "texture": "#texture" },
				"north": { "uv": [ 0.96, 8.96, 3.04, 11.04 ], "texture": "#texture" },
				"south": { "uv": [ 0.96, 8.96, 3.04, 11.04 ], "texture": "#texture" },
				"west": { "uv": [ 0.96, 8.96, 3.04, 11.04 ], "texture": "#texture" },
				"east": { "uv": [ 0.96, 8.96, 3.04, 11.04 ], "texture": "#texture" }
			}
		},
		{
			"__comment": "Voxels-FFF9DA",
			"from": [ 0, 1.5, 5 ],
			"to": [ 1.5, 2, 5.5 ],
			"faces": {
				"down": { "uv": [ 0.96, 8.96, 3.04, 11.04 ], "texture": "#texture" },
				"up": { "uv": [ 0.96, 8.96, 3.04, 11.04 ], "texture": "#texture" },
				"north": { "uv": [ 0.96, 8.96, 3.04, 11.04 ], "texture": "#texture" },
				"south": { "uv": [ 0.96, 8.96, 3.04, 11.04 ], "texture": "#texture" },
				"west": { "uv": [ 0.96, 8.96, 3.04, 11.04 ], "texture": "#texture" },
				"east": { "uv": [ 0.96, 8.96, 3.04, 11.04 ], "texture": "#texture" }
			}
		},
		{
			"__comment": "Voxels-FFF9DA",
			"from": [ 0, 1.5, 10 ],
			"to": [ 1.5, 3, 10.5 ],
			"faces": {
				"down": { "uv": [ 0.96, 8.96, 3.04, 11.04 ], "texture": "#texture" },
				"up": { "uv": [ 0.96, 8.96, 3.04, 11.04 ], "texture": "#texture" },
				"north": { "uv": [ 0.96, 8.96, 3.04, 11.04 ], "texture": "#texture" },
				"south": { "uv": [ 0.96, 8.96, 3.04, 11.04 ], "texture": "#texture" },
				"west": { "uv": [ 0.96, 8.96, 3.04, 11.04 ], "texture": "#texture" },
				"east": { "uv": [ 0.96, 8.96, 3.04, 11.04 ], "texture": "#texture" }
			}
		},
		{
			"__comment": "Voxels-FFF9DA",
			"from": [ 0, 2, 9 ],
			"to": [ 2, 2.5, 10 ],
			"faces": {
				"down": { "uv": [ 0.96, 8.96, 3.04, 11.04 ], "texture": "#texture" },
				"up": { "uv": [ 0.96, 8.96, 3.04, 11.04 ], "texture": "#texture" },
				"north": { "uv": [ 0.96, 8.96, 3.04, 11.04 ], "texture": "#texture" },
				"south": { "uv": [ 0.96, 8.96, 3.04, 11.04 ], "texture": "#texture" },
				"west": { "uv": [ 0.96, 8.96, 3.04, 11.04 ], "texture": "#texture" },
				"east": { "uv": [ 0.96, 8.96, 3.04, 11.04 ], "texture": "#texture" }
			}
		},
		{
			"__comment": "Voxels-FFF9DA",
			"from": [ 0, 2.5, 9.5 ],
			"to": [ 2.5, 3, 10 ],
			"faces": {
				"down": { "uv": [ 0.96, 8.96, 3.04, 11.04 ], "texture": "#texture" },
				"up": { "uv": [ 0.96, 8.96, 3.04, 11.04 ], "texture": "#texture" },
				"north": { "uv": [ 0.96, 8.96, 3.04, 11.04 ], "texture": "#texture" },
				"south": { "uv": [ 0.96, 8.96, 3.04, 11.04 ], "texture": "#texture" },
				"west": { "uv": [ 0.96, 8.96, 3.04, 11.04 ], "texture": "#texture" },
				"east": { "uv": [ 0.96, 8.96, 3.04, 11.04 ], "texture": "#texture" }
			}
		},
		{
			"__comment": "Voxels-FFF9DA",
			"from": [ 0, 2.5, 10.5 ],
			"to": [ 2.5, 3, 11 ],
			"faces": {
				"down": { "uv": [ 0.96, 8.96, 3.04, 11.04 ], "texture": "#texture" },
				"up": { "uv": [ 0.96, 8.96, 3.04, 11.04 ], "texture": "#texture" },
				"north": { "uv": [ 0.96, 8.96, 3.04, 11.04 ], "texture": "#texture" },
				"south": { "uv": [ 0.96, 8.96, 3.04, 11.04 ], "texture": "#texture" },
				"west": { "uv": [ 0.96, 8.96, 3.04, 11.04 ], "texture": "#texture" },
				"east": { "uv": [ 0.96, 8.96, 3.04, 11.04 ], "texture": "#texture" }
			}
		},
		{
			"__comment": "Voxels-FFF9DA",
			"from": [ 0.5, 0, 5.5 ],
			"to": [ 1, 0.5, 9.5 ],
			"faces": {
				"down": { "uv": [ 0.96, 8.96, 3.04, 11.04 ], "texture": "#texture" },
				"up": { "uv": [ 0.96, 8.96, 3.04, 11.04 ], "texture": "#texture" },
				"north": { "uv": [ 0.96, 8.96, 3.04, 11.04 ], "texture": "#texture" },
				"south": { "uv": [ 0.96, 8.96, 3.04, 11.04 ], "texture": "#texture" },
				"west": { "uv": [ 0.96, 8.96, 3.04, 11.04 ], "texture": "#texture" },
				"east": { "uv": [ 0.96, 8.96, 3.04, 11.04 ], "texture": "#texture" }
			}
		},
		{
			"__comment": "Voxels-FFF9DA",
			"from": [ 0.5, 0.5, 5 ],
			"to": [ 1, 1.5, 5.5 ],
			"faces": {
				"down": { "uv": [ 0.96, 8.96, 3.04, 11.04 ], "texture": "#texture" },
				"up": { "uv": [ 0.96, 8.96, 3.04, 11.04 ], "texture": "#texture" },
				"north": { "uv": [ 0.96, 8.96, 3.04, 11.04 ], "texture": "#texture" },
				"south": { "uv": [ 0.96, 8.96, 3.04, 11.04 ], "texture": "#texture" },
				"west": { "uv": [ 0.96, 8.96, 3.04, 11.04 ], "texture": "#texture" },
				"east": { "uv": [ 0.96, 8.96, 3.04, 11.04 ], "texture": "#texture" }
			}
		},
		{
			"__comment": "Voxels-FFF9DA",
			"from": [ 0.5, 1, 4.5 ],
			"to": [ 1, 2.5, 5 ],
			"faces": {
				"down": { "uv": [ 0.96, 8.96, 3.04, 11.04 ], "texture": "#texture" },
				"up": { "uv": [ 0.96, 8.96, 3.04, 11.04 ], "texture": "#texture" },
				"north": { "uv": [ 0.96, 8.96, 3.04, 11.04 ], "texture": "#texture" },
				"south": { "uv": [ 0.96, 8.96, 3.04, 11.04 ], "texture": "#texture" },
				"west": { "uv": [ 0.96, 8.96, 3.04, 11.04 ], "texture": "#texture" },
				"east": { "uv": [ 0.96, 8.96, 3.04, 11.04 ], "texture": "#texture" }
			}
		},
		{
			"__comment": "Voxels-FFF9DA",
			"from": [ 0.5, 2, 5 ],
			"to": [ 1.5, 3, 5.5 ],
			"faces": {
				"down": { "uv": [ 0.96, 8.96, 3.04, 11.04 ], "texture": "#texture" },
				"up": { "uv": [ 0.96, 8.96, 3.04, 11.04 ], "texture": "#texture" },
				"north": { "uv": [ 0.96, 8.96, 3.04, 11.04 ], "texture": "#texture" },
				"south": { "uv": [ 0.96, 8.96, 3.04, 11.04 ], "texture": "#texture" },
				"west": { "uv": [ 0.96, 8.96, 3.04, 11.04 ], "texture": "#texture" },
				"east": { "uv": [ 0.96, 8.96, 3.04, 11.04 ], "texture": "#texture" }
			}
		},
		{
			"__comment": "Voxels-FFF9DA",
			"from": [ 0.5, 2, 6.5 ],
			"to": [ 2, 3.5, 9 ],
			"faces": {
				"down": { "uv": [ 0.96, 8.96, 3.04, 11.04 ], "texture": "#texture" },
				"up": { "uv": [ 0.96, 8.96, 3.04, 11.04 ], "texture": "#texture" },
				"north": { "uv": [ 0.96, 8.96, 3.04, 11.04 ], "texture": "#texture" },
				"south": { "uv": [ 0.96, 8.96, 3.04, 11.04 ], "texture": "#texture" },
				"west": { "uv": [ 0.96, 8.96, 3.04, 11.04 ], "texture": "#texture" },
				"east": { "uv": [ 0.96, 8.96, 3.04, 11.04 ], "texture": "#texture" }
			}
		},
		{
			"__comment": "Voxels-FFF9DA",
			"from": [ 0.5, 2.5, 5.5 ],
			"to": [ 2, 3.5, 6.5 ],
			"faces": {
				"down": { "uv": [ 0.96, 8.96, 3.04, 11.04 ], "texture": "#texture" },
				"up": { "uv": [ 0.96, 8.96, 3.04, 11.04 ], "texture": "#texture" },
				"north": { "uv": [ 0.96, 8.96, 3.04, 11.04 ], "texture": "#texture" },
				"south": { "uv": [ 0.96, 8.96, 3.04, 11.04 ], "texture": "#texture" },
				"west": { "uv": [ 0.96, 8.96, 3.04, 11.04 ], "texture": "#texture" },
				"east": { "uv": [ 0.96, 8.96, 3.04, 11.04 ], "texture": "#texture" }
			}
		},
		{
			"__comment": "Voxels-FFF9DA",
			"from": [ 0.5, 2.5, 9 ],
			"to": [ 2.5, 3.5, 9.5 ],
			"faces": {
				"down": { "uv": [ 0.96, 8.96, 3.04, 11.04 ], "texture": "#texture" },
				"up": { "uv": [ 0.96, 8.96, 3.04, 11.04 ], "texture": "#texture" },
				"north": { "uv": [ 0.96, 8.96, 3.04, 11.04 ], "texture": "#texture" },
				"south": { "uv": [ 0.96, 8.96, 3.04, 11.04 ], "texture": "#texture" },
				"west": { "uv": [ 0.96, 8.96, 3.04, 11.04 ], "texture": "#texture" },
				"east": { "uv": [ 0.96, 8.96, 3.04, 11.04 ], "texture": "#texture" }
			}
		},
		{
			"__comment": "Voxels-FFF9DA",
			"from": [ 0.5, 3, 9.5 ],
			"to": [ 16, 3.5, 11 ],
			"faces": {
				"down": { "uv": [ 0.96, 8.96, 3.04, 11.04 ], "texture": "#texture" },
				"up": { "uv": [ 0.96, 8.96, 3.04, 11.04 ], "texture": "#texture" },
				"north": { "uv": [ 0.96, 8.96, 3.04, 11.04 ], "texture": "#texture" },
				"south": { "uv": [ 0.96, 8.96, 3.04, 11.04 ], "texture": "#texture" },
				"west": { "uv": [ 0.96, 8.96, 3.04, 11.04 ], "texture": "#texture" },
				"east": { "uv": [ 0.96, 8.96, 3.04, 11.04 ], "texture": "#texture" }
			}
		},
		{
			"__comment": "Voxels-FFF9DA",
			"from": [ 0.5, 3.5, 10.5 ],
			"to": [ 15.5, 4, 11 ],
			"faces": {
				"down": { "uv": [ 0.96, 8.96, 3.04, 11.04 ], "texture": "#texture" },
				"up": { "uv": [ 0.96, 8.96, 3.04, 11.04 ], "texture": "#texture" },
				"north": { "uv": [ 0.96, 8.96, 3.04, 11.04 ], "texture": "#texture" },
				"south": { "uv": [ 0.96, 8.96, 3.04, 11.04 ], "texture": "#texture" },
				"west": { "uv": [ 0.96, 8.96, 3.04, 11.04 ], "texture": "#texture" },
				"east": { "uv": [ 0.96, 8.96, 3.04, 11.04 ], "texture": "#texture" }
			}
		},
		{
			"__comment": "Voxels-FFF9DA",
			"from": [ 1, 0, 6.5 ],
			"to": [ 1.5, 0.5, 10 ],
			"faces": {
				"down": { "uv": [ 0.96, 8.96, 3.04, 11.04 ], "texture": "#texture" },
				"up": { "uv": [ 0.96, 8.96, 3.04, 11.04 ], "texture": "#texture" },
				"north": { "uv": [ 0.96, 8.96, 3.04, 11.04 ], "texture": "#texture" },
				"south": { "uv": [ 0.96, 8.96, 3.04, 11.04 ], "texture": "#texture" },
				"west": { "uv": [ 0.96, 8.96, 3.04, 11.04 ], "texture": "#texture" },
				"east": { "uv": [ 0.96, 8.96, 3.04, 11.04 ], "texture": "#texture" }
			}
		},
		{
			"__comment": "Voxels-FFF9DA",
			"from": [ 1, 0.5, 6 ],
			"to": [ 1.5, 2.5, 6.5 ],
			"faces": {
				"down": { "uv": [ 0.96, 8.96, 3.04, 11.04 ], "texture": "#texture" },
				"up": { "uv": [ 0.96, 8.96, 3.04, 11.04 ], "texture": "#texture" },
				"north": { "uv": [ 0.96, 8.96, 3.04, 11.04 ], "texture": "#texture" },
				"south": { "uv": [ 0.96, 8.96, 3.04, 11.04 ], "texture": "#texture" },
				"west": { "uv": [ 0.96, 8.96, 3.04, 11.04 ], "texture": "#texture" },
				"east": { "uv": [ 0.96, 8.96, 3.04, 11.04 ], "texture": "#texture" }
			}
		},
		{
			"__comment": "Voxels-FFF9DA",
			"from": [ 1, 0.5, 10 ],
			"to": [ 1.5, 1.5, 11 ],
			"faces": {
				"down": { "uv": [ 0.96, 8.96, 3.04, 11.04 ], "texture": "#texture" },
				"up": { "uv": [ 0.96, 8.96, 3.04, 11.04 ], "texture": "#texture" },
				"north": { "uv": [ 0.96, 8.96, 3.04, 11.04 ], "texture": "#texture" },
				"south": { "uv": [ 0.96, 8.96, 3.04, 11.04 ], "texture": "#texture" },
				"west": { "uv": [ 0.96, 8.96, 3.04, 11.04 ], "texture": "#texture" },
				"east": { "uv": [ 0.96, 8.96, 3.04, 11.04 ], "texture": "#texture" }
			}
		},
		{
			"__comment": "Voxels-FFF9DA",
			"from": [ 1, 1, 5.5 ],
			"to": [ 1.5, 2.5, 6 ],
			"faces": {
				"down": { "uv": [ 0.96, 8.96, 3.04, 11.04 ], "texture": "#texture" },
				"up": { "uv": [ 0.96, 8.96, 3.04, 11.04 ], "texture": "#texture" },
				"north": { "uv": [ 0.96, 8.96, 3.04, 11.04 ], "texture": "#texture" },
				"south": { "uv": [ 0.96, 8.96, 3.04, 11.04 ], "texture": "#texture" },
				"west": { "uv": [ 0.96, 8.96, 3.04, 11.04 ], "texture": "#texture" },
				"east": { "uv": [ 0.96, 8.96, 3.04, 11.04 ], "texture": "#texture" }
			}
		},
		{
			"__comment": "Voxels-FFF9DA",
			"from": [ 1, 1, 11 ],
			"to": [ 1.5, 4, 11.5 ],
			"faces": {
				"down": { "uv": [ 0.96, 8.96, 3.04, 11.04 ], "texture": "#texture" },
				"up": { "uv": [ 0.96, 8.96, 3.04, 11.04 ], "texture": "#texture" },
				"north": { "uv": [ 0.96, 8.96, 3.04, 11.04 ], "texture": "#texture" },
				"south": { "uv": [ 0.96, 8.96, 3.04, 11.04 ], "texture": "#texture" },
				"west": { "uv": [ 0.96, 8.96, 3.04, 11.04 ], "texture": "#texture" },
				"east": { "uv": [ 0.96, 8.96, 3.04, 11.04 ], "texture": "#texture" }
			}
		},
		{
			"__comment": "Voxels-FFF9DA",
			"from": [ 1, 1.5, 4 ],
			"to": [ 1.5, 3, 4.5 ],
			"faces": {
				"down": { "uv": [ 0.96, 8.96, 3.04, 11.04 ], "texture": "#texture" },
				"up": { "uv": [ 0.96, 8.96, 3.04, 11.04 ], "texture": "#texture" },
				"north": { "uv": [ 0.96, 8.96, 3.04, 11.04 ], "texture": "#texture" },
				"south": { "uv": [ 0.96, 8.96, 3.04, 11.04 ], "texture": "#texture" },
				"west": { "uv": [ 0.96, 8.96, 3.04, 11.04 ], "texture": "#texture" },
				"east": { "uv": [ 0.96, 8.96, 3.04, 11.04 ], "texture": "#texture" }
			}
		},
		{
			"__comment": "Voxels-FFF9DA",
			"from": [ 1, 1.5, 10.5 ],
			"to": [ 1.5, 2.5, 11 ],
			"faces": {
				"down": { "uv": [ 0.96, 8.96, 3.04, 11.04 ], "texture": "#texture" },
				"up": { "uv": [ 0.96, 8.96, 3.04, 11.04 ], "texture": "#texture" },
				"north": { "uv": [ 0.96, 8.96, 3.04, 11.04 ], "texture": "#texture" },
				"south": { "uv": [ 0.96, 8.96, 3.04, 11.04 ], "texture": "#texture" },
				"west": { "uv": [ 0.96, 8.96, 3.04, 11.04 ], "texture": "#texture" },
				"east": { "uv": [ 0.96, 8.96, 3.04, 11.04 ], "texture": "#texture" }
			}
		},
		{
			"__comment": "Voxels-FFF9DA",
			"from": [ 1, 1.5, 11.5 ],
			"to": [ 1.5, 4, 12 ],
			"faces": {
				"down": { "uv": [ 0.96, 8.96, 3.04, 11.04 ], "texture": "#texture" },
				"up": { "uv": [ 0.96, 8.96, 3.04, 11.04 ], "texture": "#texture" },
				"north": { "uv": [ 0.96, 8.96, 3.04, 11.04 ], "texture": "#texture" },
				"south": { "uv": [ 0.96, 8.96, 3.04, 11.04 ], "texture": "#texture" },
				"west": { "uv": [ 0.96, 8.96, 3.04, 11.04 ], "texture": "#texture" },
				"east": { "uv": [ 0.96, 8.96, 3.04, 11.04 ], "texture": "#texture" }
			}
		},
		{
			"__comment": "Voxels-FFF9DA",
			"from": [ 1, 2.5, 4.5 ],
			"to": [ 2, 3.5, 5 ],
			"faces": {
				"down": { "uv": [ 0.96, 8.96, 3.04, 11.04 ], "texture": "#texture" },
				"up": { "uv": [ 0.96, 8.96, 3.04, 11.04 ], "texture": "#texture" },
				"north": { "uv": [ 0.96, 8.96, 3.04, 11.04 ], "texture": "#texture" },
				"south": { "uv": [ 0.96, 8.96, 3.04, 11.04 ], "texture": "#texture" },
				"west": { "uv": [ 0.96, 8.96, 3.04, 11.04 ], "texture": "#texture" },
				"east": { "uv": [ 0.96, 8.96, 3.04, 11.04 ], "texture": "#texture" }
			}
		},
		{
			"__comment": "Voxels-FFF9DA",
			"from": [ 1, 2.5, 12 ],
			"to": [ 2, 3.5, 12.5 ],
			"faces": {
				"down": { "uv": [ 0.96, 8.96, 3.04, 11.04 ], "texture": "#texture" },
				"up": { "uv": [ 0.96, 8.96, 3.04, 11.04 ], "texture": "#texture" },
				"north": { "uv": [ 0.96, 8.96, 3.04, 11.04 ], "texture": "#texture" },
				"south": { "uv": [ 0.96, 8.96, 3.04, 11.04 ], "texture": "#texture" },
				"west": { "uv": [ 0.96, 8.96, 3.04, 11.04 ], "texture": "#texture" },
				"east": { "uv": [ 0.96, 8.96, 3.04, 11.04 ], "texture": "#texture" }
			}
		},
		{
			"__comment": "Voxels-FFF9DA",
			"from": [ 1, 3, 5 ],
			"to": [ 2.5, 3.5, 5.5 ],
			"faces": {
				"down": { "uv": [ 0.96, 8.96, 3.04, 11.04 ], "texture": "#texture" },
				"up": { "uv": [ 0.96, 8.96, 3.04, 11.04 ], "texture": "#texture" },
				"north": { "uv": [ 0.96, 8.96, 3.04, 11.04 ], "texture": "#texture" },
				"south": { "uv": [ 0.96, 8.96, 3.04, 11.04 ], "texture": "#texture" },
				"west": { "uv": [ 0.96, 8.96, 3.04, 11.04 ], "texture": "#texture" },
				"east": { "uv": [ 0.96, 8.96, 3.04, 11.04 ], "texture": "#texture" }
			}
		},
		{
			"__comment": "Voxels-FFF9DA",
			"from": [ 1, 3.5, 6 ],
			"to": [ 15, 4, 9.5 ],
			"faces": {
				"down": { "uv": [ 0.96, 8.96, 3.04, 11.04 ], "texture": "#texture" },
				"up": { "uv": [ 0.96, 8.96, 3.04, 11.04 ], "texture": "#texture" },
				"north": { "uv": [ 0.96, 8.96, 3.04, 11.04 ], "texture": "#texture" },
				"south": { "uv": [ 0.96, 8.96, 3.04, 11.04 ], "texture": "#texture" },
				"west": { "uv": [ 0.96, 8.96, 3.04, 11.04 ], "texture": "#texture" },
				"east": { "uv": [ 0.96, 8.96, 3.04, 11.04 ], "texture": "#texture" }
			}
		},
		{
			"__comment": "Voxels-FFF9DA",
			"from": [ 1, 3.5, 9.5 ],
			"to": [ 7, 4, 10.5 ],
			"faces": {
				"down": { "uv": [ 0.96, 8.96, 3.04, 11.04 ], "texture": "#texture" },
				"up": { "uv": [ 0.96, 8.96, 3.04, 11.04 ], "texture": "#texture" },
				"north": { "uv": [ 0.96, 8.96, 3.04, 11.04 ], "texture": "#texture" },
				"south": { "uv": [ 0.96, 8.96, 3.04, 11.04 ], "texture": "#texture" },
				"west": { "uv": [ 0.96, 8.96, 3.04, 11.04 ], "texture": "#texture" },
				"east": { "uv": [ 0.96, 8.96, 3.04, 11.04 ], "texture": "#texture" }
			}
		},
		{
			"__comment": "Voxels-FFF9DA",
			"from": [ 1.5, 1.5, 3 ],
			"to": [ 2, 2, 3.5 ],
			"faces": {
				"down": { "uv": [ 0.96, 8.96, 3.04, 11.04 ], "texture": "#texture" },
				"up": { "uv": [ 0.96, 8.96, 3.04, 11.04 ], "texture": "#texture" },
				"north": { "uv": [ 0.96, 8.96, 3.04, 11.04 ], "texture": "#texture" },
				"south": { "uv": [ 0.96, 8.96, 3.04, 11.04 ], "texture": "#texture" },
				"west": { "uv": [ 0.96, 8.96, 3.04, 11.04 ], "texture": "#texture" },
				"east": { "uv": [ 0.96, 8.96, 3.04, 11.04 ], "texture": "#texture" }
			}
		},
		{
			"__comment": "Voxels-FFF9DA",
			"from": [ 1.5, 1.5, 7 ],
			"to": [ 2, 2, 10 ],
			"faces": {
				"down": { "uv": [ 0.96, 8.96, 3.04, 11.04 ], "texture": "#texture" },
				"up": { "uv": [ 0.96, 8.96, 3.04, 11.04 ], "texture": "#texture" },
				"north": { "uv": [ 0.96, 8.96, 3.04, 11.04 ], "texture": "#texture" },
				"south": { "uv": [ 0.96, 8.96, 3.04, 11.04 ], "texture": "#texture" },
				"west": { "uv": [ 0.96, 8.96, 3.04, 11.04 ], "texture": "#texture" },
				"east": { "uv": [ 0.96, 8.96, 3.04, 11.04 ], "texture": "#texture" }
			}
		},
		{
			"__comment": "Voxels-FFF9DA",
			"from": [ 1.5, 2, 3.5 ],
			"to": [ 2, 3.5, 4 ],
			"faces": {
				"down": { "uv": [ 0.96, 8.96, 3.04, 11.04 ], "texture": "#texture" },
				"up": { "uv": [ 0.96, 8.96, 3.04, 11.04 ], "texture": "#texture" },
				"north": { "uv": [ 0.96, 8.96, 3.04, 11.04 ], "texture": "#texture" },
				"south": { "uv": [ 0.96, 8.96, 3.04, 11.04 ], "texture": "#texture" },
				"west": { "uv": [ 0.96, 8.96, 3.04, 11.04 ], "texture": "#texture" },
				"east": { "uv": [ 0.96, 8.96, 3.04, 11.04 ], "texture": "#texture" }
			}
		},
		{
			"__comment": "Voxels-FFF9DA",
			"from": [ 1.5, 2, 5.5 ],
			"to": [ 2, 2.5, 6.5 ],
			"faces": {
				"down": { "uv": [ 0.96, 8.96, 3.04, 11.04 ], "texture": "#texture" },
				"up": { "uv": [ 0.96, 8.96, 3.04, 11.04 ], "texture": "#texture" },
				"north": { "uv": [ 0.96, 8.96, 3.04, 11.04 ], "texture": "#texture" },
				"south": { "uv": [ 0.96, 8.96, 3.04, 11.04 ], "texture": "#texture" },
				"west": { "uv": [ 0.96, 8.96, 3.04, 11.04 ], "texture": "#texture" },
				"east": { "uv": [ 0.96, 8.96, 3.04, 11.04 ], "texture": "#texture" }
			}
		},
		{
			"__comment": "Voxels-FFF9DA",
			"from": [ 1.5, 2, 10 ],
			"to": [ 2, 3, 10.5 ],
			"faces": {
				"down": { "uv": [ 0.96, 8.96, 3.04, 11.04 ], "texture": "#texture" },
				"up": { "uv": [ 0.96, 8.96, 3.04, 11.04 ], "texture": "#texture" },
				"north": { "uv": [ 0.96, 8.96, 3.04, 11.04 ], "texture": "#texture" },
				"south": { "uv": [ 0.96, 8.96, 3.04, 11.04 ], "texture": "#texture" },
				"west": { "uv": [ 0.96, 8.96, 3.04, 11.04 ], "texture": "#texture" },
				"east": { "uv": [ 0.96, 8.96, 3.04, 11.04 ], "texture": "#texture" }
			}
		},
		{
			"__comment": "Voxels-FFF9DA",
			"from": [ 1.5, 2, 10.5 ],
			"to": [ 2, 2.5, 11 ],
			"faces": {
				"down": { "uv": [ 0.96, 8.96, 3.04, 11.04 ], "texture": "#texture" },
				"up": { "uv": [ 0.96, 8.96, 3.04, 11.04 ], "texture": "#texture" },
				"north": { "uv": [ 0.96, 8.96, 3.04, 11.04 ], "texture": "#texture" },
				"south": { "uv": [ 0.96, 8.96, 3.04, 11.04 ], "texture": "#texture" },
				"west": { "uv": [ 0.96, 8.96, 3.04, 11.04 ], "texture": "#texture" },
				"east": { "uv": [ 0.96, 8.96, 3.04, 11.04 ], "texture": "#texture" }
			}
		},
		{
			"__comment": "Voxels-FFF9DA",
			"from": [ 1.5, 2.5, 4 ],
			"to": [ 2, 3.5, 4.5 ],
			"faces": {
				"down": { "uv": [ 0.96, 8.96, 3.04, 11.04 ], "texture": "#texture" },
				"up": { "uv": [ 0.96, 8.96, 3.04, 11.04 ], "texture": "#texture" },
				"north": { "uv": [ 0.96, 8.96, 3.04, 11.04 ], "texture": "#texture" },
				"south": { "uv": [ 0.96, 8.96, 3.04, 11.04 ], "texture": "#texture" },
				"west": { "uv": [ 0.96, 8.96, 3.04, 11.04 ], "texture": "#texture" },
				"east": { "uv": [ 0.96, 8.96, 3.04, 11.04 ], "texture": "#texture" }
			}
		},
		{
			"__comment": "Voxels-FFF9DA",
			"from": [ 1.5, 2.5, 5 ],
			"to": [ 2, 3, 5.5 ],
			"faces": {
				"down": { "uv": [ 0.96, 8.96, 3.04, 11.04 ], "texture": "#texture" },
				"up": { "uv": [ 0.96, 8.96, 3.04, 11.04 ], "texture": "#texture" },
				"north": { "uv": [ 0.96, 8.96, 3.04, 11.04 ], "texture": "#texture" },
				"south": { "uv": [ 0.96, 8.96, 3.04, 11.04 ], "texture": "#texture" },
				"west": { "uv": [ 0.96, 8.96, 3.04, 11.04 ], "texture": "#texture" },
				"east": { "uv": [ 0.96, 8.96, 3.04, 11.04 ], "texture": "#texture" }
			}
		},
		{
			"__comment": "Voxels-FFF9DA",
			"from": [ 1.5, 2.5, 11 ],
			"to": [ 2, 4, 12 ],
			"faces": {
				"down": { "uv": [ 0.96, 8.96, 3.04, 11.04 ], "texture": "#texture" },
				"up": { "uv": [ 0.96, 8.96, 3.04, 11.04 ], "texture": "#texture" },
				"north": { "uv": [ 0.96, 8.96, 3.04, 11.04 ], "texture": "#texture" },
				"south": { "uv": [ 0.96, 8.96, 3.04, 11.04 ], "texture": "#texture" },
				"west": { "uv": [ 0.96, 8.96, 3.04, 11.04 ], "texture": "#texture" },
				"east": { "uv": [ 0.96, 8.96, 3.04, 11.04 ], "texture": "#texture" }
			}
		},
		{
			"__comment": "Voxels-FFF9DA",
			"from": [ 1.5, 3, 12.5 ],
			"to": [ 15.5, 3.5, 13 ],
			"faces": {
				"down": { "uv": [ 0.96, 8.96, 3.04, 11.04 ], "texture": "#texture" },
				"up": { "uv": [ 0.96, 8.96, 3.04, 11.04 ], "texture": "#texture" },
				"north": { "uv": [ 0.96, 8.96, 3.04, 11.04 ], "texture": "#texture" },
				"south": { "uv": [ 0.96, 8.96, 3.04, 11.04 ], "texture": "#texture" },
				"west": { "uv": [ 0.96, 8.96, 3.04, 11.04 ], "texture": "#texture" },
				"east": { "uv": [ 0.96, 8.96, 3.04, 11.04 ], "texture": "#texture" }
			}
		},
		{
			"__comment": "Voxels-FFF9DA",
			"from": [ 1.5, 3, 13 ],
			"to": [ 15, 3.5, 13.5 ],
			"faces": {
				"down": { "uv": [ 0.96, 8.96, 3.04, 11.04 ], "texture": "#texture" },
				"up": { "uv": [ 0.96, 8.96, 3.04, 11.04 ], "texture": "#texture" },
				"north": { "uv": [ 0.96, 8.96, 3.04, 11.04 ], "texture": "#texture" },
				"south": { "uv": [ 0.96, 8.96, 3.04, 11.04 ], "texture": "#texture" },
				"west": { "uv": [ 0.96, 8.96, 3.04, 11.04 ], "texture": "#texture" },
				"east": { "uv": [ 0.96, 8.96, 3.04, 11.04 ], "texture": "#texture" }
			}
		},
		{
			"__comment": "Voxels-FFF9DA",
			"from": [ 1.5, 3.5, 4.5 ],
			"to": [ 14, 4, 5.5 ],
			"faces": {
				"down": { "uv": [ 0.96, 8.96, 3.04, 11.04 ], "texture": "#texture" },
				"up": { "uv": [ 0.96, 8.96, 3.04, 11.04 ], "texture": "#texture" },
				"north": { "uv": [ 0.96, 8.96, 3.04, 11.04 ], "texture": "#texture" },
				"south": { "uv": [ 0.96, 8.96, 3.04, 11.04 ], "texture": "#texture" },
				"west": { "uv": [ 0.96, 8.96, 3.04, 11.04 ], "texture": "#texture" },
				"east": { "uv": [ 0.96, 8.96, 3.04, 11.04 ], "texture": "#texture" }
			}
		},
		{
			"__comment": "Voxels-FFF9DA",
			"from": [ 1.5, 3.5, 5.5 ],
			"to": [ 7, 4, 6 ],
			"faces": {
				"down": { "uv": [ 0.96, 8.96, 3.04, 11.04 ], "texture": "#texture" },
				"up": { "uv": [ 0.96, 8.96, 3.04, 11.04 ], "texture": "#texture" },
				"north": { "uv": [ 0.96, 8.96, 3.04, 11.04 ], "texture": "#texture" },
				"south": { "uv": [ 0.96, 8.96, 3.04, 11.04 ], "texture": "#texture" },
				"west": { "uv": [ 0.96, 8.96, 3.04, 11.04 ], "texture": "#texture" },
				"east": { "uv": [ 0.96, 8.96, 3.04, 11.04 ], "texture": "#texture" }
			}
		},
		{
			"__comment": "Voxels-FFF9DA",
			"from": [ 1.5, 3.5, 12 ],
			"to": [ 15, 4, 12.5 ],
			"faces": {
				"down": { "uv": [ 0.96, 8.96, 3.04, 11.04 ], "texture": "#texture" },
				"up": { "uv": [ 0.96, 8.96, 3.04, 11.04 ], "texture": "#texture" },
				"north": { "uv": [ 0.96, 8.96, 3.04, 11.04 ], "texture": "#texture" },
				"south": { "uv": [ 0.96, 8.96, 3.04, 11.04 ], "texture": "#texture" },
				"west": { "uv": [ 0.96, 8.96, 3.04, 11.04 ], "texture": "#texture" },
				"east": { "uv": [ 0.96, 8.96, 3.04, 11.04 ], "texture": "#texture" }
			}
		},
		{
			"__comment": "Voxels-FFF9DA",
			"from": [ 1.5, 4, 7.5 ],
			"to": [ 5.5, 4.5, 9 ],
			"faces": {
				"down": { "uv": [ 0.96, 8.96, 3.04, 11.04 ], "texture": "#texture" },
				"up": { "uv": [ 0.96, 8.96, 3.04, 11.04 ], "texture": "#texture" },
				"north": { "uv": [ 0.96, 8.96, 3.04, 11.04 ], "texture": "#texture" },
				"south": { "uv": [ 0.96, 8.96, 3.04, 11.04 ], "texture": "#texture" },
				"west": { "uv": [ 0.96, 8.96, 3.04, 11.04 ], "texture": "#texture" },
				"east": { "uv": [ 0.96, 8.96, 3.04, 11.04 ], "texture": "#texture" }
			}
		},
		{
			"__comment": "Voxels-FFF9DA",
			"from": [ 1.5, 4, 9 ],
			"to": [ 5, 4.5, 9.5 ],
			"faces": {
				"down": { "uv": [ 0.96, 8.96, 3.04, 11.04 ], "texture": "#texture" },
				"up": { "uv": [ 0.96, 8.96, 3.04, 11.04 ], "texture": "#texture" },
				"north": { "uv": [ 0.96, 8.96, 3.04, 11.04 ], "texture": "#texture" },
				"south": { "uv": [ 0.96, 8.96, 3.04, 11.04 ], "texture": "#texture" },
				"west": { "uv": [ 0.96, 8.96, 3.04, 11.04 ], "texture": "#texture" },
				"east": { "uv": [ 0.96, 8.96, 3.04, 11.04 ], "texture": "#texture" }
			}
		},
		{
			"__comment": "Voxels-FFF9DA",
			"from": [ 2, 2.5, 3 ],
			"to": [ 2.5, 3.5, 3.5 ],
			"faces": {
				"down": { "uv": [ 0.96, 8.96, 3.04, 11.04 ], "texture": "#texture" },
				"up": { "uv": [ 0.96, 8.96, 3.04, 11.04 ], "texture": "#texture" },
				"north": { "uv": [ 0.96, 8.96, 3.04, 11.04 ], "texture": "#texture" },
				"south": { "uv": [ 0.96, 8.96, 3.04, 11.04 ], "texture": "#texture" },
				"west": { "uv": [ 0.96, 8.96, 3.04, 11.04 ], "texture": "#texture" },
				"east": { "uv": [ 0.96, 8.96, 3.04, 11.04 ], "texture": "#texture" }
			}
		},
		{
			"__comment": "Voxels-FFF9DA",
			"from": [ 2, 2.5, 6 ],
			"to": [ 2.5, 3.5, 9 ],
			"faces": {
				"down": { "uv": [ 0.96, 8.96, 3.04, 11.04 ], "texture": "#texture" },
				"up": { "uv": [ 0.96, 8.96, 3.04, 11.04 ], "texture": "#texture" },
				"north": { "uv": [ 0.96, 8.96, 3.04, 11.04 ], "texture": "#texture" },
				"south": { "uv": [ 0.96, 8.96, 3.04, 11.04 ], "texture": "#texture" },
				"west": { "uv": [ 0.96, 8.96, 3.04, 11.04 ], "texture": "#texture" },
				"east": { "uv": [ 0.96, 8.96, 3.04, 11.04 ], "texture": "#texture" }
			}
		},
		{
			"__comment": "Voxels-FFF9DA",
			"from": [ 2, 2.5, 10 ],
			"to": [ 2.5, 3, 10.5 ],
			"faces": {
				"down": { "uv": [ 0.96, 8.96, 3.04, 11.04 ], "texture": "#texture" },
				"up": { "uv": [ 0.96, 8.96, 3.04, 11.04 ], "texture": "#texture" },
				"north": { "uv": [ 0.96, 8.96, 3.04, 11.04 ], "texture": "#texture" },
				"south": { "uv": [ 0.96, 8.96, 3.04, 11.04 ], "texture": "#texture" },
				"west": { "uv": [ 0.96, 8.96, 3.04, 11.04 ], "texture": "#texture" },
				"east": { "uv": [ 0.96, 8.96, 3.04, 11.04 ], "texture": "#texture" }
			}
		},
		{
			"__comment": "Voxels-FFF9DA",
			"from": [ 2, 3, 2.5 ],
			"to": [ 13, 3.5, 3 ],
			"faces": {
				"down": { "uv": [ 0.96, 8.96, 3.04, 11.04 ], "texture": "#texture" },
				"up": { "uv": [ 0.96, 8.96, 3.04, 11.04 ], "texture": "#texture" },
				"north": { "uv": [ 0.96, 8.96, 3.04, 11.04 ], "texture": "#texture" },
				"south": { "uv": [ 0.96, 8.96, 3.04, 11.04 ], "texture": "#texture" },
				"west": { "uv": [ 0.96, 8.96, 3.04, 11.04 ], "texture": "#texture" },
				"east": { "uv": [ 0.96, 8.96, 3.04, 11.04 ], "texture": "#texture" }
			}
		},
		{
			"__comment": "Voxels-FFF9DA",
			"from": [ 2, 3, 3.5 ],
			"to": [ 13.5, 3.5, 5 ],
			"faces": {
				"down": { "uv": [ 0.96, 8.96, 3.04, 11.04 ], "texture": "#texture" },
				"up": { "uv": [ 0.96, 8.96, 3.04, 11.04 ], "texture": "#texture" },
				"north": { "uv": [ 0.96, 8.96, 3.04, 11.04 ], "texture": "#texture" },
				"south": { "uv": [ 0.96, 8.96, 3.04, 11.04 ], "texture": "#texture" },
				"west": { "uv": [ 0.96, 8.96, 3.04, 11.04 ], "texture": "#texture" },
				"east": { "uv": [ 0.96, 8.96, 3.04, 11.04 ], "texture": "#texture" }
			}
		},
		{
			"__comment": "Voxels-FFF9DA",
			"from": [ 2, 3, 5.5 ],
			"to": [ 15.5, 3.5, 6 ],
			"faces": {
				"down": { "uv": [ 0.96, 8.96, 3.04, 11.04 ], "texture": "#texture" },
				"up": { "uv": [ 0.96, 8.96, 3.04, 11.04 ], "texture": "#texture" },
				"north": { "uv": [ 0.96, 8.96, 3.04, 11.04 ], "texture": "#texture" },
				"south": { "uv": [ 0.96, 8.96, 3.04, 11.04 ], "texture": "#texture" },
				"west": { "uv": [ 0.96, 8.96, 3.04, 11.04 ], "texture": "#texture" },
				"east": { "uv": [ 0.96, 8.96, 3.04, 11.04 ], "texture": "#texture" }
			}
		},
		{
			"__comment": "Voxels-FFF9DA",
			"from": [ 2, 3, 11 ],
			"to": [ 16, 3.5, 12 ],
			"faces": {
				"down": { "uv": [ 0.96, 8.96, 3.04, 11.04 ], "texture": "#texture" },
				"up": { "uv": [ 0.96, 8.96, 3.04, 11.04 ], "texture": "#texture" },
				"north": { "uv": [ 0.96, 8.96, 3.04, 11.04 ], "texture": "#texture" },
				"south": { "uv": [ 0.96, 8.96, 3.04, 11.04 ], "texture": "#texture" },
				"west": { "uv": [ 0.96, 8.96, 3.04, 11.04 ], "texture": "#texture" },
				"east": { "uv": [ 0.96, 8.96, 3.04, 11.04 ], "texture": "#texture" }
			}
		},
		{
			"__comment": "Voxels-FFF9DA",
			"from": [ 2, 3, 12 ],
			"to": [ 15.5, 3.5, 12.5 ],
			"faces": {
				"down": { "uv": [ 0.96, 8.96, 3.04, 11.04 ], "texture": "#texture" },
				"up": { "uv": [ 0.96, 8.96, 3.04, 11.04 ], "texture": "#texture" },
				"north": { "uv": [ 0.96, 8.96, 3.04, 11.04 ], "texture": "#texture" },
				"south": { "uv": [ 0.96, 8.96, 3.04, 11.04 ], "texture": "#texture" },
				"west": { "uv": [ 0.96, 8.96, 3.04, 11.04 ], "texture": "#texture" },
				"east": { "uv": [ 0.96, 8.96, 3.04, 11.04 ], "texture": "#texture" }
			}
		},
		{
			"__comment": "Voxels-FFF9DA",
			"from": [ 2, 3, 13.5 ],
			"to": [ 15, 3.5, 14 ],
			"faces": {
				"down": { "uv": [ 0.96, 8.96, 3.04, 11.04 ], "texture": "#texture" },
				"up": { "uv": [ 0.96, 8.96, 3.04, 11.04 ], "texture": "#texture" },
				"north": { "uv": [ 0.96, 8.96, 3.04, 11.04 ], "texture": "#texture" },
				"south": { "uv": [ 0.96, 8.96, 3.04, 11.04 ], "texture": "#texture" },
				"west": { "uv": [ 0.96, 8.96, 3.04, 11.04 ], "texture": "#texture" },
				"east": { "uv": [ 0.96, 8.96, 3.04, 11.04 ], "texture": "#texture" }
			}
		},
		{
			"__comment": "Voxels-FFF9DA",
			"from": [ 2, 3.5, 3.5 ],
			"to": [ 13, 4, 4.5 ],
			"faces": {
				"down": { "uv": [ 0.96, 8.96, 3.04, 11.04 ], "texture": "#texture" },
				"up": { "uv": [ 0.96, 8.96, 3.04, 11.04 ], "texture": "#texture" },
				"north": { "uv": [ 0.96, 8.96, 3.04, 11.04 ], "texture": "#texture" },
				"south": { "uv": [ 0.96, 8.96, 3.04, 11.04 ], "texture": "#texture" },
				"west": { "uv": [ 0.96, 8.96, 3.04, 11.04 ], "texture": "#texture" },
				"east": { "uv": [ 0.96, 8.96, 3.04, 11.04 ], "texture": "#texture" }
			}
		},
		{
			"__comment": "Voxels-FFF9DA",
			"from": [ 2, 3.5, 11 ],
			"to": [ 15.5, 4, 11.5 ],
			"faces": {
				"down": { "uv": [ 0.96, 8.96, 3.04, 11.04 ], "texture": "#texture" },
				"up": { "uv": [ 0.96, 8.96, 3.04, 11.04 ], "texture": "#texture" },
				"north": { "uv": [ 0.96, 8.96, 3.04, 11.04 ], "texture": "#texture" },
				"south": { "uv": [ 0.96, 8.96, 3.04, 11.04 ], "texture": "#texture" },
				"west": { "uv": [ 0.96, 8.96, 3.04, 11.04 ], "texture": "#texture" },
				"east": { "uv": [ 0.96, 8.96, 3.04, 11.04 ], "texture": "#texture" }
			}
		},
		{
			"__comment": "Voxels-FFF9DA",
			"from": [ 2, 3.5, 11.5 ],
			"to": [ 15, 4, 12 ],
			"faces": {
				"down": { "uv": [ 0.96, 8.96, 3.04, 11.04 ], "texture": "#texture" },
				"up": { "uv": [ 0.96, 8.96, 3.04, 11.04 ], "texture": "#texture" },
				"north": { "uv": [ 0.96, 8.96, 3.04, 11.04 ], "texture": "#texture" },
				"south": { "uv": [ 0.96, 8.96, 3.04, 11.04 ], "texture": "#texture" },
				"west": { "uv": [ 0.96, 8.96, 3.04, 11.04 ], "texture": "#texture" },
				"east": { "uv": [ 0.96, 8.96, 3.04, 11.04 ], "texture": "#texture" }
			}
		},
		{
			"__comment": "Voxels-FFF9DA",
			"from": [ 2, 4, 5.5 ],
			"to": [ 13, 4.5, 6 ],
			"faces": {
				"down": { "uv": [ 0.96, 8.96, 3.04, 11.04 ], "texture": "#texture" },
				"up": { "uv": [ 0.96, 8.96, 3.04, 11.04 ], "texture": "#texture" },
				"north": { "uv": [ 0.96, 8.96, 3.04, 11.04 ], "texture": "#texture" },
				"south": { "uv": [ 0.96, 8.96, 3.04, 11.04 ], "texture": "#texture" },
				"west": { "uv": [ 0.96, 8.96, 3.04, 11.04 ], "texture": "#texture" },
				"east": { "uv": [ 0.96, 8.96, 3.04, 11.04 ], "texture": "#texture" }
			}
		},
		{
			"__comment": "Voxels-FFF9DA",
			"from": [ 2, 4, 6 ],
			"to": [ 7, 4.5, 6.5 ],
			"faces": {
				"down": { "uv": [ 0.96, 8.96, 3.04, 11.04 ], "texture": "#texture" },
				"up": { "uv": [ 0.96, 8.96, 3.04, 11.04 ], "texture": "#texture" },
				"north": { "uv": [ 0.96, 8.96, 3.04, 11.04 ], "texture": "#texture" },
				"south": { "uv": [ 0.96, 8.96, 3.04, 11.04 ], "texture": "#texture" },
				"west": { "uv": [ 0.96, 8.96, 3.04, 11.04 ], "texture": "#texture" },
				"east": { "uv": [ 0.96, 8.96, 3.04, 11.04 ], "texture": "#texture" }
			}
		},
		{
			"__comment": "Voxels-FFF9DA",
			"from": [ 2, 4, 6.5 ],
			"to": [ 6, 4.5, 7.5 ],
			"faces": {
				"down": { "uv": [ 0.96, 8.96, 3.04, 11.04 ], "texture": "#texture" },
				"up": { "uv": [ 0.96, 8.96, 3.04, 11.04 ], "texture": "#texture" },
				"north": { "uv": [ 0.96, 8.96, 3.04, 11.04 ], "texture": "#texture" },
				"south": { "uv": [ 0.96, 8.96, 3.04, 11.04 ], "texture": "#texture" },
				"west": { "uv": [ 0.96, 8.96, 3.04, 11.04 ], "texture": "#texture" },
				"east": { "uv": [ 0.96, 8.96, 3.04, 11.04 ], "texture": "#texture" }
			}
		},
		{
			"__comment": "Voxels-FFF9DA",
			"from": [ 2, 4, 9.5 ],
			"to": [ 6, 4.5, 10 ],
			"faces": {
				"down": { "uv": [ 0.96, 8.96, 3.04, 11.04 ], "texture": "#texture" },
				"up": { "uv": [ 0.96, 8.96, 3.04, 11.04 ], "texture": "#texture" },
				"north": { "uv": [ 0.96, 8.96, 3.04, 11.04 ], "texture": "#texture" },
				"south": { "uv": [ 0.96, 8.96, 3.04, 11.04 ], "texture": "#texture" },
				"west": { "uv": [ 0.96, 8.96, 3.04, 11.04 ], "texture": "#texture" },
				"east": { "uv": [ 0.96, 8.96, 3.04, 11.04 ], "texture": "#texture" }
			}
		},
		{
			"__comment": "Voxels-FFF9DA",
			"from": [ 2.5, 3, 2 ],
			"to": [ 12.5, 3.5, 2.5 ],
			"faces": {
				"down": { "uv": [ 0.96, 8.96, 3.04, 11.04 ], "texture": "#texture" },
				"up": { "uv": [ 0.96, 8.96, 3.04, 11.04 ], "texture": "#texture" },
				"north": { "uv": [ 0.96, 8.96, 3.04, 11.04 ], "texture": "#texture" },
				"south": { "uv": [ 0.96, 8.96, 3.04, 11.04 ], "texture": "#texture" },
				"west": { "uv": [ 0.96, 8.96, 3.04, 11.04 ], "texture": "#texture" },
				"east": { "uv": [ 0.96, 8.96, 3.04, 11.04 ], "texture": "#texture" }
			}
		},
		{
			"__comment": "Voxels-FFF9DA",
			"from": [ 2.5, 3, 3 ],
			"to": [ 13.5, 3.5, 3.5 ],
			"faces": {
				"down": { "uv": [ 0.96, 8.96, 3.04, 11.04 ], "texture": "#texture" },
				"up": { "uv": [ 0.96, 8.96, 3.04, 11.04 ], "texture": "#texture" },
				"north": { "uv": [ 0.96, 8.96, 3.04, 11.04 ], "texture": "#texture" },
				"south": { "uv": [ 0.96, 8.96, 3.04, 11.04 ], "texture": "#texture" },
				"west": { "uv": [ 0.96, 8.96, 3.04, 11.04 ], "texture": "#texture" },
				"east": { "uv": [ 0.96, 8.96, 3.04, 11.04 ], "texture": "#texture" }
			}
		},
		{
			"__comment": "Voxels-FFF5C5",
			"from": [ 2.5, 3, 5 ],
			"to": [ 5, 3.5, 5.5 ],
			"faces": {
				"down": { "uv": [ 8.96, 0.96, 11.04, 3.04 ], "texture": "#texture" },
				"up": { "uv": [ 8.96, 0.96, 11.04, 3.04 ], "texture": "#texture" },
				"north": { "uv": [ 8.96, 0.96, 11.04, 3.04 ], "texture": "#texture" },
				"south": { "uv": [ 8.96, 0.96, 11.04, 3.04 ], "texture": "#texture" },
				"west": { "uv": [ 8.96, 0.96, 11.04, 3.04 ], "texture": "#texture" },
				"east": { "uv": [ 8.96, 0.96, 11.04, 3.04 ], "texture": "#texture" }
			}
		},
		{
			"__comment": "Voxels-FFF9DA",
			"from": [ 2.5, 3, 6 ],
			"to": [ 15.5, 3.5, 9.5 ],
			"faces": {
				"down": { "uv": [ 0.96, 8.96, 3.04, 11.04 ], "texture": "#texture" },
				"up": { "uv": [ 0.96, 8.96, 3.04, 11.04 ], "texture": "#texture" },
				"north": { "uv": [ 0.96, 8.96, 3.04, 11.04 ], "texture": "#texture" },
				"south": { "uv": [ 0.96, 8.96, 3.04, 11.04 ], "texture": "#texture" },
				"west": { "uv": [ 0.96, 8.96, 3.04, 11.04 ], "texture": "#texture" },
				"east": { "uv": [ 0.96, 8.96, 3.04, 11.04 ], "texture": "#texture" }
			}
		},
		{
			"__comment": "Voxels-FFF9DA",
			"from": [ 2.5, 3.5, 2.5 ],
			"to": [ 12, 4, 3.5 ],
			"faces": {
				"down": { "uv": [ 0.96, 8.96, 3.04, 11.04 ], "texture": "#texture" },
				"up": { "uv": [ 0.96, 8.96, 3.04, 11.04 ], "texture": "#texture" },
				"north": { "uv": [ 0.96, 8.96, 3.04, 11.04 ], "texture": "#texture" },
				"south": { "uv": [ 0.96, 8.96, 3.04, 11.04 ], "texture": "#texture" },
				"west": { "uv": [ 0.96, 8.96, 3.04, 11.04 ], "texture": "#texture" },
				"east": { "uv": [ 0.96, 8.96, 3.04, 11.04 ], "texture": "#texture" }
			}
		},
		{
			"__comment": "Voxels-FFF9DA",
			"from": [ 2.5, 3.5, 12.5 ],
			"to": [ 15, 4, 13 ],
			"faces": {
				"down": { "uv": [ 0.96, 8.96, 3.04, 11.04 ], "texture": "#texture" },
				"up": { "uv": [ 0.96, 8.96, 3.04, 11.04 ], "texture": "#texture" },
				"north": { "uv": [ 0.96, 8.96, 3.04, 11.04 ], "texture": "#texture" },
				"south": { "uv": [ 0.96, 8.96, 3.04, 11.04 ], "texture": "#texture" },
				"west": { "uv": [ 0.96, 8.96, 3.04, 11.04 ], "texture": "#texture" },
				"east": { "uv": [ 0.96, 8.96, 3.04, 11.04 ], "texture": "#texture" }
			}
		},
		{
			"__comment": "Voxels-FFF9DA",
			"from": [ 2.5, 4, 5 ],
			"to": [ 12.5, 4.5, 5.5 ],
			"faces": {
				"down": { "uv": [ 0.96, 8.96, 3.04, 11.04 ], "texture": "#texture" },
				"up": { "uv": [ 0.96, 8.96, 3.04, 11.04 ], "texture": "#texture" },
				"north": { "uv": [ 0.96, 8.96, 3.04, 11.04 ], "texture": "#texture" },
				"south": { "uv": [ 0.96, 8.96, 3.04, 11.04 ], "texture": "#texture" },
				"west": { "uv": [ 0.96, 8.96, 3.04, 11.04 ], "texture": "#texture" },
				"east": { "uv": [ 0.96, 8.96, 3.04, 11.04 ], "texture": "#texture" }
			}
		},
		{
			"__comment": "Voxels-FFF9DA",
			"from": [ 2.5, 4, 10 ],
			"to": [ 6.5, 4.5, 10.5 ],
			"faces": {
				"down": { "uv": [ 0.96, 8.96, 3.04, 11.04 ], "texture": "#texture" },
				"up": { "uv": [ 0.96, 8.96, 3.04, 11.04 ], "texture": "#texture" },
				"north": { "uv": [ 0.96, 8.96, 3.04, 11.04 ], "texture": "#texture" },
				"south": { "uv": [ 0.96, 8.96, 3.04, 11.04 ], "texture": "#texture" },
				"west": { "uv": [ 0.96, 8.96, 3.04, 11.04 ], "texture": "#texture" },
				"east": { "uv": [ 0.96, 8.96, 3.04, 11.04 ], "texture": "#texture" }
			}
		},
		{
			"__comment": "Voxels-FFF9DA",
			"from": [ 3, 3, 14 ],
			"to": [ 14.5, 3.5, 14.5 ],
			"faces": {
				"down": { "uv": [ 0.96, 8.96, 3.04, 11.04 ], "texture": "#texture" },
				"up": { "uv": [ 0.96, 8.96, 3.04, 11.04 ], "texture": "#texture" },
				"north": { "uv": [ 0.96, 8.96, 3.04, 11.04 ], "texture": "#texture" },
				"south": { "uv": [ 0.96, 8.96, 3.04, 11.04 ], "texture": "#texture" },
				"west": { "uv": [ 0.96, 8.96, 3.04, 11.04 ], "texture": "#texture" },
				"east": { "uv": [ 0.96, 8.96, 3.04, 11.04 ], "texture": "#texture" }
			}
		},
		{
			"__comment": "Voxels-FFF9DA",
			"from": [ 3, 3.5, 2 ],
			"to": [ 11.5, 4, 2.5 ],
			"faces": {
				"down": { "uv": [ 0.96, 8.96, 3.04, 11.04 ], "texture": "#texture" },
				"up": { "uv": [ 0.96, 8.96, 3.04, 11.04 ], "texture": "#texture" },
				"north": { "uv": [ 0.96, 8.96, 3.04, 11.04 ], "texture": "#texture" },
				"south": { "uv": [ 0.96, 8.96, 3.04, 11.04 ], "texture": "#texture" },
				"west": { "uv": [ 0.96, 8.96, 3.04, 11.04 ], "texture": "#texture" },
				"east": { "uv": [ 0.96, 8.96, 3.04, 11.04 ], "texture": "#texture" }
			}
		},
		{
			"__comment": "Voxels-FFF9DA",
			"from": [ 3, 4, 4.5 ],
			"to": [ 12, 4.5, 5 ],
			"faces": {
				"down": { "uv": [ 0.96, 8.96, 3.04, 11.04 ], "texture": "#texture" },
				"up": { "uv": [ 0.96, 8.96, 3.04, 11.04 ], "texture": "#texture" },
				"north": { "uv": [ 0.96, 8.96, 3.04, 11.04 ], "texture": "#texture" },
				"south": { "uv": [ 0.96, 8.96, 3.04, 11.04 ], "texture": "#texture" },
				"west": { "uv": [ 0.96, 8.96, 3.04, 11.04 ], "texture": "#texture" },
				"east": { "uv": [ 0.96, 8.96, 3.04, 11.04 ], "texture": "#texture" }
			}
		},
		{
			"__comment": "Voxels-FFF9DA",
			"from": [ 3, 4, 10.5 ],
			"to": [ 13, 4.5, 11 ],
			"faces": {
				"down": { "uv": [ 0.96, 8.96, 3.04, 11.04 ], "texture": "#texture" },
				"up": { "uv": [ 0.96, 8.96, 3.04, 11.04 ], "texture": "#texture" },
				"north": { "uv": [ 0.96, 8.96, 3.04, 11.04 ], "texture": "#texture" },
				"south": { "uv": [ 0.96, 8.96, 3.04, 11.04 ], "texture": "#texture" },
				"west": { "uv": [ 0.96, 8.96, 3.04, 11.04 ], "texture": "#texture" },
				"east": { "uv": [ 0.96, 8.96, 3.04, 11.04 ], "texture": "#texture" }
			}
		},
		{
			"__comment": "Voxels-FFF9DA",
			"from": [ 3.5, 3, 1.5 ],
			"to": [ 11.5, 3.5, 2 ],
			"faces": {
				"down": { "uv": [ 0.96, 8.96, 3.04, 11.04 ], "texture": "#texture" },
				"up": { "uv": [ 0.96, 8.96, 3.04, 11.04 ], "texture": "#texture" },
				"north": { "uv": [ 0.96, 8.96, 3.04, 11.04 ], "texture": "#texture" },
				"south": { "uv": [ 0.96, 8.96, 3.04, 11.04 ], "texture": "#texture" },
				"west": { "uv": [ 0.96, 8.96, 3.04, 11.04 ], "texture": "#texture" },
				"east": { "uv": [ 0.96, 8.96, 3.04, 11.04 ], "texture": "#texture" }
			}
		},
		{
			"__comment": "Voxels-FFF9DA",
			"from": [ 3.5, 3.5, 13 ],
			"to": [ 14.5, 4, 13.5 ],
			"faces": {
				"down": { "uv": [ 0.96, 8.96, 3.04, 11.04 ], "texture": "#texture" },
				"up": { "uv": [ 0.96, 8.96, 3.04, 11.04 ], "texture": "#texture" },
				"north": { "uv": [ 0.96, 8.96, 3.04, 11.04 ], "texture": "#texture" },
				"south": { "uv": [ 0.96, 8.96, 3.04, 11.04 ], "texture": "#texture" },
				"west": { "uv": [ 0.96, 8.96, 3.04, 11.04 ], "texture": "#texture" },
				"east": { "uv": [ 0.96, 8.96, 3.04, 11.04 ], "texture": "#texture" }
			}
		},
		{
			"__comment": "Voxels-FFF9DA",
			"from": [ 3.5, 4, 4 ],
			"to": [ 11, 4.5, 4.5 ],
			"faces": {
				"down": { "uv": [ 0.96, 8.96, 3.04, 11.04 ], "texture": "#texture" },
				"up": { "uv": [ 0.96, 8.96, 3.04, 11.04 ], "texture": "#texture" },
				"north": { "uv": [ 0.96, 8.96, 3.04, 11.04 ], "texture": "#texture" },
				"south": { "uv": [ 0.96, 8.96, 3.04, 11.04 ], "texture": "#texture" },
				"west": { "uv": [ 0.96, 8.96, 3.04, 11.04 ], "texture": "#texture" },
				"east": { "uv": [ 0.96, 8.96, 3.04, 11.04 ], "texture": "#texture" }
			}
		},
		{
			"__comment": "Voxels-FFF9DA",
			"from": [ 3.5, 4, 11 ],
			"to": [ 12.5, 4.5, 11.5 ],
			"faces": {
				"down": { "uv": [ 0.96, 8.96, 3.04, 11.04 ], "texture": "#texture" },
				"up": { "uv": [ 0.96, 8.96, 3.04, 11.04 ], "texture": "#texture" },
				"north": { "uv": [ 0.96, 8.96, 3.04, 11.04 ], "texture": "#texture" },
				"south": { "uv": [ 0.96, 8.96, 3.04, 11.04 ], "texture": "#texture" },
				"west": { "uv": [ 0.96, 8.96, 3.04, 11.04 ], "texture": "#texture" },
				"east": { "uv": [ 0.96, 8.96, 3.04, 11.04 ], "texture": "#texture" }
			}
		},
		{
			"__comment": "Voxels-FFF9DA",
			"from": [ 4, 3, 1 ],
			"to": [ 10, 3.5, 1.5 ],
			"faces": {
				"down": { "uv": [ 0.96, 8.96, 3.04, 11.04 ], "texture": "#texture" },
				"up": { "uv": [ 0.96, 8.96, 3.04, 11.04 ], "texture": "#texture" },
				"north": { "uv": [ 0.96, 8.96, 3.04, 11.04 ], "texture": "#texture" },
				"south": { "uv": [ 0.96, 8.96, 3.04, 11.04 ], "texture": "#texture" },
				"west": { "uv": [ 0.96, 8.96, 3.04, 11.04 ], "texture": "#texture" },
				"east": { "uv": [ 0.96, 8.96, 3.04, 11.04 ], "texture": "#texture" }
			}
		},
		{
			"__comment": "Voxels-FFF9DA",
			"from": [ 4, 3, 14.5 ],
			"to": [ 14, 3.5, 15 ],
			"faces": {
				"down": { "uv": [ 0.96, 8.96, 3.04, 11.04 ], "texture": "#texture" },
				"up": { "uv": [ 0.96, 8.96, 3.04, 11.04 ], "texture": "#texture" },
				"north": { "uv": [ 0.96, 8.96, 3.04, 11.04 ], "texture": "#texture" },
				"south": { "uv": [ 0.96, 8.96, 3.04, 11.04 ], "texture": "#texture" },
				"west": { "uv": [ 0.96, 8.96, 3.04, 11.04 ], "texture": "#texture" },
				"east": { "uv": [ 0.96, 8.96, 3.04, 11.04 ], "texture": "#texture" }
			}
		},
		{
			"__comment": "Voxels-FFF9DA",
			"from": [ 4, 3.5, 1.5 ],
			"to": [ 10, 4, 2 ],
			"faces": {
				"down": { "uv": [ 0.96, 8.96, 3.04, 11.04 ], "texture": "#texture" },
				"up": { "uv": [ 0.96, 8.96, 3.04, 11.04 ], "texture": "#texture" },
				"north": { "uv": [ 0.96, 8.96, 3.04, 11.04 ], "texture": "#texture" },
				"south": { "uv": [ 0.96, 8.96, 3.04, 11.04 ], "texture": "#texture" },
				"west": { "uv": [ 0.96, 8.96, 3.04, 11.04 ], "texture": "#texture" },
				"east": { "uv": [ 0.96, 8.96, 3.04, 11.04 ], "texture": "#texture" }
			}
		},
		{
			"__comment": "Voxels-FFF9DA",
			"from": [ 4, 3.5, 13.5 ],
			"to": [ 14, 4, 14 ],
			"faces": {
				"down": { "uv": [ 0.96, 8.96, 3.04, 11.04 ], "texture": "#texture" },
				"up": { "uv": [ 0.96, 8.96, 3.04, 11.04 ], "texture": "#texture" },
				"north": { "uv": [ 0.96, 8.96, 3.04, 11.04 ], "texture": "#texture" },
				"south": { "uv": [ 0.96, 8.96, 3.04, 11.04 ], "texture": "#texture" },
				"west": { "uv": [ 0.96, 8.96, 3.04, 11.04 ], "texture": "#texture" },
				"east": { "uv": [ 0.96, 8.96, 3.04, 11.04 ], "texture": "#texture" }
			}
		},
		{
			"__comment": "Voxels-FFF9DA",
			"from": [ 4, 4, 11.5 ],
			"to": [ 12.5, 4.5, 12 ],
			"faces": {
				"down": { "uv": [ 0.96, 8.96, 3.04, 11.04 ], "texture": "#texture" },
				"up": { "uv": [ 0.96, 8.96, 3.04, 11.04 ], "texture": "#texture" },
				"north": { "uv": [ 0.96, 8.96, 3.04, 11.04 ], "texture": "#texture" },
				"south": { "uv": [ 0.96, 8.96, 3.04, 11.04 ], "texture": "#texture" },
				"west": { "uv": [ 0.96, 8.96, 3.04, 11.04 ], "texture": "#texture" },
				"east": { "uv": [ 0.96, 8.96, 3.04, 11.04 ], "texture": "#texture" }
			}
		},
		{
			"__comment": "Voxels-FFF9DA",
			"from": [ 4.5, 3.5, 1 ],
			"to": [ 8, 4, 1.5 ],
			"faces": {
				"down": { "uv": [ 0.96, 8.96, 3.04, 11.04 ], "texture": "#texture" },
				"up": { "uv": [ 0.96, 8.96, 3.04, 11.04 ], "texture": "#texture" },
				"north": { "uv": [ 0.96, 8.96, 3.04, 11.04 ], "texture": "#texture" },
				"south": { "uv": [ 0.96, 8.96, 3.04, 11.04 ], "texture": "#texture" },
				"west": { "uv": [ 0.96, 8.96, 3.04, 11.04 ], "texture": "#texture" },
				"east": { "uv": [ 0.96, 8.96, 3.04, 11.04 ], "texture": "#texture" }
			}
		},
		{
			"__comment": "Voxels-FFF9DA",
			"from": [ 4.5, 4, 3.5 ],
			"to": [ 10.5, 4.5, 4 ],
			"faces": {
				"down": { "uv": [ 0.96, 8.96, 3.04, 11.04 ], "texture": "#texture" },
				"up": { "uv": [ 0.96, 8.96, 3.04, 11.04 ], "texture": "#texture" },
				"north": { "uv": [ 0.96, 8.96, 3.04, 11.04 ], "texture": "#texture" },
				"south": { "uv": [ 0.96, 8.96, 3.04, 11.04 ], "texture": "#texture" },
				"west": { "uv": [ 0.96, 8.96, 3.04, 11.04 ], "texture": "#texture" },
				"east": { "uv": [ 0.96, 8.96, 3.04, 11.04 ], "texture": "#texture" }
			}
		},
		{
			"__comment": "Voxels-FFF9DA",
			"from": [ 4.5, 4, 12 ],
			"to": [ 12, 4.5, 12.5 ],
			"faces": {
				"down": { "uv": [ 0.96, 8.96, 3.04, 11.04 ], "texture": "#texture" },
				"up": { "uv": [ 0.96, 8.96, 3.04, 11.04 ], "texture": "#texture" },
				"north": { "uv": [ 0.96, 8.96, 3.04, 11.04 ], "texture": "#texture" },
				"south": { "uv": [ 0.96, 8.96, 3.04, 11.04 ], "texture": "#texture" },
				"west": { "uv": [ 0.96, 8.96, 3.04, 11.04 ], "texture": "#texture" },
				"east": { "uv": [ 0.96, 8.96, 3.04, 11.04 ], "texture": "#texture" }
			}
		},
		{
			"__comment": "Voxels-FFF9DA",
			"from": [ 4.5, 4.5, 8 ],
			"to": [ 5, 5, 9 ],
			"faces": {
				"down": { "uv": [ 0.96, 8.96, 3.04, 11.04 ], "texture": "#texture" },
				"up": { "uv": [ 0.96, 8.96, 3.04, 11.04 ], "texture": "#texture" },
				"north": { "uv": [ 0.96, 8.96, 3.04, 11.04 ], "texture": "#texture" },
				"south": { "uv": [ 0.96, 8.96, 3.04, 11.04 ], "texture": "#texture" },
				"west": { "uv": [ 0.96, 8.96, 3.04, 11.04 ], "texture": "#texture" },
				"east": { "uv": [ 0.96, 8.96, 3.04, 11.04 ], "texture": "#texture" }
			}
		},
		{
			"__comment": "Voxels-FFF9DA",
			"from": [ 5, 3, 0.5 ],
			"to": [ 8, 3.5, 1 ],
			"faces": {
				"down": { "uv": [ 0.96, 8.96, 3.04, 11.04 ], "texture": "#texture" },
				"up": { "uv": [ 0.96, 8.96, 3.04, 11.04 ], "texture": "#texture" },
				"north": { "uv": [ 0.96, 8.96, 3.04, 11.04 ], "texture": "#texture" },
				"south": { "uv": [ 0.96, 8.96, 3.04, 11.04 ], "texture": "#texture" },
				"west": { "uv": [ 0.96, 8.96, 3.04, 11.04 ], "texture": "#texture" },
				"east": { "uv": [ 0.96, 8.96, 3.04, 11.04 ], "texture": "#texture" }
			}
		},
		{
			"__comment": "Voxels-FFF9DA",
			"from": [ 5, 3, 5 ],
			"to": [ 6, 3.5, 5.5 ],
			"faces": {
				"down": { "uv": [ 0.96, 8.96, 3.04, 11.04 ], "texture": "#texture" },
				"up": { "uv": [ 0.96, 8.96, 3.04, 11.04 ], "texture": "#texture" },
				"north": { "uv": [ 0.96, 8.96, 3.04, 11.04 ], "texture": "#texture" },
				"south": { "uv": [ 0.96, 8.96, 3.04, 11.04 ], "texture": "#texture" },
				"west": { "uv": [ 0.96, 8.96, 3.04, 11.04 ], "texture": "#texture" },
				"east": { "uv": [ 0.96, 8.96, 3.04, 11.04 ], "texture": "#texture" }
			}
		},
		{
			"__comment": "Voxels-FFF9DA",
			"from": [ 5, 3, 15 ],
			"to": [ 12, 3.5, 15.5 ],
			"faces": {
				"down": { "uv": [ 0.96, 8.96, 3.04, 11.04 ], "texture": "#texture" },
				"up": { "uv": [ 0.96, 8.96, 3.04, 11.04 ], "texture": "#texture" },
				"north": { "uv": [ 0.96, 8.96, 3.04, 11.04 ], "texture": "#texture" },
				"south": { "uv": [ 0.96, 8.96, 3.04, 11.04 ], "texture": "#texture" },
				"west": { "uv": [ 0.96, 8.96, 3.04, 11.04 ], "texture": "#texture" },
				"east": { "uv": [ 0.96, 8.96, 3.04, 11.04 ], "texture": "#texture" }
			}
		},
		{
			"__comment": "Voxels-FFF9DA",
			"from": [ 5, 3.5, 14 ],
			"to": [ 12.5, 4, 14.5 ],
			"faces": {
				"down": { "uv": [ 0.96, 8.96, 3.04, 11.04 ], "texture": "#texture" },
				"up": { "uv": [ 0.96, 8.96, 3.04, 11.04 ], "texture": "#texture" },
				"north": { "uv": [ 0.96, 8.96, 3.04, 11.04 ], "texture": "#texture" },
				"south": { "uv": [ 0.96, 8.96, 3.04, 11.04 ], "texture": "#texture" },
				"west": { "uv": [ 0.96, 8.96, 3.04, 11.04 ], "texture": "#texture" },
				"east": { "uv": [ 0.96, 8.96, 3.04, 11.04 ], "texture": "#texture" }
			}
		},
		{
			"__comment": "Voxels-FFF9DA",
			"from": [ 5, 4, 3 ],
			"to": [ 10, 4.5, 3.5 ],
			"faces": {
				"down": { "uv": [ 0.96, 8.96, 3.04, 11.04 ], "texture": "#texture" },
				"up": { "uv": [ 0.96, 8.96, 3.04, 11.04 ], "texture": "#texture" },
				"north": { "uv": [ 0.96, 8.96, 3.04, 11.04 ], "texture": "#texture" },
				"south": { "uv": [ 0.96, 8.96, 3.04, 11.04 ], "texture": "#texture" },
				"west": { "uv": [ 0.96, 8.96, 3.04, 11.04 ], "texture": "#texture" },
				"east": { "uv": [ 0.96, 8.96, 3.04, 11.04 ], "texture": "#texture" }
			}
		},
		{
			"__comment": "Voxels-FF8000",
			"from": [ 5, 4, 9 ],
			"to": [ 10.5, 5, 9.5 ],
			"faces": {
				"down": { "uv": [ 0.96, 4.96, 3.04, 7.04 ], "texture": "#texture" },
				"up": { "uv": [ 0.96, 4.96, 3.04, 7.04 ], "texture": "#texture" },
				"north": { "uv": [ 0.96, 4.96, 3.04, 7.04 ], "texture": "#texture" },
				"south": { "uv": [ 0.96, 4.96, 3.04, 7.04 ], "texture": "#texture" },
				"west": { "uv": [ 0.96, 4.96, 3.04, 7.04 ], "texture": "#texture" },
				"east": { "uv": [ 0.96, 4.96, 3.04, 7.04 ], "texture": "#texture" }
			}
		},
		{
			"__comment": "Voxels-FFF9DA",
			"from": [ 5, 4.5, 7 ],
			"to": [ 5.5, 5, 7.5 ],
			"faces": {
				"down": { "uv": [ 0.96, 8.96, 3.04, 11.04 ], "texture": "#texture" },
				"up": { "uv": [ 0.96, 8.96, 3.04, 11.04 ], "texture": "#texture" },
				"north": { "uv": [ 0.96, 8.96, 3.04, 11.04 ], "texture": "#texture" },
				"south": { "uv": [ 0.96, 8.96, 3.04, 11.04 ], "texture": "#texture" },
				"west": { "uv": [ 0.96, 8.96, 3.04, 11.04 ], "texture": "#texture" },
				"east": { "uv": [ 0.96, 8.96, 3.04, 11.04 ], "texture": "#texture" }
			}
		},
		{
			"__comment": "Voxels-FF8000",
			"from": [ 5, 4.5, 7.5 ],
			"to": [ 11, 5, 8.5 ],
			"faces": {
				"down": { "uv": [ 0.96, 4.96, 3.04, 7.04 ], "texture": "#texture" },
				"up": { "uv": [ 0.96, 4.96, 3.04, 7.04 ], "texture": "#texture" },
				"north": { "uv": [ 0.96, 4.96, 3.04, 7.04 ], "texture": "#texture" },
				"south": { "uv": [ 0.96, 4.96, 3.04, 7.04 ], "texture": "#texture" },
				"west": { "uv": [ 0.96, 4.96, 3.04, 7.04 ], "texture": "#texture" },
				"east": { "uv": [ 0.96, 4.96, 3.04, 7.04 ], "texture": "#texture" }
			}
		},
		{
			"__comment": "Voxels-FF8000",
			"from": [ 5, 4.5, 8.5 ],
			"to": [ 7, 5, 9 ],
			"faces": {
				"down": { "uv": [ 0.96, 4.96, 3.04, 7.04 ], "texture": "#texture" },
				"up": { "uv": [ 0.96, 4.96, 3.04, 7.04 ], "texture": "#texture" },
				"north": { "uv": [ 0.96, 4.96, 3.04, 7.04 ], "texture": "#texture" },
				"south": { "uv": [ 0.96, 4.96, 3.04, 7.04 ], "texture": "#texture" },
				"west": { "uv": [ 0.96, 4.96, 3.04, 7.04 ], "texture": "#texture" },
				"east": { "uv": [ 0.96, 4.96, 3.04, 7.04 ], "texture": "#texture" }
			}
		},
		{
			"__comment": "Voxels-FFF9DA",
			"from": [ 5.5, 3, 0 ],
			"to": [ 7, 3.5, 0.5 ],
			"faces": {
				"down": { "uv": [ 0.96, 8.96, 3.04, 11.04 ], "texture": "#texture" },
				"up": { "uv": [ 0.96, 8.96, 3.04, 11.04 ], "texture": "#texture" },
				"north": { "uv": [ 0.96, 8.96, 3.04, 11.04 ], "texture": "#texture" },
				"south": { "uv": [ 0.96, 8.96, 3.04, 11.04 ], "texture": "#texture" },
				"west": { "uv": [ 0.96, 8.96, 3.04, 11.04 ], "texture": "#texture" },
				"east": { "uv": [ 0.96, 8.96, 3.04, 11.04 ], "texture": "#texture" }
			}
		},
		{
			"__comment": "Voxels-FFF9DA",
			"from": [ 5.5, 3.5, 0.5 ],
			"to": [ 6.5, 4, 1 ],
			"faces": {
				"down": { "uv": [ 0.96, 8.96, 3.04, 11.04 ], "texture": "#texture" },
				"up": { "uv": [ 0.96, 8.96, 3.04, 11.04 ], "texture": "#texture" },
				"north": { "uv": [ 0.96, 8.96, 3.04, 11.04 ], "texture": "#texture" },
				"south": { "uv": [ 0.96, 8.96, 3.04, 11.04 ], "texture": "#texture" },
				"west": { "uv": [ 0.96, 8.96, 3.04, 11.04 ], "texture": "#texture" },
				"east": { "uv": [ 0.96, 8.96, 3.04, 11.04 ], "texture": "#texture" }
			}
		},
		{
			"__comment": "Voxels-FF8000",
			"from": [ 5.5, 4, 7.5 ],
			"to": [ 10.5, 4.5, 9 ],
			"faces": {
				"down": { "uv": [ 0.96, 4.96, 3.04, 7.04 ], "texture": "#texture" },
				"up": { "uv": [ 0.96, 4.96, 3.04, 7.04 ], "texture": "#texture" },
				"north": { "uv": [ 0.96, 4.96, 3.04, 7.04 ], "texture": "#texture" },
				"south": { "uv": [ 0.96, 4.96, 3.04, 7.04 ], "texture": "#texture" },
				"west": { "uv": [ 0.96, 4.96, 3.04, 7.04 ], "texture": "#texture" },
				"east": { "uv": [ 0.96, 4.96, 3.04, 7.04 ], "texture": "#texture" }
			}
		},
		{
			"__comment": "Voxels-FFF9DA",
			"from": [ 5.5, 4, 12.5 ],
			"to": [ 10.5, 4.5, 13 ],
			"faces": {
				"down": { "uv": [ 0.96, 8.96, 3.04, 11.04 ], "texture": "#texture" },
				"up": { "uv": [ 0.96, 8.96, 3.04, 11.04 ], "texture": "#texture" },
				"north": { "uv": [ 0.96, 8.96, 3.04, 11.04 ], "texture": "#texture" },
				"south": { "uv": [ 0.96, 8.96, 3.04, 11.04 ], "texture": "#texture" },
				"west": { "uv": [ 0.96, 8.96, 3.04, 11.04 ], "texture": "#texture" },
				"east": { "uv": [ 0.96, 8.96, 3.04, 11.04 ], "texture": "#texture" }
			}
		},
		{
			"__comment": "Voxels-FF8000",
			"from": [ 5.5, 4.5, 6.5 ],
			"to": [ 10.5, 5, 7 ],
			"faces": {
				"down": { "uv": [ 0.96, 4.96, 3.04, 7.04 ], "texture": "#texture" },
				"up": { "uv": [ 0.96, 4.96, 3.04, 7.04 ], "texture": "#texture" },
				"north": { "uv": [ 0.96, 4.96, 3.04, 7.04 ], "texture": "#texture" },
				"south": { "uv": [ 0.96, 4.96, 3.04, 7.04 ], "texture": "#texture" },
				"west": { "uv": [ 0.96, 4.96, 3.04, 7.04 ], "texture": "#texture" },
				"east": { "uv": [ 0.96, 4.96, 3.04, 7.04 ], "texture": "#texture" }
			}
		},
		{
			"__comment": "Voxels-FF8000",
			"from": [ 5.5, 4.5, 7 ],
			"to": [ 6.5, 5, 7.5 ],
			"faces": {
				"down": { "uv": [ 0.96, 4.96, 3.04, 7.04 ], "texture": "#texture" },
				"up": { "uv": [ 0.96, 4.96, 3.04, 7.04 ], "texture": "#texture" },
				"north": { "uv": [ 0.96, 4.96, 3.04, 7.04 ], "texture": "#texture" },
				"south": { "uv": [ 0.96, 4.96, 3.04, 7.04 ], "texture": "#texture" },
				"west": { "uv": [ 0.96, 4.96, 3.04, 7.04 ], "texture": "#texture" },
				"east": { "uv": [ 0.96, 4.96, 3.04, 7.04 ], "texture": "#texture" }
			}
		},
		{
			"__comment": "Voxels-FF8000",
			"from": [ 5.5, 4.5, 9.5 ],
			"to": [ 10.5, 5, 10 ],
			"faces": {
				"down": { "uv": [ 0.96, 4.96, 3.04, 7.04 ], "texture": "#texture" },
				"up": { "uv": [ 0.96, 4.96, 3.04, 7.04 ], "texture": "#texture" },
				"north": { "uv": [ 0.96, 4.96, 3.04, 7.04 ], "texture": "#texture" },
				"south": { "uv": [ 0.96, 4.96, 3.04, 7.04 ], "texture": "#texture" },
				"west": { "uv": [ 0.96, 4.96, 3.04, 7.04 ], "texture": "#texture" },
				"east": { "uv": [ 0.96, 4.96, 3.04, 7.04 ], "texture": "#texture" }
			}
		},
		{
			"__comment": "Voxels-FF8000",
			"from": [ 5.5, 5, 8 ],
			"to": [ 6, 5.5, 8.5 ],
			"faces": {
				"down": { "uv": [ 0.96, 4.96, 3.04, 7.04 ], "texture": "#texture" },
				"up": { "uv": [ 0.96, 4.96, 3.04, 7.04 ], "texture": "#texture" },
				"north": { "uv": [ 0.96, 4.96, 3.04, 7.04 ], "texture": "#texture" },
				"south": { "uv": [ 0.96, 4.96, 3.04, 7.04 ], "texture": "#texture" },
				"west": { "uv": [ 0.96, 4.96, 3.04, 7.04 ], "texture": "#texture" },
				"east": { "uv": [ 0.96, 4.96, 3.04, 7.04 ], "texture": "#texture" }
			}
		},
		{
			"__comment": "Voxels-FFF5C5",
			"from": [ 6, 3, 5 ],
			"to": [ 9, 3.5, 5.5 ],
			"faces": {
				"down": { "uv": [ 8.96, 0.96, 11.04, 3.04 ], "texture": "#texture" },
				"up": { "uv": [ 8.96, 0.96, 11.04, 3.04 ], "texture": "#texture" },
				"north": { "uv": [ 8.96, 0.96, 11.04, 3.04 ], "texture": "#texture" },
				"south": { "uv": [ 8.96, 0.96, 11.04, 3.04 ], "texture": "#texture" },
				"west": { "uv": [ 8.96, 0.96, 11.04, 3.04 ], "texture": "#texture" },
				"east": { "uv": [ 8.96, 0.96, 11.04, 3.04 ], "texture": "#texture" }
			}
		},
		{
			"__comment": "Voxels-FFF9DA",
			"from": [ 6, 3, 15.5 ],
			"to": [ 11, 3.5, 16 ],
			"faces": {
				"down": { "uv": [ 0.96, 8.96, 3.04, 11.04 ], "texture": "#texture" },
				"up": { "uv": [ 0.96, 8.96, 3.04, 11.04 ], "texture": "#texture" },
				"north": { "uv": [ 0.96, 8.96, 3.04, 11.04 ], "texture": "#texture" },
				"south": { "uv": [ 0.96, 8.96, 3.04, 11.04 ], "texture": "#texture" },
				"west": { "uv": [ 0.96, 8.96, 3.04, 11.04 ], "texture": "#texture" },
				"east": { "uv": [ 0.96, 8.96, 3.04, 11.04 ], "texture": "#texture" }
			}
		},
		{
			"__comment": "Voxels-FFF9DA",
			"from": [ 6, 3.5, 14.5 ],
			"to": [ 11.5, 4, 15 ],
			"faces": {
				"down": { "uv": [ 0.96, 8.96, 3.04, 11.04 ], "texture": "#texture" },
				"up": { "uv": [ 0.96, 8.96, 3.04, 11.04 ], "texture": "#texture" },
				"north": { "uv": [ 0.96, 8.96, 3.04, 11.04 ], "texture": "#texture" },
				"south": { "uv": [ 0.96, 8.96, 3.04, 11.04 ], "texture": "#texture" },
				"west": { "uv": [ 0.96, 8.96, 3.04, 11.04 ], "texture": "#texture" },
				"east": { "uv": [ 0.96, 8.96, 3.04, 11.04 ], "texture": "#texture" }
			}
		},
		{
			"__comment": "Voxels-FFF9DA",
			"from": [ 6, 4, 2.5 ],
			"to": [ 7, 4.5, 3 ],
			"faces": {
				"down": { "uv": [ 0.96, 8.96, 3.04, 11.04 ], "texture": "#texture" },
				"up": { "uv": [ 0.96, 8.96, 3.04, 11.04 ], "texture": "#texture" },
				"north": { "uv": [ 0.96, 8.96, 3.04, 11.04 ], "texture": "#texture" },
				"south": { "uv": [ 0.96, 8.96, 3.04, 11.04 ], "texture": "#texture" },
				"west": { "uv": [ 0.96, 8.96, 3.04, 11.04 ], "texture": "#texture" },
				"east": { "uv": [ 0.96, 8.96, 3.04, 11.04 ], "texture": "#texture" }
			}
		},
		{
			"__comment": "Voxels-FF8000",
			"from": [ 6, 4, 6.5 ],
			"to": [ 10.5, 4.5, 7.5 ],
			"faces": {
				"down": { "uv": [ 0.96, 4.96, 3.04, 7.04 ], "texture": "#texture" },
				"up": { "uv": [ 0.96, 4.96, 3.04, 7.04 ], "texture": "#texture" },
				"north": { "uv": [ 0.96, 4.96, 3.04, 7.04 ], "texture": "#texture" },
				"south": { "uv": [ 0.96, 4.96, 3.04, 7.04 ], "texture": "#texture" },
				"west": { "uv": [ 0.96, 4.96, 3.04, 7.04 ], "texture": "#texture" },
				"east": { "uv": [ 0.96, 4.96, 3.04, 7.04 ], "texture": "#texture" }
			}
		},
		{
			"__comment": "Voxels-FF8000",
			"from": [ 6, 4, 9.5 ],
			"to": [ 10.5, 4.5, 10 ],
			"faces": {
				"down": { "uv": [ 0.96, 4.96, 3.04, 7.04 ], "texture": "#texture" },
				"up": { "uv": [ 0.96, 4.96, 3.04, 7.04 ], "texture": "#texture" },
				"north": { "uv": [ 0.96, 4.96, 3.04, 7.04 ], "texture": "#texture" },
				"south": { "uv": [ 0.96, 4.96, 3.04, 7.04 ], "texture": "#texture" },
				"west": { "uv": [ 0.96, 4.96, 3.04, 7.04 ], "texture": "#texture" },
				"east": { "uv": [ 0.96, 4.96, 3.04, 7.04 ], "texture": "#texture" }
			}
		},
		{
			"__comment": "Voxels-FF8000",
			"from": [ 6, 5, 7.5 ],
			"to": [ 6.5, 5.5, 8 ],
			"faces": {
				"down": { "uv": [ 0.96, 4.96, 3.04, 7.04 ], "texture": "#texture" },
				"up": { "uv": [ 0.96, 4.96, 3.04, 7.04 ], "texture": "#texture" },
				"north": { "uv": [ 0.96, 4.96, 3.04, 7.04 ], "texture": "#texture" },
				"south": { "uv": [ 0.96, 4.96, 3.04, 7.04 ], "texture": "#texture" },
				"west": { "uv": [ 0.96, 4.96, 3.04, 7.04 ], "texture": "#texture" },
				"east": { "uv": [ 0.96, 4.96, 3.04, 7.04 ], "texture": "#texture" }
			}
		},
		{
			"__comment": "Voxels-DEB800",
			"from": [ 6, 5, 8 ],
			"to": [ 8, 5.5, 8.5 ],
			"faces": {
				"down": { "uv": [ 4.96, 4.96, 7.04, 7.04 ], "texture": "#texture" },
				"up": { "uv": [ 4.96, 4.96, 7.04, 7.04 ], "texture": "#texture" },
				"north": { "uv": [ 4.96, 4.96, 7.04, 7.04 ], "texture": "#texture" },
				"south": { "uv": [ 4.96, 4.96, 7.04, 7.04 ], "texture": "#texture" },
				"west": { "uv": [ 4.96, 4.96, 7.04, 7.04 ], "texture": "#texture" },
				"east": { "uv": [ 4.96, 4.96, 7.04, 7.04 ], "texture": "#texture" }
			}
		},
		{
			"__comment": "Voxels-FF8000",
			"from": [ 6, 5, 8.5 ],
			"to": [ 6.5, 5.5, 9 ],
			"faces": {
				"down": { "uv": [ 0.96, 4.96, 3.04, 7.04 ], "texture": "#texture" },
				"up": { "uv": [ 0.96, 4.96, 3.04, 7.04 ], "texture": "#texture" },
				"north": { "uv": [ 0.96, 4.96, 3.04, 7.04 ], "texture": "#texture" },
				"south": { "uv": [ 0.96, 4.96, 3.04, 7.04 ], "texture": "#texture" },
				"west": { "uv": [ 0.96, 4.96, 3.04, 7.04 ], "texture": "#texture" },
				"east": { "uv": [ 0.96, 4.96, 3.04, 7.04 ], "texture": "#texture" }
			}
		},
		{
			"__comment": "Voxels-FFF9DA",
			"from": [ 6.5, 3.5, 15 ],
			"to": [ 10, 4, 15.5 ],
			"faces": {
				"down": { "uv": [ 0.96, 8.96, 3.04, 11.04 ], "texture": "#texture" },
				"up": { "uv": [ 0.96, 8.96, 3.04, 11.04 ], "texture": "#texture" },
				"north": { "uv": [ 0.96, 8.96, 3.04, 11.04 ], "texture": "#texture" },
				"south": { "uv": [ 0.96, 8.96, 3.04, 11.04 ], "texture": "#texture" },
				"west": { "uv": [ 0.96, 8.96, 3.04, 11.04 ], "texture": "#texture" },
				"east": { "uv": [ 0.96, 8.96, 3.04, 11.04 ], "texture": "#texture" }
			}
		},
		{
			"__comment": "Voxels-FF8000",
			"from": [ 6.5, 4, 10 ],
			"to": [ 9.5, 5, 10.5 ],
			"faces": {
				"down": { "uv": [ 0.96, 4.96, 3.04, 7.04 ], "texture": "#texture" },
				"up": { "uv": [ 0.96, 4.96, 3.04, 7.04 ], "texture": "#texture" },
				"north": { "uv": [ 0.96, 4.96, 3.04, 7.04 ], "texture": "#texture" },
				"south": { "uv": [ 0.96, 4.96, 3.04, 7.04 ], "texture": "#texture" },
				"west": { "uv": [ 0.96, 4.96, 3.04, 7.04 ], "texture": "#texture" },
				"east": { "uv": [ 0.96, 4.96, 3.04, 7.04 ], "texture": "#texture" }
			}
		},
		{
			"__comment": "Voxels-FF8000",
			"from": [ 6.5, 4.5, 6 ],
			"to": [ 8, 5, 6.5 ],
			"faces": {
				"down": { "uv": [ 0.96, 4.96, 3.04, 7.04 ], "texture": "#texture" },
				"up": { "uv": [ 0.96, 4.96, 3.04, 7.04 ], "texture": "#texture" },
				"north": { "uv": [ 0.96, 4.96, 3.04, 7.04 ], "texture": "#texture" },
				"south": { "uv": [ 0.96, 4.96, 3.04, 7.04 ], "texture": "#texture" },
				"west": { "uv": [ 0.96, 4.96, 3.04, 7.04 ], "texture": "#texture" },
				"east": { "uv": [ 0.96, 4.96, 3.04, 7.04 ], "texture": "#texture" }
			}
		},
		{
			"__comment": "Voxels-FFB871",
			"from": [ 6.5, 4.5, 7 ],
			"to": [ 7.5, 5.5, 7.5 ],
			"faces": {
				"down": { "uv": [ 8.96, 8.96, 11.04, 11.04 ], "texture": "#texture" },
				"up": { "uv": [ 8.96, 8.96, 11.04, 11.04 ], "texture": "#texture" },
				"north": { "uv": [ 8.96, 8.96, 11.04, 11.04 ], "texture": "#texture" },
				"south": { "uv": [ 8.96, 8.96, 11.04, 11.04 ], "texture": "#texture" },
				"west": { "uv": [ 8.96, 8.96, 11.04, 11.04 ], "texture": "#texture" },
				"east": { "uv": [ 8.96, 8.96, 11.04, 11.04 ], "texture": "#texture" }
			}
		},
		{
			"__comment": "Voxels-DEB800",
			"from": [ 6.5, 5, 7.5 ],
			"to": [ 7.5, 5.5, 8 ],
			"faces": {
				"down": { "uv": [ 4.96, 4.96, 7.04, 7.04 ], "texture": "#texture" },
				"up": { "uv": [ 4.96, 4.96, 7.04, 7.04 ], "texture": "#texture" },
				"north": { "uv": [ 4.96, 4.96, 7.04, 7.04 ], "texture": "#texture" },
				"south": { "uv": [ 4.96, 4.96, 7.04, 7.04 ], "texture": "#texture" },
				"west": { "uv": [ 4.96, 4.96, 7.04, 7.04 ], "texture": "#texture" },
				"east": { "uv": [ 4.96, 4.96, 7.04, 7.04 ], "texture": "#texture" }
			}
		},
		{
			"__comment": "Voxels-DEB800",
			"from": [ 6.5, 5, 8.5 ],
			"to": [ 8.5, 5.5, 9 ],
			"faces": {
				"down": { "uv": [ 4.96, 4.96, 7.04, 7.04 ], "texture": "#texture" },
				"up": { "uv": [ 4.96, 4.96, 7.04, 7.04 ], "texture": "#texture" },
				"north": { "uv": [ 4.96, 4.96, 7.04, 7.04 ], "texture": "#texture" },
				"south": { "uv": [ 4.96, 4.96, 7.04, 7.04 ], "texture": "#texture" },
				"west": { "uv": [ 4.96, 4.96, 7.04, 7.04 ], "texture": "#texture" },
				"east": { "uv": [ 4.96, 4.96, 7.04, 7.04 ], "texture": "#texture" }
			}
		},
		{
			"__comment": "Voxels-FF8000",
			"from": [ 6.5, 5, 9 ],
			"to": [ 7, 5.5, 9.5 ],
			"faces": {
				"down": { "uv": [ 0.96, 4.96, 3.04, 7.04 ], "texture": "#texture" },
				"up": { "uv": [ 0.96, 4.96, 3.04, 7.04 ], "texture": "#texture" },
				"north": { "uv": [ 0.96, 4.96, 3.04, 7.04 ], "texture": "#texture" },
				"south": { "uv": [ 0.96, 4.96, 3.04, 7.04 ], "texture": "#texture" },
				"west": { "uv": [ 0.96, 4.96, 3.04, 7.04 ], "texture": "#texture" },
				"east": { "uv": [ 0.96, 4.96, 3.04, 7.04 ], "texture": "#texture" }
			}
		},
		{
			"__comment": "Voxels-FFF5C5",
			"from": [ 7, 3.5, 5.5 ],
			"to": [ 9, 4, 6 ],
			"faces": {
				"down": { "uv": [ 8.96, 0.96, 11.04, 3.04 ], "texture": "#texture" },
				"up": { "uv": [ 8.96, 0.96, 11.04, 3.04 ], "texture": "#texture" },
				"north": { "uv": [ 8.96, 0.96, 11.04, 3.04 ], "texture": "#texture" },
				"south": { "uv": [ 8.96, 0.96, 11.04, 3.04 ], "texture": "#texture" },
				"west": { "uv": [ 8.96, 0.96, 11.04, 3.04 ], "texture": "#texture" },
				"east": { "uv": [ 8.96, 0.96, 11.04, 3.04 ], "texture": "#texture" }
			}
		},
		{
			"__comment": "Voxels-FF8000",
			"from": [ 7, 3.5, 9.5 ],
			"to": [ 9, 4, 10 ],
			"faces": {
				"down": { "uv": [ 0.96, 4.96, 3.04, 7.04 ], "texture": "#texture" },
				"up": { "uv": [ 0.96, 4.96, 3.04, 7.04 ], "texture": "#texture" },
				"north": { "uv": [ 0.96, 4.96, 3.04, 7.04 ], "texture": "#texture" },
				"south": { "uv": [ 0.96, 4.96, 3.04, 7.04 ], "texture": "#texture" },
				"west": { "uv": [ 0.96, 4.96, 3.04, 7.04 ], "texture": "#texture" },
				"east": { "uv": [ 0.96, 4.96, 3.04, 7.04 ], "texture": "#texture" }
			}
		},
		{
			"__comment": "Voxels-FFF9DA",
			"from": [ 7, 3.5, 10 ],
			"to": [ 15.5, 4, 10.5 ],
			"faces": {
				"down": { "uv": [ 0.96, 8.96, 3.04, 11.04 ], "texture": "#texture" },
				"up": { "uv": [ 0.96, 8.96, 3.04, 11.04 ], "texture": "#texture" },
				"north": { "uv": [ 0.96, 8.96, 3.04, 11.04 ], "texture": "#texture" },
				"south": { "uv": [ 0.96, 8.96, 3.04, 11.04 ], "texture": "#texture" },
				"west": { "uv": [ 0.96, 8.96, 3.04, 11.04 ], "texture": "#texture" },
				"east": { "uv": [ 0.96, 8.96, 3.04, 11.04 ], "texture": "#texture" }
			}
		},
		{
			"__comment": "Voxels-FF8000",
			"from": [ 7, 4, 6 ],
			"to": [ 10, 4.5, 6.5 ],
			"faces": {
				"down": { "uv": [ 0.96, 4.96, 3.04, 7.04 ], "texture": "#texture" },
				"up": { "uv": [ 0.96, 4.96, 3.04, 7.04 ], "texture": "#texture" },
				"north": { "uv": [ 0.96, 4.96, 3.04, 7.04 ], "texture": "#texture" },
				"south": { "uv": [ 0.96, 4.96, 3.04, 7.04 ], "texture": "#texture" },
				"west": { "uv": [ 0.96, 4.96, 3.04, 7.04 ], "texture": "#texture" },
				"east": { "uv": [ 0.96, 4.96, 3.04, 7.04 ], "texture": "#texture" }
			}
		},
		{
			"__comment": "Voxels-DEB800",
			"from": [ 7, 4.5, 8.5 ],
			"to": [ 8, 5, 9 ],
			"faces": {
				"down": { "uv": [ 4.96, 4.96, 7.04, 7.04 ], "texture": "#texture" },
				"up": { "uv": [ 4.96, 4.96, 7.04, 7.04 ], "texture": "#texture" },
				"north": { "uv": [ 4.96, 4.96, 7.04, 7.04 ], "texture": "#texture" },
				"south": { "uv": [ 4.96, 4.96, 7.04, 7.04 ], "texture": "#texture" },
				"west": { "uv": [ 4.96, 4.96, 7.04, 7.04 ], "texture": "#texture" },
				"east": { "uv": [ 4.96, 4.96, 7.04, 7.04 ], "texture": "#texture" }
			}
		},
		{
			"__comment": "Voxels-FF9D3A",
			"from": [ 7, 5, 6.5 ],
			"to": [ 8, 5.5, 7 ],
			"faces": {
				"down": { "uv": [ 12.96, 8.96, 15.04, 11.04 ], "texture": "#texture" },
				"up": { "uv": [ 12.96, 8.96, 15.04, 11.04 ], "texture": "#texture" },
				"north": { "uv": [ 12.96, 8.96, 15.04, 11.04 ], "texture": "#texture" },
				"south": { "uv": [ 12.96, 8.96, 15.04, 11.04 ], "texture": "#texture" },
				"west": { "uv": [ 12.96, 8.96, 15.04, 11.04 ], "texture": "#texture" },
				"east": { "uv": [ 12.96, 8.96, 15.04, 11.04 ], "texture": "#texture" }
			}
		},
		{
			"__comment": "Voxels-DEB800",
			"from": [ 7, 5, 9 ],
			"to": [ 8, 5.5, 9.5 ],
			"faces": {
				"down": { "uv": [ 4.96, 4.96, 7.04, 7.04 ], "texture": "#texture" },
				"up": { "uv": [ 4.96, 4.96, 7.04, 7.04 ], "texture": "#texture" },
				"north": { "uv": [ 4.96, 4.96, 7.04, 7.04 ], "texture": "#texture" },
				"south": { "uv": [ 4.96, 4.96, 7.04, 7.04 ], "texture": "#texture" },
				"west": { "uv": [ 4.96, 4.96, 7.04, 7.04 ], "texture": "#texture" },
				"east": { "uv": [ 4.96, 4.96, 7.04, 7.04 ], "texture": "#texture" }
			}
		},
		{
			"__comment": "Voxels-FF8000",
			"from": [ 7, 5, 9.5 ],
			"to": [ 8, 5.5, 10 ],
			"faces": {
				"down": { "uv": [ 0.96, 4.96, 3.04, 7.04 ], "texture": "#texture" },
				"up": { "uv": [ 0.96, 4.96, 3.04, 7.04 ], "texture": "#texture" },
				"north": { "uv": [ 0.96, 4.96, 3.04, 7.04 ], "texture": "#texture" },
				"south": { "uv": [ 0.96, 4.96, 3.04, 7.04 ], "texture": "#texture" },
				"west": { "uv": [ 0.96, 4.96, 3.04, 7.04 ], "texture": "#texture" },
				"east": { "uv": [ 0.96, 4.96, 3.04, 7.04 ], "texture": "#texture" }
			}
		},
		{
			"__comment": "Voxels-FFF9DA",
			"from": [ 7.5, 4, 13 ],
			"to": [ 9.5, 4.5, 13.5 ],
			"faces": {
				"down": { "uv": [ 0.96, 8.96, 3.04, 11.04 ], "texture": "#texture" },
				"up": { "uv": [ 0.96, 8.96, 3.04, 11.04 ], "texture": "#texture" },
				"north": { "uv": [ 0.96, 8.96, 3.04, 11.04 ], "texture": "#texture" },
				"south": { "uv": [ 0.96, 8.96, 3.04, 11.04 ], "texture": "#texture" },
				"west": { "uv": [ 0.96, 8.96, 3.04, 11.04 ], "texture": "#texture" },
				"east": { "uv": [ 0.96, 8.96, 3.04, 11.04 ], "texture": "#texture" }
			}
		},
		{
			"__comment": "Voxels-FF8000",
			"from": [ 7.5, 4.5, 5.5 ],
			"to": [ 9, 5, 6 ],
			"faces": {
				"down": { "uv": [ 0.96, 4.96, 3.04, 7.04 ], "texture": "#texture" },
				"up": { "uv": [ 0.96, 4.96, 3.04, 7.04 ], "texture": "#texture" },
				"north": { "uv": [ 0.96, 4.96, 3.04, 7.04 ], "texture": "#texture" },
				"south": { "uv": [ 0.96, 4.96, 3.04, 7.04 ], "texture": "#texture" },
				"west": { "uv": [ 0.96, 4.96, 3.04, 7.04 ], "texture": "#texture" },
				"east": { "uv": [ 0.96, 4.96, 3.04, 7.04 ], "texture": "#texture" }
			}
		},
		{
			"__comment": "Voxels-FF8000",
			"from": [ 7.5, 4.5, 7 ],
			"to": [ 8, 5, 7.5 ],
			"faces": {
				"down": { "uv": [ 0.96, 4.96, 3.04, 7.04 ], "texture": "#texture" },
				"up": { "uv": [ 0.96, 4.96, 3.04, 7.04 ], "texture": "#texture" },
				"north": { "uv": [ 0.96, 4.96, 3.04, 7.04 ], "texture": "#texture" },
				"south": { "uv": [ 0.96, 4.96, 3.04, 7.04 ], "texture": "#texture" },
				"west": { "uv": [ 0.96, 4.96, 3.04, 7.04 ], "texture": "#texture" },
				"east": { "uv": [ 0.96, 4.96, 3.04, 7.04 ], "texture": "#texture" }
			}
		},
		{
			"__comment": "Voxels-FF8000",
			"from": [ 7.5, 4.5, 10.5 ],
			"to": [ 9, 5, 11 ],
			"faces": {
				"down": { "uv": [ 0.96, 4.96, 3.04, 7.04 ], "texture": "#texture" },
				"up": { "uv": [ 0.96, 4.96, 3.04, 7.04 ], "texture": "#texture" },
				"north": { "uv": [ 0.96, 4.96, 3.04, 7.04 ], "texture": "#texture" },
				"south": { "uv": [ 0.96, 4.96, 3.04, 7.04 ], "texture": "#texture" },
				"west": { "uv": [ 0.96, 4.96, 3.04, 7.04 ], "texture": "#texture" },
				"east": { "uv": [ 0.96, 4.96, 3.04, 7.04 ], "texture": "#texture" }
			}
		},
		{
			"__comment": "Voxels-FFB871",
			"from": [ 7.5, 5, 7 ],
			"to": [ 8, 5.5, 7.5 ],
			"faces": {
				"down": { "uv": [ 8.96, 8.96, 11.04, 11.04 ], "texture": "#texture" },
				"up": { "uv": [ 8.96, 8.96, 11.04, 11.04 ], "texture": "#texture" },
				"north": { "uv": [ 8.96, 8.96, 11.04, 11.04 ], "texture": "#texture" },
				"south": { "uv": [ 8.96, 8.96, 11.04, 11.04 ], "texture": "#texture" },
				"west": { "uv": [ 8.96, 8.96, 11.04, 11.04 ], "texture": "#texture" },
				"east": { "uv": [ 8.96, 8.96, 11.04, 11.04 ], "texture": "#texture" }
			}
		},
		{
			"__comment": "Voxels-FFF9DA",
			"from": [ 7.5, 5, 7.5 ],
			"to": [ 9, 5.5, 8 ],
			"faces": {
				"down": { "uv": [ 0.96, 8.96, 3.04, 11.04 ], "texture": "#texture" },
				"up": { "uv": [ 0.96, 8.96, 3.04, 11.04 ], "texture": "#texture" },
				"north": { "uv": [ 0.96, 8.96, 3.04, 11.04 ], "texture": "#texture" },
				"south": { "uv": [ 0.96, 8.96, 3.04, 11.04 ], "texture": "#texture" },
				"west": { "uv": [ 0.96, 8.96, 3.04, 11.04 ], "texture": "#texture" },
				"east": { "uv": [ 0.96, 8.96, 3.04, 11.04 ], "texture": "#texture" }
			}
		},
		{
			"__comment": "Voxels-FFB871",
			"from": [ 8, 4.5, 6 ],
			"to": [ 8.5, 5, 6.5 ],
			"faces": {
				"down": { "uv": [ 8.96, 8.96, 11.04, 11.04 ], "texture": "#texture" },
				"up": { "uv": [ 8.96, 8.96, 11.04, 11.04 ], "texture": "#texture" },
				"north": { "uv": [ 8.96, 8.96, 11.04, 11.04 ], "texture": "#texture" },
				"south": { "uv": [ 8.96, 8.96, 11.04, 11.04 ], "texture": "#texture" },
				"west": { "uv": [ 8.96, 8.96, 11.04, 11.04 ], "texture": "#texture" },
				"east": { "uv": [ 8.96, 8.96, 11.04, 11.04 ], "texture": "#texture" }
			}
		},
		{
			"__comment": "Voxels-B89800",
			"from": [ 8, 4.5, 7 ],
			"to": [ 8.5, 5, 7.5 ],
			"faces": {
				"down": { "uv": [ 0.96, 0.96, 3.04, 3.04 ], "texture": "#texture" },
				"up": { "uv": [ 0.96, 0.96, 3.04, 3.04 ], "texture": "#texture" },
				"north": { "uv": [ 0.96, 0.96, 3.04, 3.04 ], "texture": "#texture" },
				"south": { "uv": [ 0.96, 0.96, 3.04, 3.04 ], "texture": "#texture" },
				"west": { "uv": [ 0.96, 0.96, 3.04, 3.04 ], "texture": "#texture" },
				"east": { "uv": [ 0.96, 0.96, 3.04, 3.04 ], "texture": "#texture" }
			}
		},
		{
			"__comment": "Voxels-FFFF00",
			"from": [ 8, 4.5, 8.5 ],
			"to": [ 8.5, 5, 9 ],
			"faces": {
				"down": { "uv": [ 8.96, 4.96, 11.04, 7.04 ], "texture": "#texture" },
				"up": { "uv": [ 8.96, 4.96, 11.04, 7.04 ], "texture": "#texture" },
				"north": { "uv": [ 8.96, 4.96, 11.04, 7.04 ], "texture": "#texture" },
				"south": { "uv": [ 8.96, 4.96, 11.04, 7.04 ], "texture": "#texture" },
				"west": { "uv": [ 8.96, 4.96, 11.04, 7.04 ], "texture": "#texture" },
				"east": { "uv": [ 8.96, 4.96, 11.04, 7.04 ], "texture": "#texture" }
			}
		},
		{
			"__comment": "Voxels-FF9D3A",
			"from": [ 8, 5, 6 ],
			"to": [ 8.5, 5.5, 6.5 ],
			"faces": {
				"down": { "uv": [ 12.96, 8.96, 15.04, 11.04 ], "texture": "#texture" },
				"up": { "uv": [ 12.96, 8.96, 15.04, 11.04 ], "texture": "#texture" },
				"north": { "uv": [ 12.96, 8.96, 15.04, 11.04 ], "texture": "#texture" },
				"south": { "uv": [ 12.96, 8.96, 15.04, 11.04 ], "texture": "#texture" },
				"west": { "uv": [ 12.96, 8.96, 15.04, 11.04 ], "texture": "#texture" },
				"east": { "uv": [ 12.96, 8.96, 15.04, 11.04 ], "texture": "#texture" }
			}
		},
		{
			"__comment": "Voxels-FFB871",
			"from": [ 8, 5, 6.5 ],
			"to": [ 9.5, 5.5, 7 ],
			"faces": {
				"down": { "uv": [ 8.96, 8.96, 11.04, 11.04 ], "texture": "#texture" },
				"up": { "uv": [ 8.96, 8.96, 11.04, 11.04 ], "texture": "#texture" },
				"north": { "uv": [ 8.96, 8.96, 11.04, 11.04 ], "texture": "#texture" },
				"south": { "uv": [ 8.96, 8.96, 11.04, 11.04 ], "texture": "#texture" },
				"west": { "uv": [ 8.96, 8.96, 11.04, 11.04 ], "texture": "#texture" },
				"east": { "uv": [ 8.96, 8.96, 11.04, 11.04 ], "texture": "#texture" }
			}
		},
		{
			"__comment": "Voxels-FFF9DA",
			"from": [ 8, 5, 7 ],
			"to": [ 8.5, 5.5, 7.5 ],
			"faces": {
				"down": { "uv": [ 0.96, 8.96, 3.04, 11.04 ], "texture": "#texture" },
				"up": { "uv": [ 0.96, 8.96, 3.04, 11.04 ], "texture": "#texture" },
				"north": { "uv": [ 0.96, 8.96, 3.04, 11.04 ], "texture": "#texture" },
				"south": { "uv": [ 0.96, 8.96, 3.04, 11.04 ], "texture": "#texture" },
				"west": { "uv": [ 0.96, 8.96, 3.04, 11.04 ], "texture": "#texture" },
				"east": { "uv": [ 0.96, 8.96, 3.04, 11.04 ], "texture": "#texture" }
			}
		},
		{
			"__comment": "Voxels-FFF9DA",
			"from": [ 8, 5, 8 ],
			"to": [ 8.5, 5.5, 8.5 ],
			"faces": {
				"down": { "uv": [ 0.96, 8.96, 3.04, 11.04 ], "texture": "#texture" },
				"up": { "uv": [ 0.96, 8.96, 3.04, 11.04 ], "texture": "#texture" },
				"north": { "uv": [ 0.96, 8.96, 3.04, 11.04 ], "texture": "#texture" },
				"south": { "uv": [ 0.96, 8.96, 3.04, 11.04 ], "texture": "#texture" },
				"west": { "uv": [ 0.96, 8.96, 3.04, 11.04 ], "texture": "#texture" },
				"east": { "uv": [ 0.96, 8.96, 3.04, 11.04 ], "texture": "#texture" }
			}
		},
		{
			"__comment": "Voxels-FFFF00",
			"from": [ 8, 5, 9 ],
			"to": [ 9, 5.5, 9.5 ],
			"faces": {
				"down": { "uv": [ 8.96, 4.96, 11.04, 7.04 ], "texture": "#texture" },
				"up": { "uv": [ 8.96, 4.96, 11.04, 7.04 ], "texture": "#texture" },
				"north": { "uv": [ 8.96, 4.96, 11.04, 7.04 ], "texture": "#texture" },
				"south": { "uv": [ 8.96, 4.96, 11.04, 7.04 ], "texture": "#texture" },
				"west": { "uv": [ 8.96, 4.96, 11.04, 7.04 ], "texture": "#texture" },
				"east": { "uv": [ 8.96, 4.96, 11.04, 7.04 ], "texture": "#texture" }
			}
		},
		{
			"__comment": "Voxels-FFFF00",
			"from": [ 8, 5, 9.5 ],
			"to": [ 8.5, 5.5, 10 ],
			"faces": {
				"down": { "uv": [ 8.96, 4.96, 11.04, 7.04 ], "texture": "#texture" },
				"up": { "uv": [ 8.96, 4.96, 11.04, 7.04 ], "texture": "#texture" },
				"north": { "uv": [ 8.96, 4.96, 11.04, 7.04 ], "texture": "#texture" },
				"south": { "uv": [ 8.96, 4.96, 11.04, 7.04 ], "texture": "#texture" },
				"west": { "uv": [ 8.96, 4.96, 11.04, 7.04 ], "texture": "#texture" },
				"east": { "uv": [ 8.96, 4.96, 11.04, 7.04 ], "texture": "#texture" }
			}
		},
		{
			"__comment": "Voxels-FF8000",
			"from": [ 8, 5, 10 ],
			"to": [ 8.5, 5.5, 10.5 ],
			"faces": {
				"down": { "uv": [ 0.96, 4.96, 3.04, 7.04 ], "texture": "#texture" },
				"up": { "uv": [ 0.96, 4.96, 3.04, 7.04 ], "texture": "#texture" },
				"north": { "uv": [ 0.96, 4.96, 3.04, 7.04 ], "texture": "#texture" },
				"south": { "uv": [ 0.96, 4.96, 3.04, 7.04 ], "texture": "#texture" },
				"west": { "uv": [ 0.96, 4.96, 3.04, 7.04 ], "texture": "#texture" },
				"east": { "uv": [ 0.96, 4.96, 3.04, 7.04 ], "texture": "#texture" }
			}
		},
		{
			"__comment": "Voxels-FF8000",
			"from": [ 8.5, 4.5, 6 ],
			"to": [ 10, 5, 6.5 ],
			"faces": {
				"down": { "uv": [ 0.96, 4.96, 3.04, 7.04 ], "texture": "#texture" },
				"up": { "uv": [ 0.96, 4.96, 3.04, 7.04 ], "texture": "#texture" },
				"north": { "uv": [ 0.96, 4.96, 3.04, 7.04 ], "texture": "#texture" },
				"south": { "uv": [ 0.96, 4.96, 3.04, 7.04 ], "texture": "#texture" },
				"west": { "uv": [ 0.96, 4.96, 3.04, 7.04 ], "texture": "#texture" },
				"east": { "uv": [ 0.96, 4.96, 3.04, 7.04 ], "texture": "#texture" }
			}
		},
		{
			"__comment": "Voxels-FFB871",
			"from": [ 8.5, 4.5, 7 ],
			"to": [ 9.5, 5.5, 7.5 ],
			"faces": {
				"down": { "uv": [ 8.96, 8.96, 11.04, 11.04 ], "texture": "#texture" },
				"up": { "uv": [ 8.96, 8.96, 11.04, 11.04 ], "texture": "#texture" },
				"north": { "uv": [ 8.96, 8.96, 11.04, 11.04 ], "texture": "#texture" },
				"south": { "uv": [ 8.96, 8.96, 11.04, 11.04 ], "texture": "#texture" },
				"west": { "uv": [ 8.96, 8.96, 11.04, 11.04 ], "texture": "#texture" },
				"east": { "uv": [ 8.96, 8.96, 11.04, 11.04 ], "texture": "#texture" }
			}
		},
		{
			"__comment": "Voxels-FF8000",
			"from": [ 8.5, 4.5, 8.5 ],
			"to": [ 11, 5, 9 ],
			"faces": {
				"down": { "uv": [ 0.96, 4.96, 3.04, 7.04 ], "texture": "#texture" },
				"up": { "uv": [ 0.96, 4.96, 3.04, 7.04 ], "texture": "#texture" },
				"north": { "uv": [ 0.96, 4.96, 3.04, 7.04 ], "texture": "#texture" },
				"south": { "uv": [ 0.96, 4.96, 3.04, 7.04 ], "texture": "#texture" },
				"west": { "uv": [ 0.96, 4.96, 3.04, 7.04 ], "texture": "#texture" },
				"east": { "uv": [ 0.96, 4.96, 3.04, 7.04 ], "texture": "#texture" }
			}
		},
		{
			"__comment": "Voxels-FFB871",
			"from": [ 8.5, 5, 8 ],
			"to": [ 10, 5.5, 8.5 ],
			"faces": {
				"down": { "uv": [ 8.96, 8.96, 11.04, 11.04 ], "texture": "#texture" },
				"up": { "uv": [ 8.96, 8.96, 11.04, 11.04 ], "texture": "#texture" },
				"north": { "uv": [ 8.96, 8.96, 11.04, 11.04 ], "texture": "#texture" },
				"south": { "uv": [ 8.96, 8.96, 11.04, 11.04 ], "texture": "#texture" },
				"west": { "uv": [ 8.96, 8.96, 11.04, 11.04 ], "texture": "#texture" },
				"east": { "uv": [ 8.96, 8.96, 11.04, 11.04 ], "texture": "#texture" }
			}
		},
		{
			"__comment": "Voxels-FFB871",
			"from": [ 8.5, 5, 8.5 ],
			"to": [ 9.5, 5.5, 9 ],
			"faces": {
				"down": { "uv": [ 8.96, 8.96, 11.04, 11.04 ], "texture": "#texture" },
				"up": { "uv": [ 8.96, 8.96, 11.04, 11.04 ], "texture": "#texture" },
				"north": { "uv": [ 8.96, 8.96, 11.04, 11.04 ], "texture": "#texture" },
				"south": { "uv": [ 8.96, 8.96, 11.04, 11.04 ], "texture": "#texture" },
				"west": { "uv": [ 8.96, 8.96, 11.04, 11.04 ], "texture": "#texture" },
				"east": { "uv": [ 8.96, 8.96, 11.04, 11.04 ], "texture": "#texture" }
			}
		},
		{
			"__comment": "Voxels-FF9D3A",
			"from": [ 8.5, 5, 9.5 ],
			"to": [ 9.5, 5.5, 10 ],
			"faces": {
				"down": { "uv": [ 12.96, 8.96, 15.04, 11.04 ], "texture": "#texture" },
				"up": { "uv": [ 12.96, 8.96, 15.04, 11.04 ], "texture": "#texture" },
				"north": { "uv": [ 12.96, 8.96, 15.04, 11.04 ], "texture": "#texture" },
				"south": { "uv": [ 12.96, 8.96, 15.04, 11.04 ], "texture": "#texture" },
				"west": { "uv": [ 12.96, 8.96, 15.04, 11.04 ], "texture": "#texture" },
				"east": { "uv": [ 12.96, 8.96, 15.04, 11.04 ], "texture": "#texture" }
			}
		},
		{
			"__comment": "Voxels-FFF9DA",
			"from": [ 9, 3, 5 ],
			"to": [ 15, 3.5, 5.5 ],
			"faces": {
				"down": { "uv": [ 0.96, 8.96, 3.04, 11.04 ], "texture": "#texture" },
				"up": { "uv": [ 0.96, 8.96, 3.04, 11.04 ], "texture": "#texture" },
				"north": { "uv": [ 0.96, 8.96, 3.04, 11.04 ], "texture": "#texture" },
				"south": { "uv": [ 0.96, 8.96, 3.04, 11.04 ], "texture": "#texture" },
				"west": { "uv": [ 0.96, 8.96, 3.04, 11.04 ], "texture": "#texture" },
				"east": { "uv": [ 0.96, 8.96, 3.04, 11.04 ], "texture": "#texture" }
			}
		},
		{
			"__comment": "Voxels-FFF9DA",
			"from": [ 9, 3.5, 5.5 ],
			"to": [ 15, 4, 6 ],
			"faces": {
				"down": { "uv": [ 0.96, 8.96, 3.04, 11.04 ], "texture": "#texture" },
				"up": { "uv": [ 0.96, 8.96, 3.04, 11.04 ], "texture": "#texture" },
				"north": { "uv": [ 0.96, 8.96, 3.04, 11.04 ], "texture": "#texture" },
				"south": { "uv": [ 0.96, 8.96, 3.04, 11.04 ], "texture": "#texture" },
				"west": { "uv": [ 0.96, 8.96, 3.04, 11.04 ], "texture": "#texture" },
				"east": { "uv": [ 0.96, 8.96, 3.04, 11.04 ], "texture": "#texture" }
			}
		},
		{
			"__comment": "Voxels-FFF9DA",
			"from": [ 9, 3.5, 9.5 ],
			"to": [ 15.5, 4, 10 ],
			"faces": {
				"down": { "uv": [ 0.96, 8.96, 3.04, 11.04 ], "texture": "#texture" },
				"up": { "uv": [ 0.96, 8.96, 3.04, 11.04 ], "texture": "#texture" },
				"north": { "uv": [ 0.96, 8.96, 3.04, 11.04 ], "texture": "#texture" },
				"south": { "uv": [ 0.96, 8.96, 3.04, 11.04 ], "texture": "#texture" },
				"west": { "uv": [ 0.96, 8.96, 3.04, 11.04 ], "texture": "#texture" },
				"east": { "uv": [ 0.96, 8.96, 3.04, 11.04 ], "texture": "#texture" }
			}
		},
		{
			"__comment": "Voxels-FFB871",
			"from": [ 9, 5, 7.5 ],
			"to": [ 9.5, 5.5, 8 ],
			"faces": {
				"down": { "uv": [ 8.96, 8.96, 11.04, 11.04 ], "texture": "#texture" },
				"up": { "uv": [ 8.96, 8.96, 11.04, 11.04 ], "texture": "#texture" },
				"north": { "uv": [ 8.96, 8.96, 11.04, 11.04 ], "texture": "#texture" },
				"south": { "uv": [ 8.96, 8.96, 11.04, 11.04 ], "texture": "#texture" },
				"west": { "uv": [ 8.96, 8.96, 11.04, 11.04 ], "texture": "#texture" },
				"east": { "uv": [ 8.96, 8.96, 11.04, 11.04 ], "texture": "#texture" }
			}
		},
		{
			"__comment": "Voxels-FF9D3A",
			"from": [ 9, 5, 9 ],
			"to": [ 9.5, 5.5, 9.5 ],
			"faces": {
				"down": { "uv": [ 12.96, 8.96, 15.04, 11.04 ], "texture": "#texture" },
				"up": { "uv": [ 12.96, 8.96, 15.04, 11.04 ], "texture": "#texture" },
				"north": { "uv": [ 12.96, 8.96, 15.04, 11.04 ], "texture": "#texture" },
				"south": { "uv": [ 12.96, 8.96, 15.04, 11.04 ], "texture": "#texture" },
				"west": { "uv": [ 12.96, 8.96, 15.04, 11.04 ], "texture": "#texture" },
				"east": { "uv": [ 12.96, 8.96, 15.04, 11.04 ], "texture": "#texture" }
			}
		},
		{
			"__comment": "Voxels-FFF9DA",
			"from": [ 9.5, 4, 10 ],
			"to": [ 13.5, 4.5, 10.5 ],
			"faces": {
				"down": { "uv": [ 0.96, 8.96, 3.04, 11.04 ], "texture": "#texture" },
				"up": { "uv": [ 0.96, 8.96, 3.04, 11.04 ], "texture": "#texture" },
				"north": { "uv": [ 0.96, 8.96, 3.04, 11.04 ], "texture": "#texture" },
				"south": { "uv": [ 0.96, 8.96, 3.04, 11.04 ], "texture": "#texture" },
				"west": { "uv": [ 0.96, 8.96, 3.04, 11.04 ], "texture": "#texture" },
				"east": { "uv": [ 0.96, 8.96, 3.04, 11.04 ], "texture": "#texture" }
			}
		},
		{
			"__comment": "Voxels-FF8000",
			"from": [ 9.5, 4.5, 7 ],
			"to": [ 10.5, 5, 7.5 ],
			"faces": {
				"down": { "uv": [ 0.96, 4.96, 3.04, 7.04 ], "texture": "#texture" },
				"up": { "uv": [ 0.96, 4.96, 3.04, 7.04 ], "texture": "#texture" },
				"north": { "uv": [ 0.96, 4.96, 3.04, 7.04 ], "texture": "#texture" },
				"south": { "uv": [ 0.96, 4.96, 3.04, 7.04 ], "texture": "#texture" },
				"west": { "uv": [ 0.96, 4.96, 3.04, 7.04 ], "texture": "#texture" },
				"east": { "uv": [ 0.96, 4.96, 3.04, 7.04 ], "texture": "#texture" }
			}
		},
		{
			"__comment": "Voxels-FF8000",
			"from": [ 9.5, 4.5, 10 ],
			"to": [ 10, 5, 10.5 ],
			"faces": {
				"down": { "uv": [ 0.96, 4.96, 3.04, 7.04 ], "texture": "#texture" },
				"up": { "uv": [ 0.96, 4.96, 3.04, 7.04 ], "texture": "#texture" },
				"north": { "uv": [ 0.96, 4.96, 3.04, 7.04 ], "texture": "#texture" },
				"south": { "uv": [ 0.96, 4.96, 3.04, 7.04 ], "texture": "#texture" },
				"west": { "uv": [ 0.96, 4.96, 3.04, 7.04 ], "texture": "#texture" },
				"east": { "uv": [ 0.96, 4.96, 3.04, 7.04 ], "texture": "#texture" }
			}
		},
		{
			"__comment": "Voxels-FF9D3A",
			"from": [ 9.5, 5, 7 ],
			"to": [ 10, 5.5, 8 ],
			"faces": {
				"down": { "uv": [ 12.96, 8.96, 15.04, 11.04 ], "texture": "#texture" },
				"up": { "uv": [ 12.96, 8.96, 15.04, 11.04 ], "texture": "#texture" },
				"north": { "uv": [ 12.96, 8.96, 15.04, 11.04 ], "texture": "#texture" },
				"south": { "uv": [ 12.96, 8.96, 15.04, 11.04 ], "texture": "#texture" },
				"west": { "uv": [ 12.96, 8.96, 15.04, 11.04 ], "texture": "#texture" },
				"east": { "uv": [ 12.96, 8.96, 15.04, 11.04 ], "texture": "#texture" }
			}
		},
		{
			"__comment": "Voxels-FF9D3A",
			"from": [ 9.5, 5, 8.5 ],
			"to": [ 10, 5.5, 9 ],
			"faces": {
				"down": { "uv": [ 12.96, 8.96, 15.04, 11.04 ], "texture": "#texture" },
				"up": { "uv": [ 12.96, 8.96, 15.04, 11.04 ], "texture": "#texture" },
				"north": { "uv": [ 12.96, 8.96, 15.04, 11.04 ], "texture": "#texture" },
				"south": { "uv": [ 12.96, 8.96, 15.04, 11.04 ], "texture": "#texture" },
				"west": { "uv": [ 12.96, 8.96, 15.04, 11.04 ], "texture": "#texture" },
				"east": { "uv": [ 12.96, 8.96, 15.04, 11.04 ], "texture": "#texture" }
			}
		},
		{
			"__comment": "Voxels-FF8000",
			"from": [ 9.5, 5, 9 ],
			"to": [ 10, 5.5, 9.5 ],
			"faces": {
				"down": { "uv": [ 0.96, 4.96, 3.04, 7.04 ], "texture": "#texture" },
				"up": { "uv": [ 0.96, 4.96, 3.04, 7.04 ], "texture": "#texture" },
				"north": { "uv": [ 0.96, 4.96, 3.04, 7.04 ], "texture": "#texture" },
				"south": { "uv": [ 0.96, 4.96, 3.04, 7.04 ], "texture": "#texture" },
				"west": { "uv": [ 0.96, 4.96, 3.04, 7.04 ], "texture": "#texture" },
				"east": { "uv": [ 0.96, 4.96, 3.04, 7.04 ], "texture": "#texture" }
			}
		},
		{
			"__comment": "Voxels-FFF9DA",
			"from": [ 10, 4, 6 ],
			"to": [ 13.5, 4.5, 6.5 ],
			"faces": {
				"down": { "uv": [ 0.96, 8.96, 3.04, 11.04 ], "texture": "#texture" },
				"up": { "uv": [ 0.96, 8.96, 3.04, 11.04 ], "texture": "#texture" },
				"north": { "uv": [ 0.96, 8.96, 3.04, 11.04 ], "texture": "#texture" },
				"south": { "uv": [ 0.96, 8.96, 3.04, 11.04 ], "texture": "#texture" },
				"west": { "uv": [ 0.96, 8.96, 3.04, 11.04 ], "texture": "#texture" },
				"east": { "uv": [ 0.96, 8.96, 3.04, 11.04 ], "texture": "#texture" }
			}
		},
		{
			"__comment": "Voxels-FFF9DA",
			"from": [ 10, 4, 13 ],
			"to": [ 11, 4.5, 13.5 ],
			"faces": {
				"down": { "uv": [ 0.96, 8.96, 3.04, 11.04 ], "texture": "#texture" },
				"up": { "uv": [ 0.96, 8.96, 3.04, 11.04 ], "texture": "#texture" },
				"north": { "uv": [ 0.96, 8.96, 3.04, 11.04 ], "texture": "#texture" },
				"south": { "uv": [ 0.96, 8.96, 3.04, 11.04 ], "texture": "#texture" },
				"west": { "uv": [ 0.96, 8.96, 3.04, 11.04 ], "texture": "#texture" },
				"east": { "uv": [ 0.96, 8.96, 3.04, 11.04 ], "texture": "#texture" }
			}
		},
		{
			"__comment": "Voxels-FF9D3A",
			"from": [ 10, 5, 8 ],
			"to": [ 10.5, 5.5, 8.5 ],
			"faces": {
				"down": { "uv": [ 12.96, 8.96, 15.04, 11.04 ], "texture": "#texture" },
				"up": { "uv": [ 12.96, 8.96, 15.04, 11.04 ], "texture": "#texture" },
				"north": { "uv": [ 12.96, 8.96, 15.04, 11.04 ], "texture": "#texture" },
				"south": { "uv": [ 12.96, 8.96, 15.04, 11.04 ], "texture": "#texture" },
				"west": { "uv": [ 12.96, 8.96, 15.04, 11.04 ], "texture": "#texture" },
				"east": { "uv": [ 12.96, 8.96, 15.04, 11.04 ], "texture": "#texture" }
			}
		},
		{
			"__comment": "Voxels-FFF9DA",
			"from": [ 10.5, 4, 6.5 ],
			"to": [ 13.5, 4.5, 10 ],
			"faces": {
				"down": { "uv": [ 0.96, 8.96, 3.04, 11.04 ], "texture": "#texture" },
				"up": { "uv": [ 0.96, 8.96, 3.04, 11.04 ], "texture": "#texture" },
				"north": { "uv": [ 0.96, 8.96, 3.04, 11.04 ], "texture": "#texture" },
				"south": { "uv": [ 0.96, 8.96, 3.04, 11.04 ], "texture": "#texture" },
				"west": { "uv": [ 0.96, 8.96, 3.04, 11.04 ], "texture": "#texture" },
				"east": { "uv": [ 0.96, 8.96, 3.04, 11.04 ], "texture": "#texture" }
			}
		},
		{
			"__comment": "Voxels-FFF9DA",
			"from": [ 11.5, 4, 13 ],
			"to": [ 12, 4.5, 13.5 ],
			"faces": {
				"down": { "uv": [ 0.96, 8.96, 3.04, 11.04 ], "texture": "#texture" },
				"up": { "uv": [ 0.96, 8.96, 3.04, 11.04 ], "texture": "#texture" },
				"north": { "uv": [ 0.96, 8.96, 3.04, 11.04 ], "texture": "#texture" },
				"south": { "uv": [ 0.96, 8.96, 3.04, 11.04 ], "texture": "#texture" },
				"west": { "uv": [ 0.96, 8.96, 3.04, 11.04 ], "texture": "#texture" },
				"east": { "uv": [ 0.96, 8.96, 3.04, 11.04 ], "texture": "#texture" }
			}
		},
		{
			"__comment": "Voxels-FFF9DA",
			"from": [ 12, 3.5, 3 ],
			"to": [ 13, 4, 3.5 ],
			"faces": {
				"down": { "uv": [ 0.96, 8.96, 3.04, 11.04 ], "texture": "#texture" },
				"up": { "uv": [ 0.96, 8.96, 3.04, 11.04 ], "texture": "#texture" },
				"north": { "uv": [ 0.96, 8.96, 3.04, 11.04 ], "texture": "#texture" },
				"south": { "uv": [ 0.96, 8.96, 3.04, 11.04 ], "texture": "#texture" },
				"west": { "uv": [ 0.96, 8.96, 3.04, 11.04 ], "texture": "#texture" },
				"east": { "uv": [ 0.96, 8.96, 3.04, 11.04 ], "texture": "#texture" }
			}
		},
		{
			"__comment": "Voxels-FFF9DA",
			"from": [ 13, 3.5, 4 ],
			"to": [ 13.5, 4, 4.5 ],
			"faces": {
				"down": { "uv": [ 0.96, 8.96, 3.04, 11.04 ], "texture": "#texture" },
				"up": { "uv": [ 0.96, 8.96, 3.04, 11.04 ], "texture": "#texture" },
				"north": { "uv": [ 0.96, 8.96, 3.04, 11.04 ], "texture": "#texture" },
				"south": { "uv": [ 0.96, 8.96, 3.04, 11.04 ], "texture": "#texture" },
				"west": { "uv": [ 0.96, 8.96, 3.04, 11.04 ], "texture": "#texture" },
				"east": { "uv": [ 0.96, 8.96, 3.04, 11.04 ], "texture": "#texture" }
			}
		},
		{
			"__comment": "Voxels-FFF9DA",
			"from": [ 13.5, 3, 4 ],
			"to": [ 14, 3.5, 5 ],
			"faces": {
				"down": { "uv": [ 0.96, 8.96, 3.04, 11.04 ], "texture": "#texture" },
				"up": { "uv": [ 0.96, 8.96, 3.04, 11.04 ], "texture": "#texture" },
				"north": { "uv": [ 0.96, 8.96, 3.04, 11.04 ], "texture": "#texture" },
				"south": { "uv": [ 0.96, 8.96, 3.04, 11.04 ], "texture": "#texture" },
				"west": { "uv": [ 0.96, 8.96, 3.04, 11.04 ], "texture": "#texture" },
				"east": { "uv": [ 0.96, 8.96, 3.04, 11.04 ], "texture": "#texture" }
			}
		},
		{
			"__comment": "Voxels-FFF9DA",
			"from": [ 13.5, 4, 7 ],
			"to": [ 14, 4.5, 9.5 ],
			"faces": {
				"down": { "uv": [ 0.96, 8.96, 3.04, 11.04 ], "texture": "#texture" },
				"up": { "uv": [ 0.96, 8.96, 3.04, 11.04 ], "texture": "#texture" },
				"north": { "uv": [ 0.96, 8.96, 3.04, 11.04 ], "texture": "#texture" },
				"south": { "uv": [ 0.96, 8.96, 3.04, 11.04 ], "texture": "#texture" },
				"west": { "uv": [ 0.96, 8.96, 3.04, 11.04 ], "texture": "#texture" },
				"east": { "uv": [ 0.96, 8.96, 3.04, 11.04 ], "texture": "#texture" }
			}
		},
		{
			"__comment": "Voxels-FFF9DA",
			"from": [ 14, 3, 4.5 ],
			"to": [ 14.5, 3.5, 5 ],
			"faces": {
				"down": { "uv": [ 0.96, 8.96, 3.04, 11.04 ], "texture": "#texture" },
				"up": { "uv": [ 0.96, 8.96, 3.04, 11.04 ], "texture": "#texture" },
				"north": { "uv": [ 0.96, 8.96, 3.04, 11.04 ], "texture": "#texture" },
				"south": { "uv": [ 0.96, 8.96, 3.04, 11.04 ], "texture": "#texture" },
				"west": { "uv": [ 0.96, 8.96, 3.04, 11.04 ], "texture": "#texture" },
				"east": { "uv": [ 0.96, 8.96, 3.04, 11.04 ], "texture": "#texture" }
			}
		},
		{
			"__comment": "Voxels-FFF9DA",
			"from": [ 14, 3.5, 5 ],
			"to": [ 14.5, 4, 5.5 ],
			"faces": {
				"down": { "uv": [ 0.96, 8.96, 3.04, 11.04 ], "texture": "#texture" },
				"up": { "uv": [ 0.96, 8.96, 3.04, 11.04 ], "texture": "#texture" },
				"north": { "uv": [ 0.96, 8.96, 3.04, 11.04 ], "texture": "#texture" },
				"south": { "uv": [ 0.96, 8.96, 3.04, 11.04 ], "texture": "#texture" },
				"west": { "uv": [ 0.96, 8.96, 3.04, 11.04 ], "texture": "#texture" },
				"east": { "uv": [ 0.96, 8.96, 3.04, 11.04 ], "texture": "#texture" }
			}
		},
		{
			"__comment": "Voxels-FFF9DA",
			"from": [ 15, 3.5, 7 ],
			"to": [ 15.5, 4, 7.5 ],
			"faces": {
				"down": { "uv": [ 0.96, 8.96, 3.04, 11.04 ], "texture": "#texture" },
				"up": { "uv": [ 0.96, 8.96, 3.04, 11.04 ], "texture": "#texture" },
				"north": { "uv": [ 0.96, 8.96, 3.04, 11.04 ], "texture": "#texture" },
				"south": { "uv": [ 0.96, 8.96, 3.04, 11.04 ], "texture": "#texture" },
				"west": { "uv": [ 0.96, 8.96, 3.04, 11.04 ], "texture": "#texture" },
				"east": { "uv": [ 0.96, 8.96, 3.04, 11.04 ], "texture": "#texture" }
			}
		},
		{
			"__comment": "Voxels-FFF9DA",
			"from": [ 15, 3.5, 9 ],
			"to": [ 15.5, 4, 9.5 ],
			"faces": {
				"down": { "uv": [ 0.96, 8.96, 3.04, 11.04 ], "texture": "#texture" },
				"up": { "uv": [ 0.96, 8.96, 3.04, 11.04 ], "texture": "#texture" },
				"north": { "uv": [ 0.96, 8.96, 3.04, 11.04 ], "texture": "#texture" },
				"south": { "uv": [ 0.96, 8.96, 3.04, 11.04 ], "texture": "#texture" },
				"west": { "uv": [ 0.96, 8.96, 3.04, 11.04 ], "texture": "#texture" },
				"east": { "uv": [ 0.96, 8.96, 3.04, 11.04 ], "texture": "#texture" }
			}
		},
		{
			"__comment": "Voxels-FFF9DA",
			"from": [ 15.5, 3, 8.5 ],
			"to": [ 16, 3.5, 9.5 ],
			"faces": {
				"down": { "uv": [ 0.96, 8.96, 3.04, 11.04 ], "texture": "#texture" },
				"up": { "uv": [ 0.96, 8.96, 3.04, 11.04 ], "texture": "#texture" },
				"north": { "uv": [ 0.96, 8.96, 3.04, 11.04 ], "texture": "#texture" },
				"south": { "uv": [ 0.96, 8.96, 3.04, 11.04 ], "texture": "#texture" },
				"west": { "uv": [ 0.96, 8.96, 3.04, 11.04 ], "texture": "#texture" },
				"east": { "uv": [ 0.96, 8.96, 3.04, 11.04 ], "texture": "#texture" }
			}
		}
	],
	"display": {
		"thirdperson_righthand": {
			"rotation":  [ 11, 20, -44 ],
			"translation":  [ 1.0434, 1.4608, 0.626 ],
			"scale":  [ 0.6, 0.6, 0.6 ]
		},
		"thirdperson_lefthand": {
			"rotation":  [ 11, 20, -44 ],
			"translation":  [ 1.0434, 1.4608, 0.626 ],
			"scale":  [ 0.6, 0.6, 0.6 ]
		},
		"firstperson_righthand": {
			"rotation":  [ 0, 0, 25 ],
			"translation":  [ 0, 5.2173, 0 ]
		},
		"firstperson_lefthand": {
			"rotation":  [ 0, 0, 25 ],
			"translation":  [ 0, 5.2173, 0 ]
		},
		"gui": {
			"rotation":  [ 30, 225, 0 ],
			"scale":  [ 0.625, 0.625, 0.625 ]
		},
		"head": {
			"translation":  [ -1.043, 11.686, 0 ],
			"scale":  [ 0.9, 0.9, 0.9 ]
		},
		"ground": {
			"translation":  [ 0, 3, 0 ],
			"scale":  [ 0.25, 0.25, 0.25 ]
		},
		"fixed": {
			"rotation":  [ 38, 0, -5 ],
			"translation":  [ 0, 0, 4.1739 ]
		}
	}
}