{
"__comment": "Designed by Zorigami",
"textures": {
    "texture": "blocks/hats/straw_hat_top",
    "straw_hat_side": "blocks/hats/straw_hat_side",
    "straw_hat_flower": "blocks/hats/straw_hat_flower"
},
"elements": [ 
{
    "__comment": "Brim",
    "from": [ 2.5, 6.75, 6.5 ],
    "to": [ 3, 7.25, 8.5 ],
    "faces": {
        "down":  { "uv": [ 2.501, 8.499, 2.999, 6.501 ], "texture": "#texture" },
        "up":    { "uv": [ 2.501, 6.501, 2.999, 8.499 ], "texture": "#texture" },
        "north": { "uv": [ 2.999, 6.501, 2.501, 6.999 ], "texture": "#texture" },
        "south": { "uv": [ 2.501, 8.499, 2.999, 8.001 ], "texture": "#texture" },
        "west":  { "uv": [ 2.501, 6.501, 2.999, 8.499 ], "rotation": 270, "texture": "#texture" },
        "east":  { "uv": [ 2.999, 6.501, 2.501, 8.499 ], "rotation": 90, "texture": "#texture" }
    }
},
{
    "__comment": "Brim",
    "from": [ 2.5, 6.5, 9 ],
    "to": [ 4, 7, 9.5 ],
    "faces": {
        "down":  { "uv": [ 2.501, 9.499, 3.999, 9.001 ], "texture": "#texture" },
        "up":    { "uv": [ 2.501, 9.001, 3.999, 9.499 ], "texture": "#texture" },
        "north": { "uv": [ 3.999, 9.001, 2.501, 9.499 ], "texture": "#texture" },
        "south": { "uv": [ 2.501, 9.499, 3.999, 9.001 ], "texture": "#texture" },
        "west":  { "uv": [ 2.501, 9.001, 2.999, 9.499 ], "rotation": 270, "texture": "#texture" },
        "east":  { "uv": [ 3.999, 9.001, 3.501, 9.499 ], "rotation": 90, "texture": "#texture" }
    }
},
{
    "__comment": "Brim",
    "from": [ 3, 6.75, 5 ],
    "to": [ 4.5, 7.25, 6 ],
    "faces": {
        "down":  { "uv": [ 3.001, 5.999, 4.499, 5.001 ], "texture": "#texture" },
        "up":    { "uv": [ 3.001, 5.001, 4.499, 5.999 ], "texture": "#texture" },
        "north": { "uv": [ 4.499, 5.001, 3.001, 5.499 ], "texture": "#texture" },
        "south": { "uv": [ 3.001, 5.999, 4.499, 5.501 ], "texture": "#texture" },
        "west":  { "uv": [ 3.001, 5.001, 3.499, 5.999 ], "rotation": 270, "texture": "#texture" },
        "east":  { "uv": [ 4.499, 5.001, 4.001, 5.999 ], "rotation": 90, "texture": "#texture" }
    }
},
{
    "__comment": "Brim",
    "from": [ 3, 6.75, 7 ],
    "to": [ 3.5, 7.25, 9 ],
    "faces": {
        "down":  { "uv": [ 3.001, 8.999, 3.499, 7.001 ], "texture": "#texture" },
        "up":    { "uv": [ 3.001, 7.001, 3.499, 8.999 ], "texture": "#texture" },
        "north": { "uv": [ 3.499, 7.001, 3.001, 7.499 ], "texture": "#texture" },
        "south": { "uv": [ 3.001, 8.999, 3.499, 8.501 ], "texture": "#texture" },
        "west":  { "uv": [ 3.001, 7.001, 3.499, 8.999 ], "rotation": 270, "texture": "#texture" },
        "east":  { "uv": [ 3.499, 7.001, 3.001, 8.999 ], "rotation": 90, "texture": "#texture" }
    }
},
{
    "__comment": "Brim",
    "from": [ 3, 6.5, 10 ],
    "to": [ 5, 7, 11 ],
    "faces": {
        "down":  { "uv": [ 3.001, 10.999, 4.999, 10.001 ], "texture": "#texture" },
        "up":    { "uv": [ 3.001, 10.001, 4.999, 10.999 ], "texture": "#texture" },
        "north": { "uv": [ 4.999, 10.001, 3.001, 10.499 ], "texture": "#texture" },
        "south": { "uv": [ 3.001, 10.999, 4.999, 10.501 ], "texture": "#texture" },
        "west":  { "uv": [ 3.001, 10.001, 3.499, 10.999 ], "rotation": 270, "texture": "#texture" },
        "east":  { "uv": [ 4.999, 10.001, 4.501, 10.999 ], "rotation": 90, "texture": "#texture" }
    }
},
{
    "__comment": "Brim",
    "from": [ 3.5, 6.75, 4.5 ],
    "to": [ 4, 7.25, 5 ],
    "faces": {
        "down":  { "uv": [ 3.501, 4.999, 3.999, 4.501 ], "texture": "#texture" },
        "up":    { "uv": [ 3.501, 4.501, 3.999, 4.999 ], "texture": "#texture" },
        "north": { "uv": [ 3.999, 4.501, 3.501, 4.999 ], "texture": "#texture" },
        "south": { "uv": [ 3.501, 4.999, 3.999, 4.501 ], "texture": "#texture" },
        "west":  { "uv": [ 3.501, 4.501, 3.999, 4.999 ], "rotation": 270, "texture": "#texture" },
        "east":  { "uv": [ 3.999, 4.501, 3.501, 4.999 ], "rotation": 90, "texture": "#texture" }
    }
},
{
    "__comment": "Brim",
    "from": [ 3.5, 6.5, 6 ],
    "to": [ 5.5, 7, 7.5 ],
    "faces": {
        "down":  { "uv": [ 3.501, 7.499, 5.499, 6.001 ], "texture": "#texture" },
        "up":    { "uv": [ 3.501, 6.001, 5.499, 7.499 ], "texture": "#texture" },
        "north": { "uv": [ 5.499, 6.001, 3.501, 6.499 ], "texture": "#texture" },
        "south": { "uv": [ 3.501, 7.499, 5.499, 7.001 ], "texture": "#texture" },
        "west":  { "uv": [ 3.501, 6.001, 3.999, 7.499 ], "rotation": 270, "texture": "#texture" },
        "east":  { "uv": [ 5.499, 6.001, 5.001, 7.499 ], "rotation": 90, "texture": "#texture" }
    }
},
{
    "__comment": "Brim",
    "from": [ 3.5, 6.5, 8 ],
    "to": [ 5.5, 7, 9 ],
    "faces": {
        "down":  { "uv": [ 3.501, 8.999, 5.499, 8.001 ], "texture": "#texture" },
        "up":    { "uv": [ 3.501, 8.001, 5.499, 8.999 ], "texture": "#texture" },
        "north": { "uv": [ 5.499, 8.001, 3.501, 8.499 ], "texture": "#texture" },
        "south": { "uv": [ 3.501, 8.999, 5.499, 8.501 ], "texture": "#texture" },
        "west":  { "uv": [ 3.501, 8.001, 3.999, 8.999 ], "rotation": 270, "texture": "#texture" },
        "east":  { "uv": [ 5.499, 8.001, 5.001, 8.999 ], "rotation": 90, "texture": "#texture" }
    }
},
{
    "__comment": "Brim",
    "from": [ 3.5, 6.75, 11 ],
    "to": [ 4.5, 7.25, 11.5 ],
    "faces": {
        "down":  { "uv": [ 3.501, 11.499, 4.499, 11.001 ], "texture": "#texture" },
        "up":    { "uv": [ 3.501, 11.001, 4.499, 11.499 ], "texture": "#texture" },
        "north": { "uv": [ 4.499, 11.001, 3.501, 11.499 ], "texture": "#texture" },
        "south": { "uv": [ 3.501, 11.499, 4.499, 11.001 ], "texture": "#texture" },
        "west":  { "uv": [ 3.501, 11.001, 3.999, 11.499 ], "rotation": 270, "texture": "#texture" },
        "east":  { "uv": [ 4.499, 11.001, 4.001, 11.499 ], "rotation": 90, "texture": "#texture" }
    }
},
{
    "__comment": "Brim",
    "from": [ 4, 6.5, 4 ],
    "to": [ 5, 7, 4.5 ],
    "faces": {
        "down":  { "uv": [ 4.001, 4.499, 4.999, 4.001 ], "texture": "#texture" },
        "up":    { "uv": [ 4.001, 4.001, 4.999, 4.499 ], "texture": "#texture" },
        "north": { "uv": [ 4.999, 4.001, 4.001, 4.499 ], "texture": "#texture" },
        "south": { "uv": [ 4.001, 4.499, 4.999, 4.001 ], "texture": "#texture" },
        "west":  { "uv": [ 4.001, 4.001, 4.499, 4.499 ], "rotation": 270, "texture": "#texture" },
        "east":  { "uv": [ 4.999, 4.001, 4.501, 4.499 ], "rotation": 90, "texture": "#texture" }
    }
},
{
    "__comment": "Brim",
    "from": [ 4, 6.5, 7.5 ],
    "to": [ 5.5, 7, 8 ],
    "faces": {
        "down":  { "uv": [ 4.001, 7.999, 5.499, 7.501 ], "texture": "#texture" },
        "up":    { "uv": [ 4.001, 7.501, 5.499, 7.999 ], "texture": "#texture" },
        "north": { "uv": [ 5.499, 7.501, 4.001, 7.999 ], "texture": "#texture" },
        "south": { "uv": [ 4.001, 7.999, 5.499, 7.501 ], "texture": "#texture" },
        "west":  { "uv": [ 4.001, 7.501, 4.499, 7.999 ], "rotation": 270, "texture": "#texture" },
        "east":  { "uv": [ 5.499, 7.501, 5.001, 7.999 ], "rotation": 90, "texture": "#texture" }
    }
},
{
    "__comment": "Brim",
    "from": [ 4, 6.5, 9.5 ],
    "to": [ 6, 7, 10 ],
    "faces": {
        "down":  { "uv": [ 4.001, 9.999, 5.999, 9.501 ], "texture": "#texture" },
        "up":    { "uv": [ 4.001, 9.501, 5.999, 9.999 ], "texture": "#texture" },
        "north": { "uv": [ 5.999, 9.501, 4.001, 9.999 ], "texture": "#texture" },
        "south": { "uv": [ 4.001, 9.999, 5.999, 9.501 ], "texture": "#texture" },
        "west":  { "uv": [ 4.001, 9.501, 4.499, 9.999 ], "rotation": 270, "texture": "#texture" },
        "east":  { "uv": [ 5.999, 9.501, 5.501, 9.999 ], "rotation": 90, "texture": "#texture" }
    }
},
{
    "__comment": "Brim",
    "from": [ 4, 6.5, 11.5 ],
    "to": [ 6.5, 7, 12 ],
    "faces": {
        "down":  { "uv": [ 4.001, 11.999, 6.499, 11.501 ], "texture": "#texture" },
        "up":    { "uv": [ 4.001, 11.501, 6.499, 11.999 ], "texture": "#texture" },
        "north": { "uv": [ 6.499, 11.501, 4.001, 11.999 ], "texture": "#texture" },
        "south": { "uv": [ 4.001, 11.999, 6.499, 11.501 ], "texture": "#texture" },
        "west":  { "uv": [ 4.001, 11.501, 4.499, 11.999 ], "rotation": 270, "texture": "#texture" },
        "east":  { "uv": [ 6.499, 11.501, 6.001, 11.999 ], "rotation": 90, "texture": "#texture" }
    }
},
{
    "__comment": "Brim",
    "from": [ 4.5, 6.5, 4.5 ],
    "to": [ 11, 7, 5.5 ],
    "faces": {
        "down":  { "uv": [ 4.501, 5.499, 10.999, 4.501 ], "texture": "#texture" },
        "up":    { "uv": [ 4.501, 4.501, 10.999, 5.499 ], "texture": "#texture" },
        "north": { "uv": [ 10.999, 4.501, 4.501, 4.999 ], "texture": "#texture" },
        "south": { "uv": [ 4.501, 5.499, 10.999, 5.001 ], "texture": "#texture" },
        "west":  { "uv": [ 4.501, 4.501, 4.999, 5.499 ], "rotation": 270, "texture": "#texture" },
        "east":  { "uv": [ 10.999, 4.501, 10.501, 5.499 ], "rotation": 90, "texture": "#texture" }
    }
},
{
    "__comment": "Brim",
    "from": [ 4.5, 6.5, 9 ],
    "to": [ 6, 7, 9.5 ],
    "faces": {
        "down":  { "uv": [ 4.501, 9.499, 5.999, 9.001 ], "texture": "#texture" },
        "up":    { "uv": [ 4.501, 9.001, 5.999, 9.499 ], "texture": "#texture" },
        "north": { "uv": [ 5.999, 9.001, 4.501, 9.499 ], "texture": "#texture" },
        "south": { "uv": [ 4.501, 9.499, 5.999, 9.001 ], "texture": "#texture" },
        "west":  { "uv": [ 4.501, 9.001, 4.999, 9.499 ], "rotation": 270, "texture": "#texture" },
        "east":  { "uv": [ 5.999, 9.001, 5.501, 9.499 ], "rotation": 90, "texture": "#texture" }
    }
},
{
    "__comment": "Brim",
    "from": [ 4.5, 6.75, 12 ],
    "to": [ 5.5, 7.25, 12.5 ],
    "faces": {
        "down":  { "uv": [ 4.501, 12.499, 5.499, 12.001 ], "texture": "#texture" },
        "up":    { "uv": [ 4.501, 12.001, 5.499, 12.499 ], "texture": "#texture" },
        "north": { "uv": [ 5.499, 12.001, 4.501, 12.499 ], "texture": "#texture" },
        "south": { "uv": [ 4.501, 12.499, 5.499, 12.001 ], "texture": "#texture" },
        "west":  { "uv": [ 4.501, 12.001, 4.999, 12.499 ], "rotation": 270, "texture": "#texture" },
        "east":  { "uv": [ 5.499, 12.001, 5.001, 12.499 ], "rotation": 90, "texture": "#texture" }
    }
},
{
    "__comment": "Brim",
    "from": [ 5, 6.75, 3 ],
    "to": [ 5.5, 7.25, 4 ],
    "faces": {
        "down":  { "uv": [ 5.001, 3.999, 5.499, 3.001 ], "texture": "#texture" },
        "up":    { "uv": [ 5.001, 3.001, 5.499, 3.999 ], "texture": "#texture" },
        "north": { "uv": [ 5.499, 3.001, 5.001, 3.499 ], "texture": "#texture" },
        "south": { "uv": [ 5.001, 3.999, 5.499, 3.501 ], "texture": "#texture" },
        "west":  { "uv": [ 5.001, 3.001, 5.499, 3.999 ], "rotation": 270, "texture": "#texture" },
        "east":  { "uv": [ 5.499, 3.001, 5.001, 3.999 ], "rotation": 90, "texture": "#texture" }
    }
},
{
    "__comment": "Brim",
    "from": [ 5, 6.5, 5.5 ],
    "to": [ 7, 7, 6 ],
    "faces": {
        "down":  { "uv": [ 5.001, 5.999, 6.999, 5.501 ], "texture": "#texture" },
        "up":    { "uv": [ 5.001, 5.501, 6.999, 5.999 ], "texture": "#texture" },
        "north": { "uv": [ 6.999, 5.501, 5.001, 5.999 ], "texture": "#texture" },
        "south": { "uv": [ 5.001, 5.999, 6.999, 5.501 ], "texture": "#texture" },
        "west":  { "uv": [ 5.001, 5.501, 5.499, 5.999 ], "rotation": 270, "texture": "#texture" },
        "east":  { "uv": [ 6.999, 5.501, 6.501, 5.999 ], "rotation": 90, "texture": "#texture" }
    }
},
{
    "__comment": "Brim",
    "from": [ 5, 6.5, 10 ],
    "to": [ 7, 7, 10.5 ],
    "faces": {
        "down":  { "uv": [ 5.001, 10.499, 6.999, 10.001 ], "texture": "#texture" },
        "up":    { "uv": [ 5.001, 10.001, 6.999, 10.499 ], "texture": "#texture" },
        "north": { "uv": [ 6.999, 10.001, 5.001, 10.499 ], "texture": "#texture" },
        "south": { "uv": [ 5.001, 10.499, 6.999, 10.001 ], "texture": "#texture" },
        "west":  { "uv": [ 5.001, 10.001, 5.499, 10.499 ], "rotation": 270, "texture": "#texture" },
        "east":  { "uv": [ 6.999, 10.001, 6.501, 10.499 ], "rotation": 90, "texture": "#texture" }
    }
},
{
    "__comment": "Brim",
    "from": [ 5, 6.5, 11 ],
    "to": [ 11.5, 7, 11.5 ],
    "faces": {
        "down":  { "uv": [ 5.001, 11.499, 11.499, 11.001 ], "texture": "#texture" },
        "up":    { "uv": [ 5.001, 11.001, 11.499, 11.499 ], "texture": "#texture" },
        "north": { "uv": [ 11.499, 11.001, 5.001, 11.499 ], "texture": "#texture" },
        "south": { "uv": [ 5.001, 11.499, 11.499, 11.001 ], "texture": "#texture" },
        "west":  { "uv": [ 5.001, 11.001, 5.499, 11.499 ], "rotation": 270, "texture": "#texture" },
        "east":  { "uv": [ 11.499, 11.001, 11.001, 11.499 ], "rotation": 90, "texture": "#texture" }
    }
},
{
    "__comment": "Brim",
    "from": [ 5, 6.5, 12.5 ],
    "to": [ 6.5, 7, 13 ],
    "faces": {
        "down":  { "uv": [ 5.001, 12.999, 6.499, 12.501 ], "texture": "#texture" },
        "up":    { "uv": [ 5.001, 12.501, 6.499, 12.999 ], "texture": "#texture" },
        "north": { "uv": [ 6.499, 12.501, 5.001, 12.999 ], "texture": "#texture" },
        "south": { "uv": [ 5.001, 12.999, 6.499, 12.501 ], "texture": "#texture" },
        "west":  { "uv": [ 5.001, 12.501, 5.499, 12.999 ], "rotation": 270, "texture": "#texture" },
        "east":  { "uv": [ 6.499, 12.501, 6.001, 12.999 ], "rotation": 90, "texture": "#texture" }
    }
},
{
    "__comment": "Brim",
    "from": [ 5.5, 6.5, 3 ],
    "to": [ 7.5, 7, 3.5 ],
    "faces": {
        "down":  { "uv": [ 5.501, 3.499, 7.499, 3.001 ], "texture": "#texture" },
        "up":    { "uv": [ 5.501, 3.001, 7.499, 3.499 ], "texture": "#texture" },
        "north": { "uv": [ 7.499, 3.001, 5.501, 3.499 ], "texture": "#texture" },
        "south": { "uv": [ 5.501, 3.499, 7.499, 3.001 ], "texture": "#texture" },
        "west":  { "uv": [ 5.501, 3.001, 5.999, 3.499 ], "rotation": 270, "texture": "#texture" },
        "east":  { "uv": [ 7.499, 3.001, 7.001, 3.499 ], "rotation": 90, "texture": "#texture" }
    }
},
{
    "__comment": "Brim",
    "from": [ 5.5, 6.5, 4 ],
    "to": [ 10.5, 7, 4.5 ],
    "faces": {
        "down":  { "uv": [ 5.501, 4.499, 10.499, 4.001 ], "texture": "#texture" },
        "up":    { "uv": [ 5.501, 4.001, 10.499, 4.499 ], "texture": "#texture" },
        "north": { "uv": [ 10.499, 4.001, 5.501, 4.499 ], "texture": "#texture" },
        "south": { "uv": [ 5.501, 4.499, 10.499, 4.001 ], "texture": "#texture" },
        "west":  { "uv": [ 5.501, 4.001, 5.999, 4.499 ], "rotation": 270, "texture": "#texture" },
        "east":  { "uv": [ 10.499, 4.001, 10.001, 4.499 ], "rotation": 90, "texture": "#texture" }
    }
},
{
    "__comment": "Brim",
    "from": [ 5.5, 6.5, 6 ],
    "to": [ 6, 7, 7 ],
    "faces": {
        "down":  { "uv": [ 5.501, 6.999, 5.999, 6.001 ], "texture": "#texture" },
        "up":    { "uv": [ 5.501, 6.001, 5.999, 6.999 ], "texture": "#texture" },
        "north": { "uv": [ 5.999, 6.001, 5.501, 6.499 ], "texture": "#texture" },
        "south": { "uv": [ 5.501, 6.999, 5.999, 6.501 ], "texture": "#texture" },
        "west":  { "uv": [ 5.501, 6.001, 5.999, 6.999 ], "rotation": 270, "texture": "#texture" },
        "east":  { "uv": [ 5.999, 6.001, 5.501, 6.999 ], "rotation": 90, "texture": "#texture" }
    }
},
{
    "__comment": "Brim",
    "from": [ 5.5, 6.5, 10.5 ],
    "to": [ 13, 7, 11 ],
    "faces": {
        "down":  { "uv": [ 5.501, 10.999, 12.999, 10.501 ], "texture": "#texture" },
        "up":    { "uv": [ 5.501, 10.501, 12.999, 10.999 ], "texture": "#texture" },
        "north": { "uv": [ 12.999, 10.501, 5.501, 10.999 ], "texture": "#texture" },
        "south": { "uv": [ 5.501, 10.999, 12.999, 10.501 ], "texture": "#texture" },
        "west":  { "uv": [ 5.501, 10.501, 5.999, 10.999 ], "rotation": 270, "texture": "#texture" },
        "east":  { "uv": [ 12.999, 10.501, 12.501, 10.999 ], "rotation": 90, "texture": "#texture" }
    }
},
{
    "__comment": "Brim",
    "from": [ 6, 6.5, 3.5 ],
    "to": [ 8.5, 7, 4 ],
    "faces": {
        "down":  { "uv": [ 6.001, 3.999, 8.499, 3.501 ], "texture": "#texture" },
        "up":    { "uv": [ 6.001, 3.501, 8.499, 3.999 ], "texture": "#texture" },
        "north": { "uv": [ 8.499, 3.501, 6.001, 3.999 ], "texture": "#texture" },
        "south": { "uv": [ 6.001, 3.999, 8.499, 3.501 ], "texture": "#texture" },
        "west":  { "uv": [ 6.001, 3.501, 6.499, 3.999 ], "rotation": 270, "texture": "#texture" },
        "east":  { "uv": [ 8.499, 3.501, 8.001, 3.999 ], "rotation": 90, "texture": "#texture" }
    }
},
{
    "__comment": "Brim",
    "from": [ 6, 6.5, 12 ],
    "to": [ 8.5, 7, 12.5 ],
    "faces": {
        "down":  { "uv": [ 6.001, 12.499, 8.499, 12.001 ], "texture": "#texture" },
        "up":    { "uv": [ 6.001, 12.001, 8.499, 12.499 ], "texture": "#texture" },
        "north": { "uv": [ 8.499, 12.001, 6.001, 12.499 ], "texture": "#texture" },
        "south": { "uv": [ 6.001, 12.499, 8.499, 12.001 ], "texture": "#texture" },
        "west":  { "uv": [ 6.001, 12.001, 6.499, 12.499 ], "rotation": 270, "texture": "#texture" },
        "east":  { "uv": [ 8.499, 12.001, 8.001, 12.499 ], "rotation": 90, "texture": "#texture" }
    }
},
{
    "__comment": "Brim",
    "from": [ 6.5, 6.75, 2.5 ],
    "to": [ 8, 7.25, 3 ],
    "faces": {
        "down":  { "uv": [ 6.501, 2.999, 7.999, 2.501 ], "texture": "#texture" },
        "up":    { "uv": [ 6.501, 2.501, 7.999, 2.999 ], "texture": "#texture" },
        "north": { "uv": [ 7.999, 2.501, 6.501, 2.999 ], "texture": "#texture" },
        "south": { "uv": [ 6.501, 2.999, 7.999, 2.501 ], "texture": "#texture" },
        "west":  { "uv": [ 6.501, 2.501, 6.999, 2.999 ], "rotation": 270, "texture": "#texture" },
        "east":  { "uv": [ 7.999, 2.501, 7.501, 2.999 ], "rotation": 90, "texture": "#texture" }
    }
},
{
    "__comment": "Brim",
    "from": [ 7, 6.75, 11.5 ],
    "to": [ 9, 7.25, 12 ],
    "faces": {
        "down":  { "uv": [ 7.001, 11.999, 8.999, 11.501 ], "texture": "#texture" },
        "up":    { "uv": [ 7.001, 11.501, 8.999, 11.999 ], "texture": "#texture" },
        "north": { "uv": [ 8.999, 11.501, 7.001, 11.999 ], "texture": "#texture" },
        "south": { "uv": [ 7.001, 11.999, 8.999, 11.501 ], "texture": "#texture" },
        "west":  { "uv": [ 7.001, 11.501, 7.499, 11.999 ], "rotation": 270, "texture": "#texture" },
        "east":  { "uv": [ 8.999, 11.501, 8.501, 11.999 ], "rotation": 90, "texture": "#texture" }
    }
},
{
    "__comment": "Brim",
    "from": [ 7, 6.75, 12.5 ],
    "to": [ 7.5, 7.25, 13.5 ],
    "faces": {
        "down":  { "uv": [ 7.001, 13.499, 7.499, 12.501 ], "texture": "#texture" },
        "up":    { "uv": [ 7.001, 12.501, 7.499, 13.499 ], "texture": "#texture" },
        "north": { "uv": [ 7.499, 12.501, 7.001, 12.999 ], "texture": "#texture" },
        "south": { "uv": [ 7.001, 13.499, 7.499, 13.001 ], "texture": "#texture" },
        "west":  { "uv": [ 7.001, 12.501, 7.499, 13.499 ], "rotation": 270, "texture": "#texture" },
        "east":  { "uv": [ 7.499, 12.501, 7.001, 13.499 ], "rotation": 90, "texture": "#texture" }
    }
},
{
    "__comment": "Brim",
    "from": [ 7.5, 6.5, 12.5 ],
    "to": [ 11, 7, 13 ],
    "faces": {
        "down":  { "uv": [ 7.501, 12.999, 10.999, 12.501 ], "texture": "#texture" },
        "up":    { "uv": [ 7.501, 12.501, 10.999, 12.999 ], "texture": "#texture" },
        "north": { "uv": [ 10.999, 12.501, 7.501, 12.999 ], "texture": "#texture" },
        "south": { "uv": [ 7.501, 12.999, 10.999, 12.501 ], "texture": "#texture" },
        "west":  { "uv": [ 7.501, 12.501, 7.999, 12.999 ], "rotation": 270, "texture": "#texture" },
        "east":  { "uv": [ 10.999, 12.501, 10.501, 12.999 ], "rotation": 90, "texture": "#texture" }
    }
},
{
    "__comment": "Brim",
    "from": [ 8, 6.5, 3 ],
    "to": [ 10, 7, 3.5 ],
    "faces": {
        "down":  { "uv": [ 8.001, 3.499, 9.999, 3.001 ], "texture": "#texture" },
        "up":    { "uv": [ 8.001, 3.001, 9.999, 3.499 ], "texture": "#texture" },
        "north": { "uv": [ 9.999, 3.001, 8.001, 3.499 ], "texture": "#texture" },
        "south": { "uv": [ 8.001, 3.499, 9.999, 3.001 ], "texture": "#texture" },
        "west":  { "uv": [ 8.001, 3.001, 8.499, 3.499 ], "rotation": 270, "texture": "#texture" },
        "east":  { "uv": [ 9.999, 3.001, 9.501, 3.499 ], "rotation": 90, "texture": "#texture" }
    }
},
{
    "__comment": "Brim",
    "from": [ 8, 6.75, 13 ],
    "to": [ 9.5, 7.25, 13.5 ],
    "faces": {
        "down":  { "uv": [ 8.001, 13.499, 9.499, 13.001 ], "texture": "#texture" },
        "up":    { "uv": [ 8.001, 13.001, 9.499, 13.499 ], "texture": "#texture" },
        "north": { "uv": [ 9.499, 13.001, 8.001, 13.499 ], "texture": "#texture" },
        "south": { "uv": [ 8.001, 13.499, 9.499, 13.001 ], "texture": "#texture" },
        "west":  { "uv": [ 8.001, 13.001, 8.499, 13.499 ], "rotation": 270, "texture": "#texture" },
        "east":  { "uv": [ 9.499, 13.001, 9.001, 13.499 ], "rotation": 90, "texture": "#texture" }
    }
},
{
    "__comment": "Brim",
    "from": [ 8.5, 6.75, 2.5 ],
    "to": [ 9.5, 7.25, 3 ],
    "faces": {
        "down":  { "uv": [ 8.501, 2.999, 9.499, 2.501 ], "texture": "#texture" },
        "up":    { "uv": [ 8.501, 2.501, 9.499, 2.999 ], "texture": "#texture" },
        "north": { "uv": [ 9.499, 2.501, 8.501, 2.999 ], "texture": "#texture" },
        "south": { "uv": [ 8.501, 2.999, 9.499, 2.501 ], "texture": "#texture" },
        "west":  { "uv": [ 8.501, 2.501, 8.999, 2.999 ], "rotation": 270, "texture": "#texture" },
        "east":  { "uv": [ 9.499, 2.501, 9.001, 2.999 ], "rotation": 90, "texture": "#texture" }
    }
},
{
    "__comment": "Brim",
    "from": [ 9, 6.75, 3.5 ],
    "to": [ 10, 7.25, 4 ],
    "faces": {
        "down":  { "uv": [ 9.001, 3.999, 9.999, 3.501 ], "texture": "#texture" },
        "up":    { "uv": [ 9.001, 3.501, 9.999, 3.999 ], "texture": "#texture" },
        "north": { "uv": [ 9.999, 3.501, 9.001, 3.999 ], "texture": "#texture" },
        "south": { "uv": [ 9.001, 3.999, 9.999, 3.501 ], "texture": "#texture" },
        "west":  { "uv": [ 9.001, 3.501, 9.499, 3.999 ], "rotation": 270, "texture": "#texture" },
        "east":  { "uv": [ 9.999, 3.501, 9.501, 3.999 ], "rotation": 90, "texture": "#texture" }
    }
},
{
    "__comment": "Brim",
    "from": [ 9, 6.5, 5.5 ],
    "to": [ 11.5, 7, 6 ],
    "faces": {
        "down":  { "uv": [ 9.001, 5.999, 11.499, 5.501 ], "texture": "#texture" },
        "up":    { "uv": [ 9.001, 5.501, 11.499, 5.999 ], "texture": "#texture" },
        "north": { "uv": [ 11.499, 5.501, 9.001, 5.999 ], "texture": "#texture" },
        "south": { "uv": [ 9.001, 5.999, 11.499, 5.501 ], "texture": "#texture" },
        "west":  { "uv": [ 9.001, 5.501, 9.499, 5.999 ], "rotation": 270, "texture": "#texture" },
        "east":  { "uv": [ 11.499, 5.501, 11.001, 5.999 ], "rotation": 90, "texture": "#texture" }
    }
},
{
    "__comment": "Brim",
    "from": [ 9, 6.5, 10 ],
    "to": [ 13, 7, 10.5 ],
    "faces": {
        "down":  { "uv": [ 9.001, 10.499, 12.999, 10.001 ], "texture": "#texture" },
        "up":    { "uv": [ 9.001, 10.001, 12.999, 10.499 ], "texture": "#texture" },
        "north": { "uv": [ 12.999, 10.001, 9.001, 10.499 ], "texture": "#texture" },
        "south": { "uv": [ 9.001, 10.499, 12.999, 10.001 ], "texture": "#texture" },
        "west":  { "uv": [ 9.001, 10.001, 9.499, 10.499 ], "rotation": 270, "texture": "#texture" },
        "east":  { "uv": [ 12.999, 10.001, 12.501, 10.499 ], "rotation": 90, "texture": "#texture" }
    }
},
{
    "__comment": "Brim",
    "from": [ 9, 6.5, 12 ],
    "to": [ 10.5, 7, 12.5 ],
    "faces": {
        "down":  { "uv": [ 9.001, 12.499, 10.499, 12.001 ], "texture": "#texture" },
        "up":    { "uv": [ 9.001, 12.001, 10.499, 12.499 ], "texture": "#texture" },
        "north": { "uv": [ 10.499, 12.001, 9.001, 12.499 ], "texture": "#texture" },
        "south": { "uv": [ 9.001, 12.499, 10.499, 12.001 ], "texture": "#texture" },
        "west":  { "uv": [ 9.001, 12.001, 9.499, 12.499 ], "rotation": 270, "texture": "#texture" },
        "east":  { "uv": [ 10.499, 12.001, 10.001, 12.499 ], "rotation": 90, "texture": "#texture" }
    }
},
{
    "__comment": "Brim",
    "from": [ 9.5, 6.5, 11.5 ],
    "to": [ 12, 7, 12 ],
    "faces": {
        "down":  { "uv": [ 9.501, 11.999, 11.999, 11.501 ], "texture": "#texture" },
        "up":    { "uv": [ 9.501, 11.501, 11.999, 11.999 ], "texture": "#texture" },
        "north": { "uv": [ 11.999, 11.501, 9.501, 11.999 ], "texture": "#texture" },
        "south": { "uv": [ 9.501, 11.999, 11.999, 11.501 ], "texture": "#texture" },
        "west":  { "uv": [ 9.501, 11.501, 9.999, 11.999 ], "rotation": 270, "texture": "#texture" },
        "east":  { "uv": [ 11.999, 11.501, 11.501, 11.999 ], "rotation": 90, "texture": "#texture" }
    }
},
{
    "__comment": "Brim",
    "from": [ 10, 6.5, 6 ],
    "to": [ 13, 7, 7 ],
    "faces": {
        "down":  { "uv": [ 10.001, 6.999, 12.999, 6.001 ], "texture": "#texture" },
        "up":    { "uv": [ 10.001, 6.001, 12.999, 6.999 ], "texture": "#texture" },
        "north": { "uv": [ 12.999, 6.001, 10.001, 6.499 ], "texture": "#texture" },
        "south": { "uv": [ 10.001, 6.999, 12.999, 6.501 ], "texture": "#texture" },
        "west":  { "uv": [ 10.001, 6.001, 10.499, 6.999 ], "rotation": 270, "texture": "#texture" },
        "east":  { "uv": [ 12.999, 6.001, 12.501, 6.999 ], "rotation": 90, "texture": "#texture" }
    }
},
{
    "__comment": "Brim",
    "from": [ 10, 6.5, 9 ],
    "to": [ 11, 7, 10 ],
    "faces": {
        "down":  { "uv": [ 10.001, 9.999, 10.999, 9.001 ], "texture": "#texture" },
        "up":    { "uv": [ 10.001, 9.001, 10.999, 9.999 ], "texture": "#texture" },
        "north": { "uv": [ 10.999, 9.001, 10.001, 9.499 ], "texture": "#texture" },
        "south": { "uv": [ 10.001, 9.999, 10.999, 9.501 ], "texture": "#texture" },
        "west":  { "uv": [ 10.001, 9.001, 10.499, 9.999 ], "rotation": 270, "texture": "#texture" },
        "east":  { "uv": [ 10.999, 9.001, 10.501, 9.999 ], "rotation": 90, "texture": "#texture" }
    }
},
{
    "__comment": "Brim",
    "from": [ 10.5, 6.75, 3 ],
    "to": [ 11, 7.25, 4 ],
    "faces": {
        "down":  { "uv": [ 10.501, 3.999, 10.999, 3.001 ], "texture": "#texture" },
        "up":    { "uv": [ 10.501, 3.001, 10.999, 3.999 ], "texture": "#texture" },
        "north": { "uv": [ 10.999, 3.001, 10.501, 3.499 ], "texture": "#texture" },
        "south": { "uv": [ 10.501, 3.999, 10.999, 3.501 ], "texture": "#texture" },
        "west":  { "uv": [ 10.501, 3.001, 10.999, 3.999 ], "rotation": 270, "texture": "#texture" },
        "east":  { "uv": [ 10.999, 3.001, 10.501, 3.999 ], "rotation": 90, "texture": "#texture" }
    }
},
{
    "__comment": "Brim",
    "from": [ 10.5, 6.5, 7 ],
    "to": [ 12, 7, 9 ],
    "faces": {
        "down":  { "uv": [ 10.501, 8.999, 11.999, 7.001 ], "texture": "#texture" },
        "up":    { "uv": [ 10.501, 7.001, 11.999, 8.999 ], "texture": "#texture" },
        "north": { "uv": [ 11.999, 7.001, 10.501, 7.499 ], "texture": "#texture" },
        "south": { "uv": [ 10.501, 8.999, 11.999, 8.501 ], "texture": "#texture" },
        "west":  { "uv": [ 10.501, 7.001, 10.999, 8.999 ], "rotation": 270, "texture": "#texture" },
        "east":  { "uv": [ 11.999, 7.001, 11.501, 8.999 ], "rotation": 90, "texture": "#texture" }
    }
},
{
    "__comment": "Brim",
    "from": [ 11, 6.5, 3.5 ],
    "to": [ 11.5, 7, 4.5 ],
    "faces": {
        "down":  { "uv": [ 11.001, 4.499, 11.499, 3.501 ], "texture": "#texture" },
        "up":    { "uv": [ 11.001, 3.501, 11.499, 4.499 ], "texture": "#texture" },
        "north": { "uv": [ 11.499, 3.501, 11.001, 3.999 ], "texture": "#texture" },
        "south": { "uv": [ 11.001, 4.499, 11.499, 4.001 ], "texture": "#texture" },
        "west":  { "uv": [ 11.001, 3.501, 11.499, 4.499 ], "rotation": 270, "texture": "#texture" },
        "east":  { "uv": [ 11.499, 3.501, 11.001, 4.499 ], "rotation": 90, "texture": "#texture" }
    }
},
{
    "__comment": "Brim",
    "from": [ 11, 6.75, 5 ],
    "to": [ 13, 7.25, 5.5 ],
    "faces": {
        "down":  { "uv": [ 11.001, 5.499, 12.999, 5.001 ], "texture": "#texture" },
        "up":    { "uv": [ 11.001, 5.001, 12.999, 5.499 ], "texture": "#texture" },
        "north": { "uv": [ 12.999, 5.001, 11.001, 5.499 ], "texture": "#texture" },
        "south": { "uv": [ 11.001, 5.499, 12.999, 5.001 ], "texture": "#texture" },
        "west":  { "uv": [ 11.001, 5.001, 11.499, 5.499 ], "rotation": 270, "texture": "#texture" },
        "east":  { "uv": [ 12.999, 5.001, 12.501, 5.499 ], "rotation": 90, "texture": "#texture" }
    }
},
{
    "__comment": "Brim",
    "from": [ 11, 6.5, 9 ],
    "to": [ 13.5, 7, 9.5 ],
    "faces": {
        "down":  { "uv": [ 11.001, 9.499, 13.499, 9.001 ], "texture": "#texture" },
        "up":    { "uv": [ 11.001, 9.001, 13.499, 9.499 ], "texture": "#texture" },
        "north": { "uv": [ 13.499, 9.001, 11.001, 9.499 ], "texture": "#texture" },
        "south": { "uv": [ 11.001, 9.499, 13.499, 9.001 ], "texture": "#texture" },
        "west":  { "uv": [ 11.001, 9.001, 11.499, 9.499 ], "rotation": 270, "texture": "#texture" },
        "east":  { "uv": [ 13.499, 9.001, 13.001, 9.499 ], "rotation": 90, "texture": "#texture" }
    }
},
{
    "__comment": "Brim",
    "from": [ 11, 6.5, 12 ],
    "to": [ 11.5, 7, 12.5 ],
    "faces": {
        "down":  { "uv": [ 11.001, 12.499, 11.499, 12.001 ], "texture": "#texture" },
        "up":    { "uv": [ 11.001, 12.001, 11.499, 12.499 ], "texture": "#texture" },
        "north": { "uv": [ 11.499, 12.001, 11.001, 12.499 ], "texture": "#texture" },
        "south": { "uv": [ 11.001, 12.499, 11.499, 12.001 ], "texture": "#texture" },
        "west":  { "uv": [ 11.001, 12.001, 11.499, 12.499 ], "rotation": 270, "texture": "#texture" },
        "east":  { "uv": [ 11.499, 12.001, 11.001, 12.499 ], "rotation": 90, "texture": "#texture" }
    }
},
{
    "__comment": "Brim",
    "from": [ 11.5, 6.75, 4 ],
    "to": [ 12, 7.25, 5 ],
    "faces": {
        "down":  { "uv": [ 11.501, 4.999, 11.999, 4.001 ], "texture": "#texture" },
        "up":    { "uv": [ 11.501, 4.001, 11.999, 4.999 ], "texture": "#texture" },
        "north": { "uv": [ 11.999, 4.001, 11.501, 4.499 ], "texture": "#texture" },
        "south": { "uv": [ 11.501, 4.999, 11.999, 4.501 ], "texture": "#texture" },
        "west":  { "uv": [ 11.501, 4.001, 11.999, 4.999 ], "rotation": 270, "texture": "#texture" },
        "east":  { "uv": [ 11.999, 4.001, 11.501, 4.999 ], "rotation": 90, "texture": "#texture" }
    }
},
{
    "__comment": "Brim",
    "from": [ 11.5, 6.5, 9.5 ],
    "to": [ 12.5, 7, 10 ],
    "faces": {
        "down":  { "uv": [ 11.501, 9.999, 12.499, 9.501 ], "texture": "#texture" },
        "up":    { "uv": [ 11.501, 9.501, 12.499, 9.999 ], "texture": "#texture" },
        "north": { "uv": [ 12.499, 9.501, 11.501, 9.999 ], "texture": "#texture" },
        "south": { "uv": [ 11.501, 9.999, 12.499, 9.501 ], "texture": "#texture" },
        "west":  { "uv": [ 11.501, 9.501, 11.999, 9.999 ], "rotation": 270, "texture": "#texture" },
        "east":  { "uv": [ 12.499, 9.501, 12.001, 9.999 ], "rotation": 90, "texture": "#texture" }
    }
},
{
    "__comment": "Brim",
    "from": [ 12, 6.5, 7.5 ],
    "to": [ 12.5, 7, 9 ],
    "faces": {
        "down":  { "uv": [ 12.001, 8.999, 12.499, 7.501 ], "texture": "#texture" },
        "up":    { "uv": [ 12.001, 7.501, 12.499, 8.999 ], "texture": "#texture" },
        "north": { "uv": [ 12.499, 7.501, 12.001, 7.999 ], "texture": "#texture" },
        "south": { "uv": [ 12.001, 8.999, 12.499, 8.501 ], "texture": "#texture" },
        "west":  { "uv": [ 12.001, 7.501, 12.499, 8.999 ], "rotation": 270, "texture": "#texture" },
        "east":  { "uv": [ 12.499, 7.501, 12.001, 8.999 ], "rotation": 90, "texture": "#texture" }
    }
},
{
    "__comment": "Brim",
    "from": [ 12, 6.75, 11 ],
    "to": [ 12.5, 7.25, 11.5 ],
    "faces": {
        "down":  { "uv": [ 12.001, 11.499, 12.499, 11.001 ], "texture": "#texture" },
        "up":    { "uv": [ 12.001, 11.001, 12.499, 11.499 ], "texture": "#texture" },
        "north": { "uv": [ 12.499, 11.001, 12.001, 11.499 ], "texture": "#texture" },
        "south": { "uv": [ 12.001, 11.499, 12.499, 11.001 ], "texture": "#texture" },
        "west":  { "uv": [ 12.001, 11.001, 12.499, 11.499 ], "rotation": 270, "texture": "#texture" },
        "east":  { "uv": [ 12.499, 11.001, 12.001, 11.499 ], "rotation": 90, "texture": "#texture" }
    }
},
{
    "__comment": "Brim",
    "from": [ 12.5, 6.75, 5.5 ],
    "to": [ 13, 7.25, 6 ],
    "faces": {
        "down":  { "uv": [ 12.501, 5.999, 12.999, 5.501 ], "texture": "#texture" },
        "up":    { "uv": [ 12.501, 5.501, 12.999, 5.999 ], "texture": "#texture" },
        "north": { "uv": [ 12.999, 5.501, 12.501, 5.999 ], "texture": "#texture" },
        "south": { "uv": [ 12.501, 5.999, 12.999, 5.501 ], "texture": "#texture" },
        "west":  { "uv": [ 12.501, 5.501, 12.999, 5.999 ], "rotation": 270, "texture": "#texture" },
        "east":  { "uv": [ 12.999, 5.501, 12.501, 5.999 ], "rotation": 90, "texture": "#texture" }
    }
},
{
    "__comment": "Brim",
    "from": [ 12.5, 6.75, 7 ],
    "to": [ 13, 7.25, 8 ],
    "faces": {
        "down":  { "uv": [ 12.501, 7.999, 12.999, 7.001 ], "texture": "#texture" },
        "up":    { "uv": [ 12.501, 7.001, 12.999, 7.999 ], "texture": "#texture" },
        "north": { "uv": [ 12.999, 7.001, 12.501, 7.499 ], "texture": "#texture" },
        "south": { "uv": [ 12.501, 7.999, 12.999, 7.501 ], "texture": "#texture" },
        "west":  { "uv": [ 12.501, 7.001, 12.999, 7.999 ], "rotation": 270, "texture": "#texture" },
        "east":  { "uv": [ 12.999, 7.001, 12.501, 7.999 ], "rotation": 90, "texture": "#texture" }
    }
},
{
    "__comment": "Brim",
    "from": [ 12.5, 6.5, 8.5 ],
    "to": [ 13.5, 7, 9 ],
    "faces": {
        "down":  { "uv": [ 12.501, 8.999, 13.499, 8.501 ], "texture": "#texture" },
        "up":    { "uv": [ 12.501, 8.501, 13.499, 8.999 ], "texture": "#texture" },
        "north": { "uv": [ 13.499, 8.501, 12.501, 8.999 ], "texture": "#texture" },
        "south": { "uv": [ 12.501, 8.999, 13.499, 8.501 ], "texture": "#texture" },
        "west":  { "uv": [ 12.501, 8.501, 12.999, 8.999 ], "rotation": 270, "texture": "#texture" },
        "east":  { "uv": [ 13.499, 8.501, 13.001, 8.999 ], "rotation": 90, "texture": "#texture" }
    }
},
{
    "__comment": "Brim",
    "from": [ 13, 6.75, 6.5 ],
    "to": [ 13.5, 7.25, 7 ],
    "faces": {
        "down":  { "uv": [ 13.001, 6.999, 13.499, 6.501 ], "texture": "#texture" },
        "up":    { "uv": [ 13.001, 6.501, 13.499, 6.999 ], "texture": "#texture" },
        "north": { "uv": [ 13.499, 6.501, 13.001, 6.999 ], "texture": "#texture" },
        "south": { "uv": [ 13.001, 6.999, 13.499, 6.501 ], "texture": "#texture" },
        "west":  { "uv": [ 13.001, 6.501, 13.499, 6.999 ], "rotation": 270, "texture": "#texture" },
        "east":  { "uv": [ 13.499, 6.501, 13.001, 6.999 ], "rotation": 90, "texture": "#texture" }
    }
},
{
    "__comment": "Brim",
    "from": [ 13, 6.5, 7.5 ],
    "to": [ 13.5, 7, 8.5 ],
    "faces": {
        "down":  { "uv": [ 13.001, 8.499, 13.499, 7.501 ], "texture": "#texture" },
        "up":    { "uv": [ 13.001, 7.501, 13.499, 8.499 ], "texture": "#texture" },
        "north": { "uv": [ 13.499, 7.501, 13.001, 7.999 ], "texture": "#texture" },
        "south": { "uv": [ 13.001, 8.499, 13.499, 8.001 ], "texture": "#texture" },
        "west":  { "uv": [ 13.001, 7.501, 13.499, 8.499 ], "rotation": 270, "texture": "#texture" },
        "east":  { "uv": [ 13.499, 7.501, 13.001, 8.499 ], "rotation": 90, "texture": "#texture" }
    }
},
{
    "__comment": "Top",
    "from": [ 5.5, 7, 7 ],
    "to": [ 6, 9, 9 ],
    "faces": {
        "down":  { "uv": [ 5.501, 4.501, 5.999, 4.999 ], "texture": "#straw_hat_side" },
        "up":    { "uv": [ 5.501, 7.001, 5.999, 7.499 ], "texture": "#straw_hat_side" },
        "north": { "uv": [ 5.999, 7.001, 5.501, 8.999 ], "texture": "#straw_hat_side" },
        "south": { "uv": [ 5.501, 7.001, 5.999, 8.999 ], "texture": "#straw_hat_side" },
        "west":  { "uv": [ 5.501, 7.001, 5.999, 8.999 ], "texture": "#straw_hat_side" },
        "east":  { "uv": [ 5.501, 3.001, 5.999, 4.999 ], "texture": "#straw_hat_side" }
    }
},
{
    "__comment": "Top",
    "from": [ 7, 7, 5.5 ],
    "to": [ 9, 9, 6 ],
    "faces": {
        "down":  { "uv": [ 7.001, 4.501, 8.999, 4.999 ], "texture": "#straw_hat_side" },
        "up":    { "uv": [ 7.001, 7.001, 8.999, 7.499 ], "texture": "#straw_hat_side" },
        "north": { "uv": [ 8.999, 7.001, 7.001, 8.999 ], "texture": "#straw_hat_side" },
        "south": { "uv": [ 7.001, 3.001, 8.999, 4.999 ], "texture": "#straw_hat_side" },
        "west":  { "uv": [ 7.001, 7.001, 7.499, 8.999 ], "texture": "#straw_hat_side" },
        "east":  { "uv": [ 8.501, 7.001, 8.999, 8.999 ], "texture": "#straw_hat_side" }
    }
},
{
    "__comment": "Top",
    "from": [ 6, 9, 7 ],
    "to": [ 10, 9.5, 9 ],
    "faces": {
        "down":  { "uv": [ 6.001, 6.501, 9.999, 6.999 ], "texture": "#straw_hat_side" },
        "up":    { "uv": [ 6.001, 6.501, 9.999, 6.999 ], "texture": "#straw_hat_side" },
        "north": { "uv": [ 9.999, 6.501, 6.001, 6.999 ], "texture": "#straw_hat_side" },
        "south": { "uv": [ 6.001, 6.501, 9.999, 6.999 ], "texture": "#straw_hat_side" },
        "west":  { "uv": [ 6.001, 6.501, 6.499, 6.999 ], "texture": "#straw_hat_side" },
        "east":  { "uv": [ 9.501, 6.501, 9.999, 6.999 ], "texture": "#straw_hat_side" }
    }
},
{
    "__comment": "Top",
    "from": [ 6.5, 9, 6.5 ],
    "to": [ 9.5, 10, 9.5 ],
    "faces": {
        "down":  { "uv": [ 6.501, 6.501, 9.499, 6.999 ], "texture": "#straw_hat_side" },
        "up":    { "uv": [ 6.501, 6.001, 9.499, 6.499 ], "texture": "#straw_hat_side" },
        "north": { "uv": [ 9.499, 6.001, 6.501, 6.999 ], "texture": "#straw_hat_side" },
        "south": { "uv": [ 6.501, 6.001, 9.499, 6.999 ], "texture": "#straw_hat_side" },
        "west":  { "uv": [ 6.501, 6.001, 6.999, 6.999 ], "texture": "#straw_hat_side" },
        "east":  { "uv": [ 9.001, 6.001, 9.499, 6.999 ], "texture": "#straw_hat_side" }
    }
},
{
    "__comment": "Top",
    "from": [ 7, 9, 6 ],
    "to": [ 9, 9.5, 10 ],
    "faces": {
        "down":  { "uv": [ 7.001, 6.501, 8.999, 6.999 ], "texture": "#straw_hat_side" },
        "up":    { "uv": [ 7.001, 6.501, 8.999, 6.999 ], "texture": "#straw_hat_side" },
        "north": { "uv": [ 8.999, 6.501, 7.001, 6.999 ], "texture": "#straw_hat_side" },
        "south": { "uv": [ 7.001, 6.501, 8.999, 6.999 ], "texture": "#straw_hat_side" },
        "west":  { "uv": [ 7.001, 6.501, 7.499, 6.999 ], "texture": "#straw_hat_side" },
        "east":  { "uv": [ 8.501, 6.501, 8.999, 6.999 ], "texture": "#straw_hat_side" }
    }
},
{
    "__comment": "Top",
    "from": [ 7, 10, 7 ],
    "to": [ 9, 10.5, 9 ],
    "faces": {
        "down":  { "uv": [ 7.001, 5.501, 8.999, 5.999 ], "texture": "#straw_hat_side" },
        "up":    { "uv": [ 7.001, 5.501, 8.999, 5.999 ], "texture": "#straw_hat_side" },
        "north": { "uv": [ 8.999, 5.501, 7.001, 5.999 ], "texture": "#straw_hat_side" },
        "south": { "uv": [ 7.001, 5.501, 8.999, 5.999 ], "texture": "#straw_hat_side" },
        "west":  { "uv": [ 7.001, 5.501, 7.499, 5.999 ], "texture": "#straw_hat_side" },
        "east":  { "uv": [ 8.501, 5.501, 8.999, 5.999 ], "texture": "#straw_hat_side" }
    }
},
{
    "__comment": "Top",
    "from": [ 6, 9.5, 7.5 ],
    "to": [ 10, 10, 8.5 ],
    "faces": {
        "down":  { "uv": [ 6.001, 6.001, 9.999, 6.499 ], "texture": "#straw_hat_side" },
        "up":    { "uv": [ 6.001, 6.001, 9.999, 6.499 ], "texture": "#straw_hat_side" },
        "north": { "uv": [ 9.999, 6.001, 6.001, 6.499 ], "texture": "#straw_hat_side" },
        "south": { "uv": [ 6.001, 6.001, 9.999, 6.499 ], "texture": "#straw_hat_side" },
        "west":  { "uv": [ 6.001, 6.001, 6.499, 6.499 ], "texture": "#straw_hat_side" },
        "east":  { "uv": [ 9.501, 6.001, 9.999, 6.499 ], "texture": "#straw_hat_side" }
    }
},
{
    "__comment": "Top",
    "from": [ 7.5, 9.5, 6 ],
    "to": [ 8.5, 10, 10 ],
    "faces": {
        "down":  { "uv": [ 7.501, 6.001, 8.499, 6.499 ], "texture": "#straw_hat_side" },
        "up":    { "uv": [ 7.501, 6.001, 8.499, 6.499 ], "texture": "#straw_hat_side" },
        "north": { "uv": [ 8.499, 6.001, 7.501, 6.499 ], "texture": "#straw_hat_side" },
        "south": { "uv": [ 7.501, 6.001, 8.499, 6.499 ], "texture": "#straw_hat_side" },
        "west":  { "uv": [ 7.501, 6.001, 7.999, 6.499 ], "texture": "#straw_hat_side" },
        "east":  { "uv": [ 8.001, 6.001, 8.499, 6.499 ], "texture": "#straw_hat_side" }
    }
},
{
    "__comment": "Top*",
    "from": [ 10, 7, 7 ],
    "to": [ 10.5, 9, 9 ],
    "faces": {
        "down":  { "uv": [ 10.001, 4.501, 10.499, 4.999 ], "texture": "#straw_hat_side" },
        "up":    { "uv": [ 10.001, 7.001, 10.499, 7.499 ], "texture": "#straw_hat_side" },
        "north": { "uv": [ 10.499, 7.001, 10.001, 8.999 ], "texture": "#straw_hat_side" },
        "south": { "uv": [ 10.001, 7.001, 10.499, 8.999 ], "texture": "#straw_hat_side" },
        "west":  { "uv": [ 10.001, 3.001, 10.499, 4.999 ], "texture": "#straw_hat_side" },
        "east":  { "uv": [ 10.001, 7.001, 10.499, 8.999 ], "texture": "#straw_hat_side" }
    }
},
{
    "__comment": "Top*",
    "from": [ 6, 7, 9 ],
    "to": [ 6.5, 9, 10 ],
    "faces": {
        "down":  { "uv": [ 6.001, 4.501, 6.499, 4.999 ], "texture": "#straw_hat_side" },
        "up":    { "uv": [ 6.001, 7.001, 6.499, 7.499 ], "texture": "#straw_hat_side" },
        "north": { "uv": [ 6.499, 3.001, 6.001, 4.999 ], "texture": "#straw_hat_side" },
        "south": { "uv": [ 6.001, 7.001, 6.499, 8.999 ], "texture": "#straw_hat_side" },
        "west":  { "uv": [ 6.001, 7.001, 6.499, 8.999 ], "texture": "#straw_hat_side" },
        "east":  { "uv": [ 6.001, 3.001, 6.499, 4.999 ], "texture": "#straw_hat_side" }
    }
},
{
    "__comment": "Top*",
    "from": [ 9.5, 7, 9 ],
    "to": [ 10, 9, 10 ],
    "faces": {
        "down":  { "uv": [ 9.501, 4.501, 9.999, 4.999 ], "texture": "#straw_hat_side" },
        "up":    { "uv": [ 9.501, 7.001, 9.999, 7.499 ], "texture": "#straw_hat_side" },
        "north": { "uv": [ 9.999, 3.001, 9.501, 4.999 ], "texture": "#straw_hat_side" },
        "south": { "uv": [ 9.501, 7.001, 9.999, 8.999 ], "texture": "#straw_hat_side" },
        "west":  { "uv": [ 9.501, 3.001, 9.999, 4.999 ], "texture": "#straw_hat_side" },
        "east":  { "uv": [ 9.501, 7.001, 9.999, 8.999 ], "texture": "#straw_hat_side" }
    }
},
{
    "__comment": "Top*",
    "from": [ 7, 7, 10 ],
    "to": [ 9, 9, 10.5 ],
    "faces": {
        "down":  { "uv": [ 7.001, 4.501, 8.999, 4.999 ], "texture": "#straw_hat_side" },
        "up":    { "uv": [ 7.001, 7.001, 8.999, 7.499 ], "texture": "#straw_hat_side" },
        "north": { "uv": [ 8.999, 3.001, 7.001, 4.999 ], "texture": "#straw_hat_side" },
        "south": { "uv": [ 7.001, 7.001, 8.999, 8.999 ], "texture": "#straw_hat_side" },
        "west":  { "uv": [ 7.001, 7.001, 7.499, 8.999 ], "texture": "#straw_hat_side" },
        "east":  { "uv": [ 8.501, 7.001, 8.999, 8.999 ], "texture": "#straw_hat_side" }
    }
},
{
    "__comment": "Top*",
    "from": [ 9, 7, 9.5 ],
    "to": [ 9.5, 9, 10 ],
    "faces": {
        "down":  { "uv": [ 9.001, 4.501, 9.499, 4.999 ], "texture": "#straw_hat_side" },
        "up":    { "uv": [ 9.001, 7.001, 9.499, 7.499 ], "texture": "#straw_hat_side" },
        "north": { "uv": [ 9.499, 3.001, 9.001, 4.999 ], "texture": "#straw_hat_side" },
        "south": { "uv": [ 9.001, 7.001, 9.499, 8.999 ], "texture": "#straw_hat_side" },
        "west":  { "uv": [ 9.001, 3.001, 9.499, 4.999 ], "texture": "#straw_hat_side" },
        "east":  { "uv": [ 9.001, 7.001, 9.499, 8.999 ], "texture": "#straw_hat_side" }
    }
},
{
    "__comment": "Top*",
    "from": [ 6.5, 7, 9.5 ],
    "to": [ 7, 9, 10 ],
    "faces": {
        "down":  { "uv": [ 6.501, 4.501, 6.999, 4.999 ], "texture": "#straw_hat_side" },
        "up":    { "uv": [ 6.501, 7.001, 6.999, 7.499 ], "texture": "#straw_hat_side" },
        "north": { "uv": [ 6.999, 3.001, 6.501, 4.999 ], "texture": "#straw_hat_side" },
        "south": { "uv": [ 6.501, 7.001, 6.999, 8.999 ], "texture": "#straw_hat_side" },
        "west":  { "uv": [ 6.501, 7.001, 6.999, 8.999 ], "texture": "#straw_hat_side" },
        "east":  { "uv": [ 6.501, 3.001, 6.999, 4.999 ], "texture": "#straw_hat_side" }
    }
},
{
    "__comment": "Top*",
    "from": [ 9.5, 7, 6 ],
    "to": [ 10, 9, 7 ],
    "faces": {
        "down":  { "uv": [ 9.501, 4.501, 9.999, 4.999 ], "texture": "#straw_hat_side" },
        "up":    { "uv": [ 9.501, 7.001, 9.999, 7.499 ], "texture": "#straw_hat_side" },
        "north": { "uv": [ 9.999, 7.001, 9.501, 8.999 ], "texture": "#straw_hat_side" },
        "south": { "uv": [ 9.501, 3.001, 9.999, 4.999 ], "texture": "#straw_hat_side" },
        "west":  { "uv": [ 9.501, 3.001, 9.999, 4.999 ], "texture": "#straw_hat_side" },
        "east":  { "uv": [ 9.501, 7.001, 9.999, 8.999 ], "texture": "#straw_hat_side" }
    }
},
{
    "__comment": "Top*",
    "from": [ 9, 7, 6 ],
    "to": [ 9.5, 9, 6.5 ],
    "faces": {
        "down":  { "uv": [ 9.001, 4.501, 9.499, 4.999 ], "texture": "#straw_hat_side" },
        "up":    { "uv": [ 9.001, 7.001, 9.499, 7.499 ], "texture": "#straw_hat_side" },
        "north": { "uv": [ 9.499, 7.001, 9.001, 8.999 ], "texture": "#straw_hat_side" },
        "south": { "uv": [ 9.001, 3.001, 9.499, 4.999 ], "texture": "#straw_hat_side" },
        "west":  { "uv": [ 9.001, 3.001, 9.499, 4.999 ], "texture": "#straw_hat_side" },
        "east":  { "uv": [ 9.001, 7.001, 9.499, 8.999 ], "texture": "#straw_hat_side" }
    }
},
{
    "__comment": "Top*",
    "from": [ 6.5, 7, 6 ],
    "to": [ 7, 9, 6.5 ],
    "faces": {
        "down":  { "uv": [ 6.501, 4.501, 6.999, 4.999 ], "texture": "#straw_hat_side" },
        "up":    { "uv": [ 6.501, 7.001, 6.999, 7.499 ], "texture": "#straw_hat_side" },
        "north": { "uv": [ 6.999, 7.001, 6.501, 8.999 ], "texture": "#straw_hat_side" },
        "south": { "uv": [ 6.501, 3.001, 6.999, 4.999 ], "texture": "#straw_hat_side" },
        "west":  { "uv": [ 6.501, 7.001, 6.999, 8.999 ], "texture": "#straw_hat_side" },
        "east":  { "uv": [ 6.501, 3.001, 6.999, 4.999 ], "texture": "#straw_hat_side" }
    }
},
{
    "__comment": "Top*",
    "from": [ 6, 7, 6 ],
    "to": [ 6.5, 9, 7 ],
    "faces": {
        "down":  { "uv": [ 6.001, 4.501, 6.499, 4.999 ], "texture": "#straw_hat_side" },
        "up":    { "uv": [ 6.001, 7.001, 6.499, 7.499 ], "texture": "#straw_hat_side" },
        "north": { "uv": [ 6.499, 7.001, 6.001, 8.999 ], "texture": "#straw_hat_side" },
        "south": { "uv": [ 6.001, 3.001, 6.499, 4.999 ], "texture": "#straw_hat_side" },
        "west":  { "uv": [ 6.001, 7.001, 6.499, 8.999 ], "texture": "#straw_hat_side" },
        "east":  { "uv": [ 6.001, 3.001, 6.499, 4.999 ], "texture": "#straw_hat_side" }
    }
},
{
    "__comment": "Flower",
    "from": [ 8.75, 7.375, 10.375 ],
    "to": [ 9.25, 8.375, 10.625 ],
    "faces": {
        "down":  { "uv": [ 6.001, 10.001, 9.999, 11.999 ], "rotation": 180, "texture": "#straw_hat_flower" },
        "up":    { "uv": [ 6.001, 4.001, 9.999, 5.999 ], "rotation": 180, "texture": "#straw_hat_flower" },
        "north": { "uv": [ 6.001, 4.001, 9.999, 11.999 ], "texture": "#straw_hat_flower" },
        "south": { "uv": [ 9.999, 4.001, 6.001, 11.999 ], "texture": "#straw_hat_flower" },
        "west":  { "uv": [ 9.999, 4.001, 8.001, 11.999 ], "texture": "#straw_hat_flower" },
        "east":  { "uv": [ 6.001, 4.001, 7.999, 11.999 ], "texture": "#straw_hat_flower" }
    }
},
{
    "__comment": "Flower*",
    "from": [ 8.5, 7.625, 10.375 ],
    "to": [ 9.5, 8.125, 10.625 ],
    "faces": {
        "down":  { "uv": [ 4.001, 8.001, 11.999, 9.999 ], "rotation": 180, "texture": "#straw_hat_flower" },
        "up":    { "uv": [ 4.001, 6.001, 11.999, 7.999 ], "rotation": 180, "texture": "#straw_hat_flower" },
        "north": { "uv": [ 4.001, 6.001, 11.999, 9.999 ], "texture": "#straw_hat_flower" },
        "south": { "uv": [ 11.999, 6.001, 4.001, 9.999 ], "texture": "#straw_hat_flower" },
        "west":  { "uv": [ 11.999, 6.001, 10.001, 9.999 ], "texture": "#straw_hat_flower" },
        "east":  { "uv": [ 4.001, 6.001, 5.999, 9.999 ], "texture": "#straw_hat_flower" }
    }
},
{
    "__comment": "Flower*",
    "from": [ 8.25, 8.125, 10.5 ],
    "to": [ 8.75, 8.625, 10.875 ],
    "faces": {
        "down":  { "uv": [ 2.001, 4.001, 5.999, 5.999 ], "rotation": 180, "texture": "#straw_hat_flower" },
        "up":    { "uv": [ 2.001, 2.001, 5.999, 3.999 ], "rotation": 180, "texture": "#straw_hat_flower" },
        "north": { "uv": [ 2.001, 2.001, 5.999, 5.999 ], "texture": "#straw_hat_flower" },
        "south": { "uv": [ 5.999, 2.001, 2.001, 5.999 ], "texture": "#straw_hat_flower" },
        "west":  { "uv": [ 5.999, 2.001, 4.001, 5.999 ], "texture": "#straw_hat_flower" },
        "east":  { "uv": [ 2.001, 2.001, 3.999, 5.999 ], "texture": "#straw_hat_flower" }
    }
},
{
    "__comment": "Flower*",
    "from": [ 8.75, 8.375, 10.25 ],
    "to": [ 9.25, 8.875, 10.75 ],
    "faces": {
        "down":  { "uv": [ 6.001, 2.001, 9.999, 3.999 ], "rotation": 180, "texture": "#straw_hat_flower" },
        "up":    { "uv": [ 6.001, 0.001, 9.999, 1.999 ], "rotation": 180, "texture": "#straw_hat_flower" },
        "north": { "uv": [ 6.001, 0.001, 9.999, 3.999 ], "texture": "#straw_hat_flower" },
        "south": { "uv": [ 9.999, 0.001, 6.001, 3.999 ], "texture": "#straw_hat_flower" },
        "west":  { "uv": [ 9.999, 0.001, 8.001, 3.999 ], "texture": "#straw_hat_flower" },
        "east":  { "uv": [ 6.001, 0.001, 7.999, 3.999 ], "texture": "#straw_hat_flower" }
    }
},
{
    "__comment": "Flower*",
    "from": [ 9.25, 8.125, 10.125 ],
    "to": [ 9.75, 8.625, 10.5 ],
    "faces": {
        "down":  { "uv": [ 10.001, 4.001, 13.999, 5.999 ], "rotation": 180, "texture": "#straw_hat_flower" },
        "up":    { "uv": [ 10.001, 2.001, 13.999, 3.999 ], "rotation": 180, "texture": "#straw_hat_flower" },
        "north": { "uv": [ 10.001, 2.001, 13.999, 5.999 ], "texture": "#straw_hat_flower" },
        "south": { "uv": [ 13.999, 2.001, 10.001, 5.999 ], "texture": "#straw_hat_flower" },
        "west":  { "uv": [ 13.999, 2.001, 12.001, 5.999 ], "texture": "#straw_hat_flower" },
        "east":  { "uv": [ 10.001, 2.001, 11.999, 5.999 ], "texture": "#straw_hat_flower" }
    }
},
{
    "__comment": "Flower*",
    "from": [ 9.5, 7.625, 10 ],
    "to": [ 10, 8.125, 10.5 ],
    "faces": {
        "down":  { "uv": [ 12.001, 8.001, 15.999, 9.999 ], "rotation": 180, "texture": "#straw_hat_flower" },
        "up":    { "uv": [ 12.001, 6.001, 15.999, 7.999 ], "rotation": 180, "texture": "#straw_hat_flower" },
        "north": { "uv": [ 12.001, 6.001, 15.999, 9.999 ], "texture": "#straw_hat_flower" },
        "south": { "uv": [ 15.999, 6.001, 12.001, 9.999 ], "texture": "#straw_hat_flower" },
        "west":  { "uv": [ 15.999, 6.001, 14.001, 9.999 ], "texture": "#straw_hat_flower" },
        "east":  { "uv": [ 12.001, 6.001, 13.999, 9.999 ], "texture": "#straw_hat_flower" }
    }
},
{
    "__comment": "Flower*",
    "from": [ 8, 7.625, 10.5 ],
    "to": [ 8.5, 8.125, 11 ],
    "faces": {
        "down":  { "uv": [ 0.001, 8.001, 3.999, 9.999 ], "rotation": 180, "texture": "#straw_hat_flower" },
        "up":    { "uv": [ 0.001, 6.001, 3.999, 7.999 ], "rotation": 180, "texture": "#straw_hat_flower" },
        "north": { "uv": [ 0.001, 6.001, 3.999, 9.999 ], "texture": "#straw_hat_flower" },
        "south": { "uv": [ 3.999, 6.001, 0.001, 9.999 ], "texture": "#straw_hat_flower" },
        "west":  { "uv": [ 1.999, 6.001, 0.001, 9.999 ], "texture": "#straw_hat_flower" },
        "east":  { "uv": [ 0.001, 6.001, 1.999, 9.999 ], "texture": "#straw_hat_flower" }
    }
},
{
    "__comment": "Flower*",
    "from": [ 9.25, 7.125, 10.25 ],
    "to": [ 9.75, 7.625, 10.75 ],
    "faces": {
        "down":  { "uv": [ 10.001, 12.001, 13.999, 13.999 ], "rotation": 180, "texture": "#straw_hat_flower" },
        "up":    { "uv": [ 10.001, 10.001, 13.999, 11.999 ], "rotation": 180, "texture": "#straw_hat_flower" },
        "north": { "uv": [ 10.001, 10.001, 13.999, 13.999 ], "texture": "#straw_hat_flower" },
        "south": { "uv": [ 13.999, 10.001, 10.001, 13.999 ], "texture": "#straw_hat_flower" },
        "west":  { "uv": [ 13.999, 10.001, 12.001, 13.999 ], "texture": "#straw_hat_flower" },
        "east":  { "uv": [ 10.001, 10.001, 11.999, 13.999 ], "texture": "#straw_hat_flower" }
    }
},
{
    "__comment": "Flower*",
    "from": [ 8.25, 7.125, 10.5 ],
    "to": [ 8.75, 7.625, 10.875 ],
    "faces": {
        "down":  { "uv": [ 2.001, 12.001, 5.999, 13.999 ], "rotation": 180, "texture": "#straw_hat_flower" },
        "up":    { "uv": [ 2.001, 10.001, 5.999, 11.999 ], "rotation": 180, "texture": "#straw_hat_flower" },
        "north": { "uv": [ 2.001, 10.001, 5.999, 13.999 ], "texture": "#straw_hat_flower" },
        "south": { "uv": [ 5.999, 10.001, 2.001, 13.999 ], "texture": "#straw_hat_flower" },
        "west":  { "uv": [ 5.999, 10.001, 4.001, 13.999 ], "texture": "#straw_hat_flower" },
        "east":  { "uv": [ 2.001, 10.001, 3.999, 13.999 ], "texture": "#straw_hat_flower" }
    }
},
{
    "__comment": "Flower*",
    "from": [ 8.75, 7.0125, 10.375 ],
    "to": [ 9.25, 7.3875, 10.875 ],
    "faces": {
        "down":  { "uv": [ 6.001, 14.001, 9.999, 15.999 ], "rotation": 180, "texture": "#straw_hat_flower" },
        "up":    { "uv": [ 6.001, 12.001, 9.999, 13.999 ], "rotation": 180, "texture": "#straw_hat_flower" },
        "north": { "uv": [ 6.001, 12.001, 9.999, 15.999 ], "texture": "#straw_hat_flower" },
        "south": { "uv": [ 9.999, 12.001, 6.001, 15.999 ], "texture": "#straw_hat_flower" },
        "west":  { "uv": [ 9.999, 12.001, 8.001, 15.999 ], "texture": "#straw_hat_flower" },
        "east":  { "uv": [ 6.001, 12.001, 7.999, 15.999 ], "texture": "#straw_hat_flower" }
    }
},
{
    "__comment": "Flower*",
    "from": [ 8.5, 7.625, 10.5 ],
    "to": [ 8.75, 8.125, 10.75 ],
    "faces": {
        "down":  { "uv": [ 4.001, 8.001, 5.999, 9.999 ], "rotation": 180, "texture": "#straw_hat_flower" },
        "up":    { "uv": [ 4.001, 6.001, 5.999, 7.999 ], "rotation": 180, "texture": "#straw_hat_flower" },
        "north": { "uv": [ 4.001, 6.001, 5.999, 9.999 ], "texture": "#straw_hat_flower" },
        "south": { "uv": [ 5.999, 6.001, 4.001, 9.999 ], "texture": "#straw_hat_flower" },
        "west":  { "uv": [ 5.999, 6.001, 4.001, 9.999 ], "texture": "#straw_hat_flower" },
        "east":  { "uv": [ 4.001, 6.001, 5.999, 9.999 ], "texture": "#straw_hat_flower" }
    }
}
],
"display": {
    "thirdperson_righthand": {
        "rotation": [ 40, 0, -90 ],
        "translation": [ 1.51, -1.51, -4.35 ],
        "scale": [ 1, 1, 1 ]
    },
    "thirdperson_lefthand": {
        "rotation": [ 40, 0, -90 ],
        "translation": [ 1.51, -1.51, -4.35 ],
        "scale": [ -1, 1, 1 ]
    },
    "head": {
        "rotation": [ 0, 180, 0 ],
        "translation": [ 0, 9.26, 0 ],
        "scale": [ 2.65, 2.65, 2.65 ]
    },
    "ground": {
        "rotation": [ 0, 0, 0 ],
        "translation": [ 0, -0.94, 0 ],
        "scale": [ 0.8, 0.8, 0.8 ]
    },
    "fixed": {
        "rotation": [ -90, 0, 0 ],
        "translation": [ 0, 0, -1.9 ],
        "scale": [ 1.5, 1.5, 1.5 ]
    },
    "firstperson_righthand": {
        "rotation": [ 0, -15, 0 ],
        "translation": [ 0, 3.59, 0 ],
        "scale": [ 0.8, 0.8, 0.8 ]
    },
    "firstperson_lefthand": {
        "rotation": [ 0, -15, 0 ],
        "translation": [ 0, 3.59, 0 ],
        "scale": [ 0.8, 0.8, 0.8 ]
    },
    "gui": {
        "rotation": [ 13, 0, 0 ],
        "translation": [ 0, 0, 0 ],
        "scale": [ 1.4, 1.4, 1.4 ]
    }
}
}