{
	"__comment": "Model generated using MrCrayfish's Model Creator (http://mrcrayfish.com/modelcreator/)",
	"ambientocclusion": false,
	"textures": {
		"0": "blocks/pumpkin_basket_plain",
		"1": "blocks/pumpkin_basket",
		"2": "blocks/wool_colored_black",
		"3": "blocks/candies",
		"4": "blocks/wool_colored_white",
		"5": "blocks/wool_colored_purple",
		"6": "blocks/wool_colored_pink",
		"7": "blocks/wool_colored_lime",
		"8": "blocks/cake_top"
	},
	"elements": [ 	 
		{
			"from": [ 4, 0, 4 ],
			"to": [ 12, 1, 12 ],
			"faces": {
				"down": { "uv": [ 0, 0, 16, 16 ], "texture": "#0" },
				"up": { "uv": [ 0, 0, 16, 16 ], "texture": "#0" },
				"north": { "uv": [ 0, 0, 16, 2 ], "texture": "#0" },
				"south": { "uv": [ 0, 3, 16, 5 ], "texture": "#0" },
				"west": { "uv": [ 0, 4, 16, 6 ], "texture": "#0" },
				"east": { "uv": [ 0, 0, 16, 2 ], "texture": "#0" }
			}
		},
		{
			"from": [ 4, 1, 4 ],
			"to": [ 12, 8, 5 ],
			"faces": {
				"down": { "uv": [ 0, 0, 8, 1 ], "texture": "#0" },
				"up": { "uv": [ 0, 0, 16, 2 ], "texture": "#0" },
				"north": { "uv": [ 0, 0, 16, 14 ], "texture": "#0" },
				"south": { "uv": [ 2, 2, 13, 14 ], "texture": "#0" },
				"west": { "uv": [ 0, 0, 1, 7 ], "texture": "#0" },
				"east": { "uv": [ 0, 0, 1, 7 ], "texture": "#0" }
			}
		},
		{
			"from": [ 4, 1, 11 ],
			"to": [ 12, 8, 12 ],
			"faces": {
				"down": { "uv": [ 0, 0, 8, 1 ], "texture": "#1" },
				"up": { "uv": [ 0, 2, 16, 4 ], "texture": "#1" },
				"north": { "uv": [ 0, 2, 16, 16 ], "texture": "#0" },
				"south": { "uv": [ 0, 0, 16, 15 ], "texture": "#1" },
				"west": { "uv": [ 14, 1, 16, 16 ], "texture": "#1" },
				"east": { "uv": [ 1, 0, 3, 14 ], "texture": "#1" }
			}
		},
		{
			"from": [ 4, 1, 5 ],
			"to": [ 5, 8, 11 ],
			"faces": {
				"down": { "uv": [ 0, 0, 1, 6 ], "texture": "#0" },
				"up": { "uv": [ 1, 1, 3, 15 ], "texture": "#0" },
				"north": { "uv": [ 0, 0, 1, 7 ], "texture": "#0" },
				"south": { "uv": [ 0, 0, 1, 7 ], "texture": "#0" },
				"west": { "uv": [ 2, 2, 14, 14 ], "texture": "#0" },
				"east": { "uv": [ 2, 2, 14, 14 ], "texture": "#0" }
			}
		},
		{
			"from": [ 11, 1, 5 ],
			"to": [ 12, 8, 11 ],
			"faces": {
				"down": { "uv": [ 0, 0, 1, 6 ], "texture": "#0" },
				"up": { "uv": [ 1, 3, 3, 15 ], "texture": "#0" },
				"north": { "uv": [ 0, 0, 1, 7 ], "texture": "#0" },
				"south": { "uv": [ 0, 0, 1, 7 ], "texture": "#0" },
				"west": { "uv": [ 2, 2, 14, 14 ], "texture": "#0" },
				"east": { "uv": [ 2, 2, 14, 14 ], "texture": "#0" }
			}
		},
		{
			"from": [ 4.2, 7.4, 7 ],
			"to": [ 4.8, 8.4, 8 ],
			"faces": {
				"down": { "uv": [ 0, 0, 0.6, 1 ], "texture": "#2" },
				"up": { "uv": [ 0, 0, 0.6, 1 ], "texture": "#2" },
				"north": { "uv": [ 0, 0, 0.6, 1 ], "texture": "#2" },
				"south": { "uv": [ 0, 0, 0.6, 1 ], "texture": "#2" },
				"west": { "uv": [ 0, 0, 1, 1 ], "texture": "#2" },
				"east": { "uv": [ 0, 0, 1, 1 ], "texture": "#2" }
			}
		},
		{
			"from": [ 11.2, 7.4, 7 ],
			"to": [ 11.8, 8.4, 8 ],
			"faces": {
				"down": { "uv": [ 0, 0, 0.6, 1 ], "texture": "#2" },
				"up": { "uv": [ 0, 0, 0.6, 1 ], "texture": "#2" },
				"north": { "uv": [ 0, 0, 0.6, 1 ], "texture": "#2" },
				"south": { "uv": [ 0, 0, 0.6, 1 ], "texture": "#2" },
				"west": { "uv": [ 0, 0, 1, 1 ], "texture": "#2" },
				"east": { "uv": [ 0, 0, 1, 1 ], "texture": "#2" }
			}
		},
		{
			"from": [ 4.2, 12.4, 7.3 ],
			"to": [ 11.7, 12.9, 7.8 ],
			"faces": {
				"down": { "uv": [ 0, 0, 7.5, 0.5 ], "texture": "#2" },
				"up": { "uv": [ 0, 0, 7.5, 0.5 ], "texture": "#2" },
				"north": { "uv": [ 0, 0, 7.5, 0.5 ], "texture": "#2" },
				"south": { "uv": [ 0, 0, 7.5, 0.5 ], "texture": "#2" },
				"west": { "uv": [ 0, 0, 0.5, 0.5 ], "texture": "#2" },
				"east": { "uv": [ 0, 0, 0.5, 0.5 ], "texture": "#2" }
			}
		},
		{
			"from": [ 4.2, 8.4, 7.3 ],
			"to": [ 4.7, 12.4, 7.8 ],
			"faces": {
				"down": { "uv": [ 0, 0, 0.5, 0.5 ], "texture": "#2" },
				"up": { "uv": [ 0, 0, 0.5, 0.5 ], "texture": "#2" },
				"north": { "uv": [ 0, 0, 0.5, 4 ], "texture": "#2" },
				"south": { "uv": [ 0, 0, 0.5, 4 ], "texture": "#2" },
				"west": { "uv": [ 0, 0, 0.5, 4 ], "texture": "#2" },
				"east": { "uv": [ 0, 0, 0.5, 4 ], "texture": "#2" }
			}
		},
		{
			"from": [ 11.2, 8.4, 7.3 ],
			"to": [ 11.7, 12.4, 7.8 ],
			"faces": {
				"down": { "uv": [ 0, 0, 0.5, 0.5 ], "texture": "#2" },
				"up": { "uv": [ 0, 0, 0.5, 0.5 ], "texture": "#2" },
				"north": { "uv": [ 0, 0, 0.5, 4 ], "texture": "#2" },
				"south": { "uv": [ 0, 0, 0.5, 4 ], "texture": "#2" },
				"west": { "uv": [ 0, 0, 0.5, 4 ], "texture": "#2" },
				"east": { "uv": [ 0, 0, 0.5, 4 ], "texture": "#2" }
			}
		},
		{
			"from": [ 6, 4, 5 ],
			"to": [ 9, 9, 6 ],
			"faces": {
				"down": { "uv": [ 0, 0, 3, 1 ], "texture": "#3" },
				"up": { "uv": [ 0, 0, 3, 1 ], "texture": "#3" },
				"north": { "uv": [ 0, 0, 6, 9 ], "texture": "#3" },
				"south": { "uv": [ 0, 0, 6, 9 ], "texture": "#3" },
				"west": { "uv": [ 0, 0, 2, 9 ], "texture": "#3" },
				"east": { "uv": [ 0, 0, 2, 8 ], "texture": "#3" }
			}
		},
		{
			"from": [ 7.2, 4, 10 ],
			"to": [ 10.2, 9, 11 ],
			"rotation": { "origin": [ 8, 8, 8 ], "axis": "z", "angle": 22.5 },
			"faces": {
				"down": { "uv": [ 0, 0, 3, 1 ], "texture": "#3" },
				"up": { "uv": [ 0, 0, 3, 1 ], "texture": "#3" },
				"north": { "uv": [ 0, 0, 6, 9 ], "texture": "#3" },
				"south": { "uv": [ 0, 0, 6, 9 ], "texture": "#3" },
				"west": { "uv": [ 0, 0, 2, 9 ], "texture": "#3" },
				"east": { "uv": [ 0, 0, 2, 9 ], "texture": "#3" }
			}
		},
		{
			"from": [ 4.5, 4, 8.7 ],
			"to": [ 5.5, 9, 9.7 ],
			"rotation": { "origin": [ 8, 8, 8 ], "axis": "y", "angle": 22.5 },
			"faces": {
				"down": { "uv": [ 9, 6, 10, 7 ], "texture": "#3" },
				"up": { "uv": [ 8, 6, 10, 8 ], "texture": "#3" },
				"north": { "uv": [ 8, 6, 10, 12 ], "texture": "#3" },
				"south": { "uv": [ 8, 6, 10, 12 ], "texture": "#3" },
				"west": { "uv": [ 8, 6, 10, 12 ], "texture": "#3" },
				"east": { "uv": [ 0, 0, 1, 5 ], "texture": "#3" }
			}
		},
		{
			"from": [ 10, 6, 5.2 ],
			"to": [ 11, 11, 6.2 ],
			"rotation": { "origin": [ 8, 8, 8 ], "axis": "x", "angle": -22.5 },
			"faces": {
				"down": { "uv": [ 6, 10, 7, 11 ], "texture": "#3" },
				"up": { "uv": [ 6, 10, 8, 12 ], "texture": "#3" },
				"north": { "uv": [ 6, 6, 8, 12 ], "texture": "#3" },
				"south": { "uv": [ 6, 6, 8, 12 ], "texture": "#3" },
				"west": { "uv": [ 6, 6, 8, 12 ], "texture": "#3" },
				"east": { "uv": [ 6, 6, 8, 12 ], "texture": "#3" }
			}
		},
		{
			"from": [ 7.4, 8, 8.8 ],
			"to": [ 10.4, 11, 9.8 ],
			"rotation": { "origin": [ 8, 8, 8 ], "axis": "y", "angle": 22.5 },
			"faces": {
				"down": { "uv": [ 7, 0, 10, 1 ], "texture": "#3" },
				"up": { "uv": [ 7, 0, 10, 1 ], "texture": "#3" },
				"north": { "uv": [ 6, 0, 12, 6 ], "texture": "#3" },
				"south": { "uv": [ 6, 0, 12, 6 ], "texture": "#3" },
				"west": { "uv": [ 6, 0, 7, 3 ], "texture": "#3" },
				"east": { "uv": [ 6, 1, 7, 4 ], "texture": "#3" }
			}
		},
		{
			"from": [ 8.8, 3, 9.2 ],
			"to": [ 9.3, 8, 9.7 ],
			"rotation": { "origin": [ 8, 8, 8 ], "axis": "y", "angle": 22.5 },
			"faces": {
				"down": { "uv": [ 0, 0, 0.5, 0.5 ], "texture": "#4" },
				"up": { "uv": [ 0, 0, 0.5, 0.5 ], "texture": "#4" },
				"north": { "uv": [ 0, 0, 0.5, 5 ], "texture": "#4" },
				"south": { "uv": [ 0, 0, 0.5, 5 ], "texture": "#4" },
				"west": { "uv": [ 0, 0, 0.5, 5 ], "texture": "#4" },
				"east": { "uv": [ 0, 0, 0.5, 5 ], "texture": "#4" }
			}
		},
		{
			"from": [ 5.4, 9, 6.8 ],
			"to": [ 6.4, 10, 7.8 ],
			"rotation": { "origin": [ 8, 8, 8 ], "axis": "z", "angle": 22.5 },
			"faces": {
				"down": { "uv": [ 0, 0, 2, 2 ], "texture": "#5" },
				"up": { "uv": [ 0, 0, 3, 3 ], "texture": "#5" },
				"north": { "uv": [ 0, 0, 2, 2 ], "texture": "#5" },
				"south": { "uv": [ 0, 0, 2, 2 ], "texture": "#5" },
				"west": { "uv": [ 0, 0, 2, 2 ], "texture": "#5" },
				"east": { "uv": [ 0, 0, 2, 2 ], "texture": "#5" }
			}
		},
		{
			"from": [ 5.9, 9, 6.8 ],
			"to": [ 6.9, 10, 7.8 ],
			"rotation": { "origin": [ 8, 8, 8 ], "axis": "y", "angle": 45 },
			"faces": {
				"down": { "uv": [ 0, 0, 2, 2 ], "texture": "#6" },
				"up": { "uv": [ 0, 0, 2, 2 ], "texture": "#6" },
				"north": { "uv": [ 0, 0, 2, 2 ], "texture": "#6" },
				"south": { "uv": [ 0, 0, 2, 2 ], "texture": "#6" },
				"west": { "uv": [ 0, 0, 2, 2 ], "texture": "#6" },
				"east": { "uv": [ 0, 0, 2, 2 ], "texture": "#6" }
			}
		},
		{
			"from": [ 7.1, 9, 7.5 ],
			"to": [ 8.1, 10, 8.5 ],
			"rotation": { "origin": [ 8, 8, 8 ], "axis": "y", "angle": -22.5 },
			"faces": {
				"down": { "uv": [ 0, 0, 2, 2 ], "texture": "#7" },
				"up": { "uv": [ 0, 0, 2, 3 ], "texture": "#7" },
				"north": { "uv": [ 0, 0, 3, 2 ], "texture": "#7" },
				"south": { "uv": [ 0, 0, 2, 2 ], "texture": "#7" },
				"west": { "uv": [ 0, 0, 2, 2 ], "texture": "#7" },
				"east": { "uv": [ 0, 0, 2, 2 ], "texture": "#7" }
			}
		},
		{
			"from": [ 7.5, 5, 7.9 ],
			"to": [ 7.7, 9, 8.1 ],
			"rotation": { "origin": [ 8, 8, 8 ], "axis": "y", "angle": -22.5 },
			"faces": {
				"down": { "uv": [ 0, 0, 0.2, 0.1999998 ], "texture": "#4" },
				"up": { "uv": [ 0, 0, 0.2, 0.1999998 ], "texture": "#4" },
				"north": { "uv": [ 0, 0, 0.2, 4 ], "texture": "#4" },
				"south": { "uv": [ 0, 0, 0.2, 4 ], "texture": "#4" },
				"west": { "uv": [ 0, 0, 0.2, 4 ], "texture": "#4" },
				"east": { "uv": [ 0, 0, 0.2, 4 ], "texture": "#4" }
			}
		},
		{
			"from": [ 5.9, 5, 7.1 ],
			"to": [ 6.099999, 9, 7.3 ],
			"rotation": { "origin": [ 8, 8, 8 ], "axis": "z", "angle": 22.5 },
			"faces": {
				"down": { "uv": [ 0, 0, 0.2, 0.1999998 ], "texture": "#4" },
				"up": { "uv": [ 0, 0, 0.2, 0.1999998 ], "texture": "#4" },
				"north": { "uv": [ 0, 0, 0.2, 4 ], "texture": "#4" },
				"south": { "uv": [ 0, 0, 0.2, 4 ], "texture": "#4" },
				"west": { "uv": [ 0, 0, 0.2, 4 ], "texture": "#4" },
				"east": { "uv": [ 0, 0, 0.2, 4 ], "texture": "#4" }
			}
		},
		{
			"from": [ 6.6, 5, 9.099999 ],
			"to": [ 6.8, 9, 9.299999 ],
			"rotation": { "origin": [ 8, 8, 8 ], "axis": "y", "angle": -22.5 },
			"faces": {
				"down": { "uv": [ 0, 0, 0.2, 0.1999998 ], "texture": "#4" },
				"up": { "uv": [ 0, 0, 0.2, 0.1999998 ], "texture": "#4" },
				"north": { "uv": [ 0, 0, 0.2, 4 ], "texture": "#4" },
				"south": { "uv": [ 0, 0, 0.2, 4 ], "texture": "#4" },
				"west": { "uv": [ 0, 0, 0.2, 4 ], "texture": "#4" },
				"east": { "uv": [ 0, 0, 0.2, 4 ], "texture": "#4" }
			}
		},
		{
			"from": [ 5, 5, 5 ],
			"to": [ 11, 6, 11 ],
			"faces": {
				"down": { "uv": [ 0, 0, 16, 16 ], "texture": "#8" },
				"up": { "uv": [ 1, 1, 15, 15 ], "texture": "#8" },
				"north": { "uv": [ 0, 0, 16, 2 ], "texture": "#8" },
				"south": { "uv": [ 0, 3, 16, 5 ], "texture": "#8" },
				"west": { "uv": [ 0, 4, 16, 6 ], "texture": "#8" },
				"east": { "uv": [ 0, 0, 16, 2 ], "texture": "#8" }
			}
		},
		{
			"from": [ 5, 5, 5.2 ],
			"to": [ 6, 10, 6.2 ],
			"rotation": { "origin": [ 8, 8, 8 ], "axis": "x", "angle": -22.5 },
			"faces": {
				"down": { "uv": [ 10, 11, 11, 12 ], "texture": "#3" },
				"up": { "uv": [ 10, 6, 12, 8 ], "texture": "#3" },
				"north": { "uv": [ 10, 6, 12, 13 ], "texture": "#3" },
				"south": { "uv": [ 10, 6, 12, 12 ], "texture": "#3" },
				"west": { "uv": [ 10, 6, 12, 13 ], "texture": "#3" },
				"east": { "uv": [ 10, 6, 12, 13 ], "texture": "#3" }
			}
		},
		{
			"from": [ 5.7, 6, 6.1 ],
			"to": [ 8.7, 8, 7.1 ],
			"rotation": { "origin": [ 8, 8, 8 ], "axis": "y", "angle": 45 },
			"faces": {
				"down": { "uv": [ 5, 15, 8, 16 ], "texture": "#3" },
				"up": { "uv": [ 0, 13, 3, 14 ], "texture": "#3" },
				"north": { "uv": [ 5, 13, 8, 16 ], "texture": "#3" },
				"south": { "uv": [ 5, 13, 9, 16 ], "texture": "#3" },
				"west": { "uv": [ 5, 13, 6, 16 ], "texture": "#3" },
				"east": { "uv": [ 5, 13, 6, 16 ], "texture": "#3" }
			}
		}
	],
	"display": {
		"thirdperson_righthand": {
			"rotation":  [ 92, 94, 0 ],
			"translation":  [ 1.3, -0.091, -1.999 ],
			"scale":  [ 0.8, 0.8, 0.8 ]
		},
		"gui": {
			"translation":  [ 0, 1.5, 0 ]
		},
		"ground": {
			"translation":  [ 0, 9.0434, 0 ]
		}
	}
}