{
	"__comment": "Model generated using MrCrayfish's Model Creator (http://mrcrayfish.com/modelcreator/)",
	"ambientocclusion": false,
	"textures": {
		"0": "blocks/paperbag_two",
		"1": "blocks/paperbag_one",
		"2": "blocks/wool_colored_black"
	},
	"elements": [ 	 
		{
			"from": [ 2, 0, 3 ],
			"to": [ 14, 12, 4 ],
			"faces": {
				"down": { "uv": [ 0, 0, 12, 1 ], "texture": "#0" },
				"up": { "uv": [ 0, 0, 12, 1 ], "texture": "#0" },
				"north": { "uv": [ 0, 0, 16, 15 ], "texture": "#0" },
				"south": { "uv": [ 0, 0, 16, 10 ], "texture": "#0" },
				"west": { "uv": [ 0, 0, 1, 12 ], "texture": "#0" },
				"east": { "uv": [ 0, 0, 1, 12 ], "texture": "#0" }
			}
		},
		{
			"from": [ 3, 6, 12 ],
			"to": [ 13, 12, 13 ],
			"faces": {
				"down": { "uv": [ 0, 0, 10, 1 ], "texture": "#1" },
				"up": { "uv": [ 0, 0, 10, 1 ], "texture": "#1" },
				"north": { "uv": [ 0, 0, 10, 6 ], "texture": "#1" },
				"south": { "uv": [ 1, 0, 11, 6 ], "texture": "#1" },
				"west": { "uv": [ 0, 0, 1, 6 ], "texture": "#1" },
				"east": { "uv": [ 0, 0, 1, 6 ], "texture": "#1" }
			}
		},
		{
			"from": [ 2, 0, 4 ],
			"to": [ 3, 12, 13 ],
			"faces": {
				"down": { "uv": [ 0, 0, 1, 9 ], "texture": "#0" },
				"up": { "uv": [ 0, 0, 1, 9 ], "texture": "#0" },
				"north": { "uv": [ 0, 0, 1, 12 ], "texture": "#0" },
				"south": { "uv": [ 0, 4, 1, 16 ], "texture": "#0" },
				"west": { "uv": [ 7, 0, 16, 12 ], "texture": "#0" },
				"east": { "uv": [ 0, 0, 9, 12 ], "texture": "#0" }
			}
		},
		{
			"from": [ 13, 0, 4 ],
			"to": [ 14, 12, 13 ],
			"faces": {
				"down": { "uv": [ 0, 0, 1, 9 ], "texture": "#1" },
				"up": { "uv": [ 0, 0, 1, 9 ], "texture": "#1" },
				"north": { "uv": [ 0, 0, 1, 12 ], "texture": "#1" },
				"south": { "uv": [ 0, 0, 1, 12 ], "texture": "#1" },
				"west": { "uv": [ 0, 0, 9, 12 ], "texture": "#1" },
				"east": { "uv": [ 0, 0, 9, 12 ], "texture": "#1" }
			}
		},
		{
			"from": [ 3, 11, 4 ],
			"to": [ 13, 12, 12 ],
			"faces": {
				"down": { "uv": [ 0, 0, 10, 8 ], "texture": "#1" },
				"up": { "uv": [ 2, 4, 12, 12 ], "texture": "#1" },
				"north": { "uv": [ 0, 0, 10, 1 ], "texture": "#1" },
				"south": { "uv": [ 0, 0, 10, 1 ], "texture": "#1" },
				"west": { "uv": [ 0, 0, 8, 1 ], "texture": "#1" },
				"east": { "uv": [ 0, 0, 8, 1 ], "texture": "#1" }
			}
		},
		{
			"from": [ 3, 0, 12 ],
			"to": [ 13, 4, 13 ],
			"faces": {
				"down": { "uv": [ 0, 0, 10, 1 ], "texture": "#0" },
				"up": { "uv": [ 0, 0, 10, 1 ], "texture": "#0" },
				"north": { "uv": [ 2, 1, 12, 5 ], "texture": "#0" },
				"south": { "uv": [ 1, 12, 11, 16 ], "texture": "#0" },
				"west": { "uv": [ 0, 0, 1, 4 ], "texture": "#0" },
				"east": { "uv": [ 0, 0, 1, 4 ], "texture": "#0" }
			}
		},
		{
			"from": [ 3, 4, 12 ],
			"to": [ 5, 6, 13 ],
			"faces": {
				"down": { "uv": [ 0, 0, 2, 1 ], "texture": "#0" },
				"up": { "uv": [ 0, 0, 2, 1 ], "texture": "#0" },
				"north": { "uv": [ 0, 0, 2, 2 ], "texture": "#0" },
				"south": { "uv": [ 12, 11, 14, 13 ], "texture": "#0" },
				"west": { "uv": [ 0, 0, 1, 2 ], "texture": "#0" },
				"east": { "uv": [ 0, 0, 1, 2 ], "texture": "#0" }
			}
		},
		{
			"from": [ 11, 4, 12 ],
			"to": [ 13, 6, 13 ],
			"faces": {
				"down": { "uv": [ 0, 0, 2, 1 ], "texture": "#1" },
				"up": { "uv": [ 0, 0, 2, 1 ], "texture": "#1" },
				"north": { "uv": [ 0, 0, 2, 2 ], "texture": "#1" },
				"south": { "uv": [ 2, 2, 4, 4 ], "texture": "#1" },
				"west": { "uv": [ 0, 0, 1, 2 ], "texture": "#1" },
				"east": { "uv": [ 0, 0, 1, 2 ], "texture": "#1" }
			}
		},
		{
			"from": [ 5, 4, 12 ],
			"to": [ 6, 5, 13 ],
			"faces": {
				"down": { "uv": [ 0, 0, 1, 1 ], "texture": "#1" },
				"up": { "uv": [ 0, 0, 1, 1 ], "texture": "#1" },
				"north": { "uv": [ 0, 0, 1, 1 ], "texture": "#1" },
				"south": { "uv": [ 5, 6, 6, 7 ], "texture": "#1" },
				"west": { "uv": [ 0, 0, 1, 1 ], "texture": "#1" },
				"east": { "uv": [ 0, 0, 1, 1 ], "texture": "#1" }
			}
		},
		{
			"from": [ 10, 4, 12 ],
			"to": [ 11, 5, 13 ],
			"faces": {
				"down": { "uv": [ 0, 0, 1, 1 ], "texture": "#1" },
				"up": { "uv": [ 0, 0, 1, 1 ], "texture": "#1" },
				"north": { "uv": [ 0, 0, 1, 1 ], "texture": "#1" },
				"south": { "uv": [ 2, 3, 3, 4 ], "texture": "#1" },
				"west": { "uv": [ 0, 0, 1, 1 ], "texture": "#1" },
				"east": { "uv": [ 0, 0, 1, 1 ], "texture": "#1" }
			}
		},
		{
			"from": [ 6, 4, 12 ],
			"to": [ 10, 6, 13 ],
			"faces": {
				"down": { "uv": [ 0, 0, 4, 1 ], "texture": "#0" },
				"up": { "uv": [ 0, 0, 4, 1 ], "texture": "#0" },
				"north": { "uv": [ 0, 0, 4, 2 ], "texture": "#0" },
				"south": { "uv": [ 6, 9, 10, 11 ], "texture": "#0" },
				"west": { "uv": [ 0, 0, 1, 2 ], "texture": "#0" },
				"east": { "uv": [ 0, 0, 1, 2 ], "texture": "#0" }
			}
		},
		{
			"from": [ 10, 5, 12 ],
			"to": [ 11, 6, 12.8 ],
			"faces": {
				"down": { "uv": [ 0, 0, 1, 0.8000002 ], "texture": "#2" },
				"up": { "uv": [ 0, 0, 1, 0.8000002 ], "texture": "#2" },
				"north": { "uv": [ 0, 0, 1, 1 ], "texture": "#2" },
				"south": { "uv": [ 0, 0, 1, 1 ], "texture": "#2" },
				"west": { "uv": [ 0, 0, 0.8, 1 ], "texture": "#2" },
				"east": { "uv": [ 0, 0, 0.8, 1 ], "texture": "#2" }
			}
		},
		{
			"from": [ 5, 5, 12 ],
			"to": [ 6, 6, 12.8 ],
			"faces": {
				"down": { "uv": [ 0, 0, 1, 0.8000002 ], "texture": "#2" },
				"up": { "uv": [ 0, 0, 1, 0.8000002 ], "texture": "#2" },
				"north": { "uv": [ 0, 0, 1, 1 ], "texture": "#2" },
				"south": { "uv": [ 0, 0, 1, 1 ], "texture": "#2" },
				"west": { "uv": [ 0, 0, 0.8, 1 ], "texture": "#2" },
				"east": { "uv": [ 0, 0, 0.8, 1 ], "texture": "#2" }
			}
		}
	],
	"display": {
		"thirdperson_righthand": {
			"rotation":  [ 103, 178, 0 ],
			"scale":  [ 0.6, 0.6, 0.6 ]
		},
		"thirdperson_lefthand": {
			"rotation":  [ 104, -180, -6 ],
			"translation":  [ 2.0869, -2.086, -0.695 ],
			"scale":  [ 0.6, 0.6, 0.6 ]
		},
		"gui": {
			"translation":  [ 0, 2.0869, 0 ]
		},
		"head": {
			"rotation":  [ 0, 180, 0 ],
			"translation":  [ 0, 2.0869, 0 ],
			"scale":  [ 1.5, 1.5, 1.5 ]
		},
		"ground": {
			"translation":  [ 0, 6.2608, 0 ]
		}
	}
}