{
	"__comment": "Model generated using MrCrayfish's Model Creator (http://mrcrayfish.com/modelcreator/)",
	"ambientocclusion": false,
	"textures": {
		"0": "blocks/concrete_white",
		"1": "blocks/redstone_block",
		"2": "blocks/wool_colored_black",
		"3": "blocks/wool_colored_red",
		"4": "blocks/concrete_red"
	},
	"elements": [ 	 
		{
			"from": [ 3.4, 0, 3.5 ],
			"to": [ 12.5, 9, 4 ],
			"faces": {
				"down": { "uv": [ 0, 0, 9.1, 0.5 ], "texture": "#0" },
				"up": { "uv": [ 0, 0, 9.1, 0.5 ], "texture": "#0" },
				"north": { "uv": [ 0, 0, 9.1, 9 ], "texture": "#0" },
				"south": { "uv": [ 0, 0, 9.1, 9 ], "texture": "#0" },
				"west": { "uv": [ 0, 0, 0.5, 9 ], "texture": "#0" },
				"east": { "uv": [ 0, 0, 0.5, 9 ], "texture": "#0" }
			}
		},
		{
			"from": [ 3.4, 8, 4 ],
			"to": [ 12.5, 9, 13 ],
			"faces": {
				"down": { "uv": [ 0, 0, 9.1, 9 ], "texture": "#0" },
				"up": { "uv": [ 0, 0, 9.1, 9 ], "texture": "#0" },
				"north": { "uv": [ 0, 0, 9.1, 1 ], "texture": "#0" },
				"south": { "uv": [ 0, 0, 9.1, 1 ], "texture": "#0" },
				"west": { "uv": [ 0, 0, 9, 1 ], "texture": "#0" },
				"east": { "uv": [ 0, 0, 9, 1 ], "texture": "#0" }
			}
		},
		{
			"from": [ 3.4, 4, 4 ],
			"to": [ 3.9, 8, 13 ],
			"faces": {
				"down": { "uv": [ 0, 0, 0.5, 9 ], "texture": "#0" },
				"up": { "uv": [ 0, 0, 0.5, 9 ], "texture": "#0" },
				"north": { "uv": [ 0, 0, 0.5, 4 ], "texture": "#0" },
				"south": { "uv": [ 0, 0, 0.5, 4 ], "texture": "#0" },
				"west": { "uv": [ 0, 0, 9, 4 ], "texture": "#0" },
				"east": { "uv": [ 0, 0, 9, 4 ], "texture": "#0" }
			}
		},
		{
			"from": [ 12, 4, 4 ],
			"to": [ 12.5, 8, 13 ],
			"faces": {
				"down": { "uv": [ 0, 0, 0.5, 9 ], "texture": "#0" },
				"up": { "uv": [ 0, 0, 0.5, 9 ], "texture": "#0" },
				"north": { "uv": [ 0, 0, 0.5, 4 ], "texture": "#0" },
				"south": { "uv": [ 0, 0, 0.5, 4 ], "texture": "#0" },
				"west": { "uv": [ 0, 0, 9, 4 ], "texture": "#0" },
				"east": { "uv": [ 0, 0, 9, 4 ], "texture": "#0" }
			}
		},
		{
			"from": [ 3.4, 0, 4 ],
			"to": [ 3.9, 2, 12.5 ],
			"faces": {
				"down": { "uv": [ 0, 0, 0.5, 8.5 ], "texture": "#0" },
				"up": { "uv": [ 0, 0, 0.5, 8.5 ], "texture": "#0" },
				"north": { "uv": [ 0, 0, 0.5, 2 ], "texture": "#0" },
				"south": { "uv": [ 0, 0, 0.5, 2 ], "texture": "#0" },
				"west": { "uv": [ 0, 0, 8.5, 2 ], "texture": "#0" },
				"east": { "uv": [ 0, 0, 8.5, 2 ], "texture": "#0" }
			}
		},
		{
			"from": [ 3.4, 2, 4 ],
			"to": [ 3.9, 4, 11.5 ],
			"faces": {
				"down": { "uv": [ 0, 0, 0.5, 7.5 ], "texture": "#0" },
				"up": { "uv": [ 0, 0, 0.5, 7.5 ], "texture": "#0" },
				"north": { "uv": [ 0, 0, 0.5, 2 ], "texture": "#0" },
				"south": { "uv": [ 0, 0, 0.5, 2 ], "texture": "#0" },
				"west": { "uv": [ 0, 0, 7.5, 2 ], "texture": "#0" },
				"east": { "uv": [ 0, 0, 7.5, 2 ], "texture": "#0" }
			}
		},
		{
			"from": [ 3.4, -0.09999999, 11.5 ],
			"to": [ 12, 1, 13.4 ],
			"faces": {
				"down": { "uv": [ 0, 0, 8.6, 1.9 ], "texture": "#0" },
				"up": { "uv": [ 0, 0, 8.6, 1.9 ], "texture": "#0" },
				"north": { "uv": [ 0, 0, 8.6, 1.1 ], "texture": "#0" },
				"south": { "uv": [ 0, 0, 8.6, 1.1 ], "texture": "#0" },
				"west": { "uv": [ 0, 0, 1.9, 1.1 ], "texture": "#0" },
				"east": { "uv": [ 0, 0, 1.9, 1.1 ], "texture": "#0" }
			}
		},
		{
			"from": [ 12, 0, 4 ],
			"to": [ 12.5, 2, 12.5 ],
			"faces": {
				"down": { "uv": [ 0, 0, 0.5, 8.5 ], "texture": "#0" },
				"up": { "uv": [ 0, 0, 0.5, 8.5 ], "texture": "#0" },
				"north": { "uv": [ 0, 0, 0.5, 2 ], "texture": "#0" },
				"south": { "uv": [ 0, 0, 0.5, 2 ], "texture": "#0" },
				"west": { "uv": [ 0, 0, 8.5, 2 ], "texture": "#0" },
				"east": { "uv": [ 0, 0, 8.5, 2 ], "texture": "#0" }
			}
		},
		{
			"from": [ 12, 2, 4 ],
			"to": [ 12.5, 4, 11.5 ],
			"faces": {
				"down": { "uv": [ 0, 0, 0.5, 7.5 ], "texture": "#0" },
				"up": { "uv": [ 0, 0, 0.5, 7.5 ], "texture": "#0" },
				"north": { "uv": [ 0, 0, 0.5, 2 ], "texture": "#0" },
				"south": { "uv": [ 0, 0, 0.5, 2 ], "texture": "#0" },
				"west": { "uv": [ 0, 0, 7.5, 2 ], "texture": "#0" },
				"east": { "uv": [ 0, 0, 7.5, 2 ], "texture": "#0" }
			}
		},
		{
			"from": [ 3.9, 5, 12 ],
			"to": [ 12, 6, 13 ],
			"faces": {
				"down": { "uv": [ 0, 0, 8.1, 1 ], "texture": "#0" },
				"up": { "uv": [ 0, 0, 8.1, 1 ], "texture": "#0" },
				"north": { "uv": [ 0, 0, 8.1, 1 ], "texture": "#0" },
				"south": { "uv": [ 0, 0, 8.1, 1 ], "texture": "#0" },
				"west": { "uv": [ 0, 0, 1, 1 ], "texture": "#0" },
				"east": { "uv": [ 0, 0, 1, 1 ], "texture": "#0" }
			}
		},
		{
			"from": [ 6.9, 5.1, 12 ],
			"to": [ 9, 7.1, 14 ],
			"faces": {
				"down": { "uv": [ 1, 1, 3.1, 3 ], "texture": "#1" },
				"up": { "uv": [ 1, 0, 3.1, 2 ], "texture": "#1" },
				"north": { "uv": [ 1, 1, 3.1, 3 ], "texture": "#1" },
				"south": { "uv": [ 1, 2, 3.1, 4 ], "texture": "#1" },
				"west": { "uv": [ 1, 1, 3, 3 ], "texture": "#1" },
				"east": { "uv": [ 1, 1, 3, 3 ], "texture": "#1" }
			}
		},
		{
			"from": [ 3.9, 7, 12 ],
			"to": [ 12, 8, 13 ],
			"faces": {
				"down": { "uv": [ 0, 0, 8.1, 1 ], "texture": "#0" },
				"up": { "uv": [ 0, 0, 8.1, 1 ], "texture": "#0" },
				"north": { "uv": [ 0, 0, 8.1, 1 ], "texture": "#0" },
				"south": { "uv": [ 0, 0, 8.1, 1 ], "texture": "#0" },
				"west": { "uv": [ 0, 0, 1, 1 ], "texture": "#0" },
				"east": { "uv": [ 0, 0, 1, 1 ], "texture": "#0" }
			}
		},
		{
			"from": [ 3.9, 6, 12 ],
			"to": [ 4.9, 7, 13 ],
			"faces": {
				"down": { "uv": [ 0, 0, 1, 1 ], "texture": "#0" },
				"up": { "uv": [ 0, 0, 1, 1 ], "texture": "#0" },
				"north": { "uv": [ 0, 0, 1, 1 ], "texture": "#0" },
				"south": { "uv": [ 0, 0, 1, 1 ], "texture": "#0" },
				"west": { "uv": [ 0, 0, 1, 1 ], "texture": "#0" },
				"east": { "uv": [ 0, 0, 1, 1 ], "texture": "#0" }
			}
		},
		{
			"from": [ 5.9, 6, 12 ],
			"to": [ 6.9, 7, 13 ],
			"faces": {
				"down": { "uv": [ 0, 0, 1, 1 ], "texture": "#0" },
				"up": { "uv": [ 0, 0, 1, 1 ], "texture": "#0" },
				"north": { "uv": [ 0, 0, 1, 1 ], "texture": "#0" },
				"south": { "uv": [ 0, 0, 1, 1 ], "texture": "#0" },
				"west": { "uv": [ 0, 0, 1, 1 ], "texture": "#0" },
				"east": { "uv": [ 0, 0, 1, 1 ], "texture": "#0" }
			}
		},
		{
			"from": [ 8.9, 6, 12 ],
			"to": [ 9.9, 7, 13 ],
			"faces": {
				"down": { "uv": [ 0, 0, 1, 1 ], "texture": "#0" },
				"up": { "uv": [ 0, 0, 1, 1 ], "texture": "#0" },
				"north": { "uv": [ 0, 0, 1, 1 ], "texture": "#0" },
				"south": { "uv": [ 0, 0, 1, 1 ], "texture": "#0" },
				"west": { "uv": [ 0, 0, 1, 1 ], "texture": "#0" },
				"east": { "uv": [ 0, 0, 1, 1 ], "texture": "#0" }
			}
		},
		{
			"from": [ 11, 6, 12 ],
			"to": [ 12, 7, 13 ],
			"faces": {
				"down": { "uv": [ 0, 0, 1, 1 ], "texture": "#0" },
				"up": { "uv": [ 0, 0, 1, 1 ], "texture": "#0" },
				"north": { "uv": [ 0, 0, 1, 1 ], "texture": "#0" },
				"south": { "uv": [ 0, 0, 1, 1 ], "texture": "#0" },
				"west": { "uv": [ 0, 0, 1, 1 ], "texture": "#0" },
				"east": { "uv": [ 0, 0, 1, 1 ], "texture": "#0" }
			}
		},
		{
			"from": [ 4.9, 6, 12 ],
			"to": [ 5.9, 7, 12.8 ],
			"faces": {
				"down": { "uv": [ 0, 0, 1, 0.8000002 ], "texture": "#2" },
				"up": { "uv": [ 0, 0, 1, 0.8000002 ], "texture": "#2" },
				"north": { "uv": [ 0, 0, 1, 1 ], "texture": "#2" },
				"south": { "uv": [ 0, 0, 1, 1 ], "texture": "#2" },
				"west": { "uv": [ 0, 0, 0.8, 1 ], "texture": "#2" },
				"east": { "uv": [ 0, 0, 0.8, 1 ], "texture": "#2" }
			}
		},
		{
			"from": [ 9.9, 6, 12 ],
			"to": [ 10.9, 7, 12.8 ],
			"faces": {
				"down": { "uv": [ 0, 0, 1, 0.8000002 ], "texture": "#2" },
				"up": { "uv": [ 0, 0, 1, 0.8000002 ], "texture": "#2" },
				"north": { "uv": [ 0, 0, 1, 1 ], "texture": "#2" },
				"south": { "uv": [ 0, 0, 1, 1 ], "texture": "#2" },
				"west": { "uv": [ 0, 0, 0.8, 1 ], "texture": "#2" },
				"east": { "uv": [ 0, 0, 0.8, 1 ], "texture": "#2" }
			}
		},
		{
			"from": [ 4.9, 4.7, 12.8 ],
			"to": [ 5.9, 6.1, 13.1 ],
			"faces": {
				"down": { "uv": [ 0, 0, 1, 0.3000002 ], "texture": "#3" },
				"up": { "uv": [ 0, 0, 1, 0.3000002 ], "texture": "#3" },
				"north": { "uv": [ 0, 0, 1, 1.4 ], "texture": "#3" },
				"south": { "uv": [ 0, 0, 1, 1.4 ], "texture": "#3" },
				"west": { "uv": [ 0, 0, 0.3, 1.4 ], "texture": "#3" },
				"east": { "uv": [ 0, 0, 0.3, 1.4 ], "texture": "#3" }
			}
		},
		{
			"from": [ 9.9, 4.7, 12.8 ],
			"to": [ 10.9, 6.1, 13.1 ],
			"faces": {
				"down": { "uv": [ 0, 0, 1, 0.3000002 ], "texture": "#3" },
				"up": { "uv": [ 0, 0, 1, 0.3000002 ], "texture": "#3" },
				"north": { "uv": [ 0, 0, 1, 1.4 ], "texture": "#3" },
				"south": { "uv": [ 0, 0, 1, 1.4 ], "texture": "#3" },
				"west": { "uv": [ 0, 0, 0.3, 1.4 ], "texture": "#3" },
				"east": { "uv": [ 0, 0, 0.3, 1.4 ], "texture": "#3" }
			}
		},
		{
			"from": [ 9.9, 6.9, 12.8 ],
			"to": [ 10.9, 7.9, 13.1 ],
			"faces": {
				"down": { "uv": [ 0, 0, 1, 0.3000002 ], "texture": "#3" },
				"up": { "uv": [ 0, 0, 1, 0.3000002 ], "texture": "#3" },
				"north": { "uv": [ 0, 0, 1, 1 ], "texture": "#3" },
				"south": { "uv": [ 0, 0, 1, 1 ], "texture": "#3" },
				"west": { "uv": [ 0, 0, 0.3, 1 ], "texture": "#3" },
				"east": { "uv": [ 0, 0, 0.3, 1 ], "texture": "#3" }
			}
		},
		{
			"from": [ 10.8, 6.1, 12.8 ],
			"to": [ 11.8, 7.1, 13.1 ],
			"faces": {
				"down": { "uv": [ 0, 0, 1, 0.3000002 ], "texture": "#3" },
				"up": { "uv": [ 0, 0, 1, 0.3000002 ], "texture": "#3" },
				"north": { "uv": [ 0, 0, 1, 1 ], "texture": "#3" },
				"south": { "uv": [ 0, 0, 1, 1 ], "texture": "#3" },
				"west": { "uv": [ 0, 0, 0.3, 1 ], "texture": "#3" },
				"east": { "uv": [ 0, 0, 0.3, 1 ], "texture": "#3" }
			}
		},
		{
			"from": [ 9, 6.1, 12.8 ],
			"to": [ 10, 7.1, 13.1 ],
			"faces": {
				"down": { "uv": [ 0, 0, 1, 0.3000002 ], "texture": "#3" },
				"up": { "uv": [ 0, 0, 1, 0.3000002 ], "texture": "#3" },
				"north": { "uv": [ 0, 0, 1, 1 ], "texture": "#3" },
				"south": { "uv": [ 0, 0, 1, 1 ], "texture": "#3" },
				"west": { "uv": [ 0, 0, 0.3, 1 ], "texture": "#3" },
				"east": { "uv": [ 0, 0, 0.3, 1 ], "texture": "#3" }
			}
		},
		{
			"from": [ 4, 6.8, 12.8 ],
			"to": [ 5, 7.8, 13.1 ],
			"faces": {
				"down": { "uv": [ 0, 0, 1, 0.3000002 ], "texture": "#3" },
				"up": { "uv": [ 0, 0, 1, 0.3000002 ], "texture": "#3" },
				"north": { "uv": [ 0, 0, 1, 1 ], "texture": "#3" },
				"south": { "uv": [ 0, 0, 1, 1 ], "texture": "#3" },
				"west": { "uv": [ 0, 0, 0.3, 1 ], "texture": "#3" },
				"east": { "uv": [ 0, 0, 0.3, 1 ], "texture": "#3" }
			}
		},
		{
			"from": [ 5.8, 6, 12.8 ],
			"to": [ 6.8, 7, 13.1 ],
			"faces": {
				"down": { "uv": [ 0, 0, 1, 0.3000002 ], "texture": "#3" },
				"up": { "uv": [ 0, 0, 1, 0.3000002 ], "texture": "#3" },
				"north": { "uv": [ 0, 0, 1, 1 ], "texture": "#3" },
				"south": { "uv": [ 0, 0, 1, 1 ], "texture": "#3" },
				"west": { "uv": [ 0, 0, 0.3, 1 ], "texture": "#3" },
				"east": { "uv": [ 0, 0, 0.3, 1 ], "texture": "#3" }
			}
		},
		{
			"from": [ 10.9, 6.9, 12.8 ],
			"to": [ 11.5, 7.5, 13.1 ],
			"faces": {
				"down": { "uv": [ 0, 0, 0.6, 0.3000002 ], "texture": "#3" },
				"up": { "uv": [ 0, 0, 0.6, 0.3000002 ], "texture": "#3" },
				"north": { "uv": [ 0, 0, 0.6, 0.6000004 ], "texture": "#3" },
				"south": { "uv": [ 0, 0, 0.6, 0.6000004 ], "texture": "#3" },
				"west": { "uv": [ 0, 0, 0.3, 0.6000004 ], "texture": "#3" },
				"east": { "uv": [ 0, 0, 0.3, 0.6000004 ], "texture": "#3" }
			}
		},
		{
			"from": [ 4.9, 6.9, 12.8 ],
			"to": [ 5.5, 7.5, 13.1 ],
			"faces": {
				"down": { "uv": [ 0, 0, 0.6, 0.3000002 ], "texture": "#3" },
				"up": { "uv": [ 0, 0, 0.6, 0.3000002 ], "texture": "#3" },
				"north": { "uv": [ 0, 0, 0.6, 0.6000004 ], "texture": "#3" },
				"south": { "uv": [ 0, 0, 0.6, 0.6000004 ], "texture": "#3" },
				"west": { "uv": [ 0, 0, 0.3, 0.6000004 ], "texture": "#3" },
				"east": { "uv": [ 0, 0, 0.3, 0.6000004 ], "texture": "#3" }
			}
		},
		{
			"from": [ 4.4, 5.9, 12.8 ],
			"to": [ 5, 6.5, 13.1 ],
			"faces": {
				"down": { "uv": [ 0, 0, 0.6, 0.3000002 ], "texture": "#3" },
				"up": { "uv": [ 0, 0, 0.6, 0.3000002 ], "texture": "#3" },
				"north": { "uv": [ 0, 0, 0.6, 0.6000004 ], "texture": "#3" },
				"south": { "uv": [ 0, 0, 0.6, 0.6000004 ], "texture": "#3" },
				"west": { "uv": [ 0, 0, 0.3, 0.6000004 ], "texture": "#3" },
				"east": { "uv": [ 0, 0, 0.3, 0.6000004 ], "texture": "#3" }
			}
		},
		{
			"from": [ 5.9, 5.4, 12.8 ],
			"to": [ 6.5, 6, 13.1 ],
			"faces": {
				"down": { "uv": [ 0, 0, 0.6, 0.3000002 ], "texture": "#3" },
				"up": { "uv": [ 0, 0, 0.6, 0.3000002 ], "texture": "#3" },
				"north": { "uv": [ 0, 0, 0.6, 0.6000004 ], "texture": "#3" },
				"south": { "uv": [ 0, 0, 0.6, 0.6000004 ], "texture": "#3" },
				"west": { "uv": [ 0, 0, 0.3, 0.6000004 ], "texture": "#3" },
				"east": { "uv": [ 0, 0, 0.3, 0.6000004 ], "texture": "#3" }
			}
		},
		{
			"from": [ 2.5, 6, 5 ],
			"to": [ 3.5, 8, 10 ],
			"faces": {
				"down": { "uv": [ 0, 0, 1, 5 ], "texture": "#1" },
				"up": { "uv": [ 0, 0, 1, 5 ], "texture": "#1" },
				"north": { "uv": [ 0, 0, 1, 2 ], "texture": "#1" },
				"south": { "uv": [ 0, 0, 1, 2 ], "texture": "#1" },
				"west": { "uv": [ 0, 0, 5, 2 ], "texture": "#1" },
				"east": { "uv": [ 0, 0, 5, 2 ], "texture": "#1" }
			}
		},
		{
			"from": [ 2.5, 4, 6 ],
			"to": [ 3.5, 6, 11 ],
			"faces": {
				"down": { "uv": [ 0, 0, 1, 5 ], "texture": "#1" },
				"up": { "uv": [ 0, 0, 1, 5 ], "texture": "#1" },
				"north": { "uv": [ 0, 0, 1, 2 ], "texture": "#1" },
				"south": { "uv": [ 0, 0, 1, 2 ], "texture": "#1" },
				"west": { "uv": [ 0, 2, 5, 4 ], "texture": "#1" },
				"east": { "uv": [ 0, 0, 5, 2 ], "texture": "#1" }
			}
		},
		{
			"from": [ 12.5, 6, 5 ],
			"to": [ 13.5, 8, 10 ],
			"faces": {
				"down": { "uv": [ 0, 0, 1, 5 ], "texture": "#1" },
				"up": { "uv": [ 0, 0, 1, 5 ], "texture": "#1" },
				"north": { "uv": [ 0, 0, 1, 2 ], "texture": "#1" },
				"south": { "uv": [ 0, 0, 1, 2 ], "texture": "#1" },
				"west": { "uv": [ 0, 0, 5, 2 ], "texture": "#1" },
				"east": { "uv": [ 0, 0, 5, 2 ], "texture": "#1" }
			}
		},
		{
			"from": [ 12.5, 4, 6 ],
			"to": [ 13.5, 6, 11 ],
			"faces": {
				"down": { "uv": [ 0, 0, 1, 5 ], "texture": "#1" },
				"up": { "uv": [ 0, 0, 1, 5 ], "texture": "#1" },
				"north": { "uv": [ 0, 0, 1, 2 ], "texture": "#1" },
				"south": { "uv": [ 0, 0, 1, 2 ], "texture": "#1" },
				"west": { "uv": [ 0, 2, 5, 4 ], "texture": "#1" },
				"east": { "uv": [ 0, 3, 5, 5 ], "texture": "#1" }
			}
		},
		{
			"from": [ 3.9, 1, 12.1 ],
			"to": [ 4.9, 3, 12.9 ],
			"faces": {
				"down": { "uv": [ 0, 0, 1, 0.8000002 ], "texture": "#2" },
				"up": { "uv": [ 0, 0, 1, 0.8000002 ], "texture": "#2" },
				"north": { "uv": [ 0, 0, 1, 2 ], "texture": "#2" },
				"south": { "uv": [ 0, 0, 1, 2 ], "texture": "#2" },
				"west": { "uv": [ 0, 0, 0.8, 2 ], "texture": "#2" },
				"east": { "uv": [ 0, 0, 0.8, 2 ], "texture": "#2" }
			}
		},
		{
			"from": [ 6, 1, 12.1 ],
			"to": [ 7, 3, 12.9 ],
			"faces": {
				"down": { "uv": [ 0, 0, 1, 0.8000002 ], "texture": "#2" },
				"up": { "uv": [ 0, 0, 1, 0.8000002 ], "texture": "#2" },
				"north": { "uv": [ 0, 0, 1, 2 ], "texture": "#2" },
				"south": { "uv": [ 0, 0, 1, 2 ], "texture": "#2" },
				"west": { "uv": [ 0, 0, 0.8, 2 ], "texture": "#2" },
				"east": { "uv": [ 0, 0, 0.8, 2 ], "texture": "#2" }
			}
		},
		{
			"from": [ 8, 1, 12.1 ],
			"to": [ 9, 3, 12.9 ],
			"faces": {
				"down": { "uv": [ 0, 0, 1, 0.8000002 ], "texture": "#2" },
				"up": { "uv": [ 0, 0, 1, 0.8000002 ], "texture": "#2" },
				"north": { "uv": [ 0, 0, 1, 2 ], "texture": "#2" },
				"south": { "uv": [ 0, 0, 1, 2 ], "texture": "#2" },
				"west": { "uv": [ 0, 0, 0.8, 2 ], "texture": "#2" },
				"east": { "uv": [ 0, 0, 0.8, 2 ], "texture": "#2" }
			}
		},
		{
			"from": [ 10, 1, 12.1 ],
			"to": [ 11, 2, 12.9 ],
			"faces": {
				"down": { "uv": [ 0, 0, 1, 0.8000002 ], "texture": "#2" },
				"up": { "uv": [ 0, 0, 1, 0.8000002 ], "texture": "#2" },
				"north": { "uv": [ 0, 0, 1, 1 ], "texture": "#2" },
				"south": { "uv": [ 0, 0, 1, 1 ], "texture": "#2" },
				"west": { "uv": [ 0, 0, 0.8, 1 ], "texture": "#2" },
				"east": { "uv": [ 0, 0, 0.8, 1 ], "texture": "#2" }
			}
		},
		{
			"from": [ 10.9, 3, 12.1 ],
			"to": [ 11.9, 5, 12.9 ],
			"faces": {
				"down": { "uv": [ 0, 0, 1, 0.8000002 ], "texture": "#2" },
				"up": { "uv": [ 0, 0, 1, 0.8000002 ], "texture": "#2" },
				"north": { "uv": [ 0, 0, 1, 2 ], "texture": "#2" },
				"south": { "uv": [ 0, 0, 1, 2 ], "texture": "#2" },
				"west": { "uv": [ 0, 0, 0.8, 2 ], "texture": "#2" },
				"east": { "uv": [ 0, 0, 0.8, 2 ], "texture": "#2" }
			}
		},
		{
			"from": [ 9, 3, 12.1 ],
			"to": [ 10, 5, 12.9 ],
			"faces": {
				"down": { "uv": [ 0, 0, 1, 0.8000002 ], "texture": "#2" },
				"up": { "uv": [ 0, 0, 1, 0.8000002 ], "texture": "#2" },
				"north": { "uv": [ 0, 0, 1, 2 ], "texture": "#2" },
				"south": { "uv": [ 0, 0, 1, 2 ], "texture": "#2" },
				"west": { "uv": [ 0, 0, 0.8, 2 ], "texture": "#2" },
				"east": { "uv": [ 0, 0, 0.8, 2 ], "texture": "#2" }
			}
		},
		{
			"from": [ 7, 4, 12.1 ],
			"to": [ 8, 5, 12.9 ],
			"faces": {
				"down": { "uv": [ 0, 0, 1, 0.8000002 ], "texture": "#2" },
				"up": { "uv": [ 0, 0, 1, 0.8000002 ], "texture": "#2" },
				"north": { "uv": [ 0, 0, 1, 1 ], "texture": "#2" },
				"south": { "uv": [ 0, 0, 1, 1 ], "texture": "#2" },
				"west": { "uv": [ 0, 0, 0.8, 1 ], "texture": "#2" },
				"east": { "uv": [ 0, 0, 0.8, 1 ], "texture": "#2" }
			}
		},
		{
			"from": [ 5, 3, 12.1 ],
			"to": [ 6, 5, 12.9 ],
			"faces": {
				"down": { "uv": [ 0, 0, 1, 0.8000002 ], "texture": "#2" },
				"up": { "uv": [ 0, 0, 1, 0.8000002 ], "texture": "#2" },
				"north": { "uv": [ 0, 0, 1, 2 ], "texture": "#2" },
				"south": { "uv": [ 0, 0, 1, 2 ], "texture": "#2" },
				"west": { "uv": [ 0, 0, 0.8, 2 ], "texture": "#2" },
				"east": { "uv": [ 0, 0, 0.8, 2 ], "texture": "#2" }
			}
		},
		{
			"from": [ 4, 1, 11.1 ],
			"to": [ 12, 5, 12.4 ],
			"faces": {
				"down": { "uv": [ 0, 0, 8, 1.3 ], "texture": "#4" },
				"up": { "uv": [ 0, 0, 8, 1.3 ], "texture": "#4" },
				"north": { "uv": [ 0, 0, 8, 4 ], "texture": "#4" },
				"south": { "uv": [ 0, 0, 8, 4 ], "texture": "#4" },
				"west": { "uv": [ 0, 0, 1.3, 4 ], "texture": "#4" },
				"east": { "uv": [ 0, 0, 1.3, 4 ], "texture": "#4" }
			}
		},
		{
			"from": [ 9.9, 7.9, 12.8 ],
			"to": [ 11.9, 8.4, 13.1 ],
			"faces": {
				"down": { "uv": [ 0, 0, 2, 0.3000002 ], "texture": "#2" },
				"up": { "uv": [ 0, 0, 2, 0.3000002 ], "texture": "#2" },
				"north": { "uv": [ 0, 0, 2, 0.5 ], "texture": "#2" },
				"south": { "uv": [ 0, 0, 2, 0.5 ], "texture": "#2" },
				"west": { "uv": [ 0, 0, 0.3, 0.5 ], "texture": "#2" },
				"east": { "uv": [ 0, 0, 0.3, 0.5 ], "texture": "#2" }
			}
		},
		{
			"from": [ 3.9, 7.9, 12.8 ],
			"to": [ 5.9, 8.4, 13.1 ],
			"faces": {
				"down": { "uv": [ 0, 0, 2, 0.3000002 ], "texture": "#2" },
				"up": { "uv": [ 0, 0, 2, 0.3000002 ], "texture": "#2" },
				"north": { "uv": [ 0, 0, 2, 0.5 ], "texture": "#2" },
				"south": { "uv": [ 0, 0, 2, 0.5 ], "texture": "#2" },
				"west": { "uv": [ 0, 0, 0.3, 0.5 ], "texture": "#2" },
				"east": { "uv": [ 0, 0, 0.3, 0.5 ], "texture": "#2" }
			}
		},
		{
			"from": [ 5.9, 7.4, 12.8 ],
			"to": [ 6.9, 7.9, 13.1 ],
			"faces": {
				"down": { "uv": [ 0, 0, 1, 0.3000002 ], "texture": "#2" },
				"up": { "uv": [ 0, 0, 1, 0.3000002 ], "texture": "#2" },
				"north": { "uv": [ 0, 0, 1, 0.5 ], "texture": "#2" },
				"south": { "uv": [ 0, 0, 1, 0.5 ], "texture": "#2" },
				"west": { "uv": [ 0, 0, 0.3, 0.5 ], "texture": "#2" },
				"east": { "uv": [ 0, 0, 0.3, 0.5 ], "texture": "#2" }
			}
		},
		{
			"from": [ 8.9, 7.4, 12.8 ],
			"to": [ 9.9, 7.9, 13.1 ],
			"faces": {
				"down": { "uv": [ 0, 0, 1, 0.3000002 ], "texture": "#2" },
				"up": { "uv": [ 0, 0, 1, 0.3000002 ], "texture": "#2" },
				"north": { "uv": [ 0, 0, 1, 0.5 ], "texture": "#2" },
				"south": { "uv": [ 0, 0, 1, 0.5 ], "texture": "#2" },
				"west": { "uv": [ 0, 0, 0.3, 0.5 ], "texture": "#2" },
				"east": { "uv": [ 0, 0, 0.3, 0.5 ], "texture": "#2" }
			}
		}
	],
	"display": {
		"thirdperson_righthand": {
			"rotation":  [ 83, -161, -23 ],
			"scale":  [ 0.8, 0.8, 0.8 ]
		},
		"thirdperson_lefthand": {
			"rotation":  [ 83, -161, -23 ],
			"scale":  [ 0.8, 0.8, 0.8 ]
		},
		"gui": {
			"translation":  [ 0, 2.7826, 0 ]
		},
		"head": {
			"rotation":  [ 0, -180, 0 ],
			"translation":  [ 0, 5.5652, 0 ],
			"scale":  [ 1.7, 1.7, 1.7 ]
		},
		"ground": {
			"translation":  [ 0, 6.9565, 0 ]
		}
	}
}