{
	"__comment": "Model generated using MrCrayfish's Model Creator (http://mrcrayfish.com/modelcreator/)",
	"ambientocclusion": false,
	"textures": {
		"0": "blocks/stonebrick_mossy",
		"1": "blocks/stone_andesite_smooth",
		"2": "blocks/concrete_black",
		"3": "blocks/clay",
		"4": "blocks/wool_colored_black"
	},
	"elements": [ 	 
		{
			"from": [ -11, 0, 5 ],
			"to": [ -5, 16, 11 ],
			"faces": {
				"down": { "uv": [ 0, 0, 6, 6 ], "texture": "#0" },
				"up": { "uv": [ 0, 0, 6, 6 ], "texture": "#0" },
				"north": { "uv": [ 0, 0, 6, 16 ], "texture": "#0" },
				"south": { "uv": [ 0, 0, 6, 16 ], "texture": "#0" },
				"west": { "uv": [ 0, 0, 6, 16 ], "texture": "#0" },
				"east": { "uv": [ 0, 0, 6, 16 ], "texture": "#0" }
			}
		},
		{
			"from": [ -12, 0, 4 ],
			"to": [ -4, 2, 12 ],
			"faces": {
				"down": { "uv": [ 0, 0, 16, 16 ], "texture": "#1" },
				"up": { "uv": [ 0, 0, 16, 16 ], "texture": "#1" },
				"north": { "uv": [ 5, 0, 12, 2 ], "texture": "#1" },
				"south": { "uv": [ 3, 0, 11, 2 ], "texture": "#1" },
				"west": { "uv": [ 3, 0, 11, 2 ], "texture": "#1" },
				"east": { "uv": [ 3, 0, 11, 2 ], "texture": "#1" }
			}
		},
		{
			"from": [ -10.1, 15, 5.9 ],
			"to": [ -5.899999, 17, 10.1 ],
			"faces": {
				"down": { "uv": [ 0, 0, 4.2, 4.2 ], "texture": "#1" },
				"up": { "uv": [ 0, 0, 4.2, 4.2 ], "texture": "#1" },
				"north": { "uv": [ 0, 0, 4.2, 2 ], "texture": "#1" },
				"south": { "uv": [ 0, 0, 4.2, 2 ], "texture": "#1" },
				"west": { "uv": [ 0, 0, 4.2, 2 ], "texture": "#1" },
				"east": { "uv": [ 0, 0, 4.2, 2 ], "texture": "#1" }
			}
		},
		{
			"from": [ -11, 17, 5 ],
			"to": [ -5, 19.3, 11 ],
			"faces": {
				"down": { "uv": [ 2, 1, 8, 7 ], "texture": "#1" },
				"up": { "uv": [ 1, 3, 7, 9 ], "texture": "#1" },
				"north": { "uv": [ 3, 2, 9, 4.3 ], "texture": "#1" },
				"south": { "uv": [ 2, 2, 8, 4.3 ], "texture": "#1" },
				"west": { "uv": [ 1, 1, 7, 3.3 ], "texture": "#1" },
				"east": { "uv": [ 2, 2, 8, 4.3 ], "texture": "#1" }
			}
		},
		{
			"from": [ 22, 14, -2 ],
			"to": [ 26, 18, 2 ],
			"rotation": { "origin": [ 8, 8, 8 ], "axis": "x", "angle": 45 },
			"faces": {
				"down": { "uv": [ 1, 1, 5, 5 ], "texture": "#1" },
				"up": { "uv": [ 2, 2, 6, 6 ], "texture": "#1" },
				"north": { "uv": [ 1, 4, 6, 9 ], "texture": "#1" },
				"south": { "uv": [ 3, 2, 7, 6 ], "texture": "#1" },
				"west": { "uv": [ 1, 2, 5, 6 ], "texture": "#1" },
				"east": { "uv": [ 2, 2, 6, 6 ], "texture": "#1" }
			}
		},
		{
			"from": [ 11, 3, 8 ],
			"to": [ 21, 4, 9 ],
			"faces": {
				"down": { "uv": [ 0, 0, 10, 1 ], "texture": "#2" },
				"up": { "uv": [ 0, 0, 10, 1 ], "texture": "#2" },
				"north": { "uv": [ 0, 0, 10, 1 ], "texture": "#2" },
				"south": { "uv": [ 0, 0, 10, 1 ], "texture": "#2" },
				"west": { "uv": [ 0, 0, 1, 1 ], "texture": "#2" },
				"east": { "uv": [ 0, 0, 1, 1 ], "texture": "#2" }
			}
		},
		{
			"from": [ 20, 0, 4 ],
			"to": [ 28, 2, 12 ],
			"faces": {
				"down": { "uv": [ 0, 0, 16, 16 ], "texture": "#1" },
				"up": { "uv": [ 0, 0, 16, 16 ], "texture": "#1" },
				"north": { "uv": [ 2, 0, 10, 2 ], "texture": "#1" },
				"south": { "uv": [ 2, 0, 10, 2 ], "texture": "#1" },
				"west": { "uv": [ 1, 0, 9, 2 ], "texture": "#1" },
				"east": { "uv": [ 3, 0, 11, 2 ], "texture": "#1" }
			}
		},
		{
			"from": [ 21, 0, 5 ],
			"to": [ 27, 16, 11 ],
			"faces": {
				"down": { "uv": [ 0, 0, 6, 6 ], "texture": "#0" },
				"up": { "uv": [ 0, 0, 6, 6 ], "texture": "#0" },
				"north": { "uv": [ 0, 0, 6, 16 ], "texture": "#0" },
				"south": { "uv": [ 0, 0, 6, 16 ], "texture": "#0" },
				"west": { "uv": [ 0, 0, 6, 16 ], "texture": "#0" },
				"east": { "uv": [ 0, 0, 6, 16 ], "texture": "#0" }
			}
		},
		{
			"from": [ 21, 17, 5 ],
			"to": [ 27, 19.3, 11 ],
			"faces": {
				"down": { "uv": [ 3, 3, 9, 9 ], "texture": "#1" },
				"up": { "uv": [ 3, 3, 9, 9 ], "texture": "#1" },
				"north": { "uv": [ 2, 1, 8, 3.3 ], "texture": "#1" },
				"south": { "uv": [ 3, 3, 9, 5.3 ], "texture": "#1" },
				"west": { "uv": [ 2, 2, 8, 4.3 ], "texture": "#1" },
				"east": { "uv": [ 3, 3, 9, 5.3 ], "texture": "#1" }
			}
		},
		{
			"from": [ 21.9, 15, 5.9 ],
			"to": [ 26.1, 17, 10.1 ],
			"faces": {
				"down": { "uv": [ 0, 0, 4.2, 4.2 ], "texture": "#1" },
				"up": { "uv": [ 0, 0, 4.2, 4.2 ], "texture": "#1" },
				"north": { "uv": [ 0, 0, 4.2, 2 ], "texture": "#1" },
				"south": { "uv": [ 0, 0, 4.2, 2 ], "texture": "#1" },
				"west": { "uv": [ 0, 0, 4.2, 2 ], "texture": "#1" },
				"east": { "uv": [ 0, 0, 4.2, 2 ], "texture": "#1" }
			}
		},
		{
			"from": [ -10, 14, -2 ],
			"to": [ -6, 18, 2 ],
			"rotation": { "origin": [ 8, 8, 8 ], "axis": "x", "angle": 45 },
			"faces": {
				"down": { "uv": [ 1, 1, 5, 5 ], "texture": "#1" },
				"up": { "uv": [ 1, 1, 5, 5 ], "texture": "#1" },
				"north": { "uv": [ 2, 4, 7, 9 ], "texture": "#1" },
				"south": { "uv": [ 2, 4, 6, 8 ], "texture": "#1" },
				"west": { "uv": [ 1, 2, 5, 6 ], "texture": "#1" },
				"east": { "uv": [ 1, 1, 5, 5 ], "texture": "#1" }
			}
		},
		{
			"from": [ -5, 3, 8 ],
			"to": [ 11, 4, 9 ],
			"faces": {
				"down": { "uv": [ 0, 0, 16, 1 ], "texture": "#2" },
				"up": { "uv": [ 0, 0, 16, 1 ], "texture": "#2" },
				"north": { "uv": [ 0, 0, 16, 1 ], "texture": "#2" },
				"south": { "uv": [ 0, 0, 16, 1 ], "texture": "#2" },
				"west": { "uv": [ 0, 0, 1, 1 ], "texture": "#2" },
				"east": { "uv": [ 0, 0, 1, 1 ], "texture": "#2" }
			}
		},
		{
			"from": [ -5, 13, 8 ],
			"to": [ 11, 14, 9 ],
			"faces": {
				"down": { "uv": [ 0, 0, 16, 1 ], "texture": "#2" },
				"up": { "uv": [ 0, 0, 16, 1 ], "texture": "#2" },
				"north": { "uv": [ 0, 0, 16, 1 ], "texture": "#2" },
				"south": { "uv": [ 0, 0, 16, 1 ], "texture": "#2" },
				"west": { "uv": [ 0, 0, 1, 1 ], "texture": "#2" },
				"east": { "uv": [ 0, 0, 1, 1 ], "texture": "#2" }
			}
		},
		{
			"from": [ 11, 13, 8 ],
			"to": [ 21, 14, 9 ],
			"faces": {
				"down": { "uv": [ 0, 0, 10, 1 ], "texture": "#2" },
				"up": { "uv": [ 0, 0, 10, 1 ], "texture": "#2" },
				"north": { "uv": [ 0, 0, 10, 1 ], "texture": "#2" },
				"south": { "uv": [ 0, 0, 10, 1 ], "texture": "#2" },
				"west": { "uv": [ 0, 0, 1, 1 ], "texture": "#2" },
				"east": { "uv": [ 0, 0, 1, 1 ], "texture": "#2" }
			}
		},
		{
			"from": [ 14, 2.9, 7.9 ],
			"to": [ 15, 16.9, 9.1 ],
			"faces": {
				"down": { "uv": [ 0, 0, 1, 1.2 ], "texture": "#2" },
				"up": { "uv": [ 0, 0, 1, 1.2 ], "texture": "#2" },
				"north": { "uv": [ 0, 0, 1, 14 ], "texture": "#2" },
				"south": { "uv": [ 0, 0, 1, 14 ], "texture": "#2" },
				"west": { "uv": [ 0, 0, 1.2, 14 ], "texture": "#2" },
				"east": { "uv": [ 0, 0, 1.2, 14 ], "texture": "#2" }
			}
		},
		{
			"from": [ 11, 14.9, 8 ],
			"to": [ 21, 15.9, 9 ],
			"faces": {
				"down": { "uv": [ 0, 0, 10, 1 ], "texture": "#2" },
				"up": { "uv": [ 0, 0, 10, 1 ], "texture": "#2" },
				"north": { "uv": [ 0, 0, 10, 1 ], "texture": "#2" },
				"south": { "uv": [ 0, 0, 10, 1 ], "texture": "#2" },
				"west": { "uv": [ 0, 0, 1, 1 ], "texture": "#2" },
				"east": { "uv": [ 0, 0, 1, 1 ], "texture": "#2" }
			}
		},
		{
			"from": [ -5, 14.9, 8 ],
			"to": [ 11, 15.9, 9 ],
			"faces": {
				"down": { "uv": [ 0, 0, 16, 1 ], "texture": "#2" },
				"up": { "uv": [ 0, 0, 16, 1 ], "texture": "#2" },
				"north": { "uv": [ 0, 0, 16, 1 ], "texture": "#2" },
				"south": { "uv": [ 0, 0, 16, 1 ], "texture": "#2" },
				"west": { "uv": [ 0, 0, 1, 1 ], "texture": "#2" },
				"east": { "uv": [ 0, 0, 1, 1 ], "texture": "#2" }
			}
		},
		{
			"from": [ 1, 2.9, 7.9 ],
			"to": [ 2, 16.9, 9.1 ],
			"faces": {
				"down": { "uv": [ 0, 0, 1, 1.2 ], "texture": "#2" },
				"up": { "uv": [ 0, 0, 1, 1.2 ], "texture": "#2" },
				"north": { "uv": [ 0, 0, 1, 14 ], "texture": "#2" },
				"south": { "uv": [ 0, 0, 1, 14 ], "texture": "#2" },
				"west": { "uv": [ 0, 0, 1.2, 14 ], "texture": "#2" },
				"east": { "uv": [ 0, 0, 1.2, 14 ], "texture": "#2" }
			}
		},
		{
			"from": [ 0.9, 13.9, 1.5 ],
			"to": [ 2.1, 15.1, 2.7 ],
			"rotation": { "origin": [ 8, 8, 8 ], "axis": "x", "angle": 45 },
			"faces": {
				"down": { "uv": [ 0, 0, 1.2, 1.2 ], "texture": "#2" },
				"up": { "uv": [ 0, 0, 1.2, 1.2 ], "texture": "#2" },
				"north": { "uv": [ 0, 0, 1.2, 1.2 ], "texture": "#2" },
				"south": { "uv": [ 0, 0, 1.2, 1.2 ], "texture": "#2" },
				"west": { "uv": [ 0, 0, 1.2, 1.2 ], "texture": "#2" },
				"east": { "uv": [ 0, 0, 1.2, 1.2 ], "texture": "#2" }
			}
		},
		{
			"from": [ 13.9, 13.9, 1.5 ],
			"to": [ 15.1, 15.1, 2.7 ],
			"rotation": { "origin": [ 8, 8, 8 ], "axis": "x", "angle": 45 },
			"faces": {
				"down": { "uv": [ 0, 0, 1.2, 1.2 ], "texture": "#2" },
				"up": { "uv": [ 0, 0, 1.2, 1.2 ], "texture": "#2" },
				"north": { "uv": [ 0, 0, 1.2, 1.2 ], "texture": "#2" },
				"south": { "uv": [ 0, 0, 1.2, 1.2 ], "texture": "#2" },
				"west": { "uv": [ 0, 0, 1.2, 1.2 ], "texture": "#2" },
				"east": { "uv": [ 0, 0, 1.2, 1.2 ], "texture": "#2" }
			}
		},
		{
			"from": [ 11, 10.9, 8.4 ],
			"to": [ 11.2, 13.9, 8.6 ],
			"faces": {
				"down": { "uv": [ 0, 0, 0.2, 0.1999998 ], "texture": "#3" },
				"up": { "uv": [ 0, 0, 0.2, 0.1999998 ], "texture": "#3" },
				"north": { "uv": [ 0, 0, 0.2, 3 ], "texture": "#3" },
				"south": { "uv": [ 0, 0, 0.2, 3 ], "texture": "#3" },
				"west": { "uv": [ 0, 0, 0.2, 3 ], "texture": "#3" },
				"east": { "uv": [ 0, 0, 0.2, 3 ], "texture": "#3" }
			}
		},
		{
			"from": [ 5, 7.9, 8.4 ],
			"to": [ 5.2, 13.9, 8.6 ],
			"faces": {
				"down": { "uv": [ 0, 0, 0.2, 0.1999998 ], "texture": "#3" },
				"up": { "uv": [ 0, 0, 0.2, 0.1999998 ], "texture": "#3" },
				"north": { "uv": [ 0, 0, 0.2, 6 ], "texture": "#3" },
				"south": { "uv": [ 0, 0, 0.2, 6 ], "texture": "#3" },
				"west": { "uv": [ 0, 0, 0.2, 6 ], "texture": "#3" },
				"east": { "uv": [ 0, 0, 0.2, 6 ], "texture": "#3" }
			}
		},
		{
			"from": [ 10.9, 10.4, 8.3 ],
			"to": [ 11.4, 10.9, 8.8 ],
			"faces": {
				"down": { "uv": [ 0, 0, 0.5, 0.5 ], "texture": "#4" },
				"up": { "uv": [ 0, 0, 0.5, 0.5 ], "texture": "#4" },
				"north": { "uv": [ 0, 0, 0.5, 0.5 ], "texture": "#4" },
				"south": { "uv": [ 0, 0, 0.5, 0.5 ], "texture": "#4" },
				"west": { "uv": [ 0, 0, 0.5, 0.5 ], "texture": "#4" },
				"east": { "uv": [ 0, 0, 0.5, 0.5 ], "texture": "#4" }
			}
		},
		{
			"from": [ 10.4, 9.9, 8.3 ],
			"to": [ 10.9, 10.4, 8.8 ],
			"faces": {
				"down": { "uv": [ 0, 0, 0.5, 0.5 ], "texture": "#4" },
				"up": { "uv": [ 0, 0, 0.5, 0.5 ], "texture": "#4" },
				"north": { "uv": [ 0, 0, 0.5, 0.5 ], "texture": "#4" },
				"south": { "uv": [ 0, 0, 0.5, 0.5 ], "texture": "#4" },
				"west": { "uv": [ 0, 0, 0.5, 0.5 ], "texture": "#4" },
				"east": { "uv": [ 0, 0, 0.5, 0.5 ], "texture": "#4" }
			}
		},
		{
			"from": [ 9.9, 10.4, 8.3 ],
			"to": [ 10.4, 10.9, 8.8 ],
			"faces": {
				"down": { "uv": [ 0, 0, 0.5, 0.5 ], "texture": "#4" },
				"up": { "uv": [ 0, 0, 0.5, 0.5 ], "texture": "#4" },
				"north": { "uv": [ 0, 0, 0.5, 0.5 ], "texture": "#4" },
				"south": { "uv": [ 0, 0, 0.5, 0.5 ], "texture": "#4" },
				"west": { "uv": [ 0, 0, 0.5, 0.5 ], "texture": "#4" },
				"east": { "uv": [ 0, 0, 0.5, 0.5 ], "texture": "#4" }
			}
		},
		{
			"from": [ 9.9, 9.9, 8.3 ],
			"to": [ 10.4, 10.4, 8.8 ],
			"faces": {
				"down": { "uv": [ 0, 0, 0.5, 0.5 ], "texture": "#4" },
				"up": { "uv": [ 0, 0, 0.5, 0.5 ], "texture": "#4" },
				"north": { "uv": [ 0, 0, 0.5, 0.5 ], "texture": "#4" },
				"south": { "uv": [ 0, 0, 0.5, 0.5 ], "texture": "#4" },
				"west": { "uv": [ 0, 0, 0.5, 0.5 ], "texture": "#4" },
				"east": { "uv": [ 0, 0, 0.5, 0.5 ], "texture": "#4" }
			}
		},
		{
			"from": [ 10.9, 9.9, 8.3 ],
			"to": [ 11.4, 10.4, 8.8 ],
			"faces": {
				"down": { "uv": [ 0, 0, 0.5, 0.5 ], "texture": "#4" },
				"up": { "uv": [ 0, 0, 0.5, 0.5 ], "texture": "#4" },
				"north": { "uv": [ 0, 0, 0.5, 0.5 ], "texture": "#4" },
				"south": { "uv": [ 0, 0, 0.5, 0.5 ], "texture": "#4" },
				"west": { "uv": [ 0, 0, 0.5, 0.5 ], "texture": "#4" },
				"east": { "uv": [ 0, 0, 0.5, 0.5 ], "texture": "#4" }
			}
		},
		{
			"from": [ 4.9, 5, 8.3 ],
			"to": [ 6.4, 7.5, 8.8 ],
			"faces": {
				"down": { "uv": [ 0, 0, 1.5, 0.5 ], "texture": "#4" },
				"up": { "uv": [ 0, 0, 1.5, 0.5 ], "texture": "#4" },
				"north": { "uv": [ 0, 0, 1.5, 2.5 ], "texture": "#4" },
				"south": { "uv": [ 0, 0, 1.5, 2.5 ], "texture": "#4" },
				"west": { "uv": [ 0, 0, 0.5, 2.5 ], "texture": "#4" },
				"east": { "uv": [ 0, 0, 0.5, 2.5 ], "texture": "#4" }
			}
		},
		{
			"from": [ 4.4, 5.5, 8.3 ],
			"to": [ 4.9, 7, 8.8 ],
			"faces": {
				"down": { "uv": [ 0, 0, 0.5, 0.5 ], "texture": "#4" },
				"up": { "uv": [ 0, 0, 0.5, 0.5 ], "texture": "#4" },
				"north": { "uv": [ 0, 0, 0.5, 1.5 ], "texture": "#4" },
				"south": { "uv": [ 0, 0, 0.5, 1.5 ], "texture": "#4" },
				"west": { "uv": [ 0, 0, 0.5, 1.5 ], "texture": "#4" },
				"east": { "uv": [ 0, 0, 0.5, 1.5 ], "texture": "#4" }
			}
		},
		{
			"from": [ 11.4, 8.5, 8.3 ],
			"to": [ 12.9, 9.5, 8.8 ],
			"faces": {
				"down": { "uv": [ 0, 0, 1.5, 0.5 ], "texture": "#4" },
				"up": { "uv": [ 0, 0, 1.5, 0.5 ], "texture": "#4" },
				"north": { "uv": [ 0, 0, 1.5, 1 ], "texture": "#4" },
				"south": { "uv": [ 0, 0, 1.5, 1 ], "texture": "#4" },
				"west": { "uv": [ 0, 0, 0.5, 1 ], "texture": "#4" },
				"east": { "uv": [ 0, 0, 0.5, 1 ], "texture": "#4" }
			}
		},
		{
			"from": [ 6.9, 6, 8.3 ],
			"to": [ 7.9, 7.5, 8.8 ],
			"faces": {
				"down": { "uv": [ 0, 0, 1, 0.5 ], "texture": "#4" },
				"up": { "uv": [ 0, 0, 1, 0.5 ], "texture": "#4" },
				"north": { "uv": [ 0, 0, 1, 1.5 ], "texture": "#4" },
				"south": { "uv": [ 0, 0, 1, 1.5 ], "texture": "#4" },
				"west": { "uv": [ 0, 0, 0.5, 1.5 ], "texture": "#4" },
				"east": { "uv": [ 0, 0, 0.5, 1.5 ], "texture": "#4" }
			}
		},
		{
			"from": [ 12.9, 9, 8.3 ],
			"to": [ 13.4, 10, 8.8 ],
			"faces": {
				"down": { "uv": [ 0, 0, 0.5, 0.5 ], "texture": "#4" },
				"up": { "uv": [ 0, 0, 0.5, 0.5 ], "texture": "#4" },
				"north": { "uv": [ 0, 0, 0.5, 1 ], "texture": "#4" },
				"south": { "uv": [ 0, 0, 0.5, 1 ], "texture": "#4" },
				"west": { "uv": [ 0, 0, 0.5, 1 ], "texture": "#4" },
				"east": { "uv": [ 0, 0, 0.5, 1 ], "texture": "#4" }
			}
		},
		{
			"from": [ 13.4, 9.5, 8.3 ],
			"to": [ 13.9, 10, 8.8 ],
			"faces": {
				"down": { "uv": [ 0, 0, 0.5, 0.5 ], "texture": "#4" },
				"up": { "uv": [ 0, 0, 0.5, 0.5 ], "texture": "#4" },
				"north": { "uv": [ 0, 0, 0.5, 0.5 ], "texture": "#4" },
				"south": { "uv": [ 0, 0, 0.5, 0.5 ], "texture": "#4" },
				"west": { "uv": [ 0, 0, 0.5, 0.5 ], "texture": "#4" },
				"east": { "uv": [ 0, 0, 0.5, 0.5 ], "texture": "#4" }
			}
		},
		{
			"from": [ 7.4, 9.5, 8.3 ],
			"to": [ 7.9, 10, 8.8 ],
			"faces": {
				"down": { "uv": [ 0, 0, 0.5, 0.5 ], "texture": "#4" },
				"up": { "uv": [ 0, 0, 0.5, 0.5 ], "texture": "#4" },
				"north": { "uv": [ 0, 0, 0.5, 0.5 ], "texture": "#4" },
				"south": { "uv": [ 0, 0, 0.5, 0.5 ], "texture": "#4" },
				"west": { "uv": [ 0, 0, 0.5, 0.5 ], "texture": "#4" },
				"east": { "uv": [ 0, 0, 0.5, 0.5 ], "texture": "#4" }
			}
		},
		{
			"from": [ 6.4, 5.5, 8.3 ],
			"to": [ 6.9, 7, 8.8 ],
			"faces": {
				"down": { "uv": [ 0, 0, 0.5, 0.5 ], "texture": "#4" },
				"up": { "uv": [ 0, 0, 0.5, 0.5 ], "texture": "#4" },
				"north": { "uv": [ 0, 0, 0.5, 1.5 ], "texture": "#4" },
				"south": { "uv": [ 0, 0, 0.5, 1.5 ], "texture": "#4" },
				"west": { "uv": [ 0, 0, 0.5, 1.5 ], "texture": "#4" },
				"east": { "uv": [ 0, 0, 0.5, 1.5 ], "texture": "#4" }
			}
		},
		{
			"from": [ 11.4, 8, 8.3 ],
			"to": [ 11.9, 8.5, 8.8 ],
			"faces": {
				"down": { "uv": [ 0, 0, 0.5, 0.5 ], "texture": "#4" },
				"up": { "uv": [ 0, 0, 0.5, 0.5 ], "texture": "#4" },
				"north": { "uv": [ 0, 0, 0.5, 0.5 ], "texture": "#4" },
				"south": { "uv": [ 0, 0, 0.5, 0.5 ], "texture": "#4" },
				"west": { "uv": [ 0, 0, 0.5, 0.5 ], "texture": "#4" },
				"east": { "uv": [ 0, 0, 0.5, 0.5 ], "texture": "#4" }
			}
		},
		{
			"from": [ 8.4, 10, 8.3 ],
			"to": [ 8.9, 10.5, 8.8 ],
			"faces": {
				"down": { "uv": [ 0, 0, 0.5, 0.5 ], "texture": "#4" },
				"up": { "uv": [ 0, 0, 0.5, 0.5 ], "texture": "#4" },
				"north": { "uv": [ 0, 0, 0.5, 0.5 ], "texture": "#4" },
				"south": { "uv": [ 0, 0, 0.5, 0.5 ], "texture": "#4" },
				"west": { "uv": [ 0, 0, 0.5, 0.5 ], "texture": "#4" },
				"east": { "uv": [ 0, 0, 0.5, 0.5 ], "texture": "#4" }
			}
		},
		{
			"from": [ 12.5, 10, 8.3 ],
			"to": [ 13, 10.5, 8.8 ],
			"faces": {
				"down": { "uv": [ 0, 0, 0.5, 0.5 ], "texture": "#4" },
				"up": { "uv": [ 0, 0, 0.5, 0.5 ], "texture": "#4" },
				"north": { "uv": [ 0, 0, 0.5, 0.5 ], "texture": "#4" },
				"south": { "uv": [ 0, 0, 0.5, 0.5 ], "texture": "#4" },
				"west": { "uv": [ 0, 0, 0.5, 0.5 ], "texture": "#4" },
				"east": { "uv": [ 0, 0, 0.5, 0.5 ], "texture": "#4" }
			}
		},
		{
			"from": [ 11.9, 9.5, 8.3 ],
			"to": [ 12.9, 10, 8.8 ],
			"faces": {
				"down": { "uv": [ 0, 0, 1, 0.5 ], "texture": "#4" },
				"up": { "uv": [ 0, 0, 1, 0.5 ], "texture": "#4" },
				"north": { "uv": [ 0, 0, 1, 0.5 ], "texture": "#4" },
				"south": { "uv": [ 0, 0, 1, 0.5 ], "texture": "#4" },
				"west": { "uv": [ 0, 0, 0.5, 0.5 ], "texture": "#4" },
				"east": { "uv": [ 0, 0, 0.5, 0.5 ], "texture": "#4" }
			}
		},
		{
			"from": [ 5.9, 7.5, 8.3 ],
			"to": [ 6.4, 8, 8.8 ],
			"faces": {
				"down": { "uv": [ 0, 0, 0.5, 0.5 ], "texture": "#4" },
				"up": { "uv": [ 0, 0, 0.5, 0.5 ], "texture": "#4" },
				"north": { "uv": [ 0, 0, 0.5, 0.5 ], "texture": "#4" },
				"south": { "uv": [ 0, 0, 0.5, 0.5 ], "texture": "#4" },
				"west": { "uv": [ 0, 0, 0.5, 0.5 ], "texture": "#4" },
				"east": { "uv": [ 0, 0, 0.5, 0.5 ], "texture": "#4" }
			}
		},
		{
			"from": [ 4.9, 7.5, 8.3 ],
			"to": [ 5.4, 8, 8.8 ],
			"faces": {
				"down": { "uv": [ 0, 0, 0.5, 0.5 ], "texture": "#4" },
				"up": { "uv": [ 0, 0, 0.5, 0.5 ], "texture": "#4" },
				"north": { "uv": [ 0, 0, 0.5, 0.5 ], "texture": "#4" },
				"south": { "uv": [ 0, 0, 0.5, 0.5 ], "texture": "#4" },
				"west": { "uv": [ 0, 0, 0.5, 0.5 ], "texture": "#4" },
				"east": { "uv": [ 0, 0, 0.5, 0.5 ], "texture": "#4" }
			}
		},
		{
			"from": [ 9.9, 7.4, 8.3 ],
			"to": [ 11.4, 9.9, 8.8 ],
			"faces": {
				"down": { "uv": [ 0, 0, 1.5, 0.5 ], "texture": "#4" },
				"up": { "uv": [ 0, 0, 1.5, 0.5 ], "texture": "#4" },
				"north": { "uv": [ 0, 0, 1.5, 2.5 ], "texture": "#4" },
				"south": { "uv": [ 0, 0, 1.5, 2.5 ], "texture": "#4" },
				"west": { "uv": [ 0, 0, 0.5, 2.5 ], "texture": "#4" },
				"east": { "uv": [ 0, 0, 0.5, 2.5 ], "texture": "#4" }
			}
		},
		{
			"from": [ 7.4, 7.5, 8.3 ],
			"to": [ 7.9, 8, 8.8 ],
			"faces": {
				"down": { "uv": [ 0, 0, 0.5, 0.5 ], "texture": "#4" },
				"up": { "uv": [ 0, 0, 0.5, 0.5 ], "texture": "#4" },
				"north": { "uv": [ 0, 0, 0.5, 0.5 ], "texture": "#4" },
				"south": { "uv": [ 0, 0, 0.5, 0.5 ], "texture": "#4" },
				"west": { "uv": [ 0, 0, 0.5, 0.5 ], "texture": "#4" },
				"east": { "uv": [ 0, 0, 0.5, 0.5 ], "texture": "#4" }
			}
		},
		{
			"from": [ 9.4, 8, 8.3 ],
			"to": [ 9.9, 8.5, 8.8 ],
			"faces": {
				"down": { "uv": [ 0, 0, 0.5, 0.5 ], "texture": "#4" },
				"up": { "uv": [ 0, 0, 0.5, 0.5 ], "texture": "#4" },
				"north": { "uv": [ 0, 0, 0.5, 0.5 ], "texture": "#4" },
				"south": { "uv": [ 0, 0, 0.5, 0.5 ], "texture": "#4" },
				"west": { "uv": [ 0, 0, 0.5, 0.5 ], "texture": "#4" },
				"east": { "uv": [ 0, 0, 0.5, 0.5 ], "texture": "#4" }
			}
		},
		{
			"from": [ 8.4, 8.5, 8.3 ],
			"to": [ 9.9, 9.5, 8.8 ],
			"faces": {
				"down": { "uv": [ 0, 0, 1.5, 0.5 ], "texture": "#4" },
				"up": { "uv": [ 0, 0, 1.5, 0.5 ], "texture": "#4" },
				"north": { "uv": [ 0, 0, 1.5, 1 ], "texture": "#4" },
				"south": { "uv": [ 0, 0, 1.5, 1 ], "texture": "#4" },
				"west": { "uv": [ 0, 0, 0.5, 1 ], "texture": "#4" },
				"east": { "uv": [ 0, 0, 0.5, 1 ], "texture": "#4" }
			}
		},
		{
			"from": [ 7.9, 9, 8.3 ],
			"to": [ 9.4, 10, 8.8 ],
			"faces": {
				"down": { "uv": [ 0, 0, 1.5, 0.5 ], "texture": "#4" },
				"up": { "uv": [ 0, 0, 1.5, 0.5 ], "texture": "#4" },
				"north": { "uv": [ 0, 0, 1.5, 1 ], "texture": "#4" },
				"south": { "uv": [ 0, 0, 1.5, 1 ], "texture": "#4" },
				"west": { "uv": [ 0, 0, 0.5, 1 ], "texture": "#4" },
				"east": { "uv": [ 0, 0, 0.5, 1 ], "texture": "#4" }
			}
		},
		{
			"from": [ 3.4, 6, 8.3 ],
			"to": [ 4.4, 7.5, 8.8 ],
			"faces": {
				"down": { "uv": [ 0, 0, 1, 0.5 ], "texture": "#4" },
				"up": { "uv": [ 0, 0, 1, 0.5 ], "texture": "#4" },
				"north": { "uv": [ 0, 0, 1, 1.5 ], "texture": "#4" },
				"south": { "uv": [ 0, 0, 1, 1.5 ], "texture": "#4" },
				"west": { "uv": [ 0, 0, 0.5, 1.5 ], "texture": "#4" },
				"east": { "uv": [ 0, 0, 0.5, 1.5 ], "texture": "#4" }
			}
		},
		{
			"from": [ 3.4, 7.5, 8.3 ],
			"to": [ 3.9, 8, 8.8 ],
			"faces": {
				"down": { "uv": [ 0, 0, 0.5, 0.5 ], "texture": "#4" },
				"up": { "uv": [ 0, 0, 0.5, 0.5 ], "texture": "#4" },
				"north": { "uv": [ 0, 0, 0.5, 0.5 ], "texture": "#4" },
				"south": { "uv": [ 0, 0, 0.5, 0.5 ], "texture": "#4" },
				"west": { "uv": [ 0, 0, 0.5, 0.5 ], "texture": "#4" },
				"east": { "uv": [ 0, 0, 0.5, 0.5 ], "texture": "#4" }
			}
		},
		{
			"from": [ 7.9, 6.5, 8.3 ],
			"to": [ 8.4, 7.5, 8.8 ],
			"faces": {
				"down": { "uv": [ 0, 0, 0.5, 0.5 ], "texture": "#4" },
				"up": { "uv": [ 0, 0, 0.5, 0.5 ], "texture": "#4" },
				"north": { "uv": [ 0, 0, 0.5, 1 ], "texture": "#4" },
				"south": { "uv": [ 0, 0, 0.5, 1 ], "texture": "#4" },
				"west": { "uv": [ 0, 0, 0.5, 1 ], "texture": "#4" },
				"east": { "uv": [ 0, 0, 0.5, 1 ], "texture": "#4" }
			}
		},
		{
			"from": [ 2.9, 6.5, 8.3 ],
			"to": [ 3.4, 7.5, 8.8 ],
			"faces": {
				"down": { "uv": [ 0, 0, 0.5, 0.5 ], "texture": "#4" },
				"up": { "uv": [ 0, 0, 0.5, 0.5 ], "texture": "#4" },
				"north": { "uv": [ 0, 0, 0.5, 1 ], "texture": "#4" },
				"south": { "uv": [ 0, 0, 0.5, 1 ], "texture": "#4" },
				"west": { "uv": [ 0, 0, 0.5, 1 ], "texture": "#4" },
				"east": { "uv": [ 0, 0, 0.5, 1 ], "texture": "#4" }
			}
		},
		{
			"from": [ 2.4, 7, 8.3 ],
			"to": [ 2.9, 7.5, 8.8 ],
			"faces": {
				"down": { "uv": [ 0, 0, 0.5, 0.5 ], "texture": "#4" },
				"up": { "uv": [ 0, 0, 0.5, 0.5 ], "texture": "#4" },
				"north": { "uv": [ 0, 0, 0.5, 0.5 ], "texture": "#4" },
				"south": { "uv": [ 0, 0, 0.5, 0.5 ], "texture": "#4" },
				"west": { "uv": [ 0, 0, 0.5, 0.5 ], "texture": "#4" },
				"east": { "uv": [ 0, 0, 0.5, 0.5 ], "texture": "#4" }
			}
		},
		{
			"from": [ 8.4, 7, 8.3 ],
			"to": [ 8.9, 7.5, 8.8 ],
			"faces": {
				"down": { "uv": [ 0, 0, 0.5, 0.5 ], "texture": "#4" },
				"up": { "uv": [ 0, 0, 0.5, 0.5 ], "texture": "#4" },
				"north": { "uv": [ 0, 0, 0.5, 0.5 ], "texture": "#4" },
				"south": { "uv": [ 0, 0, 0.5, 0.5 ], "texture": "#4" },
				"west": { "uv": [ 0, 0, 0.5, 0.5 ], "texture": "#4" },
				"east": { "uv": [ 0, 0, 0.5, 0.5 ], "texture": "#4" }
			}
		},
		{
			"from": [ 7.5, 13.9, 7.9 ],
			"to": [ 8.5, 18.9, 9.1 ],
			"faces": {
				"down": { "uv": [ 0, 0, 1, 1.2 ], "texture": "#2" },
				"up": { "uv": [ 0, 0, 1, 1.2 ], "texture": "#2" },
				"north": { "uv": [ 0, 0, 1, 5 ], "texture": "#2" },
				"south": { "uv": [ 0, 0, 1, 5 ], "texture": "#2" },
				"west": { "uv": [ 0, 0, 1.2, 5 ], "texture": "#2" },
				"east": { "uv": [ 0, 0, 1.2, 5 ], "texture": "#2" }
			}
		},
		{
			"from": [ 7.4, 15.4, 0 ],
			"to": [ 8.6, 16.6, 1.2 ],
			"rotation": { "origin": [ 8, 8, 8 ], "axis": "x", "angle": 45 },
			"faces": {
				"down": { "uv": [ 0, 0, 1.2, 1.2 ], "texture": "#2" },
				"up": { "uv": [ 0, 0, 1.2, 1.2 ], "texture": "#2" },
				"north": { "uv": [ 0, 0, 1.2, 1.2 ], "texture": "#2" },
				"south": { "uv": [ 0, 0, 1.2, 1.2 ], "texture": "#2" },
				"west": { "uv": [ 0, 0, 1.2, 1.2 ], "texture": "#2" },
				"east": { "uv": [ 0, 0, 1.2, 1.2 ], "texture": "#2" }
			}
		}
	],
	"display": {
		"thirdperson_righthand": {
			"rotation":  [ 82, -94, -38 ],
			"scale":  [ 0.5, 0.5, 0.5 ]
		},
		"thirdperson_lefthand": {
			"rotation":  [ 82, -94, -38 ],
			"scale":  [ 0.5, 0.5, 0.5 ]
		},
		"firstperson_righthand": {
			"scale":  [ 0.5, 0.5, 0.5 ]
		},
		"firstperson_lefthand": {
			"scale":  [ 0.5, 0.5, 0.5 ]
		},
		"gui": {
			"scale":  [ 0.4, 0.4, 0.4 ]
		},
		"ground": {
			"translation":  [ 0, 13.913, 0 ]
		}
	}
}