{
"__comment": "Designed by Tomshalev01",
"textures": {
    "0": "blocks/wool_colored_black",
    "1": "blocks/wool_colored_brown",
    "2": "blocks/wool_colored_white",
    "3": "blocks/iron_block"
},
"elements": [ 
{
    "from": [ 2, 0, 6 ],
    "to": [ 14, 7, 10 ],
    "faces": {
        "down":  { "uv": [ 0, 0, 12, 4 ], "texture": "#0" },
        "up":    { "uv": [ 0, 0, 12, 4 ], "texture": "#0" },
        "north": { "uv": [ 0, 0, 12, 7 ], "texture": "#0" },
        "south": { "uv": [ 0, 0, 12, 7 ], "texture": "#0" },
        "west":  { "uv": [ 0, 0, 4, 7 ], "texture": "#0" },
        "east":  { "uv": [ 0, 0, 4, 7 ], "texture": "#0" }
    }
},
{
    "from": [ 2, 7, 6 ],
    "to": [ 14, 8, 7 ],
    "faces": {
        "down":  { "uv": [ 0, 0, 12, 1 ], "texture": "#0" },
        "up":    { "uv": [ 0, 0, 12, 1 ], "texture": "#0" },
        "north": { "uv": [ 0, 0, 12, 1 ], "texture": "#0" },
        "south": { "uv": [ 0, 0, 12, 1 ], "texture": "#0" },
        "west":  { "uv": [ 0, 0, 1, 1 ], "texture": "#0" },
        "east":  { "uv": [ 0, 0, 1, 1 ], "texture": "#0" }
    }
},
{
    "from": [ 2, 7, 9 ],
    "to": [ 14, 8, 10 ],
    "faces": {
        "down":  { "uv": [ 0, 0, 12, 1 ], "texture": "#0" },
        "up":    { "uv": [ 0, 0, 12, 1 ], "texture": "#0" },
        "north": { "uv": [ 0, 0, 12, 1 ], "texture": "#0" },
        "south": { "uv": [ 0, 0, 12, 1 ], "texture": "#0" },
        "west":  { "uv": [ 0, 0, 1, 1 ], "texture": "#0" },
        "east":  { "uv": [ 0, 0, 1, 1 ], "texture": "#0" }
    }
},
{
    "from": [ 2, 7, 7 ],
    "to": [ 3, 8, 9 ],
    "faces": {
        "down":  { "uv": [ 0, 0, 1, 2 ], "texture": "#0" },
        "up":    { "uv": [ 0, 0, 1, 2 ], "texture": "#0" },
        "north": { "uv": [ 0, 0, 1, 1 ], "texture": "#0" },
        "south": { "uv": [ 0, 0, 1, 1 ], "texture": "#0" },
        "west":  { "uv": [ 0, 0, 2, 1 ], "texture": "#0" },
        "east":  { "uv": [ 0, 0, 2, 1 ], "texture": "#0" }
    }
},
{
    "from": [ 13, 7, 7 ],
    "to": [ 14, 8, 9 ],
    "faces": {
        "down":  { "uv": [ 0, 0, 1, 2 ], "texture": "#0" },
        "up":    { "uv": [ 0, 0, 1, 2 ], "texture": "#0" },
        "north": { "uv": [ 0, 0, 1, 1 ], "texture": "#0" },
        "south": { "uv": [ 0, 0, 1, 1 ], "texture": "#0" },
        "west":  { "uv": [ 0, 0, 2, 1 ], "texture": "#0" },
        "east":  { "uv": [ 0, 0, 2, 1 ], "texture": "#0" }
    }
},
{
    "from": [ 3, 7, 7.75 ],
    "to": [ 13, 7.3, 8.25 ],
    "faces": {
        "down":  { "uv": [ 0, 0, 10, 0.5 ], "texture": "#1" },
        "up":    { "uv": [ 0, 0, 10, 0.5 ], "texture": "#1" },
        "north": { "uv": [ 0, 0, 10, 0.30000001192092896 ], "texture": "#1" },
        "south": { "uv": [ 0, 0, 10, 0.30000001192092896 ], "texture": "#1" },
        "west":  { "uv": [ 0, 0, 0.5, 0.30000001192092896 ], "texture": "#1" },
        "east":  { "uv": [ 0, 0, 0.5, 0.30000001192092896 ], "texture": "#1" }
    }
},
{
    "from": [ 3, 7.3, 7.9 ],
    "to": [ 13, 7.4, 8.1 ],
    "faces": {
        "down":  { "uv": [ 0, 0, 10, 0.2 ], "texture": "#2" },
        "up":    { "uv": [ 0, 0, 10, 0.20000000298023224 ], "texture": "#2" },
        "north": { "uv": [ 0, 0, 10, 0.10000000149011612 ], "texture": "#2" },
        "south": { "uv": [ 0, 0, 10, 0.10000000149011612 ], "texture": "#2" },
        "west":  { "uv": [ 0, 0, 0.20000000298023224, 0.10000000149011612 ], "texture": "#2" },
        "east":  { "uv": [ 0, 0, 0.20000000298023224, 0.10000000149011612 ], "texture": "#2" }
    }
},
{
    "from": [ 4.2, 2, 10 ],
    "to": [ 4.8, 8.5, 10.3 ],
    "faces": {
        "down":  { "uv": [ 0, 0, 0.6, 0.3 ], "texture": "#1" },
        "up":    { "uv": [ 0, 0, 0.60000002384185791, 0.30000001192092896 ], "texture": "#1" },
        "north": { "uv": [ 0, 0, 0.60000002384185791, 6.5 ], "texture": "#1" },
        "south": { "uv": [ 0, 0, 0.60000002384185791, 6.5 ], "texture": "#1" },
        "west":  { "uv": [ 0, 0, 0.30000001192092896, 6.5 ], "texture": "#1" },
        "east":  { "uv": [ 0, 0, 0.30000001192092896, 6.5 ], "texture": "#1" }
    }
},
{
    "from": [ 11.2, 2, 10 ],
    "to": [ 11.8, 8.5, 10.3 ],
    "faces": {
        "down":  { "uv": [ 0, 0, 0.6, 0.3 ], "texture": "#1" },
        "up":    { "uv": [ 0, 0, 0.60000002384185791, 0.30000001192092896 ], "texture": "#1" },
        "north": { "uv": [ 0, 0, 0.60000002384185791, 6.5 ], "texture": "#1" },
        "south": { "uv": [ 0, 0, 0.60000002384185791, 6.5 ], "texture": "#1" },
        "west":  { "uv": [ 0, 0, 0.30000001192092896, 6.5 ], "texture": "#1" },
        "east":  { "uv": [ 0, 0, 0.30000001192092896, 6.5 ], "texture": "#1" }
    }
},
{
    "from": [ 4.2, 2, 5.7 ],
    "to": [ 4.8, 8.5, 6 ],
    "faces": {
        "down":  { "uv": [ 0, 0, 0.6, 0.3 ], "texture": "#1" },
        "up":    { "uv": [ 0, 0, 0.60000002384185791, 0.30000001192092896 ], "texture": "#1" },
        "north": { "uv": [ 0, 0, 0.60000002384185791, 6.5 ], "texture": "#1" },
        "south": { "uv": [ 0, 0, 0.60000002384185791, 6.5 ], "texture": "#1" },
        "west":  { "uv": [ 0, 0, 0.30000001192092896, 6.5 ], "texture": "#1" },
        "east":  { "uv": [ 0, 0, 0.30000001192092896, 6.5 ], "texture": "#1" }
    }
},
{
    "from": [ 11.2, 2, 5.7 ],
    "to": [ 11.8, 8.5, 6 ],
    "faces": {
        "down":  { "uv": [ 0, 0, 0.6, 0.3 ], "texture": "#1" },
        "up":    { "uv": [ 0, 0, 0.60000002384185791, 0.30000001192092896 ], "texture": "#1" },
        "north": { "uv": [ 0, 0, 0.60000002384185791, 6.5 ], "texture": "#1" },
        "south": { "uv": [ 0, 0, 0.60000002384185791, 6.5 ], "texture": "#1" },
        "west":  { "uv": [ 0, 0, 0.30000001192092896, 6.5 ], "texture": "#1" },
        "east":  { "uv": [ 0, 0, 0.30000001192092896, 6.5 ], "texture": "#1" }
    }
},
{
    "from": [ 4.35, 7.5, 5.6 ],
    "to": [ 4.65, 7.8, 6 ],
    "faces": {
        "down":  { "uv": [ 0, 0, 0.3, 0.4 ], "texture": "#3" },
        "up":    { "uv": [ 0, 0, 0.30000001192092896, 0.40000000596046448 ], "texture": "#3" },
        "north": { "uv": [ 0, 0, 0.30000001192092896, 0.30000001192092896 ], "texture": "#3" },
        "south": { "uv": [ 0, 0, 0.30000001192092896, 0.30000001192092896 ], "texture": "#3" },
        "west":  { "uv": [ 0, 0, 0.40000000596046448, 0.30000001192092896 ], "texture": "#3" },
        "east":  { "uv": [ 0, 0, 0.40000000596046448, 0.30000001192092896 ], "texture": "#3" }
    }
},
{
    "from": [ 4.35, 7.5, 10 ],
    "to": [ 4.65, 7.8, 10.4 ],
    "faces": {
        "down":  { "uv": [ 0, 0, 0.3, 0.4 ], "texture": "#3" },
        "up":    { "uv": [ 0, 0, 0.30000001192092896, 0.40000000596046448 ], "texture": "#3" },
        "north": { "uv": [ 0, 0, 0.30000001192092896, 0.30000001192092896 ], "texture": "#3" },
        "south": { "uv": [ 0, 0, 0.30000001192092896, 0.30000001192092896 ], "texture": "#3" },
        "west":  { "uv": [ 0, 0, 0.40000000596046448, 0.30000001192092896 ], "texture": "#3" },
        "east":  { "uv": [ 0, 0, 0.40000000596046448, 0.30000001192092896 ], "texture": "#3" }
    }
},
{
    "from": [ 11.3, 7.5, 10 ],
    "to": [ 11.6, 7.8, 10.4 ],
    "faces": {
        "down":  { "uv": [ 0, 0, 0.3, 0.4 ], "texture": "#3" },
        "up":    { "uv": [ 0, 0, 0.30000001192092896, 0.40000000596046448 ], "texture": "#3" },
        "north": { "uv": [ 0, 0, 0.30000001192092896, 0.30000001192092896 ], "texture": "#3" },
        "south": { "uv": [ 0, 0, 0.30000001192092896, 0.30000001192092896 ], "texture": "#3" },
        "west":  { "uv": [ 0, 0, 0.40000000596046448, 0.30000001192092896 ], "texture": "#3" },
        "east":  { "uv": [ 0, 0, 0.40000000596046448, 0.30000001192092896 ], "texture": "#3" }
    }
},
{
    "from": [ 11.3, 7.5, 5.6 ],
    "to": [ 11.6, 7.8, 6 ],
    "faces": {
        "down":  { "uv": [ 0, 0, 0.3, 0.4 ], "texture": "#3" },
        "up":    { "uv": [ 0, 0, 0.30000001192092896, 0.40000000596046448 ], "texture": "#3" },
        "north": { "uv": [ 0, 0, 0.30000001192092896, 0.30000001192092896 ], "texture": "#3" },
        "south": { "uv": [ 0, 0, 0.30000001192092896, 0.30000001192092896 ], "texture": "#3" },
        "west":  { "uv": [ 0, 0, 0.40000000596046448, 0.30000001192092896 ], "texture": "#3" },
        "east":  { "uv": [ 0, 0, 0.40000000596046448, 0.30000001192092896 ], "texture": "#3" }
    }
},
{
    "from": [ 3.9, 8.2, 10.1 ],
    "to": [ 5.1, 8.4, 10.2 ],
    "faces": {
        "down":  { "uv": [ 0, 0, 1.2, 0.1 ], "texture": "#3" },
        "up":    { "uv": [ 0, 0, 1.2000000476837158, 0.10000000149011612 ], "texture": "#3" },
        "north": { "uv": [ 0, 0, 1.2000000476837158, 0.20000000298023224 ], "texture": "#3" },
        "south": { "uv": [ 0, 0, 1.2000000476837158, 0.20000000298023224 ], "texture": "#3" },
        "west":  { "uv": [ 0, 0, 0.10000000149011612, 0.20000000298023224 ], "texture": "#3" },
        "east":  { "uv": [ 0, 0, 0.10000000149011612, 0.20000000298023224 ], "texture": "#3" }
    }
},
{
    "from": [ 3.9, 9.2, 10.1 ],
    "to": [ 5.1, 9.4, 10.2 ],
    "faces": {
        "down":  { "uv": [ 0, 0, 1.2, 0.1 ], "texture": "#3" },
        "up":    { "uv": [ 0, 0, 1.2000000476837158, 0.10000000149011612 ], "texture": "#3" },
        "north": { "uv": [ 0, 0, 1.2000000476837158, 0.20000000298023224 ], "texture": "#3" },
        "south": { "uv": [ 0, 0, 1.2000000476837158, 0.20000000298023224 ], "texture": "#3" },
        "west":  { "uv": [ 0, 0, 0.10000000149011612, 0.20000000298023224 ], "texture": "#3" },
        "east":  { "uv": [ 0, 0, 0.10000000149011612, 0.20000000298023224 ], "texture": "#3" }
    }
},
{
    "from": [ 3.9, 8.4, 10.1 ],
    "to": [ 4.1, 9.2, 10.2 ],
    "faces": {
        "down":  { "uv": [ 0, 0, 0.2, 0.1 ], "texture": "#3" },
        "up":    { "uv": [ 0, 0, 0.20000000298023224, 0.10000000149011612 ], "texture": "#3" },
        "north": { "uv": [ 0, 0, 0.20000000298023224, 0.80000001192092896 ], "texture": "#3" },
        "south": { "uv": [ 0, 0, 0.20000000298023224, 0.80000001192092896 ], "texture": "#3" },
        "west":  { "uv": [ 0, 0, 0.10000000149011612, 0.80000001192092896 ], "texture": "#3" },
        "east":  { "uv": [ 0, 0, 0.10000000149011612, 0.80000001192092896 ], "texture": "#3" }
    }
},
{
    "from": [ 4.9, 8.4, 10.1 ],
    "to": [ 5.1, 9.2, 10.2 ],
    "faces": {
        "down":  { "uv": [ 0, 0, 0.2, 0.1 ], "texture": "#2" },
        "up":    { "uv": [ 0, 0, 0.20000000298023224, 0.10000000149011612 ], "texture": "#3" },
        "north": { "uv": [ 0, 0, 0.20000000298023224, 0.80000001192092896 ], "texture": "#3" },
        "south": { "uv": [ 0, 0, 0.20000000298023224, 0.80000001192092896 ], "texture": "#3" },
        "west":  { "uv": [ 0, 0, 0.10000000149011612, 0.80000001192092896 ], "texture": "#3" },
        "east":  { "uv": [ 0, 0, 0.10000000149011612, 0.80000001192092896 ], "texture": "#3" }
    }
},
{
    "from": [ 10.9, 8.2, 10.1 ],
    "to": [ 12.1, 8.4, 10.2 ],
    "faces": {
        "down":  { "uv": [ 0, 0, 1.2, 0.1 ], "texture": "#3" },
        "up":    { "uv": [ 0, 0, 1.2000000476837158, 0.10000000149011612 ], "texture": "#3" },
        "north": { "uv": [ 0, 0, 1.2000000476837158, 0.20000000298023224 ], "texture": "#3" },
        "south": { "uv": [ 0, 0, 1.2000000476837158, 0.20000000298023224 ], "texture": "#3" },
        "west":  { "uv": [ 0, 0, 0.10000000149011612, 0.20000000298023224 ], "texture": "#3" },
        "east":  { "uv": [ 0, 0, 0.10000000149011612, 0.20000000298023224 ], "texture": "#3" }
    }
},
{
    "from": [ 10.9, 9.2, 10.1 ],
    "to": [ 12.1, 9.4, 10.2 ],
    "faces": {
        "down":  { "uv": [ 0, 0, 1.2, 0.1 ], "texture": "#3" },
        "up":    { "uv": [ 0, 0, 1.2000000476837158, 0.10000000149011612 ], "texture": "#3" },
        "north": { "uv": [ 0, 0, 1.2000000476837158, 0.20000000298023224 ], "texture": "#3" },
        "south": { "uv": [ 0, 0, 1.2000000476837158, 0.20000000298023224 ], "texture": "#3" },
        "west":  { "uv": [ 0, 0, 0.10000000149011612, 0.20000000298023224 ], "texture": "#3" },
        "east":  { "uv": [ 0, 0, 0.10000000149011612, 0.20000000298023224 ], "texture": "#3" }
    }
},
{
    "from": [ 11.9, 8.4, 10.1 ],
    "to": [ 12.1, 9.2, 10.2 ],
    "faces": {
        "down":  { "uv": [ 0, 0, 0.2, 0.1 ], "texture": "#3" },
        "up":    { "uv": [ 0, 0, 0.20000000298023224, 0.10000000149011612 ], "texture": "#3" },
        "north": { "uv": [ 0, 0, 0.20000000298023224, 0.80000001192092896 ], "texture": "#3" },
        "south": { "uv": [ 0, 0, 0.20000000298023224, 0.80000001192092896 ], "texture": "#3" },
        "west":  { "uv": [ 0, 0, 0.10000000149011612, 0.80000001192092896 ], "texture": "#3" },
        "east":  { "uv": [ 0, 0, 0.10000000149011612, 0.80000001192092896 ], "texture": "#3" }
    }
},
{
    "from": [ 10.9, 8.4, 10.1 ],
    "to": [ 11.1, 9.2, 10.2 ],
    "faces": {
        "down":  { "uv": [ 0, 0, 0.2, 0.1 ], "texture": "#2" },
        "up":    { "uv": [ 0, 0, 0.20000000298023224, 0.10000000149011612 ], "texture": "#3" },
        "north": { "uv": [ 0, 0, 0.20000000298023224, 0.80000001192092896 ], "texture": "#3" },
        "south": { "uv": [ 0, 0, 0.20000000298023224, 0.80000001192092896 ], "texture": "#3" },
        "west":  { "uv": [ 0, 0, 0.10000000149011612, 0.80000001192092896 ], "texture": "#3" },
        "east":  { "uv": [ 0, 0, 0.10000000149011612, 0.80000001192092896 ], "texture": "#3" }
    }
},
{
    "from": [ 3.9, 8.2, 5.8 ],
    "to": [ 5.1, 8.4, 5.9 ],
    "faces": {
        "down":  { "uv": [ 0, 0, 1.2, 0.1 ], "texture": "#3" },
        "up":    { "uv": [ 0, 0, 1.2000000476837158, 0.10000000149011612 ], "texture": "#3" },
        "north": { "uv": [ 0, 0, 1.2000000476837158, 0.20000000298023224 ], "texture": "#3" },
        "south": { "uv": [ 0, 0, 1.2000000476837158, 0.20000000298023224 ], "texture": "#3" },
        "west":  { "uv": [ 0, 0, 0.10000000149011612, 0.20000000298023224 ], "texture": "#3" },
        "east":  { "uv": [ 0, 0, 0.10000000149011612, 0.20000000298023224 ], "texture": "#3" }
    }
},
{
    "from": [ 3.9, 9.2, 5.8 ],
    "to": [ 5.1, 9.4, 5.9 ],
    "faces": {
        "down":  { "uv": [ 0, 0, 1.2, 0.1 ], "texture": "#3" },
        "up":    { "uv": [ 0, 0, 1.2000000476837158, 0.10000000149011612 ], "texture": "#3" },
        "north": { "uv": [ 0, 0, 1.2000000476837158, 0.20000000298023224 ], "texture": "#3" },
        "south": { "uv": [ 0, 0, 1.2000000476837158, 0.20000000298023224 ], "texture": "#3" },
        "west":  { "uv": [ 0, 0, 0.10000000149011612, 0.20000000298023224 ], "texture": "#3" },
        "east":  { "uv": [ 0, 0, 0.10000000149011612, 0.20000000298023224 ], "texture": "#3" }
    }
},
{
    "from": [ 3.9, 8.4, 5.8 ],
    "to": [ 4.1, 9.2, 5.9 ],
    "faces": {
        "down":  { "uv": [ 0, 0, 0.2, 0.1 ], "texture": "#3" },
        "up":    { "uv": [ 0, 0, 0.20000000298023224, 0.10000000149011612 ], "texture": "#3" },
        "north": { "uv": [ 0, 0, 0.20000000298023224, 0.80000001192092896 ], "texture": "#3" },
        "south": { "uv": [ 0, 0, 0.20000000298023224, 0.80000001192092896 ], "texture": "#3" },
        "west":  { "uv": [ 0, 0, 0.10000000149011612, 0.80000001192092896 ], "texture": "#3" },
        "east":  { "uv": [ 0, 0, 0.10000000149011612, 0.80000001192092896 ], "texture": "#3" }
    }
},
{
    "from": [ 4.9, 8.4, 5.8 ],
    "to": [ 5.1, 9.2, 5.9 ],
    "faces": {
        "down":  { "uv": [ 0, 0, 0.2, 0.1 ], "texture": "#2" },
        "up":    { "uv": [ 0, 0, 0.20000000298023224, 0.10000000149011612 ], "texture": "#3" },
        "north": { "uv": [ 0, 0, 0.20000000298023224, 0.80000001192092896 ], "texture": "#3" },
        "south": { "uv": [ 0, 0, 0.20000000298023224, 0.80000001192092896 ], "texture": "#3" },
        "west":  { "uv": [ 0, 0, 0.10000000149011612, 0.80000001192092896 ], "texture": "#3" },
        "east":  { "uv": [ 0, 0, 0.10000000149011612, 0.80000001192092896 ], "texture": "#3" }
    }
},
{
    "from": [ 10.9, 8.2, 5.8 ],
    "to": [ 12.1, 8.4, 5.9 ],
    "faces": {
        "down":  { "uv": [ 0, 0, 1.2, 0.1 ], "texture": "#3" },
        "up":    { "uv": [ 0, 0, 1.2000000476837158, 0.10000000149011612 ], "texture": "#3" },
        "north": { "uv": [ 0, 0, 1.2000000476837158, 0.20000000298023224 ], "texture": "#3" },
        "south": { "uv": [ 0, 0, 1.2000000476837158, 0.20000000298023224 ], "texture": "#3" },
        "west":  { "uv": [ 0, 0, 0.10000000149011612, 0.20000000298023224 ], "texture": "#3" },
        "east":  { "uv": [ 0, 0, 0.10000000149011612, 0.20000000298023224 ], "texture": "#3" }
    }
},
{
    "from": [ 10.9, 9.2, 5.8 ],
    "to": [ 12.1, 9.4, 5.9 ],
    "faces": {
        "down":  { "uv": [ 0, 0, 1.2, 0.1 ], "texture": "#3" },
        "up":    { "uv": [ 0, 0, 1.2000000476837158, 0.10000000149011612 ], "texture": "#3" },
        "north": { "uv": [ 0, 0, 1.2000000476837158, 0.20000000298023224 ], "texture": "#3" },
        "south": { "uv": [ 0, 0, 1.2000000476837158, 0.20000000298023224 ], "texture": "#3" },
        "west":  { "uv": [ 0, 0, 0.10000000149011612, 0.20000000298023224 ], "texture": "#3" },
        "east":  { "uv": [ 0, 0, 0.10000000149011612, 0.20000000298023224 ], "texture": "#3" }
    }
},
{
    "from": [ 10.9, 8.4, 5.8 ],
    "to": [ 11.1, 9.2, 5.9 ],
    "faces": {
        "down":  { "uv": [ 0, 0, 0.2, 0.1 ], "texture": "#3" },
        "up":    { "uv": [ 0, 0, 0.20000000298023224, 0.10000000149011612 ], "texture": "#3" },
        "north": { "uv": [ 0, 0, 0.20000000298023224, 0.80000001192092896 ], "texture": "#3" },
        "south": { "uv": [ 0, 0, 0.20000000298023224, 0.80000001192092896 ], "texture": "#3" },
        "west":  { "uv": [ 0, 0, 0.10000000149011612, 0.80000001192092896 ], "texture": "#3" },
        "east":  { "uv": [ 0, 0, 0.10000000149011612, 0.80000001192092896 ], "texture": "#3" }
    }
},
{
    "from": [ 11.9, 8.4, 5.8 ],
    "to": [ 12.1, 9.2, 5.9 ],
    "faces": {
        "down":  { "uv": [ 0, 0, 0.2, 0.1 ], "texture": "#2" },
        "up":    { "uv": [ 0, 0, 0.20000000298023224, 0.10000000149011612 ], "texture": "#3" },
        "north": { "uv": [ 0, 0, 0.20000000298023224, 0.80000001192092896 ], "texture": "#3" },
        "south": { "uv": [ 0, 0, 0.20000000298023224, 0.80000001192092896 ], "texture": "#3" },
        "west":  { "uv": [ 0, 0, 0.10000000149011612, 0.80000001192092896 ], "texture": "#3" },
        "east":  { "uv": [ 0, 0, 0.10000000149011612, 0.80000001192092896 ], "texture": "#3" }
    }
},
{
    "from": [ 4.2, 9, 10 ],
    "to": [ 4.8, 11.5, 10.3 ],
    "faces": {
        "down":  { "uv": [ 0, 0, 0.6, 0.3 ], "texture": "#1" },
        "up":    { "uv": [ 0, 0, 0.60000002384185791, 0.30000001192092896 ], "texture": "#1" },
        "north": { "uv": [ 0, 0, 0.60000002384185791, 2.5 ], "texture": "#1" },
        "south": { "uv": [ 0, 0, 0.60000002384185791, 2.5 ], "texture": "#1" },
        "west":  { "uv": [ 0, 0, 0.30000001192092896, 2.5 ], "texture": "#1" },
        "east":  { "uv": [ 0, 0, 0.30000001192092896, 2.5 ], "texture": "#1" }
    }
},
{
    "from": [ 11.2, 9, 10 ],
    "to": [ 11.8, 11.5, 10.3 ],
    "faces": {
        "down":  { "uv": [ 0, 0, 0.6, 0.3 ], "texture": "#1" },
        "up":    { "uv": [ 0, 0, 0.60000002384185791, 0.30000001192092896 ], "texture": "#1" },
        "north": { "uv": [ 0, 0, 0.60000002384185791, 2.5 ], "texture": "#1" },
        "south": { "uv": [ 0, 0, 0.60000002384185791, 2.5 ], "texture": "#1" },
        "west":  { "uv": [ 0, 0, 0.30000001192092896, 2.5 ], "texture": "#1" },
        "east":  { "uv": [ 0, 0, 0.30000001192092896, 2.5 ], "texture": "#1" }
    }
},
{
    "from": [ 4.7, 11, 10 ],
    "to": [ 11.3, 11.5, 10.3 ],
    "faces": {
        "down":  { "uv": [ 0, 0, 6.6, 0.3 ], "texture": "#1" },
        "up":    { "uv": [ 0, 0, 6.5999999046325684, 0.30000001192092896 ], "texture": "#1" },
        "north": { "uv": [ 0, 0, 6.5999999046325684, 0.5 ], "texture": "#1" },
        "south": { "uv": [ 0, 0, 6.5999999046325684, 0.5 ], "texture": "#1" },
        "west":  { "uv": [ 0, 0, 0.30000001192092896, 0.5 ], "texture": "#1" },
        "east":  { "uv": [ 0, 0, 0.30000001192092896, 0.5 ], "texture": "#1" }
    }
},
{
    "from": [ 4.2, 9, 5.7 ],
    "to": [ 4.8, 11.5, 6 ],
    "faces": {
        "down":  { "uv": [ 0, 0, 0.6, 0.3 ], "texture": "#1" },
        "up":    { "uv": [ 0, 0, 0.60000002384185791, 0.30000001192092896 ], "texture": "#1" },
        "north": { "uv": [ 0, 0, 0.60000002384185791, 2.5 ], "texture": "#1" },
        "south": { "uv": [ 0, 0, 0.60000002384185791, 2.5 ], "texture": "#1" },
        "west":  { "uv": [ 0, 0, 0.30000001192092896, 2.5 ], "texture": "#1" },
        "east":  { "uv": [ 0, 0, 0.30000001192092896, 2.5 ], "texture": "#1" }
    }
},
{
    "from": [ 11.2, 9, 5.7 ],
    "to": [ 11.8, 11.5, 6 ],
    "faces": {
        "down":  { "uv": [ 0, 0, 0.6, 0.3 ], "texture": "#1" },
        "up":    { "uv": [ 0, 0, 0.60000002384185791, 0.30000001192092896 ], "texture": "#1" },
        "north": { "uv": [ 0, 0, 0.60000002384185791, 2.5 ], "texture": "#1" },
        "south": { "uv": [ 0, 0, 0.60000002384185791, 2.5 ], "texture": "#1" },
        "west":  { "uv": [ 0, 0, 0.30000001192092896, 2.5 ], "texture": "#1" },
        "east":  { "uv": [ 0, 0, 0.30000001192092896, 2.5 ], "texture": "#1" }
    }
},
{
    "from": [ 4.7, 11, 5.7 ],
    "to": [ 11.3, 11.5, 6 ],
    "faces": {
        "down":  { "uv": [ 0, 0, 6.6, 0.3 ], "texture": "#1" },
        "up":    { "uv": [ 0, 0, 6.5999999046325684, 0.30000001192092896 ], "texture": "#1" },
        "north": { "uv": [ 0, 0, 6.5999999046325684, 0.5 ], "texture": "#1" },
        "south": { "uv": [ 0, 0, 6.5999999046325684, 0.5 ], "texture": "#1" },
        "west":  { "uv": [ 0, 0, 0.30000001192092896, 0.5 ], "texture": "#1" },
        "east":  { "uv": [ 0, 0, 0.30000001192092896, 0.5 ], "texture": "#1" }
    }
}
],
"display": {
    "thirdperson_righthand": {
        "rotation": [ 64, 79, 0 ],
        "translation": [ 0, -1.7, -1.32 ],
        "scale": [ 0.7, 0.7, 0.7 ]
    },
    "thirdperson_lefthand": {
        "rotation": [ 64, 79, 0 ],
        "translation": [ 0, -1.7, -1.32 ],
        "scale": [ 0.7, 0.7, 0.7 ]
    },
    "head": {
        "rotation": [ 0, 180, 0 ],
        "translation": [ 0, -30.5, 0 ],
        "scale": [ 1.6, 1.6, 1.6 ]
    },
    "ground": {
        "rotation": [ 0, 0, 0 ],
        "translation": [ 0, 2, 0 ],
        "scale": [ 0.5, 0.5, 0.5 ]
    },
    "fixed": {
        "rotation": [ 0, -180, 0 ],
        "translation": [ 0, 2.08, -0.56 ],
        "scale": [ 1, 1, 1 ]
    },
    "firstperson_righthand": {
        "rotation": [ 0, -64, 0 ],
        "translation": [ 0, 0, 0 ],
        "scale": [ 1, 1, 1 ]
    },
    "firstperson_lefthand": {
        "rotation": [ 0, -64, 0 ],
        "translation": [ 0, 0, 0 ],
        "scale": [ 1, 1, 1 ]
    },
    "gui": {
        "rotation": [ 35, 35, 0 ],
        "translation": [ 0, 0, 0 ],
        "scale": [ 0.8, 0.8, 0.8 ]
    }
}
}