{
"__comment": "Designed by Tomshalev01",
"textures": {
    "0": "blocks/wool_colored_silver",
    "2": "blocks/wool_colored_blue",
    "1": "blocks/wool_colored_cyan"
},
"elements": [ 
{
    "from": [ 3, 0, 3 ],
    "to": [ 13, 2, 8 ],
    "faces": {
        "down":  { "uv": [ 0, 0, 10, 5 ], "texture": "#0" },
        "up":    { "uv": [ 0, 0, 10, 5 ], "texture": "#0" },
        "north": { "uv": [ 0, 0, 10, 2 ], "texture": "#0" },
        "south": { "uv": [ 0, 0, 10, 2 ], "texture": "#0" },
        "west":  { "uv": [ 0, 0, 5, 2 ], "texture": "#0" },
        "east":  { "uv": [ 0, 0, 5, 2 ], "texture": "#0" }
    }
},
{
    "from": [ 3, 2, 3 ],
    "to": [ 13, 14, 4 ],
    "faces": {
        "down":  { "uv": [ 0, 0, 10, 1 ], "texture": "#2" },
        "up":    { "uv": [ 0, 0, 10, 1 ], "texture": "#2" },
        "north": { "uv": [ 0, 0, 10, 12 ], "texture": "#2" },
        "south": { "uv": [ 0, 0, 10, 12 ], "texture": "#2" },
        "west":  { "uv": [ 0, 0, 1, 12 ], "texture": "#2" },
        "east":  { "uv": [ 0, 0, 1, 12 ], "texture": "#2" }
    }
},
{
    "from": [ 3, 2, 4.2 ],
    "to": [ 13, 14, 8 ],
    "faces": {
        "down":  { "uv": [ 0, 0, 10, 3.8 ], "texture": "#1" },
        "up":    { "uv": [ 0, 0, 10, 3.7999999523162842 ], "texture": "#1" },
        "north": { "uv": [ 0, 0, 10, 12 ], "texture": "#1" },
        "south": { "uv": [ 0, 0, 10, 12 ], "texture": "#1" },
        "west":  { "uv": [ 0, 0, 3.7999999523162842, 12 ], "texture": "#1" },
        "east":  { "uv": [ 0, 0, 3.7999999523162842, 12 ], "texture": "#1" }
    }
},
{
    "from": [ 3.3, 2, 4 ],
    "to": [ 12.7, 13.7, 4.2 ],
    "faces": {
        "down":  { "uv": [ 0, 0, 9.4, 0.2 ], "texture": "#0" },
        "up":    { "uv": [ 0, 0, 9.3999996185302734, 0.20000000298023224 ], "texture": "#0" },
        "north": { "uv": [ 0, 0, 9.3999996185302734, 11.699999809265137 ], "texture": "#0" },
        "south": { "uv": [ 0, 0, 9.3999996185302734, 11.699999809265137 ], "texture": "#0" },
        "west":  { "uv": [ 0, 0, 0.20000000298023224, 11.699999809265137 ], "texture": "#0" },
        "east":  { "uv": [ 0, 0, 0.20000000298023224, 11.699999809265137 ], "texture": "#0" }
    }
},
{
    "from": [ 4, 2, 8.2 ],
    "to": [ 12, 12, 9.2 ],
    "faces": {
        "down":  { "uv": [ 0, 0, 8, 1 ], "texture": "#2" },
        "up":    { "uv": [ 0, 0, 8, 1 ], "texture": "#2" },
        "north": { "uv": [ 0, 0, 8, 10 ], "texture": "#2" },
        "south": { "uv": [ 0, 0, 8, 10 ], "texture": "#2" },
        "west":  { "uv": [ 0, 0, 1, 10 ], "texture": "#2" },
        "east":  { "uv": [ 0, 0, 1, 10 ], "texture": "#2" }
    }
},
{
    "from": [ 4.3, 2, 8 ],
    "to": [ 11.7, 11.7, 8.2 ],
    "faces": {
        "down":  { "uv": [ 0, 0, 7.4, 0.2 ], "texture": "#0" },
        "up":    { "uv": [ 0, 0, 7.4000000953674316, 0.20000000298023224 ], "texture": "#0" },
        "north": { "uv": [ 0, 0, 7.4000000953674316, 9.6999998092651367 ], "texture": "#0" },
        "south": { "uv": [ 0, 0, 7.4000000953674316, 9.6999998092651367 ], "texture": "#0" },
        "west":  { "uv": [ 0, 0, 0.20000000298023224, 9.6999998092651367 ], "texture": "#0" },
        "east":  { "uv": [ 0, 0, 0.20000000298023224, 9.6999998092651367 ], "texture": "#0" }
    }
},
{
    "from": [ 4, 0, 8 ],
    "to": [ 12, 2, 9.2 ],
    "faces": {
        "down":  { "uv": [ 0, 0, 8, 1.2 ], "texture": "#0" },
        "up":    { "uv": [ 0, 0, 8, 1.2000000476837158 ], "texture": "#0" },
        "north": { "uv": [ 0, 0, 8, 2 ], "texture": "#0" },
        "south": { "uv": [ 0, 0, 8, 2 ], "texture": "#0" },
        "west":  { "uv": [ 0, 0, 1.2000000476837158, 2 ], "texture": "#0" },
        "east":  { "uv": [ 0, 0, 1.2000000476837158, 2 ], "texture": "#0" }
    }
},
{
    "from": [ 4, 0, 1.5 ],
    "to": [ 6, 1, 3 ],
    "faces": {
        "down":  { "uv": [ 0, 0, 2, 1.5 ], "texture": "#0" },
        "up":    { "uv": [ 0, 0, 2, 1.5 ], "texture": "#0" },
        "north": { "uv": [ 0, 0, 2, 1 ], "texture": "#0" },
        "south": { "uv": [ 0, 0, 2, 1 ], "texture": "#0" },
        "west":  { "uv": [ 0, 0, 1.5, 1 ], "texture": "#0" },
        "east":  { "uv": [ 0, 0, 1.5, 1 ], "texture": "#0" }
    }
},
{
    "from": [ 4, 0, 1 ],
    "to": [ 6, 13, 1.5 ],
    "faces": {
        "down":  { "uv": [ 0, 0, 2, 0.5 ], "texture": "#0" },
        "up":    { "uv": [ 0, 0, 2, 0.5 ], "texture": "#0" },
        "north": { "uv": [ 0, 0, 2, 13 ], "texture": "#0" },
        "south": { "uv": [ 0, 0, 2, 13 ], "texture": "#0" },
        "west":  { "uv": [ 0, 0, 0.5, 13 ], "texture": "#0" },
        "east":  { "uv": [ 0, 0, 0.5, 13 ], "texture": "#0" }
    }
},
{
    "from": [ 10, 0, 1.5 ],
    "to": [ 12, 1, 3 ],
    "faces": {
        "down":  { "uv": [ 0, 0, 2, 1.5 ], "texture": "#0" },
        "up":    { "uv": [ 0, 0, 2, 1.5 ], "texture": "#0" },
        "north": { "uv": [ 0, 0, 2, 1 ], "texture": "#0" },
        "south": { "uv": [ 0, 0, 2, 1 ], "texture": "#0" },
        "west":  { "uv": [ 0, 0, 1.5, 1 ], "texture": "#0" },
        "east":  { "uv": [ 0, 0, 1.5, 1 ], "texture": "#0" }
    }
},
{
    "from": [ 10, 0, 1 ],
    "to": [ 12, 13, 1.5 ],
    "faces": {
        "down":  { "uv": [ 0, 0, 2, 0.5 ], "texture": "#0" },
        "up":    { "uv": [ 0, 0, 2, 0.5 ], "texture": "#0" },
        "north": { "uv": [ 0, 0, 2, 13 ], "texture": "#0" },
        "south": { "uv": [ 0, 0, 2, 13 ], "texture": "#0" },
        "west":  { "uv": [ 0, 0, 0.5, 13 ], "texture": "#0" },
        "east":  { "uv": [ 0, 0, 0.5, 13 ], "texture": "#0" }
    }
},
{
    "from": [ 6, 11, 1 ],
    "to": [ 10, 13, 1.5 ],
    "faces": {
        "down":  { "uv": [ 0, 0, 4, 0.5 ], "texture": "#0" },
        "up":    { "uv": [ 0, 0, 4, 0.5 ], "texture": "#0" },
        "north": { "uv": [ 0, 0, 4, 2 ], "texture": "#0" },
        "south": { "uv": [ 0, 0, 4, 2 ], "texture": "#0" },
        "west":  { "uv": [ 0, 0, 0.5, 2 ], "texture": "#0" },
        "east":  { "uv": [ 0, 0, 0.5, 2 ], "texture": "#0" }
    }
},
{
    "from": [ 4, 12.5, 1.5 ],
    "to": [ 6, 13.5, 3 ],
    "faces": {
        "down":  { "uv": [ 0, 0, 2, 1.5 ], "texture": "#0" },
        "up":    { "uv": [ 0, 0, 2, 1.5 ], "texture": "#0" },
        "north": { "uv": [ 0, 0, 2, 1 ], "texture": "#0" },
        "south": { "uv": [ 0, 0, 2, 1 ], "texture": "#0" },
        "west":  { "uv": [ 0, 0, 1.5, 1 ], "texture": "#0" },
        "east":  { "uv": [ 0, 0, 1.5, 1 ], "texture": "#0" }
    }
},
{
    "from": [ 10, 12.5, 1.5 ],
    "to": [ 12, 13.5, 3 ],
    "faces": {
        "down":  { "uv": [ 0, 0, 2, 1.5 ], "texture": "#0" },
        "up":    { "uv": [ 0, 0, 2, 1.5 ], "texture": "#0" },
        "north": { "uv": [ 0, 0, 2, 1 ], "texture": "#0" },
        "south": { "uv": [ 0, 0, 2, 1 ], "texture": "#0" },
        "west":  { "uv": [ 0, 0, 1.5, 1 ], "texture": "#0" },
        "east":  { "uv": [ 0, 0, 1.5, 1 ], "texture": "#0" }
    }
},
{
    "from": [ 6.5, 14, 5 ],
    "to": [ 9.5, 14.2, 6.5 ],
    "faces": {
        "down":  { "uv": [ 0, 0, 3, 1.5 ], "texture": "#0" },
        "up":    { "uv": [ 0, 0, 3, 1.5 ], "texture": "#0" },
        "north": { "uv": [ 0, 0, 3, 0.20000000298023224 ], "texture": "#0" },
        "south": { "uv": [ 0, 0, 3, 0.20000000298023224 ], "texture": "#0" },
        "west":  { "uv": [ 0, 0, 1.5, 0.20000000298023224 ], "texture": "#0" },
        "east":  { "uv": [ 0, 0, 1.5, 0.20000000298023224 ], "texture": "#0" }
    }
},
{
    "from": [ 6.5, 15, 5 ],
    "to": [ 9.5, 15.2, 6.5 ],
    "faces": {
        "down":  { "uv": [ 0, 0, 3, 1.5 ], "texture": "#0" },
        "up":    { "uv": [ 0, 0, 3, 1.5 ], "texture": "#0" },
        "north": { "uv": [ 0, 0, 3, 0.20000000298023224 ], "texture": "#0" },
        "south": { "uv": [ 0, 0, 3, 0.20000000298023224 ], "texture": "#0" },
        "west":  { "uv": [ 0, 0, 1.5, 0.20000000298023224 ], "texture": "#0" },
        "east":  { "uv": [ 0, 0, 1.5, 0.20000000298023224 ], "texture": "#0" }
    }
},
{
    "from": [ 6.5, 14.2, 5 ],
    "to": [ 6.7, 15, 6.5 ],
    "faces": {
        "down":  { "uv": [ 0, 0, 0.2, 1.5 ], "texture": "#0" },
        "up":    { "uv": [ 0, 0, 0.20000000298023224, 1.5 ], "texture": "#0" },
        "north": { "uv": [ 0, 0, 0.20000000298023224, 0.80000001192092896 ], "texture": "#0" },
        "south": { "uv": [ 0, 0, 0.20000000298023224, 0.80000001192092896 ], "texture": "#0" },
        "west":  { "uv": [ 0, 0, 1.5, 0.80000001192092896 ], "texture": "#0" },
        "east":  { "uv": [ 0, 0, 1.5, 0.80000001192092896 ], "texture": "#0" }
    }
},
{
    "from": [ 9.3, 14.2, 5 ],
    "to": [ 9.5, 15, 6.5 ],
    "faces": {
        "down":  { "uv": [ 0, 0, 0.2, 1.5 ], "texture": "#0" },
        "up":    { "uv": [ 0, 0, 0.20000000298023224, 1.5 ], "texture": "#0" },
        "north": { "uv": [ 0, 0, 0.20000000298023224, 0.80000001192092896 ], "texture": "#0" },
        "south": { "uv": [ 0, 0, 0.20000000298023224, 0.80000001192092896 ], "texture": "#0" },
        "west":  { "uv": [ 0, 0, 1.5, 0.80000001192092896 ], "texture": "#0" },
        "east":  { "uv": [ 0, 0, 1.5, 0.80000001192092896 ], "texture": "#0" }
    }
}
],
"display": {
    "thirdperson_righthand": {
        "rotation": [ 68, 159, -4 ],
        "translation": [ 1.51, -1.7, -3.97 ],
        "scale": [ 0.7, 0.7, 0.7 ]
    },
    "thirdperson_lefthand": {
        "rotation": [ 68, 159, -4 ],
        "translation": [ 1.51, -1.7, -3.97 ],
        "scale": [ 0.7, 0.7, 0.7 ]
    },
    "head": {
        "rotation": [ 0, 180, 0 ],
        "translation": [ 0, -30.5, 0 ],
        "scale": [ 1.6, 1.6, 1.6 ]
    },
    "ground": {
        "rotation": [ 0, 0, 0 ],
        "translation": [ 0, 2, 0 ],
        "scale": [ 0.5, 0.5, 0.5 ]
    },
    "fixed": {
        "rotation": [ 0, 180, 0 ],
        "translation": [ 0, 2.65, -3.4 ],
        "scale": [ 1, 1, 1 ]
    },
    "firstperson_righthand": {
        "rotation": [ -21, 84, 0 ],
        "translation": [ 0, 1.7, 1.32 ],
        "scale": [ 0.5, 0.5, 0.5 ]
    },
    "firstperson_lefthand": {
        "rotation": [ -21, 84, 0 ],
        "translation": [ 0, 1.7, 1.32 ],
        "scale": [ 0.5, 0.5, 0.5 ]
    },
    "gui": {
        "rotation": [ 35, 45, 0 ],
        "translation": [ 2, 0, 0 ],
        "scale": [ 1.0, 1.0, 1.0 ]
    }
}
}