{
"__comment": "Designed by Rottennugget",
"textures": {
    "texture": "blocks/quartz_block_bottom",
    "particle": "blocks/quartz_block_bottom",
    "blue": "blocks/wool_colored_silver",
    "green": "blocks/planks_birch"
},
"elements": [ 
{
    "from": [ 5.5, 0, 4.5 ],
    "to": [ 10.5, 0.5, 11.5 ],
    "faces": {
        "down":  { "uv": [ 10.5, 11.5, 5.5, 4.5 ], "texture": "#green" },
        "up":    { "uv": [ 5.5, 4.5, 10.5, 11.5 ], "texture": "#green" },
        "north": { "uv": [ 5.5, 15.5, 10.5, 16 ], "texture": "#green" },
        "south": { "uv": [ 5.5, 15.5, 10.5, 16 ], "texture": "#green" },
        "west":  { "uv": [ 4.5, 15.5, 11.5, 16 ], "texture": "#green" },
        "east":  { "uv": [ 4.5, 15.5, 11.5, 16 ], "texture": "#green" }
    }
},
{
    "from": [ 4.5, 0, 5.5 ],
    "to": [ 11.5, 0.5, 10.5 ],
    "faces": {
        "down":  { "uv": [ 11.5, 10.5, 4.5, 5.5 ], "texture": "#green" },
        "up":    { "uv": [ 4.5, 5.5, 11.5, 10.5 ], "texture": "#green" },
        "north": { "uv": [ 4.5, 15.5, 11.5, 16 ], "texture": "#green" },
        "south": { "uv": [ 4.5, 15.5, 11.5, 16 ], "texture": "#green" },
        "west":  { "uv": [ 5.5, 15.5, 10.5, 16 ], "texture": "#green" },
        "east":  { "uv": [ 5.5, 15.5, 10.5, 16 ], "texture": "#green" }
    }
},
{
    "from": [ 5, 0, 5 ],
    "to": [ 11, 0.5, 11 ],
    "faces": {
        "down":  { "uv": [ 11, 11, 5, 5 ], "texture": "#green" },
        "up":    { "uv": [ 5, 5, 11, 11 ], "texture": "#green" },
        "north": { "uv": [ 5, 15.5, 11, 16 ], "texture": "#green" },
        "south": { "uv": [ 5, 15.5, 11, 16 ], "texture": "#green" },
        "west":  { "uv": [ 5, 15.5, 11, 16 ], "texture": "#green" },
        "east":  { "uv": [ 5, 15.5, 11, 16 ], "texture": "#green" }
    }
},
{
    "from": [ 6.5, 0.5, 6 ],
    "to": [ 9.5, 1, 10 ],
    "faces": {
        "down":  { "uv": [ 9.5, 10, 6.5, 6 ], "texture": "#green" },
        "up":    { "uv": [ 6.5, 6, 9.5, 10 ], "texture": "#green" },
        "north": { "uv": [ 6.5, 15, 9.5, 15.5 ], "texture": "#green" },
        "south": { "uv": [ 6.5, 15, 9.5, 15.5 ], "texture": "#green" },
        "west":  { "uv": [ 6, 15, 10, 15.5 ], "texture": "#green" },
        "east":  { "uv": [ 6, 15, 10, 15.5 ], "texture": "#green" }
    }
},
{
    "from": [ 6, 0.5, 6.5 ],
    "to": [ 10, 1, 9.5 ],
    "faces": {
        "down":  { "uv": [ 10, 9.5, 6, 6.5 ], "texture": "#green" },
        "up":    { "uv": [ 6, 6.5, 10, 9.5 ], "texture": "#green" },
        "north": { "uv": [ 6, 15, 10, 15.5 ], "texture": "#green" },
        "south": { "uv": [ 6, 15, 10, 15.5 ], "texture": "#green" },
        "west":  { "uv": [ 6.5, 15, 9.5, 15.5 ], "texture": "#green" },
        "east":  { "uv": [ 6.5, 15, 9.5, 15.5 ], "texture": "#green" }
    }
},
{
    "from": [ 7.5, 1, 7.5 ],
    "to": [ 8.5, 14, 8.5 ],
    "faces": {
        "down":  { "uv": [ 8.5, 8.5, 7.5, 7.5 ], "texture": "#texture" },
        "up":    { "uv": [ 7.5, 7.5, 8.5, 8.5 ], "texture": "#texture" },
        "north": { "uv": [ 7.5, 2, 8.5, 15 ], "texture": "#texture" },
        "south": { "uv": [ 7.5, 2, 8.5, 15 ], "texture": "#texture" },
        "west":  { "uv": [ 7.5, 2, 8.5, 15 ], "texture": "#texture" },
        "east":  { "uv": [ 7.5, 2, 8.5, 15 ], "texture": "#texture" }
    }
},
{
    "from": [ 4.5, 9, 4 ],
    "to": [ 11.5, 16, 4.5 ],
    "faces": {
        "down":  { "uv": [ 11.5, 4.5, 4.5, 4 ], "texture": "#blue" },
        "up":    { "uv": [ 4.5, 4, 11.5, 4.5 ], "texture": "#blue" },
        "north": { "uv": [ 4.5, 0, 11.5, 7 ], "texture": "#blue" },
        "south": { "uv": [ 4.5, 0, 11.5, 7 ], "texture": "#blue" },
        "west":  { "uv": [ 4, 0, 4.5, 7 ], "texture": "#blue" },
        "east":  { "uv": [ 11.5, 0, 12, 7 ], "texture": "#blue" }
    }
},
{
    "from": [ 4.5, 9, 11.5 ],
    "to": [ 11.5, 16, 12 ],
    "faces": {
        "down":  { "uv": [ 11.5, 12, 4.5, 11.5 ], "texture": "#blue" },
        "up":    { "uv": [ 4.5, 11.5, 11.5, 12 ], "texture": "#blue" },
        "north": { "uv": [ 4.5, 0, 11.5, 7 ], "texture": "#blue" },
        "south": { "uv": [ 4.5, 0, 11.5, 7 ], "texture": "#blue" },
        "west":  { "uv": [ 11.5, 0, 12, 7 ], "texture": "#blue" },
        "east":  { "uv": [ 4, 0, 4.5, 7 ], "texture": "#blue" }
    }
},
{
    "from": [ 11.5, 9, 4.5 ],
    "to": [ 12, 16, 11.5 ],
    "faces": {
        "down":  { "uv": [ 4.5, 11.5, 4, 4.5 ], "texture": "#blue" },
        "up":    { "uv": [ 11.5, 4.5, 12, 11.5 ], "texture": "#blue" },
        "north": { "uv": [ 4, 0, 4.5, 7 ], "texture": "#blue" },
        "south": { "uv": [ 11.5, 0, 12, 7 ], "texture": "#blue" },
        "west":  { "uv": [ 4.5, 0, 11.5, 7 ], "texture": "#blue" },
        "east":  { "uv": [ 4.5, 0, 11.5, 7 ], "texture": "#blue" }
    }
},
{
    "from": [ 4, 9, 4.5 ],
    "to": [ 4.5, 16, 11.5 ],
    "faces": {
        "down":  { "uv": [ 12, 11.5, 11.5, 4.5 ], "texture": "#blue" },
        "up":    { "uv": [ 4, 4.5, 4.5, 11.5 ], "texture": "#blue" },
        "north": { "uv": [ 11.5, 0, 12, 7 ], "texture": "#blue" },
        "south": { "uv": [ 4, 0, 4.5, 7 ], "texture": "#blue" },
        "west":  { "uv": [ 4.5, 0, 11.5, 7 ], "texture": "#blue" },
        "east":  { "uv": [ 4.5, 0, 11.5, 7 ], "texture": "#blue" }
    }
},
{
    "from": [ 4.875, 13, 4.5 ],
    "to": [ 14.375, 13.5, 5 ],
    "rotation": { "origin": [ 4.875, 13, 4.5 ], "axis": "y", "angle": -45 },
    "faces": {
        "down":  { "uv": [ 16, 4.5, 10, 4 ], "texture": "#texture" },
        "up":    { "uv": [ 0, 4, 6, 4.5 ], "texture": "#texture" },
        "north": { "uv": [ 10, 0, 16, 1 ], "texture": "#texture" },
        "south": { "uv": [ 0, 0, 6, 1 ], "texture": "#texture" },
        "west":  { "uv": [ 4, 0, 4.5, 1 ], "texture": "#texture" },
        "east":  { "uv": [ 11.5, 0, 12, 1 ], "texture": "#texture" }
    }
},
{
    "from": [ 4.5, 13, 11.125 ],
    "to": [ 14, 13.5, 11.625 ],
    "rotation": { "origin": [ 4.5, 13, 11.125 ], "axis": "y", "angle": 45 },
    "faces": {
        "down":  { "uv": [ 16, 4.5, 10, 4 ], "texture": "#texture" },
        "up":    { "uv": [ 0, 4, 6, 4.5 ], "texture": "#texture" },
        "north": { "uv": [ 10, 0, 16, 1 ], "texture": "#texture" },
        "south": { "uv": [ 0, 0, 6, 1 ], "texture": "#texture" },
        "west":  { "uv": [ 4, 0, 4.5, 1 ], "texture": "#texture" },
        "east":  { "uv": [ 11.5, 0, 12, 1 ], "texture": "#texture" }
    }
}
],
"display": {
    "thirdperson_righthand": {
        "rotation": [ 0, 0, 0 ],
        "translation": [ 0, 0, 0 ],
        "scale": [ 1, 1, 1 ]
    },
    "thirdperson_lefthand": {
        "rotation": [ 0, 0, 0 ],
        "translation": [ 0, 0, 0 ],
        "scale": [ 1, 1, 1 ]
    },
    "head": {
        "rotation": [ 0, 0, 0 ],
        "translation": [ 0, -30, 0 ],
        "scale": [ 1.6, 1.6, 1.6 ]
    },
    "ground": {
        "rotation": [ 0, 0, 0 ],
        "translation": [ 0, 6.8, 0 ],
        "scale": [ 1, 1, 1 ]
    },
    "fixed": {
        "rotation": [ 0, 0, 0 ],
        "translation": [ 0, 0, 0 ],
        "scale": [ 1, 1, 1 ]
    },
    "firstperson_righthand": {
        "rotation": [ 0, 0, 0 ],
        "translation": [ 0, 3.4, 0 ],
        "scale": [ 0.5, 0.5, 0.5 ]
    },
    "firstperson_lefthand": {
        "rotation": [ 0, 0, 0 ],
        "translation": [ 0, 3.4, 0 ],
        "scale": [ 0.5, 0.5, 0.5 ]
    },
    "gui": {
        "rotation": [ 0, 0, 0 ],
        "translation": [ 0, 0, 0 ],
        "scale": [ 1, 1, 1 ]
    }
}
}