{
"__comment": "Designed by Tomshalev01",
"textures": {
    "particle": "blocks/iron_block",
    "0": "blocks/furniture/bar02",
    "Dark Iron": "blocks/dark_iron_block",
    "Iron Texture": "blocks/iron_block"
},
"elements": [ 
{
    "from": [ 0, 0, 0 ],
    "to": [ 16, 0.2, 16 ],
    "faces": {
        "down":  { "uv": [ 0, 0, 16, 16 ], "texture": "#0" },
        "up":    { "uv": [ 0, 0, 16, 16 ], "texture": "#0" },
        "north": { "uv": [ 0, 15.75, 16, 15.9375 ], "texture": "#0" },
        "south": { "uv": [ 0, 15.75, 16, 15.9375 ], "texture": "#0" },
        "west":  { "uv": [ 0, 15.75, 16, 15.9375 ], "texture": "#0" },
        "east":  { "uv": [ 0, 15.75, 16, 15.9375 ], "texture": "#0" }
    }
},
{
    "from": [ 0, 1.8, 0 ],
    "to": [ 16, 2, 16 ],
    "faces": {
        "down":  { "uv": [ 0, 0, 16, 16 ], "texture": "#0" },
        "up":    { "uv": [ 0, 0, 16, 16 ], "texture": "#0" },
        "north": { "uv": [ 0, 14, 16, 14.1875 ], "texture": "#0" },
        "south": { "uv": [ 0, 14, 16, 14.1875 ], "texture": "#0" },
        "west":  { "uv": [ 0, 14, 16, 14.1875 ], "texture": "#0" },
        "east":  { "uv": [ 0, 14, 16, 14.1875 ], "texture": "#0" }
    }
},
{
    "from": [ 0, 0.2, 0.25 ],
    "to": [ 2.125, 1.8, 15.8125 ],
    "faces": {
        "down":  { "uv": [ 0, 0, 2, 16 ], "texture": "#0" },
        "up":    { "uv": [ 0, 0, 2, 16 ], "texture": "#0" },
        "north": { "uv": [ 0, 14.1875, 2, 15.75 ], "texture": "#0" },
        "south": { "uv": [ 0, 14.1875, 2, 15.75 ], "texture": "#0" },
        "west":  { "uv": [ 0, 14.1875, 16, 15.75 ], "texture": "#0" },
        "east":  { "uv": [ 0, 14.1875, 16, 15.75 ], "texture": "#0" }
    }
},
{
    "from": [ 14, 0.15, 0.1875 ],
    "to": [ 16, 1.75, 15.8125 ],
    "faces": {
        "down":  { "uv": [ 14, 0, 16, 16 ], "texture": "#0" },
        "up":    { "uv": [ 14, 0, 16, 16 ], "texture": "#0" },
        "north": { "uv": [ 14, 14.1875, 16, 15.75 ], "texture": "#0" },
        "south": { "uv": [ 14, 14.1875, 16, 15.75 ], "texture": "#0" },
        "west":  { "uv": [ 0, 14.1875, 16, 15.75 ], "texture": "#0" },
        "east":  { "uv": [ 0, 14.1875, 16, 15.75 ], "texture": "#0" }
    }
},
{
    "from": [ 2.5, 0.2, 14 ],
    "to": [ 14.2, 1.5, 15 ],
    "faces": {
        "down":  { "uv": [ 2.1875, 14, 13.875, 15 ], "texture": "#0" },
        "up":    { "uv": [ 2.1875, 14, 13.875, 15 ], "texture": "#0" },
        "north": { "uv": [ 2.1875, 14.3125, 13.875, 15.5625 ], "texture": "#0" },
        "south": { "uv": [ 2.1875, 14.3125, 13.875, 15.5625 ], "texture": "#0" },
        "west":  { "uv": [ 14, 14.3125, 15, 15.5625 ], "texture": "#0" },
        "east":  { "uv": [ 14, 14.3125, 15, 15.5625 ], "texture": "#0" }
    }
},
{
    "from": [ 0, 0, 0 ],
    "to": [ 16, 2, 14 ],
    "faces": {
        "north": { "uv": [ 0, 14, 16, 16 ], "texture": "#0" },
        "south": { "uv": [ 0, 14, 16, 16 ], "texture": "#0" }
    }
},
{
    "from": [ 2, 2, 0 ],
    "to": [ 14, 2.4, 12 ],
    "faces": {
        "up":    { "uv": [ 10, 0, 11, 1 ], "texture": "#0" },
        "north": { "uv": [ 10.010000228881836, 0.0099999997764825821, 10.989999771118164, 0.99000000953674316 ], "texture": "#0" },
        "south": { "uv": [ 10.010000228881836, 0.0099999997764825821, 10.989999771118164, 0.99000000953674316 ], "texture": "#0" },
        "west":  { "uv": [ 10.010000228881836, 0.0099999997764825821, 10.989999771118164, 0.99000000953674316 ], "texture": "#0" },
        "east":  { "uv": [ 10.010000228881836, 0.0099999997764825821, 10.989999771118164, 0.99000000953674316 ], "texture": "#0" }
    }
},
{
    "from": [ 2, 2.4, 0 ],
    "to": [ 14, 4.8, 12 ],
    "faces": {
        "up":    { "uv": [ 2, 0, 14, 12 ], "texture": "#Dark Iron" },
        "north": { "uv": [ 2, 11.1875, 14, 13.5625 ], "texture": "#Dark Iron" },
        "south": { "uv": [ 2, 11.1875, 14, 13.5625 ], "texture": "#Dark Iron" },
        "west":  { "uv": [ 0, 11.1875, 12, 13.5625 ], "texture": "#Dark Iron" },
        "east":  { "uv": [ 0, 11.1875, 12, 13.5625 ], "texture": "#Dark Iron" }
    }
},
{
    "from": [ 2, 4.6875, 0 ],
    "to": [ 14, 7, 3.125 ],
    "faces": {
        "up":    { "uv": [ 2, 0, 14, 3 ], "texture": "#Dark Iron" },
        "north": { "uv": [ 2, 9, 14, 12.375 ], "texture": "#Dark Iron" },
        "south": { "uv": [ 2, 9, 14, 12.375 ], "texture": "#Dark Iron" },
        "west":  { "uv": [ 0, 9, 3, 12.375 ], "texture": "#Dark Iron" },
        "east":  { "uv": [ 0, 9, 3, 12.375 ], "texture": "#Dark Iron" }
    }
},
{
    "from": [ 8, 5.2, 3 ],
    "to": [ 13, 6.7, 3.1 ],
    "faces": {
        "up":    { "uv": [ 10, 0, 11, 1 ], "texture": "#0" },
        "north": { "uv": [ 10.010000228881836, 0.0099999997764825821, 10.989999771118164, 0.99000000953674316 ], "texture": "#0" },
        "south": { "uv": [ 10.010000228881836, 0.0099999997764825821, 10.989999771118164, 0.99000000953674316 ], "texture": "#0" },
        "west":  { "uv": [ 10.010000228881836, 0.0099999997764825821, 10.989999771118164, 0.99000000953674316 ], "texture": "#0" },
        "east":  { "uv": [ 10.010000228881836, 0.0099999997764825821, 10.989999771118164, 0.99000000953674316 ], "texture": "#0" }
    }
},
{
    "from": [ 8.1, 5.3, 3.1 ],
    "to": [ 12.9, 6.6, 3.2 ],
    "faces": {
        "up":    { "uv": [ 4, 0, 5, 1 ], "texture": "#0" },
        "north": { "uv": [ 4, 0, 5, 1 ], "texture": "#0" },
        "south": { "uv": [ 4, 0, 5, 1 ], "texture": "#0" },
        "west":  { "uv": [ 4, 0, 5, 1 ], "texture": "#0" },
        "east":  { "uv": [ 4, 0, 5, 1 ], "texture": "#0" }
    }
},
{
    "from": [ 8, 8.5, 1.5 ],
    "to": [ 12, 10, 1.6 ],
    "faces": {
        "up":    { "uv": [ 10, 0, 11, 1 ], "texture": "#0" },
        "north": { "uv": [ 10.010000228881836, 0.0099999997764825821, 10.989999771118164, 0.99000000953674316 ], "texture": "#0" },
        "south": { "uv": [ 10.010000228881836, 0.0099999997764825821, 10.989999771118164, 0.99000000953674316 ], "texture": "#0" },
        "west":  { "uv": [ 10.010000228881836, 0.0099999997764825821, 10.989999771118164, 0.99000000953674316 ], "texture": "#0" },
        "east":  { "uv": [ 10.010000228881836, 0.0099999997764825821, 10.989999771118164, 0.99000000953674316 ], "texture": "#0" }
    }
},
{
    "from": [ 8.1, 8.6, 1.6 ],
    "to": [ 11.9, 9.9, 1.7 ],
    "faces": {
        "up":    { "uv": [ 3, 0, 4, 1 ], "texture": "#0" },
        "north": { "uv": [ 3, 0, 4, 1 ], "texture": "#0" },
        "south": { "uv": [ 3, 0, 4, 1 ], "texture": "#0" },
        "west":  { "uv": [ 3, 0, 4, 1 ], "texture": "#0" },
        "east":  { "uv": [ 3, 0, 4, 1 ], "texture": "#0" }
    }
},
{
    "from": [ 9.7, 6.5, 1.5 ],
    "to": [ 10.2, 8.5, 1.6 ],
    "faces": {
        "up":    { "uv": [ 10, 0, 11, 1 ], "texture": "#0" },
        "north": { "uv": [ 10.010000228881836, 0.0099999997764825821, 10.989999771118164, 0.99000000953674316 ], "texture": "#0" },
        "south": { "uv": [ 10.010000228881836, 0.0099999997764825821, 10.989999771118164, 0.99000000953674316 ], "texture": "#0" },
        "west":  { "uv": [ 10.010000228881836, 0.0099999997764825821, 10.989999771118164, 0.99000000953674316 ], "texture": "#0" },
        "east":  { "uv": [ 10.010000228881836, 0.0099999997764825821, 10.989999771118164, 0.99000000953674316 ], "texture": "#0" }
    }
},
{
    "from": [ 6, 4.8, 9 ],
    "to": [ 7, 5, 10 ],
    "faces": {
        "up":    { "uv": [ 12, 1, 13, 2 ], "texture": "#0" },
        "north": { "uv": [ 12.010000228881836, 0.0099999997764825821, 12.989999771118164, 0.99000000953674316 ], "texture": "#0" },
        "south": { "uv": [ 12.010000228881836, 0.0099999997764825821, 12.989999771118164, 0.99000000953674316 ], "texture": "#0" },
        "west":  { "uv": [ 12.010000228881836, 0.0099999997764825821, 12.989999771118164, 0.99000000953674316 ], "texture": "#0" },
        "east":  { "uv": [ 12.010000228881836, 0.0099999997764825821, 12.989999771118164, 0.99000000953674316 ], "texture": "#0" }
    }
},
{
    "from": [ 6, 4.8, 7.9 ],
    "to": [ 7, 5, 8.9 ],
    "faces": {
        "up":    { "uv": [ 12, 1, 13, 2 ], "texture": "#0" },
        "north": { "uv": [ 12.010000228881836, 0.0099999997764825821, 12.989999771118164, 0.99000000953674316 ], "texture": "#0" },
        "south": { "uv": [ 12.010000228881836, 0.0099999997764825821, 12.989999771118164, 0.99000000953674316 ], "texture": "#0" },
        "west":  { "uv": [ 12.010000228881836, 0.0099999997764825821, 12.989999771118164, 0.99000000953674316 ], "texture": "#0" },
        "east":  { "uv": [ 12.010000228881836, 0.0099999997764825821, 12.989999771118164, 0.99000000953674316 ], "texture": "#0" }
    }
},
{
    "from": [ 6, 4.8, 6.8 ],
    "to": [ 7, 5, 7.8 ],
    "faces": {
        "up":    { "uv": [ 12, 1, 13, 2 ], "texture": "#0" },
        "north": { "uv": [ 12.010000228881836, 0.0099999997764825821, 12.989999771118164, 0.99000000953674316 ], "texture": "#0" },
        "south": { "uv": [ 12.010000228881836, 0.0099999997764825821, 12.989999771118164, 0.99000000953674316 ], "texture": "#0" },
        "west":  { "uv": [ 12.010000228881836, 0.0099999997764825821, 12.989999771118164, 0.99000000953674316 ], "texture": "#0" },
        "east":  { "uv": [ 12.010000228881836, 0.0099999997764825821, 12.989999771118164, 0.99000000953674316 ], "texture": "#0" }
    }
},
{
    "from": [ 6, 4.8, 5.7 ],
    "to": [ 7, 5.1, 6.7 ],
    "faces": {
        "up":    { "uv": [ 12, 1, 13, 2 ], "texture": "#0" },
        "north": { "uv": [ 12.010000228881836, 0.0099999997764825821, 12.989999771118164, 0.99000000953674316 ], "texture": "#0" },
        "south": { "uv": [ 12.010000228881836, 0.0099999997764825821, 12.989999771118164, 0.99000000953674316 ], "texture": "#0" },
        "west":  { "uv": [ 12.010000228881836, 0.0099999997764825821, 12.989999771118164, 0.99000000953674316 ], "texture": "#0" },
        "east":  { "uv": [ 12.010000228881836, 0.0099999997764825821, 12.989999771118164, 0.99000000953674316 ], "texture": "#0" }
    }
},
{
    "from": [ 7.3, 4.8, 9 ],
    "to": [ 8.3, 5.1, 10 ],
    "faces": {
        "up":    { "uv": [ 14, 0, 15, 1 ], "texture": "#0" },
        "north": { "uv": [ 12.010000228881836, 0.0099999997764825821, 12.989999771118164, 0.99000000953674316 ], "texture": "#0" },
        "south": { "uv": [ 12.010000228881836, 0.0099999997764825821, 12.989999771118164, 0.99000000953674316 ], "texture": "#0" },
        "west":  { "uv": [ 12.010000228881836, 0.0099999997764825821, 12.989999771118164, 0.99000000953674316 ], "texture": "#0" },
        "east":  { "uv": [ 12.010000228881836, 0.0099999997764825821, 12.989999771118164, 0.99000000953674316 ], "texture": "#0" }
    }
},
{
    "from": [ 7.3, 4.8, 7.9 ],
    "to": [ 8.3, 5.1, 8.9 ],
    "faces": {
        "up":    { "uv": [ 14, 0, 15, 1 ], "texture": "#0" },
        "north": { "uv": [ 12.010000228881836, 0.0099999997764825821, 12.989999771118164, 0.99000000953674316 ], "texture": "#0" },
        "south": { "uv": [ 12.010000228881836, 0.0099999997764825821, 12.989999771118164, 0.99000000953674316 ], "texture": "#0" },
        "west":  { "uv": [ 12.010000228881836, 0.0099999997764825821, 12.989999771118164, 0.99000000953674316 ], "texture": "#0" },
        "east":  { "uv": [ 12.010000228881836, 0.0099999997764825821, 12.989999771118164, 0.99000000953674316 ], "texture": "#0" }
    }
},
{
    "from": [ 7.3, 4.8, 6.8 ],
    "to": [ 8.3, 5.1, 7.8 ],
    "faces": {
        "up":    { "uv": [ 14, 0, 15, 1 ], "texture": "#0" },
        "north": { "uv": [ 12.010000228881836, 0.0099999997764825821, 12.989999771118164, 0.99000000953674316 ], "texture": "#0" },
        "south": { "uv": [ 12.010000228881836, 0.0099999997764825821, 12.989999771118164, 0.99000000953674316 ], "texture": "#0" },
        "west":  { "uv": [ 12.010000228881836, 0.0099999997764825821, 12.989999771118164, 0.99000000953674316 ], "texture": "#0" },
        "east":  { "uv": [ 12.010000228881836, 0.0099999997764825821, 12.989999771118164, 0.99000000953674316 ], "texture": "#0" }
    }
},
{
    "from": [ 7.3, 4.8, 5.7 ],
    "to": [ 8.3, 5.1, 6.7 ],
    "faces": {
        "up":    { "uv": [ 14, 0, 15, 1 ], "texture": "#0" },
        "north": { "uv": [ 12.010000228881836, 0.0099999997764825821, 12.989999771118164, 0.99000000953674316 ], "texture": "#0" },
        "south": { "uv": [ 12.010000228881836, 0.0099999997764825821, 12.989999771118164, 0.99000000953674316 ], "texture": "#0" },
        "west":  { "uv": [ 12.010000228881836, 0.0099999997764825821, 12.989999771118164, 0.99000000953674316 ], "texture": "#0" },
        "east":  { "uv": [ 12.010000228881836, 0.0099999997764825821, 12.989999771118164, 0.99000000953674316 ], "texture": "#0" }
    }
},
{
    "from": [ 8.4, 4.8, 5.7 ],
    "to": [ 9.4, 5.1, 6.7 ],
    "faces": {
        "up":    { "uv": [ 14, 0, 15, 1 ], "texture": "#0" },
        "north": { "uv": [ 12.010000228881836, 0.0099999997764825821, 12.989999771118164, 0.99000000953674316 ], "texture": "#0" },
        "south": { "uv": [ 12.010000228881836, 0.0099999997764825821, 12.989999771118164, 0.99000000953674316 ], "texture": "#0" },
        "west":  { "uv": [ 12.010000228881836, 0.0099999997764825821, 12.989999771118164, 0.99000000953674316 ], "texture": "#0" },
        "east":  { "uv": [ 12.010000228881836, 0.0099999997764825821, 12.989999771118164, 0.99000000953674316 ], "texture": "#0" }
    }
},
{
    "from": [ 8.4, 4.8, 6.8 ],
    "to": [ 9.4, 5.1, 7.8 ],
    "faces": {
        "up":    { "uv": [ 14, 0, 15, 1 ], "texture": "#0" },
        "north": { "uv": [ 12.010000228881836, 0.0099999997764825821, 12.989999771118164, 0.99000000953674316 ], "texture": "#0" },
        "south": { "uv": [ 12.010000228881836, 0.0099999997764825821, 12.989999771118164, 0.99000000953674316 ], "texture": "#0" },
        "west":  { "uv": [ 12.010000228881836, 0.0099999997764825821, 12.989999771118164, 0.99000000953674316 ], "texture": "#0" },
        "east":  { "uv": [ 12.010000228881836, 0.0099999997764825821, 12.989999771118164, 0.99000000953674316 ], "texture": "#0" }
    }
},
{
    "from": [ 8.4, 4.8, 7.9 ],
    "to": [ 9.4, 5.1, 8.9 ],
    "faces": {
        "up":    { "uv": [ 14, 0, 15, 1 ], "texture": "#0" },
        "north": { "uv": [ 12.010000228881836, 0.0099999997764825821, 12.989999771118164, 0.99000000953674316 ], "texture": "#0" },
        "south": { "uv": [ 12.010000228881836, 0.0099999997764825821, 12.989999771118164, 0.99000000953674316 ], "texture": "#0" },
        "west":  { "uv": [ 12.010000228881836, 0.0099999997764825821, 12.989999771118164, 0.99000000953674316 ], "texture": "#0" },
        "east":  { "uv": [ 12.010000228881836, 0.0099999997764825821, 12.989999771118164, 0.99000000953674316 ], "texture": "#0" }
    }
},
{
    "from": [ 8.4, 4.8, 9 ],
    "to": [ 9.4, 5.1, 10 ],
    "faces": {
        "up":    { "uv": [ 14, 0, 15, 1 ], "texture": "#0" },
        "north": { "uv": [ 12.010000228881836, 0.0099999997764825821, 12.989999771118164, 0.99000000953674316 ], "texture": "#0" },
        "south": { "uv": [ 12.010000228881836, 0.0099999997764825821, 12.989999771118164, 0.99000000953674316 ], "texture": "#0" },
        "west":  { "uv": [ 12.010000228881836, 0.0099999997764825821, 12.989999771118164, 0.99000000953674316 ], "texture": "#0" },
        "east":  { "uv": [ 12.010000228881836, 0.0099999997764825821, 12.989999771118164, 0.99000000953674316 ], "texture": "#0" }
    }
},
{
    "from": [ 9.5, 4.8, 9 ],
    "to": [ 10.5, 5.1, 10 ],
    "faces": {
        "up":    { "uv": [ 14, 0, 15, 1 ], "texture": "#0" },
        "north": { "uv": [ 12.010000228881836, 0.0099999997764825821, 12.989999771118164, 0.99000000953674316 ], "texture": "#0" },
        "south": { "uv": [ 12.010000228881836, 0.0099999997764825821, 12.989999771118164, 0.99000000953674316 ], "texture": "#0" },
        "west":  { "uv": [ 12.010000228881836, 0.0099999997764825821, 12.989999771118164, 0.99000000953674316 ], "texture": "#0" },
        "east":  { "uv": [ 12.010000228881836, 0.0099999997764825821, 12.989999771118164, 0.99000000953674316 ], "texture": "#0" }
    }
},
{
    "from": [ 9.5, 4.8, 7.9 ],
    "to": [ 10.5, 5.1, 8.9 ],
    "faces": {
        "up":    { "uv": [ 14, 0, 15, 1 ], "texture": "#0" },
        "north": { "uv": [ 12.010000228881836, 0.0099999997764825821, 12.989999771118164, 0.99000000953674316 ], "texture": "#0" },
        "south": { "uv": [ 12.010000228881836, 0.0099999997764825821, 12.989999771118164, 0.99000000953674316 ], "texture": "#0" },
        "west":  { "uv": [ 12.010000228881836, 0.0099999997764825821, 12.989999771118164, 0.99000000953674316 ], "texture": "#0" },
        "east":  { "uv": [ 12.010000228881836, 0.0099999997764825821, 12.989999771118164, 0.99000000953674316 ], "texture": "#0" }
    }
},
{
    "from": [ 9.5, 4.8, 6.8 ],
    "to": [ 10.5, 5.1, 7.8 ],
    "faces": {
        "up":    { "uv": [ 14, 0, 15, 1 ], "texture": "#0" },
        "north": { "uv": [ 12.010000228881836, 0.0099999997764825821, 12.989999771118164, 0.99000000953674316 ], "texture": "#0" },
        "south": { "uv": [ 12.010000228881836, 0.0099999997764825821, 12.989999771118164, 0.99000000953674316 ], "texture": "#0" },
        "west":  { "uv": [ 12.010000228881836, 0.0099999997764825821, 12.989999771118164, 0.99000000953674316 ], "texture": "#0" },
        "east":  { "uv": [ 12.010000228881836, 0.0099999997764825821, 12.989999771118164, 0.99000000953674316 ], "texture": "#0" }
    }
},
{
    "from": [ 9.5, 4.8, 5.7 ],
    "to": [ 10.5, 5.1, 6.7 ],
    "faces": {
        "up":    { "uv": [ 14, 0, 15, 1 ], "texture": "#0" },
        "north": { "uv": [ 12.010000228881836, 0.0099999997764825821, 12.989999771118164, 0.99000000953674316 ], "texture": "#0" },
        "south": { "uv": [ 12.010000228881836, 0.0099999997764825821, 12.989999771118164, 0.99000000953674316 ], "texture": "#0" },
        "west":  { "uv": [ 12.010000228881836, 0.0099999997764825821, 12.989999771118164, 0.99000000953674316 ], "texture": "#0" },
        "east":  { "uv": [ 12.010000228881836, 0.0099999997764825821, 12.989999771118164, 0.99000000953674316 ], "texture": "#0" }
    }
},
{
    "from": [ 8.4, 4.8, 4.5 ],
    "to": [ 10.5, 5.1, 5.5 ],
    "faces": {
        "up":    { "uv": [ 14, 6, 15, 7 ], "texture": "#0" },
        "north": { "uv": [ 12.010000228881836, 0.0099999997764825821, 12.989999771118164, 0.99000000953674316 ], "texture": "#0" },
        "south": { "uv": [ 12.010000228881836, 0.0099999997764825821, 12.989999771118164, 0.99000000953674316 ], "texture": "#0" },
        "west":  { "uv": [ 12.010000228881836, 0.0099999997764825821, 12.989999771118164, 0.99000000953674316 ], "texture": "#0" },
        "east":  { "uv": [ 12.010000228881836, 0.0099999997764825821, 12.989999771118164, 0.99000000953674316 ], "texture": "#0" }
    }
},
{
    "from": [ 10.6, 4.8, 8.5 ],
    "to": [ 12.7, 5, 9.5 ],
    "faces": {
        "up":    { "uv": [ 15, 0, 16, 1 ], "texture": "#0" },
        "north": { "uv": [ 12.010000228881836, 0.0099999997764825821, 12.989999771118164, 0.99000000953674316 ], "texture": "#0" },
        "south": { "uv": [ 12.010000228881836, 0.0099999997764825821, 12.989999771118164, 0.99000000953674316 ], "texture": "#0" },
        "west":  { "uv": [ 12.010000228881836, 0.0099999997764825821, 12.989999771118164, 0.99000000953674316 ], "texture": "#0" },
        "east":  { "uv": [ 12.010000228881836, 0.0099999997764825821, 12.989999771118164, 0.99000000953674316 ], "texture": "#0" }
    }
},
{
    "from": [ 10.6, 4.8, 7.4 ],
    "to": [ 12.7, 5, 8.4 ],
    "faces": {
        "up":    { "uv": [ 15, 0, 16, 1 ], "texture": "#0" },
        "north": { "uv": [ 12.010000228881836, 0.0099999997764825821, 12.989999771118164, 0.99000000953674316 ], "texture": "#0" },
        "south": { "uv": [ 12.010000228881836, 0.0099999997764825821, 12.989999771118164, 0.99000000953674316 ], "texture": "#0" },
        "west":  { "uv": [ 12.010000228881836, 0.0099999997764825821, 12.989999771118164, 0.99000000953674316 ], "texture": "#0" },
        "east":  { "uv": [ 12.010000228881836, 0.0099999997764825821, 12.989999771118164, 0.99000000953674316 ], "texture": "#0" }
    }
},
{
    "from": [ 10.6, 4.8, 6.3 ],
    "to": [ 12.7, 5, 7.3 ],
    "faces": {
        "up":    { "uv": [ 15, 0, 16, 1 ], "texture": "#0" },
        "north": { "uv": [ 12.010000228881836, 0.0099999997764825821, 12.989999771118164, 0.99000000953674316 ], "texture": "#0" },
        "south": { "uv": [ 12.010000228881836, 0.0099999997764825821, 12.989999771118164, 0.99000000953674316 ], "texture": "#0" },
        "west":  { "uv": [ 12.010000228881836, 0.0099999997764825821, 12.989999771118164, 0.99000000953674316 ], "texture": "#0" },
        "east":  { "uv": [ 12.010000228881836, 0.0099999997764825821, 12.989999771118164, 0.99000000953674316 ], "texture": "#0" }
    }
},
{
    "from": [ 10.6, 4.8, 5.2 ],
    "to": [ 12.7, 5, 6.2 ],
    "faces": {
        "up":    { "uv": [ 15, 0, 16, 1 ], "texture": "#0" },
        "north": { "uv": [ 12.010000228881836, 0.0099999997764825821, 12.989999771118164, 0.99000000953674316 ], "texture": "#0" },
        "south": { "uv": [ 12.010000228881836, 0.0099999997764825821, 12.989999771118164, 0.99000000953674316 ], "texture": "#0" },
        "west":  { "uv": [ 12.010000228881836, 0.0099999997764825821, 12.989999771118164, 0.99000000953674316 ], "texture": "#0" },
        "east":  { "uv": [ 12.010000228881836, 0.0099999997764825821, 12.989999771118164, 0.99000000953674316 ], "texture": "#0" }
    }
},
{
    "from": [ 10.6, 4.8, 3.4 ],
    "to": [ 11.6, 5, 4.4 ],
    "faces": {
        "up":    { "uv": [ 12, 0, 13, 1 ], "texture": "#0" },
        "north": { "uv": [ 12.010000228881836, 0.0099999997764825821, 12.989999771118164, 0.99000000953674316 ], "texture": "#0" },
        "south": { "uv": [ 12.010000228881836, 0.0099999997764825821, 12.989999771118164, 0.99000000953674316 ], "texture": "#0" },
        "west":  { "uv": [ 12.010000228881836, 0.0099999997764825821, 12.989999771118164, 0.99000000953674316 ], "texture": "#0" },
        "east":  { "uv": [ 12.010000228881836, 0.0099999997764825821, 12.989999771118164, 0.99000000953674316 ], "texture": "#0" }
    }
},
{
    "from": [ 11.7, 4.8, 3.4 ],
    "to": [ 12.7, 5, 4.4 ],
    "faces": {
        "up":    { "uv": [ 12, 0, 13, 1 ], "texture": "#0" },
        "north": { "uv": [ 12.010000228881836, 0.0099999997764825821, 12.989999771118164, 0.99000000953674316 ], "texture": "#0" },
        "south": { "uv": [ 12.010000228881836, 0.0099999997764825821, 12.989999771118164, 0.99000000953674316 ], "texture": "#0" },
        "west":  { "uv": [ 12.010000228881836, 0.0099999997764825821, 12.989999771118164, 0.99000000953674316 ], "texture": "#0" },
        "east":  { "uv": [ 12.010000228881836, 0.0099999997764825821, 12.989999771118164, 0.99000000953674316 ], "texture": "#0" }
    }
},
{
    "from": [ 2.7, 4.8, 4.4 ],
    "to": [ 5.7, 5, 6.6 ],
    "faces": {
        "up":    { "uv": [ 12, 0, 13, 1 ], "texture": "#0" },
        "north": { "uv": [ 12.010000228881836, 0.0099999997764825821, 12.989999771118164, 0.99000000953674316 ], "texture": "#0" },
        "south": { "uv": [ 12.010000228881836, 0.0099999997764825821, 12.989999771118164, 0.99000000953674316 ], "texture": "#0" },
        "west":  { "uv": [ 12.010000228881836, 0.0099999997764825821, 12.989999771118164, 0.99000000953674316 ], "texture": "#0" },
        "east":  { "uv": [ 12.010000228881836, 0.0099999997764825821, 12.989999771118164, 0.99000000953674316 ], "texture": "#0" }
    }
}
],
"display": {
    "thirdperson_righthand": {
        "rotation": [ 0, -43, 0 ],
        "translation": [ 0, 0, 0 ],
        "scale": [ 0.5, 0.5, 0.5 ]
    },
    "thirdperson_lefthand": {
        "rotation": [ 0, -43, 0 ],
        "translation": [ 0, 0, 0 ],
        "scale": [ 0.5, 0.5, 0.5 ]
    },
    "head": {
        "rotation": [ 0, 180, 0 ],
        "translation": [ 0, -30.5, 0 ],
        "scale": [ 1.6, 1.6, 1.6 ]
    },
    "ground": {
        "rotation": [ 0, 0, 0 ],
        "translation": [ 0, 2, 0 ],
        "scale": [ 0.5, 0.5, 0.5 ]
    },
    "fixed": {
        "rotation": [ 0, 180, 0 ],
        "translation": [ 0, 0, -3.4 ],
        "scale": [ 0.5, 0.5, 0.5 ]
    },
    "firstperson_righthand": {
        "rotation": [ 0, -64, 0 ],
        "translation": [ 0, 0, 0 ],
        "scale": [ 0.5, 0.5, 0.5 ]
    },
    "firstperson_lefthand": {
        "rotation": [ 0, -64, 0 ],
        "translation": [ 0, 0, 0 ],
        "scale": [ 0.5, 0.5, 0.5 ]
    },
    "gui": {
        "rotation": [ 35, 35, 0 ],
        "translation": [ 0, 0, 0 ],
        "scale": [ 0.62, 0.62, 0.62 ]
    }
}
}