{
"__comment": "Designed by Jugbot",
"textures": {
    "texture": "blocks/hardened_clay_stained_yellow",
    "hardened_clay_stained_black": "blocks/hardened_clay_stained_black",
    "iron_block": "blocks/iron_block",
    "cauldron_inner": "blocks/cauldron_inner"
},
"elements": [ 
{
    "__comment": "Iron",
    "from": [ 0, 1, 7 ],
    "to": [ 10, 3, 8 ],
    "faces": {
        "down":  { "uv": [ 10, 9, 0, 8 ], "rotation": 180, "texture": "#cauldron_inner" },
        "up":    { "uv": [ 6, 8, 16, 9 ], "rotation": 180, "texture": "#cauldron_inner" },
        "north": { "uv": [ 6, 13, 16, 15 ], "texture": "#iron_block" },
        "south": { "uv": [ 0, 13, 10, 15 ], "texture": "#iron_block" },
        "west":  { "uv": [ 7, 13, 8, 15 ], "texture": "#cauldron_inner" },
        "east":  { "uv": [ 8, 13, 9, 15 ], "texture": "#cauldron_inner" }
    }
},
{
    "from": [ 10, 0, 7 ],
    "to": [ 16, 4, 10 ],
    "faces": {
        "down":  { "uv": [ 16, 9, 10, 6 ], "rotation": 180, "texture": "#texture" },
        "up":    { "uv": [ 0, 6, 6, 9 ], "rotation": 180, "texture": "#texture" },
        "north": { "uv": [ 0, 12, 6, 16 ], "texture": "#texture" },
        "south": { "uv": [ 10, 12, 16, 16 ], "texture": "#texture" },
        "west":  { "uv": [ 7, 12, 10, 16 ], "texture": "#texture" },
        "east":  { "uv": [ 6, 12, 9, 16 ], "texture": "#texture" }
    }
},
{
    "__comment": "Iron",
    "from": [ 13.5, -1.4375, 6 ],
    "to": [ 14.5, 5.5625, 7 ],
    "rotation": { "origin": [ 13.5, 5.5625, 6 ], "axis": "z", "angle": -22.5 },
    "faces": {
        "down":  { "uv": [ 14, 10, 13, 9 ], "rotation": 180, "texture": "#iron_block" },
        "up":    { "uv": [ 2, 9, 3, 10 ], "rotation": 180, "texture": "#iron_block" },
        "north": { "uv": [ 2, 5, 3, 11 ], "texture": "#iron_block" },
        "south": { "uv": [ 13, 5, 14, 11 ], "texture": "#iron_block" },
        "west":  { "uv": [ 6, 5, 7, 11 ], "texture": "#iron_block" },
        "east":  { "uv": [ 9, 5, 10, 11 ], "texture": "#iron_block" }
    }
},
{
    "__comment": "Black",
    "from": [ 13.5, 4.5625, 7 ],
    "to": [ 14.5, 5.5625, 10 ],
    "rotation": { "origin": [ 13.5, 5.5625, 7 ], "axis": "z", "angle": -22.5 },
    "faces": {
        "down":  { "uv": [ 12, 9, 11, 6 ], "rotation": 180, "texture": "#hardened_clay_stained_black" },
        "up":    { "uv": [ 4, 6, 5, 9 ], "rotation": 180, "texture": "#hardened_clay_stained_black" },
        "north": { "uv": [ 4, 4, 5, 5 ], "texture": "#hardened_clay_stained_black" },
        "south": { "uv": [ 11, 4, 12, 5 ], "texture": "#hardened_clay_stained_black" },
        "west":  { "uv": [ 7, 4, 10, 5 ], "texture": "#hardened_clay_stained_black" },
        "east":  { "uv": [ 6, 4, 9, 5 ], "texture": "#hardened_clay_stained_black" }
    }
},
{
    "__comment": "Iron",
    "from": [ 13.5, -1.4375, 10 ],
    "to": [ 14.5, 5.5625, 11 ],
    "rotation": { "origin": [ 13.5, 5.5625, 10 ], "axis": "z", "angle": -22.5 },
    "faces": {
        "down":  { "uv": [ 12, 6, 11, 5 ], "rotation": 180, "texture": "#iron_block" },
        "up":    { "uv": [ 4, 5, 5, 6 ], "rotation": 180, "texture": "#iron_block" },
        "north": { "uv": [ 4, 4, 5, 11 ], "texture": "#iron_block" },
        "south": { "uv": [ 11, 4, 12, 11 ], "texture": "#iron_block" },
        "west":  { "uv": [ 10, 4, 11, 11 ], "texture": "#iron_block" },
        "east":  { "uv": [ 5, 4, 6, 11 ], "texture": "#iron_block" }
    }
},
{
    "__comment": "Iron",
    "from": [ 11, -1, 7 ],
    "to": [ 12, 0, 10 ],
    "rotation": { "origin": [ 11, 0, 7 ], "axis": "z", "angle": -22.5 },
    "faces": {
        "down":  { "uv": [ 12, 9, 11, 6 ], "rotation": 180, "texture": "#iron_block" },
        "up":    { "uv": [ 4, 6, 5, 9 ], "rotation": 180, "texture": "#iron_block" },
        "north": { "uv": [ 4, 10, 5, 11 ], "texture": "#iron_block" },
        "south": { "uv": [ 11, 10, 12, 11 ], "texture": "#iron_block" },
        "west":  { "uv": [ 7, 10, 10, 11 ], "texture": "#iron_block" },
        "east":  { "uv": [ 6, 10, 9, 11 ], "texture": "#iron_block" }
    }
},
{
    "__comment": "Black",
    "from": [ 10, 4, 7 ],
    "to": [ 11, 5, 10 ],
    "faces": {
        "down":  { "uv": [ 11, 9, 10, 6 ], "rotation": 180, "texture": "#hardened_clay_stained_black" },
        "up":    { "uv": [ 5, 6, 6, 9 ], "rotation": 180, "texture": "#hardened_clay_stained_black" },
        "north": { "uv": [ 5, 11, 6, 12 ], "texture": "#hardened_clay_stained_black" },
        "south": { "uv": [ 10, 11, 11, 12 ], "texture": "#hardened_clay_stained_black" },
        "west":  { "uv": [ 7, 11, 10, 12 ], "texture": "#hardened_clay_stained_black" },
        "east":  { "uv": [ 6, 11, 9, 12 ], "texture": "#hardened_clay_stained_black" }
    }
},
{
    "__comment": "Black",
    "from": [ 15.8377, 1, 8 ],
    "to": [ 19, 2, 9 ],
    "rotation": { "origin": [ 15.8377, 2, 8 ], "axis": "z", "angle": -22.5 },
    "faces": {
        "down":  { "uv": [ 0, 7, 3.125, 8 ], "rotation": 180, "texture": "#hardened_clay_stained_black" },
        "up":    { "uv": [ 0, 7, 3.125, 8 ], "rotation": 180, "texture": "#hardened_clay_stained_black" },
        "north": { "uv": [ 0, 8, 3.125, 9 ], "texture": "#hardened_clay_stained_black" },
        "south": { "uv": [ 0, 8, 3.125, 9 ], "texture": "#hardened_clay_stained_black" },
        "west":  { "uv": [ 7, 8, 8, 9 ], "texture": "#hardened_clay_stained_black" },
        "east":  { "uv": [ 7, 8, 8, 9 ], "texture": "#hardened_clay_stained_black" }
    }
},
{
    "__comment": "Black",
    "from": [ 16, 0, 8 ],
    "to": [ 18, 1, 9 ],
    "faces": {
        "down":  { "uv": [ 0, 7, 2, 8 ], "rotation": 180, "texture": "#hardened_clay_stained_black" },
        "up":    { "uv": [ 0, 7, 2, 8 ], "rotation": 180, "texture": "#hardened_clay_stained_black" },
        "north": { "uv": [ 0, 9, 2, 10 ], "texture": "#hardened_clay_stained_black" },
        "south": { "uv": [ 0, 9, 2, 10 ], "texture": "#hardened_clay_stained_black" },
        "west":  { "uv": [ 7, 9, 8, 10 ], "texture": "#hardened_clay_stained_black" },
        "east":  { "uv": [ 7, 9, 8, 10 ], "texture": "#hardened_clay_stained_black" }
    }
},
{
    "__comment": "Black",
    "from": [ 18, 0, 8 ],
    "to": [ 19, 2, 9 ],
    "faces": {
        "down":  { "uv": [ 0, 7, 1, 8 ], "rotation": 180, "texture": "#hardened_clay_stained_black" },
        "up":    { "uv": [ 0, 7, 1, 8 ], "rotation": 180, "texture": "#hardened_clay_stained_black" },
        "north": { "uv": [ 0, 8, 1, 10 ], "texture": "#hardened_clay_stained_black" },
        "south": { "uv": [ 0, 8, 1, 10 ], "texture": "#hardened_clay_stained_black" },
        "west":  { "uv": [ 7, 8, 8, 10 ], "texture": "#hardened_clay_stained_black" },
        "east":  { "uv": [ 7, 8, 8, 10 ], "texture": "#hardened_clay_stained_black" }
    }
},
{
    "from": [ 9, 3, 7.5 ],
    "to": [ 10, 3.5, 7.5625 ],
    "faces": {
        "north": { "uv": [ 6, 12.5, 7, 13 ], "texture": "#cauldron_inner" },
        "south": { "uv": [ 9, 12.5, 10, 13 ], "texture": "#cauldron_inner" }
    }
},
{
    "from": [ 7, 3, 7.5 ],
    "to": [ 8, 3.5, 7.5625 ],
    "faces": {
        "north": { "uv": [ 8, 12.5, 9, 13 ], "texture": "#cauldron_inner" },
        "south": { "uv": [ 7, 12.5, 8, 13 ], "texture": "#cauldron_inner" }
    }
},
{
    "from": [ 5, 3, 7.5 ],
    "to": [ 6, 3.5, 7.5625 ],
    "faces": {
        "north": { "uv": [ 10, 12.5, 11, 13 ], "texture": "#cauldron_inner" },
        "south": { "uv": [ 5, 12.5, 6, 13 ], "texture": "#cauldron_inner" }
    }
},
{
    "from": [ 3, 3, 7.5 ],
    "to": [ 4, 3.5, 7.5625 ],
    "faces": {
        "north": { "uv": [ 12, 12.5, 13, 13 ], "texture": "#cauldron_inner" },
        "south": { "uv": [ 3, 12.5, 4, 13 ], "texture": "#cauldron_inner" }
    }
},
{
    "from": [ 1, 3, 7.5 ],
    "to": [ 2, 3.5, 7.5625 ],
    "faces": {
        "north": { "uv": [ 14, 12.5, 15, 13 ], "texture": "#cauldron_inner" },
        "south": { "uv": [ 1, 12.5, 2, 13 ], "texture": "#cauldron_inner" }
    }
},
{
    "from": [ -0.5, 2, 7.5 ],
    "to": [ 0, 3, 7.5625 ],
    "faces": {
        "north": { "uv": [ 16, 13, 16, 14 ], "texture": "#cauldron_inner" },
        "south": { "uv": [ 0, 13, 0, 14 ], "texture": "#cauldron_inner" }
    }
},
{
    "from": [ 0, 0.5, 7.5 ],
    "to": [ 1, 1, 7.5625 ],
    "faces": {
        "north": { "uv": [ 15, 15, 16, 15.5 ], "texture": "#cauldron_inner" },
        "south": { "uv": [ 0, 15, 1, 15.5 ], "texture": "#cauldron_inner" }
    }
},
{
    "from": [ 2, 0.5, 7.5 ],
    "to": [ 3, 1, 7.5625 ],
    "faces": {
        "north": { "uv": [ 13, 15, 14, 15.5 ], "texture": "#cauldron_inner" },
        "south": { "uv": [ 2, 15, 3, 15.5 ], "texture": "#cauldron_inner" }
    }
},
{
    "from": [ 4, 0.5, 7.5 ],
    "to": [ 5, 1, 7.5625 ],
    "faces": {
        "north": { "uv": [ 11, 15, 12, 15.5 ], "texture": "#cauldron_inner" },
        "south": { "uv": [ 4, 15, 5, 15.5 ], "texture": "#cauldron_inner" }
    }
},
{
    "from": [ 6, 0.5, 7.5 ],
    "to": [ 7, 1, 7.5625 ],
    "faces": {
        "north": { "uv": [ 9, 15, 10, 15.5 ], "texture": "#cauldron_inner" },
        "south": { "uv": [ 6, 15, 7, 15.5 ], "texture": "#cauldron_inner" }
    }
},
{
    "from": [ 8, 0.5, 7.5 ],
    "to": [ 9, 1, 7.5625 ],
    "faces": {
        "north": { "uv": [ 7, 15, 8, 15.5 ], "texture": "#cauldron_inner" },
        "south": { "uv": [ 8, 15, 9, 15.5 ], "texture": "#cauldron_inner" }
    }
}
],
"display": {
    "thirdperson_righthand": {
        "rotation": [ 51, -90, -10 ],
        "translation": [ -0.19, 5.1, 0.38 ],
        "scale": [ 1, 1, 1 ]
    },
    "thirdperson_lefthand": {
        "rotation": [ 51, -90, -10 ],
        "translation": [ -0.19, 5.1, 0.38 ],
        "scale": [ 1, 1, 1 ]
    },
    "head": {
        "rotation": [ 0, 90, 0 ],
        "translation": [ 0, -30.5, 0 ],
        "scale": [ 1.6, 1.6, 1.6 ]
    },
    "ground": {
        "rotation": [ 0, 0, 0 ],
        "translation": [ 0, 3, 0 ],
        "scale": [ 0.25, 0.25, 0.25 ]
    },
    "fixed": {
        "rotation": [ 0, 0, 0 ],
        "translation": [ 0, 0, 0 ],
        "scale": [ 1, 1, 1 ]
    },
    "firstperson_righthand": {
        "rotation": [ 0, -85, 0 ],
        "translation": [ 0.19, 3.78, -3.4 ],
        "scale": [ 1, 1, 1 ]
    },
    "firstperson_lefthand": {
        "rotation": [ 0, 113, 0 ],
        "translation": [ 0.19, 3.78, -3.4 ],
        "scale": [ 1, 1, 1 ]
    },
    "gui": {
        "rotation": [ 35, 35, 0 ],
        "translation": [ 0, 0, 0 ],
        "scale": [ 0.62, 0.62, 0.62 ]
    }
}
}