{
"__comment": "Designed by Rottennugget",
"textures": {
    "texture": "blocks/furniture/fridge",
    "particle": "blocks/furniture/fridge",
    "gray": "blocks/furniture/entertainment"
},
"elements": [ 
{
    "from": [ 0, 0, 0 ],
    "to": [ 16, 32, 15 ],
    "faces": {
        "down":  { "uv": [ 0, 8, 8, 16 ], "texture": "#texture" },
        "up":    { "uv": [ 0, 8, 8, 16 ], "texture": "#texture" },
        "north": { "uv": [ 8, 0, 16, 16 ], "texture": "#texture" },
        "south": { "uv": [ 8, 0, 16, 16 ], "texture": "#texture" },
        "west":  { "uv": [ 8, 0, 16, 16 ], "texture": "#texture" },
        "east":  { "uv": [ 8, 0, 16, 16 ], "texture": "#texture" }
    }
},
{
    "from": [ 0.5, 16.5, 15 ],
    "to": [ 15.5, 31.5, 16 ],
    "faces": {
        "down":  { "uv": [ 0, 0, 7.5, 0.5 ], "texture": "#texture" },
        "up":    { "uv": [ 0, 0, 7.5, 0.5 ], "texture": "#texture" },
        "north": { "uv": [ 0, 0, 8, 8 ], "texture": "#texture" },
        "south": { "uv": [ 0, 0, 8, 8 ], "texture": "#texture" },
        "west":  { "uv": [ 0, 0, 0.5, 7.5 ], "texture": "#texture" },
        "east":  { "uv": [ 0, 0, 0.5, 7.5 ], "texture": "#texture" }
    }
},
{
    "from": [ 0.5, 0.5, 15 ],
    "to": [ 15.5, 15.5, 16 ],
    "faces": {
        "down":  { "uv": [ 0, 7.5, 8, 8 ], "texture": "#texture" },
        "up":    { "uv": [ 0, 7.5, 8, 8 ], "texture": "#texture" },
        "north": { "uv": [ 0, 0, 8, 8 ], "texture": "#texture" },
        "south": { "uv": [ 0, 0, 8, 8 ], "texture": "#texture" },
        "west":  { "uv": [ 7.5, 0, 8, 8 ], "texture": "#texture" },
        "east":  { "uv": [ 7.5, 0, 8, 8 ], "texture": "#texture" }
    }
},
{
    "from": [ 1.5, 1.5, 16.5 ],
    "to": [ 2, 14.5, 17 ],
    "faces": {
        "down":  { "uv": [ 14.5, 16, 14, 16 ], "texture": "#gray" },
        "up":    { "uv": [ 1.5, 16, 2, 16 ], "texture": "#gray" },
        "north": { "uv": [ 14, 1.5, 14.5, 14.5 ], "texture": "#gray" },
        "south": { "uv": [ 1.5, 1.5, 2, 14.5 ], "texture": "#gray" },
        "west":  { "uv": [ 16, 1.5, 16, 14.5 ], "texture": "#gray" },
        "east":  { "uv": [ 0, 1.5, 0, 14.5 ], "texture": "#gray" }
    }
},
{
    "from": [ 1.5, 14, 16 ],
    "to": [ 2, 14.5, 16.5 ],
    "faces": {
        "down":  { "uv": [ 14.5, 16, 14, 16 ], "texture": "#gray" },
        "up":    { "uv": [ 1.5, 16, 2, 16 ], "texture": "#gray" },
        "north": { "uv": [ 14, 1.5, 14.5, 2 ], "texture": "#gray" },
        "south": { "uv": [ 1.5, 1.5, 2, 2 ], "texture": "#gray" },
        "west":  { "uv": [ 16, 1.5, 16, 2 ], "texture": "#gray" },
        "east":  { "uv": [ 0, 1.5, 0, 2 ], "texture": "#gray" }
    }
},
{
    "from": [ 1.5, 1.5, 16 ],
    "to": [ 2, 2, 16.5 ],
    "faces": {
        "down":  { "uv": [ 14.5, 16, 14, 16 ], "texture": "#gray" },
        "up":    { "uv": [ 1.5, 16, 2, 16 ], "texture": "#gray" },
        "north": { "uv": [ 14, 14, 14.5, 14.5 ], "texture": "#gray" },
        "south": { "uv": [ 1.5, 14, 2, 14.5 ], "texture": "#gray" },
        "west":  { "uv": [ 16, 14, 16, 14.5 ], "texture": "#gray" },
        "east":  { "uv": [ 0, 14, 0, 14.5 ], "texture": "#gray" }
    }
},
{
    "from": [ 1.5, 17.5, 16.5 ],
    "to": [ 2, 30.5, 17 ],
    "faces": {
        "down":  { "uv": [ 14.5, 16, 14, 16 ], "texture": "#gray" },
        "up":    { "uv": [ 1.5, 16, 2, 16 ], "texture": "#gray" },
        "north": { "uv": [ 14, 0, 14.5, 0 ], "texture": "#gray" },
        "south": { "uv": [ 1.5, 0, 2, 0 ], "texture": "#gray" },
        "west":  { "uv": [ 16, 0, 16, 0 ], "texture": "#gray" },
        "east":  { "uv": [ 0, 0, 0, 0 ], "texture": "#gray" }
    }
},
{
    "from": [ 1.5, 17.5, 16 ],
    "to": [ 2, 18, 16.5 ],
    "faces": {
        "down":  { "uv": [ 14.5, 16, 14, 16 ], "texture": "#gray" },
        "up":    { "uv": [ 1.5, 16, 2, 16 ], "texture": "#gray" },
        "north": { "uv": [ 14, 0, 14.5, 0 ], "texture": "#gray" },
        "south": { "uv": [ 1.5, 0, 2, 0 ], "texture": "#gray" },
        "west":  { "uv": [ 16, 0, 16, 0 ], "texture": "#gray" },
        "east":  { "uv": [ 0, 0, 0, 0 ], "texture": "#gray" }
    }
},
{
    "from": [ 1.5, 30, 16 ],
    "to": [ 2, 30.5, 16.5 ],
    "faces": {
        "down":  { "uv": [ 14.5, 16, 14, 16 ], "texture": "#gray" },
        "up":    { "uv": [ 1.5, 16, 2, 16 ], "texture": "#gray" },
        "north": { "uv": [ 14, 0, 14.5, 0 ], "texture": "#gray" },
        "south": { "uv": [ 1.5, 0, 2, 0 ], "texture": "#gray" },
        "west":  { "uv": [ 16, 0, 16, 0 ], "texture": "#gray" },
        "east":  { "uv": [ 0, 0, 0, 0 ], "texture": "#gray" }
    }
}
],
"display": {
    "thirdperson_righthand": {
        "rotation": [ 0, 0, 0 ],
        "translation": [ 0, 3.4, -1.32 ],
        "scale": [ 0.5, 0.5, 0.5 ]
    },
    "thirdperson_lefthand": {
        "rotation": [ 0, 0, 0 ],
        "translation": [ 0, 3.4, -1.32 ],
        "scale": [ 0.5, 0.5, 0.5 ]
    },
    "head": {
        "rotation": [ 0, -180, 0 ],
        "translation": [ 0, -30.5, 0 ],
        "scale": [ 1.6, 1.6, 1.6 ]
    },
    "ground": {
        "rotation": [ 0, 0, 0 ],
        "translation": [ 0, 8.31, 0 ],
        "scale": [ 1, 1, 1 ]
    },
    "fixed": {
        "rotation": [ 0, -180, 0 ],
        "translation": [ 0, -3.4, 0 ],
        "scale": [ 0.5, 0.5, 0.5 ]
    },
    "firstperson_righthand": {
        "rotation": [ 0, 0, 0 ],
        "translation": [ 0, 0, 0 ],
        "scale": [ 0.5, 0.5, 0.5 ]
    },
    "firstperson_lefthand": {
        "rotation": [ 0, 0, 0 ],
        "translation": [ 1.51, 0, -0.38 ],
        "scale": [ 0.5, 0.5, 0.5 ]
    },
    "gui": {
        "rotation": [ 0, 0, 0 ],
        "translation": [ 0, -3.97, 0 ],
        "scale": [ 0.5, 0.5, 0.5 ]
    }
}
}