{
"__comment": "Designed by Oberdiah",
"textures": {
    "texture": "blocks/furniture/piano_black",
    "quartz_block_top": "blocks/quartz_block_top",
    "wood_pixelated_lighter": "blocks/planks_birch"
},
"elements": [ 
{
    "from": [ -8.5, 16.5, 0.5 ],
    "to": [ 25.5, 23.5, 1 ],
    "faces": {
        "down":  { "uv": [ 12.125, 6.25, 3.625, 6.125 ], "texture": "#texture" },
        "up":    { "uv": [ 3.875, 6.125, 12.375, 6.25 ], "texture": "#texture" },
        "north": { "uv": [ 3.625, 12, 12.125, 13.75 ], "texture": "#texture" },
        "south": { "uv": [ 3.875, 12, 12.375, 13.75 ], "texture": "#texture" },
        "west":  { "uv": [ 6.125, 12, 6.25, 13.75 ], "texture": "#texture" },
        "east":  { "uv": [ 9.75, 12, 9.875, 13.75 ], "texture": "#texture" }
    }
},
{
    "from": [ -8.5, 16.5, 1 ],
    "to": [ 27, 23.5, 1.5 ],
    "faces": {
        "down":  { "uv": [ 12.125, 6.375, 3.25, 6.25 ], "texture": "#texture" },
        "up":    { "uv": [ 3.875, 6.25, 12.75, 6.375 ], "texture": "#texture" },
        "north": { "uv": [ 3.25, 12, 12.125, 13.75 ], "texture": "#texture" },
        "south": { "uv": [ 3.875, 12, 12.75, 13.75 ], "texture": "#texture" },
        "west":  { "uv": [ 6.25, 12, 6.375, 13.75 ], "texture": "#texture" },
        "east":  { "uv": [ 9.625, 12, 9.75, 13.75 ], "texture": "#texture" }
    }
},
{
    "from": [ -8.5, 16.5, 1.5 ],
    "to": [ 28, 23.5, 2 ],
    "faces": {
        "down":  { "uv": [ 12.125, 6.5, 3, 6.375 ], "texture": "#texture" },
        "up":    { "uv": [ 3.875, 6.375, 13, 6.5 ], "texture": "#texture" },
        "north": { "uv": [ 3, 12, 12.125, 13.75 ], "texture": "#texture" },
        "south": { "uv": [ 3.875, 12, 13, 13.75 ], "texture": "#texture" },
        "west":  { "uv": [ 6.375, 12, 6.5, 13.75 ], "texture": "#texture" },
        "east":  { "uv": [ 9.5, 12, 9.625, 13.75 ], "texture": "#texture" }
    }
},
{
    "from": [ -8.5, 16.5, 2 ],
    "to": [ 28.5, 23.5, 2.5 ],
    "faces": {
        "down":  { "uv": [ 12.125, 6.625, 2.875, 6.5 ], "texture": "#texture" },
        "up":    { "uv": [ 3.875, 6.5, 13.125, 6.625 ], "texture": "#texture" },
        "north": { "uv": [ 2.875, 12, 12.125, 13.75 ], "texture": "#texture" },
        "south": { "uv": [ 3.875, 12, 13.125, 13.75 ], "texture": "#texture" },
        "west":  { "uv": [ 6.5, 12, 6.625, 13.75 ], "texture": "#texture" },
        "east":  { "uv": [ 9.375, 12, 9.5, 13.75 ], "texture": "#texture" }
    }
},
{
    "from": [ -8.5, 16.5, 2.5 ],
    "to": [ 29, 23.5, 3 ],
    "faces": {
        "down":  { "uv": [ 12.125, 6.75, 2.75, 6.625 ], "texture": "#texture" },
        "up":    { "uv": [ 3.875, 6.625, 13.25, 6.75 ], "texture": "#texture" },
        "north": { "uv": [ 2.75, 12, 12.125, 13.75 ], "texture": "#texture" },
        "south": { "uv": [ 3.875, 12, 13.25, 13.75 ], "texture": "#texture" },
        "west":  { "uv": [ 6.625, 12, 6.75, 13.75 ], "texture": "#texture" },
        "east":  { "uv": [ 9.25, 12, 9.375, 13.75 ], "texture": "#texture" }
    }
},
{
    "from": [ -8.5, 16.5, 3 ],
    "to": [ 29.5, 23.5, 4 ],
    "faces": {
        "down":  { "uv": [ 12.125, 7, 2.625, 6.75 ], "texture": "#texture" },
        "up":    { "uv": [ 3.875, 6.75, 13.375, 7 ], "texture": "#texture" },
        "north": { "uv": [ 2.625, 12, 12.125, 13.75 ], "texture": "#texture" },
        "south": { "uv": [ 3.875, 12, 13.375, 13.75 ], "texture": "#texture" },
        "west":  { "uv": [ 6.75, 12, 7, 13.75 ], "texture": "#texture" },
        "east":  { "uv": [ 9, 12, 9.25, 13.75 ], "texture": "#texture" }
    }
},
{
    "from": [ -8.5, 16.5, 4 ],
    "to": [ 30, 23.5, 5 ],
    "faces": {
        "down":  { "uv": [ 12.125, 7.25, 2.5, 7 ], "texture": "#texture" },
        "up":    { "uv": [ 3.875, 7, 13.5, 7.25 ], "texture": "#texture" },
        "north": { "uv": [ 2.5, 12, 12.125, 13.75 ], "texture": "#texture" },
        "south": { "uv": [ 3.875, 12, 13.5, 13.75 ], "texture": "#texture" },
        "west":  { "uv": [ 7, 12, 7.25, 13.75 ], "texture": "#texture" },
        "east":  { "uv": [ 8.75, 12, 9, 13.75 ], "texture": "#texture" }
    }
},
{
    "from": [ -8.5, 16.5, 5 ],
    "to": [ 30.5, 23.5, 6.5 ],
    "faces": {
        "down":  { "uv": [ 12.125, 7.625, 2.375, 7.25 ], "texture": "#texture" },
        "up":    { "uv": [ 3.875, 7.25, 13.625, 7.625 ], "texture": "#texture" },
        "north": { "uv": [ 2.375, 12, 12.125, 13.75 ], "texture": "#texture" },
        "south": { "uv": [ 3.875, 12, 13.625, 13.75 ], "texture": "#texture" },
        "west":  { "uv": [ 7.25, 12, 7.625, 13.75 ], "texture": "#texture" },
        "east":  { "uv": [ 8.375, 12, 8.75, 13.75 ], "texture": "#texture" }
    }
},
{
    "from": [ -8.5, 16.5, 6.5 ],
    "to": [ 31, 23.5, 10 ],
    "faces": {
        "down":  { "uv": [ 12.125, 8.5, 2.25, 7.625 ], "texture": "#texture" },
        "up":    { "uv": [ 3.875, 7.625, 13.75, 8.5 ], "texture": "#texture" },
        "north": { "uv": [ 2.25, 12, 12.125, 13.75 ], "texture": "#texture" },
        "south": { "uv": [ 3.875, 12, 13.75, 13.75 ], "texture": "#texture" },
        "west":  { "uv": [ 7.625, 12, 8.5, 13.75 ], "texture": "#texture" },
        "east":  { "uv": [ 7.5, 12, 8.375, 13.75 ], "texture": "#texture" }
    }
},
{
    "from": [ -8.5, 16.5, 10 ],
    "to": [ 30.5, 23.5, 12 ],
    "faces": {
        "down":  { "uv": [ 12.125, 9, 2.375, 8.5 ], "texture": "#texture" },
        "up":    { "uv": [ 3.875, 8.5, 13.625, 9 ], "texture": "#texture" },
        "north": { "uv": [ 2.375, 12, 12.125, 13.75 ], "texture": "#texture" },
        "south": { "uv": [ 3.875, 12, 13.625, 13.75 ], "texture": "#texture" },
        "west":  { "uv": [ 8.5, 12, 9, 13.75 ], "texture": "#texture" },
        "east":  { "uv": [ 7, 12, 7.5, 13.75 ], "texture": "#texture" }
    }
},
{
    "from": [ -8.5, 16.5, 12 ],
    "to": [ 30, 23.5, 13.5 ],
    "faces": {
        "down":  { "uv": [ 12.125, 9.375, 2.5, 9 ], "texture": "#texture" },
        "up":    { "uv": [ 3.875, 9, 13.5, 9.375 ], "texture": "#texture" },
        "north": { "uv": [ 2.5, 12, 12.125, 13.75 ], "texture": "#texture" },
        "south": { "uv": [ 3.875, 12, 13.5, 13.75 ], "texture": "#texture" },
        "west":  { "uv": [ 9, 12, 9.375, 13.75 ], "texture": "#texture" },
        "east":  { "uv": [ 6.625, 12, 7, 13.75 ], "texture": "#texture" }
    }
},
{
    "from": [ -8.5, 16.5, 13.5 ],
    "to": [ 29.5, 23.5, 14.5 ],
    "faces": {
        "down":  { "uv": [ 12.125, 9.625, 2.625, 9.375 ], "texture": "#texture" },
        "up":    { "uv": [ 3.875, 9.375, 13.375, 9.625 ], "texture": "#texture" },
        "north": { "uv": [ 2.625, 12, 12.125, 13.75 ], "texture": "#texture" },
        "south": { "uv": [ 3.875, 12, 13.375, 13.75 ], "texture": "#texture" },
        "west":  { "uv": [ 9.375, 12, 9.625, 13.75 ], "texture": "#texture" },
        "east":  { "uv": [ 6.375, 12, 6.625, 13.75 ], "texture": "#texture" }
    }
},
{
    "from": [ -8.5, 16.5, 14.5 ],
    "to": [ 29, 23.5, 15 ],
    "faces": {
        "down":  { "uv": [ 12.125, 9.75, 2.75, 9.625 ], "texture": "#texture" },
        "up":    { "uv": [ 3.875, 9.625, 13.25, 9.75 ], "texture": "#texture" },
        "north": { "uv": [ 2.75, 12, 12.125, 13.75 ], "texture": "#texture" },
        "south": { "uv": [ 3.875, 12, 13.25, 13.75 ], "texture": "#texture" },
        "west":  { "uv": [ 9.625, 12, 9.75, 13.75 ], "texture": "#texture" },
        "east":  { "uv": [ 6.25, 12, 6.375, 13.75 ], "texture": "#texture" }
    }
},
{
    "from": [ -8.5, 16.5, 15 ],
    "to": [ 28, 23.5, 15.5 ],
    "faces": {
        "down":  { "uv": [ 12.125, 9.875, 3, 9.75 ], "texture": "#texture" },
        "up":    { "uv": [ 3.875, 9.75, 13, 9.875 ], "texture": "#texture" },
        "north": { "uv": [ 3, 12, 12.125, 13.75 ], "texture": "#texture" },
        "south": { "uv": [ 3.875, 12, 13, 13.75 ], "texture": "#texture" },
        "west":  { "uv": [ 9.75, 12, 9.875, 13.75 ], "texture": "#texture" },
        "east":  { "uv": [ 6.125, 12, 6.25, 13.75 ], "texture": "#texture" }
    }
},
{
    "from": [ -8.5, 16.5, 15.5 ],
    "to": [ 26.5, 23.5, 16 ],
    "faces": {
        "down":  { "uv": [ 12.125, 10, 3.375, 9.875 ], "texture": "#texture" },
        "up":    { "uv": [ 3.875, 9.875, 12.625, 10 ], "texture": "#texture" },
        "north": { "uv": [ 3.375, 12, 12.125, 13.75 ], "texture": "#texture" },
        "south": { "uv": [ 3.875, 12, 12.625, 13.75 ], "texture": "#texture" },
        "west":  { "uv": [ 9.875, 12, 10, 13.75 ], "texture": "#texture" },
        "east":  { "uv": [ 6, 12, 6.125, 13.75 ], "texture": "#texture" }
    }
},
{
    "from": [ -8.5, 16.5, 16 ],
    "to": [ 24.5, 23.5, 16.5 ],
    "faces": {
        "down":  { "uv": [ 12.125, 10.125, 3.875, 10 ], "texture": "#texture" },
        "up":    { "uv": [ 3.875, 10, 12.125, 10.125 ], "texture": "#texture" },
        "north": { "uv": [ 3.875, 12, 12.125, 13.75 ], "texture": "#texture" },
        "south": { "uv": [ 3.875, 12, 12.125, 13.75 ], "texture": "#texture" },
        "west":  { "uv": [ 10, 12, 10.125, 13.75 ], "texture": "#texture" },
        "east":  { "uv": [ 5.875, 12, 6, 13.75 ], "texture": "#texture" }
    }
},
{
    "from": [ -8.5, 16.5, 16.5 ],
    "to": [ 20, 23.5, 17 ],
    "faces": {
        "down":  { "uv": [ 12.125, 10.25, 5, 10.125 ], "texture": "#texture" },
        "up":    { "uv": [ 3.875, 10.125, 11, 10.25 ], "texture": "#texture" },
        "north": { "uv": [ 5, 12, 12.125, 13.75 ], "texture": "#texture" },
        "south": { "uv": [ 3.875, 12, 11, 13.75 ], "texture": "#texture" },
        "west":  { "uv": [ 10.125, 12, 10.25, 13.75 ], "texture": "#texture" },
        "east":  { "uv": [ 5.75, 12, 5.875, 13.75 ], "texture": "#texture" }
    }
},
{
    "from": [ -8.5, 16.5, 17 ],
    "to": [ 12.5, 23.5, 17.5 ],
    "faces": {
        "down":  { "uv": [ 12.125, 10.375, 6.875, 10.25 ], "texture": "#texture" },
        "up":    { "uv": [ 3.875, 10.25, 9.125, 10.375 ], "texture": "#texture" },
        "north": { "uv": [ 6.875, 12, 12.125, 13.75 ], "texture": "#texture" },
        "south": { "uv": [ 3.875, 12, 9.125, 13.75 ], "texture": "#texture" },
        "west":  { "uv": [ 10.25, 12, 10.375, 13.75 ], "texture": "#texture" },
        "east":  { "uv": [ 5.625, 12, 5.75, 13.75 ], "texture": "#texture" }
    }
},
{
    "from": [ -8.5, 16.5, 17.5 ],
    "to": [ 7.5, 23.5, 18 ],
    "faces": {
        "down":  { "uv": [ 12.125, 10.5, 8.125, 10.375 ], "texture": "#texture" },
        "up":    { "uv": [ 3.875, 10.375, 7.875, 10.5 ], "texture": "#texture" },
        "north": { "uv": [ 8.125, 12, 12.125, 13.75 ], "texture": "#texture" },
        "south": { "uv": [ 3.875, 12, 7.875, 13.75 ], "texture": "#texture" },
        "west":  { "uv": [ 10.375, 12, 10.5, 13.75 ], "texture": "#texture" },
        "east":  { "uv": [ 5.5, 12, 5.625, 13.75 ], "texture": "#texture" }
    }
},
{
    "from": [ -8.5, 16.5, 18 ],
    "to": [ 6, 23.5, 18.5 ],
    "faces": {
        "down":  { "uv": [ 12.125, 10.625, 8.5, 10.5 ], "texture": "#texture" },
        "up":    { "uv": [ 3.875, 10.5, 7.5, 10.625 ], "texture": "#texture" },
        "north": { "uv": [ 8.5, 12, 12.125, 13.75 ], "texture": "#texture" },
        "south": { "uv": [ 3.875, 12, 7.5, 13.75 ], "texture": "#texture" },
        "west":  { "uv": [ 10.5, 12, 10.625, 13.75 ], "texture": "#texture" },
        "east":  { "uv": [ 5.375, 12, 5.5, 13.75 ], "texture": "#texture" }
    }
},
{
    "from": [ -8.5, 16.5, 18.5 ],
    "to": [ 5, 23.5, 19 ],
    "faces": {
        "down":  { "uv": [ 12.125, 10.75, 8.75, 10.625 ], "texture": "#texture" },
        "up":    { "uv": [ 3.875, 10.625, 7.25, 10.75 ], "texture": "#texture" },
        "north": { "uv": [ 8.75, 12, 12.125, 13.75 ], "texture": "#texture" },
        "south": { "uv": [ 3.875, 12, 7.25, 13.75 ], "texture": "#texture" },
        "west":  { "uv": [ 10.625, 12, 10.75, 13.75 ], "texture": "#texture" },
        "east":  { "uv": [ 5.25, 12, 5.375, 13.75 ], "texture": "#texture" }
    }
},
{
    "from": [ -8.5, 16.5, 19 ],
    "to": [ 4.5, 23.5, 19.5 ],
    "faces": {
        "down":  { "uv": [ 12.125, 10.875, 8.875, 10.75 ], "texture": "#texture" },
        "up":    { "uv": [ 3.875, 10.75, 7.125, 10.875 ], "texture": "#texture" },
        "north": { "uv": [ 8.875, 12, 12.125, 13.75 ], "texture": "#texture" },
        "south": { "uv": [ 3.875, 12, 7.125, 13.75 ], "texture": "#texture" },
        "west":  { "uv": [ 10.75, 12, 10.875, 13.75 ], "texture": "#texture" },
        "east":  { "uv": [ 5.125, 12, 5.25, 13.75 ], "texture": "#texture" }
    }
},
{
    "from": [ -8.5, 16.5, 19.5 ],
    "to": [ 4, 23.5, 20 ],
    "faces": {
        "down":  { "uv": [ 12.125, 11, 9, 10.875 ], "texture": "#texture" },
        "up":    { "uv": [ 3.875, 10.875, 7, 11 ], "texture": "#texture" },
        "north": { "uv": [ 9, 12, 12.125, 13.75 ], "texture": "#texture" },
        "south": { "uv": [ 3.875, 12, 7, 13.75 ], "texture": "#texture" },
        "west":  { "uv": [ 10.875, 12, 11, 13.75 ], "texture": "#texture" },
        "east":  { "uv": [ 5, 12, 5.125, 13.75 ], "texture": "#texture" }
    }
},
{
    "from": [ -8.5, 16.5, 20 ],
    "to": [ 3.5, 23.5, 21 ],
    "faces": {
        "down":  { "uv": [ 12.125, 11.25, 9.125, 11 ], "texture": "#texture" },
        "up":    { "uv": [ 3.875, 11, 6.875, 11.25 ], "texture": "#texture" },
        "north": { "uv": [ 9.125, 12, 12.125, 13.75 ], "texture": "#texture" },
        "south": { "uv": [ 3.875, 12, 6.875, 13.75 ], "texture": "#texture" },
        "west":  { "uv": [ 11, 12, 11.25, 13.75 ], "texture": "#texture" },
        "east":  { "uv": [ 4.75, 12, 5, 13.75 ], "texture": "#texture" }
    }
},
{
    "from": [ -8.5, 16.5, 21 ],
    "to": [ 3.5, 23.5, 22 ],
    "faces": {
        "down":  { "uv": [ 12.125, 11.5, 9.125, 11.25 ], "texture": "#texture" },
        "up":    { "uv": [ 3.875, 11.25, 6.875, 11.5 ], "texture": "#texture" },
        "north": { "uv": [ 9.125, 12, 12.125, 13.75 ], "texture": "#texture" },
        "south": { "uv": [ 3.875, 12, 6.875, 13.75 ], "texture": "#texture" },
        "west":  { "uv": [ 11.25, 12, 11.5, 13.75 ], "texture": "#texture" },
        "east":  { "uv": [ 4.5, 12, 4.75, 13.75 ], "texture": "#texture" }
    }
},
{
    "from": [ -8.5, 16.5, 22 ],
    "to": [ 3, 23.5, 25 ],
    "faces": {
        "down":  { "uv": [ 12.125, 12.25, 9.25, 11.5 ], "texture": "#texture" },
        "up":    { "uv": [ 3.875, 11.5, 6.75, 12.25 ], "texture": "#texture" },
        "north": { "uv": [ 9.25, 12, 12.125, 13.75 ], "texture": "#texture" },
        "south": { "uv": [ 3.875, 12, 6.75, 13.75 ], "texture": "#texture" },
        "west":  { "uv": [ 11.5, 12, 12.25, 13.75 ], "texture": "#texture" },
        "east":  { "uv": [ 3.75, 12, 4.5, 13.75 ], "texture": "#texture" }
    }
},
{
    "from": [ -8.5, 16.5, 25 ],
    "to": [ 2.5, 23.5, 27 ],
    "faces": {
        "down":  { "uv": [ 12.125, 12.75, 9.375, 12.25 ], "texture": "#texture" },
        "up":    { "uv": [ 3.875, 12.25, 6.625, 12.75 ], "texture": "#texture" },
        "north": { "uv": [ 9.375, 12, 12.125, 13.75 ], "texture": "#texture" },
        "south": { "uv": [ 3.875, 12, 6.625, 13.75 ], "texture": "#texture" },
        "west":  { "uv": [ 12.25, 12, 12.75, 13.75 ], "texture": "#texture" },
        "east":  { "uv": [ 3.25, 12, 3.75, 13.75 ], "texture": "#texture" }
    }
},
{
    "from": [ -8.5, 16.5, 27 ],
    "to": [ 2.5, 23.5, 28.5 ],
    "faces": {
        "down":  { "uv": [ 12.125, 13.125, 9.375, 12.75 ], "texture": "#texture" },
        "up":    { "uv": [ 3.875, 12.75, 6.625, 13.125 ], "texture": "#texture" },
        "north": { "uv": [ 9.375, 12, 12.125, 13.75 ], "texture": "#texture" },
        "south": { "uv": [ 3.875, 12, 6.625, 13.75 ], "texture": "#texture" },
        "west":  { "uv": [ 12.75, 12, 13.125, 13.75 ], "texture": "#texture" },
        "east":  { "uv": [ 2.875, 12, 3.25, 13.75 ], "texture": "#texture" }
    }
},
{
    "from": [ -8.5, 16.5, 28.5 ],
    "to": [ 2, 23.5, 29 ],
    "faces": {
        "down":  { "uv": [ 12.125, 13.25, 9.5, 13.125 ], "texture": "#texture" },
        "up":    { "uv": [ 3.875, 13.125, 6.5, 13.25 ], "texture": "#texture" },
        "north": { "uv": [ 9.5, 12, 12.125, 13.75 ], "texture": "#texture" },
        "south": { "uv": [ 3.875, 12, 6.5, 13.75 ], "texture": "#texture" },
        "west":  { "uv": [ 13.125, 12, 13.25, 13.75 ], "texture": "#texture" },
        "east":  { "uv": [ 2.75, 12, 2.875, 13.75 ], "texture": "#texture" }
    }
},
{
    "from": [ -8.5, 16.5, 29 ],
    "to": [ 1.5, 23.5, 29.5 ],
    "faces": {
        "down":  { "uv": [ 12.125, 13.375, 9.625, 13.25 ], "texture": "#texture" },
        "up":    { "uv": [ 3.875, 13.25, 6.375, 13.375 ], "texture": "#texture" },
        "north": { "uv": [ 9.625, 12, 12.125, 13.75 ], "texture": "#texture" },
        "south": { "uv": [ 3.875, 12, 6.375, 13.75 ], "texture": "#texture" },
        "west":  { "uv": [ 13.25, 12, 13.375, 13.75 ], "texture": "#texture" },
        "east":  { "uv": [ 2.625, 12, 2.75, 13.75 ], "texture": "#texture" }
    }
},
{
    "from": [ -8.5, 16.5, 29.5 ],
    "to": [ 1, 23.5, 30 ],
    "faces": {
        "down":  { "uv": [ 12.125, 13.5, 9.75, 13.375 ], "texture": "#texture" },
        "up":    { "uv": [ 3.875, 13.375, 6.25, 13.5 ], "texture": "#texture" },
        "north": { "uv": [ 9.75, 12, 12.125, 13.75 ], "texture": "#texture" },
        "south": { "uv": [ 3.875, 12, 6.25, 13.75 ], "texture": "#texture" },
        "west":  { "uv": [ 13.375, 12, 13.5, 13.75 ], "texture": "#texture" },
        "east":  { "uv": [ 2.5, 12, 2.625, 13.75 ], "texture": "#texture" }
    }
},
{
    "from": [ -8.5, 16.5, 30 ],
    "to": [ 0, 23.5, 30.5 ],
    "faces": {
        "down":  { "uv": [ 12.125, 13.625, 10, 13.5 ], "texture": "#texture" },
        "up":    { "uv": [ 3.875, 13.5, 6, 13.625 ], "texture": "#texture" },
        "north": { "uv": [ 10, 12, 12.125, 13.75 ], "texture": "#texture" },
        "south": { "uv": [ 3.875, 12, 6, 13.75 ], "texture": "#texture" },
        "west":  { "uv": [ 13.5, 12, 13.625, 13.75 ], "texture": "#texture" },
        "east":  { "uv": [ 2.375, 12, 2.5, 13.75 ], "texture": "#texture" }
    }
},
{
    "from": [ -8.5, 19, 30.5 ],
    "to": [ -2.5, 23.5, 31 ],
    "faces": {
        "down":  { "uv": [ 12.125, 13.75, 10.625, 13.625 ], "texture": "#texture" },
        "up":    { "uv": [ 3.875, 13.625, 5.375, 13.75 ], "texture": "#texture" },
        "north": { "uv": [ 10.625, 12, 12.125, 13.125 ], "texture": "#texture" },
        "south": { "uv": [ 3.875, 12, 5.375, 13.125 ], "texture": "#texture" },
        "west":  { "uv": [ 13.625, 12, 13.75, 13.125 ], "texture": "#texture" },
        "east":  { "uv": [ 2.25, 12, 2.375, 13.125 ], "texture": "#texture" }
    }
},
{
    "from": [ -9, 22.5, 0.5 ],
    "to": [ -8.5, 23.5, 31 ],
    "faces": {
        "down":  { "uv": [ 12.25, 13.75, 12.125, 6.125 ], "texture": "#texture" },
        "up":    { "uv": [ 3.75, 6.125, 3.875, 13.75 ], "texture": "#texture" },
        "north": { "uv": [ 12.125, 12, 12.25, 12.25 ], "texture": "#texture" },
        "south": { "uv": [ 3.75, 12, 3.875, 12.25 ], "texture": "#texture" },
        "west":  { "uv": [ 6.125, 12, 13.75, 12.25 ], "texture": "#texture" },
        "east":  { "uv": [ 2.25, 12, 9.875, 12.25 ], "texture": "#texture" }
    }
},
{
    "from": [ -9.5, 19.5, 0.5 ],
    "to": [ -9, 23, 31 ],
    "faces": {
        "down":  { "uv": [ 12.375, 13.75, 12.25, 6.125 ], "texture": "#texture" },
        "up":    { "uv": [ 3.625, 6.125, 3.75, 13.75 ], "texture": "#texture" },
        "north": { "uv": [ 12.25, 12.125, 12.375, 13 ], "texture": "#texture" },
        "south": { "uv": [ 3.625, 12.125, 3.75, 13 ], "texture": "#texture" },
        "west":  { "uv": [ 6.125, 12.125, 13.75, 13 ], "texture": "#texture" },
        "east":  { "uv": [ 2.25, 12.125, 9.875, 13 ], "texture": "#texture" }
    }
},
{
    "from": [ -10, 19, 0.5 ],
    "to": [ -9, 19.5, 31 ],
    "faces": {
        "down":  { "uv": [ 12.5, 13.75, 12.25, 6.125 ], "texture": "#texture" },
        "up":    { "uv": [ 3.5, 6.125, 3.75, 13.75 ], "texture": "#texture" },
        "north": { "uv": [ 12.25, 13, 12.5, 13.125 ], "texture": "#texture" },
        "south": { "uv": [ 3.5, 13, 3.75, 13.125 ], "texture": "#texture" },
        "west":  { "uv": [ 6.125, 13, 13.75, 13.125 ], "texture": "#texture" },
        "east":  { "uv": [ 2.25, 13, 9.875, 13.125 ], "texture": "#texture" }
    }
},
{
    "from": [ -13, 18, 0.5 ],
    "to": [ -10, 18.5, 31 ],
    "faces": {
        "down":  { "uv": [ 13.25, 13.75, 12.5, 6.125 ], "texture": "#texture" },
        "up":    { "uv": [ 2.75, 6.125, 3.5, 13.75 ], "texture": "#texture" },
        "north": { "uv": [ 12.5, 13.25, 13.25, 13.375 ], "texture": "#texture" },
        "south": { "uv": [ 2.75, 13.25, 3.5, 13.375 ], "texture": "#texture" },
        "west":  { "uv": [ 6.125, 13.25, 13.75, 13.375 ], "texture": "#texture" },
        "east":  { "uv": [ 2.25, 13.25, 9.875, 13.375 ], "texture": "#texture" }
    }
},
{
    "from": [ -13.5, 17, 0.5 ],
    "to": [ -13, 18, 31 ],
    "faces": {
        "down":  { "uv": [ 13.375, 13.75, 13.25, 6.125 ], "texture": "#texture" },
        "up":    { "uv": [ 2.625, 6.125, 2.75, 13.75 ], "texture": "#texture" },
        "north": { "uv": [ 13.25, 13.375, 13.375, 13.625 ], "texture": "#texture" },
        "south": { "uv": [ 2.625, 13.375, 2.75, 13.625 ], "texture": "#texture" },
        "west":  { "uv": [ 6.125, 13.375, 13.75, 13.625 ], "texture": "#texture" },
        "east":  { "uv": [ 2.25, 13.375, 9.875, 13.625 ], "texture": "#texture" }
    }
},
{
    "from": [ -14, 17.5, 1.5 ],
    "to": [ -10, 19, 30 ],
    "faces": {
        "down":  { "uv": [ 13.5, 13.5, 12.5, 6.375 ], "texture": "#quartz_block_top" },
        "up":    { "uv": [ 2.5, 6.375, 3.5, 13.5 ], "texture": "#quartz_block_top" },
        "north": { "uv": [ 12.5, 13.125, 13.5, 13.5 ], "texture": "#quartz_block_top" },
        "south": { "uv": [ 2.5, 13.125, 3.5, 13.5 ], "texture": "#quartz_block_top" },
        "west":  { "uv": [ 6.375, 13.125, 13.5, 13.5 ], "texture": "#quartz_block_top" },
        "east":  { "uv": [ 2.5, 13.125, 9.625, 13.5 ], "texture": "#quartz_block_top" }
    }
},
{
    "from": [ -10, 19.5, 0.5 ],
    "to": [ -9.5, 22.5, 1.5 ],
    "faces": {
        "down":  { "uv": [ 12.5, 6.375, 12.375, 6.125 ], "texture": "#texture" },
        "up":    { "uv": [ 3.5, 6.125, 3.625, 6.375 ], "texture": "#texture" },
        "north": { "uv": [ 12.375, 12.25, 12.5, 13 ], "texture": "#texture" },
        "south": { "uv": [ 3.5, 12.25, 3.625, 13 ], "texture": "#texture" },
        "west":  { "uv": [ 6.125, 12.25, 6.375, 13 ], "texture": "#texture" },
        "east":  { "uv": [ 9.625, 12.25, 9.875, 13 ], "texture": "#texture" }
    }
},
{
    "from": [ -10.5, 19.5, 0.5 ],
    "to": [ -10, 21.5, 1.5 ],
    "faces": {
        "down":  { "uv": [ 12.625, 6.375, 12.5, 6.125 ], "texture": "#texture" },
        "up":    { "uv": [ 3.375, 6.125, 3.5, 6.375 ], "texture": "#texture" },
        "north": { "uv": [ 12.5, 12.5, 12.625, 13 ], "texture": "#texture" },
        "south": { "uv": [ 3.375, 12.5, 3.5, 13 ], "texture": "#texture" },
        "west":  { "uv": [ 6.125, 12.5, 6.375, 13 ], "texture": "#texture" },
        "east":  { "uv": [ 9.625, 12.5, 9.875, 13 ], "texture": "#texture" }
    }
},
{
    "from": [ -11.5, 19, 0.5 ],
    "to": [ -10.5, 20.5, 1.5 ],
    "faces": {
        "down":  { "uv": [ 12.875, 6.375, 12.625, 6.125 ], "texture": "#texture" },
        "up":    { "uv": [ 3.125, 6.125, 3.375, 6.375 ], "texture": "#texture" },
        "north": { "uv": [ 12.625, 12.75, 12.875, 13.125 ], "texture": "#texture" },
        "south": { "uv": [ 3.125, 12.75, 3.375, 13.125 ], "texture": "#texture" },
        "west":  { "uv": [ 6.125, 12.75, 6.375, 13.125 ], "texture": "#texture" },
        "east":  { "uv": [ 9.625, 12.75, 9.875, 13.125 ], "texture": "#texture" }
    }
},
{
    "from": [ -13, 18.5, 0.5 ],
    "to": [ -11.5, 20, 1.5 ],
    "faces": {
        "down":  { "uv": [ 13.25, 6.375, 12.875, 6.125 ], "texture": "#texture" },
        "up":    { "uv": [ 2.75, 6.125, 3.125, 6.375 ], "texture": "#texture" },
        "north": { "uv": [ 12.875, 12.875, 13.25, 13.25 ], "texture": "#texture" },
        "south": { "uv": [ 2.75, 12.875, 3.125, 13.25 ], "texture": "#texture" },
        "west":  { "uv": [ 6.125, 12.875, 6.375, 13.25 ], "texture": "#texture" },
        "east":  { "uv": [ 9.625, 12.875, 9.875, 13.25 ], "texture": "#texture" }
    }
},
{
    "from": [ -14, 16, 0.5 ],
    "to": [ -13.5, 19, 1.5 ],
    "faces": {
        "down":  { "uv": [ 13.5, 6.375, 13.375, 6.125 ], "texture": "#texture" },
        "up":    { "uv": [ 2.5, 6.125, 2.625, 6.375 ], "texture": "#texture" },
        "north": { "uv": [ 13.375, 13.125, 13.5, 13.875 ], "texture": "#texture" },
        "south": { "uv": [ 2.5, 13.125, 2.625, 13.875 ], "texture": "#texture" },
        "west":  { "uv": [ 6.125, 13.125, 6.375, 13.875 ], "texture": "#texture" },
        "east":  { "uv": [ 9.625, 13.125, 9.875, 13.875 ], "texture": "#texture" }
    }
},
{
    "from": [ -14, 16, 30 ],
    "to": [ -13.5, 19, 31 ],
    "faces": {
        "down":  { "uv": [ 13.5, 13.75, 13.375, 13.5 ], "texture": "#texture" },
        "up":    { "uv": [ 2.5, 13.5, 2.625, 13.75 ], "texture": "#texture" },
        "north": { "uv": [ 13.375, 13.125, 13.5, 13.875 ], "texture": "#texture" },
        "south": { "uv": [ 2.5, 13.125, 2.625, 13.875 ], "texture": "#texture" },
        "west":  { "uv": [ 13.5, 13.125, 13.75, 13.875 ], "texture": "#texture" },
        "east":  { "uv": [ 2.25, 13.125, 2.5, 13.875 ], "texture": "#texture" }
    }
},
{
    "from": [ -13, 18, 30 ],
    "to": [ -11.5, 20, 31 ],
    "faces": {
        "down":  { "uv": [ 13.25, 13.75, 12.875, 13.5 ], "texture": "#texture" },
        "up":    { "uv": [ 2.75, 13.5, 3.125, 13.75 ], "texture": "#texture" },
        "north": { "uv": [ 12.875, 12.875, 13.25, 13.375 ], "texture": "#texture" },
        "south": { "uv": [ 2.75, 12.875, 3.125, 13.375 ], "texture": "#texture" },
        "west":  { "uv": [ 13.5, 12.875, 13.75, 13.375 ], "texture": "#texture" },
        "east":  { "uv": [ 2.25, 12.875, 2.5, 13.375 ], "texture": "#texture" }
    }
},
{
    "from": [ -11.5, 18, 30 ],
    "to": [ -10.5, 20.5, 31 ],
    "faces": {
        "down":  { "uv": [ 12.875, 13.75, 12.625, 13.5 ], "texture": "#texture" },
        "up":    { "uv": [ 3.125, 13.5, 3.375, 13.75 ], "texture": "#texture" },
        "north": { "uv": [ 12.625, 12.75, 12.875, 13.375 ], "texture": "#texture" },
        "south": { "uv": [ 3.125, 12.75, 3.375, 13.375 ], "texture": "#texture" },
        "west":  { "uv": [ 13.5, 12.75, 13.75, 13.375 ], "texture": "#texture" },
        "east":  { "uv": [ 2.25, 12.75, 2.5, 13.375 ], "texture": "#texture" }
    }
},
{
    "from": [ -10.5, 18, 30 ],
    "to": [ -10, 21.5, 31 ],
    "faces": {
        "down":  { "uv": [ 12.625, 13.75, 12.5, 13.5 ], "texture": "#texture" },
        "up":    { "uv": [ 3.375, 13.5, 3.5, 13.75 ], "texture": "#texture" },
        "north": { "uv": [ 12.5, 12.5, 12.625, 13.375 ], "texture": "#texture" },
        "south": { "uv": [ 3.375, 12.5, 3.5, 13.375 ], "texture": "#texture" },
        "west":  { "uv": [ 13.5, 12.5, 13.75, 13.375 ], "texture": "#texture" },
        "east":  { "uv": [ 2.25, 12.5, 2.5, 13.375 ], "texture": "#texture" }
    }
},
{
    "from": [ -10, 19.5, 30 ],
    "to": [ -9.5, 22.5, 31 ],
    "faces": {
        "down":  { "uv": [ 12.5, 13.75, 12.375, 13.5 ], "texture": "#texture" },
        "up":    { "uv": [ 3.5, 13.5, 3.625, 13.75 ], "texture": "#texture" },
        "north": { "uv": [ 12.375, 12.25, 12.5, 13 ], "texture": "#texture" },
        "south": { "uv": [ 3.5, 12.25, 3.625, 13 ], "texture": "#texture" },
        "west":  { "uv": [ 13.5, 12.25, 13.75, 13 ], "texture": "#texture" },
        "east":  { "uv": [ 2.25, 12.25, 2.5, 13 ], "texture": "#texture" }
    }
},
{
    "from": [ -14.125, 16.5, 0.5 ],
    "to": [ -3.125, 18.5, 31 ],
    "faces": {
        "down":  { "uv": [ 13.5313, 13.75, 10.7813, 6.125 ], "texture": "#texture" },
        "up":    { "uv": [ 2.46875, 6.125, 5.21875, 13.75 ], "texture": "#texture" },
        "north": { "uv": [ 10.781299591064453, 13.25, 13.531299591064453, 13.75 ], "texture": "#texture" },
        "south": { "uv": [ 2.46875, 13.25, 5.21875, 13.75 ], "texture": "#texture" },
        "west":  { "uv": [ 6.125, 13.25, 13.75, 13.75 ], "texture": "#texture" },
        "east":  { "uv": [ 2.25, 13.25, 9.875, 13.75 ], "texture": "#texture" }
    }
},
{
    "from": [ -13.5, 16.5, 0.5 ],
    "to": [ 25.5, 20, 1 ],
    "faces": {
        "down":  { "uv": [ 13.375, 6.25, 3.625, 6.125 ], "texture": "#texture" },
        "up":    { "uv": [ 2.625, 6.125, 12.375, 6.25 ], "texture": "#texture" },
        "north": { "uv": [ 3.625, 12.875, 13.375, 13.75 ], "texture": "#texture" },
        "south": { "uv": [ 2.625, 12.875, 12.375, 13.75 ], "texture": "#texture" },
        "west":  { "uv": [ 6.125, 12.875, 6.25, 13.75 ], "texture": "#texture" },
        "east":  { "uv": [ 9.75, 12.875, 9.875, 13.75 ], "texture": "#texture" }
    }
},
{
    "from": [ -9, 20, 0.5 ],
    "to": [ 25.5, 22.5, 1 ],
    "faces": {
        "down":  { "uv": [ 12.25, 6.25, 3.625, 6.125 ], "texture": "#texture" },
        "up":    { "uv": [ 3.75, 6.125, 12.375, 6.25 ], "texture": "#texture" },
        "north": { "uv": [ 3.625, 12.25, 12.25, 12.875 ], "texture": "#texture" },
        "south": { "uv": [ 3.75, 12.25, 12.375, 12.875 ], "texture": "#texture" },
        "west":  { "uv": [ 6.125, 12.25, 6.25, 12.875 ], "texture": "#texture" },
        "east":  { "uv": [ 9.75, 12.25, 9.875, 12.875 ], "texture": "#texture" }
    }
},
{
    "from": [ -9, 16.5, 30.5 ],
    "to": [ -2.5, 22.5, 31 ],
    "faces": {
        "down":  { "uv": [ 12.25, 13.75, 10.625, 13.625 ], "texture": "#texture" },
        "up":    { "uv": [ 3.75, 13.625, 5.375, 13.75 ], "texture": "#texture" },
        "north": { "uv": [ 10.625, 12.25, 12.25, 13.75 ], "texture": "#texture" },
        "south": { "uv": [ 3.75, 12.25, 5.375, 13.75 ], "texture": "#texture" },
        "west":  { "uv": [ 13.625, 12.25, 13.75, 13.75 ], "texture": "#texture" },
        "east":  { "uv": [ 2.25, 12.25, 2.375, 13.75 ], "texture": "#texture" }
    }
},
{
    "from": [ -13.5, 18, 0.5 ],
    "to": [ -12, 19.5, 1.5 ],
    "faces": {
        "down":  { "uv": [ 13.375, 6.375, 13, 6.125 ], "texture": "#texture" },
        "up":    { "uv": [ 2.625, 6.125, 3, 6.375 ], "texture": "#texture" },
        "north": { "uv": [ 13, 13, 13.375, 13.375 ], "texture": "#texture" },
        "south": { "uv": [ 2.625, 13, 3, 13.375 ], "texture": "#texture" },
        "west":  { "uv": [ 6.125, 13, 6.375, 13.375 ], "texture": "#texture" },
        "east":  { "uv": [ 9.625, 13, 9.875, 13.375 ], "texture": "#texture" }
    }
},
{
    "from": [ -13.5, 17.5, 30 ],
    "to": [ -12, 19.5, 31 ],
    "faces": {
        "down":  { "uv": [ 13.375, 13.75, 13, 13.5 ], "texture": "#texture" },
        "up":    { "uv": [ 2.625, 13.5, 3, 13.75 ], "texture": "#texture" },
        "north": { "uv": [ 13, 13, 13.375, 13.5 ], "texture": "#texture" },
        "south": { "uv": [ 2.625, 13, 3, 13.5 ], "texture": "#texture" },
        "west":  { "uv": [ 13.5, 13, 13.75, 13.5 ], "texture": "#texture" },
        "east":  { "uv": [ 2.25, 13, 2.5, 13.5 ], "texture": "#texture" }
    }
},
{
    "from": [ -12.5, 17.5, 22 ],
    "to": [ -10, 19.5, 22.5 ],
    "faces": {
        "down":  { "uv": [ 13.125, 11.625, 12.5, 11.5 ], "texture": "#texture" },
        "up":    { "uv": [ 2.875, 11.5, 3.5, 11.625 ], "texture": "#texture" },
        "north": { "uv": [ 12.5, 13, 13.125, 13.5 ], "texture": "#texture" },
        "south": { "uv": [ 2.875, 13, 3.5, 13.5 ], "texture": "#texture" },
        "west":  { "uv": [ 11.5, 13, 11.625, 13.5 ], "texture": "#texture" },
        "east":  { "uv": [ 4.375, 13, 4.5, 13.5 ], "texture": "#texture" }
    }
},
{
    "from": [ -12.5, 17.5, 29 ],
    "to": [ -10, 19.5, 29.5 ],
    "faces": {
        "down":  { "uv": [ 13.125, 13.375, 12.5, 13.25 ], "texture": "#texture" },
        "up":    { "uv": [ 2.875, 13.25, 3.5, 13.375 ], "texture": "#texture" },
        "north": { "uv": [ 12.5, 13, 13.125, 13.5 ], "texture": "#texture" },
        "south": { "uv": [ 2.875, 13, 3.5, 13.5 ], "texture": "#texture" },
        "west":  { "uv": [ 13.25, 13, 13.375, 13.5 ], "texture": "#texture" },
        "east":  { "uv": [ 2.625, 13, 2.75, 13.5 ], "texture": "#texture" }
    }
},
{
    "from": [ -12.5, 17.5, 28 ],
    "to": [ -10, 19.5, 28.5 ],
    "faces": {
        "down":  { "uv": [ 13.125, 13.125, 12.5, 13 ], "texture": "#texture" },
        "up":    { "uv": [ 2.875, 13, 3.5, 13.125 ], "texture": "#texture" },
        "north": { "uv": [ 12.5, 13, 13.125, 13.5 ], "texture": "#texture" },
        "south": { "uv": [ 2.875, 13, 3.5, 13.5 ], "texture": "#texture" },
        "west":  { "uv": [ 13, 13, 13.125, 13.5 ], "texture": "#texture" },
        "east":  { "uv": [ 2.875, 13, 3, 13.5 ], "texture": "#texture" }
    }
},
{
    "from": [ -12.5, 17.5, 26.5 ],
    "to": [ -10, 19.5, 27 ],
    "faces": {
        "down":  { "uv": [ 13.125, 12.75, 12.5, 12.625 ], "texture": "#texture" },
        "up":    { "uv": [ 2.875, 12.625, 3.5, 12.75 ], "texture": "#texture" },
        "north": { "uv": [ 12.5, 13, 13.125, 13.5 ], "texture": "#texture" },
        "south": { "uv": [ 2.875, 13, 3.5, 13.5 ], "texture": "#texture" },
        "west":  { "uv": [ 12.625, 13, 12.75, 13.5 ], "texture": "#texture" },
        "east":  { "uv": [ 3.25, 13, 3.375, 13.5 ], "texture": "#texture" }
    }
},
{
    "from": [ -12.5, 17.5, 25.5 ],
    "to": [ -10, 19.5, 26 ],
    "faces": {
        "down":  { "uv": [ 13.125, 12.5, 12.5, 12.375 ], "texture": "#texture" },
        "up":    { "uv": [ 2.875, 12.375, 3.5, 12.5 ], "texture": "#texture" },
        "north": { "uv": [ 12.5, 13, 13.125, 13.5 ], "texture": "#texture" },
        "south": { "uv": [ 2.875, 13, 3.5, 13.5 ], "texture": "#texture" },
        "west":  { "uv": [ 12.375, 13, 12.5, 13.5 ], "texture": "#texture" },
        "east":  { "uv": [ 3.5, 13, 3.625, 13.5 ], "texture": "#texture" }
    }
},
{
    "from": [ -12.5, 17.5, 24.5 ],
    "to": [ -10, 19.5, 25 ],
    "faces": {
        "down":  { "uv": [ 13.125, 12.25, 12.5, 12.125 ], "texture": "#texture" },
        "up":    { "uv": [ 2.875, 12.125, 3.5, 12.25 ], "texture": "#texture" },
        "north": { "uv": [ 12.5, 13, 13.125, 13.5 ], "texture": "#texture" },
        "south": { "uv": [ 2.875, 13, 3.5, 13.5 ], "texture": "#texture" },
        "west":  { "uv": [ 12.125, 13, 12.25, 13.5 ], "texture": "#texture" },
        "east":  { "uv": [ 3.75, 13, 3.875, 13.5 ], "texture": "#texture" }
    }
},
{
    "from": [ -12.5, 17.5, 23 ],
    "to": [ -10, 19.5, 23.5 ],
    "faces": {
        "down":  { "uv": [ 13.125, 11.875, 12.5, 11.75 ], "texture": "#texture" },
        "up":    { "uv": [ 2.875, 11.75, 3.5, 11.875 ], "texture": "#texture" },
        "north": { "uv": [ 12.5, 13, 13.125, 13.5 ], "texture": "#texture" },
        "south": { "uv": [ 2.875, 13, 3.5, 13.5 ], "texture": "#texture" },
        "west":  { "uv": [ 11.75, 13, 11.875, 13.5 ], "texture": "#texture" },
        "east":  { "uv": [ 4.125, 13, 4.25, 13.5 ], "texture": "#texture" }
    }
},
{
    "from": [ -12.5, 17.5, 20.5 ],
    "to": [ -10, 19.5, 21 ],
    "faces": {
        "down":  { "uv": [ 13.125, 11.25, 12.5, 11.125 ], "texture": "#texture" },
        "up":    { "uv": [ 2.875, 11.125, 3.5, 11.25 ], "texture": "#texture" },
        "north": { "uv": [ 12.5, 13, 13.125, 13.5 ], "texture": "#texture" },
        "south": { "uv": [ 2.875, 13, 3.5, 13.5 ], "texture": "#texture" },
        "west":  { "uv": [ 11.125, 13, 11.25, 13.5 ], "texture": "#texture" },
        "east":  { "uv": [ 4.75, 13, 4.875, 13.5 ], "texture": "#texture" }
    }
},
{
    "from": [ -12.5, 17.5, 19.5 ],
    "to": [ -10, 19.5, 20 ],
    "faces": {
        "down":  { "uv": [ 13.125, 11, 12.5, 10.875 ], "texture": "#texture" },
        "up":    { "uv": [ 2.875, 10.875, 3.5, 11 ], "texture": "#texture" },
        "north": { "uv": [ 12.5, 13, 13.125, 13.5 ], "texture": "#texture" },
        "south": { "uv": [ 2.875, 13, 3.5, 13.5 ], "texture": "#texture" },
        "west":  { "uv": [ 10.875, 13, 11, 13.5 ], "texture": "#texture" },
        "east":  { "uv": [ 5, 13, 5.125, 13.5 ], "texture": "#texture" }
    }
},
{
    "from": [ -12.5, 17.5, 18.5 ],
    "to": [ -10, 19.5, 19 ],
    "faces": {
        "down":  { "uv": [ 13.125, 10.75, 12.5, 10.625 ], "texture": "#texture" },
        "up":    { "uv": [ 2.875, 10.625, 3.5, 10.75 ], "texture": "#texture" },
        "north": { "uv": [ 12.5, 13, 13.125, 13.5 ], "texture": "#texture" },
        "south": { "uv": [ 2.875, 13, 3.5, 13.5 ], "texture": "#texture" },
        "west":  { "uv": [ 10.625, 13, 10.75, 13.5 ], "texture": "#texture" },
        "east":  { "uv": [ 5.25, 13, 5.375, 13.5 ], "texture": "#texture" }
    }
},
{
    "from": [ -12.5, 17.5, 17 ],
    "to": [ -10, 19.5, 17.5 ],
    "faces": {
        "down":  { "uv": [ 13.125, 10.375, 12.5, 10.25 ], "texture": "#texture" },
        "up":    { "uv": [ 2.875, 10.25, 3.5, 10.375 ], "texture": "#texture" },
        "north": { "uv": [ 12.5, 13, 13.125, 13.5 ], "texture": "#texture" },
        "south": { "uv": [ 2.875, 13, 3.5, 13.5 ], "texture": "#texture" },
        "west":  { "uv": [ 10.25, 13, 10.375, 13.5 ], "texture": "#texture" },
        "east":  { "uv": [ 5.625, 13, 5.75, 13.5 ], "texture": "#texture" }
    }
},
{
    "from": [ -12.5, 17.5, 16 ],
    "to": [ -10, 19.5, 16.5 ],
    "faces": {
        "down":  { "uv": [ 13.125, 10.125, 12.5, 10 ], "texture": "#texture" },
        "up":    { "uv": [ 2.875, 10, 3.5, 10.125 ], "texture": "#texture" },
        "north": { "uv": [ 12.5, 13, 13.125, 13.5 ], "texture": "#texture" },
        "south": { "uv": [ 2.875, 13, 3.5, 13.5 ], "texture": "#texture" },
        "west":  { "uv": [ 10, 13, 10.125, 13.5 ], "texture": "#texture" },
        "east":  { "uv": [ 5.875, 13, 6, 13.5 ], "texture": "#texture" }
    }
},
{
    "from": [ -12.5, 17.5, 14.5 ],
    "to": [ -10, 19.5, 15 ],
    "faces": {
        "down":  { "uv": [ 13.125, 9.75, 12.5, 9.625 ], "texture": "#texture" },
        "up":    { "uv": [ 2.875, 9.625, 3.5, 9.75 ], "texture": "#texture" },
        "north": { "uv": [ 12.5, 13, 13.125, 13.5 ], "texture": "#texture" },
        "south": { "uv": [ 2.875, 13, 3.5, 13.5 ], "texture": "#texture" },
        "west":  { "uv": [ 9.625, 13, 9.75, 13.5 ], "texture": "#texture" },
        "east":  { "uv": [ 6.25, 13, 6.375, 13.5 ], "texture": "#texture" }
    }
},
{
    "from": [ -12.5, 17.5, 13.5 ],
    "to": [ -10, 19.5, 14 ],
    "faces": {
        "down":  { "uv": [ 13.125, 9.5, 12.5, 9.375 ], "texture": "#texture" },
        "up":    { "uv": [ 2.875, 9.375, 3.5, 9.5 ], "texture": "#texture" },
        "north": { "uv": [ 12.5, 13, 13.125, 13.5 ], "texture": "#texture" },
        "south": { "uv": [ 2.875, 13, 3.5, 13.5 ], "texture": "#texture" },
        "west":  { "uv": [ 9.375, 13, 9.5, 13.5 ], "texture": "#texture" },
        "east":  { "uv": [ 6.5, 13, 6.625, 13.5 ], "texture": "#texture" }
    }
},
{
    "from": [ -12.5, 17.5, 12.5 ],
    "to": [ -10, 19.5, 13 ],
    "faces": {
        "down":  { "uv": [ 13.125, 9.25, 12.5, 9.125 ], "texture": "#texture" },
        "up":    { "uv": [ 2.875, 9.125, 3.5, 9.25 ], "texture": "#texture" },
        "north": { "uv": [ 12.5, 13, 13.125, 13.5 ], "texture": "#texture" },
        "south": { "uv": [ 2.875, 13, 3.5, 13.5 ], "texture": "#texture" },
        "west":  { "uv": [ 9.125, 13, 9.25, 13.5 ], "texture": "#texture" },
        "east":  { "uv": [ 6.75, 13, 6.875, 13.5 ], "texture": "#texture" }
    }
},
{
    "from": [ -12.5, 17.5, 11 ],
    "to": [ -10, 19.5, 11.5 ],
    "faces": {
        "down":  { "uv": [ 13.125, 8.875, 12.5, 8.75 ], "texture": "#texture" },
        "up":    { "uv": [ 2.875, 8.75, 3.5, 8.875 ], "texture": "#texture" },
        "north": { "uv": [ 12.5, 13, 13.125, 13.5 ], "texture": "#texture" },
        "south": { "uv": [ 2.875, 13, 3.5, 13.5 ], "texture": "#texture" },
        "west":  { "uv": [ 8.75, 13, 8.875, 13.5 ], "texture": "#texture" },
        "east":  { "uv": [ 7.125, 13, 7.25, 13.5 ], "texture": "#texture" }
    }
},
{
    "from": [ -12.5, 17.5, 10 ],
    "to": [ -10, 19.5, 10.5 ],
    "faces": {
        "down":  { "uv": [ 13.125, 8.625, 12.5, 8.5 ], "texture": "#texture" },
        "up":    { "uv": [ 2.875, 8.5, 3.5, 8.625 ], "texture": "#texture" },
        "north": { "uv": [ 12.5, 13, 13.125, 13.5 ], "texture": "#texture" },
        "south": { "uv": [ 2.875, 13, 3.5, 13.5 ], "texture": "#texture" },
        "west":  { "uv": [ 8.5, 13, 8.625, 13.5 ], "texture": "#texture" },
        "east":  { "uv": [ 7.375, 13, 7.5, 13.5 ], "texture": "#texture" }
    }
},
{
    "from": [ -12.5, 17.5, 7.5 ],
    "to": [ -10, 19.5, 8 ],
    "faces": {
        "down":  { "uv": [ 13.125, 8, 12.5, 7.875 ], "texture": "#texture" },
        "up":    { "uv": [ 2.875, 7.875, 3.5, 8 ], "texture": "#texture" },
        "north": { "uv": [ 12.5, 13, 13.125, 13.5 ], "texture": "#texture" },
        "south": { "uv": [ 2.875, 13, 3.5, 13.5 ], "texture": "#texture" },
        "west":  { "uv": [ 7.875, 13, 8, 13.5 ], "texture": "#texture" },
        "east":  { "uv": [ 8, 13, 8.125, 13.5 ], "texture": "#texture" }
    }
},
{
    "from": [ -12.5, 17.5, 8.5 ],
    "to": [ -10, 19.5, 9 ],
    "faces": {
        "down":  { "uv": [ 13.125, 8.25, 12.5, 8.125 ], "texture": "#texture" },
        "up":    { "uv": [ 2.875, 8.125, 3.5, 8.25 ], "texture": "#texture" },
        "north": { "uv": [ 12.5, 13, 13.125, 13.5 ], "texture": "#texture" },
        "south": { "uv": [ 2.875, 13, 3.5, 13.5 ], "texture": "#texture" },
        "west":  { "uv": [ 8.125, 13, 8.25, 13.5 ], "texture": "#texture" },
        "east":  { "uv": [ 7.75, 13, 7.875, 13.5 ], "texture": "#texture" }
    }
},
{
    "from": [ -12.5, 17.5, 6.5 ],
    "to": [ -10, 19.5, 7 ],
    "faces": {
        "down":  { "uv": [ 13.125, 7.75, 12.5, 7.625 ], "texture": "#texture" },
        "up":    { "uv": [ 2.875, 7.625, 3.5, 7.75 ], "texture": "#texture" },
        "north": { "uv": [ 12.5, 13, 13.125, 13.5 ], "texture": "#texture" },
        "south": { "uv": [ 2.875, 13, 3.5, 13.5 ], "texture": "#texture" },
        "west":  { "uv": [ 7.625, 13, 7.75, 13.5 ], "texture": "#texture" },
        "east":  { "uv": [ 8.25, 13, 8.375, 13.5 ], "texture": "#texture" }
    }
},
{
    "from": [ -12.5, 17.5, 5 ],
    "to": [ -10, 19.5, 5.5 ],
    "faces": {
        "down":  { "uv": [ 13.125, 7.375, 12.5, 7.25 ], "texture": "#texture" },
        "up":    { "uv": [ 2.875, 7.25, 3.5, 7.375 ], "texture": "#texture" },
        "north": { "uv": [ 12.5, 13, 13.125, 13.5 ], "texture": "#texture" },
        "south": { "uv": [ 2.875, 13, 3.5, 13.5 ], "texture": "#texture" },
        "west":  { "uv": [ 7.25, 13, 7.375, 13.5 ], "texture": "#texture" },
        "east":  { "uv": [ 8.625, 13, 8.75, 13.5 ], "texture": "#texture" }
    }
},
{
    "from": [ -12.5, 17.5, 4 ],
    "to": [ -10, 19.5, 4.5 ],
    "faces": {
        "down":  { "uv": [ 13.125, 7.125, 12.5, 7 ], "texture": "#texture" },
        "up":    { "uv": [ 2.875, 7, 3.5, 7.125 ], "texture": "#texture" },
        "north": { "uv": [ 12.5, 13, 13.125, 13.5 ], "texture": "#texture" },
        "south": { "uv": [ 2.875, 13, 3.5, 13.5 ], "texture": "#texture" },
        "west":  { "uv": [ 7, 13, 7.125, 13.5 ], "texture": "#texture" },
        "east":  { "uv": [ 8.875, 13, 9, 13.5 ], "texture": "#texture" }
    }
},
{
    "from": [ -12.5, 17.5, 2.5 ],
    "to": [ -10, 19.5, 3 ],
    "faces": {
        "down":  { "uv": [ 13.125, 6.75, 12.5, 6.625 ], "texture": "#texture" },
        "up":    { "uv": [ 2.875, 6.625, 3.5, 6.75 ], "texture": "#texture" },
        "north": { "uv": [ 12.5, 13, 13.125, 13.5 ], "texture": "#texture" },
        "south": { "uv": [ 2.875, 13, 3.5, 13.5 ], "texture": "#texture" },
        "west":  { "uv": [ 6.625, 13, 6.75, 13.5 ], "texture": "#texture" },
        "east":  { "uv": [ 9.25, 13, 9.375, 13.5 ], "texture": "#texture" }
    }
},
{
    "from": [ -12.5, 17.5, 1.5 ],
    "to": [ -10, 19.5, 2 ],
    "faces": {
        "down":  { "uv": [ 13.125, 6.5, 12.5, 6.375 ], "texture": "#texture" },
        "up":    { "uv": [ 2.875, 6.375, 3.5, 6.5 ], "texture": "#texture" },
        "north": { "uv": [ 12.5, 13, 13.125, 13.5 ], "texture": "#texture" },
        "south": { "uv": [ 2.875, 13, 3.5, 13.5 ], "texture": "#texture" },
        "west":  { "uv": [ 6.375, 13, 6.5, 13.5 ], "texture": "#texture" },
        "east":  { "uv": [ 9.5, 13, 9.625, 13.5 ], "texture": "#texture" }
    }
},
{
    "from": [ -10, 18, 30.5 ],
    "to": [ -7, 19.5, 31 ],
    "faces": {
        "down":  { "uv": [ 12.5, 13.75, 11.75, 13.625 ], "texture": "#texture" },
        "up":    { "uv": [ 3.5, 13.625, 4.25, 13.75 ], "texture": "#texture" },
        "north": { "uv": [ 11.75, 13, 12.5, 13.375 ], "texture": "#texture" },
        "south": { "uv": [ 3.5, 13, 4.25, 13.375 ], "texture": "#texture" },
        "west":  { "uv": [ 13.625, 13, 13.75, 13.375 ], "texture": "#texture" },
        "east":  { "uv": [ 2.25, 13, 2.375, 13.375 ], "texture": "#texture" }
    }
},
{
    "from": [ -7.5, 24.5, 9 ],
    "to": [ -7, 26, 22.5 ],
    "faces": {
        "down":  { "uv": [ 11.875, 11.625, 11.75, 8.25 ], "texture": "#wood_pixelated_lighter" },
        "up":    { "uv": [ 4.125, 8.25, 4.25, 11.625 ], "texture": "#wood_pixelated_lighter" },
        "north": { "uv": [ 11.75, 11.375, 11.875, 11.75 ], "texture": "#wood_pixelated_lighter" },
        "south": { "uv": [ 4.125, 11.375, 4.25, 11.75 ], "texture": "#wood_pixelated_lighter" },
        "west":  { "uv": [ 8.25, 11.375, 11.625, 11.75 ], "texture": "#wood_pixelated_lighter" },
        "east":  { "uv": [ 4.375, 11.375, 7.75, 11.75 ], "texture": "#wood_pixelated_lighter" }
    }
},
{
    "from": [ -7, 26, 9.5 ],
    "to": [ -6.5, 27.5, 22 ],
    "faces": {
        "down":  { "uv": [ 11.75, 11.5, 11.625, 8.375 ], "texture": "#wood_pixelated_lighter" },
        "up":    { "uv": [ 4.25, 8.375, 4.375, 11.5 ], "texture": "#wood_pixelated_lighter" },
        "north": { "uv": [ 11.625, 11, 11.75, 11.375 ], "texture": "#wood_pixelated_lighter" },
        "south": { "uv": [ 4.25, 11, 4.375, 11.375 ], "texture": "#wood_pixelated_lighter" },
        "west":  { "uv": [ 8.375, 11, 11.5, 11.375 ], "texture": "#wood_pixelated_lighter" },
        "east":  { "uv": [ 4.5, 11, 7.625, 11.375 ], "texture": "#wood_pixelated_lighter" }
    }
},
{
    "from": [ -6.5, 27.5, 10.5 ],
    "to": [ -6, 28, 21 ],
    "faces": {
        "down":  { "uv": [ 11.625, 11.25, 11.5, 8.625 ], "texture": "#wood_pixelated_lighter" },
        "up":    { "uv": [ 4.375, 8.625, 4.5, 11.25 ], "texture": "#wood_pixelated_lighter" },
        "north": { "uv": [ 11.5, 10.875, 11.625, 11 ], "texture": "#wood_pixelated_lighter" },
        "south": { "uv": [ 4.375, 10.875, 4.5, 11 ], "texture": "#wood_pixelated_lighter" },
        "west":  { "uv": [ 8.625, 10.875, 11.25, 11 ], "texture": "#wood_pixelated_lighter" },
        "east":  { "uv": [ 4.75, 10.875, 7.375, 11 ], "texture": "#wood_pixelated_lighter" }
    }
},
{
    "from": [ -6.5, 28, 14.5 ],
    "to": [ -6, 28.5, 17.5 ],
    "faces": {
        "down":  { "uv": [ 11.625, 10.375, 11.5, 9.625 ], "texture": "#wood_pixelated_lighter" },
        "up":    { "uv": [ 4.375, 9.625, 4.5, 10.375 ], "texture": "#wood_pixelated_lighter" },
        "north": { "uv": [ 11.5, 10.75, 11.625, 10.875 ], "texture": "#wood_pixelated_lighter" },
        "south": { "uv": [ 4.375, 10.75, 4.5, 10.875 ], "texture": "#wood_pixelated_lighter" },
        "west":  { "uv": [ 9.625, 10.75, 10.375, 10.875 ], "texture": "#wood_pixelated_lighter" },
        "east":  { "uv": [ 5.625, 10.75, 6.375, 10.875 ], "texture": "#wood_pixelated_lighter" }
    }
},
{
    "from": [ -8, 23, 9 ],
    "to": [ -7.5, 24.5, 22.5 ],
    "faces": {
        "down":  { "uv": [ 12, 11.625, 11.875, 8.25 ], "texture": "#wood_pixelated_lighter" },
        "up":    { "uv": [ 4, 8.25, 4.125, 11.625 ], "texture": "#wood_pixelated_lighter" },
        "north": { "uv": [ 11.875, 11.75, 12, 12.125 ], "texture": "#wood_pixelated_lighter" },
        "south": { "uv": [ 4, 11.75, 4.125, 12.125 ], "texture": "#wood_pixelated_lighter" },
        "west":  { "uv": [ 8.25, 11.75, 11.625, 12.125 ], "texture": "#wood_pixelated_lighter" },
        "east":  { "uv": [ 4.375, 11.75, 7.75, 12.125 ], "texture": "#wood_pixelated_lighter" }
    }
},
{
    "from": [ -11.5, 16, 29 ],
    "to": [ 1, 16.5, 31 ],
    "faces": {
        "down":  { "uv": [ 12.875, 13.75, 9.75, 13.25 ], "texture": "#texture" },
        "up":    { "uv": [ 3.125, 13.25, 6.25, 13.75 ], "texture": "#texture" },
        "north": { "uv": [ 9.75, 13.75, 12.875, 13.875 ], "texture": "#texture" },
        "south": { "uv": [ 3.125, 13.75, 6.25, 13.875 ], "texture": "#texture" },
        "west":  { "uv": [ 13.25, 13.75, 13.75, 13.875 ], "texture": "#texture" },
        "east":  { "uv": [ 2.25, 13.75, 2.75, 13.875 ], "texture": "#texture" }
    }
},
{
    "from": [ -11, 15.5, 29 ],
    "to": [ 0.5, 16, 31 ],
    "faces": {
        "down":  { "uv": [ 12.75, 13.75, 9.875, 13.25 ], "texture": "#texture" },
        "up":    { "uv": [ 3.25, 13.25, 6.125, 13.75 ], "texture": "#texture" },
        "north": { "uv": [ 9.875, 13.875, 12.75, 14 ], "texture": "#texture" },
        "south": { "uv": [ 3.25, 13.875, 6.125, 14 ], "texture": "#texture" },
        "west":  { "uv": [ 13.25, 13.875, 13.75, 14 ], "texture": "#texture" },
        "east":  { "uv": [ 2.25, 13.875, 2.75, 14 ], "texture": "#texture" }
    }
},
{
    "from": [ -10, 15, 29 ],
    "to": [ 0, 15.5, 31 ],
    "faces": {
        "down":  { "uv": [ 12.5, 13.75, 10, 13.25 ], "texture": "#texture" },
        "up":    { "uv": [ 3.5, 13.25, 6, 13.75 ], "texture": "#texture" },
        "north": { "uv": [ 10, 14, 12.5, 14.125 ], "texture": "#texture" },
        "south": { "uv": [ 3.5, 14, 6, 14.125 ], "texture": "#texture" },
        "west":  { "uv": [ 13.25, 14, 13.75, 14.125 ], "texture": "#texture" },
        "east":  { "uv": [ 2.25, 14, 2.75, 14.125 ], "texture": "#texture" }
    }
},
{
    "from": [ -7, 14.5, 29 ],
    "to": [ -2.5, 15, 31 ],
    "faces": {
        "down":  { "uv": [ 11.75, 13.75, 10.625, 13.25 ], "texture": "#texture" },
        "up":    { "uv": [ 4.25, 13.25, 5.375, 13.75 ], "texture": "#texture" },
        "north": { "uv": [ 10.625, 14.125, 11.75, 14.25 ], "texture": "#texture" },
        "south": { "uv": [ 4.25, 14.125, 5.375, 14.25 ], "texture": "#texture" },
        "west":  { "uv": [ 13.25, 14.125, 13.75, 14.25 ], "texture": "#texture" },
        "east":  { "uv": [ 2.25, 14.125, 2.75, 14.25 ], "texture": "#texture" }
    }
},
{
    "from": [ -6, 8.5, 29 ],
    "to": [ -3.5, 14.5, 31 ],
    "faces": {
        "down":  { "uv": [ 11.5, 13.75, 10.875, 13.25 ], "texture": "#texture" },
        "up":    { "uv": [ 4.5, 13.25, 5.125, 13.75 ], "texture": "#texture" },
        "north": { "uv": [ 10.875, 14.25, 11.5, 15.75 ], "texture": "#texture" },
        "south": { "uv": [ 4.5, 14.25, 5.125, 15.75 ], "texture": "#texture" },
        "west":  { "uv": [ 13.25, 14.25, 13.75, 15.75 ], "texture": "#texture" },
        "east":  { "uv": [ 2.25, 14.25, 2.75, 15.75 ], "texture": "#texture" }
    }
},
{
    "from": [ -5.5, 3.5, 29 ],
    "to": [ -3.5, 8.5, 31 ],
    "faces": {
        "down":  { "uv": [ 11.375, 13.75, 10.875, 13.25 ], "texture": "#texture" },
        "up":    { "uv": [ 4.625, 13.25, 5.125, 13.75 ], "texture": "#texture" },
        "north": { "uv": [ 10.875, 15.75, 11.375, 16 ], "texture": "#texture" },
        "south": { "uv": [ 4.625, 15.75, 5.125, 16 ], "texture": "#texture" },
        "west":  { "uv": [ 13.25, 15.75, 13.75, 16 ], "texture": "#texture" },
        "east":  { "uv": [ 2.25, 15.75, 2.75, 16 ], "texture": "#texture" }
    }
},
{
    "from": [ -6, 2.5, 28.5 ],
    "to": [ -3.5, 3.5, 31.5 ],
    "faces": {
        "down":  { "uv": [ 11.5, 13.875, 10.875, 13.125 ], "texture": "#texture" },
        "up":    { "uv": [ 4.5, 13.125, 5.125, 13.875 ], "texture": "#texture" },
        "north": { "uv": [ 10.875, 16, 11.5, 16 ], "texture": "#texture" },
        "south": { "uv": [ 4.5, 16, 5.125, 16 ], "texture": "#texture" },
        "west":  { "uv": [ 13.125, 16, 13.875, 16 ], "texture": "#texture" },
        "east":  { "uv": [ 2.125, 16, 2.875, 16 ], "texture": "#texture" }
    }
},
{
    "from": [ -5.5, 0, 29.5 ],
    "to": [ -4, 2.5, 30.5 ],
    "faces": {
        "down":  { "uv": [ 11.375, 13.625, 11, 13.375 ], "texture": "#quartz_block_top" },
        "up":    { "uv": [ 4.625, 13.375, 5, 13.625 ], "texture": "#quartz_block_top" },
        "north": { "uv": [ 11, 16, 11.375, 16 ], "texture": "#quartz_block_top" },
        "south": { "uv": [ 4.625, 16, 5, 16 ], "texture": "#quartz_block_top" },
        "west":  { "uv": [ 13.375, 16, 13.625, 16 ], "texture": "#quartz_block_top" },
        "east":  { "uv": [ 2.375, 16, 2.625, 16 ], "texture": "#quartz_block_top" }
    }
},
{
    "from": [ -6, 0.5, 29.5 ],
    "to": [ -3.5, 2, 30.5 ],
    "faces": {
        "down":  { "uv": [ 11.5, 13.625, 10.875, 13.375 ], "texture": "#quartz_block_top" },
        "up":    { "uv": [ 4.5, 13.375, 5.125, 13.625 ], "texture": "#quartz_block_top" },
        "north": { "uv": [ 10.875, 16, 11.5, 16 ], "texture": "#quartz_block_top" },
        "south": { "uv": [ 4.5, 16, 5.125, 16 ], "texture": "#quartz_block_top" },
        "west":  { "uv": [ 13.375, 16, 13.625, 16 ], "texture": "#quartz_block_top" },
        "east":  { "uv": [ 2.375, 16, 2.625, 16 ], "texture": "#quartz_block_top" }
    }
},
{
    "from": [ -11.5, 16, 0.5 ],
    "to": [ 1, 16.5, 2.5 ],
    "faces": {
        "down":  { "uv": [ 12.875, 6.625, 9.75, 6.125 ], "texture": "#texture" },
        "up":    { "uv": [ 3.125, 6.125, 6.25, 6.625 ], "texture": "#texture" },
        "north": { "uv": [ 9.75, 13.75, 12.875, 13.875 ], "texture": "#texture" },
        "south": { "uv": [ 3.125, 13.75, 6.25, 13.875 ], "texture": "#texture" },
        "west":  { "uv": [ 6.125, 13.75, 6.625, 13.875 ], "texture": "#texture" },
        "east":  { "uv": [ 9.375, 13.75, 9.875, 13.875 ], "texture": "#texture" }
    }
},
{
    "from": [ -11, 15.5, 0.5 ],
    "to": [ 0.5, 16, 2.5 ],
    "faces": {
        "down":  { "uv": [ 12.75, 6.625, 9.875, 6.125 ], "texture": "#texture" },
        "up":    { "uv": [ 3.25, 6.125, 6.125, 6.625 ], "texture": "#texture" },
        "north": { "uv": [ 9.875, 13.875, 12.75, 14 ], "texture": "#texture" },
        "south": { "uv": [ 3.25, 13.875, 6.125, 14 ], "texture": "#texture" },
        "west":  { "uv": [ 6.125, 13.875, 6.625, 14 ], "texture": "#texture" },
        "east":  { "uv": [ 9.375, 13.875, 9.875, 14 ], "texture": "#texture" }
    }
},
{
    "from": [ -10, 15, 0.5 ],
    "to": [ 0, 15.5, 2.5 ],
    "faces": {
        "down":  { "uv": [ 12.5, 6.625, 10, 6.125 ], "texture": "#texture" },
        "up":    { "uv": [ 3.5, 6.125, 6, 6.625 ], "texture": "#texture" },
        "north": { "uv": [ 10, 14, 12.5, 14.125 ], "texture": "#texture" },
        "south": { "uv": [ 3.5, 14, 6, 14.125 ], "texture": "#texture" },
        "west":  { "uv": [ 6.125, 14, 6.625, 14.125 ], "texture": "#texture" },
        "east":  { "uv": [ 9.375, 14, 9.875, 14.125 ], "texture": "#texture" }
    }
},
{
    "from": [ -7, 14.5, 0.5 ],
    "to": [ -2.5, 15, 2.5 ],
    "faces": {
        "down":  { "uv": [ 11.75, 6.625, 10.625, 6.125 ], "texture": "#texture" },
        "up":    { "uv": [ 4.25, 6.125, 5.375, 6.625 ], "texture": "#texture" },
        "north": { "uv": [ 10.625, 14.125, 11.75, 14.25 ], "texture": "#texture" },
        "south": { "uv": [ 4.25, 14.125, 5.375, 14.25 ], "texture": "#texture" },
        "west":  { "uv": [ 6.125, 14.125, 6.625, 14.25 ], "texture": "#texture" },
        "east":  { "uv": [ 9.375, 14.125, 9.875, 14.25 ], "texture": "#texture" }
    }
},
{
    "from": [ -6, 8.5, 0.5 ],
    "to": [ -3.5, 14.5, 2.5 ],
    "faces": {
        "down":  { "uv": [ 11.5, 6.625, 10.875, 6.125 ], "texture": "#texture" },
        "up":    { "uv": [ 4.5, 6.125, 5.125, 6.625 ], "texture": "#texture" },
        "north": { "uv": [ 10.875, 14.25, 11.5, 15.75 ], "texture": "#texture" },
        "south": { "uv": [ 4.5, 14.25, 5.125, 15.75 ], "texture": "#texture" },
        "west":  { "uv": [ 6.125, 14.25, 6.625, 15.75 ], "texture": "#texture" },
        "east":  { "uv": [ 9.375, 14.25, 9.875, 15.75 ], "texture": "#texture" }
    }
},
{
    "from": [ -5.5, 3.5, 0.5 ],
    "to": [ -3.5, 8.5, 2.5 ],
    "faces": {
        "down":  { "uv": [ 11.375, 6.625, 10.875, 6.125 ], "texture": "#texture" },
        "up":    { "uv": [ 4.625, 6.125, 5.125, 6.625 ], "texture": "#texture" },
        "north": { "uv": [ 10.875, 15.75, 11.375, 16 ], "texture": "#texture" },
        "south": { "uv": [ 4.625, 15.75, 5.125, 16 ], "texture": "#texture" },
        "west":  { "uv": [ 6.125, 15.75, 6.625, 16 ], "texture": "#texture" },
        "east":  { "uv": [ 9.375, 15.75, 9.875, 16 ], "texture": "#texture" }
    }
},
{
    "from": [ -6, 2.5, 0 ],
    "to": [ -3.5, 3.5, 3 ],
    "faces": {
        "down":  { "uv": [ 11.5, 6.75, 10.875, 6 ], "texture": "#texture" },
        "up":    { "uv": [ 4.5, 6, 5.125, 6.75 ], "texture": "#texture" },
        "north": { "uv": [ 10.875, 16, 11.5, 16 ], "texture": "#texture" },
        "south": { "uv": [ 4.5, 16, 5.125, 16 ], "texture": "#texture" },
        "west":  { "uv": [ 6, 16, 6.75, 16 ], "texture": "#texture" },
        "east":  { "uv": [ 9.25, 16, 10, 16 ], "texture": "#texture" }
    }
},
{
    "from": [ -5.5, 0, 1 ],
    "to": [ -4, 2.5, 2 ],
    "faces": {
        "down":  { "uv": [ 11.375, 6.5, 11, 6.25 ], "texture": "#quartz_block_top" },
        "up":    { "uv": [ 4.625, 6.25, 5, 6.5 ], "texture": "#quartz_block_top" },
        "north": { "uv": [ 11, 16, 11.375, 16 ], "texture": "#quartz_block_top" },
        "south": { "uv": [ 4.625, 16, 5, 16 ], "texture": "#quartz_block_top" },
        "west":  { "uv": [ 6.25, 16, 6.5, 16 ], "texture": "#quartz_block_top" },
        "east":  { "uv": [ 9.5, 16, 9.75, 16 ], "texture": "#quartz_block_top" }
    }
},
{
    "from": [ -6, 0.5, 1 ],
    "to": [ -3.5, 2, 2 ],
    "faces": {
        "down":  { "uv": [ 11.5, 6.5, 10.875, 6.25 ], "texture": "#quartz_block_top" },
        "up":    { "uv": [ 4.5, 6.25, 5.125, 6.5 ], "texture": "#quartz_block_top" },
        "north": { "uv": [ 10.875, 16, 11.5, 16 ], "texture": "#quartz_block_top" },
        "south": { "uv": [ 4.5, 16, 5.125, 16 ], "texture": "#quartz_block_top" },
        "west":  { "uv": [ 6.25, 16, 6.5, 16 ], "texture": "#quartz_block_top" },
        "east":  { "uv": [ 9.5, 16, 9.75, 16 ], "texture": "#quartz_block_top" }
    }
},
{
    "from": [ 18.5, 16, 9.5 ],
    "to": [ 31, 16.5, 11.5 ],
    "faces": {
        "down":  { "uv": [ 5.375, 8.875, 2.25, 8.375 ], "texture": "#texture" },
        "up":    { "uv": [ 10.625, 8.375, 13.75, 8.875 ], "texture": "#texture" },
        "north": { "uv": [ 2.25, 13.75, 5.375, 13.875 ], "texture": "#texture" },
        "south": { "uv": [ 10.625, 13.75, 13.75, 13.875 ], "texture": "#texture" },
        "west":  { "uv": [ 8.375, 13.75, 8.875, 13.875 ], "texture": "#texture" },
        "east":  { "uv": [ 7.125, 13.75, 7.625, 13.875 ], "texture": "#texture" }
    }
},
{
    "from": [ 19, 15.5, 9.5 ],
    "to": [ 30.5, 16, 11.5 ],
    "faces": {
        "down":  { "uv": [ 5.25, 8.875, 2.375, 8.375 ], "texture": "#texture" },
        "up":    { "uv": [ 10.75, 8.375, 13.625, 8.875 ], "texture": "#texture" },
        "north": { "uv": [ 2.375, 13.875, 5.25, 14 ], "texture": "#texture" },
        "south": { "uv": [ 10.75, 13.875, 13.625, 14 ], "texture": "#texture" },
        "west":  { "uv": [ 8.375, 13.875, 8.875, 14 ], "texture": "#texture" },
        "east":  { "uv": [ 7.125, 13.875, 7.625, 14 ], "texture": "#texture" }
    }
},
{
    "from": [ 20, 15, 9.5 ],
    "to": [ 30, 15.5, 11.5 ],
    "faces": {
        "down":  { "uv": [ 5, 8.875, 2.5, 8.375 ], "texture": "#texture" },
        "up":    { "uv": [ 11, 8.375, 13.5, 8.875 ], "texture": "#texture" },
        "north": { "uv": [ 2.5, 14, 5, 14.125 ], "texture": "#texture" },
        "south": { "uv": [ 11, 14, 13.5, 14.125 ], "texture": "#texture" },
        "west":  { "uv": [ 8.375, 14, 8.875, 14.125 ], "texture": "#texture" },
        "east":  { "uv": [ 7.125, 14, 7.625, 14.125 ], "texture": "#texture" }
    }
},
{
    "from": [ 23, 14.5, 9.5 ],
    "to": [ 27.5, 15, 11.5 ],
    "faces": {
        "down":  { "uv": [ 4.25, 8.875, 3.125, 8.375 ], "texture": "#texture" },
        "up":    { "uv": [ 11.75, 8.375, 12.875, 8.875 ], "texture": "#texture" },
        "north": { "uv": [ 3.125, 14.125, 4.25, 14.25 ], "texture": "#texture" },
        "south": { "uv": [ 11.75, 14.125, 12.875, 14.25 ], "texture": "#texture" },
        "west":  { "uv": [ 8.375, 14.125, 8.875, 14.25 ], "texture": "#texture" },
        "east":  { "uv": [ 7.125, 14.125, 7.625, 14.25 ], "texture": "#texture" }
    }
},
{
    "from": [ 24, 8.5, 9.5 ],
    "to": [ 26.5, 14.5, 11.5 ],
    "faces": {
        "down":  { "uv": [ 4, 8.875, 3.375, 8.375 ], "texture": "#texture" },
        "up":    { "uv": [ 12, 8.375, 12.625, 8.875 ], "texture": "#texture" },
        "north": { "uv": [ 3.375, 14.25, 4, 15.75 ], "texture": "#texture" },
        "south": { "uv": [ 12, 14.25, 12.625, 15.75 ], "texture": "#texture" },
        "west":  { "uv": [ 8.375, 14.25, 8.875, 15.75 ], "texture": "#texture" },
        "east":  { "uv": [ 7.125, 14.25, 7.625, 15.75 ], "texture": "#texture" }
    }
},
{
    "from": [ 24.5, 3.5, 9.5 ],
    "to": [ 26.5, 8.5, 11.5 ],
    "faces": {
        "down":  { "uv": [ 3.875, 8.875, 3.375, 8.375 ], "texture": "#texture" },
        "up":    { "uv": [ 12.125, 8.375, 12.625, 8.875 ], "texture": "#texture" },
        "north": { "uv": [ 3.375, 15.75, 3.875, 16 ], "texture": "#texture" },
        "south": { "uv": [ 12.125, 15.75, 12.625, 16 ], "texture": "#texture" },
        "west":  { "uv": [ 8.375, 15.75, 8.875, 16 ], "texture": "#texture" },
        "east":  { "uv": [ 7.125, 15.75, 7.625, 16 ], "texture": "#texture" }
    }
},
{
    "from": [ 24, 2.5, 9 ],
    "to": [ 26.5, 3.5, 12 ],
    "faces": {
        "down":  { "uv": [ 4, 9, 3.375, 8.25 ], "texture": "#texture" },
        "up":    { "uv": [ 12, 8.25, 12.625, 9 ], "texture": "#texture" },
        "north": { "uv": [ 3.375, 16, 4, 16 ], "texture": "#texture" },
        "south": { "uv": [ 12, 16, 12.625, 16 ], "texture": "#texture" },
        "west":  { "uv": [ 8.25, 16, 9, 16 ], "texture": "#texture" },
        "east":  { "uv": [ 7, 16, 7.75, 16 ], "texture": "#texture" }
    }
},
{
    "from": [ 24.5, 0, 10 ],
    "to": [ 26, 2.5, 11 ],
    "faces": {
        "down":  { "uv": [ 3.875, 8.75, 3.5, 8.5 ], "texture": "#quartz_block_top" },
        "up":    { "uv": [ 12.125, 8.5, 12.5, 8.75 ], "texture": "#quartz_block_top" },
        "north": { "uv": [ 3.5, 16, 3.875, 16 ], "texture": "#quartz_block_top" },
        "south": { "uv": [ 12.125, 16, 12.5, 16 ], "texture": "#quartz_block_top" },
        "west":  { "uv": [ 8.5, 16, 8.75, 16 ], "texture": "#quartz_block_top" },
        "east":  { "uv": [ 7.25, 16, 7.5, 16 ], "texture": "#quartz_block_top" }
    }
},
{
    "from": [ 24, 0.5, 10 ],
    "to": [ 26.5, 2, 11 ],
    "faces": {
        "down":  { "uv": [ 4, 8.75, 3.375, 8.5 ], "texture": "#quartz_block_top" },
        "up":    { "uv": [ 12, 8.5, 12.625, 8.75 ], "texture": "#quartz_block_top" },
        "north": { "uv": [ 3.375, 16, 4, 16 ], "texture": "#quartz_block_top" },
        "south": { "uv": [ 12, 16, 12.625, 16 ], "texture": "#quartz_block_top" },
        "west":  { "uv": [ 8.5, 16, 8.75, 16 ], "texture": "#quartz_block_top" },
        "east":  { "uv": [ 7.25, 16, 7.5, 16 ], "texture": "#quartz_block_top" }
    }
},
{
    "from": [ 0, 2, 12.5 ],
    "to": [ 1, 16.5, 13.5 ],
    "faces": {
        "down":  { "uv": [ 4, 8.875, 3.375, 8.375 ], "texture": "#texture" },
        "up":    { "uv": [ 12, 8.375, 12.625, 8.875 ], "texture": "#texture" },
        "north": { "uv": [ 3.375, 14.25, 4, 15.75 ], "texture": "#texture" },
        "south": { "uv": [ 12, 14.25, 12.625, 15.75 ], "texture": "#texture" },
        "west":  { "uv": [ 8.375, 14.25, 8.875, 15.75 ], "texture": "#texture" },
        "east":  { "uv": [ 7.125, 14.25, 7.625, 15.75 ], "texture": "#texture" }
    }
},
{
    "from": [ 0, 2, 17 ],
    "to": [ 1, 16.5, 18 ],
    "faces": {
        "down":  { "uv": [ 4, 8.875, 3.375, 8.375 ], "texture": "#texture" },
        "up":    { "uv": [ 12, 8.375, 12.625, 8.875 ], "texture": "#texture" },
        "north": { "uv": [ 3.375, 14.25, 4, 15.75 ], "texture": "#texture" },
        "south": { "uv": [ 12, 14.25, 12.625, 15.75 ], "texture": "#texture" },
        "west":  { "uv": [ 8.375, 14.25, 8.875, 15.75 ], "texture": "#texture" },
        "east":  { "uv": [ 7.125, 14.25, 7.625, 15.75 ], "texture": "#texture" }
    }
},
{
    "from": [ -0.5, 0, 12 ],
    "to": [ 1.5, 2, 18.5 ],
    "faces": {
        "down":  { "uv": [ 4, 8.875, 3.375, 8.375 ], "texture": "#texture" },
        "up":    { "uv": [ 12, 8.375, 12.625, 8.875 ], "texture": "#texture" },
        "north": { "uv": [ 3.375, 14.25, 4, 15.75 ], "texture": "#texture" },
        "south": { "uv": [ 12, 14.25, 12.625, 15.75 ], "texture": "#texture" },
        "west":  { "uv": [ 8.375, 14.25, 8.875, 15.75 ], "texture": "#texture" },
        "east":  { "uv": [ 7.125, 14.25, 7.625, 15.75 ], "texture": "#texture" }
    }
},
{
    "from": [ -2.5, 0, 16 ],
    "to": [ -0.5, 0.5, 18 ],
    "faces": {
        "down":  { "uv": [ 4, 8.875, 3.375, 8.375 ], "texture": "#quartz_block_top" },
        "up":    { "uv": [ 12, 8.375, 12.625, 8.875 ], "texture": "#quartz_block_top" },
        "north": { "uv": [ 3.375, 14.25, 4, 15.75 ], "texture": "#quartz_block_top" },
        "south": { "uv": [ 12, 14.25, 12.625, 15.75 ], "texture": "#quartz_block_top" },
        "west":  { "uv": [ 8.375, 14.25, 8.875, 15.75 ], "texture": "#quartz_block_top" },
        "east":  { "uv": [ 7.125, 14.25, 7.625, 15.75 ], "texture": "#quartz_block_top" }
    }
},
{
    "from": [ -2.5, 0, 12.5 ],
    "to": [ -0.5, 0.5, 14.5 ],
    "faces": {
        "down":  { "uv": [ 4, 8.875, 3.375, 8.375 ], "texture": "#quartz_block_top" },
        "up":    { "uv": [ 12, 8.375, 12.625, 8.875 ], "texture": "#quartz_block_top" },
        "north": { "uv": [ 3.375, 14.25, 4, 15.75 ], "texture": "#quartz_block_top" },
        "south": { "uv": [ 12, 14.25, 12.625, 15.75 ], "texture": "#quartz_block_top" },
        "west":  { "uv": [ 8.375, 14.25, 8.875, 15.75 ], "texture": "#quartz_block_top" },
        "east":  { "uv": [ 7.125, 14.25, 7.625, 15.75 ], "texture": "#quartz_block_top" }
    }
},
{
    "from": [ -3, 0, 16.5 ],
    "to": [ -2.5, 0.5, 17.5 ],
    "faces": {
        "down":  { "uv": [ 4, 8.875, 3.375, 8.375 ], "texture": "#quartz_block_top" },
        "up":    { "uv": [ 12, 8.375, 12.625, 8.875 ], "texture": "#quartz_block_top" },
        "north": { "uv": [ 3.375, 14.25, 4, 15.75 ], "texture": "#quartz_block_top" },
        "south": { "uv": [ 12, 14.25, 12.625, 15.75 ], "texture": "#quartz_block_top" },
        "west":  { "uv": [ 8.375, 14.25, 8.875, 15.75 ], "texture": "#quartz_block_top" },
        "east":  { "uv": [ 7.125, 14.25, 7.625, 15.75 ], "texture": "#quartz_block_top" }
    }
},
{
    "from": [ -3, 0, 13 ],
    "to": [ -2.5, 0.5, 14 ],
    "faces": {
        "down":  { "uv": [ 4, 8.875, 3.375, 8.375 ], "texture": "#quartz_block_top" },
        "up":    { "uv": [ 12, 8.375, 12.625, 8.875 ], "texture": "#quartz_block_top" },
        "north": { "uv": [ 3.375, 14.25, 4, 15.75 ], "texture": "#quartz_block_top" },
        "south": { "uv": [ 12, 14.25, 12.625, 15.75 ], "texture": "#quartz_block_top" },
        "west":  { "uv": [ 8.375, 14.25, 8.875, 15.75 ], "texture": "#quartz_block_top" },
        "east":  { "uv": [ 7.125, 14.25, 7.625, 15.75 ], "texture": "#quartz_block_top" }
    }
},
{
    "from": [ -6.5, 23, 10 ],
    "to": [ -6, 29.5, 15 ],
    "rotation": { "origin": [ -6.5, 29.5, 10 ], "axis": "z", "angle": -22.5 },
    "faces": {
        "down":  { "uv": [ 11.75, 11.5, 11.625, 8.375 ], "texture": "#quartz_block_top" },
        "up":    { "uv": [ 4.25, 8.375, 4.375, 11.5 ], "texture": "#quartz_block_top" },
        "north": { "uv": [ 11.625, 11, 11.75, 11.375 ], "texture": "#quartz_block_top" },
        "south": { "uv": [ 4.25, 11, 4.375, 11.375 ], "texture": "#quartz_block_top" },
        "west":  { "uv": [ 8.375, 11, 11.5, 11.375 ], "texture": "#quartz_block_top" },
        "east":  { "uv": [ 4.5, 11, 7.625, 11.375 ], "texture": "#quartz_block_top" }
    }
},
{
    "from": [ -6.5, 23, 16 ],
    "to": [ -6, 29.5, 21 ],
    "rotation": { "origin": [ -6.5, 29.5, 16 ], "axis": "z", "angle": -22.5 },
    "faces": {
        "down":  { "uv": [ 11.75, 11.5, 11.625, 8.375 ], "texture": "#quartz_block_top" },
        "up":    { "uv": [ 4.25, 8.375, 4.375, 11.5 ], "texture": "#quartz_block_top" },
        "north": { "uv": [ 11.625, 11, 11.75, 11.375 ], "texture": "#quartz_block_top" },
        "south": { "uv": [ 4.25, 11, 4.375, 11.375 ], "texture": "#quartz_block_top" },
        "west":  { "uv": [ 8.375, 11, 11.5, 11.375 ], "texture": "#quartz_block_top" },
        "east":  { "uv": [ 4.5, 11, 7.625, 11.375 ], "texture": "#quartz_block_top" }
    }
}
],
"display": {
    "thirdperson_righthand": {
        "rotation": [ 0, -35, 0 ],
        "translation": [ 0, -1.89, 0 ],
        "scale": [ 0.5, 0.5, 0.5 ]
    },
    "thirdperson_lefthand": {
        "rotation": [ 0, -35, 0 ],
        "translation": [ 0, -1.89, 0 ],
        "scale": [ 0.5, 0.5, 0.5 ]
    },
    "head": {
        "rotation": [ 0, -90, 0 ],
        "translation": [ 0, -33.5, 0 ],
        "scale": [ 1.3, 1.3, 1.3 ]
    },
    "ground": {
        "rotation": [ 0, 0, 0 ],
        "translation": [ 0, 2, 0 ],
        "scale": [ 0.5, 0.5, 0.5 ]
    },
    "fixed": {
        "rotation": [ 0, 180, 0 ],
        "translation": [ 0, 0, -3.4 ],
        "scale": [ 0.5, 0.5, 0.5 ]
    },
    "firstperson_righthand": {
        "rotation": [ 0, -7, 0 ],
        "translation": [ 0, -3.4, 0 ],
        "scale": [ 0.5, 0.5, 0.5 ]
    },
    "firstperson_lefthand": {
        "rotation": [ 0, -169, 0 ],
        "translation": [ 3.21, -3.4, 0 ],
        "scale": [ 0.5, 0.5, 0.5 ]
    },
    "gui": {
        "rotation": [ 35, 133, 0 ],
        "translation": [ -2.08, -1.89, 0 ],
        "scale": [ 0.3, 0.3, 0.3 ]
    }
}
}