{
"__comment": "Designed by Jugbot",
"textures": {
    "texture": "blocks/iron_block",
    "dark_metal": "blocks/cauldron_inner",
    "coal_block": "blocks/coal_block",
    "hardened_clay_stained_black": "blocks/hardened_clay_stained_black"
},
"elements": [ 
{
    "from": [ 1, 12, 0 ],
    "to": [ 15, 13, 10 ],
    "faces": {
        "down":  { "uv": [ 15, 10, 1, 0 ], "texture": "#texture" },
        "up":    { "uv": [ 1, 0, 15, 10 ], "texture": "#coal_block" },
        "north": { "uv": [ 1, 3, 15, 4 ], "texture": "#texture" },
        "south": { "uv": [ 1, 3, 15, 4 ], "texture": "#texture" },
        "west":  { "uv": [ 0, 3, 10, 4 ], "texture": "#texture" },
        "east":  { "uv": [ 6, 3, 16, 4 ], "texture": "#texture" }
    }
},
{
    "from": [ 0, 2, 0 ],
    "to": [ 1, 3, 1 ],
    "faces": {
        "down":  { "uv": [ 16, 1, 15, 0 ], "texture": "#texture" },
        "up":    { "uv": [ 0, 0, 1, 1 ], "texture": "#texture" },
        "north": { "uv": [ 15, 13, 16, 14 ], "texture": "#texture" },
        "south": { "uv": [ 0, 13, 1, 14 ], "texture": "#texture" },
        "west":  { "uv": [ 0, 13, 1, 14 ], "texture": "#texture" },
        "east":  { "uv": [ 15, 13, 16, 14 ], "texture": "#texture" }
    }
},
{
    "from": [ 0, 2, 9 ],
    "to": [ 1, 3, 10 ],
    "faces": {
        "down":  { "uv": [ 16, 10, 15, 9 ], "texture": "#texture" },
        "up":    { "uv": [ 0, 9, 1, 10 ], "texture": "#texture" },
        "north": { "uv": [ 15, 13, 16, 14 ], "texture": "#texture" },
        "south": { "uv": [ 0, 13, 1, 14 ], "texture": "#texture" },
        "west":  { "uv": [ 15, 13, 16, 14 ], "texture": "#texture" },
        "east":  { "uv": [ 15, 13, 16, 14 ], "texture": "#texture" }
    }
},
{
    "from": [ 15, 2, 0 ],
    "to": [ 16, 3, 1 ],
    "faces": {
        "down":  { "uv": [ 1, 1, 0, 0 ], "texture": "#texture" },
        "up":    { "uv": [ 15, 0, 16, 1 ], "texture": "#texture" },
        "north": { "uv": [ 0, 13, 1, 14 ], "texture": "#texture" },
        "south": { "uv": [ 15, 13, 16, 14 ], "texture": "#texture" },
        "west":  { "uv": [ 0, 13, 1, 14 ], "texture": "#texture" },
        "east":  { "uv": [ 15, 13, 16, 14 ], "texture": "#texture" }
    }
},
{
    "from": [ 15, 2, 9 ],
    "to": [ 16, 3, 10 ],
    "faces": {
        "down":  { "uv": [ 1, 10, 0, 9 ], "texture": "#texture" },
        "up":    { "uv": [ 15, 9, 16, 10 ], "texture": "#texture" },
        "north": { "uv": [ 0, 13, 1, 14 ], "texture": "#texture" },
        "south": { "uv": [ 15, 13, 16, 14 ], "texture": "#texture" },
        "west":  { "uv": [ 15, 13, 16, 14 ], "texture": "#texture" },
        "east":  { "uv": [ 0, 13, 1, 14 ], "texture": "#texture" }
    }
},
{
    "__comment": "Bottom",
    "from": [ 12, 3, 5 ],
    "to": [ 16, 11, 10 ],
    "faces": {
        "down":  { "uv": [ 12, 10, 8, 5 ], "texture": "#texture" },
        "up":    { "uv": [ 4, 5, 8, 10 ], "texture": "#texture" },
        "north": { "uv": [ 8, 5, 12, 13 ], "texture": "#texture" },
        "south": { "uv": [ 12, 5, 16, 13 ], "texture": "#texture" },
        "west":  { "uv": [ 0, 4.5, 5, 12.5 ], "texture": "#texture" },
        "east":  { "uv": [ 0, 5, 5, 13 ], "texture": "#texture" }
    }
},
{
    "from": [ 15, 12, 0 ],
    "to": [ 16, 16, 14 ],
    "faces": {
        "down":  { "uv": [ 1, 14, 0, 0 ], "texture": "#texture" },
        "up":    { "uv": [ 15, 0, 16, 14 ], "texture": "#texture" },
        "north": { "uv": [ 0, 0, 1, 4 ], "texture": "#texture" },
        "south": { "uv": [ 15, 0, 16, 4 ], "texture": "#texture" },
        "west":  { "uv": [ 0, 0, 14, 4 ], "texture": "#texture" },
        "east":  { "uv": [ 2, 0, 16, 4 ], "texture": "#texture" }
    }
},
{
    "from": [ 0, 15.9375, 10 ],
    "to": [ 16, 16, 15.6875 ],
    "rotation": { "origin": [ 0, 16, 10 ], "axis": "x", "angle": 45 },
    "faces": {
        "down":  { "uv": [ 16, 16, 0, 11 ], "texture": "#texture" },
        "up":    { "uv": [ 0, 11, 16, 16 ], "texture": "#texture" }
    }
},
{
    "from": [ 1, 11.9375, 10 ],
    "to": [ 15, 12, 14 ],
    "faces": {
        "down":  { "uv": [ 15, 16, 1, 12 ], "texture": "#texture" },
        "up":    { "uv": [ 1, 12, 15, 16 ], "texture": "#texture" }
    }
},
{
    "__comment": "Side",
    "from": [ 16, 15, 0 ],
    "to": [ 20, 16, 10 ],
    "faces": {
        "down":  { "uv": [ 15, 10, 11, 0 ], "texture": "#texture" },
        "up":    { "uv": [ 1, 0, 5, 10 ], "texture": "#texture" },
        "north": { "uv": [ 11, 0, 15, 1 ], "texture": "#texture" },
        "south": { "uv": [ 1, 0, 5, 1 ], "texture": "#texture" },
        "west":  { "uv": [ 0, 0, 10, 1 ], "texture": "#texture" },
        "east":  { "uv": [ 6, 0, 16, 1 ], "texture": "#texture" }
    }
},
{
    "__comment": "Side",
    "from": [ 20, 15, 1 ],
    "to": [ 21, 16, 10 ],
    "faces": {
        "down":  { "uv": [ 1, 10, 0, 1 ], "texture": "#texture" },
        "up":    { "uv": [ 15, 1, 16, 10 ], "texture": "#texture" },
        "north": { "uv": [ 0, 0, 1, 1 ], "texture": "#texture" },
        "south": { "uv": [ 15, 0, 16, 1 ], "texture": "#texture" },
        "west":  { "uv": [ 1, 0, 10, 1 ], "texture": "#texture" },
        "east":  { "uv": [ 6, 0, 15, 1 ], "texture": "#texture" }
    }
},
{
    "from": [ 1, 13, 0 ],
    "to": [ 15, 16, 1 ],
    "faces": {
        "down":  { "uv": [ 15, 1, 1, 0 ], "texture": "#texture" },
        "up":    { "uv": [ 1, 0, 15, 1 ], "texture": "#texture" },
        "north": { "uv": [ 1, 0, 15, 3 ], "texture": "#texture" },
        "south": { "uv": [ 1, 0, 15, 3 ], "texture": "#texture" },
        "west":  { "uv": [ 0, 0, 1, 3 ], "texture": "#texture" },
        "east":  { "uv": [ 15, 0, 16, 3 ], "texture": "#texture" }
    }
},
{
    "__comment": "Side",
    "from": [ 16, 15, 10 ],
    "to": [ 20, 16, 11 ],
    "faces": {
        "down":  { "uv": [ 15, 16, 11, 15 ], "texture": "#texture" },
        "up":    { "uv": [ 1, 15, 5, 16 ], "texture": "#texture" },
        "north": { "uv": [ 11, 0, 15, 1 ], "texture": "#texture" },
        "south": { "uv": [ 1, 0, 5, 1 ], "texture": "#texture" },
        "west":  { "uv": [ 15, 0, 16, 1 ], "texture": "#texture" },
        "east":  { "uv": [ 0, 0, 1, 1 ], "texture": "#texture" }
    }
},
{
    "from": [ 1, 13, 9 ],
    "to": [ 15, 16, 10 ],
    "faces": {
        "down":  { "uv": [ 15, 10, 1, 9 ], "texture": "#texture" },
        "up":    { "uv": [ 1, 9, 15, 10 ], "texture": "#texture" },
        "north": { "uv": [ 1, 0, 15, 3 ], "texture": "#texture" },
        "south": { "uv": [ 1, 0, 15, 3 ], "texture": "#texture" },
        "west":  { "uv": [ 9, 0, 10, 3 ], "texture": "#texture" },
        "east":  { "uv": [ 6, 0, 7, 3 ], "texture": "#texture" }
    }
},
{
    "__comment": "Side*",
    "from": [ -4, 15, 0 ],
    "to": [ 0, 16, 10 ],
    "faces": {
        "down":  { "uv": [ 15, 10, 11, 0 ], "texture": "#texture" },
        "up":    { "uv": [ 1, 0, 5, 10 ], "texture": "#texture" },
        "north": { "uv": [ 11, 0, 15, 1 ], "texture": "#texture" },
        "south": { "uv": [ 1, 0, 5, 1 ], "texture": "#texture" },
        "west":  { "uv": [ 0, 0, 10, 1 ], "texture": "#texture" },
        "east":  { "uv": [ 6, 0, 16, 1 ], "texture": "#texture" }
    }
},
{
    "__comment": "Side*",
    "from": [ -5, 15, 1 ],
    "to": [ -4, 16, 10 ],
    "faces": {
        "down":  { "uv": [ 1, 10, 0, 1 ], "texture": "#texture" },
        "up":    { "uv": [ 15, 1, 16, 10 ], "texture": "#texture" },
        "north": { "uv": [ 0, 0, 1, 1 ], "texture": "#texture" },
        "south": { "uv": [ 15, 0, 16, 1 ], "texture": "#texture" },
        "west":  { "uv": [ 1, 0, 10, 1 ], "texture": "#texture" },
        "east":  { "uv": [ 6, 0, 15, 1 ], "texture": "#texture" }
    }
},
{
    "__comment": "Side*",
    "from": [ -4, 15, 10 ],
    "to": [ 0, 16, 11 ],
    "faces": {
        "down":  { "uv": [ 15, 16, 11, 15 ], "texture": "#texture" },
        "up":    { "uv": [ 1, 15, 5, 16 ], "texture": "#texture" },
        "north": { "uv": [ 11, 0, 15, 1 ], "texture": "#texture" },
        "south": { "uv": [ 1, 0, 5, 1 ], "texture": "#texture" },
        "west":  { "uv": [ 15, 0, 16, 1 ], "texture": "#texture" },
        "east":  { "uv": [ 0, 0, 1, 1 ], "texture": "#texture" }
    }
},
{
    "from": [ 0, 12, 0 ],
    "to": [ 1, 16, 14 ],
    "faces": {
        "down":  { "uv": [ 16, 14, 15, 0 ], "texture": "#texture" },
        "up":    { "uv": [ 0, 0, 1, 14 ], "texture": "#texture" },
        "north": { "uv": [ 15, 0, 16, 4 ], "texture": "#texture" },
        "south": { "uv": [ 0, 0, 1, 4 ], "texture": "#texture" },
        "west":  { "uv": [ 0, 0, 14, 4 ], "texture": "#texture" },
        "east":  { "uv": [ 2, 0, 16, 4 ], "texture": "#texture" }
    }
},
{
    "from": [ 0, 11, 0 ],
    "to": [ 1, 12, 1 ],
    "faces": {
        "down":  { "uv": [ 16, 1, 15, 0 ], "texture": "#texture" },
        "up":    { "uv": [ 0, 0, 1, 1 ], "texture": "#texture" },
        "north": { "uv": [ 15, 4, 16, 5 ], "texture": "#texture" },
        "south": { "uv": [ 0, 4, 1, 5 ], "texture": "#texture" },
        "west":  { "uv": [ 0, 4, 1, 5 ], "texture": "#texture" },
        "east":  { "uv": [ 15, 4, 16, 5 ], "texture": "#texture" }
    }
},
{
    "from": [ 0, 11, 9 ],
    "to": [ 1, 12, 10 ],
    "faces": {
        "down":  { "uv": [ 16, 10, 15, 9 ], "texture": "#texture" },
        "up":    { "uv": [ 0, 9, 1, 10 ], "texture": "#texture" },
        "north": { "uv": [ 15, 4, 16, 5 ], "texture": "#texture" },
        "south": { "uv": [ 0, 4, 1, 5 ], "texture": "#texture" },
        "west":  { "uv": [ 15, 4, 16, 5 ], "texture": "#texture" },
        "east":  { "uv": [ 0, 4, 1, 5 ], "texture": "#texture" }
    }
},
{
    "from": [ 15, 11, 0 ],
    "to": [ 16, 12, 1 ],
    "faces": {
        "down":  { "uv": [ 1, 1, 0, 0 ], "texture": "#texture" },
        "up":    { "uv": [ 15, 0, 16, 1 ], "texture": "#texture" },
        "north": { "uv": [ 0, 4, 1, 5 ], "texture": "#texture" },
        "south": { "uv": [ 15, 4, 16, 5 ], "texture": "#texture" },
        "west":  { "uv": [ 0, 4, 1, 5 ], "texture": "#texture" },
        "east":  { "uv": [ 15, 4, 16, 5 ], "texture": "#texture" }
    }
},
{
    "from": [ 15, 11, 9 ],
    "to": [ 16, 12, 10 ],
    "faces": {
        "down":  { "uv": [ 1, 10, 0, 9 ], "texture": "#texture" },
        "up":    { "uv": [ 15, 9, 16, 10 ], "texture": "#texture" },
        "north": { "uv": [ 0, 4, 1, 5 ], "texture": "#texture" },
        "south": { "uv": [ 15, 4, 16, 5 ], "texture": "#texture" },
        "west":  { "uv": [ 15, 4, 16, 5 ], "texture": "#texture" },
        "east":  { "uv": [ 0, 4, 1, 5 ], "texture": "#texture" }
    }
},
{
    "__comment": "Grill",
    "from": [ 11.5, 14.9375, 1 ],
    "to": [ 12.5, 15, 9 ],
    "faces": {
        "down":  { "uv": [ 4, 9, 3, 1 ], "texture": "#dark_metal" },
        "up":    { "uv": [ 12, 1, 13, 9 ], "texture": "#dark_metal" }
    }
},
{
    "__comment": "Grill",
    "from": [ 5.5, 14.9375, 1 ],
    "to": [ 6.5, 15, 9 ],
    "faces": {
        "down":  { "uv": [ 10, 9, 9, 1 ], "texture": "#dark_metal" },
        "up":    { "uv": [ 6, 1, 7, 9 ], "texture": "#dark_metal" }
    }
},
{
    "__comment": "Grill",
    "from": [ 3.5, 14.9375, 1 ],
    "to": [ 4.5, 15, 9 ],
    "faces": {
        "down":  { "uv": [ 12, 9, 11, 1 ], "texture": "#dark_metal" },
        "up":    { "uv": [ 4, 1, 5, 9 ], "texture": "#dark_metal" }
    }
},
{
    "__comment": "Grill",
    "from": [ 7.5, 14.9375, 1 ],
    "to": [ 8.5, 15, 9 ],
    "faces": {
        "down":  { "uv": [ 8, 9, 7, 1 ], "texture": "#dark_metal" },
        "up":    { "uv": [ 8, 1, 9, 9 ], "texture": "#dark_metal" }
    }
},
{
    "__comment": "Grill",
    "from": [ 1.5, 14.9375, 1 ],
    "to": [ 2.5, 15, 9 ],
    "faces": {
        "down":  { "uv": [ 14, 9, 13, 1 ], "texture": "#dark_metal" },
        "up":    { "uv": [ 2, 1, 3, 9 ], "texture": "#dark_metal" }
    }
},
{
    "__comment": "Grill",
    "from": [ 13.5, 14.9375, 1 ],
    "to": [ 14.5, 15, 9 ],
    "faces": {
        "down":  { "uv": [ 2, 9, 1, 1 ], "texture": "#dark_metal" },
        "up":    { "uv": [ 14, 1, 15, 9 ], "texture": "#dark_metal" }
    }
},
{
    "__comment": "Grill",
    "from": [ 9.5, 14.9375, 1 ],
    "to": [ 10.5, 15, 9 ],
    "faces": {
        "down":  { "uv": [ 6, 9, 5, 1 ], "texture": "#dark_metal" },
        "up":    { "uv": [ 10, 1, 11, 9 ], "texture": "#dark_metal" }
    }
},
{
    "from": [ 11, 14.875, 11.5 ],
    "to": [ 13, 15.875, 13.775 ],
    "rotation": { "origin": [ 11, 15.875, 11.5 ], "axis": "x", "angle": 45 },
    "faces": {
        "down":  { "uv": [ 13, 13, 11, 11 ], "texture": "#dark_metal" },
        "up":    { "uv": [ 3, 11, 5, 13 ], "texture": "#dark_metal" },
        "north": { "uv": [ 11, 0, 13, 0 ], "texture": "#dark_metal" },
        "south": { "uv": [ 3, 0, 5, 0 ], "texture": "#dark_metal" },
        "west":  { "uv": [ 11, 0, 13, 0 ], "texture": "#dark_metal" },
        "east":  { "uv": [ 3, 0, 5, 0 ], "texture": "#dark_metal" }
    }
},
{
    "from": [ 7, 14.875, 11.4571 ],
    "to": [ 9, 15.875, 13.7321 ],
    "rotation": { "origin": [ 7, 15.875, 11.4571 ], "axis": "x", "angle": 45 },
    "faces": {
        "down":  { "uv": [ 13, 13, 11, 11 ], "texture": "#dark_metal" },
        "up":    { "uv": [ 3, 11, 5, 13 ], "texture": "#dark_metal" },
        "north": { "uv": [ 11, 0, 13, 0 ], "texture": "#dark_metal" },
        "south": { "uv": [ 3, 0, 5, 0 ], "texture": "#dark_metal" },
        "west":  { "uv": [ 11, 0, 13, 0 ], "texture": "#dark_metal" },
        "east":  { "uv": [ 3, 0, 5, 0 ], "texture": "#dark_metal" }
    }
},
{
    "from": [ 3, 14.875, 11.5 ],
    "to": [ 5, 15.875, 13.775 ],
    "rotation": { "origin": [ 3, 15.875, 11.5 ], "axis": "x", "angle": 45 },
    "faces": {
        "down":  { "uv": [ 13, 13, 11, 11 ], "texture": "#dark_metal" },
        "up":    { "uv": [ 3, 11, 5, 13 ], "texture": "#dark_metal" },
        "north": { "uv": [ 11, 0, 13, 0 ], "texture": "#dark_metal" },
        "south": { "uv": [ 3, 0, 5, 0 ], "texture": "#dark_metal" },
        "west":  { "uv": [ 11, 0, 13, 0 ], "texture": "#dark_metal" },
        "east":  { "uv": [ 3, 0, 5, 0 ], "texture": "#dark_metal" }
    }
},
{
    "__comment": "Lid",
    "from": [ 0, 15.125, -2.0625 ],
    "to": [ 16, 18.125, -1.0625 ],
    "rotation": { "origin": [ 0, 18.125, -2.0625 ], "axis": "x", "angle": -45 },
    "faces": {
        "down":  { "uv": [ 16, 1, 0, 0 ], "texture": "#texture" },
        "up":    { "uv": [ 0, 0, 16, 1 ], "texture": "#texture" },
        "north": { "uv": [ 0, 13, 16, 16 ], "texture": "#texture" },
        "south": { "uv": [ 0, 13, 16, 16 ], "texture": "#texture" },
        "west":  { "uv": [ 0, 13, 1, 16 ], "texture": "#texture" },
        "east":  { "uv": [ 15, 13, 16, 16 ], "texture": "#texture" }
    }
},
{
    "__comment": "Lid",
    "from": [ 0, 22.0625, 5.6875 ],
    "to": [ 16, 23.0625, 6.6875 ],
    "rotation": { "origin": [ 0, 23.0625, 5.6875 ], "axis": "x", "angle": -45 },
    "faces": {
        "down":  { "uv": [ 16, 10, 0, 9 ], "texture": "#texture" },
        "up":    { "uv": [ 0, 9, 16, 10 ], "texture": "#texture" },
        "north": { "uv": [ 0, 15, 16, 16 ], "texture": "#texture" },
        "south": { "uv": [ 0, 15, 16, 16 ], "texture": "#texture" },
        "west":  { "uv": [ 9, 15, 10, 16 ], "texture": "#texture" },
        "east":  { "uv": [ 6, 15, 7, 16 ], "texture": "#texture" }
    }
},
{
    "__comment": "Lid",
    "from": [ 0, 15.8125, -1.4375 ],
    "to": [ 1, 18.8125, 5.5625 ],
    "rotation": { "origin": [ 0, 18.8125, -1.4375 ], "axis": "x", "angle": -45 },
    "faces": {
        "down":  { "uv": [ 16, 8, 15, 1 ], "texture": "#texture" },
        "up":    { "uv": [ 0, 1, 1, 8 ], "texture": "#texture" },
        "north": { "uv": [ 15, 13, 16, 16 ], "texture": "#texture" },
        "south": { "uv": [ 0, 13, 1, 16 ], "texture": "#texture" },
        "west":  { "uv": [ 1, 13, 8, 16 ], "texture": "#texture" },
        "east":  { "uv": [ 8, 13, 15, 16 ], "texture": "#texture" }
    }
},
{
    "__comment": "Lid",
    "from": [ 15, 15.8125, -1.4375 ],
    "to": [ 16, 18.8125, 5.5625 ],
    "rotation": { "origin": [ 15, 18.8125, -1.4375 ], "axis": "x", "angle": -45 },
    "faces": {
        "down":  { "uv": [ 1, 8, 0, 1 ], "texture": "#texture" },
        "up":    { "uv": [ 15, 1, 16, 8 ], "texture": "#texture" },
        "north": { "uv": [ 0, 13, 1, 16 ], "texture": "#texture" },
        "south": { "uv": [ 15, 13, 16, 16 ], "texture": "#texture" },
        "west":  { "uv": [ 1, 13, 8, 16 ], "texture": "#texture" },
        "east":  { "uv": [ 8, 13, 15, 16 ], "texture": "#texture" }
    }
},
{
    "__comment": "Lid",
    "from": [ 1, 16.8125, -1.4375 ],
    "to": [ 15, 18.8125, -0.4375 ],
    "rotation": { "origin": [ 1, 18.8125, -1.4375 ], "axis": "x", "angle": -45 },
    "faces": {
        "down":  { "uv": [ 15, 2, 1, 1 ], "texture": "#texture" },
        "up":    { "uv": [ 1, 1, 15, 2 ], "texture": "#texture" },
        "north": { "uv": [ 1, 13, 15, 15 ], "texture": "#texture" },
        "south": { "uv": [ 1, 13, 15, 15 ], "texture": "#texture" },
        "west":  { "uv": [ 1, 13, 2, 15 ], "texture": "#texture" },
        "east":  { "uv": [ 14, 13, 15, 15 ], "texture": "#texture" }
    }
},
{
    "__comment": "Lid",
    "from": [ 0, 18.25, -2.8125 ],
    "to": [ 16, 20.25, -1.8125 ],
    "rotation": { "origin": [ 0, 20.25, -2.8125 ], "axis": "x", "angle": -45 },
    "faces": {
        "down":  { "uv": [ 16, 2, 0, 1 ], "texture": "#texture" },
        "up":    { "uv": [ 0, 1, 16, 2 ], "texture": "#texture" },
        "north": { "uv": [ 0, 11, 16, 13 ], "texture": "#texture" },
        "south": { "uv": [ 0, 11, 16, 13 ], "texture": "#texture" },
        "west":  { "uv": [ 1, 11, 2, 13 ], "texture": "#texture" },
        "east":  { "uv": [ 14, 11, 15, 13 ], "texture": "#texture" }
    }
},
{
    "__comment": "Lid",
    "from": [ 0, 20.6875, -2.8125 ],
    "to": [ 16, 21.6875, 1.1875 ],
    "rotation": { "origin": [ 0, 21.6875, -2.8125 ], "axis": "x", "angle": -45 },
    "faces": {
        "down":  { "uv": [ 16, 6, 0, 2 ], "texture": "#texture" },
        "up":    { "uv": [ 0, 2, 16, 6 ], "texture": "#texture" },
        "north": { "uv": [ 0, 10, 16, 11 ], "texture": "#texture" },
        "south": { "uv": [ 0, 10, 16, 11 ], "texture": "#texture" },
        "west":  { "uv": [ 2, 10, 6, 11 ], "texture": "#texture" },
        "east":  { "uv": [ 10, 10, 14, 11 ], "texture": "#texture" }
    }
},
{
    "__comment": "Lid",
    "from": [ 0, 22.75, 0.6875 ],
    "to": [ 16, 23.75, 1.6875 ],
    "rotation": { "origin": [ 0, 23.75, 0.6875 ], "axis": "x", "angle": -45 },
    "faces": {
        "down":  { "uv": [ 16, 7, 0, 6 ], "texture": "#texture" },
        "up":    { "uv": [ 0, 6, 16, 7 ], "texture": "#texture" },
        "north": { "uv": [ 0, 11, 16, 12 ], "texture": "#texture" },
        "south": { "uv": [ 0, 11, 16, 12 ], "texture": "#texture" },
        "west":  { "uv": [ 6, 11, 7, 12 ], "texture": "#texture" },
        "east":  { "uv": [ 9, 11, 10, 12 ], "texture": "#texture" }
    }
},
{
    "__comment": "Lid",
    "from": [ 0, 22.75, 2.125 ],
    "to": [ 16, 23.75, 3.125 ],
    "rotation": { "origin": [ 0, 23.75, 2.125 ], "axis": "x", "angle": -45 },
    "faces": {
        "down":  { "uv": [ 16, 8, 0, 7 ], "texture": "#texture" },
        "up":    { "uv": [ 0, 7, 16, 8 ], "texture": "#texture" },
        "north": { "uv": [ 0, 12, 16, 13 ], "texture": "#texture" },
        "south": { "uv": [ 0, 12, 16, 13 ], "texture": "#texture" },
        "west":  { "uv": [ 7, 12, 8, 13 ], "texture": "#texture" },
        "east":  { "uv": [ 8, 12, 9, 13 ], "texture": "#texture" }
    }
},
{
    "__comment": "Lid",
    "from": [ 0, 21.75, 3.5625 ],
    "to": [ 16, 23.75, 4.5625 ],
    "rotation": { "origin": [ 0, 23.75, 3.5625 ], "axis": "x", "angle": -45 },
    "faces": {
        "down":  { "uv": [ 16, 9, 0, 8 ], "texture": "#texture" },
        "up":    { "uv": [ 0, 8, 16, 9 ], "texture": "#texture" },
        "north": { "uv": [ 0, 13, 16, 15 ], "texture": "#texture" },
        "south": { "uv": [ 0, 13, 16, 15 ], "texture": "#texture" },
        "west":  { "uv": [ 8, 13, 9, 15 ], "texture": "#texture" },
        "east":  { "uv": [ 7, 13, 8, 15 ], "texture": "#texture" }
    }
},
{
    "__comment": "Lid",
    "from": [ 15, 21.375, 4.9375 ],
    "to": [ 16, 22.375, 5.9375 ],
    "rotation": { "origin": [ 15, 22.375, 4.9375 ], "axis": "x", "angle": -45 },
    "faces": {
        "down":  { "uv": [ 1, 9, 0, 8 ], "texture": "#texture" },
        "up":    { "uv": [ 15, 8, 16, 9 ], "texture": "#texture" },
        "north": { "uv": [ 0, 15, 1, 16 ], "texture": "#texture" },
        "south": { "uv": [ 15, 15, 16, 16 ], "texture": "#texture" },
        "west":  { "uv": [ 8, 15, 9, 16 ], "texture": "#texture" },
        "east":  { "uv": [ 7, 15, 8, 16 ], "texture": "#texture" }
    }
},
{
    "__comment": "Lid",
    "from": [ 0, 21.375, 4.9375 ],
    "to": [ 1, 22.375, 5.9375 ],
    "rotation": { "origin": [ 0, 22.375, 4.9375 ], "axis": "x", "angle": -45 },
    "faces": {
        "down":  { "uv": [ 16, 9, 15, 8 ], "texture": "#texture" },
        "up":    { "uv": [ 0, 8, 1, 9 ], "texture": "#texture" },
        "north": { "uv": [ 15, 15, 16, 16 ], "texture": "#texture" },
        "south": { "uv": [ 0, 15, 1, 16 ], "texture": "#texture" },
        "west":  { "uv": [ 8, 15, 9, 16 ], "texture": "#texture" },
        "east":  { "uv": [ 7, 15, 8, 16 ], "texture": "#texture" }
    }
},
{
    "__comment": "Lid",
    "from": [ 0, 19.25, -1.4375 ],
    "to": [ 1, 20.25, 3.5625 ],
    "rotation": { "origin": [ 0, 20.25, -1.4375 ], "axis": "x", "angle": -45 },
    "faces": {
        "down":  { "uv": [ 16, 7, 15, 2 ], "texture": "#texture" },
        "up":    { "uv": [ 0, 2, 1, 7 ], "texture": "#texture" },
        "north": { "uv": [ 15, 12, 16, 13 ], "texture": "#texture" },
        "south": { "uv": [ 0, 12, 1, 13 ], "texture": "#texture" },
        "west":  { "uv": [ 2, 12, 7, 13 ], "texture": "#texture" },
        "east":  { "uv": [ 9, 12, 14, 13 ], "texture": "#texture" }
    }
},
{
    "__comment": "Lid",
    "from": [ 0, 19.9375, -2.125 ],
    "to": [ 1, 20.9375, 1.875 ],
    "rotation": { "origin": [ 0, 20.9375, -2.125 ], "axis": "x", "angle": -45 },
    "faces": {
        "down":  { "uv": [ 16, 6, 15, 2 ], "texture": "#texture" },
        "up":    { "uv": [ 0, 2, 1, 6 ], "texture": "#texture" },
        "north": { "uv": [ 15, 11, 16, 12 ], "texture": "#texture" },
        "south": { "uv": [ 0, 11, 1, 12 ], "texture": "#texture" },
        "west":  { "uv": [ 2, 11, 6, 12 ], "texture": "#texture" },
        "east":  { "uv": [ 10, 11, 14, 12 ], "texture": "#texture" }
    }
},
{
    "__comment": "Lid",
    "from": [ 15, 19.25, -1.4375 ],
    "to": [ 16, 20.25, 3.5625 ],
    "rotation": { "origin": [ 15, 20.25, -1.4375 ], "axis": "x", "angle": -45 },
    "faces": {
        "down":  { "uv": [ 1, 7, 0, 2 ], "texture": "#texture" },
        "up":    { "uv": [ 15, 2, 16, 7 ], "texture": "#texture" },
        "north": { "uv": [ 0, 12, 1, 13 ], "texture": "#texture" },
        "south": { "uv": [ 15, 12, 16, 13 ], "texture": "#texture" },
        "west":  { "uv": [ 2, 12, 7, 13 ], "texture": "#texture" },
        "east":  { "uv": [ 9, 12, 14, 13 ], "texture": "#texture" }
    }
},
{
    "__comment": "Lid",
    "from": [ 15, 19.9375, -2.125 ],
    "to": [ 16, 20.9375, 1.875 ],
    "rotation": { "origin": [ 15, 20.9375, -2.125 ], "axis": "x", "angle": -45 },
    "faces": {
        "down":  { "uv": [ 1, 6, 0, 2 ], "texture": "#texture" },
        "up":    { "uv": [ 15, 2, 16, 6 ], "texture": "#texture" },
        "north": { "uv": [ 0, 11, 1, 12 ], "texture": "#texture" },
        "south": { "uv": [ 15, 11, 16, 12 ], "texture": "#texture" },
        "west":  { "uv": [ 2, 11, 6, 12 ], "texture": "#texture" },
        "east":  { "uv": [ 10, 11, 14, 12 ], "texture": "#texture" }
    }
},
{
    "from": [ 15.125, 0, -1.25 ],
    "to": [ 17.125, 2, 0.75 ],
    "rotation": { "origin": [ 15.125, 0, -1.25 ], "axis": "y", "angle": -22.5 },
    "faces": {
        "down":  { "uv": [ 16, 11, 14, 9 ], "texture": "#hardened_clay_stained_black" },
        "up":    { "uv": [ 0, 9, 2, 11 ], "texture": "#hardened_clay_stained_black" },
        "north": { "uv": [ 14, 14, 16, 16 ], "texture": "#hardened_clay_stained_black" },
        "south": { "uv": [ 0, 14, 2, 16 ], "texture": "#hardened_clay_stained_black" },
        "west":  { "uv": [ 9, 14, 11, 16 ], "texture": "#hardened_clay_stained_black" },
        "east":  { "uv": [ 5, 14, 7, 16 ], "texture": "#hardened_clay_stained_black" }
    }
},
{
    "from": [ -0.625, 0, 9.4375 ],
    "to": [ 1.375, 2, 11.4375 ],
    "rotation": { "origin": [ -0.625, 0, 9.4375 ], "axis": "y", "angle": 22.5 },
    "faces": {
        "down":  { "uv": [ 16, 11, 14, 9 ], "texture": "#hardened_clay_stained_black" },
        "up":    { "uv": [ 0, 9, 2, 11 ], "texture": "#hardened_clay_stained_black" },
        "north": { "uv": [ 14, 14, 16, 16 ], "texture": "#hardened_clay_stained_black" },
        "south": { "uv": [ 0, 14, 2, 16 ], "texture": "#hardened_clay_stained_black" },
        "west":  { "uv": [ 9, 14, 11, 16 ], "texture": "#hardened_clay_stained_black" },
        "east":  { "uv": [ 5, 14, 7, 16 ], "texture": "#hardened_clay_stained_black" }
    }
},
{
    "from": [ -0.5, 0, 0 ],
    "to": [ 1.5, 2, 2 ],
    "faces": {
        "down":  { "uv": [ 16, 11, 14, 9 ], "texture": "#hardened_clay_stained_black" },
        "up":    { "uv": [ 0, 9, 2, 11 ], "texture": "#hardened_clay_stained_black" },
        "north": { "uv": [ 14, 14, 16, 16 ], "texture": "#hardened_clay_stained_black" },
        "south": { "uv": [ 0, 14, 2, 16 ], "texture": "#hardened_clay_stained_black" },
        "west":  { "uv": [ 9, 14, 11, 16 ], "texture": "#hardened_clay_stained_black" },
        "east":  { "uv": [ 5, 14, 7, 16 ], "texture": "#hardened_clay_stained_black" }
    }
},
{
    "from": [ 14.625, 0, 8.75 ],
    "to": [ 16.625, 2, 10.75 ],
    "rotation": { "origin": [ 14.625, 0, 8.75 ], "axis": "y", "angle": 22.5 },
    "faces": {
        "down":  { "uv": [ 16, 11, 14, 9 ], "texture": "#hardened_clay_stained_black" },
        "up":    { "uv": [ 0, 9, 2, 11 ], "texture": "#hardened_clay_stained_black" },
        "north": { "uv": [ 14, 14, 16, 16 ], "texture": "#hardened_clay_stained_black" },
        "south": { "uv": [ 0, 14, 2, 16 ], "texture": "#hardened_clay_stained_black" },
        "west":  { "uv": [ 9, 14, 11, 16 ], "texture": "#hardened_clay_stained_black" },
        "east":  { "uv": [ 5, 14, 7, 16 ], "texture": "#hardened_clay_stained_black" }
    }
},
{
    "from": [ 14.9375, 15, 5.5 ],
    "to": [ 15.9375, 22, 6.5 ],
    "rotation": { "origin": [ 14.9375, 22, 5.5 ], "axis": "x", "angle": -22.5 },
    "faces": {
        "down":  { "uv": [ 9.5, 5, 8.5, 4 ], "texture": "#dark_metal" },
        "up":    { "uv": [ 6.5, 4, 7.5, 5 ], "texture": "#dark_metal" },
        "north": { "uv": [ 8.5, 0, 9.5, 0 ], "texture": "#dark_metal" },
        "south": { "uv": [ 6.5, 0, 7.5, 0 ], "texture": "#dark_metal" },
        "west":  { "uv": [ 4, 0, 5, 0 ], "texture": "#dark_metal" },
        "east":  { "uv": [ 11, 0, 12, 0 ], "texture": "#dark_metal" }
    }
},
{
    "from": [ 2, 22.75, 6.375 ],
    "to": [ 3, 23.75, 8.375 ],
    "rotation": { "origin": [ 2, 23.75, 6.375 ], "axis": "x", "angle": -45 },
    "faces": {
        "down":  { "uv": [ 14, 12, 13, 10 ], "texture": "#texture" },
        "up":    { "uv": [ 2, 10, 3, 12 ], "texture": "#texture" },
        "north": { "uv": [ 13, 14, 14, 15 ], "texture": "#texture" },
        "south": { "uv": [ 2, 14, 3, 15 ], "texture": "#texture" },
        "west":  { "uv": [ 10, 14, 12, 15 ], "texture": "#texture" },
        "east":  { "uv": [ 4, 14, 6, 15 ], "texture": "#texture" }
    }
},
{
    "from": [ 3, 23.5, 7.0625 ],
    "to": [ 13, 24.5, 8.0625 ],
    "rotation": { "origin": [ 3, 24.5, 7.0625 ], "axis": "x", "angle": -45 },
    "faces": {
        "down":  { "uv": [ 13, 12, 3, 11 ], "texture": "#hardened_clay_stained_black" },
        "up":    { "uv": [ 3, 11, 13, 12 ], "texture": "#hardened_clay_stained_black" },
        "north": { "uv": [ 3, 14, 13, 15 ], "texture": "#hardened_clay_stained_black" },
        "south": { "uv": [ 3, 14, 13, 15 ], "texture": "#hardened_clay_stained_black" },
        "west":  { "uv": [ 11, 14, 12, 15 ], "texture": "#hardened_clay_stained_black" },
        "east":  { "uv": [ 4, 14, 5, 15 ], "texture": "#hardened_clay_stained_black" }
    }
},
{
    "from": [ 13, 22.75, 6.375 ],
    "to": [ 14, 23.75, 8.375 ],
    "rotation": { "origin": [ 13, 23.75, 6.375 ], "axis": "x", "angle": -45 },
    "faces": {
        "down":  { "uv": [ 3, 12, 2, 10 ], "texture": "#texture" },
        "up":    { "uv": [ 13, 10, 14, 12 ], "texture": "#texture" },
        "north": { "uv": [ 2, 14, 3, 15 ], "texture": "#texture" },
        "south": { "uv": [ 13, 14, 14, 15 ], "texture": "#texture" },
        "west":  { "uv": [ 10, 14, 12, 15 ], "texture": "#texture" },
        "east":  { "uv": [ 4, 14, 6, 15 ], "texture": "#texture" }
    }
},
{
    "__comment": "Bottom",
    "from": [ 0, 3, 0 ],
    "to": [ 8, 11, 5 ],
    "faces": {
        "down":  { "uv": [ 16, 5, 8, 0 ], "texture": "#texture" },
        "up":    { "uv": [ 0, 0, 8, 5 ], "texture": "#texture" },
        "north": { "uv": [ 8, 5, 16, 13 ], "texture": "#texture" },
        "south": { "uv": [ 0, 5, 8, 13 ], "texture": "#texture" },
        "west":  { "uv": [ 0, 5, 5, 13 ], "texture": "#texture" },
        "east":  { "uv": [ 11, 5, 16, 13 ], "texture": "#texture" }
    }
},
{
    "__comment": "Bottom",
    "from": [ 8, 3, 5 ],
    "to": [ 12, 11, 10 ],
    "faces": {
        "down":  { "uv": [ 16, 10, 12, 5 ], "texture": "#texture" },
        "up":    { "uv": [ 0, 5, 4, 10 ], "texture": "#texture" },
        "north": { "uv": [ 12, 5, 16, 13 ], "texture": "#texture" },
        "south": { "uv": [ 0, 5, 4, 13 ], "texture": "#texture" },
        "west":  { "uv": [ 11, 5, 16, 13 ], "texture": "#texture" },
        "east":  { "uv": [ 11, 5, 16, 13 ], "texture": "#texture" }
    }
},
{
    "__comment": "Bottom*",
    "from": [ 4, 3, 5 ],
    "to": [ 8, 11, 10 ],
    "faces": {
        "down":  { "uv": [ 12, 10, 8, 5 ], "texture": "#texture" },
        "up":    { "uv": [ 4, 5, 8, 10 ], "texture": "#texture" },
        "north": { "uv": [ 8, 5, 12, 13 ], "texture": "#texture" },
        "south": { "uv": [ 12, 5, 16, 13 ], "texture": "#texture" },
        "west":  { "uv": [ 5, 5, 10, 13 ], "texture": "#texture" },
        "east":  { "uv": [ 6, 5, 11, 13 ], "texture": "#texture" }
    }
},
{
    "__comment": "Bottom*",
    "from": [ 8, 3, 0 ],
    "to": [ 16, 11, 5 ],
    "faces": {
        "down":  { "uv": [ 8, 5, 0, 0 ], "texture": "#texture" },
        "up":    { "uv": [ 8, 0, 16, 5 ], "texture": "#texture" },
        "north": { "uv": [ 0, 5, 8, 13 ], "texture": "#texture" },
        "south": { "uv": [ 8, 5, 16, 13 ], "texture": "#texture" },
        "west":  { "uv": [ 0, 5, 5, 13 ], "texture": "#texture" },
        "east":  { "uv": [ 11, 5, 16, 13 ], "texture": "#texture" }
    }
},
{
    "__comment": "Bottom*",
    "from": [ 0, 3, 5 ],
    "to": [ 4, 11, 10 ],
    "faces": {
        "down":  { "uv": [ 16, 10, 12, 5 ], "texture": "#texture" },
        "up":    { "uv": [ 0, 5, 4, 10 ], "texture": "#texture" },
        "north": { "uv": [ 12, 5, 16, 13 ], "texture": "#texture" },
        "south": { "uv": [ 0, 5, 4, 13 ], "texture": "#texture" },
        "west":  { "uv": [ 11, 5, 16, 13 ], "texture": "#texture" },
        "east":  { "uv": [ 11, 5, 16, 13 ], "texture": "#texture" }
    }
},
{
    "from": [ 10, 7, 10 ],
    "to": [ 11, 9, 11 ],
    "faces": {
        "down":  { "uv": [ 6, 11, 5, 10 ], "texture": "#hardened_clay_stained_black" },
        "up":    { "uv": [ 10, 10, 11, 11 ], "texture": "#hardened_clay_stained_black" },
        "north": { "uv": [ 5, 7, 6, 9 ], "texture": "#hardened_clay_stained_black" },
        "south": { "uv": [ 10, 7, 11, 9 ], "texture": "#hardened_clay_stained_black" },
        "west":  { "uv": [ 10, 7, 11, 9 ], "texture": "#hardened_clay_stained_black" },
        "east":  { "uv": [ 5, 7, 6, 9 ], "texture": "#hardened_clay_stained_black" }
    }
},
{
    "from": [ 1, 11.9375, 10 ],
    "to": [ 15, 12, 14 ],
    "faces": {
        "down":  { "uv": [ 15, 16, 1, 12 ], "texture": "#texture" },
        "up":    { "uv": [ 1, 12, 15, 16 ], "texture": "#texture" }
    }
},
{
    "from": [ 5, 7, 10 ],
    "to": [ 6, 9, 11 ],
    "faces": {
        "down":  { "uv": [ 11, 11, 10, 10 ], "texture": "#hardened_clay_stained_black" },
        "up":    { "uv": [ 5, 10, 6, 11 ], "texture": "#hardened_clay_stained_black" },
        "north": { "uv": [ 10, 7, 11, 9 ], "texture": "#hardened_clay_stained_black" },
        "south": { "uv": [ 5, 7, 6, 9 ], "texture": "#hardened_clay_stained_black" },
        "west":  { "uv": [ 10, 7, 11, 9 ], "texture": "#hardened_clay_stained_black" },
        "east":  { "uv": [ 5, 7, 6, 9 ], "texture": "#hardened_clay_stained_black" }
    }
}
],
"display": {
    "thirdperson_righthand": {
        "rotation": [ 0, -43, 0 ],
        "translation": [ 0, 0, 0 ],
        "scale": [ 0.5, 0.5, 0.5 ]
    },
    "thirdperson_lefthand": {
        "rotation": [ 0, -43, 0 ],
        "translation": [ 0, 0, 0 ],
        "scale": [ 0.5, 0.5, 0.5 ]
    },
    "head": {
        "rotation": [ 0, 180, 0 ],
        "translation": [ 0, -30.5, 0 ],
        "scale": [ 1.6, 1.6, 1.6 ]
    },
    "ground": {
        "rotation": [ 0, 0, 0 ],
        "translation": [ 0, 2, 0 ],
        "scale": [ 0.5, 0.5, 0.5 ]
    },
    "fixed": {
        "rotation": [ 0, 180, 0 ],
        "translation": [ 0, 0, -3.4 ],
        "scale": [ 0.5, 0.5, 0.5 ]
    },
    "firstperson_righthand": {
        "rotation": [ 0, -64, 0 ],
        "translation": [ 0, 0, 0 ],
        "scale": [ 0.5, 0.5, 0.5 ]
    },
    "firstperson_lefthand": {
        "rotation": [ 0, -64, 0 ],
        "translation": [ 0, 0, 0 ],
        "scale": [ 0.5, 0.5, 0.5 ]
    },
    "gui": {
        "rotation": [ 35, 35, 0 ],
        "translation": [ 0, -2.08, 0 ],
        "scale": [ 0.5, 0.5, 0.5 ]
    }
}
}