{
"__comment": "Designed by Oberdiah",
"textures": {
    "wood": "blocks/furniture/guitar_back",
    "guitar_front": "blocks/furniture/guitar_front",
    "guitar_back": "blocks/furniture/guitar_back",
    "wool_colored_brown": "blocks/wool_colored_brown",
    "texture": "blocks/furniture/piano_black",
    "wool_colored_white": "blocks/furniture/locker"
},
"elements": [ 
{
    "__comment": "guitar_back x64",
    "from": [ 3, 3, 7 ],
    "to": [ 14.5, 7, 9 ],
    "faces": {
        "down":  { "uv": [ 11, 14.5, 5.25, 13.5 ], "texture": "#wood" },
        "up":    { "uv": [ 5.5, 13.5, 11.25, 14.5 ], "texture": "#wood" },
        "north": { "uv": [ 4.75, 13, 10.5, 15 ], "texture": "#guitar_front" },
        "south": { "uv": [ 5.5, 13, 11.25, 15 ], "texture": "#wood" },
        "west":  { "uv": [ 7.5, 13, 8.5, 15 ], "texture": "#wood" },
        "east":  { "uv": [ 7.5, 13, 8.5, 15 ], "texture": "#wood" }
    }
},
{
    "__comment": "guitar_back x64",
    "from": [ 3, 7, 7 ],
    "to": [ 14, 8, 9 ],
    "faces": {
        "down":  { "uv": [ 10.5, 14.5, 5, 13.5 ], "texture": "#wood" },
        "up":    { "uv": [ 5, 13.5, 10.5, 14.5 ], "texture": "#wood" },
        "north": { "uv": [ 5, 12.5, 10.5, 13 ], "texture": "#guitar_front" },
        "south": { "uv": [ 5.5, 12.5, 11, 13 ], "texture": "#wood" },
        "west":  { "uv": [ 7.5, 12.5, 8.5, 13 ], "texture": "#wood" },
        "east":  { "uv": [ 7.5, 12.5, 8.5, 13 ], "texture": "#wood" }
    }
},
{
    "__comment": "guitar_back x64",
    "from": [ 4, 2, 7 ],
    "to": [ 14, 3, 9 ],
    "faces": {
        "down":  { "uv": [ 5.5, 13, 10.5, 14 ], "texture": "#wood" },
        "up":    { "uv": [ 5.5, 13, 10.5, 14 ], "texture": "#wood" },
        "north": { "uv": [ 5, 15, 10, 15.5 ], "texture": "#guitar_front" },
        "south": { "uv": [ 6, 15, 11, 15.5 ], "texture": "#wood" },
        "west":  { "uv": [ 7.5, 15, 8.5, 15.5 ], "texture": "#wood" },
        "east":  { "uv": [ 7.5, 15, 8.5, 15.5 ], "texture": "#wood" }
    }
},
{
    "__comment": "guitar_back x64",
    "from": [ 3.5, 8, 7 ],
    "to": [ 13.5, 9, 9 ],
    "faces": {
        "down":  { "uv": [ 11, 13.5, 6, 12.5 ], "texture": "#wood" },
        "up":    { "uv": [ 5.5, 12.5, 10.5, 13.5 ], "texture": "#wood" },
        "north": { "uv": [ 5.25, 12, 10.25, 12.5 ], "texture": "#guitar_front" },
        "south": { "uv": [ 5.75, 12, 10.75, 12.5 ], "texture": "#wood" },
        "west":  { "uv": [ 7.5, 12, 8.5, 12.5 ], "texture": "#wood" },
        "east":  { "uv": [ 7.5, 12, 8.5, 12.5 ], "texture": "#wood" }
    }
},
{
    "__comment": "guitar_back x64",
    "from": [ 4.5, 13, 7 ],
    "to": [ 13, 15.5, 9 ],
    "faces": {
        "down":  { "uv": [ 10, 10, 5.75, 9 ], "texture": "#wood" },
        "up":    { "uv": [ 6, 9, 10.25, 10 ], "texture": "#wood" },
        "north": { "uv": [ 5.5, 8.75, 9.75, 10 ], "texture": "#guitar_front" },
        "south": { "uv": [ 6.25, 8.75, 10.5, 10 ], "texture": "#wood" },
        "west":  { "uv": [ 7.5, 8.75, 8.5, 10 ], "texture": "#wood" },
        "east":  { "uv": [ 7.5, 8.75, 8.5, 10 ], "texture": "#wood" }
    }
},
{
    "__comment": "guitar_back x64",
    "from": [ 4.5, 9, 7 ],
    "to": [ 13, 9.5, 9 ],
    "faces": {
        "down":  { "uv": [ 10, 12.5, 5.75, 11.5 ], "texture": "#wood" },
        "up":    { "uv": [ 6, 10.5, 10.25, 11.5 ], "texture": "#wood" },
        "north": { "uv": [ 5.5, 11.75, 9.75, 12 ], "texture": "#guitar_front" },
        "south": { "uv": [ 6.25, 11.75, 10.5, 12 ], "texture": "#wood" },
        "west":  { "uv": [ 7.5, 11.75, 8.5, 12 ], "texture": "#wood" },
        "east":  { "uv": [ 7.5, 11.75, 8.5, 12 ], "texture": "#wood" }
    }
},
{
    "__comment": "guitar_back x64",
    "from": [ 5, 1.5, 7 ],
    "to": [ 13, 2, 9 ],
    "faces": {
        "down":  { "uv": [ 6, 12.5, 10, 13.5 ], "texture": "#wood" },
        "up":    { "uv": [ 6, 12.5, 10, 13.5 ], "texture": "#wood" },
        "north": { "uv": [ 5.5, 15.5, 9.5, 15.75 ], "texture": "#guitar_front" },
        "south": { "uv": [ 6.5, 15.5, 10.5, 15.75 ], "texture": "#wood" },
        "west":  { "uv": [ 7.5, 15.5, 8.5, 15.75 ], "texture": "#wood" },
        "east":  { "uv": [ 7.5, 15.5, 8.5, 15.75 ], "texture": "#wood" }
    }
},
{
    "__comment": "guitar_back x64",
    "from": [ 10, 10, 7 ],
    "to": [ 12.5, 12, 9 ],
    "faces": {
        "down":  { "uv": [ 7, 8.5, 5.75, 7.5 ], "texture": "#wood" },
        "up":    { "uv": [ 9, 7.5, 10.25, 8.5 ], "texture": "#wood" },
        "north": { "uv": [ 5.75, 10.5, 7, 11.5 ], "texture": "#guitar_front" },
        "south": { "uv": [ 9, 10.5, 10.25, 11.5 ], "texture": "#wood" },
        "west":  { "uv": [ 7.5, 10.5, 8.5, 11.5 ], "texture": "#wood" },
        "east":  { "uv": [ 7.5, 10.5, 8.5, 11.5 ], "texture": "#wood" }
    }
},
{
    "__comment": "guitar_back x64",
    "from": [ 5.5, 15.5, 7 ],
    "to": [ 12, 16, 9 ],
    "faces": {
        "down":  { "uv": [ 9.5, 10, 6.25, 9 ], "texture": "#wood" },
        "up":    { "uv": [ 6.5, 8.5, 9.75, 9.5 ], "texture": "#wood" },
        "north": { "uv": [ 6, 8.5, 9.25, 8.75 ], "texture": "#guitar_front" },
        "south": { "uv": [ 6.75, 8.5, 10, 8.75 ], "texture": "#wood" },
        "west":  { "uv": [ 7.5, 8.5, 8.5, 8.75 ], "texture": "#wood" },
        "east":  { "uv": [ 7.5, 8.5, 8.5, 8.75 ], "texture": "#wood" }
    }
},
{
    "__comment": "guitar_back x64",
    "from": [ 6, 1, 7 ],
    "to": [ 12, 1.5, 9 ],
    "faces": {
        "down":  { "uv": [ 6.5, 11.5, 9.5, 12.5 ], "texture": "#wood" },
        "up":    { "uv": [ 6.5, 11.5, 9.5, 12.5 ], "texture": "#wood" },
        "north": { "uv": [ 6, 15.75, 9, 16 ], "texture": "#guitar_front" },
        "south": { "uv": [ 7, 15.75, 10, 16 ], "texture": "#wood" },
        "west":  { "uv": [ 7.5, 15.75, 8.5, 16 ], "texture": "#wood" },
        "east":  { "uv": [ 7.5, 15.75, 8.5, 16 ], "texture": "#wood" }
    }
},
{
    "__comment": "guitar_back x64",
    "from": [ 5.5, 16, 7 ],
    "to": [ 10.5, 16.5, 9 ],
    "faces": {
        "down":  { "uv": [ 9, 9.5, 6.5, 8.5 ], "texture": "#wood" },
        "up":    { "uv": [ 6.5, 8.5, 9, 9.5 ], "texture": "#wood" },
        "north": { "uv": [ 6.75, 8.25, 9.25, 8.5 ], "texture": "#guitar_front" },
        "south": { "uv": [ 6.75, 8.25, 9.25, 8.5 ], "texture": "#wood" },
        "west":  { "uv": [ 7.5, 8.25, 8.5, 8.5 ], "texture": "#wood" },
        "east":  { "uv": [ 7.5, 8.25, 8.5, 8.5 ], "texture": "#wood" }
    }
},
{
    "__comment": "guitar_back x64",
    "from": [ 7, 28.5, 8 ],
    "to": [ 10, 31, 9 ],
    "faces": {
        "down":  { "uv": [ 8.5, 8.5, 7, 8 ], "texture": "#guitar_back" },
        "up":    { "uv": [ 7.5, 8, 9, 8.5 ], "texture": "#guitar_back" },
        "north": { "uv": [ 7, 1, 8.5, 2.25 ], "texture": "#guitar_back" },
        "south": { "uv": [ 7.5, 1, 9, 2.25 ], "texture": "#guitar_back" },
        "west":  { "uv": [ 8, 1, 8.5, 2.25 ], "texture": "#guitar_back" },
        "east":  { "uv": [ 7.5, 1, 8, 2.25 ], "texture": "#guitar_back" }
    }
},
{
    "__comment": "guitar_back x64",
    "from": [ 7.5, 31, 8 ],
    "to": [ 9.5, 32, 9 ],
    "faces": {
        "down":  { "uv": [ 8.25, 8.5, 7.25, 8 ], "texture": "#guitar_back" },
        "up":    { "uv": [ 7.75, 8, 8.75, 8.5 ], "texture": "#guitar_back" },
        "north": { "uv": [ 7.25, 0.5, 8.25, 1 ], "texture": "#guitar_back" },
        "south": { "uv": [ 7.75, 0.5, 8.75, 1 ], "texture": "#guitar_back" },
        "west":  { "uv": [ 8, 0.5, 8.5, 1 ], "texture": "#guitar_back" },
        "east":  { "uv": [ 7.5, 0.5, 8, 1 ], "texture": "#guitar_back" }
    }
},
{
    "__comment": "guitar_back x64",
    "from": [ 7.5, 16.5, 8 ],
    "to": [ 9.5, 28.5, 9 ],
    "faces": {
        "down":  { "uv": [ 8.25, 8.5, 7.25, 8 ], "texture": "#wool_colored_brown" },
        "up":    { "uv": [ 7.75, 8, 8.75, 8.5 ], "texture": "#wool_colored_brown" },
        "north": { "uv": [ 7.25, 2.25, 8.25, 8.25 ], "texture": "#wool_colored_brown" },
        "south": { "uv": [ 7.75, 2.25, 8.75, 8.25 ], "texture": "#wool_colored_brown" },
        "west":  { "uv": [ 8, 2.25, 8.5, 8.25 ], "texture": "#wool_colored_brown" },
        "east":  { "uv": [ 7.5, 2.25, 8, 8.25 ], "texture": "#wool_colored_brown" }
    }
},
{
    "__comment": "guitar_back x64",
    "from": [ 7, 31, 8 ],
    "to": [ 7.5, 31.5, 9 ],
    "faces": {
        "down":  { "uv": [ 8.5, 8.5, 8.25, 8 ], "texture": "#guitar_back" },
        "up":    { "uv": [ 7.5, 8, 7.75, 8.5 ], "texture": "#guitar_back" },
        "north": { "uv": [ 8.25, 0.75, 8.5, 1 ], "texture": "#guitar_back" },
        "south": { "uv": [ 7.5, 0.75, 7.75, 1 ], "texture": "#guitar_back" },
        "west":  { "uv": [ 8, 0.75, 8.5, 1 ], "texture": "#guitar_back" },
        "east":  { "uv": [ 7.5, 0.75, 8, 1 ], "texture": "#guitar_back" }
    }
},
{
    "__comment": "guitar_back x64",
    "from": [ 7, 28, 8 ],
    "to": [ 7.5, 28.5, 9 ],
    "faces": {
        "down":  { "uv": [ 8.5, 8.5, 8.25, 8 ], "texture": "#guitar_back" },
        "up":    { "uv": [ 7.5, 8, 7.75, 8.5 ], "texture": "#guitar_back" },
        "north": { "uv": [ 8.25, 2.25, 8.5, 2.5 ], "texture": "#guitar_back" },
        "south": { "uv": [ 7.5, 2.25, 7.75, 2.5 ], "texture": "#guitar_back" },
        "west":  { "uv": [ 8, 2.25, 8.5, 2.5 ], "texture": "#guitar_back" },
        "east":  { "uv": [ 7.5, 2.25, 8, 2.5 ], "texture": "#guitar_back" }
    }
},
{
    "__comment": "guitar_back x64",
    "from": [ 4.5, 11.5, 7 ],
    "to": [ 5, 12, 9 ],
    "faces": {
        "down":  { "uv": [ 9.5, 10, 9.25, 9 ], "texture": "#wood" },
        "up":    { "uv": [ 6.5, 8.5, 6.75, 9.5 ], "texture": "#wood" },
        "north": { "uv": [ 9.5, 10.5, 9.75, 10.75 ], "texture": "#guitar_front" },
        "south": { "uv": [ 6.25, 10.5, 6.5, 10.75 ], "texture": "#wood" },
        "west":  { "uv": [ 7.5, 10.5, 8.5, 10.75 ], "texture": "#wood" },
        "east":  { "uv": [ 7.5, 10.5, 8.5, 10.75 ], "texture": "#wood" }
    }
},
{
    "__comment": "guitar_back x64",
    "from": [ 4, 12.5, 7 ],
    "to": [ 4.5, 14.5, 9 ],
    "faces": {
        "down":  { "uv": [ 10, 10, 9.75, 9 ], "texture": "#wood" },
        "up":    { "uv": [ 6, 9, 6.25, 10 ], "texture": "#wood" },
        "north": { "uv": [ 9.75, 9.25, 10, 10.25 ], "texture": "#guitar_front" },
        "south": { "uv": [ 6, 9.25, 6.25, 10.25 ], "texture": "#wood" },
        "west":  { "uv": [ 7.5, 9.25, 8.5, 10.25 ], "texture": "#wood" },
        "east":  { "uv": [ 7.5, 9.25, 8.5, 10.25 ], "texture": "#wood" }
    }
},
{
    "__comment": "guitar_back x64",
    "from": [ 3.5, 2.5, 7 ],
    "to": [ 4, 3, 9 ],
    "faces": {
        "down":  { "uv": [ 6.5, 9.5, 6.75, 10.5 ], "texture": "#wood" },
        "up":    { "uv": [ 6.5, 9.5, 6.75, 10.5 ], "texture": "#wood" },
        "north": { "uv": [ 10, 15, 10.25, 15.25 ], "texture": "#guitar_front" },
        "south": { "uv": [ 5.75, 15, 6, 15.25 ], "texture": "#wood" },
        "west":  { "uv": [ 7.5, 15, 8.5, 15.25 ], "texture": "#wood" },
        "east":  { "uv": [ 7.5, 15, 8.5, 15.25 ], "texture": "#wood" }
    }
},
{
    "__comment": "guitar_back x64",
    "from": [ 2.5, 4, 7 ],
    "to": [ 3, 6.5, 9 ],
    "faces": {
        "down":  { "uv": [ 6, 9, 6.25, 10 ], "texture": "#wood" },
        "up":    { "uv": [ 6, 9, 6.25, 10 ], "texture": "#wood" },
        "north": { "uv": [ 10.5, 13.25, 10.75, 14.5 ], "texture": "#guitar_front" },
        "south": { "uv": [ 5.25, 13.25, 5.5, 14.5 ], "texture": "#wood" },
        "west":  { "uv": [ 7.5, 13.25, 8.5, 14.5 ], "texture": "#wood" },
        "east":  { "uv": [ 7.5, 13.25, 8.5, 14.5 ], "texture": "#wood" }
    }
},
{
    "__comment": "guitar_back x64*",
    "from": [ 9.5, 12, 7 ],
    "to": [ 13, 13, 9 ],
    "faces": {
        "down":  { "uv": [ 8, 9.5, 6.25, 8.5 ], "texture": "#wood" },
        "up":    { "uv": [ 8, 8.5, 9.75, 9.5 ], "texture": "#wood" },
        "north": { "uv": [ 5.5, 10, 7.25, 10.5 ], "texture": "#guitar_front" },
        "south": { "uv": [ 8.75, 10, 10.5, 10.5 ], "texture": "#wood" },
        "west":  { "uv": [ 7.5, 10, 8.5, 10.5 ], "texture": "#wood" },
        "east":  { "uv": [ 7.5, 10, 8.5, 10.5 ], "texture": "#wood" }
    }
},
{
    "__comment": "guitar_back x64*",
    "from": [ 4.5, 12, 7 ],
    "to": [ 7.5, 13, 9 ],
    "faces": {
        "down":  { "uv": [ 9.75, 8.5, 8.25, 7.5 ], "texture": "#wood" },
        "up":    { "uv": [ 6.25, 7.5, 7.75, 8.5 ], "texture": "#wood" },
        "north": { "uv": [ 8.25, 10, 9.75, 10.5 ], "texture": "#guitar_front" },
        "south": { "uv": [ 6.25, 10, 7.75, 10.5 ], "texture": "#wood" },
        "west":  { "uv": [ 7.5, 10, 8.5, 10.5 ], "texture": "#wood" },
        "east":  { "uv": [ 7.5, 10, 8.5, 10.5 ], "texture": "#wood" }
    }
},
{
    "__comment": "guitar_back x64*",
    "from": [ 7.5, 12.5, 7 ],
    "to": [ 9.5, 13, 9 ],
    "faces": {
        "down":  { "uv": [ 8.25, 8.5, 7.25, 7.5 ], "texture": "#wood" },
        "up":    { "uv": [ 7.75, 7.5, 8.75, 8.5 ], "texture": "#wood" },
        "north": { "uv": [ 7.25, 10, 8.25, 10.25 ], "texture": "#guitar_front" },
        "south": { "uv": [ 7.75, 10, 8.75, 10.25 ], "texture": "#wood" },
        "west":  { "uv": [ 7.5, 10, 8.5, 10.25 ], "texture": "#wood" },
        "east":  { "uv": [ 7.5, 10, 8.5, 10.25 ], "texture": "#wood" }
    }
},
{
    "__comment": "guitar_back x64*",
    "from": [ 5, 10, 7 ],
    "to": [ 7, 12, 9 ],
    "faces": {
        "down":  { "uv": [ 9.5, 8.5, 8.5, 7.5 ], "texture": "#wood" },
        "up":    { "uv": [ 6.5, 7.5, 7.5, 8.5 ], "texture": "#wood" },
        "north": { "uv": [ 8.5, 10.5, 9.5, 11.5 ], "texture": "#guitar_front" },
        "south": { "uv": [ 6.5, 10.5, 7.5, 11.5 ], "texture": "#wood" },
        "west":  { "uv": [ 7.5, 10.5, 8.5, 11.5 ], "texture": "#wood" },
        "east":  { "uv": [ 7.5, 10.5, 8.5, 11.5 ], "texture": "#wood" }
    }
},
{
    "__comment": "guitar_back x64*",
    "from": [ 9.5, 9.5, 7 ],
    "to": [ 13, 10, 9 ],
    "faces": {
        "down":  { "uv": [ 8, 10.5, 6.25, 9.5 ], "texture": "#wood" },
        "up":    { "uv": [ 8, 10, 9.75, 11 ], "texture": "#wood" },
        "north": { "uv": [ 5.5, 11.5, 7.25, 11.75 ], "texture": "#guitar_front" },
        "south": { "uv": [ 8.75, 11.5, 10.5, 11.75 ], "texture": "#wood" },
        "west":  { "uv": [ 7.5, 11.5, 8.5, 11.75 ], "texture": "#wood" },
        "east":  { "uv": [ 7.5, 11.5, 8.5, 11.75 ], "texture": "#wood" }
    }
},
{
    "__comment": "guitar_back x64*",
    "from": [ 5, 9.5, 7 ],
    "to": [ 7.5, 10, 9 ],
    "faces": {
        "down":  { "uv": [ 9.5, 8.5, 8.25, 7.5 ], "texture": "#wood" },
        "up":    { "uv": [ 6.5, 7.5, 7.75, 8.5 ], "texture": "#wood" },
        "north": { "uv": [ 8.25, 11.5, 9.5, 11.75 ], "texture": "#guitar_front" },
        "south": { "uv": [ 6.5, 11.5, 7.75, 11.75 ], "texture": "#wood" },
        "west":  { "uv": [ 7.5, 11.5, 8.5, 11.75 ], "texture": "#wood" },
        "east":  { "uv": [ 7.5, 11.5, 8.5, 11.75 ], "texture": "#wood" }
    }
},
{
    "__comment": "guitar_back x64*",
    "from": [ 7, 9.5, 7 ],
    "to": [ 10, 12.5, 7.5 ],
    "faces": {
        "down":  { "uv": [ 8.5, 7.75, 7, 7.5 ], "texture": "#wood" },
        "up":    { "uv": [ 7.5, 7.5, 9, 7.75 ], "texture": "#wood" },
        "north": { "uv": [ 7, 10.25, 8.5, 11.75 ], "texture": "#guitar_front" },
        "south": { "uv": [ 7.5, 10.25, 9, 11.75 ], "texture": "#texture" },
        "west":  { "uv": [ 7.5, 10.25, 7.75, 11.75 ], "texture": "#wood" },
        "east":  { "uv": [ 8.25, 10.25, 8.5, 11.75 ], "texture": "#wood" }
    }
},
{
    "__comment": "guitar_back x64*",
    "from": [ 7.5, 5.5, 8.875 ],
    "to": [ 7.8125, 29.5, 9.125 ],
    "faces": {
        "down":  { "uv": [ 8.25, 8.5625, 8.09375, 8.4375 ], "texture": "#wool_colored_white" },
        "up":    { "uv": [ 7.75, 8.4375, 7.90625, 8.5625 ], "texture": "#wool_colored_white" },
        "north": { "uv": [ 8.09375, 1.75, 8.25, 13.75 ], "texture": "#wool_colored_white" },
        "south": { "uv": [ 7.75, 1.75, 7.90625, 13.75 ], "texture": "#wool_colored_white" },
        "west":  { "uv": [ 8.4375, 1.75, 8.5625, 13.75 ], "texture": "#wool_colored_white" },
        "east":  { "uv": [ 7.4375, 1.75, 7.5625, 13.75 ], "texture": "#wool_colored_white" }
    }
},
{
    "__comment": "guitar_back x64*",
    "from": [ 8, 5.75, 8.9375 ],
    "to": [ 8.375, 31, 9.1875 ],
    "faces": {
        "down":  { "uv": [ 8, 8.59375, 7.8125, 8.46875 ], "texture": "#wool_colored_white" },
        "up":    { "uv": [ 8, 8.46875, 8.1875, 8.59375 ], "texture": "#wool_colored_white" },
        "north": { "uv": [ 7.8125, 1, 8, 13.625 ], "texture": "#wool_colored_white" },
        "south": { "uv": [ 8, 1, 8.1875, 13.625 ], "texture": "#wool_colored_white" },
        "west":  { "uv": [ 8.46875, 1, 8.59375, 13.625 ], "texture": "#wool_colored_white" },
        "east":  { "uv": [ 7.40625, 1, 7.53125, 13.625 ], "texture": "#wool_colored_white" }
    }
},
{
    "__comment": "guitar_back x64*",
    "from": [ 8.5, 5.375, 8.9375 ],
    "to": [ 8.8125, 30, 9.1875 ],
    "faces": {
        "down":  { "uv": [ 7.75, 8.59375, 7.59375, 8.46875 ], "texture": "#wool_colored_white" },
        "up":    { "uv": [ 8.25, 8.46875, 8.40625, 8.59375 ], "texture": "#wool_colored_white" },
        "north": { "uv": [ 7.59375, 1.5, 7.75, 13.8125 ], "texture": "#wool_colored_white" },
        "south": { "uv": [ 8.25, 1.5, 8.40625, 13.8125 ], "texture": "#wool_colored_white" },
        "west":  { "uv": [ 8.46875, 1.5, 8.59375, 13.8125 ], "texture": "#wool_colored_white" },
        "east":  { "uv": [ 7.40625, 1.5, 7.53125, 13.8125 ], "texture": "#wool_colored_white" }
    }
},
{
    "__comment": "guitar_back x64*",
    "from": [ 9, 5.5, 8.9375 ],
    "to": [ 9.375, 31.5, 9.1875 ],
    "faces": {
        "down":  { "uv": [ 7.5, 8.59375, 7.3125, 8.46875 ], "texture": "#wool_colored_white" },
        "up":    { "uv": [ 8.5, 8.46875, 8.6875, 8.59375 ], "texture": "#wool_colored_white" },
        "north": { "uv": [ 7.3125, 0.75, 7.5, 13.75 ], "texture": "#wool_colored_white" },
        "south": { "uv": [ 8.5, 0.75, 8.6875, 13.75 ], "texture": "#wool_colored_white" },
        "west":  { "uv": [ 8.46875, 0.75, 8.59375, 13.75 ], "texture": "#wool_colored_white" },
        "east":  { "uv": [ 7.40625, 0.75, 7.53125, 13.75 ], "texture": "#wool_colored_white" }
    }
},
{
    "__comment": "guitar_back x64*",
    "from": [ 6.5, 5, 9 ],
    "to": [ 10.5625, 6, 9.3125 ],
    "faces": {
        "down":  { "uv": [ 8.75, 8.65625, 6.71875, 8.5 ], "texture": "#guitar_back" },
        "up":    { "uv": [ 7.25, 8.5, 9.28125, 8.65625 ], "texture": "#guitar_back" },
        "north": { "uv": [ 6.71875, 13.5, 8.75, 14 ], "texture": "#guitar_back" },
        "south": { "uv": [ 7.25, 13.5, 9.28125, 14 ], "texture": "#guitar_back" },
        "west":  { "uv": [ 8.5, 13.5, 8.65625, 14 ], "texture": "#guitar_back" },
        "east":  { "uv": [ 7.34375, 13.5, 7.5, 14 ], "texture": "#guitar_back" }
    }
},
{
    "__comment": "guitar_back x64*",
    "from": [ 6, 5.5, 9 ],
    "to": [ 11, 6, 9.3125 ],
    "faces": {
        "down":  { "uv": [ 9, 8.65625, 6.5, 8.5 ], "texture": "#guitar_back" },
        "up":    { "uv": [ 7, 8.5, 9.5, 8.65625 ], "texture": "#guitar_back" },
        "north": { "uv": [ 6.5, 13.5, 9, 13.75 ], "texture": "#guitar_back" },
        "south": { "uv": [ 7, 13.5, 9.5, 13.75 ], "texture": "#guitar_back" },
        "west":  { "uv": [ 8.5, 13.5, 8.65625, 13.75 ], "texture": "#guitar_back" },
        "east":  { "uv": [ 7.34375, 13.5, 7.5, 13.75 ], "texture": "#guitar_back" }
    }
},
{
    "__comment": "guitar_back x64*",
    "from": [ 9.5, 30.5, 8.5 ],
    "to": [ 10.5, 31, 8.75 ],
    "faces": {
        "down":  { "uv": [ 7.5, 8.59375, 7.3125, 8.46875 ], "texture": "#wool_colored_white" },
        "up":    { "uv": [ 8.5, 8.46875, 8.6875, 8.59375 ], "texture": "#wool_colored_white" },
        "north": { "uv": [ 7.3125, 0.75, 7.5, 13.75 ], "texture": "#wool_colored_white" },
        "south": { "uv": [ 8.5, 0.75, 8.6875, 13.75 ], "texture": "#wool_colored_white" },
        "west":  { "uv": [ 8.46875, 0.75, 8.59375, 13.75 ], "texture": "#wool_colored_white" },
        "east":  { "uv": [ 7.40625, 0.75, 7.53125, 13.75 ], "texture": "#wool_colored_white" }
    }
},
{
    "__comment": "guitar_back x64*",
    "from": [ 9.5, 29.5, 8.5 ],
    "to": [ 10.5, 30, 8.75 ],
    "faces": {
        "down":  { "uv": [ 7.5, 8.59375, 7.3125, 8.46875 ], "texture": "#wool_colored_white" },
        "up":    { "uv": [ 8.5, 8.46875, 8.6875, 8.59375 ], "texture": "#wool_colored_white" },
        "north": { "uv": [ 7.3125, 0.75, 7.5, 13.75 ], "texture": "#wool_colored_white" },
        "south": { "uv": [ 8.5, 0.75, 8.6875, 13.75 ], "texture": "#wool_colored_white" },
        "west":  { "uv": [ 8.46875, 0.75, 8.59375, 13.75 ], "texture": "#wool_colored_white" },
        "east":  { "uv": [ 7.40625, 0.75, 7.53125, 13.75 ], "texture": "#wool_colored_white" }
    }
},
{
    "__comment": "guitar_back x64*",
    "from": [ 9.5, 28.5, 8.5 ],
    "to": [ 10.5, 29, 8.75 ],
    "faces": {
        "down":  { "uv": [ 7.5, 8.59375, 7.3125, 8.46875 ], "texture": "#wool_colored_white" },
        "up":    { "uv": [ 8.5, 8.46875, 8.6875, 8.59375 ], "texture": "#wool_colored_white" },
        "north": { "uv": [ 7.3125, 0.75, 7.5, 13.75 ], "texture": "#wool_colored_white" },
        "south": { "uv": [ 8.5, 0.75, 8.6875, 13.75 ], "texture": "#wool_colored_white" },
        "west":  { "uv": [ 8.46875, 0.75, 8.59375, 13.75 ], "texture": "#wool_colored_white" },
        "east":  { "uv": [ 7.40625, 0.75, 7.53125, 13.75 ], "texture": "#wool_colored_white" }
    }
},
{
    "__comment": "guitar_back x64*",
    "from": [ 6.5, 30.5, 8.5 ],
    "to": [ 7.5, 31, 8.75 ],
    "faces": {
        "down":  { "uv": [ 7.5, 8.59375, 7.3125, 8.46875 ], "texture": "#wool_colored_white" },
        "up":    { "uv": [ 8.5, 8.46875, 8.6875, 8.59375 ], "texture": "#wool_colored_white" },
        "north": { "uv": [ 7.3125, 0.75, 7.5, 13.75 ], "texture": "#wool_colored_white" },
        "south": { "uv": [ 8.5, 0.75, 8.6875, 13.75 ], "texture": "#wool_colored_white" },
        "west":  { "uv": [ 8.46875, 0.75, 8.59375, 13.75 ], "texture": "#wool_colored_white" },
        "east":  { "uv": [ 7.40625, 0.75, 7.53125, 13.75 ], "texture": "#wool_colored_white" }
    }
},
{
    "__comment": "guitar_back x64*",
    "from": [ 6.5, 29.5, 8.5 ],
    "to": [ 7.5, 30, 8.75 ],
    "faces": {
        "down":  { "uv": [ 7.5, 8.59375, 7.3125, 8.46875 ], "texture": "#wool_colored_white" },
        "up":    { "uv": [ 8.5, 8.46875, 8.6875, 8.59375 ], "texture": "#wool_colored_white" },
        "north": { "uv": [ 7.3125, 0.75, 7.5, 13.75 ], "texture": "#wool_colored_white" },
        "south": { "uv": [ 8.5, 0.75, 8.6875, 13.75 ], "texture": "#wool_colored_white" },
        "west":  { "uv": [ 8.46875, 0.75, 8.59375, 13.75 ], "texture": "#wool_colored_white" },
        "east":  { "uv": [ 7.40625, 0.75, 7.53125, 13.75 ], "texture": "#wool_colored_white" }
    }
},
{
    "__comment": "guitar_back x64*",
    "from": [ 6.5, 28.5, 8.5 ],
    "to": [ 7.5, 29, 8.75 ],
    "faces": {
        "down":  { "uv": [ 7.5, 8.59375, 7.3125, 8.46875 ], "texture": "#wool_colored_white" },
        "up":    { "uv": [ 8.5, 8.46875, 8.6875, 8.59375 ], "texture": "#wool_colored_white" },
        "north": { "uv": [ 7.3125, 0.75, 7.5, 13.75 ], "texture": "#wool_colored_white" },
        "south": { "uv": [ 8.5, 0.75, 8.6875, 13.75 ], "texture": "#wool_colored_white" },
        "west":  { "uv": [ 8.46875, 0.75, 8.59375, 13.75 ], "texture": "#wool_colored_white" },
        "east":  { "uv": [ 7.40625, 0.75, 7.53125, 13.75 ], "texture": "#wool_colored_white" }
    }
},
{
    "from": [ 6, 1, 6.5 ],
    "to": [ 7, 4, 7 ],
    "faces": {
        "down":  { "uv": [ 10, 7, 9, 6.5 ], "texture": "#texture" },
        "up":    { "uv": [ 6, 6.5, 7, 7 ], "texture": "#texture" },
        "north": { "uv": [ 9, 12, 10, 15 ], "texture": "#texture" },
        "south": { "uv": [ 6, 12, 7, 15 ], "texture": "#texture" },
        "west":  { "uv": [ 6.5, 12, 7, 15 ], "texture": "#texture" },
        "east":  { "uv": [ 9, 12, 9.5, 15 ], "texture": "#texture" }
    }
},
{
    "from": [ 9.5, 1, 6.5 ],
    "to": [ 10.5, 4, 7 ],
    "faces": {
        "down":  { "uv": [ 6.5, 7, 5.5, 6.5 ], "texture": "#texture" },
        "up":    { "uv": [ 9.5, 6.5, 10.5, 7 ], "texture": "#texture" },
        "north": { "uv": [ 5.5, 12, 6.5, 15 ], "texture": "#texture" },
        "south": { "uv": [ 9.5, 12, 10.5, 15 ], "texture": "#texture" },
        "west":  { "uv": [ 6.5, 12, 7, 15 ], "texture": "#texture" },
        "east":  { "uv": [ 9, 12, 9.5, 15 ], "texture": "#texture" }
    }
},
{
    "from": [ 9.5, 1, 9 ],
    "to": [ 10.5, 4, 9.5 ],
    "faces": {
        "down":  { "uv": [ 6.5, 9.5, 5.5, 9 ], "texture": "#texture" },
        "up":    { "uv": [ 9.5, 9, 10.5, 9.5 ], "texture": "#texture" },
        "north": { "uv": [ 5.5, 12, 6.5, 15 ], "texture": "#texture" },
        "south": { "uv": [ 9.5, 12, 10.5, 15 ], "texture": "#texture" },
        "west":  { "uv": [ 9, 12, 9.5, 15 ], "texture": "#texture" },
        "east":  { "uv": [ 6.5, 12, 7, 15 ], "texture": "#texture" }
    }
},
{
    "from": [ 6, 1, 9 ],
    "to": [ 7, 4, 9.5 ],
    "faces": {
        "down":  { "uv": [ 10, 9.5, 9, 9 ], "texture": "#texture" },
        "up":    { "uv": [ 6, 9, 7, 9.5 ], "texture": "#texture" },
        "north": { "uv": [ 9, 12, 10, 15 ], "texture": "#texture" },
        "south": { "uv": [ 6, 12, 7, 15 ], "texture": "#texture" },
        "west":  { "uv": [ 9, 12, 9.5, 15 ], "texture": "#texture" },
        "east":  { "uv": [ 6.5, 12, 7, 15 ], "texture": "#texture" }
    }
},
{
    "from": [ 6, 0.5, 7 ],
    "to": [ 10.5, 1, 9 ],
    "faces": {
        "down":  { "uv": [ 10, 9, 5.5, 7 ], "texture": "#texture" },
        "up":    { "uv": [ 6, 7, 10.5, 9 ], "texture": "#texture" },
        "north": { "uv": [ 5.5, 15, 10, 15.5 ], "texture": "#texture" },
        "south": { "uv": [ 6, 15, 10.5, 15.5 ], "texture": "#texture" },
        "west":  { "uv": [ 7, 15, 9, 15.5 ], "texture": "#texture" },
        "east":  { "uv": [ 7, 15, 9, 15.5 ], "texture": "#texture" }
    }
},
{
    "from": [ 5, 0, 7 ],
    "to": [ 6, 0.5, 9 ],
    "faces": {
        "down":  { "uv": [ 11, 9, 10, 7 ], "texture": "#texture" },
        "up":    { "uv": [ 5, 7, 6, 9 ], "texture": "#texture" },
        "north": { "uv": [ 10, 15.5, 11, 16 ], "texture": "#texture" },
        "south": { "uv": [ 5, 15.5, 6, 16 ], "texture": "#texture" },
        "west":  { "uv": [ 7, 15.5, 9, 16 ], "texture": "#texture" },
        "east":  { "uv": [ 7, 15.5, 9, 16 ], "texture": "#texture" }
    }
},
{
    "from": [ 10.5, 0, 7 ],
    "to": [ 11.5, 0.5, 9 ],
    "faces": {
        "down":  { "uv": [ 5.5, 9, 4.5, 7 ], "texture": "#texture" },
        "up":    { "uv": [ 10.5, 7, 11.5, 9 ], "texture": "#texture" },
        "north": { "uv": [ 4.5, 15.5, 5.5, 16 ], "texture": "#texture" },
        "south": { "uv": [ 10.5, 15.5, 11.5, 16 ], "texture": "#texture" },
        "west":  { "uv": [ 7, 15.5, 9, 16 ], "texture": "#texture" },
        "east":  { "uv": [ 7, 15.5, 9, 16 ], "texture": "#texture" }
    }
}
],
"display": {
    "thirdperson_righthand": {
        "rotation": [ 24, -43, -14 ],
        "translation": [ 0, 0, 0 ],
        "scale": [ 0.5, 0.5, 0.5 ]
    },
    "thirdperson_lefthand": {
        "rotation": [ 24, -43, -14 ],
        "translation": [ -3.21, 0, -2.08 ],
        "scale": [ 0.5, 0.5, 0.5 ]
    },
    "head": {
        "rotation": [ 0, 180, 0 ],
        "translation": [ 0, -30.5, 0 ],
        "scale": [ 1.6, 1.6, 1.6 ]
    },
    "ground": {
        "rotation": [ 0, 0, 0 ],
        "translation": [ 0, 2, 0 ],
        "scale": [ 0.5, 0.5, 0.5 ]
    },
    "fixed": {
        "rotation": [ 0, 180, 0 ],
        "translation": [ 0, 0, -3.4 ],
        "scale": [ 0.5, 0.5, 0.5 ]
    },
    "firstperson_righthand": {
        "rotation": [ 0, -64, 0 ],
        "translation": [ 0, 0, 0 ],
        "scale": [ 0.5, 0.5, 0.5 ]
    },
    "firstperson_lefthand": {
        "rotation": [ 0, -64, 0 ],
        "translation": [ -1.7, 0, -1.89 ],
        "scale": [ 0.5, 0.5, 0.5 ]
    },
    "gui": {
        "rotation": [ 35, 35, 0 ],
        "translation": [ 0, 0, 0 ],
        "scale": [ 0.62, 0.62, 0.62 ]
    }
}
}