{
"__comment": "Designed by Oberdiah",
"textures": {
    "texture": "blocks/planks_oak",
    "bed_feet_top": "blocks/dirt",
    "beacon": "blocks/melon_side",
    "lapis_block": "blocks/hardened_clay_stained_pink",
    "gold_block": "blocks/hardened_clay_stained_red",
    "wool_colored_orange": "blocks/hardened_clay"
},
"elements": [ 
{
    "from": [ 6.5, 2.5, 4 ],
    "to": [ 9.5, 4, 4.5 ],
    "faces": {
        "down":  { "uv": [ 9.5, 4.5, 6.5, 4 ], "texture": "#texture" },
        "up":    { "uv": [ 6.5, 4, 9.5, 4.5 ], "texture": "#texture" },
        "north": { "uv": [ 6.5, 12, 9.5, 13.5 ], "texture": "#texture" },
        "south": { "uv": [ 6.5, 12, 9.5, 13.5 ], "texture": "#texture" },
        "west":  { "uv": [ 4, 12, 4.5, 13.5 ], "texture": "#texture" },
        "east":  { "uv": [ 11.5, 12, 12, 13.5 ], "texture": "#texture" }
    }
},
{
    "from": [ 4, 2.5, 6.5 ],
    "to": [ 4.5, 4, 9.5 ],
    "faces": {
        "down":  { "uv": [ 12, 9.5, 11.5, 6.5 ], "texture": "#texture" },
        "up":    { "uv": [ 4, 6.5, 4.5, 9.5 ], "texture": "#texture" },
        "north": { "uv": [ 11.5, 12, 12, 13.5 ], "texture": "#texture" },
        "south": { "uv": [ 4, 12, 4.5, 13.5 ], "texture": "#texture" },
        "west":  { "uv": [ 6.5, 12, 9.5, 13.5 ], "texture": "#texture" },
        "east":  { "uv": [ 6.5, 12, 9.5, 13.5 ], "texture": "#texture" }
    }
},
{
    "from": [ 4.5, 2.5, 5.5 ],
    "to": [ 5, 4, 6.5 ],
    "faces": {
        "down":  { "uv": [ 11.5, 6.5, 11, 5.5 ], "texture": "#texture" },
        "up":    { "uv": [ 4.5, 5.5, 5, 6.5 ], "texture": "#texture" },
        "north": { "uv": [ 11, 12, 11.5, 13.5 ], "texture": "#texture" },
        "south": { "uv": [ 4.5, 12, 5, 13.5 ], "texture": "#texture" },
        "west":  { "uv": [ 5.5, 12, 6.5, 13.5 ], "texture": "#texture" },
        "east":  { "uv": [ 9.5, 12, 10.5, 13.5 ], "texture": "#texture" }
    }
},
{
    "from": [ 5.5, 2.5, 4.5 ],
    "to": [ 6.5, 4, 5 ],
    "faces": {
        "down":  { "uv": [ 10.5, 5, 9.5, 4.5 ], "texture": "#texture" },
        "up":    { "uv": [ 5.5, 4.5, 6.5, 5 ], "texture": "#texture" },
        "north": { "uv": [ 9.5, 12, 10.5, 13.5 ], "texture": "#texture" },
        "south": { "uv": [ 5.5, 12, 6.5, 13.5 ], "texture": "#texture" },
        "west":  { "uv": [ 4.5, 12, 5, 13.5 ], "texture": "#texture" },
        "east":  { "uv": [ 11, 12, 11.5, 13.5 ], "texture": "#texture" }
    }
},
{
    "from": [ 4.5, 1.5, 6.5 ],
    "to": [ 5, 3, 9.5 ],
    "faces": {
        "down":  { "uv": [ 11.5, 9.5, 11, 6.5 ], "texture": "#texture" },
        "up":    { "uv": [ 4.5, 6.5, 5, 9.5 ], "texture": "#texture" },
        "north": { "uv": [ 11, 13, 11.5, 14.5 ], "texture": "#texture" },
        "south": { "uv": [ 4.5, 13, 5, 14.5 ], "texture": "#texture" },
        "west":  { "uv": [ 6.5, 13, 9.5, 14.5 ], "texture": "#texture" },
        "east":  { "uv": [ 6.5, 13, 9.5, 14.5 ], "texture": "#texture" }
    }
},
{
    "from": [ 6.5, 1.5, 4.5 ],
    "to": [ 9.5, 3, 5 ],
    "faces": {
        "down":  { "uv": [ 9.5, 5, 6.5, 4.5 ], "texture": "#texture" },
        "up":    { "uv": [ 6.5, 4.5, 9.5, 5 ], "texture": "#texture" },
        "north": { "uv": [ 6.5, 13, 9.5, 14.5 ], "texture": "#texture" },
        "south": { "uv": [ 6.5, 13, 9.5, 14.5 ], "texture": "#texture" },
        "west":  { "uv": [ 4.5, 13, 5, 14.5 ], "texture": "#texture" },
        "east":  { "uv": [ 11, 13, 11.5, 14.5 ], "texture": "#texture" }
    }
},
{
    "from": [ 5.5, 1.5, 5 ],
    "to": [ 6.5, 3, 5.5 ],
    "faces": {
        "down":  { "uv": [ 10.5, 5.5, 9.5, 5 ], "texture": "#texture" },
        "up":    { "uv": [ 5.5, 5, 6.5, 5.5 ], "texture": "#texture" },
        "north": { "uv": [ 9.5, 13, 10.5, 14.5 ], "texture": "#texture" },
        "south": { "uv": [ 5.5, 13, 6.5, 14.5 ], "texture": "#texture" },
        "west":  { "uv": [ 5, 13, 5.5, 14.5 ], "texture": "#texture" },
        "east":  { "uv": [ 10.5, 13, 11, 14.5 ], "texture": "#texture" }
    }
},
{
    "from": [ 5, 1.5, 5.5 ],
    "to": [ 5.5, 3, 6.5 ],
    "faces": {
        "down":  { "uv": [ 11, 6.5, 10.5, 5.5 ], "texture": "#texture" },
        "up":    { "uv": [ 5, 5.5, 5.5, 6.5 ], "texture": "#texture" },
        "north": { "uv": [ 10.5, 13, 11, 14.5 ], "texture": "#texture" },
        "south": { "uv": [ 5, 13, 5.5, 14.5 ], "texture": "#texture" },
        "west":  { "uv": [ 5.5, 13, 6.5, 14.5 ], "texture": "#texture" },
        "east":  { "uv": [ 9.5, 13, 10.5, 14.5 ], "texture": "#texture" }
    }
},
{
    "from": [ 5, 0.5, 6.5 ],
    "to": [ 6, 2, 9.5 ],
    "faces": {
        "down":  { "uv": [ 11, 9.5, 10, 6.5 ], "texture": "#texture" },
        "up":    { "uv": [ 5, 6.5, 6, 9.5 ], "texture": "#texture" },
        "north": { "uv": [ 10, 14, 11, 15.5 ], "texture": "#texture" },
        "south": { "uv": [ 5, 14, 6, 15.5 ], "texture": "#texture" },
        "west":  { "uv": [ 6.5, 14, 9.5, 15.5 ], "texture": "#texture" },
        "east":  { "uv": [ 6.5, 14, 9.5, 15.5 ], "texture": "#texture" }
    }
},
{
    "from": [ 5.5, 0.5, 5.5 ],
    "to": [ 6.5, 2, 6.5 ],
    "faces": {
        "down":  { "uv": [ 10.5, 6.5, 9.5, 5.5 ], "texture": "#texture" },
        "up":    { "uv": [ 5.5, 5.5, 6.5, 6.5 ], "texture": "#texture" },
        "north": { "uv": [ 9.5, 14, 10.5, 15.5 ], "texture": "#texture" },
        "south": { "uv": [ 5.5, 14, 6.5, 15.5 ], "texture": "#texture" },
        "west":  { "uv": [ 5.5, 14, 6.5, 15.5 ], "texture": "#texture" },
        "east":  { "uv": [ 9.5, 14, 10.5, 15.5 ], "texture": "#texture" }
    }
},
{
    "from": [ 6.5, 0.5, 5 ],
    "to": [ 9.5, 2, 5.5 ],
    "faces": {
        "down":  { "uv": [ 9.5, 5.5, 6.5, 5 ], "texture": "#texture" },
        "up":    { "uv": [ 6.5, 5, 9.5, 5.5 ], "texture": "#texture" },
        "north": { "uv": [ 6.5, 14, 9.5, 15.5 ], "texture": "#texture" },
        "south": { "uv": [ 6.5, 14, 9.5, 15.5 ], "texture": "#texture" },
        "west":  { "uv": [ 5, 14, 5.5, 15.5 ], "texture": "#texture" },
        "east":  { "uv": [ 10.5, 14, 11, 15.5 ], "texture": "#texture" }
    }
},
{
    "from": [ 6, 0, 6.5 ],
    "to": [ 10, 1.5, 9.5 ],
    "faces": {
        "down":  { "uv": [ 10, 9.5, 6, 6.5 ], "texture": "#texture" },
        "up":    { "uv": [ 6, 6.5, 10, 9.5 ], "texture": "#texture" },
        "north": { "uv": [ 6, 14.5, 10, 16 ], "texture": "#texture" },
        "south": { "uv": [ 6, 14.5, 10, 16 ], "texture": "#texture" },
        "west":  { "uv": [ 6.5, 14.5, 9.5, 16 ], "texture": "#texture" },
        "east":  { "uv": [ 6.5, 14.5, 9.5, 16 ], "texture": "#texture" }
    }
},
{
    "from": [ 6.5, 0, 6 ],
    "to": [ 9.5, 1.5, 10 ],
    "faces": {
        "down":  { "uv": [ 9.5, 10, 6.5, 6 ], "texture": "#texture" },
        "up":    { "uv": [ 6.5, 6, 9.5, 10 ], "texture": "#texture" },
        "north": { "uv": [ 6.5, 14.5, 9.5, 16 ], "texture": "#texture" },
        "south": { "uv": [ 6.5, 14.5, 9.5, 16 ], "texture": "#texture" },
        "west":  { "uv": [ 6, 14.5, 10, 16 ], "texture": "#texture" },
        "east":  { "uv": [ 6, 14.5, 10, 16 ], "texture": "#texture" }
    }
},
{
    "from": [ 11.5, 2.5, 6.5 ],
    "to": [ 12, 4, 9.5 ],
    "faces": {
        "down":  { "uv": [ 4.5, 9.5, 4, 6.5 ], "texture": "#texture" },
        "up":    { "uv": [ 11.5, 6.5, 12, 9.5 ], "texture": "#texture" },
        "north": { "uv": [ 4, 12, 4.5, 13.5 ], "texture": "#texture" },
        "south": { "uv": [ 11.5, 12, 12, 13.5 ], "texture": "#texture" },
        "west":  { "uv": [ 6.5, 12, 9.5, 13.5 ], "texture": "#texture" },
        "east":  { "uv": [ 6.5, 12, 9.5, 13.5 ], "texture": "#texture" }
    }
},
{
    "from": [ 10.5, 2.5, 5 ],
    "to": [ 11, 4, 5.5 ],
    "faces": {
        "down":  { "uv": [ 5.5, 5.5, 5, 5 ], "texture": "#texture" },
        "up":    { "uv": [ 10.5, 5, 11, 5.5 ], "texture": "#texture" },
        "north": { "uv": [ 5, 12, 5.5, 13.5 ], "texture": "#texture" },
        "south": { "uv": [ 10.5, 12, 11, 13.5 ], "texture": "#texture" },
        "west":  { "uv": [ 5, 12, 5.5, 13.5 ], "texture": "#texture" },
        "east":  { "uv": [ 10.5, 12, 11, 13.5 ], "texture": "#texture" }
    }
},
{
    "from": [ 10.5, 2.5, 10.5 ],
    "to": [ 11, 4, 11 ],
    "faces": {
        "down":  { "uv": [ 5.5, 11, 5, 10.5 ], "texture": "#texture" },
        "up":    { "uv": [ 10.5, 10.5, 11, 11 ], "texture": "#texture" },
        "north": { "uv": [ 5, 12, 5.5, 13.5 ], "texture": "#texture" },
        "south": { "uv": [ 10.5, 12, 11, 13.5 ], "texture": "#texture" },
        "west":  { "uv": [ 10.5, 12, 11, 13.5 ], "texture": "#texture" },
        "east":  { "uv": [ 5, 12, 5.5, 13.5 ], "texture": "#texture" }
    }
},
{
    "from": [ 5, 2.5, 10.5 ],
    "to": [ 5.5, 4, 11 ],
    "faces": {
        "down":  { "uv": [ 11, 11, 10.5, 10.5 ], "texture": "#texture" },
        "up":    { "uv": [ 5, 10.5, 5.5, 11 ], "texture": "#texture" },
        "north": { "uv": [ 10.5, 12, 11, 13.5 ], "texture": "#texture" },
        "south": { "uv": [ 5, 12, 5.5, 13.5 ], "texture": "#texture" },
        "west":  { "uv": [ 10.5, 12, 11, 13.5 ], "texture": "#texture" },
        "east":  { "uv": [ 5, 12, 5.5, 13.5 ], "texture": "#texture" }
    }
},
{
    "from": [ 5, 2.5, 5 ],
    "to": [ 5.5, 4, 5.5 ],
    "faces": {
        "down":  { "uv": [ 11, 5.5, 10.5, 5 ], "texture": "#texture" },
        "up":    { "uv": [ 5, 5, 5.5, 5.5 ], "texture": "#texture" },
        "north": { "uv": [ 10.5, 12, 11, 13.5 ], "texture": "#texture" },
        "south": { "uv": [ 5, 12, 5.5, 13.5 ], "texture": "#texture" },
        "west":  { "uv": [ 5, 12, 5.5, 13.5 ], "texture": "#texture" },
        "east":  { "uv": [ 10.5, 12, 11, 13.5 ], "texture": "#texture" }
    }
},
{
    "from": [ 4.5, 2.5, 9.5 ],
    "to": [ 5, 4, 10.5 ],
    "faces": {
        "down":  { "uv": [ 11.5, 10.5, 11, 9.5 ], "texture": "#texture" },
        "up":    { "uv": [ 4.5, 9.5, 5, 10.5 ], "texture": "#texture" },
        "north": { "uv": [ 11, 12, 11.5, 13.5 ], "texture": "#texture" },
        "south": { "uv": [ 4.5, 12, 5, 13.5 ], "texture": "#texture" },
        "west":  { "uv": [ 9.5, 12, 10.5, 13.5 ], "texture": "#texture" },
        "east":  { "uv": [ 5.5, 12, 6.5, 13.5 ], "texture": "#texture" }
    }
},
{
    "from": [ 11, 2.5, 9.5 ],
    "to": [ 11.5, 4, 10.5 ],
    "faces": {
        "down":  { "uv": [ 5, 10.5, 4.5, 9.5 ], "texture": "#texture" },
        "up":    { "uv": [ 11, 9.5, 11.5, 10.5 ], "texture": "#texture" },
        "north": { "uv": [ 4.5, 12, 5, 13.5 ], "texture": "#texture" },
        "south": { "uv": [ 11, 12, 11.5, 13.5 ], "texture": "#texture" },
        "west":  { "uv": [ 9.5, 12, 10.5, 13.5 ], "texture": "#texture" },
        "east":  { "uv": [ 5.5, 12, 6.5, 13.5 ], "texture": "#texture" }
    }
},
{
    "from": [ 11, 2.5, 5.5 ],
    "to": [ 11.5, 4, 6.5 ],
    "faces": {
        "down":  { "uv": [ 5, 6.5, 4.5, 5.5 ], "texture": "#texture" },
        "up":    { "uv": [ 11, 5.5, 11.5, 6.5 ], "texture": "#texture" },
        "north": { "uv": [ 4.5, 12, 5, 13.5 ], "texture": "#texture" },
        "south": { "uv": [ 11, 12, 11.5, 13.5 ], "texture": "#texture" },
        "west":  { "uv": [ 5.5, 12, 6.5, 13.5 ], "texture": "#texture" },
        "east":  { "uv": [ 9.5, 12, 10.5, 13.5 ], "texture": "#texture" }
    }
},
{
    "from": [ 9.5, 2.5, 4.5 ],
    "to": [ 10.5, 4, 5 ],
    "faces": {
        "down":  { "uv": [ 6.5, 5, 5.5, 4.5 ], "texture": "#texture" },
        "up":    { "uv": [ 9.5, 4.5, 10.5, 5 ], "texture": "#texture" },
        "north": { "uv": [ 5.5, 12, 6.5, 13.5 ], "texture": "#texture" },
        "south": { "uv": [ 9.5, 12, 10.5, 13.5 ], "texture": "#texture" },
        "west":  { "uv": [ 4.5, 12, 5, 13.5 ], "texture": "#texture" },
        "east":  { "uv": [ 11, 12, 11.5, 13.5 ], "texture": "#texture" }
    }
},
{
    "from": [ 9.5, 2.5, 11 ],
    "to": [ 10.5, 4, 11.5 ],
    "faces": {
        "down":  { "uv": [ 6.5, 11.5, 5.5, 11 ], "texture": "#texture" },
        "up":    { "uv": [ 9.5, 11, 10.5, 11.5 ], "texture": "#texture" },
        "north": { "uv": [ 5.5, 12, 6.5, 13.5 ], "texture": "#texture" },
        "south": { "uv": [ 9.5, 12, 10.5, 13.5 ], "texture": "#texture" },
        "west":  { "uv": [ 11, 12, 11.5, 13.5 ], "texture": "#texture" },
        "east":  { "uv": [ 4.5, 12, 5, 13.5 ], "texture": "#texture" }
    }
},
{
    "from": [ 6.5, 2.5, 11.5 ],
    "to": [ 9.5, 4, 12 ],
    "faces": {
        "down":  { "uv": [ 9.5, 12, 6.5, 11.5 ], "texture": "#texture" },
        "up":    { "uv": [ 6.5, 11.5, 9.5, 12 ], "texture": "#texture" },
        "north": { "uv": [ 6.5, 12, 9.5, 13.5 ], "texture": "#texture" },
        "south": { "uv": [ 6.5, 12, 9.5, 13.5 ], "texture": "#texture" },
        "west":  { "uv": [ 11.5, 12, 12, 13.5 ], "texture": "#texture" },
        "east":  { "uv": [ 4, 12, 4.5, 13.5 ], "texture": "#texture" }
    }
},
{
    "from": [ 5.5, 2.5, 11 ],
    "to": [ 6.5, 4, 11.5 ],
    "faces": {
        "down":  { "uv": [ 10.5, 11.5, 9.5, 11 ], "texture": "#texture" },
        "up":    { "uv": [ 5.5, 11, 6.5, 11.5 ], "texture": "#texture" },
        "north": { "uv": [ 9.5, 12, 10.5, 13.5 ], "texture": "#texture" },
        "south": { "uv": [ 5.5, 12, 6.5, 13.5 ], "texture": "#texture" },
        "west":  { "uv": [ 11, 12, 11.5, 13.5 ], "texture": "#texture" },
        "east":  { "uv": [ 4.5, 12, 5, 13.5 ], "texture": "#texture" }
    }
},
{
    "from": [ 11, 1.5, 6.5 ],
    "to": [ 11.5, 3, 9.5 ],
    "faces": {
        "down":  { "uv": [ 5, 9.5, 4.5, 6.5 ], "texture": "#texture" },
        "up":    { "uv": [ 11, 6.5, 11.5, 9.5 ], "texture": "#texture" },
        "north": { "uv": [ 4.5, 13, 5, 14.5 ], "texture": "#texture" },
        "south": { "uv": [ 11, 13, 11.5, 14.5 ], "texture": "#texture" },
        "west":  { "uv": [ 6.5, 13, 9.5, 14.5 ], "texture": "#texture" },
        "east":  { "uv": [ 6.5, 13, 9.5, 14.5 ], "texture": "#texture" }
    }
},
{
    "from": [ 5, 1.5, 9.5 ],
    "to": [ 5.5, 3, 10.5 ],
    "faces": {
        "down":  { "uv": [ 11, 10.5, 10.5, 9.5 ], "texture": "#texture" },
        "up":    { "uv": [ 5, 9.5, 5.5, 10.5 ], "texture": "#texture" },
        "north": { "uv": [ 10.5, 13, 11, 14.5 ], "texture": "#texture" },
        "south": { "uv": [ 5, 13, 5.5, 14.5 ], "texture": "#texture" },
        "west":  { "uv": [ 9.5, 13, 10.5, 14.5 ], "texture": "#texture" },
        "east":  { "uv": [ 5.5, 13, 6.5, 14.5 ], "texture": "#texture" }
    }
},
{
    "from": [ 10.5, 1.5, 5.5 ],
    "to": [ 11, 3, 6.5 ],
    "faces": {
        "down":  { "uv": [ 5.5, 6.5, 5, 5.5 ], "texture": "#texture" },
        "up":    { "uv": [ 10.5, 5.5, 11, 6.5 ], "texture": "#texture" },
        "north": { "uv": [ 5, 13, 5.5, 14.5 ], "texture": "#texture" },
        "south": { "uv": [ 10.5, 13, 11, 14.5 ], "texture": "#texture" },
        "west":  { "uv": [ 5.5, 13, 6.5, 14.5 ], "texture": "#texture" },
        "east":  { "uv": [ 9.5, 13, 10.5, 14.5 ], "texture": "#texture" }
    }
},
{
    "from": [ 10.5, 1.5, 9.5 ],
    "to": [ 11, 3, 10.5 ],
    "faces": {
        "down":  { "uv": [ 5.5, 10.5, 5, 9.5 ], "texture": "#texture" },
        "up":    { "uv": [ 10.5, 9.5, 11, 10.5 ], "texture": "#texture" },
        "north": { "uv": [ 5, 13, 5.5, 14.5 ], "texture": "#texture" },
        "south": { "uv": [ 10.5, 13, 11, 14.5 ], "texture": "#texture" },
        "west":  { "uv": [ 9.5, 13, 10.5, 14.5 ], "texture": "#texture" },
        "east":  { "uv": [ 5.5, 13, 6.5, 14.5 ], "texture": "#texture" }
    }
},
{
    "from": [ 9.5, 1.5, 5 ],
    "to": [ 10.5, 3, 5.5 ],
    "faces": {
        "down":  { "uv": [ 6.5, 5.5, 5.5, 5 ], "texture": "#texture" },
        "up":    { "uv": [ 9.5, 5, 10.5, 5.5 ], "texture": "#texture" },
        "north": { "uv": [ 5.5, 13, 6.5, 14.5 ], "texture": "#texture" },
        "south": { "uv": [ 9.5, 13, 10.5, 14.5 ], "texture": "#texture" },
        "west":  { "uv": [ 5, 13, 5.5, 14.5 ], "texture": "#texture" },
        "east":  { "uv": [ 10.5, 13, 11, 14.5 ], "texture": "#texture" }
    }
},
{
    "from": [ 9.5, 1.5, 10.5 ],
    "to": [ 10.5, 3, 11 ],
    "faces": {
        "down":  { "uv": [ 6.5, 11, 5.5, 10.5 ], "texture": "#texture" },
        "up":    { "uv": [ 9.5, 10.5, 10.5, 11 ], "texture": "#texture" },
        "north": { "uv": [ 5.5, 13, 6.5, 14.5 ], "texture": "#texture" },
        "south": { "uv": [ 9.5, 13, 10.5, 14.5 ], "texture": "#texture" },
        "west":  { "uv": [ 10.5, 13, 11, 14.5 ], "texture": "#texture" },
        "east":  { "uv": [ 5, 13, 5.5, 14.5 ], "texture": "#texture" }
    }
},
{
    "from": [ 5.5, 1.5, 10.5 ],
    "to": [ 6.5, 3, 11 ],
    "faces": {
        "down":  { "uv": [ 10.5, 11, 9.5, 10.5 ], "texture": "#texture" },
        "up":    { "uv": [ 5.5, 10.5, 6.5, 11 ], "texture": "#texture" },
        "north": { "uv": [ 9.5, 13, 10.5, 14.5 ], "texture": "#texture" },
        "south": { "uv": [ 5.5, 13, 6.5, 14.5 ], "texture": "#texture" },
        "west":  { "uv": [ 10.5, 13, 11, 14.5 ], "texture": "#texture" },
        "east":  { "uv": [ 5, 13, 5.5, 14.5 ], "texture": "#texture" }
    }
},
{
    "from": [ 6.5, 1.5, 11 ],
    "to": [ 9.5, 3, 11.5 ],
    "faces": {
        "down":  { "uv": [ 9.5, 11.5, 6.5, 11 ], "texture": "#texture" },
        "up":    { "uv": [ 6.5, 11, 9.5, 11.5 ], "texture": "#texture" },
        "north": { "uv": [ 6.5, 13, 9.5, 14.5 ], "texture": "#texture" },
        "south": { "uv": [ 6.5, 13, 9.5, 14.5 ], "texture": "#texture" },
        "west":  { "uv": [ 11, 13, 11.5, 14.5 ], "texture": "#texture" },
        "east":  { "uv": [ 4.5, 13, 5, 14.5 ], "texture": "#texture" }
    }
},
{
    "from": [ 6.5, 0.5, 10.5 ],
    "to": [ 9.5, 2, 11 ],
    "faces": {
        "down":  { "uv": [ 9.5, 11, 6.5, 10.5 ], "texture": "#texture" },
        "up":    { "uv": [ 6.5, 10.5, 9.5, 11 ], "texture": "#texture" },
        "north": { "uv": [ 6.5, 14, 9.5, 15.5 ], "texture": "#texture" },
        "south": { "uv": [ 6.5, 14, 9.5, 15.5 ], "texture": "#texture" },
        "west":  { "uv": [ 10.5, 14, 11, 15.5 ], "texture": "#texture" },
        "east":  { "uv": [ 5, 14, 5.5, 15.5 ], "texture": "#texture" }
    }
},
{
    "from": [ 9.5, 0.5, 5.5 ],
    "to": [ 10.5, 2, 6.5 ],
    "faces": {
        "down":  { "uv": [ 6.5, 6.5, 5.5, 5.5 ], "texture": "#texture" },
        "up":    { "uv": [ 9.5, 5.5, 10.5, 6.5 ], "texture": "#texture" },
        "north": { "uv": [ 5.5, 14, 6.5, 15.5 ], "texture": "#texture" },
        "south": { "uv": [ 9.5, 14, 10.5, 15.5 ], "texture": "#texture" },
        "west":  { "uv": [ 5.5, 14, 6.5, 15.5 ], "texture": "#texture" },
        "east":  { "uv": [ 9.5, 14, 10.5, 15.5 ], "texture": "#texture" }
    }
},
{
    "from": [ 9.5, 0.5, 9.5 ],
    "to": [ 10.5, 2, 10.5 ],
    "faces": {
        "down":  { "uv": [ 6.5, 10.5, 5.5, 9.5 ], "texture": "#texture" },
        "up":    { "uv": [ 9.5, 9.5, 10.5, 10.5 ], "texture": "#texture" },
        "north": { "uv": [ 5.5, 14, 6.5, 15.5 ], "texture": "#texture" },
        "south": { "uv": [ 9.5, 14, 10.5, 15.5 ], "texture": "#texture" },
        "west":  { "uv": [ 9.5, 14, 10.5, 15.5 ], "texture": "#texture" },
        "east":  { "uv": [ 5.5, 14, 6.5, 15.5 ], "texture": "#texture" }
    }
},
{
    "from": [ 5.5, 0.5, 9.5 ],
    "to": [ 6.5, 2, 10.5 ],
    "faces": {
        "down":  { "uv": [ 10.5, 10.5, 9.5, 9.5 ], "texture": "#texture" },
        "up":    { "uv": [ 5.5, 9.5, 6.5, 10.5 ], "texture": "#texture" },
        "north": { "uv": [ 9.5, 14, 10.5, 15.5 ], "texture": "#texture" },
        "south": { "uv": [ 5.5, 14, 6.5, 15.5 ], "texture": "#texture" },
        "west":  { "uv": [ 9.5, 14, 10.5, 15.5 ], "texture": "#texture" },
        "east":  { "uv": [ 5.5, 14, 6.5, 15.5 ], "texture": "#texture" }
    }
},
{
    "from": [ 10, 0.5, 6.5 ],
    "to": [ 11, 2, 9.5 ],
    "faces": {
        "down":  { "uv": [ 6, 9.5, 5, 6.5 ], "texture": "#texture" },
        "up":    { "uv": [ 10, 6.5, 11, 9.5 ], "texture": "#texture" },
        "north": { "uv": [ 5, 14, 6, 15.5 ], "texture": "#texture" },
        "south": { "uv": [ 10, 14, 11, 15.5 ], "texture": "#texture" },
        "west":  { "uv": [ 6.5, 14, 9.5, 15.5 ], "texture": "#texture" },
        "east":  { "uv": [ 6.5, 14, 9.5, 15.5 ], "texture": "#texture" }
    }
},
{
    "from": [ 6.5, 0.5, 5.5 ],
    "to": [ 9.5, 2, 6 ],
    "faces": {
        "down":  { "uv": [ 9.5, 6, 6.5, 5.5 ], "texture": "#texture" },
        "up":    { "uv": [ 6.5, 5.5, 9.5, 6 ], "texture": "#texture" },
        "north": { "uv": [ 6.5, 14, 9.5, 15.5 ], "texture": "#texture" },
        "south": { "uv": [ 6.5, 14, 9.5, 15.5 ], "texture": "#texture" },
        "west":  { "uv": [ 5.5, 14, 6, 15.5 ], "texture": "#texture" },
        "east":  { "uv": [ 10, 14, 10.5, 15.5 ], "texture": "#texture" }
    }
},
{
    "from": [ 6.5, 0.5, 10 ],
    "to": [ 9.5, 2, 10.5 ],
    "faces": {
        "down":  { "uv": [ 9.5, 10.5, 6.5, 10 ], "texture": "#texture" },
        "up":    { "uv": [ 6.5, 10, 9.5, 10.5 ], "texture": "#texture" },
        "north": { "uv": [ 6.5, 14, 9.5, 15.5 ], "texture": "#texture" },
        "south": { "uv": [ 6.5, 14, 9.5, 15.5 ], "texture": "#texture" },
        "west":  { "uv": [ 10, 14, 10.5, 15.5 ], "texture": "#texture" },
        "east":  { "uv": [ 5.5, 14, 6, 15.5 ], "texture": "#texture" }
    }
},
{
    "from": [ 7.5, 0.5, 7.5 ],
    "to": [ 8.5, 8.5, 8.5 ],
    "faces": {
        "down":  { "uv": [ 8.5, 8.5, 7.5, 7.5 ], "texture": "#beacon" },
        "up":    { "uv": [ 7.5, 7.5, 8.5, 8.5 ], "texture": "#beacon" },
        "north": { "uv": [ 7.5, 7.5, 8.5, 15.5 ], "texture": "#beacon" },
        "south": { "uv": [ 7.5, 7.5, 8.5, 15.5 ], "texture": "#beacon" },
        "west":  { "uv": [ 7.5, 7.5, 8.5, 15.5 ], "texture": "#beacon" },
        "east":  { "uv": [ 7.5, 7.5, 8.5, 15.5 ], "texture": "#beacon" }
    }
},
{
    "from": [ 7, 5.5, 5 ],
    "to": [ 9, 6, 8 ],
    "faces": {
        "down":  { "uv": [ 9, 8, 7, 5 ], "texture": "#beacon" },
        "up":    { "uv": [ 7, 5, 9, 8 ], "texture": "#beacon" },
        "north": { "uv": [ 7, 10, 9, 10.5 ], "texture": "#beacon" },
        "south": { "uv": [ 7, 10, 9, 10.5 ], "texture": "#beacon" },
        "west":  { "uv": [ 5, 10, 8, 10.5 ], "texture": "#beacon" },
        "east":  { "uv": [ 8, 10, 11, 10.5 ], "texture": "#beacon" }
    }
},
{
    "from": [ 5.5, 2, 5.5 ],
    "to": [ 10.5, 2.5, 10.5 ],
    "faces": {
        "down":  { "uv": [ 10.5, 10.5, 5.5, 5.5 ], "texture": "#bed_feet_top" },
        "up":    { "uv": [ 5.5, 5.5, 10.5, 10.5 ], "texture": "#bed_feet_top" },
        "north": { "uv": [ 5.5, 13.5, 10.5, 14 ], "texture": "#bed_feet_top" },
        "south": { "uv": [ 5.5, 13.5, 10.5, 14 ], "texture": "#bed_feet_top" },
        "west":  { "uv": [ 5.5, 13.5, 10.5, 14 ], "texture": "#bed_feet_top" },
        "east":  { "uv": [ 5.5, 13.5, 10.5, 14 ], "texture": "#bed_feet_top" }
    }
},
{
    "from": [ 6.5, 5.5, 6 ],
    "to": [ 9.5, 6, 7.5 ],
    "faces": {
        "down":  { "uv": [ 9.5, 7.5, 6.5, 6 ], "texture": "#beacon" },
        "up":    { "uv": [ 6.5, 6, 9.5, 7.5 ], "texture": "#beacon" },
        "north": { "uv": [ 6.5, 10, 9.5, 10.5 ], "texture": "#beacon" },
        "south": { "uv": [ 6.5, 10, 9.5, 10.5 ], "texture": "#beacon" },
        "west":  { "uv": [ 6, 10, 7.5, 10.5 ], "texture": "#beacon" },
        "east":  { "uv": [ 8.5, 10, 10, 10.5 ], "texture": "#beacon" }
    }
},
{
    "from": [ 7.5, 5, 4.5 ],
    "to": [ 8.5, 5.5, 5 ],
    "faces": {
        "down":  { "uv": [ 8.5, 5, 7.5, 4.5 ], "texture": "#beacon" },
        "up":    { "uv": [ 7.5, 4.5, 8.5, 5 ], "texture": "#beacon" },
        "north": { "uv": [ 7.5, 10.5, 8.5, 11 ], "texture": "#beacon" },
        "south": { "uv": [ 7.5, 10.5, 8.5, 11 ], "texture": "#beacon" },
        "west":  { "uv": [ 4.5, 10.5, 5, 11 ], "texture": "#beacon" },
        "east":  { "uv": [ 11, 10.5, 11.5, 11 ], "texture": "#beacon" }
    }
},
{
    "from": [ 6.5, 4.5, 9.5 ],
    "to": [ 9.5, 5, 11 ],
    "faces": {
        "down":  { "uv": [ 9.5, 11, 6.5, 9.5 ], "texture": "#beacon" },
        "up":    { "uv": [ 6.5, 9.5, 9.5, 11 ], "texture": "#beacon" },
        "north": { "uv": [ 6.5, 11, 9.5, 11.5 ], "texture": "#beacon" },
        "south": { "uv": [ 6.5, 11, 9.5, 11.5 ], "texture": "#beacon" },
        "west":  { "uv": [ 9.5, 11, 11, 11.5 ], "texture": "#beacon" },
        "east":  { "uv": [ 5, 11, 6.5, 11.5 ], "texture": "#beacon" }
    }
},
{
    "from": [ 7, 4.5, 8.5 ],
    "to": [ 9, 5, 11.5 ],
    "faces": {
        "down":  { "uv": [ 9, 11.5, 7, 8.5 ], "texture": "#beacon" },
        "up":    { "uv": [ 7, 8.5, 9, 11.5 ], "texture": "#beacon" },
        "north": { "uv": [ 7, 11, 9, 11.5 ], "texture": "#beacon" },
        "south": { "uv": [ 7, 11, 9, 11.5 ], "texture": "#beacon" },
        "west":  { "uv": [ 8.5, 11, 11.5, 11.5 ], "texture": "#beacon" },
        "east":  { "uv": [ 4.5, 11, 7.5, 11.5 ], "texture": "#beacon" }
    }
},
{
    "from": [ 7.5, 4, 11.5 ],
    "to": [ 8.5, 4.5, 12 ],
    "faces": {
        "down":  { "uv": [ 8.5, 12, 7.5, 11.5 ], "texture": "#beacon" },
        "up":    { "uv": [ 7.5, 11.5, 8.5, 12 ], "texture": "#beacon" },
        "north": { "uv": [ 7.5, 11.5, 8.5, 12 ], "texture": "#beacon" },
        "south": { "uv": [ 7.5, 11.5, 8.5, 12 ], "texture": "#beacon" },
        "west":  { "uv": [ 11.5, 11.5, 12, 12 ], "texture": "#beacon" },
        "east":  { "uv": [ 4, 11.5, 4.5, 12 ], "texture": "#beacon" }
    }
},
{
    "from": [ 9.5, 4, 7 ],
    "to": [ 11, 4.5, 9.5 ],
    "faces": {
        "down":  { "uv": [ 6.5, 9.5, 5, 7 ], "texture": "#beacon" },
        "up":    { "uv": [ 9.5, 7, 11, 9.5 ], "texture": "#beacon" },
        "north": { "uv": [ 5, 11.5, 6.5, 12 ], "texture": "#beacon" },
        "south": { "uv": [ 9.5, 11.5, 11, 12 ], "texture": "#beacon" },
        "west":  { "uv": [ 7, 11.5, 9.5, 12 ], "texture": "#beacon" },
        "east":  { "uv": [ 6.5, 11.5, 9, 12 ], "texture": "#beacon" }
    }
},
{
    "from": [ 8.5, 4, 7.5 ],
    "to": [ 11.5, 4.5, 9 ],
    "faces": {
        "down":  { "uv": [ 7.5, 9, 4.5, 7.5 ], "texture": "#beacon" },
        "up":    { "uv": [ 8.5, 7.5, 11.5, 9 ], "texture": "#beacon" },
        "north": { "uv": [ 4.5, 11.5, 7.5, 12 ], "texture": "#beacon" },
        "south": { "uv": [ 8.5, 11.5, 11.5, 12 ], "texture": "#beacon" },
        "west":  { "uv": [ 7.5, 11.5, 9, 12 ], "texture": "#beacon" },
        "east":  { "uv": [ 7, 11.5, 8.5, 12 ], "texture": "#beacon" }
    }
},
{
    "from": [ 11.5, 4.5, 8 ],
    "to": [ 12, 5, 8.5 ],
    "faces": {
        "down":  { "uv": [ 4.5, 8.5, 4, 8 ], "texture": "#beacon" },
        "up":    { "uv": [ 11.5, 8, 12, 8.5 ], "texture": "#beacon" },
        "north": { "uv": [ 4, 11, 4.5, 11.5 ], "texture": "#beacon" },
        "south": { "uv": [ 11.5, 11, 12, 11.5 ], "texture": "#beacon" },
        "west":  { "uv": [ 8, 11, 8.5, 11.5 ], "texture": "#beacon" },
        "east":  { "uv": [ 7.5, 11, 8, 11.5 ], "texture": "#beacon" }
    }
},
{
    "from": [ 4.5, 4, 7.5 ],
    "to": [ 7.5, 4.5, 9 ],
    "faces": {
        "down":  { "uv": [ 11.5, 9, 8.5, 7.5 ], "texture": "#beacon" },
        "up":    { "uv": [ 4.5, 7.5, 7.5, 9 ], "texture": "#beacon" },
        "north": { "uv": [ 8.5, 11.5, 11.5, 12 ], "texture": "#beacon" },
        "south": { "uv": [ 4.5, 11.5, 7.5, 12 ], "texture": "#beacon" },
        "west":  { "uv": [ 7.5, 11.5, 9, 12 ], "texture": "#beacon" },
        "east":  { "uv": [ 7, 11.5, 8.5, 12 ], "texture": "#beacon" }
    }
},
{
    "from": [ 5, 4, 7 ],
    "to": [ 6.5, 4.5, 9.5 ],
    "faces": {
        "down":  { "uv": [ 11, 9.5, 9.5, 7 ], "texture": "#beacon" },
        "up":    { "uv": [ 5, 7, 6.5, 9.5 ], "texture": "#beacon" },
        "north": { "uv": [ 9.5, 11.5, 11, 12 ], "texture": "#beacon" },
        "south": { "uv": [ 5, 11.5, 6.5, 12 ], "texture": "#beacon" },
        "west":  { "uv": [ 7, 11.5, 9.5, 12 ], "texture": "#beacon" },
        "east":  { "uv": [ 6.5, 11.5, 9, 12 ], "texture": "#beacon" }
    }
},
{
    "from": [ 4, 4.5, 7.5 ],
    "to": [ 4.5, 5, 8 ],
    "faces": {
        "down":  { "uv": [ 12, 8, 11.5, 7.5 ], "texture": "#beacon" },
        "up":    { "uv": [ 4, 7.5, 4.5, 8 ], "texture": "#beacon" },
        "north": { "uv": [ 11.5, 11, 12, 11.5 ], "texture": "#beacon" },
        "south": { "uv": [ 4, 11, 4.5, 11.5 ], "texture": "#beacon" },
        "west":  { "uv": [ 7.5, 11, 8, 11.5 ], "texture": "#beacon" },
        "east":  { "uv": [ 8, 11, 8.5, 11.5 ], "texture": "#beacon" }
    }
},
{
    "from": [ 7.5, 5.5, 8.5 ],
    "to": [ 8.5, 6.5, 9 ],
    "faces": {
        "down":  { "uv": [ 8.5, 9, 7.5, 8.5 ], "texture": "#beacon" },
        "up":    { "uv": [ 7.5, 8.5, 8.5, 9 ], "texture": "#beacon" },
        "north": { "uv": [ 7.5, 9.5, 8.5, 10.5 ], "texture": "#beacon" },
        "south": { "uv": [ 7.5, 9.5, 8.5, 10.5 ], "texture": "#beacon" },
        "west":  { "uv": [ 8.5, 9.5, 9, 10.5 ], "texture": "#beacon" },
        "east":  { "uv": [ 7, 9.5, 7.5, 10.5 ], "texture": "#beacon" }
    }
},
{
    "from": [ 7.5, 6.5, 9 ],
    "to": [ 8.5, 7, 9.5 ],
    "faces": {
        "down":  { "uv": [ 8.5, 9.5, 7.5, 9 ], "texture": "#beacon" },
        "up":    { "uv": [ 7.5, 9, 8.5, 9.5 ], "texture": "#beacon" },
        "north": { "uv": [ 7.5, 9, 8.5, 9.5 ], "texture": "#beacon" },
        "south": { "uv": [ 7.5, 9, 8.5, 9.5 ], "texture": "#beacon" },
        "west":  { "uv": [ 9, 9, 9.5, 9.5 ], "texture": "#beacon" },
        "east":  { "uv": [ 6.5, 9, 7, 9.5 ], "texture": "#beacon" }
    }
},
{
    "from": [ 6.5, 8, 9.5 ],
    "to": [ 9.5, 8.5, 11 ],
    "faces": {
        "down":  { "uv": [ 9.5, 11, 6.5, 9.5 ], "texture": "#beacon" },
        "up":    { "uv": [ 6.5, 9.5, 9.5, 11 ], "texture": "#beacon" },
        "north": { "uv": [ 6.5, 7.5, 9.5, 8 ], "texture": "#beacon" },
        "south": { "uv": [ 6.5, 7.5, 9.5, 8 ], "texture": "#beacon" },
        "west":  { "uv": [ 9.5, 7.5, 11, 8 ], "texture": "#beacon" },
        "east":  { "uv": [ 5, 7.5, 6.5, 8 ], "texture": "#beacon" }
    }
},
{
    "from": [ 7.5, 8.5, 11 ],
    "to": [ 8.5, 9, 11.5 ],
    "faces": {
        "down":  { "uv": [ 8.5, 11.5, 7.5, 11 ], "texture": "#beacon" },
        "up":    { "uv": [ 7.5, 11, 8.5, 11.5 ], "texture": "#beacon" },
        "north": { "uv": [ 7.5, 7, 8.5, 7.5 ], "texture": "#beacon" },
        "south": { "uv": [ 7.5, 7, 8.5, 7.5 ], "texture": "#beacon" },
        "west":  { "uv": [ 11, 7, 11.5, 7.5 ], "texture": "#beacon" },
        "east":  { "uv": [ 4.5, 7, 5, 7.5 ], "texture": "#beacon" }
    }
},
{
    "from": [ 7, 8, 8.5 ],
    "to": [ 9, 8.5, 11.5 ],
    "faces": {
        "down":  { "uv": [ 9, 11.5, 7, 8.5 ], "texture": "#beacon" },
        "up":    { "uv": [ 7, 8.5, 9, 11.5 ], "texture": "#beacon" },
        "north": { "uv": [ 7, 7.5, 9, 8 ], "texture": "#beacon" },
        "south": { "uv": [ 7, 7.5, 9, 8 ], "texture": "#beacon" },
        "west":  { "uv": [ 8.5, 7.5, 11.5, 8 ], "texture": "#beacon" },
        "east":  { "uv": [ 4.5, 7.5, 7.5, 8 ], "texture": "#beacon" }
    }
},
{
    "from": [ 7.5, 8.5, 7 ],
    "to": [ 8.5, 9.5, 7.5 ],
    "faces": {
        "down":  { "uv": [ 8.5, 7.5, 7.5, 7 ], "texture": "#beacon" },
        "up":    { "uv": [ 7.5, 7, 8.5, 7.5 ], "texture": "#beacon" },
        "north": { "uv": [ 7.5, 6.5, 8.5, 7.5 ], "texture": "#beacon" },
        "south": { "uv": [ 7.5, 6.5, 8.5, 7.5 ], "texture": "#beacon" },
        "west":  { "uv": [ 7, 6.5, 7.5, 7.5 ], "texture": "#beacon" },
        "east":  { "uv": [ 8.5, 6.5, 9, 7.5 ], "texture": "#beacon" }
    }
},
{
    "from": [ 7.5, 9.5, 6.5 ],
    "to": [ 8.5, 10, 7 ],
    "faces": {
        "down":  { "uv": [ 8.5, 7, 7.5, 6.5 ], "texture": "#beacon" },
        "up":    { "uv": [ 7.5, 6.5, 8.5, 7 ], "texture": "#beacon" },
        "north": { "uv": [ 7.5, 6, 8.5, 6.5 ], "texture": "#beacon" },
        "south": { "uv": [ 7.5, 6, 8.5, 6.5 ], "texture": "#beacon" },
        "west":  { "uv": [ 6.5, 6, 7, 6.5 ], "texture": "#beacon" },
        "east":  { "uv": [ 9, 6, 9.5, 6.5 ], "texture": "#beacon" }
    }
},
{
    "from": [ 7, 8, 5 ],
    "to": [ 9, 8.5, 8 ],
    "faces": {
        "down":  { "uv": [ 9, 8, 7, 5 ], "texture": "#beacon" },
        "up":    { "uv": [ 7, 5, 9, 8 ], "texture": "#beacon" },
        "north": { "uv": [ 7, 7.5, 9, 8 ], "texture": "#beacon" },
        "south": { "uv": [ 7, 7.5, 9, 8 ], "texture": "#beacon" },
        "west":  { "uv": [ 5, 7.5, 8, 8 ], "texture": "#beacon" },
        "east":  { "uv": [ 8, 7.5, 11, 8 ], "texture": "#beacon" }
    }
},
{
    "from": [ 6.5, 8, 6 ],
    "to": [ 9.5, 8.5, 7.5 ],
    "faces": {
        "down":  { "uv": [ 9.5, 7.5, 6.5, 6 ], "texture": "#beacon" },
        "up":    { "uv": [ 6.5, 6, 9.5, 7.5 ], "texture": "#beacon" },
        "north": { "uv": [ 6.5, 7.5, 9.5, 8 ], "texture": "#beacon" },
        "south": { "uv": [ 6.5, 7.5, 9.5, 8 ], "texture": "#beacon" },
        "west":  { "uv": [ 6, 7.5, 7.5, 8 ], "texture": "#beacon" },
        "east":  { "uv": [ 8.5, 7.5, 10, 8 ], "texture": "#beacon" }
    }
},
{
    "from": [ 7.5, 7.5, 4.5 ],
    "to": [ 8.5, 8, 5 ],
    "faces": {
        "down":  { "uv": [ 8.5, 5, 7.5, 4.5 ], "texture": "#beacon" },
        "up":    { "uv": [ 7.5, 4.5, 8.5, 5 ], "texture": "#beacon" },
        "north": { "uv": [ 7.5, 8, 8.5, 8.5 ], "texture": "#beacon" },
        "south": { "uv": [ 7.5, 8, 8.5, 8.5 ], "texture": "#beacon" },
        "west":  { "uv": [ 4.5, 8, 5, 8.5 ], "texture": "#beacon" },
        "east":  { "uv": [ 11, 8, 11.5, 8.5 ], "texture": "#beacon" }
    }
},
{
    "from": [ 8.5, 7, 7.5 ],
    "to": [ 11.5, 7.5, 9 ],
    "faces": {
        "down":  { "uv": [ 7.5, 9, 4.5, 7.5 ], "texture": "#beacon" },
        "up":    { "uv": [ 8.5, 7.5, 11.5, 9 ], "texture": "#beacon" },
        "north": { "uv": [ 4.5, 8.5, 7.5, 9 ], "texture": "#beacon" },
        "south": { "uv": [ 8.5, 8.5, 11.5, 9 ], "texture": "#beacon" },
        "west":  { "uv": [ 7.5, 8.5, 9, 9 ], "texture": "#beacon" },
        "east":  { "uv": [ 7, 8.5, 8.5, 9 ], "texture": "#beacon" }
    }
},
{
    "from": [ 11.5, 6.5, 8 ],
    "to": [ 12, 7, 8.5 ],
    "faces": {
        "down":  { "uv": [ 4.5, 8.5, 4, 8 ], "texture": "#beacon" },
        "up":    { "uv": [ 11.5, 8, 12, 8.5 ], "texture": "#beacon" },
        "north": { "uv": [ 4, 9, 4.5, 9.5 ], "texture": "#beacon" },
        "south": { "uv": [ 11.5, 9, 12, 9.5 ], "texture": "#beacon" },
        "west":  { "uv": [ 8, 9, 8.5, 9.5 ], "texture": "#beacon" },
        "east":  { "uv": [ 7.5, 9, 8, 9.5 ], "texture": "#beacon" }
    }
},
{
    "from": [ 9.5, 7, 7 ],
    "to": [ 11, 7.5, 9.5 ],
    "faces": {
        "down":  { "uv": [ 6.5, 9.5, 5, 7 ], "texture": "#beacon" },
        "up":    { "uv": [ 9.5, 7, 11, 9.5 ], "texture": "#beacon" },
        "north": { "uv": [ 5, 8.5, 6.5, 9 ], "texture": "#beacon" },
        "south": { "uv": [ 9.5, 8.5, 11, 9 ], "texture": "#beacon" },
        "west":  { "uv": [ 7, 8.5, 9.5, 9 ], "texture": "#beacon" },
        "east":  { "uv": [ 6.5, 8.5, 9, 9 ], "texture": "#beacon" }
    }
},
{
    "from": [ 4.5, 6.5, 7.5 ],
    "to": [ 7.5, 7, 9 ],
    "faces": {
        "down":  { "uv": [ 11.5, 9, 8.5, 7.5 ], "texture": "#beacon" },
        "up":    { "uv": [ 4.5, 7.5, 7.5, 9 ], "texture": "#beacon" },
        "north": { "uv": [ 8.5, 9, 11.5, 9.5 ], "texture": "#beacon" },
        "south": { "uv": [ 4.5, 9, 7.5, 9.5 ], "texture": "#beacon" },
        "west":  { "uv": [ 7.5, 9, 9, 9.5 ], "texture": "#beacon" },
        "east":  { "uv": [ 7, 9, 8.5, 9.5 ], "texture": "#beacon" }
    }
},
{
    "from": [ 5, 6.5, 7 ],
    "to": [ 6.5, 7, 9.5 ],
    "faces": {
        "down":  { "uv": [ 11, 9.5, 9.5, 7 ], "texture": "#beacon" },
        "up":    { "uv": [ 5, 7, 6.5, 9.5 ], "texture": "#beacon" },
        "north": { "uv": [ 9.5, 9, 11, 9.5 ], "texture": "#beacon" },
        "south": { "uv": [ 5, 9, 6.5, 9.5 ], "texture": "#beacon" },
        "west":  { "uv": [ 7, 9, 9.5, 9.5 ], "texture": "#beacon" },
        "east":  { "uv": [ 6.5, 9, 9, 9.5 ], "texture": "#beacon" }
    }
},
{
    "from": [ 4, 6, 7.5 ],
    "to": [ 4.5, 6.5, 8 ],
    "faces": {
        "down":  { "uv": [ 12, 8, 11.5, 7.5 ], "texture": "#beacon" },
        "up":    { "uv": [ 4, 7.5, 4.5, 8 ], "texture": "#beacon" },
        "north": { "uv": [ 11.5, 9.5, 12, 10 ], "texture": "#beacon" },
        "south": { "uv": [ 4, 9.5, 4.5, 10 ], "texture": "#beacon" },
        "west":  { "uv": [ 7.5, 9.5, 8, 10 ], "texture": "#beacon" },
        "east":  { "uv": [ 8, 9.5, 8.5, 10 ], "texture": "#beacon" }
    }
}
],
"display": {
    "thirdperson_righthand": {
        "rotation": [ 0, 90, -35 ],
        "translation": [ 0, 1.25, -3.5 ],
        "scale": [ 0.6, 0.6, 0.6 ]
    },
    "thirdperson_lefthand": {
        "rotation": [ 0, 90, -35 ],
        "translation": [ 0, 1.25, -3.5 ],
        "scale": [ 0.6, 0.6, 0.6]
    },
    "head": {
        "rotation": [ 0, 0, 0 ],
        "translation": [ 0, -30.5, 0 ],
        "scale": [ 1.6, 1.6, 1.6 ]
    },
    "ground": {
        "rotation": [ 0, 0, 0 ],
        "translation": [ 0, 0, 0 ],
        "scale": [ 1.6, 1.6, 1.6 ]
    },
    "fixed": {
        "rotation": [ -90, -180, 0 ],
        "translation": [ 0, 0, 6.61 ],
        "scale": [ 0.8, 0.8, 0.8 ]
    },
    "firstperson_righthand": {
        "rotation": [ 0, 0, 0 ],
        "translation": [ 0, 0, 0 ],
        "scale": [ 0.6, 0.6, 0.6 ]
    },
    "firstperson_lefthand": {
        "rotation": [ 0, 0, 0 ],
        "translation": [ 0, 0, 0 ],
        "scale": [ 0.6, 0.6, 0.6]
    },
    "gui": {
        "rotation": [ 41, 17, 10 ],
        "translation": [ 0.76, -3.21, 0 ],
        "scale": [ 0.6, 0.6, 0.6 ]
    }
}
}