{
"__comment": "Designed by Oberdiah",
"textures": {
    "texture": "blocks/planks_oak",
    "bed_feet_top": "blocks/iron_block"
},
"elements": [ 
{
    "from": [ -15, 20, -8 ],
    "to": [ 31, 21, 24 ],
    "faces": {
        "down":  { "uv": [ 16, 16, 0, 0 ], "texture": "#texture" },
        "up":    { "uv": [ 0, 0, 16, 16 ], "texture": "#texture" },
        "north": { "uv": [ 0, 0, 16, 0 ], "texture": "#texture" },
        "south": { "uv": [ 0, 0, 16, 0 ], "texture": "#texture" },
        "west":  { "uv": [ 0, 0, 16, 0 ], "texture": "#texture" },
        "east":  { "uv": [ 0, 0, 16, 0 ], "texture": "#texture" }
    }
},
{
    "from": [ -14.5, 18, 22.5 ],
    "to": [ 30.5, 20, 23.5 ],
    "faces": {
        "down":  { "uv": [ 16, 16, 0, 16 ], "texture": "#bed_feet_top" },
        "up":    { "uv": [ 0, 16, 16, 16 ], "texture": "#bed_feet_top" },
        "north": { "uv": [ 0, 0, 16, 0 ], "texture": "#bed_feet_top" },
        "south": { "uv": [ 0, 0, 16, 0 ], "texture": "#bed_feet_top" },
        "west":  { "uv": [ 16, 0, 16, 0 ], "texture": "#bed_feet_top" },
        "east":  { "uv": [ 0, 0, 0, 0 ], "texture": "#bed_feet_top" }
    }
},
{
    "from": [ -14.5, 18, -7.5 ],
    "to": [ 30.5, 20, -6.5 ],
    "faces": {
        "down":  { "uv": [ 16, 0, 0, 0 ], "texture": "#bed_feet_top" },
        "up":    { "uv": [ 0, 0, 16, 0 ], "texture": "#bed_feet_top" },
        "north": { "uv": [ 0, 0, 16, 0 ], "texture": "#bed_feet_top" },
        "south": { "uv": [ 0, 0, 16, 0 ], "texture": "#bed_feet_top" },
        "west":  { "uv": [ 0, 0, 0, 0 ], "texture": "#bed_feet_top" },
        "east":  { "uv": [ 16, 0, 16, 0 ], "texture": "#bed_feet_top" }
    }
},
{
    "from": [ -14.5, 18, -6.5 ],
    "to": [ -13.5, 20, 22.5 ],
    "faces": {
        "down":  { "uv": [ 16, 16, 16, 0 ], "texture": "#bed_feet_top" },
        "up":    { "uv": [ 0, 0, 0, 16 ], "texture": "#bed_feet_top" },
        "north": { "uv": [ 16, 0, 16, 0 ], "texture": "#bed_feet_top" },
        "south": { "uv": [ 0, 0, 0, 0 ], "texture": "#bed_feet_top" },
        "west":  { "uv": [ 0, 0, 16, 0 ], "texture": "#bed_feet_top" },
        "east":  { "uv": [ 0, 0, 16, 0 ], "texture": "#bed_feet_top" }
    }
},
{
    "from": [ 29.5, 18, -6.5 ],
    "to": [ 30.5, 20, 22.5 ],
    "faces": {
        "down":  { "uv": [ 0, 16, 0, 0 ], "texture": "#bed_feet_top" },
        "up":    { "uv": [ 16, 0, 16, 16 ], "texture": "#bed_feet_top" },
        "north": { "uv": [ 0, 0, 0, 0 ], "texture": "#bed_feet_top" },
        "south": { "uv": [ 16, 0, 16, 0 ], "texture": "#bed_feet_top" },
        "west":  { "uv": [ 0, 0, 16, 0 ], "texture": "#bed_feet_top" },
        "east":  { "uv": [ 0, 0, 16, 0 ], "texture": "#bed_feet_top" }
    }
},
{
    "from": [ -14.5, 0, -7.5 ],
    "to": [ -12.5, 20, -5.5 ],
    "faces": {
        "down":  { "uv": [ 16, 0, 16, 0 ], "texture": "#bed_feet_top" },
        "up":    { "uv": [ 0, 0, 0, 0 ], "texture": "#bed_feet_top" },
        "north": { "uv": [ 16, 0, 16, 16 ], "texture": "#bed_feet_top" },
        "south": { "uv": [ 0, 0, 0, 16 ], "texture": "#bed_feet_top" },
        "west":  { "uv": [ 0, 0, 0, 16 ], "texture": "#bed_feet_top" },
        "east":  { "uv": [ 16, 0, 16, 16 ], "texture": "#bed_feet_top" }
    }
},
{
    "from": [ -14.5, 0, 21.5 ],
    "to": [ -12.5, 20, 23.5 ],
    "faces": {
        "down":  { "uv": [ 16, 16, 16, 16 ], "texture": "#bed_feet_top" },
        "up":    { "uv": [ 0, 16, 0, 16 ], "texture": "#bed_feet_top" },
        "north": { "uv": [ 16, 0, 16, 16 ], "texture": "#bed_feet_top" },
        "south": { "uv": [ 0, 0, 0, 16 ], "texture": "#bed_feet_top" },
        "west":  { "uv": [ 16, 0, 16, 16 ], "texture": "#bed_feet_top" },
        "east":  { "uv": [ 0, 0, 0, 16 ], "texture": "#bed_feet_top" }
    }
},
{
    "from": [ 28.5, 0, 21.5 ],
    "to": [ 30.5, 20, 23.5 ],
    "faces": {
        "down":  { "uv": [ 0, 16, 0, 16 ], "texture": "#bed_feet_top" },
        "up":    { "uv": [ 16, 16, 16, 16 ], "texture": "#bed_feet_top" },
        "north": { "uv": [ 0, 0, 0, 16 ], "texture": "#bed_feet_top" },
        "south": { "uv": [ 16, 0, 16, 16 ], "texture": "#bed_feet_top" },
        "west":  { "uv": [ 16, 0, 16, 16 ], "texture": "#bed_feet_top" },
        "east":  { "uv": [ 0, 0, 0, 16 ], "texture": "#bed_feet_top" }
    }
},
{
    "from": [ 28.5, 0, -7.5 ],
    "to": [ 30.5, 20, -5.5 ],
    "faces": {
        "down":  { "uv": [ 0, 0, 0, 0 ], "texture": "#bed_feet_top" },
        "up":    { "uv": [ 16, 0, 16, 0 ], "texture": "#bed_feet_top" },
        "north": { "uv": [ 0, 0, 0, 16 ], "texture": "#bed_feet_top" },
        "south": { "uv": [ 16, 0, 16, 16 ], "texture": "#bed_feet_top" },
        "west":  { "uv": [ 0, 0, 0, 16 ], "texture": "#bed_feet_top" },
        "east":  { "uv": [ 16, 0, 16, 16 ], "texture": "#bed_feet_top" }
    }
}
],
"display": {
    "thirdperson_righthand": {
        "rotation": [ 0, -43, 0 ],
        "translation": [ 0, 0, 0 ],
        "scale": [ 0.5, 0.5, 0.5 ]
    },
    "thirdperson_lefthand": {
        "rotation": [ 0, -43, 0 ],
        "translation": [ 0, 0, 0 ],
        "scale": [ 0.5, 0.5, 0.5 ]
    },
    "head": {
        "rotation": [ 0, 180, 0 ],
        "translation": [ -12.5, -32.5, -13 ],
        "scale": [ 1.05, 1.1, 1.5 ]
    },
    "ground": {
        "rotation": [ 0, 0, 0 ],
        "translation": [ 0, 2, 0 ],
        "scale": [ 0.5, 0.5, 0.5 ]
    },
    "fixed": {
        "rotation": [ 0, 180, 0 ],
        "translation": [ 0, 0, -3.4 ],
        "scale": [ 0.5, 0.5, 0.5 ]
    },
    "firstperson_righthand": {
        "rotation": [ 0, -64, 0 ],
        "translation": [ 0, 0, 0 ],
        "scale": [ 0.5, 0.5, 0.5 ]
    },
    "firstperson_lefthand": {
        "rotation": [ 0, -64, 0 ],
        "translation": [ 0, 0, 0 ],
        "scale": [ 0.5, 0.5, 0.5 ]
    },
    "gui": {
        "rotation": [ 35, 35, 0 ],
        "translation": [ 0, 0, 0 ],
        "scale": [ 0.3, 0.3, 0.3 ]
    }
}
}