{
"__comment": "Designed by Oberdiah",
"textures": {
    "texture": "blocks/glass_white",
    "oven_side": "blocks/glass"
},
"elements": [ 
{
    "from": [ 6, 6, 6 ],
    "to": [ 6.5, 10, 10 ],
    "faces": {
        "down":  { "uv": [ 10, 10, 9.5, 6 ], "texture": "#texture" },
        "up":    { "uv": [ 6, 6, 6.5, 10 ], "texture": "#texture" },
        "north": { "uv": [ 9.5, 6, 10, 10 ], "texture": "#texture" },
        "south": { "uv": [ 6, 6, 6.5, 10 ], "texture": "#texture" },
        "west":  { "uv": [ 6, 6, 10, 10 ], "texture": "#texture" },
        "east":  { "uv": [ 6, 6, 10, 10 ], "texture": "#texture" }
    }
},
{
    "from": [ 5.5, 6.5, 7 ],
    "to": [ 6, 9.5, 9 ],
    "faces": {
        "down":  { "uv": [ 10.5, 9, 10, 7 ], "texture": "#texture" },
        "up":    { "uv": [ 5.5, 7, 6, 9 ], "texture": "#texture" },
        "north": { "uv": [ 10, 6.5, 10.5, 9.5 ], "texture": "#texture" },
        "south": { "uv": [ 5.5, 6.5, 6, 9.5 ], "texture": "#texture" },
        "west":  { "uv": [ 7, 6.5, 9, 9.5 ], "texture": "#texture" },
        "east":  { "uv": [ 7, 6.5, 9, 9.5 ], "texture": "#texture" }
    }
},
{
    "from": [ 7, 6.5, 5.5 ],
    "to": [ 9, 9.5, 6 ],
    "faces": {
        "down":  { "uv": [ 9, 6, 7, 5.5 ], "texture": "#texture" },
        "up":    { "uv": [ 7, 5.5, 9, 6 ], "texture": "#texture" },
        "north": { "uv": [ 7, 6.5, 9, 9.5 ], "texture": "#texture" },
        "south": { "uv": [ 7, 6.5, 9, 9.5 ], "texture": "#texture" },
        "west":  { "uv": [ 5.5, 6.5, 6, 9.5 ], "texture": "#texture" },
        "east":  { "uv": [ 10, 6.5, 10.5, 9.5 ], "texture": "#texture" }
    }
},
{
    "from": [ 10, 6.5, 7 ],
    "to": [ 10.5, 9.5, 9 ],
    "faces": {
        "down":  { "uv": [ 6, 9, 5.5, 7 ], "texture": "#texture" },
        "up":    { "uv": [ 10, 7, 10.5, 9 ], "texture": "#texture" },
        "north": { "uv": [ 5.5, 6.5, 6, 9.5 ], "texture": "#texture" },
        "south": { "uv": [ 10, 6.5, 10.5, 9.5 ], "texture": "#texture" },
        "west":  { "uv": [ 7, 6.5, 9, 9.5 ], "texture": "#texture" },
        "east":  { "uv": [ 7, 6.5, 9, 9.5 ], "texture": "#texture" }
    }
},
{
    "from": [ 7, 6.5, 10 ],
    "to": [ 9, 9.5, 10.5 ],
    "faces": {
        "down":  { "uv": [ 9, 10.5, 7, 10 ], "texture": "#texture" },
        "up":    { "uv": [ 7, 10, 9, 10.5 ], "texture": "#texture" },
        "north": { "uv": [ 7, 6.5, 9, 9.5 ], "texture": "#texture" },
        "south": { "uv": [ 7, 6.5, 9, 9.5 ], "texture": "#texture" },
        "west":  { "uv": [ 10, 6.5, 10.5, 9.5 ], "texture": "#texture" },
        "east":  { "uv": [ 5.5, 6.5, 6, 9.5 ], "texture": "#texture" }
    }
},
{
    "from": [ 9.5, 6, 6 ],
    "to": [ 10, 10, 10 ],
    "faces": {
        "down":  { "uv": [ 6.5, 10, 6, 6 ], "texture": "#texture" },
        "up":    { "uv": [ 9.5, 6, 10, 10 ], "texture": "#texture" },
        "north": { "uv": [ 6, 6, 6.5, 10 ], "texture": "#texture" },
        "south": { "uv": [ 9.5, 6, 10, 10 ], "texture": "#texture" },
        "west":  { "uv": [ 6, 6, 10, 10 ], "texture": "#texture" },
        "east":  { "uv": [ 6, 6, 10, 10 ], "texture": "#texture" }
    }
},
{
    "from": [ 6.5, 6, 6 ],
    "to": [ 9.5, 10, 6.5 ],
    "faces": {
        "down":  { "uv": [ 9.5, 6.5, 6.5, 6 ], "texture": "#texture" },
        "up":    { "uv": [ 6.5, 6, 9.5, 6.5 ], "texture": "#texture" },
        "north": { "uv": [ 6.5, 6, 9.5, 10 ], "texture": "#texture" },
        "south": { "uv": [ 6.5, 6, 9.5, 10 ], "texture": "#texture" },
        "west":  { "uv": [ 6, 6, 6.5, 10 ], "texture": "#texture" },
        "east":  { "uv": [ 9.5, 6, 10, 10 ], "texture": "#texture" }
    }
},
{
    "from": [ 6.5, 6, 9.5 ],
    "to": [ 9.5, 10, 10 ],
    "faces": {
        "down":  { "uv": [ 9.5, 10, 6.5, 9.5 ], "texture": "#texture" },
        "up":    { "uv": [ 6.5, 9.5, 9.5, 10 ], "texture": "#texture" },
        "north": { "uv": [ 6.5, 6, 9.5, 10 ], "texture": "#texture" },
        "south": { "uv": [ 6.5, 6, 9.5, 10 ], "texture": "#texture" },
        "west":  { "uv": [ 9.5, 6, 10, 10 ], "texture": "#texture" },
        "east":  { "uv": [ 6, 6, 6.5, 10 ], "texture": "#texture" }
    }
},
{
    "from": [ 6.5, 5.5, 6.5 ],
    "to": [ 9.5, 6, 9.5 ],
    "faces": {
        "down":  { "uv": [ 9.5, 9.5, 6.5, 6.5 ], "texture": "#texture" },
        "up":    { "uv": [ 6.5, 6.5, 9.5, 9.5 ], "texture": "#texture" },
        "north": { "uv": [ 6.5, 10, 9.5, 10.5 ], "texture": "#texture" },
        "south": { "uv": [ 6.5, 10, 9.5, 10.5 ], "texture": "#texture" },
        "west":  { "uv": [ 6.5, 10, 9.5, 10.5 ], "texture": "#texture" },
        "east":  { "uv": [ 6.5, 10, 9.5, 10.5 ], "texture": "#texture" }
    }
},
{
    "from": [ 7, 5, 7 ],
    "to": [ 9, 5.5, 9 ],
    "faces": {
        "down":  { "uv": [ 9, 9, 7, 7 ], "texture": "#texture" },
        "up":    { "uv": [ 7, 7, 9, 9 ], "texture": "#texture" },
        "north": { "uv": [ 7, 10.5, 9, 11 ], "texture": "#texture" },
        "south": { "uv": [ 7, 10.5, 9, 11 ], "texture": "#texture" },
        "west":  { "uv": [ 7, 10.5, 9, 11 ], "texture": "#texture" },
        "east":  { "uv": [ 7, 10.5, 9, 11 ], "texture": "#texture" }
    }
},
{
    "from": [ 7.5, 0.5, 7.5 ],
    "to": [ 8.5, 5, 8.5 ],
    "faces": {
        "down":  { "uv": [ 8.5, 8.5, 7.5, 7.5 ], "texture": "#texture" },
        "up":    { "uv": [ 7.5, 7.5, 8.5, 8.5 ], "texture": "#texture" },
        "north": { "uv": [ 7.5, 11, 8.5, 15.5 ], "texture": "#texture" },
        "south": { "uv": [ 7.5, 11, 8.5, 15.5 ], "texture": "#texture" },
        "west":  { "uv": [ 7.5, 11, 8.5, 15.5 ], "texture": "#texture" },
        "east":  { "uv": [ 7.5, 11, 8.5, 15.5 ], "texture": "#texture" }
    }
},
{
    "from": [ 6.5, 0, 6.5 ],
    "to": [ 9.5, 0.5, 9.5 ],
    "faces": {
        "down":  { "uv": [ 9.5, 9.5, 6.5, 6.5 ], "texture": "#texture" },
        "up":    { "uv": [ 6.5, 6.5, 9.5, 9.5 ], "texture": "#texture" },
        "north": { "uv": [ 6.5, 15.5, 9.5, 16 ], "texture": "#texture" },
        "south": { "uv": [ 6.5, 15.5, 9.5, 16 ], "texture": "#texture" },
        "west":  { "uv": [ 6.5, 15.5, 9.5, 16 ], "texture": "#texture" },
        "east":  { "uv": [ 6.5, 15.5, 9.5, 16 ], "texture": "#texture" }
    }
}
],
"display": {
    "thirdperson_righthand": {
        "rotation": [ 0, 90, 0 ],
        "translation": [ 0, 1.25, -0.5 ],
        "scale": [ 0.6, 0.6, 0.6 ]
    },
    "thirdperson_lefthand": {
        "rotation": [ 0, 90, 0 ],
        "translation": [ 0, 1.25, -0.5 ],
        "scale": [ 0.6, 0.6, 0.6 ]
    },
    "head": {
        "rotation": [ 0, 0, 0 ],
        "translation": [ 0, -30.5, 0 ],
        "scale": [ 1.6, 1.6, 1.6 ]
    },
    "ground": {
        "rotation": [ 0, 0, 0 ],
        "translation": [ 0, 0, 0 ],
        "scale": [ 1.6, 1.6, 1.6 ]
    },
    "fixed": {
        "rotation": [ -90, -180, 0 ],
        "translation": [ 0, 0, 6.61 ],
        "scale": [ 0.8, 0.8, 0.8 ]
    },
    "firstperson_righthand": {
        "rotation": [ 0, 0, 0 ],
        "translation": [ 0, 0, 0 ],
        "scale": [ 0.6, 0.6, 0.6 ]
    },
    "firstperson_lefthand": {
        "rotation": [ 0, 0, 0 ],
        "translation": [ 0, 0, 0 ],
        "scale": [ 0.6, 0.6, 0.6]
    },
    "gui": {
        "rotation": [ 41, 17, 10 ],
        "translation": [ 0.76, -3.21, 0 ],
        "scale": [ 0.6, 0.6, 0.6 ]
    }
}
}