{
"__comment": "Designed by Oberdiah",
"textures": {
    "texture": "blocks/furniture/locker",
    "bed_feet_top": "blocks/iron_block",
    "glass_blue": "blocks/glass_blue",
    "lighter": "blocks/planks_oak",
    "stove_top": "blocks/furniture/stove_top"
},
"elements": [ 
{
    "from": [ 6, 1, 7 ],
    "to": [ 10, 8.5, 11.5 ],
    "rotation": { "origin": [ 6, 8.5, 7 ], "axis": "x", "angle": 22.5 },
    "faces": {
        "down":  { "uv": [ 10, 11.5, 6, 7 ], "texture": "#texture" },
        "up":    { "uv": [ 6, 7, 10, 11.5 ], "texture": "#texture" },
        "north": { "uv": [ 6, 7.5, 10, 15 ], "texture": "#texture" },
        "south": { "uv": [ 6, 7.5, 10, 15 ], "texture": "#texture" },
        "west":  { "uv": [ 7, 7.5, 11.5, 15 ], "texture": "#texture" },
        "east":  { "uv": [ 4.5, 7.5, 9, 15 ], "texture": "#texture" }
    }
},
{
    "from": [ 5.5, 0, 4 ],
    "to": [ 10.5, 2, 10 ],
    "faces": {
        "down":  { "uv": [ 10.5, 10, 5.5, 4 ], "texture": "#texture" },
        "up":    { "uv": [ 5.5, 4, 10.5, 10 ], "texture": "#texture" },
        "north": { "uv": [ 5.5, 14, 10.5, 16 ], "texture": "#texture" },
        "south": { "uv": [ 5.5, 14, 10.5, 16 ], "texture": "#texture" },
        "west":  { "uv": [ 4, 14, 10, 16 ], "texture": "#texture" },
        "east":  { "uv": [ 6, 14, 12, 16 ], "texture": "#texture" }
    }
},
{
    "from": [ 6.5, 4.5, 9 ],
    "to": [ 7.5, 12, 10.5 ],
    "rotation": { "origin": [ 6.5, 12, 9 ], "axis": "x", "angle": 22.5 },
    "faces": {
        "down":  { "uv": [ 9.5, 9.5, 8.5, 8.5 ], "texture": "#stove_top" },
        "up":    { "uv": [ 6.5, 8.5, 7.5, 9.5 ], "texture": "#stove_top" },
        "north": { "uv": [ 8.5, 5.5, 9.5, 13 ], "texture": "#stove_top" },
        "south": { "uv": [ 6.5, 5.5, 7.5, 13 ], "texture": "#stove_top" },
        "west":  { "uv": [ 8.5, 5.5, 9.5, 13 ], "texture": "#stove_top" },
        "east":  { "uv": [ 6.5, 5.5, 7.5, 13 ], "texture": "#stove_top" }
    }
},
{
    "from": [ 8.5, 6.5, 11 ],
    "to": [ 9.5, 11, 12.5 ],
    "rotation": { "origin": [ 8.5, 11, 11 ], "axis": "x", "angle": 22.5 },
    "faces": {
        "down":  { "uv": [ 7.5, 11.5, 6.5, 10.5 ], "texture": "#stove_top" },
        "up":    { "uv": [ 8.5, 10.5, 9.5, 11.5 ], "texture": "#stove_top" },
        "north": { "uv": [ 6.5, 6.5, 7.5, 14 ], "texture": "#stove_top" },
        "south": { "uv": [ 8.5, 6.5, 9.5, 14 ], "texture": "#stove_top" },
        "west":  { "uv": [ 10.5, 6.5, 11.5, 14 ], "texture": "#stove_top" },
        "east":  { "uv": [ 4.5, 6.5, 5.5, 14 ], "texture": "#stove_top" }
    }
},
{
    "from": [ 6.5, 8, 11.5 ],
    "to": [ 7.5, 12, 13 ],
    "rotation": { "origin": [ 6.5, 12, 11.5 ], "axis": "x", "angle": 22.5 },
    "faces": {
        "down":  { "uv": [ 9.5, 12, 8.5, 11 ], "texture": "#stove_top" },
        "up":    { "uv": [ 6.5, 11, 7.5, 12 ], "texture": "#stove_top" },
        "north": { "uv": [ 8.5, 5.5, 9.5, 13 ], "texture": "#stove_top" },
        "south": { "uv": [ 6.5, 5.5, 7.5, 13 ], "texture": "#stove_top" },
        "west":  { "uv": [ 11, 5.5, 12, 13 ], "texture": "#stove_top" },
        "east":  { "uv": [ 4, 5.5, 5, 13 ], "texture": "#stove_top" }
    }
},
{
    "from": [ 6.875, 5.375, 10.5625 ],
    "to": [ 7.125, 9.375, 11.8125 ],
    "rotation": { "origin": [ 6.875, 9.375, 10.5625 ], "axis": "x", "angle": 22.5 },
    "faces": {
        "down":  { "uv": [ 9.5, 12, 8.5, 11 ], "texture": "#bed_feet_top" },
        "up":    { "uv": [ 6.5, 11, 7.5, 12 ], "texture": "#bed_feet_top" },
        "north": { "uv": [ 8.5, 5.5, 9.5, 13 ], "texture": "#bed_feet_top" },
        "south": { "uv": [ 6.5, 5.5, 7.5, 13 ], "texture": "#bed_feet_top" },
        "west":  { "uv": [ 11, 5.5, 12, 13 ], "texture": "#bed_feet_top" },
        "east":  { "uv": [ 4, 5.5, 5, 13 ], "texture": "#bed_feet_top" }
    }
},
{
    "from": [ 8.8125, 6, 8.5 ],
    "to": [ 9.0625, 10, 9.75 ],
    "rotation": { "origin": [ 8.8125, 10, 8.5 ], "axis": "x", "angle": 22.5 },
    "faces": {
        "down":  { "uv": [ 9.5, 12, 8.5, 11 ], "texture": "#bed_feet_top" },
        "up":    { "uv": [ 6.5, 11, 7.5, 12 ], "texture": "#bed_feet_top" },
        "north": { "uv": [ 8.5, 5.5, 9.5, 13 ], "texture": "#bed_feet_top" },
        "south": { "uv": [ 6.5, 5.5, 7.5, 13 ], "texture": "#bed_feet_top" },
        "west":  { "uv": [ 11, 5.5, 12, 13 ], "texture": "#bed_feet_top" },
        "east":  { "uv": [ 4, 5.5, 5, 13 ], "texture": "#bed_feet_top" }
    }
},
{
    "from": [ 8.5, 8.5, 9.5 ],
    "to": [ 9.5, 13, 11 ],
    "rotation": { "origin": [ 8.5, 13, 9.5 ], "axis": "x", "angle": 22.5 },
    "faces": {
        "down":  { "uv": [ 7.5, 10, 6.5, 9 ], "texture": "#stove_top" },
        "up":    { "uv": [ 8.5, 9, 9.5, 10 ], "texture": "#stove_top" },
        "north": { "uv": [ 6.5, 4.5, 7.5, 12 ], "texture": "#stove_top" },
        "south": { "uv": [ 8.5, 4.5, 9.5, 12 ], "texture": "#stove_top" },
        "west":  { "uv": [ 9, 4.5, 10, 12 ], "texture": "#stove_top" },
        "east":  { "uv": [ 6, 4.5, 7, 12 ], "texture": "#stove_top" }
    }
}
],
"display": {
    "thirdperson_righthand": {
        "rotation": [ 0, 90, -35 ],
        "translation": [ 0, 1.25, -3.5 ],
        "scale": [ 0.6, 0.6, 0.6 ]
    },
    "thirdperson_lefthand": {
        "rotation": [ 0, 90, -35 ],
        "translation": [ 0, 1.25, -3.5 ],
        "scale": [ 0.6, 0.6, 0.6]
    },
    "head": {
        "rotation": [ 0, 0, 0 ],
        "translation": [ 0, -30.5, 0 ],
        "scale": [ 1.6, 1.6, 1.6 ]
    },
    "ground": {
        "rotation": [ 0, 0, 0 ],
        "translation": [ 0, 0, 0 ],
        "scale": [ 1.6, 1.6, 1.6 ]
    },
    "fixed": {
        "rotation": [ -90, -180, 0 ],
        "translation": [ 0, 0, 6.61 ],
        "scale": [ 0.8, 0.8, 0.8 ]
    },
    "firstperson_righthand": {
        "rotation": [ 0, 0, 0 ],
        "translation": [ 0, 0, 0 ],
        "scale": [ 0.6, 0.6, 0.6 ]
    },
    "firstperson_lefthand": {
        "rotation": [ 0, 0, 0 ],
        "translation": [ 0, 0, 0 ],
        "scale": [ 0.6, 0.6, 0.6]
    },
    "gui": {
        "rotation": [ 41, 17, 10 ],
        "translation": [ 0.76, -3.21, 0 ],
        "scale": [ 0.6, 0.6, 0.6 ]
    }
}
}