{
"__comment": "Designed by Rottennugget",
"textures": {
    "texture": "blocks/furniture/light02",
    "particle": "blocks/furniture/light02",
    "dark_brown": "blocks/furniture/bar02"
},
"elements": [ 
{
    "from": [ 2, 0, 4.5 ],
    "to": [ 14, 0.5, 12 ],
    "faces": {
        "down":  { "uv": [ 14, 12, 2, 4.5 ], "texture": "#dark_brown" },
        "up":    { "uv": [ 2, 4.5, 14, 12 ], "texture": "#dark_brown" },
        "north": { "uv": [ 2, 15.5, 14, 16 ], "texture": "#dark_brown" },
        "south": { "uv": [ 2, 15.5, 14, 16 ], "texture": "#dark_brown" },
        "west":  { "uv": [ 4.5, 15.5, 12, 16 ], "texture": "#dark_brown" },
        "east":  { "uv": [ 4, 15.5, 11.5, 16 ], "texture": "#dark_brown" }
    }
},
{
    "from": [ 2, -0.25, 1.1875 ],
    "to": [ 14, 7.25, 1.6875 ],
    "rotation": { "origin": [ 2, 7.25, 1.1875 ], "axis": "x", "angle": -22.5 },
    "faces": {
        "down":  { "uv": [ 14, 5, 2, 4.5 ], "texture": "#dark_brown" },
        "up":    { "uv": [ 2, 4.5, 14, 5 ], "texture": "#dark_brown" },
        "north": { "uv": [ 2, 8, 14, 15.5 ], "texture": "#dark_brown" },
        "south": { "uv": [ 2, 8, 14, 15.5 ], "texture": "#dark_brown" },
        "west":  { "uv": [ 4.5, 8, 5, 15.5 ], "texture": "#dark_brown" },
        "east":  { "uv": [ 11, 8, 11.5, 15.5 ], "texture": "#dark_brown" }
    }
},
{
    "from": [ 3, 0.5, 5.75 ],
    "to": [ 3.75, 0.75, 6.5 ],
    "faces": {
        "down":  { "uv": [ 13, 6.5, 12.25, 5.75 ], "texture": "#texture" },
        "up":    { "uv": [ 3, 5.75, 3.75, 6.5 ], "texture": "#texture" },
        "north": { "uv": [ 12.25, 15.25, 13, 15.5 ], "texture": "#texture" },
        "south": { "uv": [ 3, 15.25, 3.75, 15.5 ], "texture": "#texture" },
        "west":  { "uv": [ 5.75, 15.25, 6.5, 15.5 ], "texture": "#texture" },
        "east":  { "uv": [ 9.5, 15.25, 10.25, 15.5 ], "texture": "#texture" }
    }
},
{
    "from": [ 4, 0.5, 5.75 ],
    "to": [ 4.75, 0.75, 6.5 ],
    "faces": {
        "down":  { "uv": [ 12, 6.5, 11.25, 5.75 ], "texture": "#texture" },
        "up":    { "uv": [ 4, 5.75, 4.75, 6.5 ], "texture": "#texture" },
        "north": { "uv": [ 11.25, 15.25, 12, 15.5 ], "texture": "#texture" },
        "south": { "uv": [ 4, 15.25, 4.75, 15.5 ], "texture": "#texture" },
        "west":  { "uv": [ 5.75, 15.25, 6.5, 15.5 ], "texture": "#texture" },
        "east":  { "uv": [ 9.5, 15.25, 10.25, 15.5 ], "texture": "#texture" }
    }
},
{
    "from": [ 5, 0.5, 5.75 ],
    "to": [ 5.75, 0.75, 6.5 ],
    "faces": {
        "down":  { "uv": [ 11, 6.5, 10.25, 5.75 ], "texture": "#texture" },
        "up":    { "uv": [ 5, 5.75, 5.75, 6.5 ], "texture": "#texture" },
        "north": { "uv": [ 10.25, 15.25, 11, 15.5 ], "texture": "#texture" },
        "south": { "uv": [ 5, 15.25, 5.75, 15.5 ], "texture": "#texture" },
        "west":  { "uv": [ 5.75, 15.25, 6.5, 15.5 ], "texture": "#texture" },
        "east":  { "uv": [ 9.5, 15.25, 10.25, 15.5 ], "texture": "#texture" }
    }
},
{
    "from": [ 6, 0.5, 5.75 ],
    "to": [ 6.75, 0.75, 6.5 ],
    "faces": {
        "down":  { "uv": [ 10, 6.5, 9.25, 5.75 ], "texture": "#texture" },
        "up":    { "uv": [ 6, 5.75, 6.75, 6.5 ], "texture": "#texture" },
        "north": { "uv": [ 9.25, 15.25, 10, 15.5 ], "texture": "#texture" },
        "south": { "uv": [ 6, 15.25, 6.75, 15.5 ], "texture": "#texture" },
        "west":  { "uv": [ 5.75, 15.25, 6.5, 15.5 ], "texture": "#texture" },
        "east":  { "uv": [ 9.5, 15.25, 10.25, 15.5 ], "texture": "#texture" }
    }
},
{
    "from": [ 7, 0.5, 5.75 ],
    "to": [ 7.75, 0.75, 6.5 ],
    "faces": {
        "down":  { "uv": [ 9, 6.5, 8.25, 5.75 ], "texture": "#texture" },
        "up":    { "uv": [ 7, 5.75, 7.75, 6.5 ], "texture": "#texture" },
        "north": { "uv": [ 8.25, 15.25, 9, 15.5 ], "texture": "#texture" },
        "south": { "uv": [ 7, 15.25, 7.75, 15.5 ], "texture": "#texture" },
        "west":  { "uv": [ 5.75, 15.25, 6.5, 15.5 ], "texture": "#texture" },
        "east":  { "uv": [ 9.5, 15.25, 10.25, 15.5 ], "texture": "#texture" }
    }
},
{
    "from": [ 8, 0.5, 5.75 ],
    "to": [ 8.75, 0.75, 6.5 ],
    "faces": {
        "down":  { "uv": [ 8, 6.5, 7.25, 5.75 ], "texture": "#texture" },
        "up":    { "uv": [ 8, 5.75, 8.75, 6.5 ], "texture": "#texture" },
        "north": { "uv": [ 7.25, 15.25, 8, 15.5 ], "texture": "#texture" },
        "south": { "uv": [ 8, 15.25, 8.75, 15.5 ], "texture": "#texture" },
        "west":  { "uv": [ 5.75, 15.25, 6.5, 15.5 ], "texture": "#texture" },
        "east":  { "uv": [ 9.5, 15.25, 10.25, 15.5 ], "texture": "#texture" }
    }
},
{
    "from": [ 9, 0.5, 5.75 ],
    "to": [ 9.75, 0.75, 6.5 ],
    "faces": {
        "down":  { "uv": [ 7, 6.5, 6.25, 5.75 ], "texture": "#texture" },
        "up":    { "uv": [ 9, 5.75, 9.75, 6.5 ], "texture": "#texture" },
        "north": { "uv": [ 6.25, 15.25, 7, 15.5 ], "texture": "#texture" },
        "south": { "uv": [ 9, 15.25, 9.75, 15.5 ], "texture": "#texture" },
        "west":  { "uv": [ 5.75, 15.25, 6.5, 15.5 ], "texture": "#texture" },
        "east":  { "uv": [ 9.5, 15.25, 10.25, 15.5 ], "texture": "#texture" }
    }
},
{
    "from": [ 10, 0.5, 5.75 ],
    "to": [ 10.75, 0.75, 6.5 ],
    "faces": {
        "down":  { "uv": [ 6, 6.5, 5.25, 5.75 ], "texture": "#texture" },
        "up":    { "uv": [ 10, 5.75, 10.75, 6.5 ], "texture": "#texture" },
        "north": { "uv": [ 5.25, 15.25, 6, 15.5 ], "texture": "#texture" },
        "south": { "uv": [ 10, 15.25, 10.75, 15.5 ], "texture": "#texture" },
        "west":  { "uv": [ 5.75, 15.25, 6.5, 15.5 ], "texture": "#texture" },
        "east":  { "uv": [ 9.5, 15.25, 10.25, 15.5 ], "texture": "#texture" }
    }
},
{
    "from": [ 11, 0.5, 5.75 ],
    "to": [ 11.75, 0.75, 6.5 ],
    "faces": {
        "down":  { "uv": [ 5, 6.5, 4.25, 5.75 ], "texture": "#texture" },
        "up":    { "uv": [ 11, 5.75, 11.75, 6.5 ], "texture": "#texture" },
        "north": { "uv": [ 4.25, 15.25, 5, 15.5 ], "texture": "#texture" },
        "south": { "uv": [ 11, 15.25, 11.75, 15.5 ], "texture": "#texture" },
        "west":  { "uv": [ 5.75, 15.25, 6.5, 15.5 ], "texture": "#texture" },
        "east":  { "uv": [ 9.5, 15.25, 10.25, 15.5 ], "texture": "#texture" }
    }
},
{
    "from": [ 12, 0.5, 5.75 ],
    "to": [ 12.75, 0.75, 6.5 ],
    "faces": {
        "down":  { "uv": [ 4, 6.5, 3.25, 5.75 ], "texture": "#texture" },
        "up":    { "uv": [ 12, 5.75, 12.75, 6.5 ], "texture": "#texture" },
        "north": { "uv": [ 3.25, 15.25, 4, 15.5 ], "texture": "#texture" },
        "south": { "uv": [ 12, 15.25, 12.75, 15.5 ], "texture": "#texture" },
        "west":  { "uv": [ 5.75, 15.25, 6.5, 15.5 ], "texture": "#texture" },
        "east":  { "uv": [ 9.5, 15.25, 10.25, 15.5 ], "texture": "#texture" }
    }
},
{
    "from": [ 3.5, 0.5, 6.75 ],
    "to": [ 4.25, 0.75, 7.5 ],
    "faces": {
        "down":  { "uv": [ 12.5, 7.5, 11.75, 6.75 ], "texture": "#texture" },
        "up":    { "uv": [ 3.5, 6.75, 4.25, 7.5 ], "texture": "#texture" },
        "north": { "uv": [ 11.75, 15.25, 12.5, 15.5 ], "texture": "#texture" },
        "south": { "uv": [ 3.5, 15.25, 4.25, 15.5 ], "texture": "#texture" },
        "west":  { "uv": [ 6.75, 15.25, 7.5, 15.5 ], "texture": "#texture" },
        "east":  { "uv": [ 8.5, 15.25, 9.25, 15.5 ], "texture": "#texture" }
    }
},
{
    "from": [ 4.5, 0.5, 6.75 ],
    "to": [ 5.25, 0.75, 7.5 ],
    "faces": {
        "down":  { "uv": [ 11.5, 7.5, 10.75, 6.75 ], "texture": "#texture" },
        "up":    { "uv": [ 4.5, 6.75, 5.25, 7.5 ], "texture": "#texture" },
        "north": { "uv": [ 10.75, 15.25, 11.5, 15.5 ], "texture": "#texture" },
        "south": { "uv": [ 4.5, 15.25, 5.25, 15.5 ], "texture": "#texture" },
        "west":  { "uv": [ 6.75, 15.25, 7.5, 15.5 ], "texture": "#texture" },
        "east":  { "uv": [ 8.5, 15.25, 9.25, 15.5 ], "texture": "#texture" }
    }
},
{
    "from": [ 5.5, 0.5, 6.75 ],
    "to": [ 6.25, 0.75, 7.5 ],
    "faces": {
        "down":  { "uv": [ 10.5, 7.5, 9.75, 6.75 ], "texture": "#texture" },
        "up":    { "uv": [ 5.5, 6.75, 6.25, 7.5 ], "texture": "#texture" },
        "north": { "uv": [ 9.75, 15.25, 10.5, 15.5 ], "texture": "#texture" },
        "south": { "uv": [ 5.5, 15.25, 6.25, 15.5 ], "texture": "#texture" },
        "west":  { "uv": [ 6.75, 15.25, 7.5, 15.5 ], "texture": "#texture" },
        "east":  { "uv": [ 8.5, 15.25, 9.25, 15.5 ], "texture": "#texture" }
    }
},
{
    "from": [ 6.5, 0.5, 6.75 ],
    "to": [ 7.25, 0.75, 7.5 ],
    "faces": {
        "down":  { "uv": [ 9.5, 7.5, 8.75, 6.75 ], "texture": "#texture" },
        "up":    { "uv": [ 6.5, 6.75, 7.25, 7.5 ], "texture": "#texture" },
        "north": { "uv": [ 8.75, 15.25, 9.5, 15.5 ], "texture": "#texture" },
        "south": { "uv": [ 6.5, 15.25, 7.25, 15.5 ], "texture": "#texture" },
        "west":  { "uv": [ 6.75, 15.25, 7.5, 15.5 ], "texture": "#texture" },
        "east":  { "uv": [ 8.5, 15.25, 9.25, 15.5 ], "texture": "#texture" }
    }
},
{
    "from": [ 7.5, 0.5, 6.75 ],
    "to": [ 8.25, 0.75, 7.5 ],
    "faces": {
        "down":  { "uv": [ 8.5, 7.5, 7.75, 6.75 ], "texture": "#texture" },
        "up":    { "uv": [ 7.5, 6.75, 8.25, 7.5 ], "texture": "#texture" },
        "north": { "uv": [ 7.75, 15.25, 8.5, 15.5 ], "texture": "#texture" },
        "south": { "uv": [ 7.5, 15.25, 8.25, 15.5 ], "texture": "#texture" },
        "west":  { "uv": [ 6.75, 15.25, 7.5, 15.5 ], "texture": "#texture" },
        "east":  { "uv": [ 8.5, 15.25, 9.25, 15.5 ], "texture": "#texture" }
    }
},
{
    "from": [ 8.5, 0.5, 6.75 ],
    "to": [ 9.25, 0.75, 7.5 ],
    "faces": {
        "down":  { "uv": [ 7.5, 7.5, 6.75, 6.75 ], "texture": "#texture" },
        "up":    { "uv": [ 8.5, 6.75, 9.25, 7.5 ], "texture": "#texture" },
        "north": { "uv": [ 6.75, 15.25, 7.5, 15.5 ], "texture": "#texture" },
        "south": { "uv": [ 8.5, 15.25, 9.25, 15.5 ], "texture": "#texture" },
        "west":  { "uv": [ 6.75, 15.25, 7.5, 15.5 ], "texture": "#texture" },
        "east":  { "uv": [ 8.5, 15.25, 9.25, 15.5 ], "texture": "#texture" }
    }
},
{
    "from": [ 9.5, 0.5, 6.75 ],
    "to": [ 10.25, 0.75, 7.5 ],
    "faces": {
        "down":  { "uv": [ 6.5, 7.5, 5.75, 6.75 ], "texture": "#texture" },
        "up":    { "uv": [ 9.5, 6.75, 10.25, 7.5 ], "texture": "#texture" },
        "north": { "uv": [ 5.75, 15.25, 6.5, 15.5 ], "texture": "#texture" },
        "south": { "uv": [ 9.5, 15.25, 10.25, 15.5 ], "texture": "#texture" },
        "west":  { "uv": [ 6.75, 15.25, 7.5, 15.5 ], "texture": "#texture" },
        "east":  { "uv": [ 8.5, 15.25, 9.25, 15.5 ], "texture": "#texture" }
    }
},
{
    "from": [ 10.5, 0.5, 6.75 ],
    "to": [ 11.25, 0.75, 7.5 ],
    "faces": {
        "down":  { "uv": [ 5.5, 7.5, 4.75, 6.75 ], "texture": "#texture" },
        "up":    { "uv": [ 10.5, 6.75, 11.25, 7.5 ], "texture": "#texture" },
        "north": { "uv": [ 4.75, 15.25, 5.5, 15.5 ], "texture": "#texture" },
        "south": { "uv": [ 10.5, 15.25, 11.25, 15.5 ], "texture": "#texture" },
        "west":  { "uv": [ 6.75, 15.25, 7.5, 15.5 ], "texture": "#texture" },
        "east":  { "uv": [ 8.5, 15.25, 9.25, 15.5 ], "texture": "#texture" }
    }
},
{
    "from": [ 11.5, 0.5, 6.75 ],
    "to": [ 12.25, 0.75, 7.5 ],
    "faces": {
        "down":  { "uv": [ 4.5, 7.5, 3.75, 6.75 ], "texture": "#texture" },
        "up":    { "uv": [ 11.5, 6.75, 12.25, 7.5 ], "texture": "#texture" },
        "north": { "uv": [ 3.75, 15.25, 4.5, 15.5 ], "texture": "#texture" },
        "south": { "uv": [ 11.5, 15.25, 12.25, 15.5 ], "texture": "#texture" },
        "west":  { "uv": [ 6.75, 15.25, 7.5, 15.5 ], "texture": "#texture" },
        "east":  { "uv": [ 8.5, 15.25, 9.25, 15.5 ], "texture": "#texture" }
    }
},
{
    "from": [ 11, 0.5, 7.75 ],
    "to": [ 11.75, 0.75, 8.5 ],
    "faces": {
        "down":  { "uv": [ 5, 8.5, 4.25, 7.75 ], "texture": "#texture" },
        "up":    { "uv": [ 11, 7.75, 11.75, 8.5 ], "texture": "#texture" },
        "north": { "uv": [ 4.25, 15.25, 5, 15.5 ], "texture": "#texture" },
        "south": { "uv": [ 11, 15.25, 11.75, 15.5 ], "texture": "#texture" },
        "west":  { "uv": [ 7.75, 15.25, 8.5, 15.5 ], "texture": "#texture" },
        "east":  { "uv": [ 7.5, 15.25, 8.25, 15.5 ], "texture": "#texture" }
    }
},
{
    "from": [ 12, 0.5, 7.75 ],
    "to": [ 12.75, 0.75, 8.5 ],
    "faces": {
        "down":  { "uv": [ 4, 8.5, 3.25, 7.75 ], "texture": "#texture" },
        "up":    { "uv": [ 12, 7.75, 12.75, 8.5 ], "texture": "#texture" },
        "north": { "uv": [ 3.25, 15.25, 4, 15.5 ], "texture": "#texture" },
        "south": { "uv": [ 12, 15.25, 12.75, 15.5 ], "texture": "#texture" },
        "west":  { "uv": [ 7.75, 15.25, 8.5, 15.5 ], "texture": "#texture" },
        "east":  { "uv": [ 7.5, 15.25, 8.25, 15.5 ], "texture": "#texture" }
    }
},
{
    "from": [ 10, 0.5, 7.75 ],
    "to": [ 10.75, 0.75, 8.5 ],
    "faces": {
        "down":  { "uv": [ 6, 8.5, 5.25, 7.75 ], "texture": "#texture" },
        "up":    { "uv": [ 10, 7.75, 10.75, 8.5 ], "texture": "#texture" },
        "north": { "uv": [ 5.25, 15.25, 6, 15.5 ], "texture": "#texture" },
        "south": { "uv": [ 10, 15.25, 10.75, 15.5 ], "texture": "#texture" },
        "west":  { "uv": [ 7.75, 15.25, 8.5, 15.5 ], "texture": "#texture" },
        "east":  { "uv": [ 7.5, 15.25, 8.25, 15.5 ], "texture": "#texture" }
    }
},
{
    "from": [ 9, 0.5, 7.75 ],
    "to": [ 9.75, 0.75, 8.5 ],
    "faces": {
        "down":  { "uv": [ 7, 8.5, 6.25, 7.75 ], "texture": "#texture" },
        "up":    { "uv": [ 9, 7.75, 9.75, 8.5 ], "texture": "#texture" },
        "north": { "uv": [ 6.25, 15.25, 7, 15.5 ], "texture": "#texture" },
        "south": { "uv": [ 9, 15.25, 9.75, 15.5 ], "texture": "#texture" },
        "west":  { "uv": [ 7.75, 15.25, 8.5, 15.5 ], "texture": "#texture" },
        "east":  { "uv": [ 7.5, 15.25, 8.25, 15.5 ], "texture": "#texture" }
    }
},
{
    "from": [ 8, 0.5, 7.75 ],
    "to": [ 8.75, 0.75, 8.5 ],
    "faces": {
        "down":  { "uv": [ 8, 8.5, 7.25, 7.75 ], "texture": "#texture" },
        "up":    { "uv": [ 8, 7.75, 8.75, 8.5 ], "texture": "#texture" },
        "north": { "uv": [ 7.25, 15.25, 8, 15.5 ], "texture": "#texture" },
        "south": { "uv": [ 8, 15.25, 8.75, 15.5 ], "texture": "#texture" },
        "west":  { "uv": [ 7.75, 15.25, 8.5, 15.5 ], "texture": "#texture" },
        "east":  { "uv": [ 7.5, 15.25, 8.25, 15.5 ], "texture": "#texture" }
    }
},
{
    "from": [ 7, 0.5, 7.75 ],
    "to": [ 7.75, 0.75, 8.5 ],
    "faces": {
        "down":  { "uv": [ 9, 8.5, 8.25, 7.75 ], "texture": "#texture" },
        "up":    { "uv": [ 7, 7.75, 7.75, 8.5 ], "texture": "#texture" },
        "north": { "uv": [ 8.25, 15.25, 9, 15.5 ], "texture": "#texture" },
        "south": { "uv": [ 7, 15.25, 7.75, 15.5 ], "texture": "#texture" },
        "west":  { "uv": [ 7.75, 15.25, 8.5, 15.5 ], "texture": "#texture" },
        "east":  { "uv": [ 7.5, 15.25, 8.25, 15.5 ], "texture": "#texture" }
    }
},
{
    "from": [ 6, 0.5, 7.75 ],
    "to": [ 6.75, 0.75, 8.5 ],
    "faces": {
        "down":  { "uv": [ 10, 8.5, 9.25, 7.75 ], "texture": "#texture" },
        "up":    { "uv": [ 6, 7.75, 6.75, 8.5 ], "texture": "#texture" },
        "north": { "uv": [ 9.25, 15.25, 10, 15.5 ], "texture": "#texture" },
        "south": { "uv": [ 6, 15.25, 6.75, 15.5 ], "texture": "#texture" },
        "west":  { "uv": [ 7.75, 15.25, 8.5, 15.5 ], "texture": "#texture" },
        "east":  { "uv": [ 7.5, 15.25, 8.25, 15.5 ], "texture": "#texture" }
    }
},
{
    "from": [ 5, 0.5, 7.75 ],
    "to": [ 5.75, 0.75, 8.5 ],
    "faces": {
        "down":  { "uv": [ 11, 8.5, 10.25, 7.75 ], "texture": "#texture" },
        "up":    { "uv": [ 5, 7.75, 5.75, 8.5 ], "texture": "#texture" },
        "north": { "uv": [ 10.25, 15.25, 11, 15.5 ], "texture": "#texture" },
        "south": { "uv": [ 5, 15.25, 5.75, 15.5 ], "texture": "#texture" },
        "west":  { "uv": [ 7.75, 15.25, 8.5, 15.5 ], "texture": "#texture" },
        "east":  { "uv": [ 7.5, 15.25, 8.25, 15.5 ], "texture": "#texture" }
    }
},
{
    "from": [ 4, 0.5, 7.75 ],
    "to": [ 4.75, 0.75, 8.5 ],
    "faces": {
        "down":  { "uv": [ 12, 8.5, 11.25, 7.75 ], "texture": "#texture" },
        "up":    { "uv": [ 4, 7.75, 4.75, 8.5 ], "texture": "#texture" },
        "north": { "uv": [ 11.25, 15.25, 12, 15.5 ], "texture": "#texture" },
        "south": { "uv": [ 4, 15.25, 4.75, 15.5 ], "texture": "#texture" },
        "west":  { "uv": [ 7.75, 15.25, 8.5, 15.5 ], "texture": "#texture" },
        "east":  { "uv": [ 7.5, 15.25, 8.25, 15.5 ], "texture": "#texture" }
    }
},
{
    "from": [ 3, 0.5, 7.75 ],
    "to": [ 3.75, 0.75, 8.5 ],
    "faces": {
        "down":  { "uv": [ 13, 8.5, 12.25, 7.75 ], "texture": "#texture" },
        "up":    { "uv": [ 3, 7.75, 3.75, 8.5 ], "texture": "#texture" },
        "north": { "uv": [ 12.25, 15.25, 13, 15.5 ], "texture": "#texture" },
        "south": { "uv": [ 3, 15.25, 3.75, 15.5 ], "texture": "#texture" },
        "west":  { "uv": [ 7.75, 15.25, 8.5, 15.5 ], "texture": "#texture" },
        "east":  { "uv": [ 7.5, 15.25, 8.25, 15.5 ], "texture": "#texture" }
    }
},
{
    "from": [ 3.5, 0.5, 8.75 ],
    "to": [ 4.25, 0.75, 9.5 ],
    "faces": {
        "down":  { "uv": [ 12.5, 9.5, 11.75, 8.75 ], "texture": "#texture" },
        "up":    { "uv": [ 3.5, 8.75, 4.25, 9.5 ], "texture": "#texture" },
        "north": { "uv": [ 11.75, 15.25, 12.5, 15.5 ], "texture": "#texture" },
        "south": { "uv": [ 3.5, 15.25, 4.25, 15.5 ], "texture": "#texture" },
        "west":  { "uv": [ 8.75, 15.25, 9.5, 15.5 ], "texture": "#texture" },
        "east":  { "uv": [ 6.5, 15.25, 7.25, 15.5 ], "texture": "#texture" }
    }
},
{
    "from": [ 4.5, 0.5, 8.75 ],
    "to": [ 5.25, 0.75, 9.5 ],
    "faces": {
        "down":  { "uv": [ 11.5, 9.5, 10.75, 8.75 ], "texture": "#texture" },
        "up":    { "uv": [ 4.5, 8.75, 5.25, 9.5 ], "texture": "#texture" },
        "north": { "uv": [ 10.75, 15.25, 11.5, 15.5 ], "texture": "#texture" },
        "south": { "uv": [ 4.5, 15.25, 5.25, 15.5 ], "texture": "#texture" },
        "west":  { "uv": [ 8.75, 15.25, 9.5, 15.5 ], "texture": "#texture" },
        "east":  { "uv": [ 6.5, 15.25, 7.25, 15.5 ], "texture": "#texture" }
    }
},
{
    "from": [ 5.5, 0.5, 8.75 ],
    "to": [ 10.25, 0.75, 9.5 ],
    "faces": {
        "down":  { "uv": [ 10.5, 9.5, 5.75, 8.75 ], "texture": "#texture" },
        "up":    { "uv": [ 5.5, 8.75, 10.25, 9.5 ], "texture": "#texture" },
        "north": { "uv": [ 5.75, 15.25, 10.5, 15.5 ], "texture": "#texture" },
        "south": { "uv": [ 5.5, 15.25, 10.25, 15.5 ], "texture": "#texture" },
        "west":  { "uv": [ 8.75, 15.25, 9.5, 15.5 ], "texture": "#texture" },
        "east":  { "uv": [ 6.5, 15.25, 7.25, 15.5 ], "texture": "#texture" }
    }
},
{
    "from": [ 10.5, 0.5, 8.75 ],
    "to": [ 11.25, 0.75, 9.5 ],
    "faces": {
        "down":  { "uv": [ 5.5, 9.5, 4.75, 8.75 ], "texture": "#texture" },
        "up":    { "uv": [ 10.5, 8.75, 11.25, 9.5 ], "texture": "#texture" },
        "north": { "uv": [ 4.75, 15.25, 5.5, 15.5 ], "texture": "#texture" },
        "south": { "uv": [ 10.5, 15.25, 11.25, 15.5 ], "texture": "#texture" },
        "west":  { "uv": [ 8.75, 15.25, 9.5, 15.5 ], "texture": "#texture" },
        "east":  { "uv": [ 6.5, 15.25, 7.25, 15.5 ], "texture": "#texture" }
    }
},
{
    "from": [ 11.5, 0.5, 8.75 ],
    "to": [ 12.25, 0.75, 9.5 ],
    "faces": {
        "down":  { "uv": [ 4.5, 9.5, 3.75, 8.75 ], "texture": "#texture" },
        "up":    { "uv": [ 11.5, 8.75, 12.25, 9.5 ], "texture": "#texture" },
        "north": { "uv": [ 3.75, 15.25, 4.5, 15.5 ], "texture": "#texture" },
        "south": { "uv": [ 11.5, 15.25, 12.25, 15.5 ], "texture": "#texture" },
        "west":  { "uv": [ 8.75, 15.25, 9.5, 15.5 ], "texture": "#texture" },
        "east":  { "uv": [ 6.5, 15.25, 7.25, 15.5 ], "texture": "#texture" }
    }
},
{
    "from": [ 3, 1, 1.75 ],
    "to": [ 13, 6.25, 2.25 ],
    "rotation": { "origin": [ 3, 6.25, 1.75 ], "axis": "x", "angle": -22.5 },
    "faces": {
        "down":  { "uv": [ 13, 3.5, 3, 3 ], "texture": "#texture" },
        "up":    { "uv": [ 3, 3, 13, 3.5 ], "texture": "#texture" },
        "north": { "uv": [ 3, 9, 13, 14.25 ], "texture": "#texture" },
        "south": { "uv": [ 3, 9, 13, 14.25 ], "texture": "#texture" },
        "west":  { "uv": [ 3, 9, 3.5, 14.25 ], "texture": "#texture" },
        "east":  { "uv": [ 12.5, 9, 13, 14.25 ], "texture": "#texture" }
    }
}
],
"display": {
    "thirdperson_righthand": {
        "rotation": [ 0, 0, 0 ],
        "translation": [ 0, 7.75, -1.32 ],
        "scale": [ 1, 1, 1 ]
    },
    "thirdperson_lefthand": {
        "rotation": [ 0, 0, 0 ],
        "translation": [ 0, 7.75, -1.32 ],
        "scale": [ 1, 1, 1 ]
    },
    "head": {
        "rotation": [ 0, -180, 0 ],
        "translation": [ 0, -30.5, 0 ],
        "scale": [ 1.6, 1.6, 1.6 ]
    },
    "ground": {
        "rotation": [ 0, 0, 0 ],
        "translation": [ 0, 5.48, 0 ],
        "scale": [ 1, 1, 1 ]
    },
    "fixed": {
        "rotation": [ -34, -180, 0 ],
        "translation": [ 0, 4.54, -7.18 ],
        "scale": [ 1, 1, 1 ]
    },
    "firstperson_righthand": {
        "rotation": [ 0, 0, 0 ],
        "translation": [ 0, 9.07, 0 ],
        "scale": [ 0.5, 0.5, 0.5 ]
    },
    "firstperson_lefthand": {
        "rotation": [ 0, 0, 0 ],
        "translation": [ 0, 9.07, 0 ],
        "scale": [ 0.5, 0.5, 0.5 ]
    },
    "gui": {
        "rotation": [ 30, 50, 0 ],
        "translation": [ 0, 1.7, 0 ],
        "scale": [ 0.62, 0.62, 0.62 ]
    }
}
}