{
"__comment": "Designed by Oberdiah",
"textures": {
    "texture": "blocks/gold_block",
    "marble_light_blue": "blocks/marble_light_blue",
    "iron_block": "blocks/iron_block",
    "dark_iron_block": "blocks/dark_iron_block",
    "diamond_block": "blocks/diamond_block",
    "gold_block": "blocks/gold_block"
},
"elements": [ 
{
    "from": [ 0, 0, 0 ],
    "to": [ 1, 32, 16 ],
    "faces": {
        "down":  { "uv": [ 12, 4.5, 4.5, 4 ], "rotation": 90, "texture": "#texture" },
        "up":    { "uv": [ 4, 4, 11.5, 4.5 ], "rotation": 270, "texture": "#texture" },
        "north": { "uv": [ 11.5, 0, 12, 16 ], "texture": "#texture" },
        "south": { "uv": [ 4, 0, 4.5, 16 ], "texture": "#texture" },
        "west":  { "uv": [ 4.5, 0, 12, 16 ], "texture": "#texture" },
        "east":  { "uv": [ 4, 0, 11.5, 16 ], "texture": "#texture" }
    }
},
{
    "from": [ 15, 0, 0 ],
    "to": [ 16, 32, 15 ],
    "faces": {
        "down":  { "uv": [ 12, 12, 4.5, 11.5 ], "rotation": 90, "texture": "#texture" },
        "up":    { "uv": [ 4, 11.5, 11.5, 12 ], "rotation": 270, "texture": "#texture" },
        "north": { "uv": [ 4, 0, 4.5, 16 ], "texture": "#texture" },
        "south": { "uv": [ 11.5, 0, 12, 16 ], "texture": "#texture" },
        "west":  { "uv": [ 4.5, 0, 12, 16 ], "texture": "#texture" },
        "east":  { "uv": [ 4, 0, 11.5, 16 ], "texture": "#texture" }
    }
},
{
    "from": [ 1, 31, 0 ],
    "to": [ 15, 32, 15.25 ],
    "faces": {
        "down":  { "uv": [ 12, 11.5, 4.5, 4.5 ], "rotation": 90, "texture": "#texture" },
        "up":    { "uv": [ 4, 4.5, 11.5, 11.5 ], "rotation": 270, "texture": "#texture" },
        "north": { "uv": [ 4.5, 0, 11.5, 0.5 ], "texture": "#texture" },
        "south": { "uv": [ 4.5, 0, 11.5, 0.5 ], "texture": "#texture" },
        "west":  { "uv": [ 4.5, 0, 12, 0.5 ], "texture": "#texture" },
        "east":  { "uv": [ 4, 0, 11.5, 0.5 ], "texture": "#texture" }
    }
},
{
    "from": [ 1, 0, 0 ],
    "to": [ 15, 1, 15.25 ],
    "faces": {
        "down":  { "uv": [ 12, 11.5, 4.5, 4.5 ], "rotation": 90, "texture": "#texture" },
        "up":    { "uv": [ 4, 4.5, 11.5, 11.5 ], "rotation": 270, "texture": "#texture" },
        "north": { "uv": [ 4.5, 15.5, 11.5, 16 ], "texture": "#texture" },
        "south": { "uv": [ 4.5, 15.5, 11.5, 16 ], "texture": "#texture" },
        "west":  { "uv": [ 4.5, 15.5, 12, 16 ], "texture": "#texture" },
        "east":  { "uv": [ 4, 15.5, 11.5, 16 ], "texture": "#texture" }
    }
},
{
    "from": [ 0, 1.5, -13.5 ],
    "to": [ 1, 30.5, -11 ],
    "faces": {
        "down":  { "uv": [ 12, 6, 11.5, 4.75 ], "texture": "#texture" },
        "up":    { "uv": [ 4, 4.75, 4.5, 6 ], "texture": "#texture" },
        "north": { "uv": [ 11.5, 0.75, 12, 15.25 ], "texture": "#texture" },
        "south": { "uv": [ 4, 0.75, 4.5, 15.25 ], "texture": "#texture" },
        "west":  { "uv": [ 4.75, 0.75, 6, 15.25 ], "texture": "#texture" },
        "east":  { "uv": [ 10, 0.75, 11.25, 15.25 ], "texture": "#texture" }
    }
},
{
    "from": [ 0.5, 1, -14 ],
    "to": [ 1, 31, -13.5 ],
    "faces": {
        "down":  { "uv": [ 11.75, 4.75, 11.5, 4.5 ], "texture": "#dark_iron_block" },
        "up":    { "uv": [ 4.25, 4.5, 4.5, 4.75 ], "texture": "#dark_iron_block" },
        "north": { "uv": [ 11.5, 0.5, 11.75, 15.5 ], "texture": "#dark_iron_block" },
        "south": { "uv": [ 4.25, 0.5, 4.5, 15.5 ], "texture": "#dark_iron_block" },
        "west":  { "uv": [ 4.5, 0.5, 4.75, 15.5 ], "texture": "#dark_iron_block" },
        "east":  { "uv": [ 11.25, 0.5, 11.5, 15.5 ], "texture": "#dark_iron_block" }
    }
},
{
    "from": [ -0.5, 18, -12 ],
    "to": [ 0, 19, -10.5 ],
    "faces": {
        "down":  { "uv": [ 12.25, 6.25, 12, 5.5 ], "texture": "#iron_block" },
        "up":    { "uv": [ 3.75, 5.5, 4, 6.25 ], "texture": "#iron_block" },
        "north": { "uv": [ 12, 5.5, 12.25, 6.25 ], "texture": "#iron_block" },
        "south": { "uv": [ 3.75, 5.5, 4, 6.25 ], "texture": "#iron_block" },
        "west":  { "uv": [ 5.5, 5.5, 6.25, 6.25 ], "texture": "#iron_block" },
        "east":  { "uv": [ 9.75, 5.5, 10.5, 6.25 ], "texture": "#iron_block" }
    }
},
{
    "from": [ -1, 13, -12 ],
    "to": [ -0.5, 18.5, -10.5 ],
    "faces": {
        "down":  { "uv": [ 12.5, 6.25, 12.25, 5.5 ], "texture": "#iron_block" },
        "up":    { "uv": [ 3.5, 5.5, 3.75, 6.25 ], "texture": "#iron_block" },
        "north": { "uv": [ 12.25, 6, 12.5, 9.5 ], "texture": "#iron_block" },
        "south": { "uv": [ 3.5, 6, 3.75, 9.5 ], "texture": "#iron_block" },
        "west":  { "uv": [ 5.5, 6, 6.25, 9.5 ], "texture": "#iron_block" },
        "east":  { "uv": [ 9.75, 6, 10.5, 9.5 ], "texture": "#iron_block" }
    }
},
{
    "from": [ -0.5, 12.5, -12 ],
    "to": [ 0, 13.5, -10.5 ],
    "faces": {
        "down":  { "uv": [ 12.25, 6.25, 12, 5.5 ], "texture": "#iron_block" },
        "up":    { "uv": [ 3.75, 5.5, 4, 6.25 ], "texture": "#iron_block" },
        "north": { "uv": [ 12, 9.25, 12.25, 10 ], "texture": "#iron_block" },
        "south": { "uv": [ 3.75, 9.25, 4, 10 ], "texture": "#iron_block" },
        "west":  { "uv": [ 5.5, 9.25, 6.25, 10 ], "texture": "#iron_block" },
        "east":  { "uv": [ 9.75, 9.25, 10.5, 10 ], "texture": "#iron_block" }
    }
},
{
    "from": [ 0, 28, -11 ],
    "to": [ 1, 28.5, -3 ],
    "faces": {
        "down":  { "uv": [ 12, 10, 11.5, 6 ], "texture": "#dark_iron_block" },
        "up":    { "uv": [ 4, 6, 4.5, 10 ], "texture": "#dark_iron_block" },
        "north": { "uv": [ 11.5, 1.75, 12, 2 ], "texture": "#dark_iron_block" },
        "south": { "uv": [ 4, 1.75, 4.5, 2 ], "texture": "#dark_iron_block" },
        "west":  { "uv": [ 6, 1.75, 10, 2 ], "texture": "#dark_iron_block" },
        "east":  { "uv": [ 6, 1.75, 10, 2 ], "texture": "#dark_iron_block" }
    }
},
{
    "from": [ 0, 27, -11 ],
    "to": [ 1, 27.5, -3 ],
    "faces": {
        "down":  { "uv": [ 12, 10, 11.5, 6 ], "texture": "#dark_iron_block" },
        "up":    { "uv": [ 4, 6, 4.5, 10 ], "texture": "#dark_iron_block" },
        "north": { "uv": [ 11.5, 2.25, 12, 2.5 ], "texture": "#dark_iron_block" },
        "south": { "uv": [ 4, 2.25, 4.5, 2.5 ], "texture": "#dark_iron_block" },
        "west":  { "uv": [ 6, 2.25, 10, 2.5 ], "texture": "#dark_iron_block" },
        "east":  { "uv": [ 6, 2.25, 10, 2.5 ], "texture": "#dark_iron_block" }
    }
},
{
    "from": [ 0, 26, -11 ],
    "to": [ 1, 26.5, -3 ],
    "faces": {
        "down":  { "uv": [ 12, 10, 11.5, 6 ], "texture": "#dark_iron_block" },
        "up":    { "uv": [ 4, 6, 4.5, 10 ], "texture": "#dark_iron_block" },
        "north": { "uv": [ 11.5, 2.75, 12, 3 ], "texture": "#dark_iron_block" },
        "south": { "uv": [ 4, 2.75, 4.5, 3 ], "texture": "#dark_iron_block" },
        "west":  { "uv": [ 6, 2.75, 10, 3 ], "texture": "#dark_iron_block" },
        "east":  { "uv": [ 6, 2.75, 10, 3 ], "texture": "#dark_iron_block" }
    }
},
{
    "from": [ 0, 25, -11 ],
    "to": [ 1, 25.5, -3 ],
    "faces": {
        "down":  { "uv": [ 12, 10, 11.5, 6 ], "texture": "#dark_iron_block" },
        "up":    { "uv": [ 4, 6, 4.5, 10 ], "texture": "#dark_iron_block" },
        "north": { "uv": [ 11.5, 3.25, 12, 3.5 ], "texture": "#dark_iron_block" },
        "south": { "uv": [ 4, 3.25, 4.5, 3.5 ], "texture": "#dark_iron_block" },
        "west":  { "uv": [ 6, 3.25, 10, 3.5 ], "texture": "#dark_iron_block" },
        "east":  { "uv": [ 6, 3.25, 10, 3.5 ], "texture": "#dark_iron_block" }
    }
},
{
    "from": [ 0, 28.5, -11 ],
    "to": [ 1, 30.5, -0.5 ],
    "faces": {
        "down":  { "uv": [ 12, 11.25, 11.5, 6 ], "texture": "#texture" },
        "up":    { "uv": [ 4, 6, 4.5, 11.25 ], "texture": "#texture" },
        "north": { "uv": [ 11.5, 0.75, 12, 1.75 ], "texture": "#texture" },
        "south": { "uv": [ 4, 0.75, 4.5, 1.75 ], "texture": "#texture" },
        "west":  { "uv": [ 6, 0.75, 11.25, 1.75 ], "texture": "#texture" },
        "east":  { "uv": [ 4.75, 0.75, 10, 1.75 ], "texture": "#texture" }
    }
},
{
    "from": [ 0, 1.5, -3 ],
    "to": [ 1, 28.5, -0.5 ],
    "faces": {
        "down":  { "uv": [ 12, 11.25, 11.5, 10 ], "texture": "#texture" },
        "up":    { "uv": [ 4, 10, 4.5, 11.25 ], "texture": "#texture" },
        "north": { "uv": [ 11.5, 1.75, 12, 15.25 ], "texture": "#texture" },
        "south": { "uv": [ 4, 1.75, 4.5, 15.25 ], "texture": "#texture" },
        "west":  { "uv": [ 10, 1.75, 11.25, 15.25 ], "texture": "#texture" },
        "east":  { "uv": [ 4.75, 1.75, 6, 15.25 ], "texture": "#texture" }
    }
},
{
    "from": [ 0, 7, -11 ],
    "to": [ 1, 25, -3 ],
    "faces": {
        "down":  { "uv": [ 12, 10, 11.5, 6 ], "texture": "#texture" },
        "up":    { "uv": [ 4, 6, 4.5, 10 ], "texture": "#texture" },
        "north": { "uv": [ 11.5, 3.5, 12, 12.5 ], "texture": "#texture" },
        "south": { "uv": [ 4, 3.5, 4.5, 12.5 ], "texture": "#texture" },
        "west":  { "uv": [ 6, 3.5, 10, 12.5 ], "texture": "#texture" },
        "east":  { "uv": [ 6, 3.5, 10, 12.5 ], "texture": "#texture" }
    }
},
{
    "from": [ 0.5, 30.5, -13.5 ],
    "to": [ 1, 31, 0 ],
    "faces": {
        "down":  { "uv": [ 11.75, 11.25, 11.5, 4.75 ], "texture": "#dark_iron_block" },
        "up":    { "uv": [ 4.25, 4.75, 4.5, 11.25 ], "texture": "#dark_iron_block" },
        "north": { "uv": [ 11.5, 0.5, 11.75, 0.75 ], "texture": "#dark_iron_block" },
        "south": { "uv": [ 4.25, 0.5, 4.5, 0.75 ], "texture": "#dark_iron_block" },
        "west":  { "uv": [ 4.75, 0.5, 11.25, 0.75 ], "texture": "#dark_iron_block" },
        "east":  { "uv": [ 4.75, 0.5, 11.25, 0.75 ], "texture": "#dark_iron_block" }
    }
},
{
    "from": [ 0, 0, 15 ],
    "to": [ 16, 32, 16 ],
    "faces": {
        "down":  { "uv": [ 4.5, 12, 4, 4 ], "texture": "#texture" },
        "up":    { "uv": [ 11.5, 4, 12, 12 ], "texture": "#texture" },
        "north": { "uv": [ 4, 0, 11.5, 16 ], "texture": "#texture" },
        "south": { "uv": [ 4, 0, 11.5, 16 ], "texture": "#texture" },
        "west":  { "uv": [ 4, 0, 12, 16 ], "texture": "#texture" },
        "east":  { "uv": [ 4, 0, 12, 16 ], "texture": "#texture" }
    }
},
{
    "from": [ 0, 1.5, -11 ],
    "to": [ 1, 3.5, -3 ],
    "faces": {
        "down":  { "uv": [ 12, 10, 11.5, 6 ], "texture": "#texture" },
        "up":    { "uv": [ 4, 6, 4.5, 10 ], "texture": "#texture" },
        "north": { "uv": [ 11.5, 14.25, 12, 15.25 ], "texture": "#texture" },
        "south": { "uv": [ 4, 14.25, 4.5, 15.25 ], "texture": "#texture" },
        "west":  { "uv": [ 6, 14.25, 10, 15.25 ], "texture": "#texture" },
        "east":  { "uv": [ 6, 14.25, 10, 15.25 ], "texture": "#texture" }
    }
},
{
    "from": [ 0, 3.5, -11 ],
    "to": [ 1, 4, -3 ],
    "faces": {
        "down":  { "uv": [ 12, 10, 11.5, 6 ], "texture": "#dark_iron_block" },
        "up":    { "uv": [ 4, 6, 4.5, 10 ], "texture": "#dark_iron_block" },
        "north": { "uv": [ 11.5, 14, 12, 14.25 ], "texture": "#dark_iron_block" },
        "south": { "uv": [ 4, 14, 4.5, 14.25 ], "texture": "#dark_iron_block" },
        "west":  { "uv": [ 6, 14, 10, 14.25 ], "texture": "#dark_iron_block" },
        "east":  { "uv": [ 6, 14, 10, 14.25 ], "texture": "#dark_iron_block" }
    }
},
{
    "from": [ 0, 4.5, -11 ],
    "to": [ 1, 5, -3 ],
    "faces": {
        "down":  { "uv": [ 12, 10, 11.5, 6 ], "texture": "#dark_iron_block" },
        "up":    { "uv": [ 4, 6, 4.5, 10 ], "texture": "#dark_iron_block" },
        "north": { "uv": [ 11.5, 13.5, 12, 13.75 ], "texture": "#dark_iron_block" },
        "south": { "uv": [ 4, 13.5, 4.5, 13.75 ], "texture": "#dark_iron_block" },
        "west":  { "uv": [ 6, 13.5, 10, 13.75 ], "texture": "#dark_iron_block" },
        "east":  { "uv": [ 6, 13.5, 10, 13.75 ], "texture": "#dark_iron_block" }
    }
},
{
    "from": [ 0, 5.5, -11 ],
    "to": [ 1, 6, -3 ],
    "faces": {
        "down":  { "uv": [ 12, 10, 11.5, 6 ], "texture": "#dark_iron_block" },
        "up":    { "uv": [ 4, 6, 4.5, 10 ], "texture": "#dark_iron_block" },
        "north": { "uv": [ 11.5, 13, 12, 13.25 ], "texture": "#dark_iron_block" },
        "south": { "uv": [ 4, 13, 4.5, 13.25 ], "texture": "#dark_iron_block" },
        "west":  { "uv": [ 6, 13, 10, 13.25 ], "texture": "#dark_iron_block" },
        "east":  { "uv": [ 6, 13, 10, 13.25 ], "texture": "#dark_iron_block" }
    }
},
{
    "from": [ 0, 6.5, -11 ],
    "to": [ 1, 7, -3 ],
    "faces": {
        "down":  { "uv": [ 12, 10, 11.5, 6 ], "texture": "#dark_iron_block" },
        "up":    { "uv": [ 4, 6, 4.5, 10 ], "texture": "#dark_iron_block" },
        "north": { "uv": [ 11.5, 12.5, 12, 12.75 ], "texture": "#dark_iron_block" },
        "south": { "uv": [ 4, 12.5, 4.5, 12.75 ], "texture": "#dark_iron_block" },
        "west":  { "uv": [ 6, 12.5, 10, 12.75 ], "texture": "#dark_iron_block" },
        "east":  { "uv": [ 6, 12.5, 10, 12.75 ], "texture": "#dark_iron_block" }
    }
},
{
    "from": [ 0, 25.5, -11 ],
    "to": [ 1, 28, -10.5 ],
    "faces": {
        "down":  { "uv": [ 12, 10, 11.5, 6 ], "texture": "#dark_iron_block" },
        "up":    { "uv": [ 4, 6, 4.5, 10 ], "texture": "#dark_iron_block" },
        "north": { "uv": [ 11.5, 1.75, 12, 2 ], "texture": "#dark_iron_block" },
        "south": { "uv": [ 4, 1.75, 4.5, 2 ], "texture": "#dark_iron_block" },
        "west":  { "uv": [ 6, 1.75, 10, 2 ], "texture": "#dark_iron_block" },
        "east":  { "uv": [ 6, 1.75, 10, 2 ], "texture": "#dark_iron_block" }
    }
},
{
    "from": [ 0, 25.5, -3.5 ],
    "to": [ 1, 28, -3 ],
    "faces": {
        "down":  { "uv": [ 12, 10, 11.5, 6 ], "texture": "#dark_iron_block" },
        "up":    { "uv": [ 4, 6, 4.5, 10 ], "texture": "#dark_iron_block" },
        "north": { "uv": [ 11.5, 1.75, 12, 2 ], "texture": "#dark_iron_block" },
        "south": { "uv": [ 4, 1.75, 4.5, 2 ], "texture": "#dark_iron_block" },
        "west":  { "uv": [ 6, 1.75, 10, 2 ], "texture": "#dark_iron_block" },
        "east":  { "uv": [ 6, 1.75, 10, 2 ], "texture": "#dark_iron_block" }
    }
},
{
    "from": [ 0, 4, -3.5 ],
    "to": [ 1, 6.5, -3 ],
    "faces": {
        "down":  { "uv": [ 12, 10, 11.5, 6 ], "texture": "#dark_iron_block" },
        "up":    { "uv": [ 4, 6, 4.5, 10 ], "texture": "#dark_iron_block" },
        "north": { "uv": [ 11.5, 1.75, 12, 2 ], "texture": "#dark_iron_block" },
        "south": { "uv": [ 4, 1.75, 4.5, 2 ], "texture": "#dark_iron_block" },
        "west":  { "uv": [ 6, 1.75, 10, 2 ], "texture": "#dark_iron_block" },
        "east":  { "uv": [ 6, 1.75, 10, 2 ], "texture": "#dark_iron_block" }
    }
},
{
    "from": [ 0, 4, -11 ],
    "to": [ 1, 6.5, -10.5 ],
    "faces": {
        "down":  { "uv": [ 12, 10, 11.5, 6 ], "texture": "#dark_iron_block" },
        "up":    { "uv": [ 4, 6, 4.5, 10 ], "texture": "#dark_iron_block" },
        "north": { "uv": [ 11.5, 1.75, 12, 2 ], "texture": "#dark_iron_block" },
        "south": { "uv": [ 4, 1.75, 4.5, 2 ], "texture": "#dark_iron_block" },
        "west":  { "uv": [ 6, 1.75, 10, 2 ], "texture": "#dark_iron_block" },
        "east":  { "uv": [ 6, 1.75, 10, 2 ], "texture": "#dark_iron_block" }
    }
},
{
    "from": [ -0.5, 21, -12.5 ],
    "to": [ 0, 22.5, -12 ],
    "faces": {
        "down":  { "uv": [ 12.25, 6.25, 12, 5.5 ], "texture": "#iron_block" },
        "up":    { "uv": [ 3.75, 5.5, 4, 6.25 ], "texture": "#iron_block" },
        "north": { "uv": [ 12, 5.5, 12.25, 6.25 ], "texture": "#iron_block" },
        "south": { "uv": [ 3.75, 5.5, 4, 6.25 ], "texture": "#iron_block" },
        "west":  { "uv": [ 5.5, 5.5, 6.25, 6.25 ], "texture": "#iron_block" },
        "east":  { "uv": [ 9.75, 5.5, 10.5, 6.25 ], "texture": "#iron_block" }
    }
},
{
    "from": [ -0.5, 22.5, -12 ],
    "to": [ 0, 23, -10.5 ],
    "faces": {
        "down":  { "uv": [ 12.25, 6.25, 12, 5.5 ], "texture": "#iron_block" },
        "up":    { "uv": [ 3.75, 5.5, 4, 6.25 ], "texture": "#iron_block" },
        "north": { "uv": [ 12, 5.5, 12.25, 6.25 ], "texture": "#iron_block" },
        "south": { "uv": [ 3.75, 5.5, 4, 6.25 ], "texture": "#iron_block" },
        "west":  { "uv": [ 5.5, 5.5, 6.25, 6.25 ], "texture": "#iron_block" },
        "east":  { "uv": [ 9.75, 5.5, 10.5, 6.25 ], "texture": "#iron_block" }
    }
},
{
    "from": [ -1, 21, -12 ],
    "to": [ 0, 22.5, -10.5 ],
    "faces": {
        "down":  { "uv": [ 12.25, 6.25, 12, 5.5 ], "texture": "#dark_iron_block" },
        "up":    { "uv": [ 3.75, 5.5, 4, 6.25 ], "texture": "#dark_iron_block" },
        "north": { "uv": [ 12, 5.5, 12.25, 6.25 ], "texture": "#dark_iron_block" },
        "south": { "uv": [ 3.75, 5.5, 4, 6.25 ], "texture": "#dark_iron_block" },
        "west":  { "uv": [ 5.5, 5.5, 6.25, 6.25 ], "texture": "#dark_iron_block" },
        "east":  { "uv": [ 9.75, 5.5, 10.5, 6.25 ], "texture": "#dark_iron_block" }
    }
},
{
    "from": [ -0.5, 21, -10.5 ],
    "to": [ 0, 22.5, -10 ],
    "faces": {
        "down":  { "uv": [ 12.25, 6.25, 12, 5.5 ], "texture": "#iron_block" },
        "up":    { "uv": [ 3.75, 5.5, 4, 6.25 ], "texture": "#iron_block" },
        "north": { "uv": [ 12, 5.5, 12.25, 6.25 ], "texture": "#iron_block" },
        "south": { "uv": [ 3.75, 5.5, 4, 6.25 ], "texture": "#iron_block" },
        "west":  { "uv": [ 5.5, 5.5, 6.25, 6.25 ], "texture": "#iron_block" },
        "east":  { "uv": [ 9.75, 5.5, 10.5, 6.25 ], "texture": "#iron_block" }
    }
},
{
    "from": [ -0.5, 20.5, -12 ],
    "to": [ 0, 21, -10.5 ],
    "faces": {
        "down":  { "uv": [ 12.25, 6.25, 12, 5.5 ], "texture": "#iron_block" },
        "up":    { "uv": [ 3.75, 5.5, 4, 6.25 ], "texture": "#iron_block" },
        "north": { "uv": [ 12, 5.5, 12.25, 6.25 ], "texture": "#iron_block" },
        "south": { "uv": [ 3.75, 5.5, 4, 6.25 ], "texture": "#iron_block" },
        "west":  { "uv": [ 5.5, 5.5, 6.25, 6.25 ], "texture": "#iron_block" },
        "east":  { "uv": [ 9.75, 5.5, 10.5, 6.25 ], "texture": "#iron_block" }
    }
},
{
    "from": [ -0.5, 14, 4.25 ],
    "to": [ 0, 18, 5.25 ],
    "faces": {
        "down":  { "uv": [ 0, 0, 2, 1 ], "rotation": 90, "texture": "#diamond_block" },
        "up":    { "uv": [ 0, 0, 1.75, 0.75 ], "rotation": 270, "texture": "#diamond_block" },
        "north": { "uv": [ 6.5, 2, 6.75, 2.25 ], "texture": "#diamond_block" },
        "south": { "uv": [ 4.75, 1.5, 5, 1.75 ], "texture": "#diamond_block" },
        "west":  { "uv": [ 4.75, 2, 5, 2.25 ], "texture": "#diamond_block" },
        "east":  { "uv": [ 3, 2.25, 3.25, 2.5 ], "texture": "#diamond_block" }
    }
},
{
    "from": [ -0.5, 14, 8.25 ],
    "to": [ 0, 18, 9.25 ],
    "faces": {
        "down":  { "uv": [ 0, 0, 2, 1 ], "rotation": 90, "texture": "#gold_block" },
        "up":    { "uv": [ 0, 0, 1.75, 0.75 ], "rotation": 270, "texture": "#gold_block" },
        "north": { "uv": [ 6.5, 2, 6.75, 2.25 ], "texture": "#gold_block" },
        "south": { "uv": [ 4.75, 1.5, 5, 1.75 ], "texture": "#gold_block" },
        "west":  { "uv": [ 4.75, 2, 5, 2.25 ], "texture": "#gold_block" },
        "east":  { "uv": [ 3, 2.25, 3.25, 2.5 ], "texture": "#gold_block" }
    }
},
{
    "from": [ -0.5, 17, 5.25 ],
    "to": [ 0, 18, 7.25 ],
    "faces": {
        "down":  { "uv": [ 0, 0, 2, 1 ], "rotation": 90, "texture": "#diamond_block" },
        "up":    { "uv": [ 0, 0, 1.75, 0.75 ], "rotation": 270, "texture": "#diamond_block" },
        "north": { "uv": [ 6.5, 2, 6.75, 2.25 ], "texture": "#diamond_block" },
        "south": { "uv": [ 4.75, 1.5, 5, 1.75 ], "texture": "#diamond_block" },
        "west":  { "uv": [ 4.75, 2, 5, 2.25 ], "texture": "#diamond_block" },
        "east":  { "uv": [ 3, 2.25, 3.25, 2.5 ], "texture": "#diamond_block" }
    }
},
{
    "from": [ -0.5, 15, 5.25 ],
    "to": [ 0, 16, 6.25 ],
    "faces": {
        "down":  { "uv": [ 0, 0, 2, 1 ], "rotation": 90, "texture": "#diamond_block" },
        "up":    { "uv": [ 0, 0, 1.75, 0.75 ], "rotation": 270, "texture": "#diamond_block" },
        "north": { "uv": [ 6.5, 2, 6.75, 2.25 ], "texture": "#diamond_block" },
        "south": { "uv": [ 4.75, 1.5, 5, 1.75 ], "texture": "#diamond_block" },
        "west":  { "uv": [ 4.75, 2, 5, 2.25 ], "texture": "#diamond_block" },
        "east":  { "uv": [ 3, 2.25, 3.25, 2.5 ], "texture": "#diamond_block" }
    }
},
{
    "from": [ -0.5, 17, 9.25 ],
    "to": [ 0, 18, 11.25 ],
    "faces": {
        "down":  { "uv": [ 0, 0, 2, 1 ], "rotation": 90, "texture": "#gold_block" },
        "up":    { "uv": [ 0, 0, 1.75, 0.75 ], "rotation": 270, "texture": "#gold_block" },
        "north": { "uv": [ 6.5, 2, 6.75, 2.25 ], "texture": "#gold_block" },
        "south": { "uv": [ 4.75, 1.5, 5, 1.75 ], "texture": "#gold_block" },
        "west":  { "uv": [ 4.75, 2, 5, 2.25 ], "texture": "#gold_block" },
        "east":  { "uv": [ 3, 2.25, 3.25, 2.5 ], "texture": "#gold_block" }
    }
},
{
    "from": [ -0.5, 15, 9.25 ],
    "to": [ 0, 16, 11.25 ],
    "faces": {
        "down":  { "uv": [ 0, 0, 2, 1 ], "rotation": 90, "texture": "#gold_block" },
        "up":    { "uv": [ 0, 0, 1.75, 0.75 ], "rotation": 270, "texture": "#gold_block" },
        "north": { "uv": [ 6.5, 2, 6.75, 2.25 ], "texture": "#gold_block" },
        "south": { "uv": [ 4.75, 1.5, 5, 1.75 ], "texture": "#gold_block" },
        "west":  { "uv": [ 4.75, 2, 5, 2.25 ], "texture": "#gold_block" },
        "east":  { "uv": [ 3, 2.25, 3.25, 2.5 ], "texture": "#gold_block" }
    }
},
{
    "from": [ -0.5, 16, 10.25 ],
    "to": [ 0, 17, 11.25 ],
    "faces": {
        "down":  { "uv": [ 0, 0, 2, 1 ], "rotation": 90, "texture": "#gold_block" },
        "up":    { "uv": [ 0, 0, 1.75, 0.75 ], "rotation": 270, "texture": "#gold_block" },
        "north": { "uv": [ 6.5, 2, 6.75, 2.25 ], "texture": "#gold_block" },
        "south": { "uv": [ 4.75, 1.5, 5, 1.75 ], "texture": "#gold_block" },
        "west":  { "uv": [ 4.75, 2, 5, 2.25 ], "texture": "#gold_block" },
        "east":  { "uv": [ 3, 2.25, 3.25, 2.5 ], "texture": "#gold_block" }
    }
},
{
    "from": [ 16, 14, 10 ],
    "to": [ 16.5, 18, 11 ],
    "faces": {
        "down":  { "uv": [ 0, 0, 2, 1 ], "rotation": 90, "texture": "#diamond_block" },
        "up":    { "uv": [ 0, 0, 1.75, 0.75 ], "rotation": 270, "texture": "#diamond_block" },
        "north": { "uv": [ 6.5, 2, 6.75, 2.25 ], "texture": "#diamond_block" },
        "south": { "uv": [ 4.75, 1.5, 5, 1.75 ], "texture": "#diamond_block" },
        "west":  { "uv": [ 4.75, 2, 5, 2.25 ], "texture": "#diamond_block" },
        "east":  { "uv": [ 3, 2.25, 3.25, 2.5 ], "texture": "#diamond_block" }
    }
},
{
    "from": [ 16, 14, 6 ],
    "to": [ 16.5, 18, 7 ],
    "faces": {
        "down":  { "uv": [ 0, 0, 2, 1 ], "rotation": 90, "texture": "#gold_block" },
        "up":    { "uv": [ 0, 0, 1.75, 0.75 ], "rotation": 270, "texture": "#gold_block" },
        "north": { "uv": [ 6.5, 2, 6.75, 2.25 ], "texture": "#gold_block" },
        "south": { "uv": [ 4.75, 1.5, 5, 1.75 ], "texture": "#gold_block" },
        "west":  { "uv": [ 4.75, 2, 5, 2.25 ], "texture": "#gold_block" },
        "east":  { "uv": [ 3, 2.25, 3.25, 2.5 ], "texture": "#gold_block" }
    }
},
{
    "from": [ 16, 17, 8 ],
    "to": [ 16.5, 18, 10 ],
    "faces": {
        "down":  { "uv": [ 0, 0, 2, 1 ], "rotation": 90, "texture": "#diamond_block" },
        "up":    { "uv": [ 0, 0, 1.75, 0.75 ], "rotation": 270, "texture": "#diamond_block" },
        "north": { "uv": [ 6.5, 2, 6.75, 2.25 ], "texture": "#diamond_block" },
        "south": { "uv": [ 4.75, 1.5, 5, 1.75 ], "texture": "#diamond_block" },
        "west":  { "uv": [ 4.75, 2, 5, 2.25 ], "texture": "#diamond_block" },
        "east":  { "uv": [ 3, 2.25, 3.25, 2.5 ], "texture": "#diamond_block" }
    }
},
{
    "from": [ 16, 15, 9 ],
    "to": [ 16.5, 16, 10 ],
    "faces": {
        "down":  { "uv": [ 0, 0, 2, 1 ], "rotation": 90, "texture": "#diamond_block" },
        "up":    { "uv": [ 0, 0, 1.75, 0.75 ], "rotation": 270, "texture": "#diamond_block" },
        "north": { "uv": [ 6.5, 2, 6.75, 2.25 ], "texture": "#diamond_block" },
        "south": { "uv": [ 4.75, 1.5, 5, 1.75 ], "texture": "#diamond_block" },
        "west":  { "uv": [ 4.75, 2, 5, 2.25 ], "texture": "#diamond_block" },
        "east":  { "uv": [ 3, 2.25, 3.25, 2.5 ], "texture": "#diamond_block" }
    }
},
{
    "from": [ 16, 17, 4 ],
    "to": [ 16.5, 18, 6 ],
    "faces": {
        "down":  { "uv": [ 0, 0, 2, 1 ], "rotation": 90, "texture": "#gold_block" },
        "up":    { "uv": [ 0, 0, 1.75, 0.75 ], "rotation": 270, "texture": "#gold_block" },
        "north": { "uv": [ 6.5, 2, 6.75, 2.25 ], "texture": "#gold_block" },
        "south": { "uv": [ 4.75, 1.5, 5, 1.75 ], "texture": "#gold_block" },
        "west":  { "uv": [ 4.75, 2, 5, 2.25 ], "texture": "#gold_block" },
        "east":  { "uv": [ 3, 2.25, 3.25, 2.5 ], "texture": "#gold_block" }
    }
},
{
    "from": [ 16, 15, 4 ],
    "to": [ 16.5, 16, 6 ],
    "faces": {
        "down":  { "uv": [ 0, 0, 2, 1 ], "rotation": 90, "texture": "#gold_block" },
        "up":    { "uv": [ 0, 0, 1.75, 0.75 ], "rotation": 270, "texture": "#gold_block" },
        "north": { "uv": [ 6.5, 2, 6.75, 2.25 ], "texture": "#gold_block" },
        "south": { "uv": [ 4.75, 1.5, 5, 1.75 ], "texture": "#gold_block" },
        "west":  { "uv": [ 4.75, 2, 5, 2.25 ], "texture": "#gold_block" },
        "east":  { "uv": [ 3, 2.25, 3.25, 2.5 ], "texture": "#gold_block" }
    }
},
{
    "from": [ 16, 16, 4 ],
    "to": [ 16.5, 17, 5 ],
    "faces": {
        "down":  { "uv": [ 0, 0, 2, 1 ], "rotation": 90, "texture": "#gold_block" },
        "up":    { "uv": [ 0, 0, 1.75, 0.75 ], "rotation": 270, "texture": "#gold_block" },
        "north": { "uv": [ 6.5, 2, 6.75, 2.25 ], "texture": "#gold_block" },
        "south": { "uv": [ 4.75, 1.5, 5, 1.75 ], "texture": "#gold_block" },
        "west":  { "uv": [ 4.75, 2, 5, 2.25 ], "texture": "#gold_block" },
        "east":  { "uv": [ 3, 2.25, 3.25, 2.5 ], "texture": "#gold_block" }
    }
},
{
    "from": [ 15.75, 13.25, 3.5 ],
    "to": [ 16.25, 18.75, 11.5 ],
    "faces": {
        "down":  { "uv": [ 0, 0, 2, 1 ], "rotation": 90, "texture": "#marble_light_blue" },
        "up":    { "uv": [ 0, 0, 1.75, 0.75 ], "rotation": 270, "texture": "#marble_light_blue" },
        "north": { "uv": [ 6.5, 2, 6.75, 2.25 ], "texture": "#marble_light_blue" },
        "south": { "uv": [ 4.75, 1.5, 5, 1.75 ], "texture": "#marble_light_blue" },
        "west":  { "uv": [ 4.75, 2, 5, 2.25 ], "texture": "#marble_light_blue" },
        "east":  { "uv": [ 3, 2.25, 3.25, 2.5 ], "texture": "#marble_light_blue" }
    }
},
{
    "from": [ -0.25, 13.5, 3.75 ],
    "to": [ 0.25, 18.5, 11.75 ],
    "faces": {
        "down":  { "uv": [ 0, 0, 2, 1 ], "rotation": 90, "texture": "#marble_light_blue" },
        "up":    { "uv": [ 0, 0, 1.75, 0.75 ], "rotation": 270, "texture": "#marble_light_blue" },
        "north": { "uv": [ 5.75, 1.5, 6, 1.75 ], "texture": "#marble_light_blue" },
        "south": { "uv": [ 5.75, 1.5, 6, 1.75 ], "texture": "#marble_light_blue" },
        "west":  { "uv": [ 5.5, 1.25, 5.75, 1.5 ], "texture": "#marble_light_blue" },
        "east":  { "uv": [ 3, 2.25, 3.25, 2.5 ], "texture": "#marble_light_blue" }
    }
},
{
    "from": [ 0.5, 1, -13.5 ],
    "to": [ 1, 1.5, 0 ],
    "faces": {
        "down":  { "uv": [ 11.75, 11.25, 11.5, 4.75 ], "texture": "#dark_iron_block" },
        "up":    { "uv": [ 4.25, 4.75, 4.5, 11.25 ], "texture": "#dark_iron_block" },
        "north": { "uv": [ 11.5, 0.5, 11.75, 0.75 ], "texture": "#dark_iron_block" },
        "south": { "uv": [ 4.25, 0.5, 4.5, 0.75 ], "texture": "#dark_iron_block" },
        "west":  { "uv": [ 4.75, 0.5, 11.25, 0.75 ], "texture": "#dark_iron_block" },
        "east":  { "uv": [ 4.75, 0.5, 11.25, 0.75 ], "texture": "#dark_iron_block" }
    }
},
{
    "from": [ 0.5, 26, 2.75 ],
    "to": [ 15.25, 27, 3.75 ],
    "faces": {
        "down":  { "uv": [ 0.75, 12.25, 15.5, 13.25 ], "rotation": 180, "texture": "#dark_iron_block" },
        "up":    { "uv": [ 0.75, 12.25, 15.5, 13.25 ], "rotation": 180, "texture": "#dark_iron_block" },
        "north": { "uv": [ 0.75, 0, 15.5, 1 ], "texture": "#dark_iron_block" },
        "south": { "uv": [ 0.75, 0, 15.5, 1 ], "texture": "#dark_iron_block" },
        "west":  { "uv": [ 12.25, 0, 13.25, 1 ], "texture": "#dark_iron_block" },
        "east":  { "uv": [ 12.25, 0, 13.25, 1 ], "texture": "#dark_iron_block" }
    }
}
],
"display": {
    "thirdperson_righthand": {
        "rotation": [ 0, 90, -35 ],
        "translation": [ 0, 1.25, -3.5 ],
        "scale": [ 0.6, 0.6, 0.6 ]
    },
    "thirdperson_lefthand": {
        "rotation": [ 0, 90, -35 ],
        "translation": [ 0, 1.25, -3.5 ],
        "scale": [ 0.6, 0.6, 0.6]
    },
    "head": {
        "rotation": [ 0, 0, 0 ],
        "translation": [ 0, -30.5, 0 ],
        "scale": [ 1.6, 1.6, 1.6 ]
    },
    "ground": {
        "rotation": [ 0, 0, 0 ],
        "translation": [ 0, 0, 0 ],
        "scale": [ 1.6, 1.6, 1.6 ]
    },
    "fixed": {
        "rotation": [ -90, -180, 0 ],
        "translation": [ 0, 0, 6.61 ],
        "scale": [ 0.8, 0.8, 0.8 ]
    },
    "firstperson_righthand": {
        "rotation": [ 0, 0, 0 ],
        "translation": [ 0, 0, 0 ],
        "scale": [ 0.6, 0.6, 0.6 ]
    },
    "firstperson_lefthand": {
        "rotation": [ 0, 0, 0 ],
        "translation": [ 0, 0, 0 ],
        "scale": [ 0.6, 0.6, 0.6]
    },
    "gui": {
        "rotation": [ 41, 17, 10 ],
        "translation": [ 0.76, -3.21, 0 ],
        "scale": [ 0.6, 0.6, 0.6 ]
    }
}
}