{
"__comment": "Designed by Oberdiah",
"textures": {
    "texture": "blocks/dark_iron_block",
    "stove_top": "blocks/furniture/stove_top",
    "glass": "blocks/glass_silver"
},
"elements": [ 
{
    "from": [ 0, 0, 0 ],
    "to": [ 1, 16, 16 ],
    "faces": {
        "down":  { "uv": [ 16, 16, 15, 0 ], "texture": "#texture" },
        "up":    { "uv": [ 0, 0, 1, 16 ], "texture": "#texture" },
        "north": { "uv": [ 15, 0, 16, 16 ], "texture": "#texture" },
        "south": { "uv": [ 0, 0, 1, 16 ], "texture": "#texture" },
        "west":  { "uv": [ 0, 0, 16, 16 ], "texture": "#texture" },
        "east":  { "uv": [ 0, 0, 16, 16 ], "texture": "#texture" }
    }
},
{
    "from": [ 15, 0, 0 ],
    "to": [ 16, 16, 16 ],
    "faces": {
        "down":  { "uv": [ 1, 16, 0, 0 ], "texture": "#texture" },
        "up":    { "uv": [ 15, 0, 16, 16 ], "texture": "#texture" },
        "north": { "uv": [ 0, 0, 1, 16 ], "texture": "#texture" },
        "south": { "uv": [ 15, 0, 16, 16 ], "texture": "#texture" },
        "west":  { "uv": [ 0, 0, 16, 16 ], "texture": "#texture" },
        "east":  { "uv": [ 0, 0, 16, 16 ], "texture": "#texture" }
    }
},
{
    "from": [ 1, 11, 15 ],
    "to": [ 15, 16, 16 ],
    "faces": {
        "down":  { "uv": [ 15, 16, 1, 15 ], "texture": "#texture" },
        "up":    { "uv": [ 1, 15, 15, 16 ], "texture": "#texture" },
        "north": { "uv": [ 1, 0, 15, 5 ], "texture": "#texture" },
        "south": { "uv": [ 1, 0, 15, 5 ], "texture": "#texture" },
        "west":  { "uv": [ 15, 0, 16, 5 ], "texture": "#texture" },
        "east":  { "uv": [ 0, 0, 1, 5 ], "texture": "#texture" }
    }
},
{
    "from": [ 1, 0, 15 ],
    "to": [ 15, 3, 16 ],
    "faces": {
        "down":  { "uv": [ 15, 16, 1, 15 ], "texture": "#texture" },
        "up":    { "uv": [ 1, 15, 15, 16 ], "texture": "#texture" },
        "north": { "uv": [ 1, 13, 15, 16 ], "texture": "#texture" },
        "south": { "uv": [ 1, 13, 15, 16 ], "texture": "#texture" },
        "west":  { "uv": [ 15, 13, 16, 16 ], "texture": "#texture" },
        "east":  { "uv": [ 0, 13, 1, 16 ], "texture": "#texture" }
    }
},
{
    "from": [ 1, 0, 0 ],
    "to": [ 15, 16, 1 ],
    "faces": {
        "down":  { "uv": [ 15, 1, 1, 0 ], "texture": "#texture" },
        "up":    { "uv": [ 1, 0, 15, 1 ], "texture": "#texture" },
        "north": { "uv": [ 1, 0, 15, 16 ], "texture": "#texture" },
        "south": { "uv": [ 1, 0, 15, 16 ], "texture": "#texture" },
        "west":  { "uv": [ 0, 0, 1, 16 ], "texture": "#texture" },
        "east":  { "uv": [ 15, 0, 16, 16 ], "texture": "#texture" }
    }
},
{
    "from": [ 0, 0, 0 ],
    "to": [ 16, 1, 16 ],
    "faces": {
        "down":  { "uv": [ 16, 16, 0, 1.77636e-015 ], "texture": "#texture" },
        "up":    { "uv": [ 0, 1.7763600157738027e-015, 16, 16 ], "texture": "#texture" },
        "north": { "uv": [ 0, 15, 16, 16 ], "texture": "#texture" },
        "south": { "uv": [ 0, 15, 16, 16 ], "texture": "#texture" },
        "west":  { "uv": [ 1.7763600157738027e-015, 15, 16, 16 ], "texture": "#texture" },
        "east":  { "uv": [ 0, 15, 16, 16 ], "texture": "#texture" }
    }
},
{
    "from": [ 0, 15, 0 ],
    "to": [ 16, 16, 16 ],
    "faces": {
        "down":  { "uv": [ 16, 16, 0, 1.77636e-015 ], "texture": "#texture" },
        "up":    { "uv": [ 0, 1.7763600157738027e-015, 16, 16 ], "texture": "#texture" },
        "north": { "uv": [ 0, 0, 16, 1 ], "texture": "#texture" },
        "south": { "uv": [ 0, 0, 16, 1 ], "texture": "#texture" },
        "west":  { "uv": [ 1.7763600157738027e-015, 0, 16, 1 ], "texture": "#texture" },
        "east":  { "uv": [ 0, 0, 16, 1 ], "texture": "#texture" }
    }
},
{
    "from": [ 1, 5, 15 ],
    "to": [ 2.5, 11, 16 ],
    "faces": {
        "down":  { "uv": [ 15, 16, 13.5, 15 ], "texture": "#texture" },
        "up":    { "uv": [ 1, 15, 2.5, 16 ], "texture": "#texture" },
        "north": { "uv": [ 13.5, 5, 15, 11 ], "texture": "#texture" },
        "south": { "uv": [ 1, 5, 2.5, 11 ], "texture": "#texture" },
        "west":  { "uv": [ 15, 5, 16, 11 ], "texture": "#texture" },
        "east":  { "uv": [ 1.1102199806005023e-016, 5, 1, 11 ], "texture": "#texture" }
    }
},
{
    "from": [ 13.5, 5, 15 ],
    "to": [ 15, 11, 16 ],
    "faces": {
        "down":  { "uv": [ 2.5, 16, 1, 15 ], "texture": "#texture" },
        "up":    { "uv": [ 13.5, 15, 15, 16 ], "texture": "#texture" },
        "north": { "uv": [ 1, 5, 2.5, 11 ], "texture": "#texture" },
        "south": { "uv": [ 13.5, 5, 15, 11 ], "texture": "#texture" },
        "west":  { "uv": [ 15, 5, 16, 11 ], "texture": "#texture" },
        "east":  { "uv": [ 1.1102199806005023e-016, 5, 1, 11 ], "texture": "#texture" }
    }
},
{
    "from": [ 2, 12, 16 ],
    "to": [ 3, 13, 16.5 ],
    "faces": {
        "down":  { "uv": [ 14, 16, 13, 16 ], "texture": "#texture" },
        "up":    { "uv": [ 2, 16, 3, 16 ], "texture": "#texture" },
        "north": { "uv": [ 13, 3, 14, 4 ], "texture": "#texture" },
        "south": { "uv": [ 2, 3, 3, 4 ], "texture": "#texture" },
        "west":  { "uv": [ 16, 3, 16, 4 ], "texture": "#texture" },
        "east":  { "uv": [ 0, 3, 0, 4 ], "texture": "#texture" }
    }
},
{
    "from": [ 12.5, 12, 16 ],
    "to": [ 13.5, 13, 16.5 ],
    "faces": {
        "down":  { "uv": [ 3.5, 16, 2.5, 16 ], "texture": "#texture" },
        "up":    { "uv": [ 12.5, 16, 13.5, 16 ], "texture": "#texture" },
        "north": { "uv": [ 2.5, 3, 3.5, 4 ], "texture": "#texture" },
        "south": { "uv": [ 12.5, 3, 13.5, 4 ], "texture": "#texture" },
        "west":  { "uv": [ 16, 3, 16, 4 ], "texture": "#texture" },
        "east":  { "uv": [ 0, 3, 0, 4 ], "texture": "#texture" }
    }
},
{
    "from": [ 1.5, 12, 16.5 ],
    "to": [ 14.5, 13, 17.5 ],
    "faces": {
        "down":  { "uv": [ 14.5, 16, 1.5, 16 ], "texture": "#stove_top" },
        "up":    { "uv": [ 1.5, 16, 14.5, 16 ], "texture": "#stove_top" },
        "north": { "uv": [ 1.5, 3, 14.5, 4 ], "texture": "#stove_top" },
        "south": { "uv": [ 1.5, 3, 14.5, 4 ], "texture": "#stove_top" },
        "west":  { "uv": [ 16, 3, 16, 4 ], "texture": "#stove_top" },
        "east":  { "uv": [ 0, 3, 0, 4 ], "texture": "#stove_top" }
    }
},
{
    "from": [ 3.5, 14, 16 ],
    "to": [ 4.5, 15, 16.5 ],
    "faces": {
        "down":  { "uv": [ 12.5, 16, 11.5, 16 ], "texture": "#stove_top" },
        "up":    { "uv": [ 3.5, 16, 4.5, 16 ], "texture": "#stove_top" },
        "north": { "uv": [ 11.5, 1, 12.5, 2 ], "texture": "#stove_top" },
        "south": { "uv": [ 3.5, 1, 4.5, 2 ], "texture": "#stove_top" },
        "west":  { "uv": [ 16, 1, 16, 2 ], "texture": "#stove_top" },
        "east":  { "uv": [ 0, 1, 0, 2 ], "texture": "#stove_top" }
    }
},
{
    "from": [ 5.5, 14, 16 ],
    "to": [ 6.5, 15, 16.5 ],
    "faces": {
        "down":  { "uv": [ 10.5, 16, 9.5, 16 ], "texture": "#stove_top" },
        "up":    { "uv": [ 5.5, 16, 6.5, 16 ], "texture": "#stove_top" },
        "north": { "uv": [ 9.5, 1, 10.5, 2 ], "texture": "#stove_top" },
        "south": { "uv": [ 5.5, 1, 6.5, 2 ], "texture": "#stove_top" },
        "west":  { "uv": [ 16, 1, 16, 2 ], "texture": "#stove_top" },
        "east":  { "uv": [ 0, 1, 0, 2 ], "texture": "#stove_top" }
    }
},
{
    "from": [ 7.5, 14, 16 ],
    "to": [ 8.5, 15, 16.5 ],
    "faces": {
        "down":  { "uv": [ 8.5, 16, 7.5, 16 ], "texture": "#stove_top" },
        "up":    { "uv": [ 7.5, 16, 8.5, 16 ], "texture": "#stove_top" },
        "north": { "uv": [ 7.5, 1, 8.5, 2 ], "texture": "#stove_top" },
        "south": { "uv": [ 7.5, 1, 8.5, 2 ], "texture": "#stove_top" },
        "west":  { "uv": [ 16, 1, 16, 2 ], "texture": "#stove_top" },
        "east":  { "uv": [ 0, 1, 0, 2 ], "texture": "#stove_top" }
    }
},
{
    "from": [ 9.5, 14, 16 ],
    "to": [ 10.5, 15, 16.5 ],
    "faces": {
        "down":  { "uv": [ 6.5, 16, 5.5, 16 ], "texture": "#stove_top" },
        "up":    { "uv": [ 9.5, 16, 10.5, 16 ], "texture": "#stove_top" },
        "north": { "uv": [ 5.5, 1, 6.5, 2 ], "texture": "#stove_top" },
        "south": { "uv": [ 9.5, 1, 10.5, 2 ], "texture": "#stove_top" },
        "west":  { "uv": [ 16, 1, 16, 2 ], "texture": "#stove_top" },
        "east":  { "uv": [ 0, 1, 0, 2 ], "texture": "#stove_top" }
    }
},
{
    "from": [ 11.5, 14, 16 ],
    "to": [ 12.5, 15, 16.5 ],
    "faces": {
        "down":  { "uv": [ 4.5, 16, 3.5, 16 ], "texture": "#stove_top" },
        "up":    { "uv": [ 11.5, 16, 12.5, 16 ], "texture": "#stove_top" },
        "north": { "uv": [ 3.5, 1, 4.5, 2 ], "texture": "#stove_top" },
        "south": { "uv": [ 11.5, 1, 12.5, 2 ], "texture": "#stove_top" },
        "west":  { "uv": [ 16, 1, 16, 2 ], "texture": "#stove_top" },
        "east":  { "uv": [ 0, 1, 0, 2 ], "texture": "#stove_top" }
    }
},
{
    "from": [ 1.5, 1.5, 16.5 ],
    "to": [ 14.5, 2.5, 17.5 ],
    "faces": {
        "down":  { "uv": [ 14.5, 16, 1.5, 16 ], "texture": "#stove_top" },
        "up":    { "uv": [ 1.5, 16, 14.5, 16 ], "texture": "#stove_top" },
        "north": { "uv": [ 1.5, 13.5, 14.5, 14.5 ], "texture": "#stove_top" },
        "south": { "uv": [ 1.5, 13.5, 14.5, 14.5 ], "texture": "#stove_top" },
        "west":  { "uv": [ 16, 13.5, 16, 14.5 ], "texture": "#stove_top" },
        "east":  { "uv": [ 0, 13.5, 0, 14.5 ], "texture": "#stove_top" }
    }
},
{
    "from": [ 2.5, 1.5, 16 ],
    "to": [ 3.5, 2.5, 16.5 ],
    "faces": {
        "down":  { "uv": [ 13.5, 16, 12.5, 16 ], "texture": "#texture" },
        "up":    { "uv": [ 2.5, 16, 3.5, 16 ], "texture": "#texture" },
        "north": { "uv": [ 12.5, 13.5, 13.5, 14.5 ], "texture": "#texture" },
        "south": { "uv": [ 2.5, 13.5, 3.5, 14.5 ], "texture": "#texture" },
        "west":  { "uv": [ 16, 13.5, 16, 14.5 ], "texture": "#texture" },
        "east":  { "uv": [ 0, 13.5, 0, 14.5 ], "texture": "#texture" }
    }
},
{
    "from": [ 12.5, 1.5, 16 ],
    "to": [ 13.5, 2.5, 16.5 ],
    "faces": {
        "down":  { "uv": [ 3.5, 16, 2.5, 16 ], "texture": "#texture" },
        "up":    { "uv": [ 12.5, 16, 13.5, 16 ], "texture": "#texture" },
        "north": { "uv": [ 2.5, 13.5, 3.5, 14.5 ], "texture": "#texture" },
        "south": { "uv": [ 12.5, 13.5, 13.5, 14.5 ], "texture": "#texture" },
        "west":  { "uv": [ 16, 13.5, 16, 14.5 ], "texture": "#texture" },
        "east":  { "uv": [ 0, 13.5, 0, 14.5 ], "texture": "#texture" }
    }
},
{
    "from": [ 1, 3.1875, 15 ],
    "to": [ 15, 5, 16 ],
    "faces": {
        "down":  { "uv": [ 15, 16, 1, 15 ], "texture": "#texture" },
        "up":    { "uv": [ 1, 15, 15, 16 ], "texture": "#texture" },
        "north": { "uv": [ 1, 11, 15, 12.8125 ], "texture": "#texture" },
        "south": { "uv": [ 1, 11, 15, 12.8125 ], "texture": "#texture" },
        "west":  { "uv": [ 15, 11, 16, 12.8125 ], "texture": "#texture" },
        "east":  { "uv": [ 0, 11, 1, 12.8125 ], "texture": "#texture" }
    }
},
{
    "from": [ 0, 15.5, 0 ],
    "to": [ 16, 16.5, 16 ],
    "faces": {
        "down":  { "uv": [ 16, 16, 0, 1.77636e-015 ], "texture": "#texture" },
        "up":    { "uv": [ 0, 1.7763600157738027e-015, 16, 16 ], "texture": "#texture" },
        "north": { "uv": [ 0, 0, 16, 0.5 ], "texture": "#texture" },
        "south": { "uv": [ 0, 0, 16, 0.5 ], "texture": "#texture" },
        "west":  { "uv": [ 1.7763600157738027e-015, 0, 16, 0.5 ], "texture": "#texture" },
        "east":  { "uv": [ 0, 0, 16, 0.5 ], "texture": "#texture" }
    }
},
{
    "from": [ 9, 16.5, 11 ],
    "to": [ 14, 17, 13 ],
    "faces": {
        "down":  { "uv": [ 7, 13, 2, 11 ], "texture": "#stove_top" },
        "up":    { "uv": [ 9, 11, 14, 13 ], "texture": "#stove_top" },
        "north": { "uv": [ 2, 0, 7, 0 ], "texture": "#stove_top" },
        "south": { "uv": [ 9, 0, 14, 0 ], "texture": "#stove_top" },
        "west":  { "uv": [ 11, 0, 13, 0 ], "texture": "#stove_top" },
        "east":  { "uv": [ 3, 0, 5, 0 ], "texture": "#stove_top" }
    }
},
{
    "from": [ 2, 16.5, 11 ],
    "to": [ 7, 17, 13 ],
    "faces": {
        "down":  { "uv": [ 14, 13, 9, 11 ], "texture": "#stove_top" },
        "up":    { "uv": [ 2, 11, 7, 13 ], "texture": "#stove_top" },
        "north": { "uv": [ 9, 0, 14, 0 ], "texture": "#stove_top" },
        "south": { "uv": [ 2, 0, 7, 0 ], "texture": "#stove_top" },
        "west":  { "uv": [ 11, 0, 13, 0 ], "texture": "#stove_top" },
        "east":  { "uv": [ 3, 0, 5, 0 ], "texture": "#stove_top" }
    }
},
{
    "from": [ 2, 16.5, 4 ],
    "to": [ 7, 17, 6 ],
    "faces": {
        "down":  { "uv": [ 14, 6, 9, 4 ], "texture": "#stove_top" },
        "up":    { "uv": [ 2, 4, 7, 6 ], "texture": "#stove_top" },
        "north": { "uv": [ 9, 0, 14, 0 ], "texture": "#stove_top" },
        "south": { "uv": [ 2, 0, 7, 0 ], "texture": "#stove_top" },
        "west":  { "uv": [ 4, 0, 6, 0 ], "texture": "#stove_top" },
        "east":  { "uv": [ 10, 0, 12, 0 ], "texture": "#stove_top" }
    }
},
{
    "from": [ 9, 16.5, 4 ],
    "to": [ 14, 17, 6 ],
    "faces": {
        "down":  { "uv": [ 7, 6, 2, 4 ], "texture": "#stove_top" },
        "up":    { "uv": [ 9, 4, 14, 6 ], "texture": "#stove_top" },
        "north": { "uv": [ 2, 0, 7, 0 ], "texture": "#stove_top" },
        "south": { "uv": [ 9, 0, 14, 0 ], "texture": "#stove_top" },
        "west":  { "uv": [ 4, 0, 6, 0 ], "texture": "#stove_top" },
        "east":  { "uv": [ 10, 0, 12, 0 ], "texture": "#stove_top" }
    }
},
{
    "from": [ 9.5, 16.5, 3 ],
    "to": [ 13.5, 17, 7 ],
    "faces": {
        "down":  { "uv": [ 6.5, 7, 2.5, 3 ], "texture": "#stove_top" },
        "up":    { "uv": [ 9.5, 3, 13.5, 7 ], "texture": "#stove_top" },
        "north": { "uv": [ 2.5, 0, 6.5, 0 ], "texture": "#stove_top" },
        "south": { "uv": [ 9.5, 0, 13.5, 0 ], "texture": "#stove_top" },
        "west":  { "uv": [ 3, 0, 7, 0 ], "texture": "#stove_top" },
        "east":  { "uv": [ 9, 0, 13, 0 ], "texture": "#stove_top" }
    }
},
{
    "from": [ 2.5, 16.5, 3 ],
    "to": [ 6.5, 17, 7 ],
    "faces": {
        "down":  { "uv": [ 13.5, 7, 9.5, 3 ], "texture": "#stove_top" },
        "up":    { "uv": [ 2.5, 3, 6.5, 7 ], "texture": "#stove_top" },
        "north": { "uv": [ 9.5, 0, 13.5, 0 ], "texture": "#stove_top" },
        "south": { "uv": [ 2.5, 0, 6.5, 0 ], "texture": "#stove_top" },
        "west":  { "uv": [ 3, 0, 7, 0 ], "texture": "#stove_top" },
        "east":  { "uv": [ 9, 0, 13, 0 ], "texture": "#stove_top" }
    }
},
{
    "from": [ 2.5, 16.5, 10 ],
    "to": [ 6.5, 17, 14 ],
    "faces": {
        "down":  { "uv": [ 13.5, 14, 9.5, 10 ], "texture": "#stove_top" },
        "up":    { "uv": [ 2.5, 10, 6.5, 14 ], "texture": "#stove_top" },
        "north": { "uv": [ 9.5, 0, 13.5, 0 ], "texture": "#stove_top" },
        "south": { "uv": [ 2.5, 0, 6.5, 0 ], "texture": "#stove_top" },
        "west":  { "uv": [ 10, 0, 14, 0 ], "texture": "#stove_top" },
        "east":  { "uv": [ 2, 0, 6, 0 ], "texture": "#stove_top" }
    }
},
{
    "from": [ 9.5, 16.5, 10 ],
    "to": [ 13.5, 17, 14 ],
    "faces": {
        "down":  { "uv": [ 6.5, 14, 2.5, 10 ], "texture": "#stove_top" },
        "up":    { "uv": [ 9.5, 10, 13.5, 14 ], "texture": "#stove_top" },
        "north": { "uv": [ 2.5, 0, 6.5, 0 ], "texture": "#stove_top" },
        "south": { "uv": [ 9.5, 0, 13.5, 0 ], "texture": "#stove_top" },
        "west":  { "uv": [ 10, 0, 14, 0 ], "texture": "#stove_top" },
        "east":  { "uv": [ 2, 0, 6, 0 ], "texture": "#stove_top" }
    }
},
{
    "from": [ 3.5, 16.5, 2.5 ],
    "to": [ 5.5, 17, 7.5 ],
    "faces": {
        "down":  { "uv": [ 12.5, 7.5, 10.5, 2.5 ], "texture": "#stove_top" },
        "up":    { "uv": [ 3.5, 2.5, 5.5, 7.5 ], "texture": "#stove_top" },
        "north": { "uv": [ 10.5, 0, 12.5, 0 ], "texture": "#stove_top" },
        "south": { "uv": [ 3.5, 0, 5.5, 0 ], "texture": "#stove_top" },
        "west":  { "uv": [ 2.5, 0, 7.5, 0 ], "texture": "#stove_top" },
        "east":  { "uv": [ 8.5, 0, 13.5, 0 ], "texture": "#stove_top" }
    }
},
{
    "from": [ 10.5, 16.5, 2.5 ],
    "to": [ 12.5, 17, 7.5 ],
    "faces": {
        "down":  { "uv": [ 5.5, 7.5, 3.5, 2.5 ], "texture": "#stove_top" },
        "up":    { "uv": [ 10.5, 2.5, 12.5, 7.5 ], "texture": "#stove_top" },
        "north": { "uv": [ 3.5, 0, 5.5, 0 ], "texture": "#stove_top" },
        "south": { "uv": [ 10.5, 0, 12.5, 0 ], "texture": "#stove_top" },
        "west":  { "uv": [ 2.5, 0, 7.5, 0 ], "texture": "#stove_top" },
        "east":  { "uv": [ 8.5, 0, 13.5, 0 ], "texture": "#stove_top" }
    }
},
{
    "from": [ 10.5, 16.5, 9.5 ],
    "to": [ 12.5, 17, 14.5 ],
    "faces": {
        "down":  { "uv": [ 5.5, 14.5, 3.5, 9.5 ], "texture": "#stove_top" },
        "up":    { "uv": [ 10.5, 9.5, 12.5, 14.5 ], "texture": "#stove_top" },
        "north": { "uv": [ 3.5, 0, 5.5, 0 ], "texture": "#stove_top" },
        "south": { "uv": [ 10.5, 0, 12.5, 0 ], "texture": "#stove_top" },
        "west":  { "uv": [ 9.5, 0, 14.5, 0 ], "texture": "#stove_top" },
        "east":  { "uv": [ 1.5, 0, 6.5, 0 ], "texture": "#stove_top" }
    }
},
{
    "from": [ 3.5, 16.5, 9.5 ],
    "to": [ 5.5, 17, 14.5 ],
    "faces": {
        "down":  { "uv": [ 12.5, 14.5, 10.5, 9.5 ], "texture": "#stove_top" },
        "up":    { "uv": [ 3.5, 9.5, 5.5, 14.5 ], "texture": "#stove_top" },
        "north": { "uv": [ 10.5, 0, 12.5, 0 ], "texture": "#stove_top" },
        "south": { "uv": [ 3.5, 0, 5.5, 0 ], "texture": "#stove_top" },
        "west":  { "uv": [ 9.5, 0, 14.5, 0 ], "texture": "#stove_top" },
        "east":  { "uv": [ 1.5, 0, 6.5, 0 ], "texture": "#stove_top" }
    }
},
{
    "from": [ 2.5, 5, 15 ],
    "to": [ 13.5, 11, 16 ],
    "faces": {
        "down":  { "uv": [ 0, 12.5, 16, 15 ], "rotation": 180, "texture": "#glass" },
        "up":    { "uv": [ 0, 11, 16, 16 ], "rotation": 180, "texture": "#glass" },
        "north": { "uv": [ 0, 0, 16, 10 ], "texture": "#glass" },
        "south": { "uv": [ 0, 0, 16, 10 ], "texture": "#glass" },
        "west":  { "uv": [ 0, 10.5, 16, 16 ], "texture": "#glass" },
        "east":  { "uv": [ 0, 11, 16, 16 ], "texture": "#glass" }
    }
},
{
    "from": [ 0, 12.5, 0 ],
    "to": [ 16, 13.5, 16 ],
    "faces": {
        "down":  { "uv": [ 16, 16, 0, 1.77636e-015 ], "texture": "#texture" },
        "up":    { "uv": [ 0, 1.7763600157738027e-015, 16, 16 ], "texture": "#texture" },
        "north": { "uv": [ 0, 2.5, 16, 3.5 ], "texture": "#texture" },
        "south": { "uv": [ 0, 2.5, 16, 3.5 ], "texture": "#texture" },
        "west":  { "uv": [ 1.7763600157738027e-015, 2.5, 16, 3.5 ], "texture": "#texture" },
        "east":  { "uv": [ 0, 2.5, 16, 3.5 ], "texture": "#texture" }
    }
},
{
    "from": [ 0, 3, 0 ],
    "to": [ 16, 4, 16 ],
    "faces": {
        "down":  { "uv": [ 16, 16, 0, 1.77636e-015 ], "texture": "#texture" },
        "up":    { "uv": [ 0, 1.7763600157738027e-015, 16, 16 ], "texture": "#texture" },
        "north": { "uv": [ 0, 12, 16, 13 ], "texture": "#texture" },
        "south": { "uv": [ 0, 12, 16, 13 ], "texture": "#texture" },
        "west":  { "uv": [ 1.7763600157738027e-015, 12, 16, 13 ], "texture": "#texture" },
        "east":  { "uv": [ 0, 12, 16, 13 ], "texture": "#texture" }
    }
}
],
"display": {
    "thirdperson_righthand": {
        "rotation": [ 24, -43, -14 ],
        "translation": [ 0, 0, 0 ],
        "scale": [ 0.5, 0.5, 0.5 ]
    },
    "thirdperson_lefthand": {
        "rotation": [ 24, -43, -14 ],
        "translation": [ -3.21, 0, -2.08 ],
        "scale": [ 0.5, 0.5, 0.5 ]
    },
    "head": {
        "rotation": [ 0, 180, 0 ],
        "translation": [ 0, -30.5, 0 ],
        "scale": [ 1.6, 1.6, 1.6 ]
    },
    "ground": {
        "rotation": [ 0, 0, 0 ],
        "translation": [ 0, 2, 0 ],
        "scale": [ 0.5, 0.5, 0.5 ]
    },
    "fixed": {
        "rotation": [ 0, 180, 0 ],
        "translation": [ 0, 0, -3.4 ],
        "scale": [ 0.5, 0.5, 0.5 ]
    },
    "firstperson_righthand": {
        "rotation": [ 0, -64, 0 ],
        "translation": [ 0, 0, 0 ],
        "scale": [ 0.5, 0.5, 0.5 ]
    },
    "firstperson_lefthand": {
        "rotation": [ 0, -64, 0 ],
        "translation": [ -1.7, 0, -1.89 ],
        "scale": [ 0.5, 0.5, 0.5 ]
    },
    "gui": {
        "rotation": [ 35, 35, 0 ],
        "translation": [ 0, 0, 0 ],
        "scale": [ 0.62, 0.62, 0.62 ]
    }
}
}