{
"__comment": "Designed by Jugbot",
"textures": {
    "texture": "blocks/quartz_block_top"
},
"elements": [ 
{
    "__comment": "Posts",
    "from": [ 0.5, 8, 0 ],
    "to": [ 3.5, 24, 1 ],
    "faces": {
        "down":  { "uv": [ 16, 1, 13, 0 ], "texture": "#texture" },
        "north": { "uv": [ 0, 0, 16, 3 ], "rotation": 90, "texture": "#texture" },
        "south": { "uv": [ 0, 0, 16, 3 ], "rotation": 90, "texture": "#texture" },
        "west":  { "uv": [ 0, 0, 16, 1 ], "rotation": 90, "texture": "#texture" },
        "east":  { "uv": [ 0, 2, 16, 3 ], "rotation": 90, "texture": "#texture" }
    }
},
{
    "__comment": "Posts",
    "from": [ 12.5, 8, 0 ],
    "to": [ 15.5, 24, 1 ],
    "faces": {
        "down":  { "uv": [ 16, 1, 13, 0 ], "texture": "#texture" },
        "north": { "uv": [ 0, 12, 16, 15 ], "rotation": 90, "texture": "#texture" },
        "south": { "uv": [ 0, 12, 16, 15 ], "rotation": 90, "texture": "#texture" },
        "west":  { "uv": [ 0, 0, 16, 1 ], "rotation": 90, "texture": "#texture" },
        "east":  { "uv": [ 0, 2, 16, 3 ], "rotation": 90, "texture": "#texture" }
    }
},
{
    "__comment": "Posts",
    "from": [ 8.5, 8, 0 ],
    "to": [ 11.5, 24, 1 ],
    "faces": {
        "down":  { "uv": [ 16, 1, 13, 0 ], "texture": "#texture" },
        "north": { "uv": [ 0, 8, 16, 11 ], "rotation": 90, "texture": "#texture" },
        "south": { "uv": [ 0, 8, 16, 11 ], "rotation": 90, "texture": "#texture" },
        "west":  { "uv": [ 0, 0, 16, 1 ], "rotation": 90, "texture": "#texture" },
        "east":  { "uv": [ 0, 2, 16, 3 ], "rotation": 90, "texture": "#texture" }
    }
},
{
    "__comment": "Posts",
    "from": [ 4.5, 8, 0 ],
    "to": [ 7.5, 24, 1 ],
    "faces": {
        "down":  { "uv": [ 16, 1, 13, 0 ], "texture": "#texture" },
        "north": { "uv": [ 0, 4, 16, 7 ], "rotation": 90, "texture": "#texture" },
        "south": { "uv": [ 0, 4, 16, 7 ], "rotation": 90, "texture": "#texture" },
        "west":  { "uv": [ 0, 0, 16, 1 ], "rotation": 90, "texture": "#texture" },
        "east":  { "uv": [ 0, 2, 16, 3 ], "rotation": 90, "texture": "#texture" }
    }
},
{
    "from": [ 2, 23.3787, 0.025 ],
    "to": [ 4.12132, 25.5, 0.975 ],
    "rotation": { "origin": [ 2, 25.5, 0.025 ], "axis": "z", "angle": -45 },
    "faces": {
        "down":  { "uv": [ 0, 0, 3, 1 ], "texture": "#texture" },
        "up":    { "uv": [ 0, 0, 3, 1 ], "texture": "#texture" },
        "north": { "uv": [ 0, 0, 3, 3 ], "texture": "#texture" },
        "south": { "uv": [ 0, 0, 3, 3 ], "texture": "#texture" },
        "west":  { "uv": [ 0, 0, 1, 3 ], "texture": "#texture" },
        "east":  { "uv": [ 0, 0, 1, 3 ], "texture": "#texture" }
    }
},
{
    "from": [ 6, 23.3787, 0.025 ],
    "to": [ 8.12132, 25.5, 0.975 ],
    "rotation": { "origin": [ 6, 25.5, 0.025 ], "axis": "z", "angle": -45 },
    "faces": {
        "down":  { "uv": [ 0, 0, 3, 1 ], "texture": "#texture" },
        "up":    { "uv": [ 0, 0, 3, 1 ], "texture": "#texture" },
        "north": { "uv": [ 4, 4, 7, 7 ], "texture": "#texture" },
        "south": { "uv": [ 1, 8, 4, 11 ], "texture": "#texture" },
        "west":  { "uv": [ 0, 0, 1, 3 ], "texture": "#texture" },
        "east":  { "uv": [ 0, 0, 1, 3 ], "texture": "#texture" }
    }
},
{
    "from": [ 10, 23.3787, 0.025 ],
    "to": [ 12.1213, 25.5, 0.975 ],
    "rotation": { "origin": [ 10, 25.5, 0.025 ], "axis": "z", "angle": -45 },
    "faces": {
        "down":  { "uv": [ 0, 0, 3, 1 ], "texture": "#texture" },
        "up":    { "uv": [ 0, 0, 3, 1 ], "texture": "#texture" },
        "north": { "uv": [ 7, 4, 10, 7 ], "texture": "#texture" },
        "south": { "uv": [ 13, 4, 16, 7 ], "texture": "#texture" },
        "west":  { "uv": [ 0, 0, 1, 3 ], "texture": "#texture" },
        "east":  { "uv": [ 0, 0, 1, 3 ], "texture": "#texture" }
    }
},
{
    "from": [ 14, 23.3787, 0.025 ],
    "to": [ 16.1213, 25.5, 0.975 ],
    "rotation": { "origin": [ 14, 25.5, 0.025 ], "axis": "z", "angle": -45 },
    "faces": {
        "down":  { "uv": [ 0, 0, 3, 1 ], "texture": "#texture" },
        "up":    { "uv": [ 0, 0, 3, 1 ], "texture": "#texture" },
        "north": { "uv": [ 5, 4, 8, 7 ], "texture": "#texture" },
        "south": { "uv": [ 3, 12, 6, 15 ], "texture": "#texture" },
        "west":  { "uv": [ 0, 0, 1, 3 ], "texture": "#texture" },
        "east":  { "uv": [ 0, 0, 1, 3 ], "texture": "#texture" }
    }
},
{
    "__comment": "Posts*",
    "from": [ 0.5, 0, 0 ],
    "to": [ 3.5, 8, 1 ],
    "faces": {
        "down":  { "uv": [ 15.5, 1, 12.5, 0 ], "texture": "#texture" },
        "north": { "uv": [ 12.5, 8, 15.5, 16 ], "texture": "#texture" },
        "south": { "uv": [ 0.5, 8, 3.5, 16 ], "texture": "#texture" },
        "west":  { "uv": [ 0, 8, 1, 16 ], "texture": "#texture" },
        "east":  { "uv": [ 15, 8, 16, 16 ], "texture": "#texture" }
    }
},
{
    "__comment": "Posts*",
    "from": [ 12.5, 0, 0 ],
    "to": [ 15.5, 8, 1 ],
    "faces": {
        "down":  { "uv": [ 3.5, 1, 0.5, 0 ], "texture": "#texture" },
        "north": { "uv": [ 0.5, 8, 3.5, 16 ], "texture": "#texture" },
        "south": { "uv": [ 12.5, 8, 15.5, 16 ], "texture": "#texture" },
        "west":  { "uv": [ 0, 8, 1, 16 ], "texture": "#texture" },
        "east":  { "uv": [ 15, 8, 16, 16 ], "texture": "#texture" }
    }
},
{
    "__comment": "Posts*",
    "from": [ 8.5, 0, 0 ],
    "to": [ 11.5, 8, 1 ],
    "faces": {
        "down":  { "uv": [ 7.5, 1, 4.5, 0 ], "texture": "#texture" },
        "north": { "uv": [ 4.5, 8, 7.5, 16 ], "texture": "#texture" },
        "south": { "uv": [ 8.5, 8, 11.5, 16 ], "texture": "#texture" },
        "west":  { "uv": [ 0, 8, 1, 16 ], "texture": "#texture" },
        "east":  { "uv": [ 15, 8, 16, 16 ], "texture": "#texture" }
    }
},
{
    "__comment": "Posts*",
    "from": [ 4.5, 0, 0 ],
    "to": [ 7.5, 8, 1 ],
    "faces": {
        "down":  { "uv": [ 11.5, 1, 8.5, 0 ], "texture": "#texture" },
        "north": { "uv": [ 8.5, 8, 11.5, 16 ], "texture": "#texture" },
        "south": { "uv": [ 4.5, 8, 7.5, 16 ], "texture": "#texture" },
        "west":  { "uv": [ 0, 8, 1, 16 ], "texture": "#texture" },
        "east":  { "uv": [ 15, 8, 16, 16 ], "texture": "#texture" }
    }
},
{
    "__comment": "Lateral",
    "from": [ 0, 17, 1 ],
    "to": [ 16, 20, 2 ],
    "faces": {
        "down":  { "uv": [ 16, 2, 0, 1 ], "texture": "#texture" },
        "up":    { "uv": [ 0, 1, 16, 2 ], "texture": "#texture" },
        "north": { "uv": [ 0, 9, 16, 12 ], "texture": "#texture" },
        "south": { "uv": [ 0, 9, 16, 12 ], "texture": "#texture" },
        "west":  { "uv": [ 1, 9, 2, 12 ], "texture": "#texture" },
        "east":  { "uv": [ 14, 9, 15, 12 ], "texture": "#texture" }
    }
},
{
    "__comment": "Posts*",
    "from": [ 0.5, 8, 0 ],
    "to": [ 3.5, 24, 1 ],
    "faces": {
        "down":  { "uv": [ 16, 1, 13, 0 ], "texture": "#texture" },
        "north": { "uv": [ 0, 0, 16, 3 ], "rotation": 90, "texture": "#texture" },
        "south": { "uv": [ 0, 0, 16, 3 ], "rotation": 90, "texture": "#texture" },
        "west":  { "uv": [ 0, 0, 16, 1 ], "rotation": 90, "texture": "#texture" },
        "east":  { "uv": [ 0, 2, 16, 3 ], "rotation": 90, "texture": "#texture" }
    }
},
{
    "__comment": "Posts*",
    "from": [ 12.5, 8, 0 ],
    "to": [ 15.5, 24, 1 ],
    "faces": {
        "down":  { "uv": [ 16, 1, 13, 0 ], "texture": "#texture" },
        "north": { "uv": [ 0, 12, 16, 15 ], "rotation": 90, "texture": "#texture" },
        "south": { "uv": [ 0, 12, 16, 15 ], "rotation": 90, "texture": "#texture" },
        "west":  { "uv": [ 0, 0, 16, 1 ], "rotation": 90, "texture": "#texture" },
        "east":  { "uv": [ 0, 2, 16, 3 ], "rotation": 90, "texture": "#texture" }
    }
},
{
    "__comment": "Posts*",
    "from": [ 8.5, 8, 0 ],
    "to": [ 11.5, 24, 1 ],
    "faces": {
        "down":  { "uv": [ 16, 1, 13, 0 ], "texture": "#texture" },
        "north": { "uv": [ 0, 8, 16, 11 ], "rotation": 90, "texture": "#texture" },
        "south": { "uv": [ 0, 8, 16, 11 ], "rotation": 90, "texture": "#texture" },
        "west":  { "uv": [ 0, 0, 16, 1 ], "rotation": 90, "texture": "#texture" },
        "east":  { "uv": [ 0, 2, 16, 3 ], "rotation": 90, "texture": "#texture" }
    }
},
{
    "__comment": "Posts*",
    "from": [ 4.5, 8, 0 ],
    "to": [ 7.5, 24, 1 ],
    "faces": {
        "down":  { "uv": [ 16, 1, 13, 0 ], "texture": "#texture" },
        "north": { "uv": [ 0, 4, 16, 7 ], "rotation": 90, "texture": "#texture" },
        "south": { "uv": [ 0, 4, 16, 7 ], "rotation": 90, "texture": "#texture" },
        "west":  { "uv": [ 0, 0, 16, 1 ], "rotation": 90, "texture": "#texture" },
        "east":  { "uv": [ 0, 2, 16, 3 ], "rotation": 90, "texture": "#texture" }
    }
},
{
    "from": [ 2, 23.3787, 0.025 ],
    "to": [ 4.12132, 25.5, 0.975 ],
    "rotation": { "origin": [ 2, 25.5, 0.025 ], "axis": "z", "angle": -45 },
    "faces": {
        "down":  { "uv": [ 0, 0, 3, 1 ], "texture": "#texture" },
        "up":    { "uv": [ 0, 0, 3, 1 ], "texture": "#texture" },
        "north": { "uv": [ 0, 0, 3, 3 ], "texture": "#texture" },
        "south": { "uv": [ 0, 0, 3, 3 ], "texture": "#texture" },
        "west":  { "uv": [ 0, 0, 1, 3 ], "texture": "#texture" },
        "east":  { "uv": [ 0, 0, 1, 3 ], "texture": "#texture" }
    }
},
{
    "from": [ 6, 23.3787, 0.025 ],
    "to": [ 8.12132, 25.5, 0.975 ],
    "rotation": { "origin": [ 6, 25.5, 0.025 ], "axis": "z", "angle": -45 },
    "faces": {
        "down":  { "uv": [ 0, 0, 3, 1 ], "texture": "#texture" },
        "up":    { "uv": [ 0, 0, 3, 1 ], "texture": "#texture" },
        "north": { "uv": [ 4, 4, 7, 7 ], "texture": "#texture" },
        "south": { "uv": [ 1, 8, 4, 11 ], "texture": "#texture" },
        "west":  { "uv": [ 0, 0, 1, 3 ], "texture": "#texture" },
        "east":  { "uv": [ 0, 0, 1, 3 ], "texture": "#texture" }
    }
},
{
    "from": [ 10, 23.3787, 0.025 ],
    "to": [ 12.1213, 25.5, 0.975 ],
    "rotation": { "origin": [ 10, 25.5, 0.025 ], "axis": "z", "angle": -45 },
    "faces": {
        "down":  { "uv": [ 0, 0, 3, 1 ], "texture": "#texture" },
        "up":    { "uv": [ 0, 0, 3, 1 ], "texture": "#texture" },
        "north": { "uv": [ 7, 4, 10, 7 ], "texture": "#texture" },
        "south": { "uv": [ 13, 4, 16, 7 ], "texture": "#texture" },
        "west":  { "uv": [ 0, 0, 1, 3 ], "texture": "#texture" },
        "east":  { "uv": [ 0, 0, 1, 3 ], "texture": "#texture" }
    }
},
{
    "from": [ 14, 23.3787, 0.025 ],
    "to": [ 16.1213, 25.5, 0.975 ],
    "rotation": { "origin": [ 14, 25.5, 0.025 ], "axis": "z", "angle": -45 },
    "faces": {
        "down":  { "uv": [ 0, 0, 3, 1 ], "texture": "#texture" },
        "up":    { "uv": [ 0, 0, 3, 1 ], "texture": "#texture" },
        "north": { "uv": [ 5, 4, 8, 7 ], "texture": "#texture" },
        "south": { "uv": [ 3, 12, 6, 15 ], "texture": "#texture" },
        "west":  { "uv": [ 0, 0, 1, 3 ], "texture": "#texture" },
        "east":  { "uv": [ 0, 0, 1, 3 ], "texture": "#texture" }
    }
},
{
    "__comment": "Lateral",
    "from": [ 0, 6.5, 1 ],
    "to": [ 16, 9.5, 2 ],
    "faces": {
        "down":  { "uv": [ 16, 2, 0, 1 ], "texture": "#texture" },
        "up":    { "uv": [ 0, 1, 16, 2 ], "texture": "#texture" },
        "north": { "uv": [ 0, 6.5, 16, 9.5 ], "texture": "#texture" },
        "south": { "uv": [ 0, 6.5, 16, 9.5 ], "texture": "#texture" },
        "west":  { "uv": [ 1, 6.5, 2, 9.5 ], "texture": "#texture" },
        "east":  { "uv": [ 14, 6.5, 15, 9.5 ], "texture": "#texture" }
    }
}
],
"display": {
    "thirdperson_righthand": {
        "rotation": [ 0, -43, 0 ],
        "translation": [ -1.51, -2.83, 3.59 ],
        "scale": [ 0.5, 0.5, 0.5 ]
    },
    "thirdperson_lefthand": {
        "rotation": [ 0, -43, 0 ],
        "translation": [ -1.51, -2.83, 3.59 ],
        "scale": [ 0.5, 0.5, 0.5 ]
    },
    "head": {
        "rotation": [ 0, 0, 0 ],
        "translation": [ 0, -30.5, 0 ],
        "scale": [ 1.6, 1.6, 1.6 ]
    },
    "ground": {
        "rotation": [ 0, 0, 0 ],
        "translation": [ 0, 3, 0 ],
        "scale": [ 0.25, 0.25, 0.25 ]
    },
    "fixed": {
        "rotation": [ 0, 0, 0 ],
        "translation": [ 0, 0, 3.02 ],
        "scale": [ 0.5, 0.5, 0.5 ]
    },
    "firstperson_righthand": {
        "rotation": [ 0, -64, 0 ],
        "translation": [ 0, 0, 0 ],
        "scale": [ 0.5, 0.5, 0.5 ]
    },
    "firstperson_lefthand": {
        "rotation": [ 0, -64, 0 ],
        "translation": [ 0, 0, 0 ],
        "scale": [ 0.5, 0.5, 0.5 ]
    },
    "gui": {
        "rotation": [ 35, 35, 0 ],
        "translation": [ 2.08, -4.35, 0 ],
        "scale": [ 0.62, 0.62, 0.62 ]
    }
}
}