{
    "__comment": "Designed by Tomshalev01",
    "textures": {
        "0": "blocks/obsidian",
        "1": "blocks/hardened_clay_stained_red",
        "2": "blocks/food_unwraps/fizzy_popcorn",
        "3": "blocks/hardened_clay_stained_gray",
        "particle": "blocks/stone"
    },
    "elements": [
        {
            "name": "leg11",
            "from": [ 2.0, 0.0, 2.0 ], 
            "to": [ 3.0, 0.2, 3.0 ], 
            "faces": {
                "north": { "texture": "#0", "uv": [ 0.0, 0.0, 1.0, 0.2 ] },
                "east": { "texture": "#0", "uv": [ 0.0, 0.0, 1.0, 0.2 ] },
                "south": { "texture": "#0", "uv": [ 0.0, 0.0, 1.0, 0.2 ] },
                "west": { "texture": "#0", "uv": [ 0.0, 0.0, 1.0, 0.2 ] },
                "up": { "texture": "#0", "uv": [ 0.0, 0.0, 1.0, 1.0 ] }
            }
        },
        {
            "name": "leg12",
            "from": [ 2.2, 0.2, 2.2 ], 
            "to": [ 2.8000000000000003, 0.6000000000000001, 2.8000000000000003 ], 
            "faces": {
                "north": { "texture": "#0", "uv": [ 0.0, 0.0, 0.6, 0.4 ] },
                "east": { "texture": "#0", "uv": [ 0.0, 0.0, 0.6, 0.4 ] },
                "south": { "texture": "#0", "uv": [ 0.0, 0.0, 0.6, 0.4 ] },
                "west": { "texture": "#0", "uv": [ 0.0, 0.0, 0.6, 0.4 ] }
            }
        },
        {
            "name": "leg13",
            "from": [ 1.9, 0.6000000000000001, 1.9 ], 
            "to": [ 3.0999999999999996, 0.8, 3.0999999999999996 ], 
            "faces": {
                "north": { "texture": "#0", "uv": [ 0.0, 0.0, 1.2, 0.2 ] },
                "east": { "texture": "#0", "uv": [ 0.0, 0.0, 1.2, 0.2 ] },
                "south": { "texture": "#0", "uv": [ 0.0, 0.0, 1.2, 0.2 ] },
                "west": { "texture": "#0", "uv": [ 0.0, 0.0, 1.2, 0.2 ] },
                "up": { "texture": "#0", "uv": [ 0.0, 0.0, 1.2, 1.2 ] },
                "down": { "texture": "#0", "uv": [ 0.0, 0.0, 1.2, 1.2 ] }
            }
        },
        {
            "name": "leg14",
            "from": [ 2.0, 0.8, 2.0 ], 
            "to": [ 3.0, 6.8, 3.0 ], 
            "faces": {
                "north": { "texture": "#1", "uv": [ 0.01, 0.01, 0.99, 5.99 ] },
                "east": { "texture": "#1", "uv": [ 0.01, 0.01, 0.99, 5.99 ] },
                "south": { "texture": "#1", "uv": [ 0.01, 0.01, 0.99, 5.99 ] },
                "west": { "texture": "#1", "uv": [ 0.01, 0.01, 0.99, 5.99 ] },
                "up": { "texture": "#1", "uv": [ 0.0, 0.0, 1.0, 1.0 ] }
            }
        },
        {
            "name": "leg21",
            "from": [ 13.0, 0.0, 2.0 ], 
            "to": [ 14.0, 0.2, 3.0 ], 
            "faces": {
                "north": { "texture": "#0", "uv": [ 0.0, 0.0, 1.0, 0.2 ] },
                "east": { "texture": "#0", "uv": [ 0.0, 0.0, 1.0, 0.2 ] },
                "south": { "texture": "#0", "uv": [ 0.0, 0.0, 1.0, 0.2 ] },
                "west": { "texture": "#0", "uv": [ 0.0, 0.0, 1.0, 0.2 ] },
                "up": { "texture": "#0", "uv": [ 0.0, 0.0, 1.0, 1.0 ] }
            }
        },
        {
            "name": "leg22",
            "from": [ 13.2, 0.2, 2.2 ], 
            "to": [ 13.799999999999999, 0.6000000000000001, 2.8000000000000003 ], 
            "faces": {
                "north": { "texture": "#0", "uv": [ 0.0, 0.0, 0.6, 0.4 ] },
                "east": { "texture": "#0", "uv": [ 0.0, 0.0, 0.6, 0.4 ] },
                "south": { "texture": "#0", "uv": [ 0.0, 0.0, 0.6, 0.4 ] },
                "west": { "texture": "#0", "uv": [ 0.0, 0.0, 0.6, 0.4 ] }
            }
        },
        {
            "name": "leg23",
            "from": [ 12.9, 0.6000000000000001, 1.9 ], 
            "to": [ 14.1, 0.8, 3.0999999999999996 ], 
            "faces": {
                "north": { "texture": "#0", "uv": [ 0.0, 0.0, 1.2, 0.2 ] },
                "east": { "texture": "#0", "uv": [ 0.0, 0.0, 1.2, 0.2 ] },
                "south": { "texture": "#0", "uv": [ 0.0, 0.0, 1.2, 0.2 ] },
                "west": { "texture": "#0", "uv": [ 0.0, 0.0, 1.2, 0.2 ] },
                "up": { "texture": "#0", "uv": [ 0.0, 0.0, 1.2, 1.2 ] },
                "down": { "texture": "#0", "uv": [ 0.0, 0.0, 1.2, 1.2 ] }
            }
        },
        {
            "name": "leg24",
            "from": [ 13.0, 0.8, 2.0 ], 
            "to": [ 14.0, 6.8, 3.0 ], 
            "faces": {
                "north": { "texture": "#1", "uv": [ 0.01, 0.01, 0.99, 5.99 ] },
                "east": { "texture": "#1", "uv": [ 0.01, 0.01, 0.99, 5.99 ] },
                "south": { "texture": "#1", "uv": [ 0.01, 0.01, 0.99, 5.99 ] },
                "west": { "texture": "#1", "uv": [ 0.01, 0.01, 0.99, 5.99 ] },
                "up": { "texture": "#1", "uv": [ 0.0, 0.0, 1.0, 1.0 ] }
            }
        },
        {
            "name": "legc1",
            "from": [ 3.0, 5.8, 2.0 ], 
            "to": [ 13.0, 6.8, 3.0 ], 
            "faces": {
                "north": { "texture": "#1", "uv": [ 0.0, 0.0, 10.0, 1.0 ] },
                "east": { "texture": "#1", "uv": [ 0.0, 0.0, 1.0, 1.0 ] },
                "south": { "texture": "#1", "uv": [ 0.0, 0.0, 10.0, 1.0 ] },
                "west": { "texture": "#1", "uv": [ 0.0, 0.0, 1.0, 1.0 ] },
                "up": { "texture": "#1", "uv": [ 0.0, 0.0, 10.0, 1.0 ] },
                "down": { "texture": "#1", "uv": [ 0.0, 0.0, 10.0, 1.0 ] }
            }
        },
        {
            "name": "legc2",
            "from": [ 2.0, 4.8, 3.0 ], 
            "to": [ 3.0, 5.8, 14.0 ], 
            "faces": {
                "north": { "texture": "#1", "uv": [ 0.0, 0.0, 1.0, 1.0 ] },
                "east": { "texture": "#1", "uv": [ 0.0, 0.0, 11.0, 1.0 ] },
                "south": { "texture": "#1", "uv": [ 0.0, 0.0, 1.0, 1.0 ] },
                "west": { "texture": "#1", "uv": [ 0.0, 0.0, 11.0, 1.0 ] },
                "up": { "texture": "#1", "uv": [ 0.0, 0.0, 1.0, 11.0 ] },
                "down": { "texture": "#1", "uv": [ 0.0, 0.0, 1.0, 11.0 ] }
            }
        },
        {
            "name": "legc3",
            "from": [ 13.0, 4.8, 3.0 ], 
            "to": [ 14.0, 5.8, 14.0 ], 
            "faces": {
                "north": { "texture": "#1", "uv": [ 0.0, 0.0, 1.0, 1.0 ] },
                "east": { "texture": "#1", "uv": [ 0.0, 0.0, 11.0, 1.0 ] },
                "south": { "texture": "#1", "uv": [ 0.0, 0.0, 1.0, 1.0 ] },
                "west": { "texture": "#1", "uv": [ 0.0, 0.0, 11.0, 1.0 ] },
                "up": { "texture": "#1", "uv": [ 0.0, 0.0, 1.0, 11.0 ] },
                "down": { "texture": "#1", "uv": [ 0.0, 0.0, 1.0, 11.0 ] }
            }
        },
        {
            "name": "legc4",
            "from": [ 2.0, 5.8, 13.0 ], 
            "to": [ 14.0, 6.8, 14.0 ], 
            "faces": {
                "north": { "texture": "#1", "uv": [ 0.0, 0.0, 12.0, 1.0 ] },
                "east": { "texture": "#1", "uv": [ 0.0, 0.0, 1.0, 1.0 ] },
                "south": { "texture": "#1", "uv": [ 0.0, 0.0, 12.0, 1.0 ] },
                "west": { "texture": "#1", "uv": [ 0.0, 0.0, 1.0, 1.0 ] },
                "up": { "texture": "#1", "uv": [ 0.0, 0.0, 12.0, 1.0 ] },
                "down": { "texture": "#1", "uv": [ 0.0, 0.0, 12.0, 1.0 ] }
            }
        },
        {
            "name": "leg31",
            "from": [ 2.0, 6.8, 13.0 ], 
            "to": [ 3.0, 11.8, 14.0 ], 
            "faces": {
                "north": { "texture": "#1", "uv": [ 0.0, 0.0, 1.0, 5.0 ] },
                "east": { "texture": "#1", "uv": [ 0.0, 0.0, 1.0, 5.0 ] },
                "south": { "texture": "#1", "uv": [ 0.0, 0.0, 1.0, 5.0 ] },
                "west": { "texture": "#1", "uv": [ 0.0, 0.0, 1.0, 5.0 ] },
                "up": { "texture": "#1", "uv": [ 0.0, 0.0, 1.0, 1.0 ] }
            }
        },
        {
            "name": "leg41",
            "from": [ 13.0, 6.8, 13.0 ], 
            "to": [ 14.0, 11.8, 14.0 ], 
            "faces": {
                "north": { "texture": "#1", "uv": [ 0.0, 0.0, 1.0, 5.0 ] },
                "east": { "texture": "#1", "uv": [ 0.0, 0.0, 1.0, 5.0 ] },
                "south": { "texture": "#1", "uv": [ 0.0, 0.0, 1.0, 5.0 ] },
                "west": { "texture": "#1", "uv": [ 0.0, 0.0, 1.0, 5.0 ] },
                "up": { "texture": "#1", "uv": [ 0.0, 0.0, 1.0, 1.0 ] }
            }
        },
        {
            "name": "leg15",
            "from": [ 2.0, 6.8, 2.0 ], 
            "to": [ 3.0, 11.8, 3.0 ], 
            "faces": {
                "north": { "texture": "#1", "uv": [ 0.0, 0.0, 1.0, 5.0 ] },
                "east": { "texture": "#1", "uv": [ 0.0, 0.0, 1.0, 5.0 ] },
                "south": { "texture": "#1", "uv": [ 0.0, 0.0, 1.0, 5.0 ] },
                "west": { "texture": "#1", "uv": [ 0.0, 0.0, 1.0, 5.0 ] },
                "up": { "texture": "#1", "uv": [ 0.0, 0.0, 1.0, 1.0 ] }
            }
        },
        {
            "name": "leg25",
            "from": [ 13.0, 6.8, 2.0 ], 
            "to": [ 14.0, 11.8, 3.0 ], 
            "faces": {
                "north": { "texture": "#1", "uv": [ 0.0, 0.0, 1.0, 5.0 ] },
                "east": { "texture": "#1", "uv": [ 0.0, 0.0, 1.0, 5.0 ] },
                "south": { "texture": "#1", "uv": [ 0.0, 0.0, 1.0, 5.0 ] },
                "west": { "texture": "#1", "uv": [ 0.0, 0.0, 1.0, 5.0 ] },
                "up": { "texture": "#1", "uv": [ 0.0, 0.0, 1.0, 1.0 ] }
            }
        },
        {
            "name": "body1",
            "from": [ 2.0, 11.8, 2.0 ], 
            "to": [ 14.0, 22.8, 3.0 ], 
            "faces": {
                "north": { "texture": "#1", "uv": [ 0.0, 0.0, 12.0, 11.0 ] },
                "east": { "texture": "#1", "uv": [ 0.0, 0.0, 1.0, 11.0 ] },
                "south": { "texture": "#1", "uv": [ 0.0, 0.0, 12.0, 11.0 ] },
                "west": { "texture": "#1", "uv": [ 0.0, 0.0, 1.0, 11.0 ] },
                "up": { "texture": "#1", "uv": [ 0.0, 0.0, 12.0, 1.0 ] },
                "down": { "texture": "#1", "uv": [ 0.0, 0.0, 12.0, 1.0 ] }
            }
        },
        {
            "name": "body2",
            "from": [ 2.0, 11.8, 13.0 ], 
            "to": [ 14.0, 22.8, 14.0 ], 
            "faces": {
                "north": { "texture": "#1", "uv": [ 0.0, 0.0, 12.0, 11.0 ] },
                "east": { "texture": "#1", "uv": [ 0.0, 0.0, 1.0, 11.0 ] },
                "south": { "texture": "#1", "uv": [ 0.0, 0.0, 12.0, 11.0 ] },
                "west": { "texture": "#1", "uv": [ 0.0, 0.0, 1.0, 11.0 ] },
                "up": { "texture": "#1", "uv": [ 0.0, 0.0, 12.0, 1.0 ] },
                "down": { "texture": "#1", "uv": [ 0.0, 0.0, 12.0, 1.0 ] }
            }
        },
        {
            "name": "body3",
            "from": [ 13.0, 11.8, 3.0 ], 
            "to": [ 14.0, 22.8, 13.0 ], 
            "faces": {
                "east": { "texture": "#1", "uv": [ 0.0, 0.0, 10.0, 11.0 ] },
                "west": { "texture": "#1", "uv": [ 0.0, 0.0, 10.0, 11.0 ] },
                "up": { "texture": "#1", "uv": [ 0.0, 0.0, 1.0, 10.0 ] },
                "down": { "texture": "#1", "uv": [ 0.0, 0.0, 1.0, 10.0 ] }
            }
        },
        {
            "name": "body4",
            "from": [ 2.0, 11.8, 3.0 ], 
            "to": [ 13.0, 12.8, 13.0 ], 
            "faces": {
                "east": { "texture": "#1", "uv": [ 0.0, 0.0, 10.0, 1.0 ] },
                "west": { "texture": "#1", "uv": [ 0.0, 0.0, 10.0, 1.0 ] },
                "up": { "texture": "#1", "uv": [ 0.0, 0.0, 11.0, 10.0 ] },
                "down": { "texture": "#1", "uv": [ 0.0, 0.0, 11.0, 10.0 ] }
            }
        },
        {
            "name": "body5",
            "from": [ 2.0, 22.8, 2.0 ], 
            "to": [ 14.0, 23.8, 14.0 ], 
            "faces": {
                "north": { "texture": "#1", "uv": [ 0.0, 0.0, 12.0, 1.0 ] },
                "east": { "texture": "#1", "uv": [ 0.0, 0.0, 12.0, 1.0 ] },
                "south": { "texture": "#1", "uv": [ 0.0, 0.0, 12.0, 1.0 ] },
                "west": { "texture": "#1", "uv": [ 0.0, 0.0, 12.0, 1.0 ] },
                "up": { "texture": "#1", "uv": [ 0.0, 0.0, 12.0, 12.0 ] },
                "down": { "texture": "#1", "uv": [ 0.0, 0.0, 12.0, 12.0 ] }
            }
        },
        {
            "name": "bodyc1",
            "from": [ 2.0, 13.0, 3.1 ], 
            "to": [ 3.0, 22.8, 12.9 ], 
            "faces": {
                "north": { "texture": "#1", "uv": [ 0.0, 0.0, 1.0, 9.8 ] },
                "east": { "texture": "#2", "uv": [ 0.0, 0.0, 16.0, 16.0 ] },
                "south": { "texture": "#1", "uv": [ 0.0, 0.0, 1.0, 9.8 ] },
                "west": { "texture": "#2", "uv": [ 0.0, 0.0, 16.0, 16.0 ] },
                "up": { "texture": "#1", "uv": [ 0.0, 0.0, 1.0, 9.8 ] },
                "down": { "texture": "#1", "uv": [ 0.0, 0.0, 1.0, 9.8 ] }
            }
        },
        {
            "name": "doorhold11",
            "from": [ 1.9, 13.5, 12.5 ], 
            "to": [ 2.0, 14.5, 13.5 ], 
            "faces": {
                "north": { "texture": "#3", "uv": [ 6.99, 0.01, 7.99, 0.99 ] },
                "east": { "texture": "#3", "uv": [ 6.99, 0.01, 7.99, 0.99 ] },
                "south": { "texture": "#3", "uv": [ 6.99, 0.01, 7.99, 0.99 ] },
                "west": { "texture": "#3", "uv": [ 6.99, 0.01, 7.99, 0.99 ] },
                "up": { "texture": "#3", "uv": [ 6.99, 0.01, 7.99, 0.99 ] },
                "down": { "texture": "#3", "uv": [ 7.0, 0.0, 8.0, 1.0 ] }
            }
        },
        {
            "name": "doorhold12",
            "from": [ 1.8, 13.5, 12.9 ], 
            "to": [ 1.9000000000000001, 14.5, 13.1 ], 
            "faces": {
                "north": { "texture": "#3", "uv": [ 6.99, 0.01, 7.99, 0.99 ] },
                "east": { "texture": "#3", "uv": [ 6.99, 0.01, 7.99, 0.99 ] },
                "south": { "texture": "#3", "uv": [ 6.99, 0.01, 7.99, 0.99 ] },
                "west": { "texture": "#3", "uv": [ 6.99, 0.01, 7.99, 0.99 ] },
                "up": { "texture": "#3", "uv": [ 6.99, 0.01, 7.99, 0.99 ] },
                "down": { "texture": "#3", "uv": [ 7.0, 0.0, 8.0, 1.0 ] }
            }
        },
        {
            "name": "doorhold21",
            "from": [ 1.9, 21.4, 12.5 ], 
            "to": [ 2.0, 22.4, 13.5 ], 
            "faces": {
                "north": { "texture": "#3", "uv": [ 6.99, 0.01, 7.99, 0.99 ] },
                "east": { "texture": "#3", "uv": [ 6.99, 0.01, 7.99, 0.99 ] },
                "south": { "texture": "#3", "uv": [ 6.99, 0.01, 7.99, 0.99 ] },
                "west": { "texture": "#3", "uv": [ 6.99, 0.01, 7.99, 0.99 ] },
                "up": { "texture": "#3", "uv": [ 6.99, 0.01, 7.99, 0.99 ] },
                "down": { "texture": "#3", "uv": [ 7.0, 0.0, 8.0, 1.0 ] }
            }
        },
        {
            "name": "doorhold22",
            "from": [ 1.8, 21.4, 12.9 ], 
            "to": [ 1.9000000000000001, 22.4, 13.1 ], 
            "faces": {
                "north": { "texture": "#3", "uv": [ 6.99, 0.01, 7.99, 0.99 ] },
                "east": { "texture": "#3", "uv": [ 6.99, 0.01, 7.99, 0.99 ] },
                "south": { "texture": "#3", "uv": [ 6.99, 0.01, 7.99, 0.99 ] },
                "west": { "texture": "#3", "uv": [ 6.99, 0.01, 7.99, 0.99 ] },
                "up": { "texture": "#3", "uv": [ 6.99, 0.01, 7.99, 0.99 ] },
                "down": { "texture": "#3", "uv": [ 7.0, 0.0, 8.0, 1.0 ] }
            }
        },
        {
            "name": "doorhandle11",
            "from": [ 1.4, 19.7, 4.5 ], 
            "to": [ 2.0, 20.0, 4.8 ], 
            "faces": {
                "north": { "texture": "#3", "uv": [ 6.99, 0.01, 7.99, 0.99 ] },
                "east": { "texture": "#3", "uv": [ 6.99, 0.01, 7.99, 0.99 ] },
                "south": { "texture": "#3", "uv": [ 6.99, 0.01, 7.99, 0.99 ] },
                "west": { "texture": "#3", "uv": [ 6.99, 0.01, 7.99, 0.99 ] },
                "up": { "texture": "#3", "uv": [ 6.99, 0.01, 7.99, 0.99 ] },
                "down": { "texture": "#3", "uv": [ 7.0, 0.0, 8.0, 1.0 ] }
            }
        },
        {
            "name": "doorhandle12",
            "from": [ 1.4, 16.7, 4.5 ], 
            "to": [ 2.0, 17.0, 4.8 ], 
            "faces": {
                "north": { "texture": "#3", "uv": [ 6.99, 0.01, 7.99, 0.99 ] },
                "east": { "texture": "#3", "uv": [ 6.99, 0.01, 7.99, 0.99 ] },
                "south": { "texture": "#3", "uv": [ 6.99, 0.01, 7.99, 0.99 ] },
                "west": { "texture": "#3", "uv": [ 6.99, 0.01, 7.99, 0.99 ] },
                "up": { "texture": "#3", "uv": [ 6.99, 0.01, 7.99, 0.99 ] },
                "down": { "texture": "#3", "uv": [ 7.0, 0.0, 8.0, 1.0 ] }
            }
        },
        {
            "name": "doorhandle13",
            "from": [ 1.4, 17.0, 4.5 ], 
            "to": [ 1.7, 19.7, 4.8 ], 
            "faces": {
                "north": { "texture": "#3", "uv": [ 6.99, 0.01, 7.99, 0.99 ] },
                "east": { "texture": "#3", "uv": [ 6.99, 0.01, 7.99, 0.99 ] },
                "south": { "texture": "#3", "uv": [ 6.99, 0.01, 7.99, 0.99 ] },
                "west": { "texture": "#3", "uv": [ 7.0, 0.0, 8.0, 1.0 ] }
            }
        },
        {
            "name": "tray11",
            "from": [ 2.0, 21.6, 14.0 ], 
            "to": [ 2.2, 22.6, 19.0 ], 
            "faces": {
                "north": { "texture": "#3", "uv": [ 8.01, 0.01, 8.99, 0.99 ] },
                "east": { "texture": "#3", "uv": [ 8.01, 0.01, 8.99, 0.99 ] },
                "south": { "texture": "#3", "uv": [ 8.01, 0.01, 8.99, 0.99 ] },
                "west": { "texture": "#3", "uv": [ 8.01, 0.01, 8.99, 0.99 ] },
                "up": { "texture": "#3", "uv": [ 8.01, 0.01, 8.99, 0.99 ] },
                "down": { "texture": "#3", "uv": [ 8.0, 0.0, 9.0, 1.0 ] }
            }
        },
        {
            "name": "tray12",
            "from": [ 13.8, 21.6, 14.0 ], 
            "to": [ 14.0, 22.6, 19.0 ], 
            "faces": {
                "north": { "texture": "#3", "uv": [ 8.01, 0.01, 8.99, 0.99 ] },
                "east": { "texture": "#3", "uv": [ 8.01, 0.01, 8.99, 0.99 ] },
                "south": { "texture": "#3", "uv": [ 8.01, 0.01, 8.99, 0.99 ] },
                "west": { "texture": "#3", "uv": [ 8.01, 0.01, 8.99, 0.99 ] },
                "up": { "texture": "#3", "uv": [ 8.01, 0.01, 8.99, 0.99 ] },
                "down": { "texture": "#3", "uv": [ 8.0, 0.0, 9.0, 1.0 ] }
            }
        },
        {
            "name": "tray21",
            "from": [ 2.0, 18.6, 14.0 ], 
            "to": [ 2.2, 21.6, 15.0 ], 
            "faces": {
                "north": { "texture": "#3", "uv": [ 8.01, 0.01, 8.99, 0.99 ] },
                "east": { "texture": "#3", "uv": [ 8.01, 0.01, 8.99, 0.99 ] },
                "south": { "texture": "#3", "uv": [ 8.01, 0.01, 8.99, 0.99 ] },
                "west": { "texture": "#3", "uv": [ 8.01, 0.01, 8.99, 0.99 ] },
                "up": { "texture": "#3", "uv": [ 8.01, 0.01, 8.99, 0.99 ] },
                "down": { "texture": "#3", "uv": [ 8.0, 0.0, 9.0, 1.0 ] }
            }
        },
        {
            "name": "tray22",
            "from": [ 2.0, 18.6, 14.5 ], 
            "to": [ 2.2, 22.900000000000002, 15.0 ], 
            "rotation": { "origin": [ 1.9, 18.6, 15.0 ], "axis": "x", "angle": 45.0 },
            "faces": {
                "north": { "texture": "#3", "uv": [ 8.01, 0.01, 8.99, 0.99 ] },
                "east": { "texture": "#3", "uv": [ 8.01, 0.01, 8.99, 0.99 ] },
                "south": { "texture": "#3", "uv": [ 8.01, 0.01, 8.99, 0.99 ] },
                "west": { "texture": "#3", "uv": [ 8.01, 0.01, 8.99, 0.99 ] },
                "up": { "texture": "#3", "uv": [ 8.01, 0.01, 8.99, 0.99 ] },
                "down": { "texture": "#3", "uv": [ 8.0, 0.0, 9.0, 1.0 ] }
            }
        },
        {
            "name": "tray31",
            "from": [ 13.8, 18.6, 14.0 ], 
            "to": [ 14.0, 21.6, 15.0 ], 
            "faces": {
                "north": { "texture": "#3", "uv": [ 8.01, 0.01, 8.99, 0.99 ] },
                "east": { "texture": "#3", "uv": [ 8.01, 0.01, 8.99, 0.99 ] },
                "south": { "texture": "#3", "uv": [ 8.01, 0.01, 8.99, 0.99 ] },
                "west": { "texture": "#3", "uv": [ 8.01, 0.01, 8.99, 0.99 ] },
                "up": { "texture": "#3", "uv": [ 8.01, 0.01, 8.99, 0.99 ] },
                "down": { "texture": "#3", "uv": [ 8.0, 0.0, 9.0, 1.0 ] }
            }
        },
        {
            "name": "tray31",
            "from": [ 13.8, 18.6, 14.5 ], 
            "to": [ 14.0, 22.900000000000002, 15.0 ], 
            "rotation": { "origin": [ 1.9, 18.6, 15.0 ], "axis": "x", "angle": 45.0 },
            "faces": {
                "north": { "texture": "#3", "uv": [ 8.01, 0.01, 8.99, 0.99 ] },
                "east": { "texture": "#3", "uv": [ 8.01, 0.01, 8.99, 0.99 ] },
                "south": { "texture": "#3", "uv": [ 8.01, 0.01, 8.99, 0.99 ] },
                "west": { "texture": "#3", "uv": [ 8.01, 0.01, 8.99, 0.99 ] },
                "up": { "texture": "#3", "uv": [ 8.01, 0.01, 8.99, 0.99 ] },
                "down": { "texture": "#3", "uv": [ 8.0, 0.0, 9.0, 1.0 ] }
            }
        },
        {
            "name": "tray41",
            "from": [ 2.2, 22.4, 14.0 ], 
            "to": [ 13.899999999999999, 22.599999999999998, 18.0 ], 
            "faces": {
                "north": { "texture": "#3", "uv": [ 8.01, 0.01, 8.99, 0.99 ] },
                "south": { "texture": "#3", "uv": [ 8.01, 0.01, 8.99, 0.99 ] },
                "up": { "texture": "#3", "uv": [ 8.01, 0.01, 8.99, 0.99 ] },
                "down": { "texture": "#3", "uv": [ 8.0, 0.0, 9.0, 1.0 ] }
            }
        },
        {
            "name": "tray51",
            "from": [ 2.2, 21.9, 18.5 ], 
            "to": [ 13.899999999999999, 22.4, 19.0 ], 
            "faces": {
                "north": { "texture": "#3", "uv": [ 8.01, 0.01, 8.99, 0.99 ] },
                "east": { "texture": "#3", "uv": [ 8.01, 0.01, 8.99, 0.99 ] },
                "south": { "texture": "#3", "uv": [ 8.01, 0.01, 8.99, 0.99 ] },
                "west": { "texture": "#3", "uv": [ 8.01, 0.01, 8.99, 0.99 ] },
                "up": { "texture": "#3", "uv": [ 8.01, 0.01, 8.99, 0.99 ] },
                "down": { "texture": "#3", "uv": [ 8.0, 0.0, 9.0, 1.0 ] }
            }
        },
        {
            "name": "wheelh11",
            "from": [ 0.6, 4.8, 13.01 ], 
            "to": [ 1.0, 5.8, 13.99 ], 
            "faces": {
                "north": { "texture": "#3", "uv": [ 9.01, 0.01, 9.99, 0.99 ] },
                "east": { "texture": "#3", "uv": [ 9.01, 0.01, 9.99, 0.99 ] },
                "south": { "texture": "#3", "uv": [ 9.01, 0.01, 9.99, 0.99 ] },
                "west": { "texture": "#3", "uv": [ 9.01, 0.01, 9.99, 0.99 ] },
                "up": { "texture": "#3", "uv": [ 9.01, 0.01, 9.99, 0.99 ] },
                "down": { "texture": "#3", "uv": [ 9.01, 0.01, 9.99, 0.99 ] }
            }
        },
        {
            "name": "wheelh12",
            "from": [ 1.0, 5.05, 13.25 ], 
            "to": [ 2.0, 5.55, 13.75 ], 
            "faces": {
                "north": { "texture": "#3", "uv": [ 8.01, 0.01, 8.99, 0.99 ] },
                "east": { "texture": "#3", "uv": [ 8.01, 0.01, 8.99, 0.99 ] },
                "south": { "texture": "#3", "uv": [ 8.01, 0.01, 8.99, 0.99 ] },
                "west": { "texture": "#3", "uv": [ 8.01, 0.01, 8.99, 0.99 ] },
                "up": { "texture": "#3", "uv": [ 8.01, 0.01, 8.99, 0.99 ] },
                "down": { "texture": "#3", "uv": [ 8.01, 0.01, 8.99, 0.99 ] }
            }
        },
        {
            "name": "wheelh13",
            "from": [ 1.6, 4.8, 13.01 ], 
            "to": [ 2.0, 5.8, 13.99 ], 
            "faces": {
                "north": { "texture": "#3", "uv": [ 9.01, 0.01, 9.99, 0.99 ] },
                "east": { "texture": "#3", "uv": [ 9.01, 0.01, 9.99, 0.99 ] },
                "south": { "texture": "#3", "uv": [ 9.01, 0.01, 9.99, 0.99 ] },
                "west": { "texture": "#3", "uv": [ 9.01, 0.01, 9.99, 0.99 ] },
                "up": { "texture": "#3", "uv": [ 9.01, 0.01, 9.99, 0.99 ] },
                "down": { "texture": "#3", "uv": [ 9.01, 0.01, 9.99, 0.99 ] }
            }
        },
        {
            "name": "wheelh21",
            "from": [ 15.0, 4.8, 13.01 ], 
            "to": [ 15.41, 5.8, 13.99 ], 
            "faces": {
                "north": { "texture": "#3", "uv": [ 9.01, 0.01, 9.99, 0.99 ] },
                "east": { "texture": "#3", "uv": [ 9.01, 0.01, 9.99, 0.99 ] },
                "south": { "texture": "#3", "uv": [ 9.01, 0.01, 9.99, 0.99 ] },
                "west": { "texture": "#3", "uv": [ 9.01, 0.01, 9.99, 0.99 ] },
                "up": { "texture": "#3", "uv": [ 9.01, 0.01, 9.99, 0.99 ] },
                "down": { "texture": "#3", "uv": [ 9.01, 0.01, 9.99, 0.99 ] }
            }
        },
        {
            "name": "wheelh22",
            "from": [ 14.4, 5.05, 13.25 ], 
            "to": [ 15.4, 5.55, 13.75 ], 
            "faces": {
                "north": { "texture": "#3", "uv": [ 8.01, 0.01, 8.99, 0.99 ] },
                "east": { "texture": "#3", "uv": [ 8.01, 0.01, 8.99, 0.99 ] },
                "south": { "texture": "#3", "uv": [ 8.01, 0.01, 8.99, 0.99 ] },
                "west": { "texture": "#3", "uv": [ 8.01, 0.01, 8.99, 0.99 ] },
                "up": { "texture": "#3", "uv": [ 8.01, 0.01, 8.99, 0.99 ] },
                "down": { "texture": "#3", "uv": [ 8.01, 0.01, 8.99, 0.99 ] }
            }
        },
        {
            "name": "wheelh23",
            "from": [ 14.0, 4.8, 13.01 ], 
            "to": [ 14.4, 5.8, 13.99 ], 
            "faces": {
                "north": { "texture": "#3", "uv": [ 9.01, 0.01, 9.99, 0.99 ] },
                "east": { "texture": "#3", "uv": [ 9.01, 0.01, 9.99, 0.99 ] },
                "south": { "texture": "#3", "uv": [ 9.01, 0.01, 9.99, 0.99 ] },
                "west": { "texture": "#3", "uv": [ 9.01, 0.01, 9.99, 0.99 ] },
                "up": { "texture": "#3", "uv": [ 9.01, 0.01, 9.99, 0.99 ] },
                "down": { "texture": "#3", "uv": [ 9.01, 0.01, 9.99, 0.99 ] }
            }
        },
        {
            "name": "wheelr11",
            "from": [ 0.9, 0.0, 12.5 ], 
            "to": [ 1.9, 0.6, 14.7 ], 
            "faces": {
                "north": { "texture": "#3", "uv": [ 2.01, 0.01, 2.99, 0.99 ] },
                "east": { "texture": "#3", "uv": [ 2.01, 0.01, 2.99, 0.99 ] },
                "south": { "texture": "#3", "uv": [ 2.01, 0.01, 2.99, 0.99 ] },
                "west": { "texture": "#3", "uv": [ 2.01, 0.01, 2.99, 0.99 ] },
                "up": { "texture": "#3", "uv": [ 2.01, 0.01, 2.99, 0.99 ] },
                "down": { "texture": "#3", "uv": [ 2.01, 0.01, 2.99, 0.99 ] }
            }
        },
        {
            "name": "wheelr12",
            "from": [ 0.9, 10.0, 12.5 ], 
            "to": [ 1.9, 10.6, 14.6 ], 
            "faces": {
                "north": { "texture": "#3", "uv": [ 2.01, 0.01, 2.99, 0.99 ] },
                "east": { "texture": "#3", "uv": [ 2.01, 0.01, 2.99, 0.99 ] },
                "south": { "texture": "#3", "uv": [ 2.01, 0.01, 2.99, 0.99 ] },
                "west": { "texture": "#3", "uv": [ 2.01, 0.01, 2.99, 0.99 ] },
                "up": { "texture": "#3", "uv": [ 2.01, 0.01, 2.99, 0.99 ] },
                "down": { "texture": "#3", "uv": [ 2.01, 0.01, 2.99, 0.99 ] }
            }
        },
        {
            "name": "wheelr13",
            "from": [ 0.9, 4.3, 18.2 ], 
            "to": [ 1.9, 6.5, 18.8 ], 
            "faces": {
                "north": { "texture": "#3", "uv": [ 2.01, 0.01, 2.99, 0.99 ] },
                "east": { "texture": "#3", "uv": [ 2.01, 0.01, 2.99, 0.99 ] },
                "south": { "texture": "#3", "uv": [ 2.01, 0.01, 2.99, 0.99 ] },
                "west": { "texture": "#3", "uv": [ 2.01, 0.01, 2.99, 0.99 ] },
                "up": { "texture": "#3", "uv": [ 2.01, 0.01, 2.99, 0.99 ] },
                "down": { "texture": "#3", "uv": [ 2.01, 0.01, 2.99, 0.99 ] }
            }
        },
        {
            "name": "wheelr14",
            "from": [ 0.9, 4.1, 8.2 ], 
            "to": [ 1.9, 6.5, 8.799999999999999 ], 
            "faces": {
                "north": { "texture": "#3", "uv": [ 2.01, 0.01, 2.99, 0.99 ] },
                "east": { "texture": "#3", "uv": [ 2.01, 0.01, 2.99, 0.99 ] },
                "south": { "texture": "#3", "uv": [ 2.01, 0.01, 2.99, 0.99 ] },
                "west": { "texture": "#3", "uv": [ 2.01, 0.01, 2.99, 0.99 ] },
                "up": { "texture": "#3", "uv": [ 2.01, 0.01, 2.99, 0.99 ] },
                "down": { "texture": "#3", "uv": [ 2.01, 0.01, 2.99, 0.99 ] }
            }
        },
        {
            "name": "wheelr1b1",
            "from": [ 0.9, 0.0, 12.5 ], 
            "to": [ 1.9, 0.6, 14.5 ], 
            "rotation": { "origin": [ 1.0, 5.3, 13.5 ], "axis": "x", "angle": -22.5 },
            "faces": {
                "north": { "texture": "#3", "uv": [ 2.01, 0.01, 2.99, 0.99 ] },
                "east": { "texture": "#3", "uv": [ 2.01, 0.01, 2.99, 0.99 ] },
                "south": { "texture": "#3", "uv": [ 2.01, 0.01, 2.99, 0.99 ] },
                "west": { "texture": "#3", "uv": [ 2.01, 0.01, 2.99, 0.99 ] },
                "up": { "texture": "#3", "uv": [ 2.01, 0.01, 2.99, 0.99 ] },
                "down": { "texture": "#3", "uv": [ 2.01, 0.01, 2.99, 0.99 ] }
            }
        },
        {
            "name": "wheelr1b2",
            "from": [ 0.9, 0.0, 12.4 ], 
            "to": [ 1.9, 0.6, 14.5 ], 
            "rotation": { "origin": [ 1.0, 5.3, 13.5 ], "axis": "x", "angle": -45.0 },
            "faces": {
                "north": { "texture": "#3", "uv": [ 2.01, 0.01, 2.99, 0.99 ] },
                "east": { "texture": "#3", "uv": [ 2.01, 0.01, 2.99, 0.99 ] },
                "south": { "texture": "#3", "uv": [ 2.01, 0.01, 2.99, 0.99 ] },
                "west": { "texture": "#3", "uv": [ 2.01, 0.01, 2.99, 0.99 ] },
                "up": { "texture": "#3", "uv": [ 2.01, 0.01, 2.99, 0.99 ] },
                "down": { "texture": "#3", "uv": [ 2.01, 0.01, 2.99, 0.99 ] }
            }
        },
        {
            "name": "wheelr1b3",
            "from": [ 0.9, 0.0, 12.5 ], 
            "to": [ 1.9, 0.6, 14.6 ], 
            "rotation": { "origin": [ 1.0, 5.3, 13.5 ], "axis": "x", "angle": 22.5 },
            "faces": {
                "north": { "texture": "#3", "uv": [ 2.01, 0.01, 2.99, 0.99 ] },
                "east": { "texture": "#3", "uv": [ 2.01, 0.01, 2.99, 0.99 ] },
                "south": { "texture": "#3", "uv": [ 2.01, 0.01, 2.99, 0.99 ] },
                "west": { "texture": "#3", "uv": [ 2.01, 0.01, 2.99, 0.99 ] },
                "up": { "texture": "#3", "uv": [ 2.01, 0.01, 2.99, 0.99 ] },
                "down": { "texture": "#3", "uv": [ 2.01, 0.01, 2.99, 0.99 ] }
            }
        },
        {
            "name": "wheelr1b4",
            "from": [ 0.9, 0.0, 12.5 ], 
            "to": [ 1.9, 0.6, 14.6 ], 
            "rotation": { "origin": [ 1.0, 5.3, 13.5 ], "axis": "x", "angle": 45.0 },
            "faces": {
                "north": { "texture": "#3", "uv": [ 2.01, 0.01, 2.99, 0.99 ] },
                "east": { "texture": "#3", "uv": [ 2.01, 0.01, 2.99, 0.99 ] },
                "south": { "texture": "#3", "uv": [ 2.01, 0.01, 2.99, 0.99 ] },
                "west": { "texture": "#3", "uv": [ 2.01, 0.01, 2.99, 0.99 ] },
                "up": { "texture": "#3", "uv": [ 2.01, 0.01, 2.99, 0.99 ] },
                "down": { "texture": "#3", "uv": [ 2.01, 0.01, 2.99, 0.99 ] }
            }
        },
        {
            "name": "wheelr1t1",
            "from": [ 0.9, 10.0, 12.5 ], 
            "to": [ 1.9, 10.6, 14.6 ], 
            "rotation": { "origin": [ 1.0, 5.3, 13.5 ], "axis": "x", "angle": 22.5 },
            "faces": {
                "north": { "texture": "#3", "uv": [ 2.01, 0.01, 2.99, 0.99 ] },
                "east": { "texture": "#3", "uv": [ 2.01, 0.01, 2.99, 0.99 ] },
                "south": { "texture": "#3", "uv": [ 2.01, 0.01, 2.99, 0.99 ] },
                "west": { "texture": "#3", "uv": [ 2.01, 0.01, 2.99, 0.99 ] },
                "up": { "texture": "#3", "uv": [ 2.01, 0.01, 2.99, 0.99 ] },
                "down": { "texture": "#3", "uv": [ 2.01, 0.01, 2.99, 0.99 ] }
            }
        },
        {
            "name": "wheelr1t2",
            "from": [ 0.9, 10.0, 12.5 ], 
            "to": [ 1.9, 10.6, 14.5 ], 
            "rotation": { "origin": [ 1.0, 5.3, 13.5 ], "axis": "x", "angle": 45.0 },
            "faces": {
                "north": { "texture": "#3", "uv": [ 2.01, 0.01, 2.99, 0.99 ] },
                "east": { "texture": "#3", "uv": [ 2.01, 0.01, 2.99, 0.99 ] },
                "south": { "texture": "#3", "uv": [ 2.01, 0.01, 2.99, 0.99 ] },
                "west": { "texture": "#3", "uv": [ 2.01, 0.01, 2.99, 0.99 ] },
                "up": { "texture": "#3", "uv": [ 2.01, 0.01, 2.99, 0.99 ] },
                "down": { "texture": "#3", "uv": [ 2.01, 0.01, 2.99, 0.99 ] }
            }
        },
        {
            "name": "wheelr1t3",
            "from": [ 0.9, 10.0, 12.5 ], 
            "to": [ 1.9, 10.6, 14.6 ], 
            "rotation": { "origin": [ 1.0, 5.3, 13.5 ], "axis": "x", "angle": -22.5 },
            "faces": {
                "north": { "texture": "#3", "uv": [ 2.01, 0.01, 2.99, 0.99 ] },
                "east": { "texture": "#3", "uv": [ 2.01, 0.01, 2.99, 0.99 ] },
                "south": { "texture": "#3", "uv": [ 2.01, 0.01, 2.99, 0.99 ] },
                "west": { "texture": "#3", "uv": [ 2.01, 0.01, 2.99, 0.99 ] },
                "up": { "texture": "#3", "uv": [ 2.01, 0.01, 2.99, 0.99 ] },
                "down": { "texture": "#3", "uv": [ 2.01, 0.01, 2.99, 0.99 ] }
            }
        },
        {
            "name": "wheelr1t4",
            "from": [ 0.9, 10.0, 12.5 ], 
            "to": [ 1.9, 10.6, 14.6 ], 
            "rotation": { "origin": [ 1.0, 5.3, 13.5 ], "axis": "x", "angle": -45.0 },
            "faces": {
                "north": { "texture": "#3", "uv": [ 2.01, 0.01, 2.99, 0.99 ] },
                "east": { "texture": "#3", "uv": [ 2.01, 0.01, 2.99, 0.99 ] },
                "south": { "texture": "#3", "uv": [ 2.01, 0.01, 2.99, 0.99 ] },
                "west": { "texture": "#3", "uv": [ 2.01, 0.01, 2.99, 0.99 ] },
                "up": { "texture": "#3", "uv": [ 2.01, 0.01, 2.99, 0.99 ] },
                "down": { "texture": "#3", "uv": [ 2.01, 0.01, 2.99, 0.99 ] }
            }
        },
        {
            "name": "wheelr1r1",
            "from": [ 0.9, 4.3, 18.2 ], 
            "to": [ 1.9, 6.5, 18.8 ], 
            "rotation": { "origin": [ 1.0, 5.3, 13.2 ], "axis": "x", "angle": 22.5 },
            "faces": {
                "north": { "texture": "#3", "uv": [ 2.01, 0.01, 2.99, 0.99 ] },
                "east": { "texture": "#3", "uv": [ 2.01, 0.01, 2.99, 0.99 ] },
                "south": { "texture": "#3", "uv": [ 2.01, 0.01, 2.99, 0.99 ] },
                "west": { "texture": "#3", "uv": [ 2.01, 0.01, 2.99, 0.99 ] },
                "up": { "texture": "#3", "uv": [ 2.01, 0.01, 2.99, 0.99 ] },
                "down": { "texture": "#3", "uv": [ 2.01, 0.01, 2.99, 0.99 ] }
            }
        },
        {
            "name": "wheelr1r2",
            "from": [ 0.9, 4.3, 18.2 ], 
            "to": [ 1.9, 6.3, 18.8 ], 
            "rotation": { "origin": [ 1.0, 5.3, 13.2 ], "axis": "x", "angle": -22.5 },
            "faces": {
                "north": { "texture": "#3", "uv": [ 2.01, 0.01, 2.99, 0.99 ] },
                "east": { "texture": "#3", "uv": [ 2.01, 0.01, 2.99, 0.99 ] },
                "south": { "texture": "#3", "uv": [ 2.01, 0.01, 2.99, 0.99 ] },
                "west": { "texture": "#3", "uv": [ 2.01, 0.01, 2.99, 0.99 ] },
                "up": { "texture": "#3", "uv": [ 2.01, 0.01, 2.99, 0.99 ] },
                "down": { "texture": "#3", "uv": [ 2.01, 0.01, 2.99, 0.99 ] }
            }
        },
        {
            "name": "wheelr1l1",
            "from": [ 0.9, 4.3, 8.2 ], 
            "to": [ 1.9, 6.3, 8.799999999999999 ], 
            "rotation": { "origin": [ 1.0, 5.3, 13.7 ], "axis": "x", "angle": -22.5 },
            "faces": {
                "north": { "texture": "#3", "uv": [ 2.01, 0.01, 2.99, 0.99 ] },
                "east": { "texture": "#3", "uv": [ 2.01, 0.01, 2.99, 0.99 ] },
                "south": { "texture": "#3", "uv": [ 2.01, 0.01, 2.99, 0.99 ] },
                "west": { "texture": "#3", "uv": [ 2.01, 0.01, 2.99, 0.99 ] },
                "up": { "texture": "#3", "uv": [ 2.01, 0.01, 2.99, 0.99 ] },
                "down": { "texture": "#3", "uv": [ 2.01, 0.01, 2.99, 0.99 ] }
            }
        },
        {
            "name": "wheelr1l2",
            "from": [ 0.9, 4.3, 8.2 ], 
            "to": [ 1.9, 6.35, 8.799999999999999 ], 
            "rotation": { "origin": [ 1.0, 5.3, 13.7 ], "axis": "x", "angle": 22.5 },
            "faces": {
                "north": { "texture": "#3", "uv": [ 2.01, 0.01, 2.99, 0.99 ] },
                "east": { "texture": "#3", "uv": [ 2.01, 0.01, 2.99, 0.99 ] },
                "south": { "texture": "#3", "uv": [ 2.01, 0.01, 2.99, 0.99 ] },
                "west": { "texture": "#3", "uv": [ 2.01, 0.01, 2.99, 0.99 ] },
                "up": { "texture": "#3", "uv": [ 2.01, 0.01, 2.99, 0.99 ] },
                "down": { "texture": "#3", "uv": [ 2.01, 0.01, 2.99, 0.99 ] }
            }
        },
        {
            "name": "wheelc11",
            "from": [ 1.0, 0.04999999999999982, 13.4 ], 
            "to": [ 1.2, 10.55, 13.6 ], 
            "faces": {
                "north": { "texture": "#3", "uv": [ 8.01, 0.01, 8.99, 0.99 ] },
                "east": { "texture": "#3", "uv": [ 8.01, 0.01, 8.99, 0.99 ] },
                "south": { "texture": "#3", "uv": [ 8.01, 0.01, 8.99, 0.99 ] },
                "west": { "texture": "#3", "uv": [ 8.01, 0.01, 8.99, 0.99 ] },
                "up": { "texture": "#3", "uv": [ 8.01, 0.01, 8.99, 0.99 ] },
                "down": { "texture": "#3", "uv": [ 8.01, 0.01, 8.99, 0.99 ] }
            }
        },
        {
            "name": "wheelc12",
            "from": [ 1.0, 5.2, 8.8 ], 
            "to": [ 1.2, 5.4, 18.200000000000003 ], 
            "faces": {
                "north": { "texture": "#3", "uv": [ 8.01, 0.01, 8.99, 0.99 ] },
                "east": { "texture": "#3", "uv": [ 8.01, 0.01, 8.99, 0.99 ] },
                "south": { "texture": "#3", "uv": [ 8.01, 0.01, 8.99, 0.99 ] },
                "west": { "texture": "#3", "uv": [ 8.01, 0.01, 8.99, 0.99 ] },
                "up": { "texture": "#3", "uv": [ 8.01, 0.01, 8.99, 0.99 ] },
                "down": { "texture": "#3", "uv": [ 8.01, 0.01, 8.99, 0.99 ] }
            }
        },
        {
            "name": "wheelc13",
            "from": [ 1.0, 5.2, 8.8 ], 
            "to": [ 1.2, 5.4, 18.200000000000003 ], 
            "rotation": { "origin": [ 0.5, 5.3, 13.5 ], "axis": "x", "angle": -45.0 },
            "faces": {
                "north": { "texture": "#3", "uv": [ 8.01, 0.01, 8.99, 0.99 ] },
                "east": { "texture": "#3", "uv": [ 8.01, 0.01, 8.99, 0.99 ] },
                "south": { "texture": "#3", "uv": [ 8.01, 0.01, 8.99, 0.99 ] },
                "west": { "texture": "#3", "uv": [ 8.01, 0.01, 8.99, 0.99 ] },
                "up": { "texture": "#3", "uv": [ 8.01, 0.01, 8.99, 0.99 ] },
                "down": { "texture": "#3", "uv": [ 8.01, 0.01, 8.99, 0.99 ] }
            }
        },
        {
            "name": "wheelc14",
            "from": [ 1.0, 5.2, 8.8 ], 
            "to": [ 1.2, 5.4, 18.200000000000003 ], 
            "rotation": { "origin": [ 0.5, 5.3, 13.5 ], "axis": "x", "angle": 45.0 },
            "faces": {
                "north": { "texture": "#3", "uv": [ 8.01, 0.01, 8.99, 0.99 ] },
                "east": { "texture": "#3", "uv": [ 8.01, 0.01, 8.99, 0.99 ] },
                "south": { "texture": "#3", "uv": [ 8.01, 0.01, 8.99, 0.99 ] },
                "west": { "texture": "#3", "uv": [ 8.01, 0.01, 8.99, 0.99 ] },
                "up": { "texture": "#3", "uv": [ 8.01, 0.01, 8.99, 0.99 ] },
                "down": { "texture": "#3", "uv": [ 8.01, 0.01, 8.99, 0.99 ] }
            }
        },
        {
            "name": "wheelc15",
            "from": [ 1.0, 5.2, 8.8 ], 
            "to": [ 1.2, 5.4, 18.200000000000003 ], 
            "rotation": { "origin": [ 0.5, 5.3, 13.5 ], "axis": "x", "angle": 22.5 },
            "faces": {
                "north": { "texture": "#3", "uv": [ 8.01, 0.01, 8.99, 0.99 ] },
                "east": { "texture": "#3", "uv": [ 8.01, 0.01, 8.99, 0.99 ] },
                "south": { "texture": "#3", "uv": [ 8.01, 0.01, 8.99, 0.99 ] },
                "west": { "texture": "#3", "uv": [ 8.01, 0.01, 8.99, 0.99 ] },
                "up": { "texture": "#3", "uv": [ 8.01, 0.01, 8.99, 0.99 ] },
                "down": { "texture": "#3", "uv": [ 8.01, 0.01, 8.99, 0.99 ] }
            }
        },
        {
            "name": "wheelc16",
            "from": [ 1.0, 5.2, 8.8 ], 
            "to": [ 1.2, 5.4, 18.200000000000003 ], 
            "rotation": { "origin": [ 0.5, 5.3, 13.5 ], "axis": "x", "angle": -22.5 },
            "faces": {
                "north": { "texture": "#3", "uv": [ 8.01, 0.01, 8.99, 0.99 ] },
                "east": { "texture": "#3", "uv": [ 8.01, 0.01, 8.99, 0.99 ] },
                "south": { "texture": "#3", "uv": [ 8.01, 0.01, 8.99, 0.99 ] },
                "west": { "texture": "#3", "uv": [ 8.01, 0.01, 8.99, 0.99 ] },
                "up": { "texture": "#3", "uv": [ 8.01, 0.01, 8.99, 0.99 ] },
                "down": { "texture": "#3", "uv": [ 8.01, 0.01, 8.99, 0.99 ] }
            }
        },
        {
            "name": "wheelc17",
            "from": [ 1.0, 0.04999999999999982, 13.4 ], 
            "to": [ 1.2, 10.55, 13.6 ], 
            "rotation": { "origin": [ 0.5, 5.3, 13.5 ], "axis": "x", "angle": -22.5 },
            "faces": {
                "north": { "texture": "#3", "uv": [ 8.01, 0.01, 8.99, 0.99 ] },
                "east": { "texture": "#3", "uv": [ 8.01, 0.01, 8.99, 0.99 ] },
                "south": { "texture": "#3", "uv": [ 8.01, 0.01, 8.99, 0.99 ] },
                "west": { "texture": "#3", "uv": [ 8.01, 0.01, 8.99, 0.99 ] },
                "up": { "texture": "#3", "uv": [ 8.01, 0.01, 8.99, 0.99 ] },
                "down": { "texture": "#3", "uv": [ 8.01, 0.01, 8.99, 0.99 ] }
            }
        },
        {
            "name": "wheelc18",
            "from": [ 1.0, 0.04999999999999982, 13.4 ], 
            "to": [ 1.2, 10.55, 13.6 ], 
            "rotation": { "origin": [ 0.5, 5.3, 13.5 ], "axis": "x", "angle": 22.5 },
            "faces": {
                "north": { "texture": "#3", "uv": [ 8.01, 0.01, 8.99, 0.99 ] },
                "east": { "texture": "#3", "uv": [ 8.01, 0.01, 8.99, 0.99 ] },
                "south": { "texture": "#3", "uv": [ 8.01, 0.01, 8.99, 0.99 ] },
                "west": { "texture": "#3", "uv": [ 8.01, 0.01, 8.99, 0.99 ] },
                "up": { "texture": "#3", "uv": [ 8.01, 0.01, 8.99, 0.99 ] },
                "down": { "texture": "#3", "uv": [ 8.01, 0.01, 8.99, 0.99 ] }
            }
        },
        {
            "name": "wheelc21",
            "from": [ 1.0, 9.8, 12.3 ], 
            "to": [ 1.6, 10.0, 14.700000000000001 ], 
            "faces": {
                "north": { "texture": "#3", "uv": [ 8.01, 0.01, 8.99, 0.99 ] },
                "east": { "texture": "#3", "uv": [ 8.01, 0.01, 8.99, 0.99 ] },
                "south": { "texture": "#3", "uv": [ 8.01, 0.01, 8.99, 0.99 ] },
                "west": { "texture": "#3", "uv": [ 8.01, 0.01, 8.99, 0.99 ] },
                "up": { "texture": "#3", "uv": [ 8.01, 0.01, 8.99, 0.99 ] },
                "down": { "texture": "#3", "uv": [ 8.01, 0.01, 8.99, 0.99 ] }
            }
        },
        {
            "name": "wheelc22",
            "from": [ 1.0, 0.6, 12.3 ], 
            "to": [ 1.6, 0.8, 14.700000000000001 ], 
            "faces": {
                "north": { "texture": "#3", "uv": [ 8.01, 0.01, 8.99, 0.99 ] },
                "east": { "texture": "#3", "uv": [ 8.01, 0.01, 8.99, 0.99 ] },
                "south": { "texture": "#3", "uv": [ 8.01, 0.01, 8.99, 0.99 ] },
                "west": { "texture": "#3", "uv": [ 8.01, 0.01, 8.99, 0.99 ] },
                "up": { "texture": "#3", "uv": [ 8.01, 0.01, 8.99, 0.99 ] },
                "down": { "texture": "#3", "uv": [ 8.01, 0.01, 8.99, 0.99 ] }
            }
        },
        {
            "name": "wheelc23",
            "from": [ 1.0, 4.0, 18.0 ], 
            "to": [ 1.6, 6.6, 18.4 ], 
            "faces": {
                "north": { "texture": "#3", "uv": [ 8.01, 0.01, 8.99, 0.99 ] },
                "east": { "texture": "#3", "uv": [ 8.01, 0.01, 8.99, 0.99 ] },
                "south": { "texture": "#3", "uv": [ 8.01, 0.01, 8.99, 0.99 ] },
                "west": { "texture": "#3", "uv": [ 8.01, 0.01, 8.99, 0.99 ] },
                "up": { "texture": "#3", "uv": [ 8.01, 0.01, 8.99, 0.99 ] },
                "down": { "texture": "#3", "uv": [ 8.01, 0.01, 8.99, 0.99 ] }
            }
        },
        {
            "name": "wheelc24",
            "from": [ 1.0, 4.0, 8.6 ], 
            "to": [ 1.6, 6.6, 9.0 ], 
            "faces": {
                "north": { "texture": "#3", "uv": [ 8.01, 0.01, 8.99, 0.99 ] },
                "east": { "texture": "#3", "uv": [ 8.01, 0.01, 8.99, 0.99 ] },
                "south": { "texture": "#3", "uv": [ 8.01, 0.01, 8.99, 0.99 ] },
                "west": { "texture": "#3", "uv": [ 8.01, 0.01, 8.99, 0.99 ] },
                "up": { "texture": "#3", "uv": [ 8.01, 0.01, 8.99, 0.99 ] },
                "down": { "texture": "#3", "uv": [ 8.01, 0.01, 8.99, 0.99 ] }
            }
        },
        {
            "name": "wheelc25",
            "from": [ 1.0, 4.1, 8.6 ], 
            "to": [ 1.6, 6.5, 9.0 ], 
            "rotation": { "origin": [ 0.5, 5.3, 13.5 ], "axis": "x", "angle": -45.0 },
            "faces": {
                "north": { "texture": "#3", "uv": [ 8.01, 0.01, 8.99, 0.99 ] },
                "east": { "texture": "#3", "uv": [ 8.01, 0.01, 8.99, 0.99 ] },
                "south": { "texture": "#3", "uv": [ 8.01, 0.01, 8.99, 0.99 ] },
                "west": { "texture": "#3", "uv": [ 8.01, 0.01, 8.99, 0.99 ] },
                "up": { "texture": "#3", "uv": [ 8.01, 0.01, 8.99, 0.99 ] },
                "down": { "texture": "#3", "uv": [ 8.01, 0.01, 8.99, 0.99 ] }
            }
        },
        {
            "name": "wheelc26",
            "from": [ 1.0, 4.1, 18.0 ], 
            "to": [ 1.6, 6.5, 18.4 ], 
            "rotation": { "origin": [ 0.5, 5.3, 13.5 ], "axis": "x", "angle": -45.0 },
            "faces": {
                "north": { "texture": "#3", "uv": [ 8.01, 0.01, 8.99, 0.99 ] },
                "east": { "texture": "#3", "uv": [ 8.01, 0.01, 8.99, 0.99 ] },
                "south": { "texture": "#3", "uv": [ 8.01, 0.01, 8.99, 0.99 ] },
                "west": { "texture": "#3", "uv": [ 8.01, 0.01, 8.99, 0.99 ] },
                "up": { "texture": "#3", "uv": [ 8.01, 0.01, 8.99, 0.99 ] },
                "down": { "texture": "#3", "uv": [ 8.01, 0.01, 8.99, 0.99 ] }
            }
        },
        {
            "name": "wheelc27",
            "from": [ 1.0, 4.1, 8.6 ], 
            "to": [ 1.6, 6.5, 9.0 ], 
            "rotation": { "origin": [ 0.5, 5.3, 13.5 ], "axis": "x", "angle": -22.5 },
            "faces": {
                "north": { "texture": "#3", "uv": [ 8.01, 0.01, 8.99, 0.99 ] },
                "east": { "texture": "#3", "uv": [ 8.01, 0.01, 8.99, 0.99 ] },
                "south": { "texture": "#3", "uv": [ 8.01, 0.01, 8.99, 0.99 ] },
                "west": { "texture": "#3", "uv": [ 8.01, 0.01, 8.99, 0.99 ] },
                "up": { "texture": "#3", "uv": [ 8.01, 0.01, 8.99, 0.99 ] },
                "down": { "texture": "#3", "uv": [ 8.01, 0.01, 8.99, 0.99 ] }
            }
        },
        {
            "name": "wheelc28",
            "from": [ 1.0, 4.1, 8.6 ], 
            "to": [ 1.6, 6.5, 9.0 ], 
            "rotation": { "origin": [ 0.5, 5.3, 13.5 ], "axis": "x", "angle": 22.5 },
            "faces": {
                "north": { "texture": "#3", "uv": [ 8.01, 0.01, 8.99, 0.99 ] },
                "east": { "texture": "#3", "uv": [ 8.01, 0.01, 8.99, 0.99 ] },
                "south": { "texture": "#3", "uv": [ 8.01, 0.01, 8.99, 0.99 ] },
                "west": { "texture": "#3", "uv": [ 8.01, 0.01, 8.99, 0.99 ] },
                "up": { "texture": "#3", "uv": [ 8.01, 0.01, 8.99, 0.99 ] },
                "down": { "texture": "#3", "uv": [ 8.01, 0.01, 8.99, 0.99 ] }
            }
        },
        {
            "name": "wheelc29",
            "from": [ 1.0, 4.1, 8.6 ], 
            "to": [ 1.6, 6.5, 9.0 ], 
            "rotation": { "origin": [ 0.5, 5.3, 13.5 ], "axis": "x", "angle": 45.0 },
            "faces": {
                "north": { "texture": "#3", "uv": [ 8.01, 0.01, 8.99, 0.99 ] },
                "east": { "texture": "#3", "uv": [ 8.01, 0.01, 8.99, 0.99 ] },
                "south": { "texture": "#3", "uv": [ 8.01, 0.01, 8.99, 0.99 ] },
                "west": { "texture": "#3", "uv": [ 8.01, 0.01, 8.99, 0.99 ] },
                "up": { "texture": "#3", "uv": [ 8.01, 0.01, 8.99, 0.99 ] },
                "down": { "texture": "#3", "uv": [ 8.01, 0.01, 8.99, 0.99 ] }
            }
        },
        {
            "name": "wheelc30",
            "from": [ 1.0, 4.1, 18.0 ], 
            "to": [ 1.6, 6.5, 18.4 ], 
            "rotation": { "origin": [ 0.5, 5.3, 13.5 ], "axis": "x", "angle": -22.5 },
            "faces": {
                "north": { "texture": "#3", "uv": [ 8.01, 0.01, 8.99, 0.99 ] },
                "east": { "texture": "#3", "uv": [ 8.01, 0.01, 8.99, 0.99 ] },
                "south": { "texture": "#3", "uv": [ 8.01, 0.01, 8.99, 0.99 ] },
                "west": { "texture": "#3", "uv": [ 8.01, 0.01, 8.99, 0.99 ] },
                "up": { "texture": "#3", "uv": [ 8.01, 0.01, 8.99, 0.99 ] },
                "down": { "texture": "#3", "uv": [ 8.01, 0.01, 8.99, 0.99 ] }
            }
        },
        {
            "name": "wheelc31",
            "from": [ 1.0, 4.1, 18.0 ], 
            "to": [ 1.6, 6.5, 18.4 ], 
            "rotation": { "origin": [ 0.5, 5.3, 13.5 ], "axis": "x", "angle": 22.5 },
            "faces": {
                "north": { "texture": "#3", "uv": [ 8.01, 0.01, 8.99, 0.99 ] },
                "east": { "texture": "#3", "uv": [ 8.01, 0.01, 8.99, 0.99 ] },
                "south": { "texture": "#3", "uv": [ 8.01, 0.01, 8.99, 0.99 ] },
                "west": { "texture": "#3", "uv": [ 8.01, 0.01, 8.99, 0.99 ] },
                "up": { "texture": "#3", "uv": [ 8.01, 0.01, 8.99, 0.99 ] },
                "down": { "texture": "#3", "uv": [ 8.01, 0.01, 8.99, 0.99 ] }
            }
        },
        {
            "name": "wheelc32",
            "from": [ 1.0, 4.1, 18.0 ], 
            "to": [ 1.6, 6.5, 18.4 ], 
            "rotation": { "origin": [ 0.5, 5.3, 13.5 ], "axis": "x", "angle": 45.0 },
            "faces": {
                "north": { "texture": "#3", "uv": [ 8.01, 0.01, 8.99, 0.99 ] },
                "east": { "texture": "#3", "uv": [ 8.01, 0.01, 8.99, 0.99 ] },
                "south": { "texture": "#3", "uv": [ 8.01, 0.01, 8.99, 0.99 ] },
                "west": { "texture": "#3", "uv": [ 8.01, 0.01, 8.99, 0.99 ] },
                "up": { "texture": "#3", "uv": [ 8.01, 0.01, 8.99, 0.99 ] },
                "down": { "texture": "#3", "uv": [ 8.01, 0.01, 8.99, 0.99 ] }
            }
        },
        {
            "name": "wheelc33",
            "from": [ 1.0, 9.8, 12.3 ], 
            "to": [ 1.6, 10.0, 14.700000000000001 ], 
            "rotation": { "origin": [ 0.5, 5.3, 13.5 ], "axis": "x", "angle": 22.5 },
            "faces": {
                "north": { "texture": "#3", "uv": [ 8.01, 0.01, 8.99, 0.99 ] },
                "east": { "texture": "#3", "uv": [ 8.01, 0.01, 8.99, 0.99 ] },
                "south": { "texture": "#3", "uv": [ 8.01, 0.01, 8.99, 0.99 ] },
                "west": { "texture": "#3", "uv": [ 8.01, 0.01, 8.99, 0.99 ] },
                "up": { "texture": "#3", "uv": [ 8.01, 0.01, 8.99, 0.99 ] },
                "down": { "texture": "#3", "uv": [ 8.01, 0.01, 8.99, 0.99 ] }
            }
        },
        {
            "name": "wheelc34",
            "from": [ 1.0, 9.8, 12.3 ], 
            "to": [ 1.6, 10.0, 14.700000000000001 ], 
            "rotation": { "origin": [ 0.5, 5.3, 13.5 ], "axis": "x", "angle": -22.5 },
            "faces": {
                "north": { "texture": "#3", "uv": [ 8.01, 0.01, 8.99, 0.99 ] },
                "east": { "texture": "#3", "uv": [ 8.01, 0.01, 8.99, 0.99 ] },
                "south": { "texture": "#3", "uv": [ 8.01, 0.01, 8.99, 0.99 ] },
                "west": { "texture": "#3", "uv": [ 8.01, 0.01, 8.99, 0.99 ] },
                "up": { "texture": "#3", "uv": [ 8.01, 0.01, 8.99, 0.99 ] },
                "down": { "texture": "#3", "uv": [ 8.01, 0.01, 8.99, 0.99 ] }
            }
        },
        {
            "name": "wheelc35",
            "from": [ 1.0, 0.6, 12.3 ], 
            "to": [ 1.6, 0.8, 14.700000000000001 ], 
            "rotation": { "origin": [ 0.5, 5.3, 13.5 ], "axis": "x", "angle": 22.5 },
            "faces": {
                "north": { "texture": "#3", "uv": [ 8.01, 0.01, 8.99, 0.99 ] },
                "east": { "texture": "#3", "uv": [ 8.01, 0.01, 8.99, 0.99 ] },
                "south": { "texture": "#3", "uv": [ 8.01, 0.01, 8.99, 0.99 ] },
                "west": { "texture": "#3", "uv": [ 8.01, 0.01, 8.99, 0.99 ] },
                "up": { "texture": "#3", "uv": [ 8.01, 0.01, 8.99, 0.99 ] },
                "down": { "texture": "#3", "uv": [ 8.01, 0.01, 8.99, 0.99 ] }
            }
        },
        {
            "name": "wheelc36",
            "from": [ 1.0, 0.6, 12.3 ], 
            "to": [ 1.6, 0.8, 14.700000000000001 ], 
            "rotation": { "origin": [ 0.5, 5.3, 13.5 ], "axis": "x", "angle": -22.5 },
            "faces": {
                "north": { "texture": "#3", "uv": [ 8.01, 0.01, 8.99, 0.99 ] },
                "east": { "texture": "#3", "uv": [ 8.01, 0.01, 8.99, 0.99 ] },
                "south": { "texture": "#3", "uv": [ 8.01, 0.01, 8.99, 0.99 ] },
                "west": { "texture": "#3", "uv": [ 8.01, 0.01, 8.99, 0.99 ] },
                "up": { "texture": "#3", "uv": [ 8.01, 0.01, 8.99, 0.99 ] },
                "down": { "texture": "#3", "uv": [ 8.01, 0.01, 8.99, 0.99 ] }
            }
        },
        {
            "name": "Cube",
            "from": [ 14.1, 0.0, 12.5 ], 
            "to": [ 15.1, 0.6, 14.7 ], 
            "faces": {
                "north": { "texture": "#3", "uv": [ 2.01, 0.01, 2.99, 0.99 ] },
                "east": { "texture": "#3", "uv": [ 2.01, 0.01, 2.99, 0.99 ] },
                "south": { "texture": "#3", "uv": [ 2.01, 0.01, 2.99, 0.99 ] },
                "west": { "texture": "#3", "uv": [ 2.01, 0.01, 2.99, 0.99 ] },
                "up": { "texture": "#3", "uv": [ 2.01, 0.01, 2.99, 0.99 ] },
                "down": { "texture": "#3", "uv": [ 2.01, 0.01, 2.99, 0.99 ] }
            }
        },
        {
            "name": "Cube",
            "from": [ 14.1, 10.0, 12.5 ], 
            "to": [ 15.1, 10.6, 14.6 ], 
            "faces": {
                "north": { "texture": "#3", "uv": [ 2.01, 0.01, 2.99, 0.99 ] },
                "east": { "texture": "#3", "uv": [ 2.01, 0.01, 2.99, 0.99 ] },
                "south": { "texture": "#3", "uv": [ 2.01, 0.01, 2.99, 0.99 ] },
                "west": { "texture": "#3", "uv": [ 2.01, 0.01, 2.99, 0.99 ] },
                "up": { "texture": "#3", "uv": [ 2.01, 0.01, 2.99, 0.99 ] },
                "down": { "texture": "#3", "uv": [ 2.01, 0.01, 2.99, 0.99 ] }
            }
        },
        {
            "name": "Cube",
            "from": [ 14.1, 4.3, 18.2 ], 
            "to": [ 15.1, 6.5, 18.8 ], 
            "faces": {
                "north": { "texture": "#3", "uv": [ 2.01, 0.01, 2.99, 0.99 ] },
                "east": { "texture": "#3", "uv": [ 2.01, 0.01, 2.99, 0.99 ] },
                "south": { "texture": "#3", "uv": [ 2.01, 0.01, 2.99, 0.99 ] },
                "west": { "texture": "#3", "uv": [ 2.01, 0.01, 2.99, 0.99 ] },
                "up": { "texture": "#3", "uv": [ 2.01, 0.01, 2.99, 0.99 ] },
                "down": { "texture": "#3", "uv": [ 2.01, 0.01, 2.99, 0.99 ] }
            }
        },
        {
            "name": "Cube",
            "from": [ 14.1, 4.1, 8.2 ], 
            "to": [ 15.1, 6.5, 8.799999999999999 ], 
            "faces": {
                "north": { "texture": "#3", "uv": [ 2.01, 0.01, 2.99, 0.99 ] },
                "east": { "texture": "#3", "uv": [ 2.01, 0.01, 2.99, 0.99 ] },
                "south": { "texture": "#3", "uv": [ 2.01, 0.01, 2.99, 0.99 ] },
                "west": { "texture": "#3", "uv": [ 2.01, 0.01, 2.99, 0.99 ] },
                "up": { "texture": "#3", "uv": [ 2.01, 0.01, 2.99, 0.99 ] },
                "down": { "texture": "#3", "uv": [ 2.01, 0.01, 2.99, 0.99 ] }
            }
        },
        {
            "name": "Cube",
            "from": [ 14.1, 0.0, 12.5 ], 
            "to": [ 15.1, 0.6, 14.5 ], 
            "rotation": { "origin": [ 1.0, 5.3, 13.5 ], "axis": "x", "angle": -22.5 },
            "faces": {
                "north": { "texture": "#3", "uv": [ 2.01, 0.01, 2.99, 0.99 ] },
                "east": { "texture": "#3", "uv": [ 2.01, 0.01, 2.99, 0.99 ] },
                "south": { "texture": "#3", "uv": [ 2.01, 0.01, 2.99, 0.99 ] },
                "west": { "texture": "#3", "uv": [ 2.01, 0.01, 2.99, 0.99 ] },
                "up": { "texture": "#3", "uv": [ 2.01, 0.01, 2.99, 0.99 ] },
                "down": { "texture": "#3", "uv": [ 2.01, 0.01, 2.99, 0.99 ] }
            }
        },
        {
            "name": "Cube",
            "from": [ 14.1, 0.0, 12.4 ], 
            "to": [ 15.1, 0.6, 14.5 ], 
            "rotation": { "origin": [ 1.0, 5.3, 13.5 ], "axis": "x", "angle": -45.0 },
            "faces": {
                "north": { "texture": "#3", "uv": [ 2.01, 0.01, 2.99, 0.99 ] },
                "east": { "texture": "#3", "uv": [ 2.01, 0.01, 2.99, 0.99 ] },
                "south": { "texture": "#3", "uv": [ 2.01, 0.01, 2.99, 0.99 ] },
                "west": { "texture": "#3", "uv": [ 2.01, 0.01, 2.99, 0.99 ] },
                "up": { "texture": "#3", "uv": [ 2.01, 0.01, 2.99, 0.99 ] },
                "down": { "texture": "#3", "uv": [ 2.01, 0.01, 2.99, 0.99 ] }
            }
        },
        {
            "name": "Cube",
            "from": [ 14.1, 0.0, 12.5 ], 
            "to": [ 15.1, 0.6, 14.6 ], 
            "rotation": { "origin": [ 1.0, 5.3, 13.5 ], "axis": "x", "angle": 22.5 },
            "faces": {
                "north": { "texture": "#3", "uv": [ 2.01, 0.01, 2.99, 0.99 ] },
                "east": { "texture": "#3", "uv": [ 2.01, 0.01, 2.99, 0.99 ] },
                "south": { "texture": "#3", "uv": [ 2.01, 0.01, 2.99, 0.99 ] },
                "west": { "texture": "#3", "uv": [ 2.01, 0.01, 2.99, 0.99 ] },
                "up": { "texture": "#3", "uv": [ 2.01, 0.01, 2.99, 0.99 ] },
                "down": { "texture": "#3", "uv": [ 2.01, 0.01, 2.99, 0.99 ] }
            }
        },
        {
            "name": "Cube",
            "from": [ 14.1, 0.0, 12.5 ], 
            "to": [ 15.1, 0.6, 14.6 ], 
            "rotation": { "origin": [ 1.0, 5.3, 13.5 ], "axis": "x", "angle": 45.0 },
            "faces": {
                "north": { "texture": "#3", "uv": [ 2.01, 0.01, 2.99, 0.99 ] },
                "east": { "texture": "#3", "uv": [ 2.01, 0.01, 2.99, 0.99 ] },
                "south": { "texture": "#3", "uv": [ 2.01, 0.01, 2.99, 0.99 ] },
                "west": { "texture": "#3", "uv": [ 2.01, 0.01, 2.99, 0.99 ] },
                "up": { "texture": "#3", "uv": [ 2.01, 0.01, 2.99, 0.99 ] },
                "down": { "texture": "#3", "uv": [ 2.01, 0.01, 2.99, 0.99 ] }
            }
        },
        {
            "name": "Cube",
            "from": [ 14.1, 10.0, 12.5 ], 
            "to": [ 15.1, 10.6, 14.6 ], 
            "rotation": { "origin": [ 1.0, 5.3, 13.5 ], "axis": "x", "angle": 22.5 },
            "faces": {
                "north": { "texture": "#3", "uv": [ 2.01, 0.01, 2.99, 0.99 ] },
                "east": { "texture": "#3", "uv": [ 2.01, 0.01, 2.99, 0.99 ] },
                "south": { "texture": "#3", "uv": [ 2.01, 0.01, 2.99, 0.99 ] },
                "west": { "texture": "#3", "uv": [ 2.01, 0.01, 2.99, 0.99 ] },
                "up": { "texture": "#3", "uv": [ 2.01, 0.01, 2.99, 0.99 ] },
                "down": { "texture": "#3", "uv": [ 2.01, 0.01, 2.99, 0.99 ] }
            }
        },
        {
            "name": "Cube",
            "from": [ 14.1, 10.0, 12.5 ], 
            "to": [ 15.1, 10.6, 14.5 ], 
            "rotation": { "origin": [ 1.0, 5.3, 13.5 ], "axis": "x", "angle": 45.0 },
            "faces": {
                "north": { "texture": "#3", "uv": [ 2.01, 0.01, 2.99, 0.99 ] },
                "east": { "texture": "#3", "uv": [ 2.01, 0.01, 2.99, 0.99 ] },
                "south": { "texture": "#3", "uv": [ 2.01, 0.01, 2.99, 0.99 ] },
                "west": { "texture": "#3", "uv": [ 2.01, 0.01, 2.99, 0.99 ] },
                "up": { "texture": "#3", "uv": [ 2.01, 0.01, 2.99, 0.99 ] },
                "down": { "texture": "#3", "uv": [ 2.01, 0.01, 2.99, 0.99 ] }
            }
        },
        {
            "name": "Cube",
            "from": [ 14.1, 10.0, 12.5 ], 
            "to": [ 15.1, 10.6, 14.6 ], 
            "rotation": { "origin": [ 1.0, 5.3, 13.5 ], "axis": "x", "angle": -22.5 },
            "faces": {
                "north": { "texture": "#3", "uv": [ 2.01, 0.01, 2.99, 0.99 ] },
                "east": { "texture": "#3", "uv": [ 2.01, 0.01, 2.99, 0.99 ] },
                "south": { "texture": "#3", "uv": [ 2.01, 0.01, 2.99, 0.99 ] },
                "west": { "texture": "#3", "uv": [ 2.01, 0.01, 2.99, 0.99 ] },
                "up": { "texture": "#3", "uv": [ 2.01, 0.01, 2.99, 0.99 ] },
                "down": { "texture": "#3", "uv": [ 2.01, 0.01, 2.99, 0.99 ] }
            }
        },
        {
            "name": "Cube",
            "from": [ 14.1, 10.0, 12.5 ], 
            "to": [ 15.1, 10.6, 14.6 ], 
            "rotation": { "origin": [ 1.0, 5.3, 13.5 ], "axis": "x", "angle": -45.0 },
            "faces": {
                "north": { "texture": "#3", "uv": [ 2.01, 0.01, 2.99, 0.99 ] },
                "east": { "texture": "#3", "uv": [ 2.01, 0.01, 2.99, 0.99 ] },
                "south": { "texture": "#3", "uv": [ 2.01, 0.01, 2.99, 0.99 ] },
                "west": { "texture": "#3", "uv": [ 2.01, 0.01, 2.99, 0.99 ] },
                "up": { "texture": "#3", "uv": [ 2.01, 0.01, 2.99, 0.99 ] },
                "down": { "texture": "#3", "uv": [ 2.01, 0.01, 2.99, 0.99 ] }
            }
        },
        {
            "name": "Cube",
            "from": [ 14.1, 4.3, 18.2 ], 
            "to": [ 15.1, 6.5, 18.8 ], 
            "rotation": { "origin": [ 1.0, 5.3, 13.2 ], "axis": "x", "angle": 22.5 },
            "faces": {
                "north": { "texture": "#3", "uv": [ 2.01, 0.01, 2.99, 0.99 ] },
                "east": { "texture": "#3", "uv": [ 2.01, 0.01, 2.99, 0.99 ] },
                "south": { "texture": "#3", "uv": [ 2.01, 0.01, 2.99, 0.99 ] },
                "west": { "texture": "#3", "uv": [ 2.01, 0.01, 2.99, 0.99 ] },
                "up": { "texture": "#3", "uv": [ 2.01, 0.01, 2.99, 0.99 ] },
                "down": { "texture": "#3", "uv": [ 2.01, 0.01, 2.99, 0.99 ] }
            }
        },
        {
            "name": "Cube",
            "from": [ 14.1, 4.3, 18.2 ], 
            "to": [ 15.1, 6.3, 18.8 ], 
            "rotation": { "origin": [ 1.0, 5.3, 13.2 ], "axis": "x", "angle": -22.5 },
            "faces": {
                "north": { "texture": "#3", "uv": [ 2.01, 0.01, 2.99, 0.99 ] },
                "east": { "texture": "#3", "uv": [ 2.01, 0.01, 2.99, 0.99 ] },
                "south": { "texture": "#3", "uv": [ 2.01, 0.01, 2.99, 0.99 ] },
                "west": { "texture": "#3", "uv": [ 2.01, 0.01, 2.99, 0.99 ] },
                "up": { "texture": "#3", "uv": [ 2.01, 0.01, 2.99, 0.99 ] },
                "down": { "texture": "#3", "uv": [ 2.01, 0.01, 2.99, 0.99 ] }
            }
        },
        {
            "name": "Cube",
            "from": [ 14.6, 0.0, 13.4 ], 
            "to": [ 14.799999999999999, 10.5, 13.6 ], 
            "faces": {
                "north": { "texture": "#3", "uv": [ 8.01, 0.01, 8.99, 0.99 ] },
                "east": { "texture": "#3", "uv": [ 8.01, 0.01, 8.99, 0.99 ] },
                "south": { "texture": "#3", "uv": [ 8.01, 0.01, 8.99, 0.99 ] },
                "west": { "texture": "#3", "uv": [ 8.01, 0.01, 8.99, 0.99 ] },
                "up": { "texture": "#3", "uv": [ 8.01, 0.01, 8.99, 0.99 ] },
                "down": { "texture": "#3", "uv": [ 8.01, 0.01, 8.99, 0.99 ] }
            }
        },
        {
            "name": "Cube",
            "from": [ 14.6, 5.2, 8.8 ], 
            "to": [ 14.799999999999999, 5.4, 18.200000000000003 ], 
            "faces": {
                "north": { "texture": "#3", "uv": [ 8.01, 0.01, 8.99, 0.99 ] },
                "east": { "texture": "#3", "uv": [ 8.01, 0.01, 8.99, 0.99 ] },
                "south": { "texture": "#3", "uv": [ 8.01, 0.01, 8.99, 0.99 ] },
                "west": { "texture": "#3", "uv": [ 8.01, 0.01, 8.99, 0.99 ] },
                "up": { "texture": "#3", "uv": [ 8.01, 0.01, 8.99, 0.99 ] },
                "down": { "texture": "#3", "uv": [ 8.01, 0.01, 8.99, 0.99 ] }
            }
        },
        {
            "name": "Cube",
            "from": [ 14.6, 5.2, 8.8 ], 
            "to": [ 14.799999999999999, 5.4, 18.200000000000003 ], 
            "rotation": { "origin": [ 0.5, 5.3, 13.5 ], "axis": "x", "angle": -45.0 },
            "faces": {
                "north": { "texture": "#3", "uv": [ 8.01, 0.01, 8.99, 0.99 ] },
                "east": { "texture": "#3", "uv": [ 8.01, 0.01, 8.99, 0.99 ] },
                "south": { "texture": "#3", "uv": [ 8.01, 0.01, 8.99, 0.99 ] },
                "west": { "texture": "#3", "uv": [ 8.01, 0.01, 8.99, 0.99 ] },
                "up": { "texture": "#3", "uv": [ 8.01, 0.01, 8.99, 0.99 ] },
                "down": { "texture": "#3", "uv": [ 8.01, 0.01, 8.99, 0.99 ] }
            }
        },
        {
            "name": "Cube",
            "from": [ 14.6, 5.2, 8.8 ], 
            "to": [ 14.799999999999999, 5.4, 18.200000000000003 ], 
            "rotation": { "origin": [ 0.5, 5.3, 13.5 ], "axis": "x", "angle": 45.0 },
            "faces": {
                "north": { "texture": "#3", "uv": [ 8.01, 0.01, 8.99, 0.99 ] },
                "east": { "texture": "#3", "uv": [ 8.01, 0.01, 8.99, 0.99 ] },
                "south": { "texture": "#3", "uv": [ 8.01, 0.01, 8.99, 0.99 ] },
                "west": { "texture": "#3", "uv": [ 8.01, 0.01, 8.99, 0.99 ] },
                "up": { "texture": "#3", "uv": [ 8.01, 0.01, 8.99, 0.99 ] },
                "down": { "texture": "#3", "uv": [ 8.01, 0.01, 8.99, 0.99 ] }
            }
        },
        {
            "name": "Cube",
            "from": [ 14.6, 5.2, 8.8 ], 
            "to": [ 14.799999999999999, 5.4, 18.200000000000003 ], 
            "rotation": { "origin": [ 0.5, 5.3, 13.5 ], "axis": "x", "angle": 22.5 },
            "faces": {
                "north": { "texture": "#3", "uv": [ 8.01, 0.01, 8.99, 0.99 ] },
                "east": { "texture": "#3", "uv": [ 8.01, 0.01, 8.99, 0.99 ] },
                "south": { "texture": "#3", "uv": [ 8.01, 0.01, 8.99, 0.99 ] },
                "west": { "texture": "#3", "uv": [ 8.01, 0.01, 8.99, 0.99 ] },
                "up": { "texture": "#3", "uv": [ 8.01, 0.01, 8.99, 0.99 ] },
                "down": { "texture": "#3", "uv": [ 8.01, 0.01, 8.99, 0.99 ] }
            }
        },
        {
            "name": "Cube",
            "from": [ 14.6, 5.2, 8.8 ], 
            "to": [ 14.799999999999999, 5.4, 18.200000000000003 ], 
            "rotation": { "origin": [ 0.5, 5.3, 13.5 ], "axis": "x", "angle": -22.5 },
            "faces": {
                "north": { "texture": "#3", "uv": [ 8.01, 0.01, 8.99, 0.99 ] },
                "east": { "texture": "#3", "uv": [ 8.01, 0.01, 8.99, 0.99 ] },
                "south": { "texture": "#3", "uv": [ 8.01, 0.01, 8.99, 0.99 ] },
                "west": { "texture": "#3", "uv": [ 8.01, 0.01, 8.99, 0.99 ] },
                "up": { "texture": "#3", "uv": [ 8.01, 0.01, 8.99, 0.99 ] },
                "down": { "texture": "#3", "uv": [ 8.01, 0.01, 8.99, 0.99 ] }
            }
        },
        {
            "name": "Cube",
            "from": [ 14.6, 0.0, 13.4 ], 
            "to": [ 14.799999999999999, 10.5, 13.6 ], 
            "rotation": { "origin": [ 0.5, 5.3, 13.5 ], "axis": "x", "angle": -22.5 },
            "faces": {
                "north": { "texture": "#3", "uv": [ 8.01, 0.01, 8.99, 0.99 ] },
                "east": { "texture": "#3", "uv": [ 8.01, 0.01, 8.99, 0.99 ] },
                "south": { "texture": "#3", "uv": [ 8.01, 0.01, 8.99, 0.99 ] },
                "west": { "texture": "#3", "uv": [ 8.01, 0.01, 8.99, 0.99 ] },
                "up": { "texture": "#3", "uv": [ 8.01, 0.01, 8.99, 0.99 ] },
                "down": { "texture": "#3", "uv": [ 8.01, 0.01, 8.99, 0.99 ] }
            }
        },
        {
            "name": "Cube",
            "from": [ 14.6, 0.0, 13.4 ], 
            "to": [ 14.799999999999999, 10.5, 13.6 ], 
            "rotation": { "origin": [ 0.5, 5.3, 13.5 ], "axis": "x", "angle": 22.5 },
            "faces": {
                "north": { "texture": "#3", "uv": [ 8.01, 0.01, 8.99, 0.99 ] },
                "east": { "texture": "#3", "uv": [ 8.01, 0.01, 8.99, 0.99 ] },
                "south": { "texture": "#3", "uv": [ 8.01, 0.01, 8.99, 0.99 ] },
                "west": { "texture": "#3", "uv": [ 8.01, 0.01, 8.99, 0.99 ] },
                "up": { "texture": "#3", "uv": [ 8.01, 0.01, 8.99, 0.99 ] },
                "down": { "texture": "#3", "uv": [ 8.01, 0.01, 8.99, 0.99 ] }
            }
        },
        {
            "name": "Cube",
            "from": [ 14.2, 9.8, 12.3 ], 
            "to": [ 14.799999999999999, 10.0, 14.700000000000001 ], 
            "faces": {
                "north": { "texture": "#3", "uv": [ 8.01, 0.01, 8.99, 0.99 ] },
                "east": { "texture": "#3", "uv": [ 8.01, 0.01, 8.99, 0.99 ] },
                "south": { "texture": "#3", "uv": [ 8.01, 0.01, 8.99, 0.99 ] },
                "west": { "texture": "#3", "uv": [ 8.01, 0.01, 8.99, 0.99 ] },
                "up": { "texture": "#3", "uv": [ 8.01, 0.01, 8.99, 0.99 ] },
                "down": { "texture": "#3", "uv": [ 8.01, 0.01, 8.99, 0.99 ] }
            }
        },
        {
            "name": "Cube",
            "from": [ 14.2, 0.6, 12.3 ], 
            "to": [ 14.799999999999999, 0.8, 14.700000000000001 ], 
            "faces": {
                "north": { "texture": "#3", "uv": [ 8.01, 0.01, 8.99, 0.99 ] },
                "east": { "texture": "#3", "uv": [ 8.01, 0.01, 8.99, 0.99 ] },
                "south": { "texture": "#3", "uv": [ 8.01, 0.01, 8.99, 0.99 ] },
                "west": { "texture": "#3", "uv": [ 8.01, 0.01, 8.99, 0.99 ] },
                "up": { "texture": "#3", "uv": [ 8.01, 0.01, 8.99, 0.99 ] },
                "down": { "texture": "#3", "uv": [ 8.01, 0.01, 8.99, 0.99 ] }
            }
        },
        {
            "name": "Cube",
            "from": [ 14.2, 4.0, 18.0 ], 
            "to": [ 14.799999999999999, 6.6, 18.4 ], 
            "faces": {
                "north": { "texture": "#3", "uv": [ 8.01, 0.01, 8.99, 0.99 ] },
                "east": { "texture": "#3", "uv": [ 8.01, 0.01, 8.99, 0.99 ] },
                "south": { "texture": "#3", "uv": [ 8.01, 0.01, 8.99, 0.99 ] },
                "west": { "texture": "#3", "uv": [ 8.01, 0.01, 8.99, 0.99 ] },
                "up": { "texture": "#3", "uv": [ 8.01, 0.01, 8.99, 0.99 ] },
                "down": { "texture": "#3", "uv": [ 8.01, 0.01, 8.99, 0.99 ] }
            }
        },
        {
            "name": "Cube",
            "from": [ 14.2, 4.0, 8.6 ], 
            "to": [ 14.799999999999999, 6.6, 9.0 ], 
            "faces": {
                "north": { "texture": "#3", "uv": [ 8.01, 0.01, 8.99, 0.99 ] },
                "east": { "texture": "#3", "uv": [ 8.01, 0.01, 8.99, 0.99 ] },
                "south": { "texture": "#3", "uv": [ 8.01, 0.01, 8.99, 0.99 ] },
                "west": { "texture": "#3", "uv": [ 8.01, 0.01, 8.99, 0.99 ] },
                "up": { "texture": "#3", "uv": [ 8.01, 0.01, 8.99, 0.99 ] },
                "down": { "texture": "#3", "uv": [ 8.01, 0.01, 8.99, 0.99 ] }
            }
        },
        {
            "name": "Cube",
            "from": [ 14.2, 4.1, 8.6 ], 
            "to": [ 14.799999999999999, 6.5, 9.0 ], 
            "rotation": { "origin": [ 0.5, 5.3, 13.5 ], "axis": "x", "angle": -45.0 },
            "faces": {
                "north": { "texture": "#3", "uv": [ 8.01, 0.01, 8.99, 0.99 ] },
                "east": { "texture": "#3", "uv": [ 8.01, 0.01, 8.99, 0.99 ] },
                "south": { "texture": "#3", "uv": [ 8.01, 0.01, 8.99, 0.99 ] },
                "west": { "texture": "#3", "uv": [ 8.01, 0.01, 8.99, 0.99 ] },
                "up": { "texture": "#3", "uv": [ 8.01, 0.01, 8.99, 0.99 ] },
                "down": { "texture": "#3", "uv": [ 8.01, 0.01, 8.99, 0.99 ] }
            }
        },
        {
            "name": "Cube",
            "from": [ 14.2, 4.1, 18.0 ], 
            "to": [ 14.799999999999999, 6.5, 18.4 ], 
            "rotation": { "origin": [ 0.5, 5.3, 13.5 ], "axis": "x", "angle": -45.0 },
            "faces": {
                "north": { "texture": "#3", "uv": [ 8.01, 0.01, 8.99, 0.99 ] },
                "east": { "texture": "#3", "uv": [ 8.01, 0.01, 8.99, 0.99 ] },
                "south": { "texture": "#3", "uv": [ 8.01, 0.01, 8.99, 0.99 ] },
                "west": { "texture": "#3", "uv": [ 8.01, 0.01, 8.99, 0.99 ] },
                "up": { "texture": "#3", "uv": [ 8.01, 0.01, 8.99, 0.99 ] },
                "down": { "texture": "#3", "uv": [ 8.01, 0.01, 8.99, 0.99 ] }
            }
        },
        {
            "name": "Cube",
            "from": [ 14.2, 4.1, 8.6 ], 
            "to": [ 14.799999999999999, 6.5, 9.0 ], 
            "rotation": { "origin": [ 0.5, 5.3, 13.5 ], "axis": "x", "angle": -22.5 },
            "faces": {
                "north": { "texture": "#3", "uv": [ 8.01, 0.01, 8.99, 0.99 ] },
                "east": { "texture": "#3", "uv": [ 8.01, 0.01, 8.99, 0.99 ] },
                "south": { "texture": "#3", "uv": [ 8.01, 0.01, 8.99, 0.99 ] },
                "west": { "texture": "#3", "uv": [ 8.01, 0.01, 8.99, 0.99 ] },
                "up": { "texture": "#3", "uv": [ 8.01, 0.01, 8.99, 0.99 ] },
                "down": { "texture": "#3", "uv": [ 8.01, 0.01, 8.99, 0.99 ] }
            }
        },
        {
            "name": "Cube",
            "from": [ 14.2, 4.1, 8.6 ], 
            "to": [ 14.799999999999999, 6.5, 9.0 ], 
            "rotation": { "origin": [ 0.5, 5.3, 13.5 ], "axis": "x", "angle": 22.5 },
            "faces": {
                "north": { "texture": "#3", "uv": [ 8.01, 0.01, 8.99, 0.99 ] },
                "east": { "texture": "#3", "uv": [ 8.01, 0.01, 8.99, 0.99 ] },
                "south": { "texture": "#3", "uv": [ 8.01, 0.01, 8.99, 0.99 ] },
                "west": { "texture": "#3", "uv": [ 8.01, 0.01, 8.99, 0.99 ] },
                "up": { "texture": "#3", "uv": [ 8.01, 0.01, 8.99, 0.99 ] },
                "down": { "texture": "#3", "uv": [ 8.01, 0.01, 8.99, 0.99 ] }
            }
        },
        {
            "name": "Cube",
            "from": [ 14.2, 4.1, 8.6 ], 
            "to": [ 14.799999999999999, 6.5, 9.0 ], 
            "rotation": { "origin": [ 0.5, 5.3, 13.5 ], "axis": "x", "angle": 45.0 },
            "faces": {
                "north": { "texture": "#3", "uv": [ 8.01, 0.01, 8.99, 0.99 ] },
                "east": { "texture": "#3", "uv": [ 8.01, 0.01, 8.99, 0.99 ] },
                "south": { "texture": "#3", "uv": [ 8.01, 0.01, 8.99, 0.99 ] },
                "west": { "texture": "#3", "uv": [ 8.01, 0.01, 8.99, 0.99 ] },
                "up": { "texture": "#3", "uv": [ 8.01, 0.01, 8.99, 0.99 ] },
                "down": { "texture": "#3", "uv": [ 8.01, 0.01, 8.99, 0.99 ] }
            }
        },
        {
            "name": "Cube",
            "from": [ 14.2, 4.1, 18.0 ], 
            "to": [ 14.799999999999999, 6.5, 18.4 ], 
            "rotation": { "origin": [ 0.5, 5.3, 13.5 ], "axis": "x", "angle": -22.5 },
            "faces": {
                "north": { "texture": "#3", "uv": [ 8.01, 0.01, 8.99, 0.99 ] },
                "east": { "texture": "#3", "uv": [ 8.01, 0.01, 8.99, 0.99 ] },
                "south": { "texture": "#3", "uv": [ 8.01, 0.01, 8.99, 0.99 ] },
                "west": { "texture": "#3", "uv": [ 8.01, 0.01, 8.99, 0.99 ] },
                "up": { "texture": "#3", "uv": [ 8.01, 0.01, 8.99, 0.99 ] },
                "down": { "texture": "#3", "uv": [ 8.01, 0.01, 8.99, 0.99 ] }
            }
        },
        {
            "name": "Cube",
            "from": [ 14.2, 4.1, 18.0 ], 
            "to": [ 14.799999999999999, 6.5, 18.4 ], 
            "rotation": { "origin": [ 0.5, 5.3, 13.5 ], "axis": "x", "angle": 22.5 },
            "faces": {
                "north": { "texture": "#3", "uv": [ 8.01, 0.01, 8.99, 0.99 ] },
                "east": { "texture": "#3", "uv": [ 8.01, 0.01, 8.99, 0.99 ] },
                "south": { "texture": "#3", "uv": [ 8.01, 0.01, 8.99, 0.99 ] },
                "west": { "texture": "#3", "uv": [ 8.01, 0.01, 8.99, 0.99 ] },
                "up": { "texture": "#3", "uv": [ 8.01, 0.01, 8.99, 0.99 ] },
                "down": { "texture": "#3", "uv": [ 8.01, 0.01, 8.99, 0.99 ] }
            }
        },
        {
            "name": "Cube",
            "from": [ 14.2, 4.1, 18.0 ], 
            "to": [ 14.799999999999999, 6.5, 18.4 ], 
            "rotation": { "origin": [ 0.5, 5.3, 13.5 ], "axis": "x", "angle": 45.0 },
            "faces": {
                "north": { "texture": "#3", "uv": [ 8.01, 0.01, 8.99, 0.99 ] },
                "east": { "texture": "#3", "uv": [ 8.01, 0.01, 8.99, 0.99 ] },
                "south": { "texture": "#3", "uv": [ 8.01, 0.01, 8.99, 0.99 ] },
                "west": { "texture": "#3", "uv": [ 8.01, 0.01, 8.99, 0.99 ] },
                "up": { "texture": "#3", "uv": [ 8.01, 0.01, 8.99, 0.99 ] },
                "down": { "texture": "#3", "uv": [ 8.01, 0.01, 8.99, 0.99 ] }
            }
        },
        {
            "name": "Cube",
            "from": [ 14.2, 9.8, 12.3 ], 
            "to": [ 14.799999999999999, 10.0, 14.700000000000001 ], 
            "rotation": { "origin": [ 0.5, 5.3, 13.5 ], "axis": "x", "angle": 22.5 },
            "faces": {
                "north": { "texture": "#3", "uv": [ 8.01, 0.01, 8.99, 0.99 ] },
                "east": { "texture": "#3", "uv": [ 8.01, 0.01, 8.99, 0.99 ] },
                "south": { "texture": "#3", "uv": [ 8.01, 0.01, 8.99, 0.99 ] },
                "west": { "texture": "#3", "uv": [ 8.01, 0.01, 8.99, 0.99 ] },
                "up": { "texture": "#3", "uv": [ 8.01, 0.01, 8.99, 0.99 ] },
                "down": { "texture": "#3", "uv": [ 8.01, 0.01, 8.99, 0.99 ] }
            }
        },
        {
            "name": "Cube",
            "from": [ 14.2, 9.8, 12.3 ], 
            "to": [ 14.799999999999999, 10.0, 14.700000000000001 ], 
            "rotation": { "origin": [ 0.5, 5.3, 13.5 ], "axis": "x", "angle": -22.5 },
            "faces": {
                "north": { "texture": "#3", "uv": [ 8.01, 0.01, 8.99, 0.99 ] },
                "east": { "texture": "#3", "uv": [ 8.01, 0.01, 8.99, 0.99 ] },
                "south": { "texture": "#3", "uv": [ 8.01, 0.01, 8.99, 0.99 ] },
                "west": { "texture": "#3", "uv": [ 8.01, 0.01, 8.99, 0.99 ] },
                "up": { "texture": "#3", "uv": [ 8.01, 0.01, 8.99, 0.99 ] },
                "down": { "texture": "#3", "uv": [ 8.01, 0.01, 8.99, 0.99 ] }
            }
        },
        {
            "name": "Cube",
            "from": [ 14.2, 0.6, 12.3 ], 
            "to": [ 14.799999999999999, 0.8, 14.700000000000001 ], 
            "rotation": { "origin": [ 0.5, 5.3, 13.5 ], "axis": "x", "angle": 22.5 },
            "faces": {
                "north": { "texture": "#3", "uv": [ 8.01, 0.01, 8.99, 0.99 ] },
                "east": { "texture": "#3", "uv": [ 8.01, 0.01, 8.99, 0.99 ] },
                "south": { "texture": "#3", "uv": [ 8.01, 0.01, 8.99, 0.99 ] },
                "west": { "texture": "#3", "uv": [ 8.01, 0.01, 8.99, 0.99 ] },
                "up": { "texture": "#3", "uv": [ 8.01, 0.01, 8.99, 0.99 ] },
                "down": { "texture": "#3", "uv": [ 8.01, 0.01, 8.99, 0.99 ] }
            }
        },
        {
            "name": "Cube",
            "from": [ 14.2, 0.6, 12.3 ], 
            "to": [ 14.799999999999999, 0.8, 14.700000000000001 ], 
            "rotation": { "origin": [ 0.5, 5.3, 13.5 ], "axis": "x", "angle": -22.5 },
            "faces": {
                "north": { "texture": "#3", "uv": [ 8.01, 0.01, 8.99, 0.99 ] },
                "east": { "texture": "#3", "uv": [ 8.01, 0.01, 8.99, 0.99 ] },
                "south": { "texture": "#3", "uv": [ 8.01, 0.01, 8.99, 0.99 ] },
                "west": { "texture": "#3", "uv": [ 8.01, 0.01, 8.99, 0.99 ] },
                "up": { "texture": "#3", "uv": [ 8.01, 0.01, 8.99, 0.99 ] },
                "down": { "texture": "#3", "uv": [ 8.01, 0.01, 8.99, 0.99 ] }
            }
        },
        {
            "name": "Cube",
            "from": [ 14.1, 4.3, 8.2 ], 
            "to": [ 15.1, 6.3, 8.799999999999999 ], 
            "rotation": { "origin": [ 1.0, 5.3, 13.7 ], "axis": "x", "angle": -22.5 },
            "faces": {
                "north": { "texture": "#3", "uv": [ 2.01, 0.01, 2.99, 0.99 ] },
                "east": { "texture": "#3", "uv": [ 2.01, 0.01, 2.99, 0.99 ] },
                "south": { "texture": "#3", "uv": [ 2.01, 0.01, 2.99, 0.99 ] },
                "west": { "texture": "#3", "uv": [ 2.01, 0.01, 2.99, 0.99 ] },
                "up": { "texture": "#3", "uv": [ 2.01, 0.01, 2.99, 0.99 ] },
                "down": { "texture": "#3", "uv": [ 2.01, 0.01, 2.99, 0.99 ] }
            }
        },
        {
            "name": "Cube",
            "from": [ 14.1, 4.3, 8.2 ], 
            "to": [ 15.1, 6.35, 8.799999999999999 ], 
            "rotation": { "origin": [ 1.0, 5.3, 13.7 ], "axis": "x", "angle": 22.5 },
            "faces": {
                "north": { "texture": "#3", "uv": [ 2.01, 0.01, 2.99, 0.99 ] },
                "east": { "texture": "#3", "uv": [ 2.01, 0.01, 2.99, 0.99 ] },
                "south": { "texture": "#3", "uv": [ 2.01, 0.01, 2.99, 0.99 ] },
                "west": { "texture": "#3", "uv": [ 2.01, 0.01, 2.99, 0.99 ] },
                "up": { "texture": "#3", "uv": [ 2.01, 0.01, 2.99, 0.99 ] },
                "down": { "texture": "#3", "uv": [ 2.01, 0.01, 2.99, 0.99 ] }
            }
        },
        {
            "name": "bodyt1",
            "from": [ 2.4, 23.6, 2.4 ], 
            "to": [ 13.700000000000001, 24.6, 13.700000000000001 ], 
            "faces": {
                "north": { "texture": "#3", "uv": [ 8.01, 0.01, 8.99, 0.99 ] },
                "east": { "texture": "#3", "uv": [ 8.01, 0.01, 8.99, 0.99 ] },
                "south": { "texture": "#3", "uv": [ 8.01, 0.01, 8.99, 0.99 ] },
                "west": { "texture": "#3", "uv": [ 8.01, 0.01, 8.99, 0.99 ] },
                "up": { "texture": "#3", "uv": [ 8.01, 0.01, 8.99, 0.99 ] },
                "down": { "texture": "#3", "uv": [ 8.0, 0.0, 9.0, 1.0 ] }
            }
        },
        {
            "name": "bodyt2",
            "from": [ 2.4, 31.0, 2.4 ], 
            "to": [ 13.700000000000001, 32.0, 13.700000000000001 ], 
            "faces": {
                "north": { "texture": "#3", "uv": [ 8.01, 0.01, 8.99, 0.99 ] },
                "east": { "texture": "#3", "uv": [ 8.01, 0.01, 8.99, 0.99 ] },
                "south": { "texture": "#3", "uv": [ 8.01, 0.01, 8.99, 0.99 ] },
                "west": { "texture": "#3", "uv": [ 8.01, 0.01, 8.99, 0.99 ] },
                "up": { "texture": "#3", "uv": [ 8.01, 0.01, 8.99, 0.99 ] },
                "down": { "texture": "#3", "uv": [ 8.0, 0.0, 9.0, 1.0 ] }
            }
        },
        {
            "name": "bodyt3",
            "from": [ 2.4, 24.6, 2.4 ], 
            "to": [ 3.4, 31.0, 3.4 ], 
            "faces": {
                "north": { "texture": "#3", "uv": [ 8.01, 0.01, 8.99, 0.99 ] },
                "east": { "texture": "#3", "uv": [ 8.01, 0.01, 8.99, 0.99 ] },
                "south": { "texture": "#3", "uv": [ 8.01, 0.01, 8.99, 0.99 ] },
                "west": { "texture": "#3", "uv": [ 8.01, 0.01, 8.99, 0.99 ] },
                "up": { "texture": "#3", "uv": [ 8.01, 0.01, 8.99, 0.99 ] },
                "down": { "texture": "#3", "uv": [ 8.0, 0.0, 9.0, 1.0 ] }
            }
        },
        {
            "name": "bodyt4",
            "from": [ 12.7, 24.6, 2.4 ], 
            "to": [ 13.7, 31.0, 3.4 ], 
            "faces": {
                "north": { "texture": "#3", "uv": [ 8.01, 0.01, 8.99, 0.99 ] },
                "east": { "texture": "#3", "uv": [ 8.01, 0.01, 8.99, 0.99 ] },
                "south": { "texture": "#3", "uv": [ 8.01, 0.01, 8.99, 0.99 ] },
                "west": { "texture": "#3", "uv": [ 8.01, 0.01, 8.99, 0.99 ] },
                "up": { "texture": "#3", "uv": [ 8.01, 0.01, 8.99, 0.99 ] },
                "down": { "texture": "#3", "uv": [ 8.0, 0.0, 9.0, 1.0 ] }
            }
        },
        {
            "name": "bodyt5",
            "from": [ 12.7, 24.6, 12.7 ], 
            "to": [ 13.7, 31.0, 13.7 ], 
            "faces": {
                "north": { "texture": "#3", "uv": [ 8.01, 0.01, 8.99, 0.99 ] },
                "east": { "texture": "#3", "uv": [ 8.01, 0.01, 8.99, 0.99 ] },
                "south": { "texture": "#3", "uv": [ 8.01, 0.01, 8.99, 0.99 ] },
                "west": { "texture": "#3", "uv": [ 8.01, 0.01, 8.99, 0.99 ] },
                "up": { "texture": "#3", "uv": [ 8.01, 0.01, 8.99, 0.99 ] },
                "down": { "texture": "#3", "uv": [ 8.0, 0.0, 9.0, 1.0 ] }
            }
        },
        {
            "name": "bodyt6",
            "from": [ 2.4, 24.6, 12.7 ], 
            "to": [ 3.4, 31.0, 13.7 ], 
            "faces": {
                "north": { "texture": "#3", "uv": [ 8.01, 0.01, 8.99, 0.99 ] },
                "east": { "texture": "#3", "uv": [ 8.01, 0.01, 8.99, 0.99 ] },
                "south": { "texture": "#3", "uv": [ 8.01, 0.01, 8.99, 0.99 ] },
                "west": { "texture": "#3", "uv": [ 8.01, 0.01, 8.99, 0.99 ] },
                "up": { "texture": "#3", "uv": [ 8.01, 0.01, 8.99, 0.99 ] },
                "down": { "texture": "#3", "uv": [ 8.0, 0.0, 9.0, 1.0 ] }
            }
        },
        {
            "name": "ttray1",
            "from": [ 2.4, 24.6, 4.699999999999999 ], 
            "to": [ 3.4, 26.0, 11.399999999999999 ], 
            "faces": {
                "north": { "texture": "#3", "uv": [ 8.01, 0.01, 8.99, 0.99 ] },
                "east": { "texture": "#3", "uv": [ 8.01, 0.01, 8.99, 0.99 ] },
                "south": { "texture": "#3", "uv": [ 8.01, 0.01, 8.99, 0.99 ] },
                "west": { "texture": "#3", "uv": [ 8.01, 0.01, 8.99, 0.99 ] },
                "up": { "texture": "#3", "uv": [ 8.01, 0.01, 8.99, 0.99 ] },
                "down": { "texture": "#3", "uv": [ 8.0, 0.0, 9.0, 1.0 ] }
            }
        },
        {
            "name": "ttray2",
            "from": [ -1.6, 26.0, 4.8 ], 
            "to": [ 2.4, 26.2, 11.399999999999999 ], 
            "faces": {
                "north": { "texture": "#3", "uv": [ 8.01, 0.01, 8.99, 0.99 ] },
                "east": { "texture": "#3", "uv": [ 8.01, 0.01, 8.99, 0.99 ] },
                "south": { "texture": "#3", "uv": [ 8.01, 0.01, 8.99, 0.99 ] },
                "west": { "texture": "#3", "uv": [ 8.01, 0.01, 8.99, 0.99 ] },
                "up": { "texture": "#3", "uv": [ 8.01, 0.01, 8.99, 0.99 ] },
                "down": { "texture": "#3", "uv": [ 8.0, 0.0, 9.0, 1.0 ] }
            }
        },
        {
            "name": "ttray3",
            "from": [ -1.6, 26.0, 4.7 ], 
            "to": [ -1.4000000000000001, 28.0, 11.4 ], 
            "faces": {
                "north": { "texture": "#3", "uv": [ 8.01, 0.01, 8.99, 0.99 ] },
                "east": { "texture": "#3", "uv": [ 8.01, 0.01, 8.99, 0.99 ] },
                "south": { "texture": "#3", "uv": [ 8.01, 0.01, 8.99, 0.99 ] },
                "west": { "texture": "#3", "uv": [ 8.01, 0.01, 8.99, 0.99 ] },
                "up": { "texture": "#3", "uv": [ 8.01, 0.01, 8.99, 0.99 ] },
                "down": { "texture": "#3", "uv": [ 8.0, 0.0, 9.0, 1.0 ] }
            }
        },
        {
            "name": "ttray4",
            "from": [ -1.6, 26.0, 4.7 ], 
            "to": [ 2.4, 28.0, 4.9 ], 
            "faces": {
                "north": { "texture": "#3", "uv": [ 8.01, 0.01, 8.99, 0.99 ] },
                "east": { "texture": "#3", "uv": [ 8.01, 0.01, 8.99, 0.99 ] },
                "south": { "texture": "#3", "uv": [ 8.01, 0.01, 8.99, 0.99 ] },
                "west": { "texture": "#3", "uv": [ 8.01, 0.01, 8.99, 0.99 ] },
                "up": { "texture": "#3", "uv": [ 8.01, 0.01, 8.99, 0.99 ] },
                "down": { "texture": "#3", "uv": [ 8.0, 0.0, 9.0, 1.0 ] }
            }
        },
        {
            "name": "ttray5",
            "from": [ -1.6, 26.0, 11.4 ], 
            "to": [ 2.4, 28.0, 11.6 ], 
            "faces": {
                "north": { "texture": "#3", "uv": [ 8.01, 0.01, 8.99, 0.99 ] },
                "east": { "texture": "#3", "uv": [ 8.01, 0.01, 8.99, 0.99 ] },
                "south": { "texture": "#3", "uv": [ 8.01, 0.01, 8.99, 0.99 ] },
                "west": { "texture": "#3", "uv": [ 8.01, 0.01, 8.99, 0.99 ] },
                "up": { "texture": "#3", "uv": [ 8.01, 0.01, 8.99, 0.99 ] },
                "down": { "texture": "#3", "uv": [ 8.0, 0.0, 9.0, 1.0 ] }
            }
        }
    ],
"display": {
    "thirdperson_righthand": {
        "rotation": [ 0, -43, 0 ],
        "translation": [ 0, 0, 0 ],
        "scale": [ 0.5, 0.5, 0.5 ]
    },
    "thirdperson_lefthand": {
        "rotation": [ 0, -43, 0 ],
        "translation": [ 0, 0, 0 ],
        "scale": [ 0.5, 0.5, 0.5 ]
    },
    "head": {
        "rotation": [ 0, 180, 0 ],
        "translation": [ 0, -30.5, 0 ],
        "scale": [ 1.6, 1.6, 1.6 ]
    },
    "ground": {
        "rotation": [ 0, 0, 0 ],
        "translation": [ 0, 2, 0 ],
        "scale": [ 0.5, 0.5, 0.5 ]
    },
    "fixed": {
        "rotation": [ 0, 0, 0 ],
        "translation": [ 0, 0, -3.4 ],
        "scale": [ 0.5, 0.5, 0.5 ]
    },
    "firstperson_righthand": {
        "rotation": [ 0, 17, 0 ],
        "translation": [ 0, 0, 0 ],
        "scale": [ 0.5, 0.5, 0.5 ]
    },
    "firstperson_lefthand": {
        "rotation": [ 0, 17, 0 ],
        "translation": [ 0, 0, 0 ],
        "scale": [ 0.5, 0.5, 0.5 ]
    },
    "gui": {
        "rotation": [ 35, -137, 0 ],
        "translation": [ 0, -2.65, 0 ],
        "scale": [ 0.5, 0.5, 0.5 ]
    }
}
}