{
    "__comment": "Designed by Tomshalev01",
    "textures": {
        "0": "blocks/obsidian",
        "1": "blocks/log_oak",
        "2": "blocks/iron_block",
        "particle": "blocks/iron_block"
    },
    "elements": [
        {
            "name": "Leg1",
            "from": [ 5.0, 0.0, 1.0 ], 
            "to": [ 7.0, 0.2, 3.0 ], 
            "faces": {
                "north": { "texture": "#0", "uv": [ 0.0, 0.0, 2.0, 0.2 ] },
                "east": { "texture": "#0", "uv": [ 0.0, 0.0, 2.0, 0.2 ] },
                "south": { "texture": "#0", "uv": [ 0.0, 0.0, 2.0, 0.2 ] },
                "west": { "texture": "#0", "uv": [ 0.0, 0.0, 2.0, 0.2 ] },
                "up": { "texture": "#0", "uv": [ 0.0, 0.0, 2.0, 2.0 ] },
                "down": { "texture": "#0", "uv": [ 0.0, 0.0, 2.0, 2.0 ] }
            }
        },
        {
            "name": "Leg2",
            "from": [ 9.0, 0.0, 1.0 ], 
            "to": [ 11.0, 0.2, 3.0 ], 
            "faces": {
                "north": { "texture": "#0", "uv": [ 0.0, 0.0, 2.0, 0.2 ] },
                "east": { "texture": "#0", "uv": [ 0.0, 0.0, 2.0, 0.2 ] },
                "south": { "texture": "#0", "uv": [ 0.0, 0.0, 2.0, 0.2 ] },
                "west": { "texture": "#0", "uv": [ 0.0, 0.0, 2.0, 0.2 ] },
                "up": { "texture": "#0", "uv": [ 0.0, 0.0, 2.0, 2.0 ] },
                "down": { "texture": "#0", "uv": [ 0.0, 0.0, 2.0, 2.0 ] }
            }
        },
        {
            "name": "Leg3",
            "from": [ 9.0, 0.0, 13.0 ], 
            "to": [ 11.0, 0.2, 15.0 ], 
            "faces": {
                "north": { "texture": "#0", "uv": [ 0.0, 0.0, 2.0, 0.2 ] },
                "east": { "texture": "#0", "uv": [ 0.0, 0.0, 2.0, 0.2 ] },
                "south": { "texture": "#0", "uv": [ 0.0, 0.0, 2.0, 0.2 ] },
                "west": { "texture": "#0", "uv": [ 0.0, 0.0, 2.0, 0.2 ] },
                "up": { "texture": "#0", "uv": [ 0.0, 0.0, 2.0, 2.0 ] },
                "down": { "texture": "#0", "uv": [ 0.0, 0.0, 2.0, 2.0 ] }
            }
        },
        {
            "name": "Leg4",
            "from": [ 5.0, 0.0, 13.0 ], 
            "to": [ 7.0, 0.2, 15.0 ], 
            "faces": {
                "north": { "texture": "#0", "uv": [ 0.0, 0.0, 2.0, 0.2 ] },
                "east": { "texture": "#0", "uv": [ 0.0, 0.0, 2.0, 0.2 ] },
                "south": { "texture": "#0", "uv": [ 0.0, 0.0, 2.0, 0.2 ] },
                "west": { "texture": "#0", "uv": [ 0.0, 0.0, 2.0, 0.2 ] },
                "up": { "texture": "#0", "uv": [ 0.0, 0.0, 2.0, 2.0 ] },
                "down": { "texture": "#0", "uv": [ 0.0, 0.0, 2.0, 2.0 ] }
            }
        },
        {
            "name": "Leg42",
            "from": [ 5.5, 0.2, 13.5 ], 
            "to": [ 6.5, 1.0, 14.5 ], 
            "faces": {
                "north": { "texture": "#0", "uv": [ 0.0, 0.0, 1.0, 0.8 ] },
                "east": { "texture": "#0", "uv": [ 0.0, 0.0, 1.0, 0.8 ] },
                "south": { "texture": "#0", "uv": [ 0.0, 0.0, 1.0, 0.8 ] },
                "west": { "texture": "#0", "uv": [ 0.0, 0.0, 1.0, 0.8 ] },
                "up": { "texture": "#0", "uv": [ 0.0, 0.0, 1.0, 1.0 ] },
                "down": { "texture": "#0", "uv": [ 0.0, 0.0, 1.0, 1.0 ] }
            }
        },
        {
            "name": "Leg32",
            "from": [ 9.5, 0.2, 13.5 ], 
            "to": [ 10.5, 1.0, 14.5 ], 
            "faces": {
                "north": { "texture": "#0", "uv": [ 0.0, 0.0, 1.0, 0.8 ] },
                "east": { "texture": "#0", "uv": [ 0.0, 0.0, 1.0, 0.8 ] },
                "south": { "texture": "#0", "uv": [ 0.0, 0.0, 1.0, 0.8 ] },
                "west": { "texture": "#0", "uv": [ 0.0, 0.0, 1.0, 0.8 ] },
                "up": { "texture": "#0", "uv": [ 0.0, 0.0, 1.0, 1.0 ] },
                "down": { "texture": "#0", "uv": [ 0.0, 0.0, 1.0, 1.0 ] }
            }
        },
        {
            "name": "Leg22",
            "from": [ 9.5, 0.2, 1.5 ], 
            "to": [ 10.5, 1.0, 2.5 ], 
            "faces": {
                "north": { "texture": "#0", "uv": [ 0.0, 0.0, 1.0, 0.8 ] },
                "east": { "texture": "#0", "uv": [ 0.0, 0.0, 1.0, 0.8 ] },
                "south": { "texture": "#0", "uv": [ 0.0, 0.0, 1.0, 0.8 ] },
                "west": { "texture": "#0", "uv": [ 0.0, 0.0, 1.0, 0.8 ] },
                "up": { "texture": "#0", "uv": [ 0.0, 0.0, 1.0, 1.0 ] },
                "down": { "texture": "#0", "uv": [ 0.0, 0.0, 1.0, 1.0 ] }
            }
        },
        {
            "name": "Leg12",
            "from": [ 5.5, 0.2, 1.5 ], 
            "to": [ 6.5, 1.0, 2.5 ], 
            "faces": {
                "north": { "texture": "#0", "uv": [ 0.0, 0.0, 1.0, 0.8 ] },
                "east": { "texture": "#0", "uv": [ 0.0, 0.0, 1.0, 0.8 ] },
                "south": { "texture": "#0", "uv": [ 0.0, 0.0, 1.0, 0.8 ] },
                "west": { "texture": "#0", "uv": [ 0.0, 0.0, 1.0, 0.8 ] },
                "up": { "texture": "#0", "uv": [ 0.0, 0.0, 1.0, 1.0 ] },
                "down": { "texture": "#0", "uv": [ 0.0, 0.0, 1.0, 1.0 ] }
            }
        },
        {
            "name": "BodyB1",
            "from": [ 5.6, 0.6, 1.6 ], 
            "to": [ 10.399999999999999, 1.2, 14.4 ], 
            "faces": {
                "north": { "texture": "#0", "uv": [ 0.0, 0.0, 4.8, 0.6 ] },
                "east": { "texture": "#0", "uv": [ 0.0, 0.0, 12.8, 0.6 ] },
                "south": { "texture": "#0", "uv": [ 0.0, 0.0, 4.8, 0.6 ] },
                "west": { "texture": "#0", "uv": [ 0.0, 0.0, 12.8, 0.6 ] },
                "up": { "texture": "#0", "uv": [ 0.0, 0.0, 4.8, 12.8 ] },
                "down": { "texture": "#0", "uv": [ 0.0, 0.0, 4.8, 12.8 ] }
            }
        },
        {
            "name": "BodyFrame1",
            "from": [ 5.6, 1.2, 1.6 ], 
            "to": [ 10.399999999999999, 1.7999999999999998, 14.4 ], 
            "faces": {
                "north": { "texture": "#1", "uv": [ 0.0, 0.0, 4.8, 0.6 ] },
                "east": { "texture": "#1", "uv": [ 0.0, 0.0, 12.8, 0.6 ] },
                "south": { "texture": "#1", "uv": [ 0.0, 0.0, 4.8, 0.6 ] },
                "west": { "texture": "#1", "uv": [ 0.0, 0.0, 12.8, 0.6 ] },
                "up": { "texture": "#1", "uv": [ 0.0, 0.0, 4.8, 12.8 ] },
                "down": { "texture": "#1", "uv": [ 0.0, 0.0, 4.8, 12.8 ] }
            }
        },
        {
            "name": "BodyFrame2",
            "from": [ 5.6, 1.8, 1.6 ], 
            "to": [ 10.399999999999999, 8.200000000000001, 2.2 ], 
            "faces": {
                "north": { "texture": "#1", "uv": [ 0.0, 0.0, 4.8, 6.4 ] },
                "east": { "texture": "#1", "uv": [ 0.0, 0.0, 0.6, 6.4 ] },
                "south": { "texture": "#1", "uv": [ 0.0, 0.0, 4.8, 6.4 ] },
                "west": { "texture": "#1", "uv": [ 0.0, 0.0, 0.6, 6.4 ] },
                "up": { "texture": "#1", "uv": [ 0.0, 0.0, 4.8, 0.6 ] },
                "down": { "texture": "#1", "uv": [ 0.0, 0.0, 4.8, 0.6 ] }
            }
        },
        {
            "name": "BodyFrame3",
            "from": [ 5.6, 8.2, 1.6 ], 
            "to": [ 10.399999999999999, 8.799999999999999, 14.4 ], 
            "faces": {
                "north": { "texture": "#1", "uv": [ 0.0, 0.0, 4.8, 0.6 ] },
                "east": { "texture": "#1", "uv": [ 0.0, 0.0, 12.8, 0.6 ] },
                "south": { "texture": "#1", "uv": [ 0.0, 0.0, 4.8, 0.6 ] },
                "west": { "texture": "#1", "uv": [ 0.0, 0.0, 12.8, 0.6 ] },
                "up": { "texture": "#1", "uv": [ 0.0, 0.0, 4.8, 12.8 ] },
                "down": { "texture": "#1", "uv": [ 0.0, 0.0, 4.8, 12.8 ] }
            }
        },
        {
            "name": "BodyFrame4",
            "from": [ 5.6, 1.8, 13.8 ], 
            "to": [ 10.399999999999999, 8.200000000000001, 14.4 ], 
            "faces": {
                "north": { "texture": "#1", "uv": [ 0.0, 0.0, 4.8, 6.4 ] },
                "east": { "texture": "#1", "uv": [ 0.0, 0.0, 0.6, 6.4 ] },
                "south": { "texture": "#1", "uv": [ 0.0, 0.0, 4.8, 6.4 ] },
                "west": { "texture": "#1", "uv": [ 0.0, 0.0, 0.6, 6.4 ] },
                "up": { "texture": "#1", "uv": [ 0.0, 0.0, 4.8, 0.6 ] },
                "down": { "texture": "#1", "uv": [ 0.0, 0.0, 4.8, 0.6 ] }
            }
        },
        {
            "name": "BodyInside",
            "from": [ 6.2, 1.8, 2.2 ], 
            "to": [ 9.8, 8.200000000000001, 13.8 ], 
            "faces": {
                "east": { "texture": "#0", "uv": [ 0.0, 0.0, 11.6, 6.4 ] },
                "west": { "texture": "#0", "uv": [ 0.0, 0.0, 11.6, 6.4 ] }
            }
        },
        {
            "name": "Handle1",
            "from": [ 7.2, 9.8, 4.0 ], 
            "to": [ 8.8, 10.4, 12.0 ], 
            "faces": {
                "north": { "texture": "#0", "uv": [ 0.0, 0.0, 1.6, 0.6 ] },
                "east": { "texture": "#0", "uv": [ 0.0, 0.0, 8.0, 0.6 ] },
                "south": { "texture": "#0", "uv": [ 0.0, 0.0, 1.6, 0.6 ] },
                "west": { "texture": "#0", "uv": [ 0.0, 0.0, 8.0, 0.6 ] },
                "up": { "texture": "#0", "uv": [ 0.0, 0.0, 1.6, 8.0 ] },
                "down": { "texture": "#0", "uv": [ 0.0, 0.0, 1.6, 8.0 ] }
            }
        },
        {
            "name": "Handle12",
            "from": [ 7.2, 8.8, 4.0 ], 
            "to": [ 8.8, 9.8, 5.0 ], 
            "faces": {
                "north": { "texture": "#0", "uv": [ 0.0, 0.0, 1.6, 1.0 ] },
                "east": { "texture": "#0", "uv": [ 0.0, 0.0, 1.0, 1.0 ] },
                "south": { "texture": "#0", "uv": [ 0.0, 0.0, 1.6, 1.0 ] },
                "west": { "texture": "#0", "uv": [ 0.0, 0.0, 1.0, 1.0 ] },
                "up": { "texture": "#0", "uv": [ 0.0, 0.0, 1.6, 1.0 ] },
                "down": { "texture": "#0", "uv": [ 0.0, 0.0, 1.6, 1.0 ] }
            }
        },
        {
            "name": "Handle13",
            "from": [ 7.2, 8.8, 11.0 ], 
            "to": [ 8.8, 9.8, 12.0 ], 
            "faces": {
                "north": { "texture": "#0", "uv": [ 0.0, 0.0, 1.6, 1.0 ] },
                "east": { "texture": "#0", "uv": [ 0.0, 0.0, 1.0, 1.0 ] },
                "south": { "texture": "#0", "uv": [ 0.0, 0.0, 1.6, 1.0 ] },
                "west": { "texture": "#0", "uv": [ 0.0, 0.0, 1.0, 1.0 ] },
                "up": { "texture": "#0", "uv": [ 0.0, 0.0, 1.6, 1.0 ] },
                "down": { "texture": "#0", "uv": [ 0.0, 0.0, 1.6, 1.0 ] }
            }
        },
        {
            "name": "Projector1",
            "from": [ 6.5, 3.2, 14.0 ], 
            "to": [ 9.5, 3.8000000000000003, 18.0 ], 
            "faces": {
                "north": { "texture": "#2", "uv": [ 0.0, 0.0, 3.0, 0.6 ] },
                "east": { "texture": "#2", "uv": [ 0.0, 0.0, 4.0, 0.6 ] },
                "south": { "texture": "#2", "uv": [ 0.0, 0.0, 3.0, 0.6 ] },
                "west": { "texture": "#2", "uv": [ 0.0, 0.0, 4.0, 0.6 ] },
                "up": { "texture": "#2", "uv": [ 0.0, 0.0, 3.0, 4.0 ] },
                "down": { "texture": "#2", "uv": [ 0.0, 0.0, 3.0, 4.0 ] }
            }
        },
        {
            "name": "Projector2",
            "from": [ 6.5, 5.6, 14.0 ], 
            "to": [ 9.5, 6.199999999999999, 18.0 ], 
            "faces": {
                "north": { "texture": "#2", "uv": [ 0.0, 0.0, 3.0, 0.6 ] },
                "east": { "texture": "#2", "uv": [ 0.0, 0.0, 4.0, 0.6 ] },
                "south": { "texture": "#2", "uv": [ 0.0, 0.0, 3.0, 0.6 ] },
                "west": { "texture": "#2", "uv": [ 0.0, 0.0, 4.0, 0.6 ] },
                "up": { "texture": "#2", "uv": [ 0.0, 0.0, 3.0, 4.0 ] },
                "down": { "texture": "#2", "uv": [ 0.0, 0.0, 3.0, 4.0 ] }
            }
        },
        {
            "name": "Projector3",
            "from": [ 6.5, 3.8, 14.0 ], 
            "to": [ 7.1, 5.6, 18.0 ], 
            "faces": {
                "north": { "texture": "#2", "uv": [ 0.0, 0.0, 0.6, 1.8 ] },
                "east": { "texture": "#2", "uv": [ 0.0, 0.0, 4.0, 1.8 ] },
                "south": { "texture": "#2", "uv": [ 0.0, 0.0, 0.6, 1.8 ] },
                "west": { "texture": "#2", "uv": [ 0.0, 0.0, 4.0, 1.8 ] },
                "up": { "texture": "#2", "uv": [ 0.0, 0.0, 0.6, 4.0 ] },
                "down": { "texture": "#2", "uv": [ 0.0, 0.0, 0.6, 4.0 ] }
            }
        },
        {
            "name": "Projector4",
            "from": [ 8.9, 3.8, 14.0 ], 
            "to": [ 9.5, 5.6, 18.0 ], 
            "faces": {
                "north": { "texture": "#2", "uv": [ 0.0, 0.0, 0.6, 1.8 ] },
                "east": { "texture": "#2", "uv": [ 0.0, 0.0, 4.0, 1.8 ] },
                "south": { "texture": "#2", "uv": [ 0.0, 0.0, 0.6, 1.8 ] },
                "west": { "texture": "#2", "uv": [ 0.0, 0.0, 4.0, 1.8 ] },
                "up": { "texture": "#2", "uv": [ 0.0, 0.0, 0.6, 4.0 ] },
                "down": { "texture": "#2", "uv": [ 0.0, 0.0, 0.6, 4.0 ] }
            }
        },
        {
            "name": "projector5",
            "from": [ 7.1, 3.8, 14.0 ], 
            "to": [ 8.9, 5.6, 15.0 ], 
            "faces": {
                "north": { "texture": "#2", "uv": [ 0.0, 0.0, 1.8, 1.8 ] },
                "south": { "texture": "#0", "uv": [ 0.0, 0.0, 1.8, 1.8 ] }
            }
        },
        {
            "name": "Round11",
            "from": [ 4.5, 6.6, 10.0 ], 
            "to": [ 4.7, 12.6, 16.0 ], 
            "faces": {
                "north": { "texture": "#2", "uv": [ 0.0, 0.0, 0.2, 6.0 ] },
                "east": { "texture": "#2", "uv": [ 0.0, 0.0, 6.0, 6.0 ] },
                "south": { "texture": "#2", "uv": [ 0.0, 0.0, 0.2, 6.0 ] },
                "west": { "texture": "#2", "uv": [ 0.0, 0.0, 6.0, 6.0 ] },
                "up": { "texture": "#2", "uv": [ 0.0, 0.0, 0.2, 6.0 ] },
                "down": { "texture": "#2", "uv": [ 0.0, 0.0, 0.2, 6.0 ] }
            }
        },
        {
            "name": "Round12",
            "from": [ 5.4, 6.6, 10.0 ], 
            "to": [ 5.6000000000000005, 12.6, 16.0 ], 
            "faces": {
                "north": { "texture": "#2", "uv": [ 0.0, 0.0, 0.2, 6.0 ] },
                "east": { "texture": "#2", "uv": [ 0.0, 0.0, 6.0, 6.0 ] },
                "south": { "texture": "#2", "uv": [ 0.0, 0.0, 0.2, 6.0 ] },
                "west": { "texture": "#2", "uv": [ 0.0, 0.0, 6.0, 6.0 ] },
                "up": { "texture": "#2", "uv": [ 0.0, 0.0, 0.2, 6.0 ] },
                "down": { "texture": "#2", "uv": [ 0.0, 0.0, 0.2, 6.0 ] }
            }
        },
        {
            "name": "Round13",
            "from": [ 4.7, 7.6, 11.0 ], 
            "to": [ 5.4, 11.6, 15.0 ], 
            "faces": {
                "north": { "texture": "#0", "uv": [ 0.0, 0.0, 0.7, 4.0 ] },
                "south": { "texture": "#0", "uv": [ 0.0, 0.0, 0.7, 4.0 ] },
                "up": { "texture": "#0", "uv": [ 0.0, 0.0, 0.7, 4.0 ] },
                "down": { "texture": "#0", "uv": [ 0.0, 0.0, 0.7, 4.0 ] }
            }
        },
        {
            "name": "Round21",
            "from": [ 4.5, 6.6, 1.0 ], 
            "to": [ 4.7, 12.6, 7.0 ], 
            "faces": {
                "north": { "texture": "#2", "uv": [ 0.0, 0.0, 0.2, 6.0 ] },
                "east": { "texture": "#2", "uv": [ 0.0, 0.0, 6.0, 6.0 ] },
                "south": { "texture": "#2", "uv": [ 0.0, 0.0, 0.2, 6.0 ] },
                "west": { "texture": "#2", "uv": [ 0.0, 0.0, 6.0, 6.0 ] },
                "up": { "texture": "#2", "uv": [ 0.0, 0.0, 0.2, 6.0 ] },
                "down": { "texture": "#2", "uv": [ 0.0, 0.0, 0.2, 6.0 ] }
            }
        },
        {
            "name": "Round22",
            "from": [ 5.4, 6.6, 1.0 ], 
            "to": [ 5.6000000000000005, 12.6, 7.0 ], 
            "faces": {
                "north": { "texture": "#2", "uv": [ 0.0, 0.0, 0.2, 6.0 ] },
                "east": { "texture": "#2", "uv": [ 0.0, 0.0, 6.0, 6.0 ] },
                "south": { "texture": "#2", "uv": [ 0.0, 0.0, 0.2, 6.0 ] },
                "west": { "texture": "#2", "uv": [ 0.0, 0.0, 6.0, 6.0 ] },
                "up": { "texture": "#2", "uv": [ 0.0, 0.0, 0.2, 6.0 ] },
                "down": { "texture": "#2", "uv": [ 0.0, 0.0, 0.2, 6.0 ] }
            }
        },
        {
            "name": "Round23",
            "from": [ 4.7, 7.6, 2.0 ], 
            "to": [ 5.4, 11.6, 6.0 ], 
            "faces": {
                "north": { "texture": "#0", "uv": [ 0.0, 0.0, 0.7, 4.0 ] },
                "south": { "texture": "#0", "uv": [ 0.0, 0.0, 0.7, 4.0 ] },
                "up": { "texture": "#0", "uv": [ 0.0, 0.0, 0.7, 4.0 ] },
                "down": { "texture": "#0", "uv": [ 0.0, 0.0, 0.7, 4.0 ] }
            }
        },
        {
            "name": "Player1",
            "from": [ 5.7, 2.6, 3.0 ], 
            "to": [ 6.2, 4.6, 13.0 ], 
            "faces": {
                "north": { "texture": "#2", "uv": [ 0.0, 0.0, 0.5, 2.0 ] },
                "east": { "texture": "#2", "uv": [ 0.0, 0.0, 10.0, 2.0 ] },
                "south": { "texture": "#2", "uv": [ 0.0, 0.0, 0.5, 2.0 ] },
                "west": { "texture": "#2", "uv": [ 0.0, 0.0, 10.0, 2.0 ] },
                "up": { "texture": "#2", "uv": [ 0.0, 0.0, 0.5, 10.0 ] },
                "down": { "texture": "#2", "uv": [ 0.0, 0.0, 0.5, 10.0 ] }
            }
        },
        {
            "name": "Player2",
            "from": [ 5.2, 2.6, 7.0 ], 
            "to": [ 5.7, 4.6, 11.0 ], 
            "faces": {
                "north": { "texture": "#2", "uv": [ 0.0, 0.0, 0.5, 2.0 ] },
                "east": { "texture": "#2", "uv": [ 0.0, 0.0, 4.0, 2.0 ] },
                "south": { "texture": "#2", "uv": [ 0.0, 0.0, 0.5, 2.0 ] },
                "west": { "texture": "#2", "uv": [ 0.0, 0.0, 4.0, 2.0 ] },
                "up": { "texture": "#2", "uv": [ 0.0, 0.0, 0.5, 4.0 ] },
                "down": { "texture": "#2", "uv": [ 0.0, 0.0, 0.5, 4.0 ] }
            }
        }
    ],
"display": {
    "thirdperson_righthand": {
        "rotation": [ 0, -43, 0 ],
        "translation": [ 0, 0, 0 ],
        "scale": [ 0.5, 0.5, 0.5 ]
    },
    "thirdperson_lefthand": {
        "rotation": [ 0, -43, 0 ],
        "translation": [ 0, 0, 0 ],
        "scale": [ 0.5, 0.5, 0.5 ]
    },
    "head": {
        "rotation": [ 0, 180, 0 ],
        "translation": [ 0, -30.5, 0 ],
        "scale": [ 1.6, 1.6, 1.6 ]
    },
    "ground": {
        "rotation": [ 0, 0, 0 ],
        "translation": [ 0, 2, 0 ],
        "scale": [ 0.5, 0.5, 0.5 ]
    },
    "fixed": {
        "rotation": [ 0, 0, 0 ],
        "translation": [ 0, 0, -3.4 ],
        "scale": [ 0.5, 0.5, 0.5 ]
    },
    "firstperson_righthand": {
        "rotation": [ 0, 17, 0 ],
        "translation": [ 0, 0, 0 ],
        "scale": [ 0.5, 0.5, 0.5 ]
    },
    "firstperson_lefthand": {
        "rotation": [ 0, 17, 0 ],
        "translation": [ 0, 0, 0 ],
        "scale": [ 0.5, 0.5, 0.5 ]
    },
    "gui": {
        "rotation": [ 35, -137, 0 ],
        "translation": [ 0, -2.65, 0 ],
        "scale": [ 0.5, 0.5, 0.5 ]
    }
}
}