{
"__comment": "Designed by Rottennugget",
"textures": {
    "particle": "blocks/furniture/bar01",
    "texture": "blocks/furniture/bar01",
    "metal": "blocks/furniture/bar02",
    "planks_spruce": "blocks/planks_spruce"
},
"elements": [ 
{
    "from": [ 0, 0, 0 ],
    "to": [ 2, 2, 2 ],
    "faces": {
        "down":  { "uv": [ 13.5, 0.5, 15, 2 ], "texture": "#texture" },
        "up":    { "uv": [ 13.5, 0.5, 15, 2 ], "texture": "#texture" },
        "north": { "uv": [ 14, 1, 15.5, 2.5 ], "texture": "#texture" },
        "south": { "uv": [ 14, 1, 15.5, 2.5 ], "texture": "#texture" },
        "west":  { "uv": [ 14, 1, 15.5, 2.5 ], "texture": "#texture" },
        "east":  { "uv": [ 14, 1, 15.5, 2.5 ], "texture": "#texture" }
    }
},
{
    "from": [ 14, 0, 0 ],
    "to": [ 16, 2, 2 ],
    "faces": {
        "down":  { "uv": [ 14, 0.5, 15.5, 2 ], "texture": "#texture" },
        "up":    { "uv": [ 14, 0.5, 15.5, 2 ], "texture": "#texture" },
        "north": { "uv": [ 14, 0.5, 15.5, 2 ], "texture": "#texture" },
        "south": { "uv": [ 14, 0.5, 15.5, 2 ], "texture": "#texture" },
        "west":  { "uv": [ 14, 0.5, 15.5, 2 ], "texture": "#texture" },
        "east":  { "uv": [ 14, 0.5, 15.5, 2 ], "texture": "#texture" }
    }
},
{
    "from": [ 14, 0, 13 ],
    "to": [ 16, 2, 15 ],
    "faces": {
        "down":  { "uv": [ 14, 0.5, 15.5, 2 ], "texture": "#texture" },
        "up":    { "uv": [ 14, 0.5, 15.5, 2 ], "texture": "#texture" },
        "north": { "uv": [ 14, 0.5, 15.5, 2 ], "texture": "#texture" },
        "south": { "uv": [ 14, 0.5, 15.5, 2 ], "texture": "#texture" },
        "west":  { "uv": [ 14, 0.5, 15.5, 2 ], "texture": "#texture" },
        "east":  { "uv": [ 14, 0.5, 15.5, 2 ], "texture": "#texture" }
    }
},
{
    "from": [ 0, 0, 13 ],
    "to": [ 2, 2, 15 ],
    "faces": {
        "down":  { "uv": [ 14, 0.5, 15.5, 2 ], "texture": "#texture" },
        "up":    { "uv": [ 14, 0.5, 15.5, 2 ], "texture": "#texture" },
        "north": { "uv": [ 14, 0.5, 15.5, 2 ], "texture": "#texture" },
        "south": { "uv": [ 14, 0.5, 15.5, 2 ], "texture": "#texture" },
        "west":  { "uv": [ 14, 0.5, 15.5, 2 ], "texture": "#texture" },
        "east":  { "uv": [ 14, 0.5, 15.5, 2 ], "texture": "#texture" }
    }
},
{
    "from": [ 0, 2, 0 ],
    "to": [ 16, 16, 1 ],
    "faces": {
        "down":  { "uv": [ 15.5, 0, 16, 8 ], "rotation": 90, "texture": "#texture" },
        "up":    { "uv": [ 15.5, 0, 16, 8 ], "rotation": 90, "texture": "#texture" },
        "north": { "uv": [ 0, 0, 8, 8 ], "texture": "#texture" },
        "south": { "uv": [ 0, 0, 8, 8 ], "texture": "#texture" },
        "west":  { "uv": [ 0, 0, 0.5, 8 ], "texture": "#texture" },
        "east":  { "uv": [ 0, 0, 0.5, 8 ], "texture": "#texture" }
    }
},
{
    "from": [ 0, 2, 1 ],
    "to": [ 1, 16, 15 ],
    "faces": {
        "down":  { "uv": [ 8.5, 0, 9, 8 ], "texture": "#texture" },
        "up":    { "uv": [ 8.5, 0, 9, 8 ], "texture": "#texture" },
        "north": { "uv": [ 7.25, 0, 7.75, 8 ], "texture": "#texture" },
        "south": { "uv": [ 7.25, 0, 7.75, 8 ], "texture": "#texture" },
        "west":  { "uv": [ 0, 0, 8, 8 ], "texture": "#texture" },
        "east":  { "uv": [ 0, 0, 8, 8 ], "texture": "#texture" }
    }
},
{
    "from": [ 15, 2, 1 ],
    "to": [ 16, 16, 15 ],
    "faces": {
        "down":  { "uv": [ 15, 0, 15.5, 8 ], "texture": "#texture" },
        "up":    { "uv": [ 15, 0, 15.5, 8 ], "texture": "#texture" },
        "north": { "uv": [ 0, 0, 0.5, 8 ], "texture": "#texture" },
        "south": { "uv": [ 0, 0, 0.5, 8 ], "texture": "#texture" },
        "west":  { "uv": [ 0, 0, 8, 8 ], "texture": "#texture" },
        "east":  { "uv": [ 0, 0, 8, 8 ], "texture": "#texture" }
    }
},
{
    "from": [ 1, 15, 1 ],
    "to": [ 15, 16, 15 ],
    "faces": {
        "down":  { "uv": [ 8, 0, 16, 8 ], "texture": "#texture" },
        "up":    { "uv": [ 8, 0, 16, 8 ], "texture": "#texture" },
        "north": { "uv": [ 8, 8, 16, 8.5 ], "texture": "#texture" },
        "south": { "uv": [ 8, 15.5, 16, 16 ], "texture": "#texture" },
        "west":  { "uv": [ 0, 0, 8, 0.5 ], "texture": "#texture" },
        "east":  { "uv": [ 0, 7.5, 8, 8 ], "texture": "#texture" }
    }
},
{
    "from": [ 1, 2, 1 ],
    "to": [ 15, 3, 15 ],
    "faces": {
        "down":  { "uv": [ 8, 0, 16, 8 ], "texture": "#texture" },
        "up":    { "uv": [ 8, 0, 16, 8 ], "texture": "#texture" },
        "north": { "uv": [ 0, 7.5, 8, 8 ], "texture": "#texture" },
        "south": { "uv": [ 0, 7.5, 8, 8 ], "texture": "#texture" },
        "west":  { "uv": [ 0, 7.5, 8, 8 ], "texture": "#texture" },
        "east":  { "uv": [ 0, 7.5, 8, 8 ], "texture": "#texture" }
    }
},
{
    "from": [ 1, 8.5, 1 ],
    "to": [ 15, 9, 15 ],
    "faces": {
        "down":  { "uv": [ 0, 0, 8, 8 ], "texture": "#texture" },
        "up":    { "uv": [ 0, 0, 8, 8 ], "texture": "#texture" },
        "north": { "uv": [ 0.5, 7.5, 8, 7.5 ], "texture": "#texture" },
        "south": { "uv": [ 0.5, 7.5, 8, 7.5 ], "texture": "#texture" },
        "west":  { "uv": [ 0, 7.5, 8, 7.5 ], "texture": "#texture" },
        "east":  { "uv": [ 0, 7.5, 8, 7.5 ], "texture": "#texture" }
    }
},
{
    "from": [ 0.5, 2.5, 15 ],
    "to": [ 15.5, 15.5, 15.5 ],
    "faces": {
        "down":  { "uv": [ 0.5, 15, 15.5, 15.5 ], "texture": "#planks_spruce" },
        "up":    { "uv": [ 0.5, 15, 15.5, 15.5 ], "texture": "#planks_spruce" },
        "north": { "uv": [ 0.5, 0.5, 15.5, 13.5 ], "texture": "#planks_spruce" },
        "south": { "uv": [ 0.5, 0.5, 15.5, 13.5 ], "texture": "#planks_spruce" },
        "west":  { "uv": [ 15, 0.5, 15.5, 13.5 ], "texture": "#planks_spruce" },
        "east":  { "uv": [ 15, 0.5, 15.5, 13.5 ], "texture": "#planks_spruce" }
    }
},
{
    "from": [ 1.5, 9.5, 15.5 ],
    "to": [ 2, 12, 16 ],
    "faces": {
        "down":  { "uv": [ 11, 5, 11.5, 5.5 ], "texture": "#metal" },
        "up":    { "uv": [ 11, 5, 11.5, 5.5 ], "texture": "#metal" },
        "north": { "uv": [ 8.5, 4, 9, 6.5 ], "texture": "#metal" },
        "south": { "uv": [ 8.5, 4, 9, 6.5 ], "texture": "#metal" },
        "west":  { "uv": [ 10.5, 3.5, 11, 6 ], "texture": "#metal" },
        "east":  { "uv": [ 10.5, 3.5, 11, 6 ], "texture": "#metal" }
    }
}
],
"display": {
    "thirdperson_righthand": {
        "rotation": [ 24, -43, -14 ],
        "translation": [ 0, 0, 0 ],
        "scale": [ 0.5, 0.5, 0.5 ]
    },
    "thirdperson_lefthand": {
        "rotation": [ 24, -43, -14 ],
        "translation": [ -3.21, 0, -2.08 ],
        "scale": [ 0.5, 0.5, 0.5 ]
    },
    "head": {
        "rotation": [ 0, 180, 0 ],
        "translation": [ 0, -30.5, 0 ],
        "scale": [ 1.6, 1.6, 1.6 ]
    },
    "ground": {
        "rotation": [ 0, 0, 0 ],
        "translation": [ 0, 2, 0 ],
        "scale": [ 0.5, 0.5, 0.5 ]
    },
    "fixed": {
        "rotation": [ 0, 180, 0 ],
        "translation": [ 0, 0, -3.4 ],
        "scale": [ 0.5, 0.5, 0.5 ]
    },
    "firstperson_righthand": {
        "rotation": [ 0, -64, 0 ],
        "translation": [ 0, 0, 0 ],
        "scale": [ 0.5, 0.5, 0.5 ]
    },
    "firstperson_lefthand": {
        "rotation": [ 0, -64, 0 ],
        "translation": [ -1.7, 0, -1.89 ],
        "scale": [ 0.5, 0.5, 0.5 ]
    },
    "gui": {
        "rotation": [ 35, 35, 0 ],
        "translation": [ 0, 0, 0 ],
        "scale": [ 0.62, 0.62, 0.62 ]
    }
}
}