{
"__comment": "Designed by Rottennugget",
"textures": {
    "texture": "blocks/furniture/bar01",
    "particle": "blocks/furniture/bar01",
    "brown": "blocks/furniture/bed01"
},
"elements": [ 
{
    "from": [ 1, 0, 1 ],
    "to": [ 2, 16, 2 ],
    "faces": {
        "down":  { "uv": [ 7, 6, 7.5, 6.5 ], "texture": "#texture" },
        "up":    { "uv": [ 7, 6, 7.5, 6.5 ], "texture": "#texture" },
        "north": { "uv": [ 5, 0, 5.5, 8 ], "texture": "#texture" },
        "south": { "uv": [ 5, 0, 5.5, 8 ], "texture": "#texture" },
        "west":  { "uv": [ 5.5, 0, 6, 8 ], "texture": "#texture" },
        "east":  { "uv": [ 5.5, 0, 6, 8 ], "texture": "#texture" }
    }
},
{
    "from": [ 1, 0, 14 ],
    "to": [ 2, 16, 15 ],
    "faces": {
        "down":  { "uv": [ 7, 6, 7.5, 6.5 ], "texture": "#texture" },
        "up":    { "uv": [ 7, 6, 7.5, 6.5 ], "texture": "#texture" },
        "north": { "uv": [ 5.5, 0, 6, 8 ], "texture": "#texture" },
        "south": { "uv": [ 5.5, 0, 6, 8 ], "texture": "#texture" },
        "west":  { "uv": [ 5, 0, 5.5, 8 ], "texture": "#texture" },
        "east":  { "uv": [ 5, 0, 5.5, 8 ], "texture": "#texture" }
    }
},
{
    "from": [ 14, 0, 14 ],
    "to": [ 15, 16, 15 ],
    "faces": {
        "down":  { "uv": [ 7, 6, 7.5, 6.5 ], "texture": "#texture" },
        "up":    { "uv": [ 7, 6, 7.5, 6.5 ], "texture": "#texture" },
        "north": { "uv": [ 7, 0, 7.5, 8 ], "texture": "#texture" },
        "south": { "uv": [ 7, 0, 7.5, 8 ], "texture": "#texture" },
        "west":  { "uv": [ 7, 0, 7.5, 8 ], "texture": "#texture" },
        "east":  { "uv": [ 7, 0, 7.5, 8 ], "texture": "#texture" }
    }
},
{
    "from": [ 14, 0, 1 ],
    "to": [ 15, 16, 2 ],
    "faces": {
        "down":  { "uv": [ 7, 6, 7.5, 6.5 ], "texture": "#texture" },
        "up":    { "uv": [ 7, 6, 7.5, 6.5 ], "texture": "#texture" },
        "north": { "uv": [ 7.5, 0, 8, 8 ], "texture": "#texture" },
        "south": { "uv": [ 7.5, 0, 8, 8 ], "texture": "#texture" },
        "west":  { "uv": [ 7.5, 0, 8, 8 ], "texture": "#texture" },
        "east":  { "uv": [ 7.5, 0, 8, 8 ], "texture": "#texture" }
    }
},
{
    "from": [ 0, 16, 0 ],
    "to": [ 16, 17, 16 ],
    "faces": {
        "down":  { "uv": [ 0, 0, 8, 8 ], "texture": "#texture" },
        "up":    { "uv": [ 0, 0, 8, 8 ], "texture": "#texture" },
        "north": { "uv": [ 0, 0, 8, 0.5 ], "texture": "#texture" },
        "south": { "uv": [ 0, 0, 8, 0.5 ], "texture": "#texture" },
        "west":  { "uv": [ 0, 0, 8, 0.5 ], "texture": "#texture" },
        "east":  { "uv": [ 0, 0, 8, 0.5 ], "texture": "#texture" }
    }
},
{
    "from": [ 2, 13, 1.5 ],
    "to": [ 14, 14, 2 ],
    "faces": {
        "down":  { "uv": [ 14, 2, 2, 1.5 ], "texture": "#brown" },
        "up":    { "uv": [ 2, 1.5, 14, 2 ], "texture": "#brown" },
        "north": { "uv": [ 2, 2, 14, 3 ], "texture": "#brown" },
        "south": { "uv": [ 2, 2, 14, 3 ], "texture": "#brown" },
        "west":  { "uv": [ 1.5, 2, 2, 3 ], "texture": "#brown" },
        "east":  { "uv": [ 14, 2, 14.5, 3 ], "texture": "#brown" }
    }
},
{
    "from": [ 2, 13, 14 ],
    "to": [ 14, 14, 14.5 ],
    "faces": {
        "down":  { "uv": [ 14, 14.5, 2, 14 ], "texture": "#brown" },
        "up":    { "uv": [ 2, 14, 14, 14.5 ], "texture": "#brown" },
        "north": { "uv": [ 2, 2, 14, 3 ], "texture": "#brown" },
        "south": { "uv": [ 2, 2, 14, 3 ], "texture": "#brown" },
        "west":  { "uv": [ 14, 2, 14.5, 3 ], "texture": "#brown" },
        "east":  { "uv": [ 1.5, 2, 2, 3 ], "texture": "#brown" }
    }
},
{
    "from": [ 1.5, 13, 2 ],
    "to": [ 2, 14, 14 ],
    "faces": {
        "down":  { "uv": [ 14.5, 14, 14, 2 ], "texture": "#brown" },
        "up":    { "uv": [ 1.5, 2, 2, 14 ], "texture": "#brown" },
        "north": { "uv": [ 14, 2, 14.5, 3 ], "texture": "#brown" },
        "south": { "uv": [ 1.5, 2, 2, 3 ], "texture": "#brown" },
        "west":  { "uv": [ 2, 2, 14, 3 ], "texture": "#brown" },
        "east":  { "uv": [ 2, 2, 14, 3 ], "texture": "#brown" }
    }
},
{
    "from": [ 14, 13, 2 ],
    "to": [ 14.5, 14, 14 ],
    "faces": {
        "down":  { "uv": [ 2, 14, 1.5, 2 ], "texture": "#brown" },
        "up":    { "uv": [ 14, 2, 14.5, 14 ], "texture": "#brown" },
        "north": { "uv": [ 1.5, 2, 2, 3 ], "texture": "#brown" },
        "south": { "uv": [ 14, 2, 14.5, 3 ], "texture": "#brown" },
        "west":  { "uv": [ 2, 2, 14, 3 ], "texture": "#brown" },
        "east":  { "uv": [ 2, 2, 14, 3 ], "texture": "#brown" }
    }
},
{
    "from": [ 1.5, 11, 2 ],
    "to": [ 2, 12, 14 ],
    "faces": {
        "down":  { "uv": [ 14.5, 14, 14, 2 ], "texture": "#brown" },
        "up":    { "uv": [ 1.5, 2, 2, 14 ], "texture": "#brown" },
        "north": { "uv": [ 14, 4, 14.5, 5 ], "texture": "#brown" },
        "south": { "uv": [ 1.5, 4, 2, 5 ], "texture": "#brown" },
        "west":  { "uv": [ 2, 4, 14, 5 ], "texture": "#brown" },
        "east":  { "uv": [ 2, 4, 14, 5 ], "texture": "#brown" }
    }
},
{
    "from": [ 14, 11, 2 ],
    "to": [ 14.5, 12, 14 ],
    "faces": {
        "down":  { "uv": [ 2, 14, 1.5, 2 ], "texture": "#brown" },
        "up":    { "uv": [ 14, 2, 14.5, 14 ], "texture": "#brown" },
        "north": { "uv": [ 1.5, 4, 2, 5 ], "texture": "#brown" },
        "south": { "uv": [ 14, 4, 14.5, 5 ], "texture": "#brown" },
        "west":  { "uv": [ 2, 4, 14, 5 ], "texture": "#brown" },
        "east":  { "uv": [ 2, 4, 14, 5 ], "texture": "#brown" }
    }
},
{
    "from": [ 2, 11, 1.5 ],
    "to": [ 14, 12, 2 ],
    "faces": {
        "down":  { "uv": [ 14, 2, 2, 1.5 ], "texture": "#brown" },
        "up":    { "uv": [ 2, 1.5, 14, 2 ], "texture": "#brown" },
        "north": { "uv": [ 2, 4, 14, 5 ], "texture": "#brown" },
        "south": { "uv": [ 2, 4, 14, 5 ], "texture": "#brown" },
        "west":  { "uv": [ 1.5, 4, 2, 5 ], "texture": "#brown" },
        "east":  { "uv": [ 14, 4, 14.5, 5 ], "texture": "#brown" }
    }
},
{
    "from": [ 2, 11, 14 ],
    "to": [ 14, 12, 14.5 ],
    "faces": {
        "down":  { "uv": [ 14, 14.5, 2, 14 ], "texture": "#brown" },
        "up":    { "uv": [ 2, 14, 14, 14.5 ], "texture": "#brown" },
        "north": { "uv": [ 2, 4, 14, 5 ], "texture": "#brown" },
        "south": { "uv": [ 2, 4, 14, 5 ], "texture": "#brown" },
        "west":  { "uv": [ 14, 4, 14.5, 5 ], "texture": "#brown" },
        "east":  { "uv": [ 1.5, 4, 2, 5 ], "texture": "#brown" }
    }
},
{
    "from": [ 2, 17, 0 ],
    "to": [ 3, 28, 1 ],
    "faces": {
        "down":  { "uv": [ 3.5, 10.5, 4, 11 ], "texture": "#brown" },
        "up":    { "uv": [ 3.5, 10.5, 4, 11 ], "texture": "#brown" },
        "north": { "uv": [ 3.5, 9, 4, 15 ], "texture": "#brown" },
        "south": { "uv": [ 3.5, 9, 4, 15 ], "texture": "#brown" },
        "west":  { "uv": [ 3.5, 9, 4, 15 ], "texture": "#brown" },
        "east":  { "uv": [ 3.5, 9, 4, 15 ], "texture": "#brown" }
    }
},
{
    "from": [ 13, 17, 0 ],
    "to": [ 14, 28, 1 ],
    "faces": {
        "down":  { "uv": [ 3.5, 12.5, 4, 13 ], "texture": "#brown" },
        "up":    { "uv": [ 3.5, 12.5, 4, 13 ], "texture": "#brown" },
        "north": { "uv": [ 3.5, 8.5, 4, 15.5 ], "texture": "#brown" },
        "south": { "uv": [ 3.5, 8.5, 4, 15.5 ], "texture": "#brown" },
        "west":  { "uv": [ 3.5, 8.5, 4, 15.5 ], "texture": "#brown" },
        "east":  { "uv": [ 3.5, 8.5, 4, 15.5 ], "texture": "#brown" }
    }
},
{
    "from": [ 1, 25.5, 0.5 ],
    "to": [ 15, 31.5, 1.5 ],
    "faces": {
        "down":  { "uv": [ 9, 8, 16, 8.5 ], "texture": "#texture" },
        "up":    { "uv": [ 9, 8, 16, 8.5 ], "texture": "#texture" },
        "north": { "uv": [ 8.5, 8, 15.5, 11.5 ], "texture": "#texture" },
        "south": { "uv": [ 8.5, 8, 15.5, 11.5 ], "texture": "#texture" },
        "west":  { "uv": [ 10.5, 8, 11, 11.5 ], "texture": "#texture" },
        "east":  { "uv": [ 14.5, 8, 15, 11.5 ], "texture": "#texture" }
    }
}
],
"display": {
    "thirdperson_righthand": {
        "rotation": [ 0, 0, 0 ],
        "translation": [ 0, 0, 0 ],
        "scale": [ 0.5, 0.5, 0.5 ]
    },
    "thirdperson_lefthand": {
        "rotation": [ 0, 0, 0 ],
        "translation": [ 0, 0, 0 ],
        "scale": [ 0.5, 0.5, 0.5 ]
    },
    "head": {
        "rotation": [ 0, -180, 0 ],
        "translation": [ 0, -33.5, 0 ],
        "scale": [ 1.2, 1.2, 1.2 ]
    },
    "ground": {
        "rotation": [ 0, 0, 0 ],
        "translation": [ 0, 7.56, 0 ],
        "scale": [ 1, 1, 1 ]
    },
    "fixed": {
        "rotation": [ 0, -90, 0 ],
        "translation": [ 0, -3.78, 0 ],
        "scale": [ 0.5, 0.5, 0.5 ]
    },
    "firstperson_righthand": {
        "rotation": [ 0, -40, 0 ],
        "translation": [ 0, 1.7, 0 ],
        "scale": [ 0.5, 0.5, 0.5 ]
    },
    "firstperson_lefthand": {
        "rotation": [ 0, -40, 0 ],
        "translation": [ 1.7, 1.7, 0 ],
        "scale": [ 0.5, 0.5, 0.5 ]
    },
    "gui": {
        "rotation": [ 30, 50, 0 ],
        "translation": [ 0, -2.65, 0 ],
        "scale": [ 0.4, 0.4, 0.4 ]
    }
}
}