{
"__comment": "Designed by Monsterfish",
"textures": {
    "texture": "blocks/planks_oak",
    "obsidian": "blocks/obsidian",
    "iron_block": "blocks/iron_block",
    "planks_birch": "blocks/planks_birch"
},
"elements": [ 
{
    "from": [ -14, 2.5, 0 ],
    "to": [ 0.5, 16, 15.5 ],
    "faces": {
        "down":  { "uv": [ 0, 0, 14.5, 15.5 ], "texture": "#texture" },
        "up":    { "uv": [ 0, 0, 14.5, 15.5 ], "texture": "#texture" },
        "north": { "uv": [ 0, 0, 14.5, 13.5 ], "texture": "#texture" },
        "south": { "uv": [ 0, 0, 14.5, 13.5 ], "texture": "#texture" },
        "west":  { "uv": [ 0, 0, 15.5, 13.5 ], "texture": "#texture" },
        "east":  { "uv": [ 0, 0, 15.5, 13.5 ], "texture": "#texture" }
    }
},
{
    "from": [ -14, 16, 0 ],
    "to": [ 0, 31.5, 15.5 ],
    "faces": {
        "down":  { "uv": [ -14, 0, 0, 15.5 ], "texture": "#texture" },
        "up":    { "uv": [ 0, 0, 14, 15.5 ], "texture": "#texture" },
        "north": { "uv": [ 0, 0, 14, 15.5 ], "texture": "#texture" },
        "south": { "uv": [ 0, 0, 14, 15.5 ], "texture": "#texture" },
        "west":  { "uv": [ 0, 0, 15.5, 15.5 ], "texture": "#texture" },
        "east":  { "uv": [ 0, 0, 15.5, 15.5 ], "texture": "#texture" }
    }
},
{
    "from": [ 0, 2.5, 0 ],
    "to": [ 14, 16, 15.5 ],
    "faces": {
        "down":  { "uv": [ 0, 0, 14, 15.5 ], "texture": "#texture" },
        "up":    { "uv": [ 0, 0, 14, 15.5 ], "texture": "#texture" },
        "north": { "uv": [ 0, 0, 14, 13.5 ], "texture": "#texture" },
        "south": { "uv": [ 0, 0, 14, 13.5 ], "texture": "#texture" },
        "west":  { "uv": [ 0, 0, 15.5, 13.5 ], "texture": "#texture" },
        "east":  { "uv": [ 0, 0, 15.5, 13.5 ], "texture": "#texture" }
    }
},
{
    "from": [ 0, 16, 0 ],
    "to": [ 14, 31.5, 15.5 ],
    "faces": {
        "down":  { "uv": [ 0, 0, 14, 15.5 ], "texture": "#texture" },
        "up":    { "uv": [ 0, 0, 14, 15.5 ], "texture": "#texture" },
        "north": { "uv": [ 0, 0, 14, 15.5 ], "texture": "#texture" },
        "south": { "uv": [ 0, 0, 14, 15.5 ], "texture": "#texture" },
        "west":  { "uv": [ 0, 0, 15.5, 15.5 ], "texture": "#texture" },
        "east":  { "uv": [ 0, 0, 15.5, 15.5 ], "texture": "#texture" }
    }
},
{
    "from": [ 13.5, 16, 15 ],
    "to": [ 14.5, 31, 16 ],
    "faces": {
        "down":  { "uv": [ 13.5, 15, 14.5, 16 ], "texture": "#texture" },
        "up":    { "uv": [ 13.5, 15, 14.5, 16 ], "texture": "#texture" },
        "north": { "uv": [ 13.5, 0, 14.5, 15 ], "texture": "#texture" },
        "south": { "uv": [ 13.5, 0, 14.5, 15 ], "texture": "#texture" },
        "west":  { "uv": [ 15, 0, 16, 15 ], "texture": "#texture" },
        "east":  { "uv": [ 15, 0, 16, 15 ], "texture": "#texture" }
    }
},
{
    "from": [ 13.5, 0, 15 ],
    "to": [ 14.5, 16, 16 ],
    "faces": {
        "down":  { "uv": [ 13.5, 15, 14.5, 16 ], "texture": "#texture" },
        "up":    { "uv": [ 13.5, 15, 14.5, 16 ], "texture": "#texture" },
        "north": { "uv": [ 13.5, 0, 14.5, 16 ], "texture": "#texture" },
        "south": { "uv": [ 13.5, 0, 14.5, 16 ], "texture": "#texture" },
        "west":  { "uv": [ 15, 0, 16, 16 ], "texture": "#texture" },
        "east":  { "uv": [ 15, 0, 16, 16 ], "texture": "#texture" }
    }
},
{
    "from": [ -14.5, 0, 15 ],
    "to": [ -13.5, 16, 16 ],
    "faces": {
        "down":  { "uv": [ -14.5, 15, -13.5, 16 ], "texture": "#texture" },
        "up":    { "uv": [ 0, 15, 1, 16 ], "texture": "#texture" },
        "north": { "uv": [ 0, 0, 1, 16 ], "texture": "#texture" },
        "south": { "uv": [ 0, 0, 1, 16 ], "texture": "#texture" },
        "west":  { "uv": [ 15, 0, 16, 16 ], "texture": "#texture" },
        "east":  { "uv": [ 15, 0, 16, 16 ], "texture": "#texture" }
    }
},
{
    "from": [ -14.5, 0, -0.5 ],
    "to": [ -13.5, 16, 0.5 ],
    "faces": {
        "down":  { "uv": [ -14.5, -0.5, -13.5, 0.5 ], "texture": "#texture" },
        "up":    { "uv": [ 0, 0, 1, 1 ], "texture": "#texture" },
        "north": { "uv": [ 0, 0, 1, 16 ], "texture": "#texture" },
        "south": { "uv": [ 0, 0, 1, 16 ], "texture": "#texture" },
        "west":  { "uv": [ 0, 0, 1, 16 ], "texture": "#texture" },
        "east":  { "uv": [ 0, 0, 1, 16 ], "texture": "#texture" }
    }
},
{
    "from": [ 13.5, 0, -0.5 ],
    "to": [ 14.5, 16, 0.5 ],
    "faces": {
        "down":  { "uv": [ 13.5, -0.5, 14.5, 0.5 ], "texture": "#texture" },
        "up":    { "uv": [ 13.5, 0, 14.5, 1 ], "texture": "#texture" },
        "north": { "uv": [ 13.5, 0, 14.5, 16 ], "texture": "#texture" },
        "south": { "uv": [ 13.5, 0, 14.5, 16 ], "texture": "#texture" },
        "west":  { "uv": [ 0, 0, 1, 16 ], "texture": "#texture" },
        "east":  { "uv": [ 0, 0, 1, 16 ], "texture": "#texture" }
    }
},
{
    "from": [ -14.5, 16, 15 ],
    "to": [ -13.5, 31.5, 16 ],
    "faces": {
        "down":  { "uv": [ -14.5, 15, -13.5, 16 ], "texture": "#texture" },
        "up":    { "uv": [ 0, 15, 1, 16 ], "texture": "#texture" },
        "north": { "uv": [ 0, 0, 1, 15 ], "texture": "#texture" },
        "south": { "uv": [ 0, 0, 1, 15 ], "texture": "#texture" },
        "west":  { "uv": [ 15, 0, 16, 15 ], "texture": "#texture" },
        "east":  { "uv": [ 15, 0, 16, 15 ], "texture": "#texture" }
    }
},
{
    "from": [ -14.5, 16, -0.5 ],
    "to": [ -13.5, 31, 0.5 ],
    "faces": {
        "down":  { "uv": [ -14.5, -0.5, -13.5, 0.5 ], "texture": "#texture" },
        "up":    { "uv": [ 0, 0, 1, 1 ], "texture": "#texture" },
        "north": { "uv": [ 0, 0, 1, 15 ], "texture": "#texture" },
        "south": { "uv": [ 0, 0, 1, 15 ], "texture": "#texture" },
        "west":  { "uv": [ 0, 0, 1, 15 ], "texture": "#texture" },
        "east":  { "uv": [ 0, 0, 1, 15 ], "texture": "#texture" }
    }
},
{
    "from": [ 13.5, 16, -0.5 ],
    "to": [ 14.5, 31, 0.5 ],
    "faces": {
        "down":  { "uv": [ 13.5, -0.5, 14.5, 0.5 ], "texture": "#texture" },
        "up":    { "uv": [ 13.5, 0, 14.5, 1 ], "texture": "#texture" },
        "north": { "uv": [ 13.5, 0, 14.5, 15 ], "texture": "#texture" },
        "south": { "uv": [ 13.5, 0, 14.5, 15 ], "texture": "#texture" },
        "west":  { "uv": [ 0, 0, 1, 15 ], "texture": "#texture" },
        "east":  { "uv": [ 0, 0, 1, 15 ], "texture": "#texture" }
    }
},
{
    "from": [ 0, 31, -1.5 ],
    "to": [ 15.5, 32, 17 ],
    "faces": {
        "down":  { "uv": [ 0, 0, 16, 16 ], "texture": "#texture" },
        "up":    { "uv": [ 0, 0, 16, 16 ], "texture": "#texture" },
        "north": { "uv": [ 0, 0, 15.5, 1 ], "texture": "#texture" },
        "south": { "uv": [ 0, 0, 15.5, 1 ], "texture": "#texture" },
        "west":  { "uv": [ 0, 0, 16, 1 ], "texture": "#texture" },
        "east":  { "uv": [ 0, 0, 16, 1 ], "texture": "#texture" }
    }
},
{
    "from": [ -15.5, 31, -1.5 ],
    "to": [ 0, 32, 17 ],
    "faces": {
        "down":  { "uv": [ 0, 0, 16, 16 ], "texture": "#texture" },
        "up":    { "uv": [ 0, 0, 16, 16 ], "texture": "#texture" },
        "north": { "uv": [ 0, 0, 15.5, 1 ], "texture": "#texture" },
        "south": { "uv": [ 0, 0, 15.5, 1 ], "texture": "#texture" },
        "west":  { "uv": [ 0, 0, 16, 1 ], "texture": "#texture" },
        "east":  { "uv": [ 0, 0, 16, 1 ], "texture": "#texture" }
    }
},
{
    "from": [ -13.5, 2, 15 ],
    "to": [ 0, 3, 16 ],
    "faces": {
        "down":  { "uv": [ -13.5, 15, 0, 16 ], "texture": "#texture" },
        "up":    { "uv": [ 0, 15, 13.5, 16 ], "texture": "#texture" },
        "north": { "uv": [ 0, 13, 13.5, 14 ], "texture": "#texture" },
        "south": { "uv": [ 0, 13, 13.5, 14 ], "texture": "#texture" },
        "west":  { "uv": [ 15, 13, 16, 14 ], "texture": "#texture" },
        "east":  { "uv": [ 15, 13, 16, 14 ], "texture": "#texture" }
    }
},
{
    "from": [ 0, 2, 15 ],
    "to": [ 13.5, 3, 16 ],
    "faces": {
        "down":  { "uv": [ 0, 15, 13.5, 16 ], "texture": "#texture" },
        "up":    { "uv": [ 0, 15, 13.5, 16 ], "texture": "#texture" },
        "north": { "uv": [ 0, 13, 13.5, 14 ], "texture": "#texture" },
        "south": { "uv": [ 0, 13, 13.5, 14 ], "texture": "#texture" },
        "west":  { "uv": [ 15, 13, 16, 14 ], "texture": "#texture" },
        "east":  { "uv": [ 15, 13, 16, 14 ], "texture": "#texture" }
    }
},
{
    "from": [ 0, 2, -0.5 ],
    "to": [ 13.5, 3, 0.5 ],
    "faces": {
        "down":  { "uv": [ 0, 0, 13.5, 1 ], "texture": "#texture" },
        "up":    { "uv": [ 0, 0, 13.5, 1 ], "texture": "#texture" },
        "north": { "uv": [ 0, 13, 13.5, 14 ], "texture": "#texture" },
        "south": { "uv": [ 0, 13, 13.5, 14 ], "texture": "#texture" },
        "west":  { "uv": [ 0, 13, 1, 14 ], "texture": "#texture" },
        "east":  { "uv": [ 0, 13, 1, 14 ], "texture": "#texture" }
    }
},
{
    "from": [ -13.5, 2, -0.5 ],
    "to": [ 0, 3, 0.5 ],
    "faces": {
        "down":  { "uv": [ -13.5, -0.5, 0, 0.5 ], "texture": "#texture" },
        "up":    { "uv": [ 0, 0, 13.5, 1 ], "texture": "#texture" },
        "north": { "uv": [ 0, 13, 13.5, 14 ], "texture": "#texture" },
        "south": { "uv": [ 0, 13, 13.5, 14 ], "texture": "#texture" },
        "west":  { "uv": [ 0, 13, 1, 14 ], "texture": "#texture" },
        "east":  { "uv": [ 0, 13, 1, 14 ], "texture": "#texture" }
    }
},
{
    "from": [ 14, 2, 0.5 ],
    "to": [ 14.5, 3, 15 ],
    "faces": {
        "down":  { "uv": [ 14, 0.5, 14.5, 15 ], "texture": "#texture" },
        "up":    { "uv": [ 14, 0.5, 14.5, 15 ], "texture": "#texture" },
        "north": { "uv": [ 14, 13, 14.5, 14 ], "texture": "#texture" },
        "south": { "uv": [ 14, 13, 14.5, 14 ], "texture": "#texture" },
        "west":  { "uv": [ 0.5, 13, 15, 14 ], "texture": "#texture" },
        "east":  { "uv": [ 0.5, 13, 15, 14 ], "texture": "#texture" }
    }
},
{
    "from": [ -14.5, 2, 0.5 ],
    "to": [ -14, 3, 15 ],
    "faces": {
        "down":  { "uv": [ 14, 0.5, 14.5, 15 ], "texture": "#texture" },
        "up":    { "uv": [ 14, 0.5, 14.5, 15 ], "texture": "#texture" },
        "north": { "uv": [ 14, 13, 14.5, 14 ], "texture": "#texture" },
        "south": { "uv": [ 14, 13, 14.5, 14 ], "texture": "#texture" },
        "west":  { "uv": [ 0.5, 13, 15, 14 ], "texture": "#texture" },
        "east":  { "uv": [ 0.5, 13, 15, 14 ], "texture": "#texture" }
    }
},
{
    "from": [ 5, 7, 15 ],
    "to": [ 13.5, 8, 16 ],
    "faces": {
        "down":  { "uv": [ 5, 15, 13.5, 16 ], "texture": "#texture" },
        "up":    { "uv": [ 5, 15, 13.5, 16 ], "texture": "#texture" },
        "north": { "uv": [ 5, 8, 13.5, 9 ], "texture": "#texture" },
        "south": { "uv": [ 5, 8, 13.5, 9 ], "texture": "#texture" },
        "west":  { "uv": [ 15, 8, 16, 9 ], "texture": "#texture" },
        "east":  { "uv": [ 15, 8, 16, 9 ], "texture": "#texture" }
    }
},
{
    "from": [ -5, 3, 15 ],
    "to": [ -4, 16, 16 ],
    "faces": {
        "down":  { "uv": [ -5, 15, -4, 16 ], "texture": "#texture" },
        "up":    { "uv": [ 0, 15, 1, 16 ], "texture": "#texture" },
        "north": { "uv": [ 0, 0, 1, 13 ], "texture": "#texture" },
        "south": { "uv": [ 0, 0, 1, 13 ], "texture": "#texture" },
        "west":  { "uv": [ 15, 0, 16, 13 ], "texture": "#texture" },
        "east":  { "uv": [ 15, 0, 16, 13 ], "texture": "#texture" }
    }
},
{
    "from": [ 4, 3, 15 ],
    "to": [ 5, 16, 16 ],
    "faces": {
        "down":  { "uv": [ 4, 15, 5, 16 ], "texture": "#texture" },
        "up":    { "uv": [ 4, 15, 5, 16 ], "texture": "#texture" },
        "north": { "uv": [ 4, 0, 5, 13 ], "texture": "#texture" },
        "south": { "uv": [ 4, 0, 5, 13 ], "texture": "#texture" },
        "west":  { "uv": [ 15, 0, 16, 13 ], "texture": "#texture" },
        "east":  { "uv": [ 15, 0, 16, 13 ], "texture": "#texture" }
    }
},
{
    "from": [ -4, 7, 15 ],
    "to": [ 4, 8, 16 ],
    "faces": {
        "down":  { "uv": [ 5, 15, 13.5, 16 ], "texture": "#texture" },
        "up":    { "uv": [ 5, 15, 13.5, 16 ], "texture": "#texture" },
        "north": { "uv": [ 5, 8, 13.5, 9 ], "texture": "#texture" },
        "south": { "uv": [ 5, 8, 13.5, 9 ], "texture": "#texture" },
        "west":  { "uv": [ 15, 8, 16, 9 ], "texture": "#texture" },
        "east":  { "uv": [ 15, 8, 16, 9 ], "texture": "#texture" }
    }
},
{
    "from": [ -13.5, 7, 15 ],
    "to": [ -5, 8, 16 ],
    "faces": {
        "down":  { "uv": [ 5, 15, 13.5, 16 ], "texture": "#texture" },
        "up":    { "uv": [ 5, 15, 13.5, 16 ], "texture": "#texture" },
        "north": { "uv": [ 5, 8, 13.5, 9 ], "texture": "#texture" },
        "south": { "uv": [ 5, 8, 13.5, 9 ], "texture": "#texture" },
        "west":  { "uv": [ 15, 8, 16, 9 ], "texture": "#texture" },
        "east":  { "uv": [ 15, 8, 16, 9 ], "texture": "#texture" }
    }
},
{
    "from": [ 4, 16, 15 ],
    "to": [ 5, 31, 16 ],
    "faces": {
        "down":  { "uv": [ 4, 15, 5, 16 ], "texture": "#texture" },
        "up":    { "uv": [ 4, 15, 5, 16 ], "texture": "#texture" },
        "north": { "uv": [ 4, 0, 5, 15 ], "texture": "#texture" },
        "south": { "uv": [ 4, 0, 5, 15 ], "texture": "#texture" },
        "west":  { "uv": [ 15, 0, 16, 15 ], "texture": "#texture" },
        "east":  { "uv": [ 15, 0, 16, 15 ], "texture": "#texture" }
    }
},
{
    "from": [ -5, 16, 15 ],
    "to": [ -4, 31, 16 ],
    "faces": {
        "down":  { "uv": [ 4, 15, 5, 16 ], "texture": "#texture" },
        "up":    { "uv": [ 4, 15, 5, 16 ], "texture": "#texture" },
        "north": { "uv": [ 4, 0, 5, 15 ], "texture": "#texture" },
        "south": { "uv": [ 4, 0, 5, 15 ], "texture": "#texture" },
        "west":  { "uv": [ 15, 0, 16, 15 ], "texture": "#texture" },
        "east":  { "uv": [ 15, 0, 16, 15 ], "texture": "#texture" }
    }
},
{
    "from": [ 14, 7, 0.5 ],
    "to": [ 14.5, 8, 15 ],
    "faces": {
        "down":  { "uv": [ 5, 15, 13.5, 16 ], "texture": "#texture" },
        "up":    { "uv": [ 5, 15, 13.5, 16 ], "texture": "#texture" },
        "north": { "uv": [ 5, 8, 13.5, 9 ], "texture": "#texture" },
        "south": { "uv": [ 5, 8, 13.5, 9 ], "texture": "#texture" },
        "west":  { "uv": [ 15, 8, 16, 9 ], "texture": "#texture" },
        "east":  { "uv": [ 15, 8, 16, 9 ], "texture": "#texture" }
    }
},
{
    "from": [ -14.5, 7, 0.5 ],
    "to": [ -14, 8, 15 ],
    "faces": {
        "down":  { "uv": [ 5, 15, 13.5, 16 ], "texture": "#texture" },
        "up":    { "uv": [ 5, 15, 13.5, 16 ], "texture": "#texture" },
        "north": { "uv": [ 5, 8, 13.5, 9 ], "texture": "#texture" },
        "south": { "uv": [ 5, 8, 13.5, 9 ], "texture": "#texture" },
        "west":  { "uv": [ 15, 8, 16, 9 ], "texture": "#texture" },
        "east":  { "uv": [ 15, 8, 16, 9 ], "texture": "#texture" }
    }
},
{
    "from": [ -6.5, 16, 15 ],
    "to": [ -5.5, 17, 16 ],
    "faces": {
        "down":  { "uv": [ 16, 16, 16, 15 ], "texture": "#obsidian" },
        "up":    { "uv": [ 0, 15, 0, 16 ], "texture": "#obsidian" },
        "north": { "uv": [ 16, 0, 16, 0 ], "texture": "#obsidian" },
        "south": { "uv": [ 0, 0, 0, 0 ], "texture": "#obsidian" },
        "west":  { "uv": [ 15, 0, 16, 0 ], "texture": "#obsidian" },
        "east":  { "uv": [ 0, 0, 1, 0 ], "texture": "#obsidian" }
    }
},
{
    "from": [ -3.5, 16, 15 ],
    "to": [ -2.5, 17, 16 ],
    "faces": {
        "down":  { "uv": [ 16, 16, 16, 15 ], "texture": "#obsidian" },
        "up":    { "uv": [ 0, 15, 0, 16 ], "texture": "#obsidian" },
        "north": { "uv": [ 16, 0, 16, 0 ], "texture": "#obsidian" },
        "south": { "uv": [ 0, 0, 0, 0 ], "texture": "#obsidian" },
        "west":  { "uv": [ 15, 0, 16, 0 ], "texture": "#obsidian" },
        "east":  { "uv": [ 0, 0, 1, 0 ], "texture": "#obsidian" }
    }
},
{
    "from": [ 5.5, 16, 15 ],
    "to": [ 6.5, 17, 16 ],
    "faces": {
        "down":  { "uv": [ 10.5, 16, 9.5, 15 ], "texture": "#obsidian" },
        "up":    { "uv": [ 5.5, 15, 6.5, 16 ], "texture": "#obsidian" },
        "north": { "uv": [ 9.5, 0, 10.5, 0 ], "texture": "#obsidian" },
        "south": { "uv": [ 5.5, 0, 6.5, 0 ], "texture": "#obsidian" },
        "west":  { "uv": [ 15, 0, 16, 0 ], "texture": "#obsidian" },
        "east":  { "uv": [ 0, 0, 1, 0 ], "texture": "#obsidian" }
    }
},
{
    "from": [ -9.5, 5, 15 ],
    "to": [ -8.5, 6, 16 ],
    "faces": {
        "down":  { "uv": [ 16, 16, 16, 15 ], "texture": "#obsidian" },
        "up":    { "uv": [ 0, 15, 0, 16 ], "texture": "#obsidian" },
        "north": { "uv": [ 16, 10, 16, 11 ], "texture": "#obsidian" },
        "south": { "uv": [ 0, 10, 0, 11 ], "texture": "#obsidian" },
        "west":  { "uv": [ 15, 10, 16, 11 ], "texture": "#obsidian" },
        "east":  { "uv": [ 0, 10, 1, 11 ], "texture": "#obsidian" }
    }
},
{
    "from": [ -0.5, 5, 15 ],
    "to": [ 0.5, 6, 16 ],
    "faces": {
        "down":  { "uv": [ 16, 16, 15.5, 15 ], "texture": "#obsidian" },
        "up":    { "uv": [ 0, 15, 0.5, 16 ], "texture": "#obsidian" },
        "north": { "uv": [ 15.5, 10, 16, 11 ], "texture": "#obsidian" },
        "south": { "uv": [ 0, 10, 0.5, 11 ], "texture": "#obsidian" },
        "west":  { "uv": [ 15, 10, 16, 11 ], "texture": "#obsidian" },
        "east":  { "uv": [ 0, 10, 1, 11 ], "texture": "#obsidian" }
    }
},
{
    "from": [ 8.5, 5, 15 ],
    "to": [ 9.5, 6, 16 ],
    "faces": {
        "down":  { "uv": [ 7.5, 16, 6.5, 15 ], "texture": "#obsidian" },
        "up":    { "uv": [ 8.5, 15, 9.5, 16 ], "texture": "#obsidian" },
        "north": { "uv": [ 6.5, 10, 7.5, 11 ], "texture": "#obsidian" },
        "south": { "uv": [ 8.5, 10, 9.5, 11 ], "texture": "#obsidian" },
        "west":  { "uv": [ 15, 10, 16, 11 ], "texture": "#obsidian" },
        "east":  { "uv": [ 0, 10, 1, 11 ], "texture": "#obsidian" }
    }
},
{
    "from": [ -13.5, 9, 15 ],
    "to": [ -13, 10, 16 ],
    "faces": {
        "down":  { "uv": [ 16, 16, 16, 15 ], "texture": "#iron_block" },
        "up":    { "uv": [ 0, 15, 0, 16 ], "texture": "#iron_block" },
        "north": { "uv": [ 16, 6, 16, 7 ], "texture": "#iron_block" },
        "south": { "uv": [ 0, 6, 0, 7 ], "texture": "#iron_block" },
        "west":  { "uv": [ 15, 6, 16, 7 ], "texture": "#iron_block" },
        "east":  { "uv": [ 0, 6, 1, 7 ], "texture": "#iron_block" }
    }
},
{
    "from": [ -13.5, 29, 15 ],
    "to": [ -13, 30, 16 ],
    "faces": {
        "down":  { "uv": [ 16, 16, 16, 15 ], "texture": "#iron_block" },
        "up":    { "uv": [ 0, 15, 0, 16 ], "texture": "#iron_block" },
        "north": { "uv": [ 16, 0, 16, 0 ], "texture": "#iron_block" },
        "south": { "uv": [ 0, 0, 0, 0 ], "texture": "#iron_block" },
        "west":  { "uv": [ 15, 0, 16, 0 ], "texture": "#iron_block" },
        "east":  { "uv": [ 0, 0, 1, 0 ], "texture": "#iron_block" }
    }
},
{
    "from": [ -13.5, 18.5, 15 ],
    "to": [ -13, 19.5, 16 ],
    "faces": {
        "down":  { "uv": [ 16, 16, 16, 15 ], "texture": "#iron_block" },
        "up":    { "uv": [ 0, 15, 0, 16 ], "texture": "#iron_block" },
        "north": { "uv": [ 16, 0, 16, 0 ], "texture": "#iron_block" },
        "south": { "uv": [ 0, 0, 0, 0 ], "texture": "#iron_block" },
        "west":  { "uv": [ 15, 0, 16, 0 ], "texture": "#iron_block" },
        "east":  { "uv": [ 0, 0, 1, 0 ], "texture": "#iron_block" }
    }
},
{
    "from": [ 3.5, 9, 15 ],
    "to": [ 4, 10, 16 ],
    "faces": {
        "down":  { "uv": [ 12.5, 16, 12, 15 ], "texture": "#iron_block" },
        "up":    { "uv": [ 3.5, 15, 4, 16 ], "texture": "#iron_block" },
        "north": { "uv": [ 12, 6, 12.5, 7 ], "texture": "#iron_block" },
        "south": { "uv": [ 3.5, 6, 4, 7 ], "texture": "#iron_block" },
        "west":  { "uv": [ 15, 6, 16, 7 ], "texture": "#iron_block" },
        "east":  { "uv": [ 0, 6, 1, 7 ], "texture": "#iron_block" }
    }
},
{
    "from": [ 13, 9, 15 ],
    "to": [ 13.5, 10, 16 ],
    "faces": {
        "down":  { "uv": [ 3, 16, 2.5, 15 ], "texture": "#iron_block" },
        "up":    { "uv": [ 13, 15, 13.5, 16 ], "texture": "#iron_block" },
        "north": { "uv": [ 2.5, 6, 3, 7 ], "texture": "#iron_block" },
        "south": { "uv": [ 13, 6, 13.5, 7 ], "texture": "#iron_block" },
        "west":  { "uv": [ 15, 6, 16, 7 ], "texture": "#iron_block" },
        "east":  { "uv": [ 0, 6, 1, 7 ], "texture": "#iron_block" }
    }
},
{
    "from": [ 3.5, 18.5, 15 ],
    "to": [ 4, 19.5, 16 ],
    "faces": {
        "down":  { "uv": [ 12.5, 16, 12, 15 ], "texture": "#iron_block" },
        "up":    { "uv": [ 3.5, 15, 4, 16 ], "texture": "#iron_block" },
        "north": { "uv": [ 12, 0, 12.5, 0 ], "texture": "#iron_block" },
        "south": { "uv": [ 3.5, 0, 4, 0 ], "texture": "#iron_block" },
        "west":  { "uv": [ 15, 0, 16, 0 ], "texture": "#iron_block" },
        "east":  { "uv": [ 0, 0, 1, 0 ], "texture": "#iron_block" }
    }
},
{
    "from": [ 13, 18.5, 15 ],
    "to": [ 13.5, 19.5, 16 ],
    "faces": {
        "down":  { "uv": [ 3, 16, 2.5, 15 ], "texture": "#iron_block" },
        "up":    { "uv": [ 13, 15, 13.5, 16 ], "texture": "#iron_block" },
        "north": { "uv": [ 2.5, 0, 3, 0 ], "texture": "#iron_block" },
        "south": { "uv": [ 13, 0, 13.5, 0 ], "texture": "#iron_block" },
        "west":  { "uv": [ 15, 0, 16, 0 ], "texture": "#iron_block" },
        "east":  { "uv": [ 0, 0, 1, 0 ], "texture": "#iron_block" }
    }
},
{
    "from": [ 3.5, 29, 15 ],
    "to": [ 4, 30, 16 ],
    "faces": {
        "down":  { "uv": [ 12.5, 16, 12, 15 ], "texture": "#iron_block" },
        "up":    { "uv": [ 3.5, 15, 4, 16 ], "texture": "#iron_block" },
        "north": { "uv": [ 12, 0, 12.5, 0 ], "texture": "#iron_block" },
        "south": { "uv": [ 3.5, 0, 4, 0 ], "texture": "#iron_block" },
        "west":  { "uv": [ 15, 0, 16, 0 ], "texture": "#iron_block" },
        "east":  { "uv": [ 0, 0, 1, 0 ], "texture": "#iron_block" }
    }
},
{
    "from": [ 13, 29, 15 ],
    "to": [ 13.5, 30, 16 ],
    "faces": {
        "down":  { "uv": [ 3, 16, 2.5, 15 ], "texture": "#iron_block" },
        "up":    { "uv": [ 13, 15, 13.5, 16 ], "texture": "#iron_block" },
        "north": { "uv": [ 2.5, 0, 3, 0 ], "texture": "#iron_block" },
        "south": { "uv": [ 13, 0, 13.5, 0 ], "texture": "#iron_block" },
        "west":  { "uv": [ 15, 0, 16, 0 ], "texture": "#iron_block" },
        "east":  { "uv": [ 0, 0, 1, 0 ], "texture": "#iron_block" }
    }
},
{
    "from": [ -4.0625, 16, 14.6875 ],
    "to": [ -2.0625, 31, 15.6875 ],
    "faces": {
        "down":  { "uv": [ -4.0625, 14.6875, -2.0625, 15.6875 ], "texture": "#planks_birch" },
        "up":    { "uv": [ 0, 14.6875, 2, 15.6875 ], "texture": "#planks_birch" },
        "north": { "uv": [ 0, 0, 2, 15 ], "texture": "#planks_birch" },
        "south": { "uv": [ 0, 0, 2, 15 ], "texture": "#planks_birch" },
        "west":  { "uv": [ 14.6875, 0, 15.6875, 15 ], "texture": "#planks_birch" },
        "east":  { "uv": [ 14.6875, 0, 15.6875, 15 ], "texture": "#planks_birch" }
    }
},
{
    "from": [ -4, 8, 14.6875 ],
    "to": [ -2, 16, 15.6875 ],
    "faces": {
        "down":  { "uv": [ -4, 14.6875, -2, 15.6875 ], "texture": "#planks_birch" },
        "up":    { "uv": [ 0, 14.6875, 2, 15.6875 ], "texture": "#planks_birch" },
        "north": { "uv": [ 0, 0, 2, 8 ], "texture": "#planks_birch" },
        "south": { "uv": [ 0, 0, 2, 8 ], "texture": "#planks_birch" },
        "west":  { "uv": [ 14.6875, 0, 15.6875, 8 ], "texture": "#planks_birch" },
        "east":  { "uv": [ 14.6875, 0, 15.6875, 8 ], "texture": "#planks_birch" }
    }
},
{
    "from": [ 2, 16, 14.6875 ],
    "to": [ 4, 31, 15.6875 ],
    "faces": {
        "down":  { "uv": [ 2, 14.6875, 4, 15.6875 ], "texture": "#planks_birch" },
        "up":    { "uv": [ 2, 14.6875, 4, 15.6875 ], "texture": "#planks_birch" },
        "north": { "uv": [ 2, 0, 4, 15 ], "texture": "#planks_birch" },
        "south": { "uv": [ 2, 0, 4, 15 ], "texture": "#planks_birch" },
        "west":  { "uv": [ 14.6875, 0, 15.6875, 15 ], "texture": "#planks_birch" },
        "east":  { "uv": [ 14.6875, 0, 15.6875, 15 ], "texture": "#planks_birch" }
    }
},
{
    "from": [ 2, 8, 14.6875 ],
    "to": [ 4, 16, 15.6875 ],
    "faces": {
        "down":  { "uv": [ 2, 14.6875, 4, 15.6875 ], "texture": "#planks_birch" },
        "up":    { "uv": [ 2, 14.6875, 4, 15.6875 ], "texture": "#planks_birch" },
        "north": { "uv": [ 2, 0, 4, 8 ], "texture": "#planks_birch" },
        "south": { "uv": [ 2, 0, 4, 8 ], "texture": "#planks_birch" },
        "west":  { "uv": [ 14.6875, 0, 15.6875, 8 ], "texture": "#planks_birch" },
        "east":  { "uv": [ 14.6875, 0, 15.6875, 8 ], "texture": "#planks_birch" }
    }
},
{
    "from": [ -2, 8, 14.6875 ],
    "to": [ 2, 11, 15.6875 ],
    "faces": {
        "down":  { "uv": [ -2, 14.6875, 2, 15.6875 ], "texture": "#planks_birch" },
        "up":    { "uv": [ 0, 14.6875, 4, 15.6875 ], "texture": "#planks_birch" },
        "north": { "uv": [ 0, 5, 4, 8 ], "texture": "#planks_birch" },
        "south": { "uv": [ 0, 5, 4, 8 ], "texture": "#planks_birch" },
        "west":  { "uv": [ 14.6875, 5, 15.6875, 8 ], "texture": "#planks_birch" },
        "east":  { "uv": [ 14.6875, 5, 15.6875, 8 ], "texture": "#planks_birch" }
    }
},
{
    "from": [ -2, 28, 14.6875 ],
    "to": [ 2, 31, 15.6875 ],
    "faces": {
        "down":  { "uv": [ -2, 14.6875, 2, 15.6875 ], "texture": "#planks_birch" },
        "up":    { "uv": [ 0, 14.6875, 4, 15.6875 ], "texture": "#planks_birch" },
        "north": { "uv": [ 0, 0, 4, 3 ], "texture": "#planks_birch" },
        "south": { "uv": [ 0, 0, 4, 3 ], "texture": "#planks_birch" },
        "west":  { "uv": [ 14.6875, 0, 15.6875, 3 ], "texture": "#planks_birch" },
        "east":  { "uv": [ 14.6875, 0, 15.6875, 3 ], "texture": "#planks_birch" }
    }
},
{
    "from": [ 5, 16, 14.6875 ],
    "to": [ 7, 31, 15.6875 ],
    "faces": {
        "down":  { "uv": [ 2, 14.6875, 4, 15.6875 ], "texture": "#planks_birch" },
        "up":    { "uv": [ 2, 14.6875, 4, 15.6875 ], "texture": "#planks_birch" },
        "north": { "uv": [ 2, 0, 4, 15 ], "texture": "#planks_birch" },
        "south": { "uv": [ 2, 0, 4, 15 ], "texture": "#planks_birch" },
        "west":  { "uv": [ 14.6875, 0, 15.6875, 15 ], "texture": "#planks_birch" },
        "east":  { "uv": [ 14.6875, 0, 15.6875, 15 ], "texture": "#planks_birch" }
    }
},
{
    "from": [ 11.5, 16, 14.6875 ],
    "to": [ 13.5, 31, 15.6875 ],
    "faces": {
        "down":  { "uv": [ 2, 14.6875, 4, 15.6875 ], "texture": "#planks_birch" },
        "up":    { "uv": [ 2, 14.6875, 4, 15.6875 ], "texture": "#planks_birch" },
        "north": { "uv": [ 2, 0, 4, 15 ], "texture": "#planks_birch" },
        "south": { "uv": [ 2, 0, 4, 15 ], "texture": "#planks_birch" },
        "west":  { "uv": [ 14.6875, 0, 15.6875, 15 ], "texture": "#planks_birch" },
        "east":  { "uv": [ 14.6875, 0, 15.6875, 15 ], "texture": "#planks_birch" }
    }
},
{
    "from": [ 5, 8, 14.6875 ],
    "to": [ 7, 16, 15.6875 ],
    "faces": {
        "down":  { "uv": [ 2, 14.6875, 4, 15.6875 ], "texture": "#planks_birch" },
        "up":    { "uv": [ 2, 14.6875, 4, 15.6875 ], "texture": "#planks_birch" },
        "north": { "uv": [ 2, 0, 4, 8 ], "texture": "#planks_birch" },
        "south": { "uv": [ 2, 0, 4, 8 ], "texture": "#planks_birch" },
        "west":  { "uv": [ 14.6875, 0, 15.6875, 8 ], "texture": "#planks_birch" },
        "east":  { "uv": [ 14.6875, 0, 15.6875, 8 ], "texture": "#planks_birch" }
    }
},
{
    "from": [ 11.5, 8, 14.6875 ],
    "to": [ 13.5, 16, 15.6875 ],
    "faces": {
        "down":  { "uv": [ 2, 14.6875, 4, 15.6875 ], "texture": "#planks_birch" },
        "up":    { "uv": [ 2, 14.6875, 4, 15.6875 ], "texture": "#planks_birch" },
        "north": { "uv": [ 2, 0, 4, 8 ], "texture": "#planks_birch" },
        "south": { "uv": [ 2, 0, 4, 8 ], "texture": "#planks_birch" },
        "west":  { "uv": [ 14.6875, 0, 15.6875, 8 ], "texture": "#planks_birch" },
        "east":  { "uv": [ 14.6875, 0, 15.6875, 8 ], "texture": "#planks_birch" }
    }
},
{
    "from": [ -7, 8, 14.6875 ],
    "to": [ -5, 16, 15.6875 ],
    "faces": {
        "down":  { "uv": [ -7, 14.6875, -5, 15.6875 ], "texture": "#planks_birch" },
        "up":    { "uv": [ 0, 14.6875, 2, 15.6875 ], "texture": "#planks_birch" },
        "north": { "uv": [ 0, 0, 2, 8 ], "texture": "#planks_birch" },
        "south": { "uv": [ 0, 0, 2, 8 ], "texture": "#planks_birch" },
        "west":  { "uv": [ 14.6875, 0, 15.6875, 8 ], "texture": "#planks_birch" },
        "east":  { "uv": [ 14.6875, 0, 15.6875, 8 ], "texture": "#planks_birch" }
    }
},
{
    "from": [ -13.5, 8, 14.6875 ],
    "to": [ -11.5, 16, 15.6875 ],
    "faces": {
        "down":  { "uv": [ -13.5, 14.6875, -11.5, 15.6875 ], "texture": "#planks_birch" },
        "up":    { "uv": [ 0, 14.6875, 2, 15.6875 ], "texture": "#planks_birch" },
        "north": { "uv": [ 0, 0, 2, 8 ], "texture": "#planks_birch" },
        "south": { "uv": [ 0, 0, 2, 8 ], "texture": "#planks_birch" },
        "west":  { "uv": [ 14.6875, 0, 15.6875, 8 ], "texture": "#planks_birch" },
        "east":  { "uv": [ 14.6875, 0, 15.6875, 8 ], "texture": "#planks_birch" }
    }
},
{
    "from": [ -7, 16, 14.6875 ],
    "to": [ -5, 31, 15.6875 ],
    "faces": {
        "down":  { "uv": [ -4.0625, 14.6875, -2.0625, 15.6875 ], "texture": "#planks_birch" },
        "up":    { "uv": [ 0, 14.6875, 2, 15.6875 ], "texture": "#planks_birch" },
        "north": { "uv": [ 0, 0, 2, 15 ], "texture": "#planks_birch" },
        "south": { "uv": [ 0, 0, 2, 15 ], "texture": "#planks_birch" },
        "west":  { "uv": [ 14.6875, 0, 15.6875, 15 ], "texture": "#planks_birch" },
        "east":  { "uv": [ 14.6875, 0, 15.6875, 15 ], "texture": "#planks_birch" }
    }
},
{
    "from": [ -13.5, 16, 14.6875 ],
    "to": [ -11.5, 31, 15.6875 ],
    "faces": {
        "down":  { "uv": [ -4.0625, 14.6875, -2.0625, 15.6875 ], "texture": "#planks_birch" },
        "up":    { "uv": [ 0, 14.6875, 2, 15.6875 ], "texture": "#planks_birch" },
        "north": { "uv": [ 0, 0, 2, 15 ], "texture": "#planks_birch" },
        "south": { "uv": [ 0, 0, 2, 15 ], "texture": "#planks_birch" },
        "west":  { "uv": [ 14.6875, 0, 15.6875, 15 ], "texture": "#planks_birch" },
        "east":  { "uv": [ 14.6875, 0, 15.6875, 15 ], "texture": "#planks_birch" }
    }
},
{
    "from": [ 7, 8, 14.6875 ],
    "to": [ 11.5, 11, 15.6875 ],
    "faces": {
        "down":  { "uv": [ 7, 14.6875, 11.5, 15.6875 ], "texture": "#planks_birch" },
        "up":    { "uv": [ 7, 14.6875, 11.5, 15.6875 ], "texture": "#planks_birch" },
        "north": { "uv": [ 7, 5, 11.5, 8 ], "texture": "#planks_birch" },
        "south": { "uv": [ 7, 5, 11.5, 8 ], "texture": "#planks_birch" },
        "west":  { "uv": [ 14.6875, 5, 15.6875, 8 ], "texture": "#planks_birch" },
        "east":  { "uv": [ 14.6875, 5, 15.6875, 8 ], "texture": "#planks_birch" }
    }
},
{
    "from": [ 7, 28, 14.6875 ],
    "to": [ 11.5, 31, 15.6875 ],
    "faces": {
        "down":  { "uv": [ 7, 14.6875, 11.5, 15.6875 ], "texture": "#planks_birch" },
        "up":    { "uv": [ 7, 14.6875, 11.5, 15.6875 ], "texture": "#planks_birch" },
        "north": { "uv": [ 7, 0, 11.5, 3 ], "texture": "#planks_birch" },
        "south": { "uv": [ 7, 0, 11.5, 3 ], "texture": "#planks_birch" },
        "west":  { "uv": [ 14.6875, 0, 15.6875, 3 ], "texture": "#planks_birch" },
        "east":  { "uv": [ 14.6875, 0, 15.6875, 3 ], "texture": "#planks_birch" }
    }
},
{
    "from": [ -11.5, 28, 14.6875 ],
    "to": [ -7, 31, 15.6875 ],
    "faces": {
        "down":  { "uv": [ -11.5, 14.6875, -7, 15.6875 ], "texture": "#planks_birch" },
        "up":    { "uv": [ 0, 14.6875, 4.5, 15.6875 ], "texture": "#planks_birch" },
        "north": { "uv": [ 0, 0, 4.5, 3 ], "texture": "#planks_birch" },
        "south": { "uv": [ 0, 0, 4.5, 3 ], "texture": "#planks_birch" },
        "west":  { "uv": [ 14.6875, 0, 15.6875, 3 ], "texture": "#planks_birch" },
        "east":  { "uv": [ 14.6875, 0, 15.6875, 3 ], "texture": "#planks_birch" }
    }
},
{
    "from": [ -11.5, 8, 14.6875 ],
    "to": [ -7, 11, 15.6875 ],
    "faces": {
        "down":  { "uv": [ -11.5, 14.6875, -7, 15.6875 ], "texture": "#planks_birch" },
        "up":    { "uv": [ 0, 14.6875, 4.5, 15.6875 ], "texture": "#planks_birch" },
        "north": { "uv": [ 0, 5, 4.5, 8 ], "texture": "#planks_birch" },
        "south": { "uv": [ 0, 5, 4.5, 8 ], "texture": "#planks_birch" },
        "west":  { "uv": [ 14.6875, 5, 15.6875, 8 ], "texture": "#planks_birch" },
        "east":  { "uv": [ 14.6875, 5, 15.6875, 8 ], "texture": "#planks_birch" }
    }
},
{
    "from": [ -13.5, 2.8125, 15.1875 ],
    "to": [ -5, 7.125, 15.6875 ],
    "faces": {
        "down":  { "uv": [ 0, 15, 8.5, 15.5 ], "texture": "#planks_birch" },
        "up":    { "uv": [ 0, 15, 8.5, 15.5 ], "texture": "#planks_birch" },
        "north": { "uv": [ 0, 8.9375, 8.5, 12.9375 ], "texture": "#planks_birch" },
        "south": { "uv": [ 0, 8.9375, 8.5, 12.9375 ], "texture": "#planks_birch" },
        "west":  { "uv": [ 15, 8.9375, 15.5, 12.9375 ], "texture": "#planks_birch" },
        "east":  { "uv": [ 15, 8.9375, 15.5, 12.9375 ], "texture": "#planks_birch" }
    }
},
{
    "from": [ -4, 2.6875, 15.1875 ],
    "to": [ 4.5, 7, 15.6875 ],
    "faces": {
        "down":  { "uv": [ 0, 15, 8.5, 15.5 ], "texture": "#planks_birch" },
        "up":    { "uv": [ 0, 15, 8.5, 15.5 ], "texture": "#planks_birch" },
        "north": { "uv": [ 0, 8.9375, 8.5, 12.9375 ], "texture": "#planks_birch" },
        "south": { "uv": [ 0, 8.9375, 8.5, 12.9375 ], "texture": "#planks_birch" },
        "west":  { "uv": [ 15, 8.9375, 15.5, 12.9375 ], "texture": "#planks_birch" },
        "east":  { "uv": [ 15, 8.9375, 15.5, 12.9375 ], "texture": "#planks_birch" }
    }
},
{
    "from": [ 5, 2.6875, 15.1875 ],
    "to": [ 13.5, 7, 15.6875 ],
    "faces": {
        "down":  { "uv": [ 0, 15, 8.5, 15.5 ], "texture": "#planks_birch" },
        "up":    { "uv": [ 0, 15, 8.5, 15.5 ], "texture": "#planks_birch" },
        "north": { "uv": [ 0, 8.9375, 8.5, 12.9375 ], "texture": "#planks_birch" },
        "south": { "uv": [ 0, 8.9375, 8.5, 12.9375 ], "texture": "#planks_birch" },
        "west":  { "uv": [ 15, 8.9375, 15.5, 12.9375 ], "texture": "#planks_birch" },
        "east":  { "uv": [ 15, 8.9375, 15.5, 12.9375 ], "texture": "#planks_birch" }
    }
}
],
"display": {
    "thirdperson_righthand": {
        "rotation": [ 0, -43, 0 ],
        "translation": [ 0, 0, 0 ],
        "scale": [ 0.4, 0.4, 0.4 ]
    },
    "thirdperson_lefthand": {
        "rotation": [ 0, -43, 0 ],
        "translation": [ 0, 0, 0 ],
        "scale": [ 0.4, 0.4, 0.4 ]
    },
    "head": {
        "rotation": [ 0, 180, 0 ],
        "translation": [ -25.5, -30.5, 0 ],
        "scale": [ 1.6, 1.6, 1.6 ]
    },
    "ground": {
        "rotation": [ 0, 0, 0 ],
        "translation": [ 4.72, 2, 0 ],
        "scale": [ 0.5, 0.5, 0.5 ]
    },
    "fixed": {
        "rotation": [ 0, 180, 0 ],
        "translation": [ -4.35, -3.4, -3.4 ],
        "scale": [ 0.5, 0.5, 0.5 ]
    },
    "firstperson_righthand": {
        "rotation": [ 0, -64, 0 ],
        "translation": [ 0, 0, 1.13 ],
        "scale": [ 0.5, 0.5, 0.5 ]
    },
    "firstperson_lefthand": {
        "rotation": [ 0, -64, 0 ],
        "translation": [ 0, 0, 1.13 ],
        "scale": [ 0.5, 0.5, 0.5 ]
    },
    "gui": {
        "rotation": [ 35, 35, 0 ],
        "translation": [ 2.27, -1.51, 0 ],
        "scale": [ 0.4, 0.4, 0.4 ]
    }
}
}