{
"__comment": "Designed by Tomshalev01",
"textures": {
    "0": "blocks/wool_colored_black",
    "1": "blocks/wool_colored_white",
    "2": "blocks/wool_colored_orange",
    "3": "blocks/wool_colored_green",
    "4": "blocks/wool_colored_red"
},
"elements": [ 
{
    "from": [ 7.4, 0, 7 ],
    "to": [ 8.6, 0.2, 9 ],
    "faces": {
        "down":  { "uv": [ 0.001, 0.001, 1.199, 1.999 ], "texture": "#0" },
        "up":    { "uv": [ 0.001, 0.001, 1.199, 1.999 ], "texture": "#0" },
        "north": { "uv": [ 0.001, 0.001, 1.199, 0.199 ], "texture": "#0" },
        "south": { "uv": [ 0.001, 0.001, 1.199, 0.199 ], "texture": "#0" },
        "west":  { "uv": [ 0.001, 0.001, 1.999, 0.199 ], "texture": "#0" },
        "east":  { "uv": [ 0.001, 0.001, 1.999, 0.199 ], "texture": "#0" }
    }
},
{
    "from": [ 7.4, 2.2, 7 ],
    "to": [ 8.6, 2.4, 9 ],
    "faces": {
        "down":  { "uv": [ 0.001, 0.001, 1.199, 1.999 ], "texture": "#0" },
        "up":    { "uv": [ 0.001, 0.001, 1.199, 1.999 ], "texture": "#0" },
        "north": { "uv": [ 0.001, 0.001, 1.199, 0.199 ], "texture": "#0" },
        "south": { "uv": [ 0.001, 0.001, 1.199, 0.199 ], "texture": "#0" },
        "west":  { "uv": [ 0.001, 0.001, 1.999, 0.199 ], "texture": "#0" },
        "east":  { "uv": [ 0.001, 0.001, 1.999, 0.199 ], "texture": "#0" }
    }
},
{
    "from": [ 7.4, 0, 6.8 ],
    "to": [ 8.6, 2.4, 7 ],
    "faces": {
        "down":  { "uv": [ 0.001, 0.001, 1.199, 0.199 ], "texture": "#0" },
        "up":    { "uv": [ 0.001, 0.001, 1.199, 0.199 ], "texture": "#0" },
        "north": { "uv": [ 0.001, 0.001, 1.199, 2.399 ], "texture": "#0" },
        "south": { "uv": [ 0.001, 0.001, 1.199, 2.399 ], "texture": "#0" },
        "west":  { "uv": [ 0.001, 0.001, 0.199, 2.399 ], "texture": "#0" },
        "east":  { "uv": [ 0.001, 0.001, 0.199, 2.399 ], "texture": "#0" }
    }
},
{
    "from": [ 7.4, 0, 9 ],
    "to": [ 8.6, 2.4, 9.2 ],
    "faces": {
        "down":  { "uv": [ 0.001, 0.001, 1.199, 0.199 ], "texture": "#0" },
        "up":    { "uv": [ 0.001, 0.001, 1.199, 0.199 ], "texture": "#0" },
        "north": { "uv": [ 0.001, 0.001, 1.199, 2.399 ], "texture": "#0" },
        "south": { "uv": [ 0.001, 0.001, 1.199, 2.399 ], "texture": "#0" },
        "west":  { "uv": [ 0.001, 0.001, 0.199, 2.399 ], "texture": "#0" },
        "east":  { "uv": [ 0.001, 0.001, 0.199, 2.399 ], "texture": "#0" }
    }
},
{
    "from": [ 7.5, 0.2, 7 ],
    "to": [ 8.5, 0.8, 9 ],
    "faces": {
        "down":  { "uv": [ 0.001, 0.001, 0.999, 1.999 ], "texture": "#0" },
        "up":    { "uv": [ 0.001, 0.001, 0.999, 1.999 ], "texture": "#1" },
        "north": { "uv": [ 0.001, 0.001, 0.999, 0.599 ], "texture": "#1" },
        "south": { "uv": [ 0.001, 0.001, 0.999, 0.599 ], "texture": "#1" },
        "west":  { "uv": [ 0.001, 0.001, 1.999, 0.599 ], "texture": "#1" },
        "east":  { "uv": [ 0.001, 0.001, 1.999, 0.599 ], "texture": "#1" }
    }
},
{
    "from": [ 7.5, 1.6, 7 ],
    "to": [ 8.5, 2.2, 9 ],
    "faces": {
        "down":  { "uv": [ 0.001, 0.001, 0.999, 1.999 ], "texture": "#0" },
        "up":    { "uv": [ 0.001, 0.001, 0.999, 1.999 ], "texture": "#1" },
        "north": { "uv": [ 0.001, 0.001, 0.999, 0.599 ], "texture": "#1" },
        "south": { "uv": [ 0.001, 0.001, 0.999, 0.599 ], "texture": "#1" },
        "west":  { "uv": [ 0.001, 0.001, 1.999, 0.599 ], "texture": "#1" },
        "east":  { "uv": [ 0.001, 0.001, 1.999, 0.599 ], "texture": "#1" }
    }
},
{
    "from": [ 7.5, 0.8, 7 ],
    "to": [ 8.5, 1.6, 7.6 ],
    "faces": {
        "down":  { "uv": [ 0.001, 0.001, 0.999, 0.599 ], "texture": "#0" },
        "up":    { "uv": [ 0.001, 0.001, 0.999, 0.599 ], "texture": "#1" },
        "north": { "uv": [ 0.001, 0.001, 0.999, 0.799 ], "texture": "#1" },
        "south": { "uv": [ 0.001, 0.001, 0.999, 0.799 ], "texture": "#1" },
        "west":  { "uv": [ 0.001, 0.001, 0.599, 0.799 ], "texture": "#1" },
        "east":  { "uv": [ 0.001, 0.001, 0.599, 0.799 ], "texture": "#1" }
    }
},
{
    "from": [ 7.5, 0.8, 8.4 ],
    "to": [ 8.5, 1.6, 9 ],
    "faces": {
        "down":  { "uv": [ 0.001, 0.001, 0.999, 0.599 ], "texture": "#0" },
        "up":    { "uv": [ 0.001, 0.001, 0.999, 0.599 ], "texture": "#1" },
        "north": { "uv": [ 0.001, 0.001, 0.999, 0.799 ], "texture": "#1" },
        "south": { "uv": [ 0.001, 0.001, 0.999, 0.799 ], "texture": "#1" },
        "west":  { "uv": [ 0.001, 0.001, 0.599, 0.799 ], "texture": "#1" },
        "east":  { "uv": [ 0.001, 0.001, 0.599, 0.799 ], "texture": "#1" }
    }
},
{
    "from": [ 7.5, 0.8, 7.6 ],
    "to": [ 8.5, 1.3, 8.4 ],
    "faces": {
        "down":  { "uv": [ 0.001, 0.001, 0.999, 0.799 ], "texture": "#2" },
        "up":    { "uv": [ 0.001, 0.001, 0.999, 0.799 ], "texture": "#2" },
        "north": { "uv": [ 0.001, 0.001, 0.999, 0.499 ], "texture": "#2" },
        "south": { "uv": [ 0.001, 0.001, 0.999, 0.499 ], "texture": "#2" },
        "west":  { "uv": [ 0.001, 0.001, 0.799, 0.499 ], "texture": "#2" },
        "east":  { "uv": [ 0.001, 0.001, 0.799, 0.499 ], "texture": "#2" }
    }
},
{
    "from": [ 7.5, 1.3, 7.6 ],
    "to": [ 8.5, 1.6, 8.1 ],
    "faces": {
        "down":  { "uv": [ 0.001, 0.001, 0.999, 0.499 ], "texture": "#3" },
        "up":    { "uv": [ 0.001, 0.001, 0.999, 0.499 ], "texture": "#3" },
        "north": { "uv": [ 0.001, 0.001, 0.999, 0.299 ], "texture": "#3" },
        "south": { "uv": [ 0.001, 0.001, 0.999, 0.299 ], "texture": "#3" },
        "west":  { "uv": [ 0.001, 0.001, 0.499, 0.299 ], "texture": "#3" },
        "east":  { "uv": [ 0.001, 0.001, 0.499, 0.299 ], "texture": "#3" }
    }
},
{
    "from": [ 7.5, 1.3, 8.1 ],
    "to": [ 8.5, 1.6, 8.4 ],
    "faces": {
        "down":  { "uv": [ 0.001, 0.001, 0.999, 0.299 ], "texture": "#4" },
        "up":    { "uv": [ 0.001, 0.001, 0.999, 0.299 ], "texture": "#4" },
        "north": { "uv": [ 0.001, 0.001, 0.999, 0.299 ], "texture": "#4" },
        "south": { "uv": [ 0.001, 0.001, 0.999, 0.299 ], "texture": "#4" },
        "west":  { "uv": [ 0.001, 0.001, 0.299, 0.299 ], "texture": "#4" },
        "east":  { "uv": [ 0.001, 0.001, 0.299, 0.299 ], "texture": "#4" }
    }
}
],
"display": {
    "thirdperson_righthand": {
        "rotation": [ 61, 44, 0 ],
        "translation": [ 0, 4.35, 6.24 ],
        "scale": [ 1, 1, 1 ]
    },
    "thirdperson_lefthand": {
        "rotation": [ 61, 44, 0 ],
        "translation": [ 0, 4.35, 6.24 ],
        "scale": [ 1, 1, 1 ]
    },
    "head": {
        "rotation": [ 0, 180, 0 ],
        "translation": [ 0, -30.5, 0 ],
        "scale": [ 1.6, 1.6, 1.6 ]
    },
    "ground": {
        "rotation": [ 0, -72, 0 ],
        "translation": [ 0, 2, 0 ],
        "scale": [ 0.5, 0.5, 0.5 ]
    },
    "fixed": {
        "rotation": [ -45, -3, 0 ],
        "translation": [ -0.57, 0, -3.21 ],
        "scale": [ 0.5, 0.5, 0.5 ]
    },
    "firstperson_righthand": {
        "rotation": [ 0, 0, 0 ],
        "translation": [ -0.19, 6.61, 0.38 ],
        "scale": [ 1, 1, 1 ]
    },
    "firstperson_lefthand": {
        "rotation": [ 0, 0, 0 ],
        "translation": [ -0.19, 6.61, 0.38 ],
        "scale": [ 1, 1, 1 ]
    },
    "gui": {
        "rotation": [ 35, 35, 0 ],
        "translation": [ 0, 2.08, 0 ],
        "scale": [ 1, 1, 1 ]
    }
}
}