{
	"__comment": "Designed by Monsterfish_",
	"textures": {
		"texture": "blocks/iron_block",
		"texture3": "items/cookie",
		"texture4": "blocks/glass_white",
		"voxel_palette": "blocks/candle"
	},
	"elements": [
		{
			"__comment": "Voxels-9B4E00",
			"from": [ 7.4983, 0.3006, 9.0001 ],
			"to": [ 8.498301, 0.8005999, 9.5001 ],
			"rotation": { "origin": [ 8.5, 0.3, 10.5 ], "axis": "y", "angle": -45 },
			"faces": {
				"up": { "uv": [ 6.5, 9.5, 7.5, 10 ], "texture": "#texture3" },
				"north": { "uv": [ 8.5, 12.5, 9.5, 13 ], "texture": "#texture3" },
				"south": { "uv": [ 6.5, 12.5, 7.5, 13 ], "texture": "#texture3" },
				"west": { "uv": [ 9.5, 12.5, 10, 13 ], "texture": "#texture3" },
				"east": { "uv": [ 6, 12.5, 6.5, 13 ], "texture": "#texture3" }
			}
		},
		{
			"__comment": "Voxels-9B4E00",
			"from": [ 7.4993, 0.2993, 9.4997 ],
			"to": [ 7.9993, 0.7993, 9.9997 ],
			"rotation": { "origin": [ 8.5, 0.3, 10.5 ], "axis": "y", "angle": -45 },
			"faces": {
				"up": { "uv": [ 6.5, 10, 7, 10.5 ], "texture": "#texture3" },
				"north": { "uv": [ 9, 12.5, 9.5, 13 ], "texture": "#texture3" },
				"south": { "uv": [ 6.5, 12.5, 7, 13 ], "texture": "#texture3" },
				"west": { "uv": [ 10, 12.5, 10.5, 13 ], "texture": "#texture3" },
				"east": { "uv": [ 5.5, 12.5, 6, 13 ], "texture": "#texture3" }
			}
		},
		{
			"__comment": "Voxels-5E2F00",
			"from": [ 7.5002, 0.3005, 10.0012 ],
			"to": [ 8.0002, 0.8005, 10.5012 ],
			"rotation": { "origin": [ 8.5, 0.3, 10.5 ], "axis": "y", "angle": -45 },
			"faces": {
				"up": { "uv": [ 6.5, 10.5, 7, 11 ], "texture": "#texture3" },
				"north": { "uv": [ 9, 12.5, 9.5, 13 ], "texture": "#texture3" },
				"south": { "uv": [ 6.5, 12.5, 7, 13 ], "texture": "#texture3" },
				"west": { "uv": [ 10.5, 12.5, 11, 13 ], "texture": "#texture3" },
				"east": { "uv": [ 5, 12.5, 5.5, 13 ], "texture": "#texture3" }
			}
		},
		{
			"__comment": "Voxels-9B4E00",
			"from": [ 7.9982, 0.3007, 8.5005 ],
			"to": [ 8.498199, 0.8006999, 9.0005 ],
			"rotation": { "origin": [ 8.5, 0.3, 10.5 ], "axis": "y", "angle": -45 },
			"faces": {
				"up": { "uv": [ 7, 9, 7.5, 9.5 ], "texture": "#texture3" },
				"north": { "uv": [ 8.5, 12.5, 9, 13 ], "texture": "#texture3" },
				"south": { "uv": [ 7, 12.5, 7.5, 13 ], "texture": "#texture3" },
				"west": { "uv": [ 9, 12.5, 9.5, 13 ], "texture": "#texture3" },
				"east": { "uv": [ 6.5, 12.5, 7, 13 ], "texture": "#texture3" }
			}
		},
		{
			"__comment": "Voxels-793D00",
			"from": [ 7.9989, 0.3001, 9.4997 ],
			"to": [ 8.498899, 0.8001, 9.9997 ],
			"rotation": { "origin": [ 8.5, 0.3, 10.5 ], "axis": "y", "angle": -45 },
			"faces": {
				"up": { "uv": [ 7, 10, 7.5, 10.5 ], "texture": "#texture3" },
				"north": { "uv": [ 8.5, 12.5, 9, 13 ], "texture": "#texture3" },
				"south": { "uv": [ 7, 12.5, 7.5, 13 ], "texture": "#texture3" },
				"west": { "uv": [ 10, 12.5, 10.5, 13 ], "texture": "#texture3" },
				"east": { "uv": [ 5.5, 12.5, 6, 13 ], "texture": "#texture3" }
			}
		},
		{
			"__comment": "Voxels-9B4E00",
			"from": [ 8.0001, 0.3006, 10.0006 ],
			"to": [ 8.5001, 0.8006, 11.0006 ],
			"rotation": { "origin": [ 8.5, 0.3, 10.5 ], "axis": "y", "angle": -45 },
			"faces": {
				"up": { "uv": [ 7, 10.5, 7.5, 11.5 ], "texture": "#texture3" },
				"north": { "uv": [ 8.5, 12.5, 9, 13 ], "texture": "#texture3" },
				"south": { "uv": [ 7, 12.5, 7.5, 13 ], "texture": "#texture3" },
				"west": { "uv": [ 10.5, 12.5, 11.5, 13 ], "texture": "#texture3" },
				"east": { "uv": [ 4.5, 12.5, 5.5, 13 ], "texture": "#texture3" }
			}
		},
		{
			"__comment": "Voxels-9B4E00",
			"from": [ 8.498099, 0.3007, 8.0001 ],
			"to": [ 9.998099, 0.8006999, 8.5001 ],
			"rotation": { "origin": [ 8.5, 0.3, 10.5 ], "axis": "y", "angle": -45 },
			"faces": {
				"up": { "uv": [ 7.5, 8.499999, 9, 8.999999 ], "texture": "#texture3" },
				"north": { "uv": [ 7, 12.5, 8.5, 13 ], "texture": "#texture3" },
				"south": { "uv": [ 7.5, 12.5, 9, 13 ], "texture": "#texture3" },
				"west": { "uv": [ 8.499999, 12.5, 8.999999, 13 ], "texture": "#texture3" },
				"east": { "uv": [ 7.000001, 12.5, 7.500001, 13 ], "texture": "#texture3" }
			}
		},
		{
			"__comment": "Voxels-793D00",
			"from": [ 8.4994, 0.3007, 8.4998 ],
			"to": [ 8.9994, 0.8006999, 8.9998 ],
			"rotation": { "origin": [ 8.5, 0.3, 10.5 ], "axis": "y", "angle": -45 },
			"faces": {
				"up": { "uv": [ 7.5, 9, 8, 9.5 ], "texture": "#texture3" },
				"north": { "uv": [ 8, 12.5, 8.5, 13 ], "texture": "#texture3" },
				"south": { "uv": [ 7.5, 12.5, 8, 13 ], "texture": "#texture3" },
				"west": { "uv": [ 9, 12.5, 9.5, 13 ], "texture": "#texture3" },
				"east": { "uv": [ 6.5, 12.5, 7, 13 ], "texture": "#texture3" }
			}
		},
		{
			"__comment": "Voxels-5E2F00",
			"from": [ 8.4991, 0.2994, 9.000899 ],
			"to": [ 8.9991, 0.7994, 9.500899 ],
			"rotation": { "origin": [ 8.5, 0.3, 10.5 ], "axis": "y", "angle": -45 },
			"faces": {
				"up": { "uv": [ 7.5, 9.5, 8, 10 ], "texture": "#texture3" },
				"north": { "uv": [ 8, 12.5, 8.5, 13 ], "texture": "#texture3" },
				"south": { "uv": [ 7.5, 12.5, 8, 13 ], "texture": "#texture3" },
				"west": { "uv": [ 9.5, 12.5, 10, 13 ], "texture": "#texture3" },
				"east": { "uv": [ 6, 12.5, 6.5, 13 ], "texture": "#texture3" }
			}
		},
		{
			"__comment": "Voxels-B85C00",
			"from": [ 8.499499, 0.2997, 9.500199 ],
			"to": [ 9.999499, 0.7997, 10.0002 ],
			"rotation": { "origin": [ 8.5, 0.3, 10.5 ], "axis": "y", "angle": -45 },
			"faces": {
				"down": { "uv": [ 7.5, 5.5, 9, 6 ], "texture": "#texture3" },
				"up": { "uv": [ 7.5, 10, 9, 10.5 ], "texture": "#texture3" },
				"north": { "uv": [ 7, 12.5, 8.5, 13 ], "texture": "#texture3" },
				"south": { "uv": [ 7.5, 12.5, 9, 13 ], "texture": "#texture3" },
				"west": { "uv": [ 10, 12.5, 10.5, 13 ], "texture": "#texture3" },
				"east": { "uv": [ 5.5, 12.5, 6, 13 ], "texture": "#texture3" }
			}
		},
		{
			"__comment": "Voxels-793D00",
			"from": [ 8.4991, 0.2998, 9.9993 ],
			"to": [ 8.9991, 0.7997999, 10.4993 ],
			"rotation": { "origin": [ 8.5, 0.3, 10.5 ], "axis": "y", "angle": -45 },
			"faces": {
				"up": { "uv": [ 7.5, 10.5, 8, 11 ], "texture": "#texture3" },
				"north": { "uv": [ 8, 12.5, 8.5, 13 ], "texture": "#texture3" },
				"south": { "uv": [ 7.5, 12.5, 8, 13 ], "texture": "#texture3" },
				"west": { "uv": [ 10.5, 12.5, 11, 13 ], "texture": "#texture3" },
				"east": { "uv": [ 5, 12.5, 5.5, 13 ], "texture": "#texture3" }
			}
		},
		{
			"__comment": "Voxels-5E2F00",
			"from": [ 8.5005, 0.3009, 10.4992 ],
			"to": [ 9.0005, 0.8009, 10.9992 ],
			"rotation": { "origin": [ 8.5, 0.3, 10.5 ], "axis": "y", "angle": -45 },
			"faces": {
				"down": { "uv": [ 7.5, 4.5, 8, 5 ], "texture": "#texture3" },
				"up": { "uv": [ 7.5, 11, 8, 11.5 ], "texture": "#texture3" },
				"north": { "uv": [ 8, 12.5, 8.5, 13 ], "texture": "#texture3" },
				"south": { "uv": [ 7.5, 12.5, 8, 13 ], "texture": "#texture3" },
				"west": { "uv": [ 11, 12.5, 11.5, 13 ], "texture": "#texture3" },
				"east": { "uv": [ 4.5, 12.5, 5, 13 ], "texture": "#texture3" }
			}
		},
		{
			"__comment": "Voxels-9B4E00",
			"from": [ 8.4994, 0.2996, 11 ],
			"to": [ 9.4994, 0.7996, 11.5 ],
			"rotation": { "origin": [ 8.5, 0.3, 10.5 ], "axis": "y", "angle": -45 },
			"faces": {
				"down": { "uv": [ 7.5, 4, 8.5, 4.5 ], "texture": "#texture3" },
				"up": { "uv": [ 7.5, 11.5, 8.5, 12 ], "texture": "#texture3" },
				"north": { "uv": [ 7.5, 12.5, 8.5, 13 ], "texture": "#texture3" },
				"south": { "uv": [ 7.5, 12.5, 8.5, 13 ], "texture": "#texture3" },
				"west": { "uv": [ 11.5, 12.5, 12, 13 ], "texture": "#texture3" },
				"east": { "uv": [ 4, 12.5, 4.5, 13 ], "texture": "#texture3" }
			}
		},
		{
			"__comment": "Voxels-9B4E00",
			"from": [ 8.998099, 0.3007, 8.5008 ],
			"to": [ 9.498099, 0.8006999, 9.0008 ],
			"rotation": { "origin": [ 8.5, 0.3, 10.5 ], "axis": "y", "angle": -45 },
			"faces": {
				"up": { "uv": [ 8, 9, 8.5, 9.5 ], "texture": "#texture3" },
				"north": { "uv": [ 7.5, 12.5, 8, 13 ], "texture": "#texture3" },
				"south": { "uv": [ 8, 12.5, 8.5, 13 ], "texture": "#texture3" },
				"west": { "uv": [ 9, 12.5, 9.5, 13 ], "texture": "#texture3" },
				"east": { "uv": [ 6.5, 12.5, 7, 13 ], "texture": "#texture3" }
			}
		},
		{
			"__comment": "Voxels-B85C00",
			"from": [ 8.999599, 0.3004, 8.998799 ],
			"to": [ 9.499599, 0.8004001, 9.498799 ],
			"rotation": { "origin": [ 8.5, 0.3, 10.5 ], "axis": "y", "angle": -45 },
			"faces": {
				"up": { "uv": [ 8, 9.5, 8.5, 10 ], "texture": "#texture3" },
				"north": { "uv": [ 7.5, 12.5, 8, 13 ], "texture": "#texture3" },
				"south": { "uv": [ 8, 12.5, 8.5, 13 ], "texture": "#texture3" },
				"west": { "uv": [ 9.5, 12.5, 10, 13 ], "texture": "#texture3" },
				"east": { "uv": [ 6, 12.5, 6.5, 13 ], "texture": "#texture3" }
			}
		},
		{
			"__comment": "Voxels-5E2F00",
			"from": [ 8.9994, 0.3007, 10.0002 ],
			"to": [ 9.4994, 0.8006998, 10.5002 ],
			"rotation": { "origin": [ 8.5, 0.3, 10.5 ], "axis": "y", "angle": -45 },
			"faces": {
				"down": { "uv": [ 8, 5, 8.5, 5.5 ], "texture": "#texture3" },
				"up": { "uv": [ 8, 10.5, 8.5, 11 ], "texture": "#texture3" },
				"north": { "uv": [ 7.5, 12.5, 8, 13 ], "texture": "#texture3" },
				"south": { "uv": [ 8, 12.5, 8.5, 13 ], "texture": "#texture3" },
				"west": { "uv": [ 10.5, 12.5, 11, 13 ], "texture": "#texture3" },
				"east": { "uv": [ 5, 12.5, 5.5, 13 ], "texture": "#texture3" }
			}
		},
		{
			"__comment": "Voxels-793D00",
			"from": [ 9.000999, 0.2994, 10.4994 ],
			"to": [ 9.500999, 0.7994, 10.9994 ],
			"rotation": { "origin": [ 8.5, 0.3, 10.5 ], "axis": "y", "angle": -45 },
			"faces": {
				"down": { "uv": [ 8, 4.5, 8.5, 5 ], "texture": "#texture3" },
				"up": { "uv": [ 8, 11, 8.5, 11.5 ], "texture": "#texture3" },
				"north": { "uv": [ 7.5, 12.5, 8, 13 ], "texture": "#texture3" },
				"south": { "uv": [ 8, 12.5, 8.5, 13 ], "texture": "#texture3" },
				"west": { "uv": [ 11, 12.5, 11.5, 13 ], "texture": "#texture3" },
				"east": { "uv": [ 4.5, 12.5, 5, 13 ], "texture": "#texture3" }
			}
		},
		{
			"__comment": "Voxels-5E2F00",
			"from": [ 9.4997, 0.2996, 8.5004 ],
			"to": [ 9.999701, 0.7996, 9.0004 ],
			"rotation": { "origin": [ 8.5, 0.3, 10.5 ], "axis": "y", "angle": -45 },
			"faces": {
				"up": { "uv": [ 8.5, 9, 9, 9.5 ], "texture": "#texture3" },
				"north": { "uv": [ 7, 12.5, 7.5, 13 ], "texture": "#texture3" },
				"south": { "uv": [ 8.5, 12.5, 9, 13 ], "texture": "#texture3" },
				"west": { "uv": [ 9, 12.5, 9.5, 13 ], "texture": "#texture3" },
				"east": { "uv": [ 6.5, 12.5, 7, 13 ], "texture": "#texture3" }
			}
		},
		{
			"__comment": "Voxels-793D00",
			"from": [ 9.499599, 0.2997, 9.0005 ],
			"to": [ 9.999599, 0.7997, 9.5005 ],
			"rotation": { "origin": [ 8.5, 0.3, 10.5 ], "axis": "y", "angle": -45 },
			"faces": {
				"up": { "uv": [ 8.5, 9.5, 9, 10 ], "texture": "#texture3" },
				"north": { "uv": [ 7, 12.5, 7.5, 13 ], "texture": "#texture3" },
				"south": { "uv": [ 8.5, 12.5, 9, 13 ], "texture": "#texture3" },
				"west": { "uv": [ 9.5, 12.5, 10, 13 ], "texture": "#texture3" },
				"east": { "uv": [ 6, 12.5, 6.5, 13 ], "texture": "#texture3" }
			}
		},
		{
			"__comment": "Voxels-B85C00",
			"from": [ 9.4998, 0.3002, 9.998899 ],
			"to": [ 9.9998, 0.8002, 10.4989 ],
			"rotation": { "origin": [ 8.5, 0.3, 10.5 ], "axis": "y", "angle": -45 },
			"faces": {
				"down": { "uv": [ 8.5, 5, 9, 5.5 ], "texture": "#texture3" },
				"up": { "uv": [ 8.5, 10.5, 9, 11 ], "texture": "#texture3" },
				"north": { "uv": [ 7, 12.5, 7.5, 13 ], "texture": "#texture3" },
				"south": { "uv": [ 8.5, 12.5, 9, 13 ], "texture": "#texture3" },
				"west": { "uv": [ 10.5, 12.5, 11, 13 ], "texture": "#texture3" },
				"east": { "uv": [ 5, 12.5, 5.5, 13 ], "texture": "#texture3" }
			}
		},
		{
			"__comment": "Voxels-9B4E00",
			"from": [ 9.5008, 0.3002, 10.4988 ],
			"to": [ 10.5008, 0.8002001, 10.9988 ],
			"rotation": { "origin": [ 8.5, 0.3, 10.5 ], "axis": "y", "angle": -45 },
			"faces": {
				"down": { "uv": [ 8.5, 4.5, 9.5, 5 ], "texture": "#texture3" },
				"up": { "uv": [ 8.5, 11, 9.5, 11.5 ], "texture": "#texture3" },
				"north": { "uv": [ 6.5, 12.5, 7.5, 13 ], "texture": "#texture3" },
				"south": { "uv": [ 8.5, 12.5, 9.5, 13 ], "texture": "#texture3" },
				"west": { "uv": [ 11, 12.5, 11.5, 13 ], "texture": "#texture3" },
				"east": { "uv": [ 4.5, 12.5, 5, 13 ], "texture": "#texture3" }
			}
		},
		{
			"__comment": "Voxels-5E2F00",
			"from": [ 9.500999, 0.3005, 10.9988 ],
			"to": [ 10.001, 0.8005, 11.4988 ],
			"rotation": { "origin": [ 8.5, 0.3, 10.5 ], "axis": "y", "angle": -45 },
			"faces": {
				"down": { "uv": [ 8.5, 4, 9, 4.5 ], "texture": "#texture3" },
				"up": { "uv": [ 8.5, 11.5, 9, 12 ], "texture": "#texture3" },
				"north": { "uv": [ 7, 12.5, 7.5, 13 ], "texture": "#texture3" },
				"south": { "uv": [ 8.5, 12.5, 9, 13 ], "texture": "#texture3" },
				"west": { "uv": [ 11.5, 12.5, 12, 13 ], "texture": "#texture3" },
				"east": { "uv": [ 4, 12.5, 4.5, 13 ], "texture": "#texture3" }
			}
		},
		{
			"__comment": "Voxels-9B4E00",
			"from": [ 9.9993, 0.3009, 8.4985 ],
			"to": [ 10.4993, 0.8009, 8.9985 ],
			"rotation": { "origin": [ 8.5, 0.3, 10.5 ], "axis": "y", "angle": -45 },
			"faces": {
				"up": { "uv": [ 9, 9, 9.5, 9.5 ], "texture": "#texture3" },
				"north": { "uv": [ 6.5, 12.5, 7, 13 ], "texture": "#texture3" },
				"south": { "uv": [ 9, 12.5, 9.5, 13 ], "texture": "#texture3" },
				"west": { "uv": [ 9, 12.5, 9.5, 13 ], "texture": "#texture3" },
				"east": { "uv": [ 6.5, 12.5, 7, 13 ], "texture": "#texture3" }
			}
		},
		{
			"__comment": "Voxels-5E2F00",
			"from": [ 9.998799, 0.2996, 9.0001 ],
			"to": [ 10.49879, 0.7996, 9.5001 ],
			"rotation": { "origin": [ 8.5, 0.3, 10.5 ], "axis": "y", "angle": -45 },
			"faces": {
				"down": { "uv": [ 9, 6, 9.5, 6.5 ], "texture": "#texture3" },
				"up": { "uv": [ 9, 9.5, 9.5, 10 ], "texture": "#texture3" },
				"north": { "uv": [ 6.5, 12.5, 7, 13 ], "texture": "#texture3" },
				"south": { "uv": [ 9, 12.5, 9.5, 13 ], "texture": "#texture3" },
				"west": { "uv": [ 9.5, 12.5, 10, 13 ], "texture": "#texture3" },
				"east": { "uv": [ 6, 12.5, 6.5, 13 ], "texture": "#texture3" }
			}
		},
		{
			"__comment": "Voxels-793D00",
			"from": [ 9.999499, 0.3001, 9.499 ],
			"to": [ 10.49949, 0.8001, 9.999 ],
			"rotation": { "origin": [ 8.5, 0.3, 10.5 ], "axis": "y", "angle": -45 },
			"faces": {
				"down": { "uv": [ 9, 5.5, 9.5, 6 ], "texture": "#texture3" },
				"up": { "uv": [ 9, 10, 9.5, 10.5 ], "texture": "#texture3" },
				"north": { "uv": [ 6.5, 12.5, 7, 13 ], "texture": "#texture3" },
				"south": { "uv": [ 9, 12.5, 9.5, 13 ], "texture": "#texture3" },
				"west": { "uv": [ 10, 12.5, 10.5, 13 ], "texture": "#texture3" },
				"east": { "uv": [ 5.5, 12.5, 6, 13 ], "texture": "#texture3" }
			}
		},
		{
			"__comment": "Voxels-9B4E00",
			"from": [ 9.999499, 0.3001, 10.0002 ],
			"to": [ 10.9995, 0.8001, 10.5002 ],
			"rotation": { "origin": [ 8.5, 0.3, 10.5 ], "axis": "y", "angle": -45 },
			"faces": {
				"down": { "uv": [ 9, 5, 10, 5.5 ], "texture": "#texture3" },
				"up": { "uv": [ 9, 10.5, 10, 11 ], "texture": "#texture3" },
				"north": { "uv": [ 6, 12.5, 7, 13 ], "texture": "#texture3" },
				"south": { "uv": [ 9, 12.5, 10, 13 ], "texture": "#texture3" },
				"west": { "uv": [ 10.5, 12.5, 11, 13 ], "texture": "#texture3" },
				"east": { "uv": [ 5, 12.5, 5.5, 13 ], "texture": "#texture3" }
			}
		},
		{
			"__comment": "Voxels-9B4E00",
			"from": [ 10.4983, 0.3, 8.999499 ],
			"to": [ 10.9983, 0.8, 9.999499 ],
			"rotation": { "origin": [ 8.5, 0.3, 10.5 ], "axis": "y", "angle": -45 },
			"faces": {
				"down": { "uv": [ 9.5, 5.5, 10, 6.5 ], "texture": "#texture3" },
				"up": { "uv": [ 9.5, 9.5, 10, 10.5 ], "texture": "#texture3" },
				"north": { "uv": [ 6, 12.5, 6.5, 13 ], "texture": "#texture3" },
				"south": { "uv": [ 9.5, 12.5, 10, 13 ], "texture": "#texture3" },
				"west": { "uv": [ 9.5, 12.5, 10.5, 13 ], "texture": "#texture3" },
				"east": { "uv": [ 5.5, 12.5, 6.5, 13 ], "texture": "#texture3" }
			}
		},
		{
			"__comment": "Voxels-B1B1B1",
			"from": [ 4.5005, 0.5001, 7.5001 ],
			"to": [ 5.5005, 1.0001, 11.0001 ],
			"faces": {
				"down": { "uv": [ 4.5, 5, 5.5, 8.5 ], "texture": "#texture" },
				"up": { "uv": [ 4.5, 7.5, 5.5, 11 ], "texture": "#texture" },
				"north": { "uv": [ 10.5, 15, 11.5, 15.5 ], "texture": "#texture" },
				"south": { "uv": [ 4.5, 15, 5.5, 15.5 ], "texture": "#texture" },
				"west": { "uv": [ 7.5, 15, 11, 15.5 ], "texture": "#texture" },
				"east": { "uv": [ 5, 15, 8.5, 15.5 ], "texture": "#texture" }
			}
		},
		{
			"__comment": "Voxels-B1B1B1",
			"from": [ 4.9996, 0.0004, 7.5003 ],
			"to": [ 11.4996, 0.5004001, 11.0003 ],
			"faces": {
				"down": { "uv": [ 5, 5, 11.5, 8.5 ], "texture": "#texture", "cullface": "down" },
				"up": { "uv": [ 5, 7.5, 11.5, 11 ], "texture": "#texture" },
				"north": { "uv": [ 4.5, 15.5, 11, 16 ], "texture": "#texture" },
				"south": { "uv": [ 5, 15.5, 11.5, 16 ], "texture": "#texture" },
				"west": { "uv": [ 7.5, 15.5, 11, 16 ], "texture": "#texture" },
				"east": { "uv": [ 5, 15.5, 8.5, 16 ], "texture": "#texture" }
			}
		},
		{
			"__comment": "Voxels-B1B1B1",
			"from": [ 4.9998, 0.4992, 6.4999 ],
			"to": [ 6.4998, 0.9992, 6.9999 ],
			"faces": {
				"down": { "uv": [ 5, 9, 6.5, 9.5 ], "texture": "#texture" },
				"up": { "uv": [ 5, 6.5, 6.5, 7 ], "texture": "#texture" },
				"north": { "uv": [ 9.5, 15, 11, 15.5 ], "texture": "#texture" },
				"south": { "uv": [ 5, 15, 6.5, 15.5 ], "texture": "#texture" },
				"west": { "uv": [ 6.5, 15, 7, 15.5 ], "texture": "#texture" },
				"east": { "uv": [ 9, 15, 9.5, 15.5 ], "texture": "#texture" }
			}
		},
		{
			"__comment": "Voxels-B1B1B1",
			"from": [ 4.9997, 0.501, 7.0005 ],
			"to": [ 5.9997, 1.001, 7.5005 ],
			"faces": {
				"down": { "uv": [ 5, 8.5, 6, 9 ], "texture": "#texture" },
				"up": { "uv": [ 5, 7, 6, 7.5 ], "texture": "#texture" },
				"south": { "uv": [ 5, 15, 6, 15.5 ], "texture": "#texture" },
				"west": { "uv": [ 7, 15, 7.5, 15.5 ], "texture": "#texture" },
				"east": { "uv": [ 8.5, 15, 9, 15.5 ], "texture": "#texture" }
			}
		},
		{
			"__comment": "Voxels-B1B1B1",
			"from": [ 5.0001, 0.5003, 11.0004 ],
			"to": [ 6.0001, 1.000299, 12.0004 ],
			"faces": {
				"down": { "uv": [ 5, 4, 6, 5 ], "texture": "#texture" },
				"up": { "uv": [ 5, 11, 6, 12 ], "texture": "#texture" },
				"north": { "uv": [ 10, 15, 11, 15.5 ], "texture": "#texture" },
				"south": { "uv": [ 5, 15, 6, 15.5 ], "texture": "#texture" },
				"west": { "uv": [ 11, 15, 12, 15.5 ], "texture": "#texture" },
				"east": { "uv": [ 4, 15, 5, 15.5 ], "texture": "#texture" }
			}
		},
		{
			"__comment": "Voxels-B1B1B1",
			"from": [ 5.5002, -0.0005, 6.9998 ],
			"to": [ 11.00019, 0.4995001, 7.4998 ],
			"faces": {
				"down": { "uv": [ 5.5, 8.5, 11, 9 ], "texture": "#texture", "cullface": "down" },
				"up": { "uv": [ 5.5, 7, 11, 7.5 ], "texture": "#texture" },
				"north": { "uv": [ 5, 15.5, 10.5, 16 ], "texture": "#texture" },
				"west": { "uv": [ 7, 15.5, 7.5, 16 ], "texture": "#texture" },
				"east": { "uv": [ 8.5, 15.5, 9, 16 ], "texture": "#texture" }
			}
		},
		{
			"__comment": "Voxels-B1B1B1",
			"from": [ 5.501, -0.0009999999, 10.9992 ],
			"to": [ 11.001, 0.499, 11.9992 ],
			"faces": {
				"down": { "uv": [ 5.5, 4, 11, 5 ], "texture": "#texture", "cullface": "down" },
				"up": { "uv": [ 5.5, 11, 11, 12 ], "texture": "#texture" },
				"south": { "uv": [ 5.5, 15.5, 11, 16 ], "texture": "#texture" },
				"west": { "uv": [ 11, 15.5, 12, 16 ], "texture": "#texture" },
				"east": { "uv": [ 4, 15.5, 5, 16 ], "texture": "#texture" }
			}
		},
		{
			"__comment": "Voxels-B1B1B1",
			"from": [ 5.4999, 0.5003, 5.9995 ],
			"to": [ 10.9999, 1.0003, 6.4995 ],
			"faces": {
				"down": { "uv": [ 5.5, 9.5, 11, 10 ], "texture": "#texture" },
				"up": { "uv": [ 5.5, 6, 11, 6.5 ], "texture": "#texture" },
				"north": { "uv": [ 5, 15, 10.5, 15.5 ], "texture": "#texture" },
				"south": { "uv": [ 5.5, 15, 11, 15.5 ], "texture": "#texture" },
				"west": { "uv": [ 6, 15, 6.5, 15.5 ], "texture": "#texture" },
				"east": { "uv": [ 9.5, 15, 10, 15.5 ], "texture": "#texture" }
			}
		},
		{
			"__comment": "Voxels-B1B1B1",
			"from": [ 5.4995, 0.4998, 12.0008 ],
			"to": [ 10.9995, 0.9998001, 12.5008 ],
			"faces": {
				"down": { "uv": [ 5.5, 3.5, 11, 4 ], "texture": "#texture" },
				"up": { "uv": [ 5.5, 12, 11, 12.5 ], "texture": "#texture" },
				"north": { "uv": [ 5, 15, 10.5, 15.5 ], "texture": "#texture" },
				"south": { "uv": [ 5.5, 15, 11, 15.5 ], "texture": "#texture" },
				"west": { "uv": [ 12, 15, 12.5, 15.5 ], "texture": "#texture" },
				"east": { "uv": [ 3.5, 15, 4, 15.5 ], "texture": "#texture" }
			}
		},
		{
			"__comment": "Voxels-B1B1B1",
			"from": [ 6.0008, -0.0003, 6.5009 ],
			"to": [ 11.0008, 0.4997, 7.0009 ],
			"faces": {
				"down": { "uv": [ 6, 9, 11, 9.5 ], "texture": "#texture", "cullface": "down" },
				"up": { "uv": [ 6, 6.5, 11, 7 ], "texture": "#texture" },
				"north": { "uv": [ 5, 15.5, 10, 16 ], "texture": "#texture" },
				"west": { "uv": [ 6.5, 15.5, 7, 16 ], "texture": "#texture" },
				"east": { "uv": [ 9, 15.5, 9.5, 16 ], "texture": "#texture" }
			}
		},
		{
			"__comment": "Voxels-B1B1B1",
			"from": [ 6.0002, 0.499, 11.5005 ],
			"to": [ 6.5002, 0.999, 12.0005 ],
			"faces": {
				"up": { "uv": [ 6, 11.5, 6.5, 12 ], "texture": "#texture" },
				"north": { "uv": [ 9.5, 15, 10, 15.5 ], "texture": "#texture" },
				"east": { "uv": [ 4, 15, 4.5, 15.5 ], "texture": "#texture" }
			}
		},
		{
			"__comment": "Voxels-B1B1B1",
			"from": [ 6.4993, -0.0009999999, 5.9999 ],
			"to": [ 9.999299, 0.4990001, 6.4999 ],
			"faces": {
				"down": { "uv": [ 6.5, 9.5, 10, 10 ], "texture": "#texture", "cullface": "down" },
				"north": { "uv": [ 6, 15.5, 9.5, 16 ], "texture": "#texture" },
				"west": { "uv": [ 6, 15.5, 6.5, 16 ], "texture": "#texture" },
				"east": { "uv": [ 9.5, 15.5, 10, 16 ], "texture": "#texture" }
			}
		},
		{
			"__comment": "Voxels-B1B1B1",
			"from": [ 6.5002, -0.0006, 12.001 ],
			"to": [ 10.0002, 0.4994, 12.501 ],
			"faces": {
				"down": { "uv": [ 6.5, 3.5, 10, 4 ], "texture": "#texture", "cullface": "down" },
				"south": { "uv": [ 6.5, 15.5, 10, 16 ], "texture": "#texture" },
				"west": { "uv": [ 12, 15.5, 12.5, 16 ], "texture": "#texture" },
				"east": { "uv": [ 3.5, 15.5, 4, 16 ], "texture": "#texture" }
			}
		},
		{
			"__comment": "Voxels-B1B1B1",
			"from": [ 6.4997, 0.4992, 5.4992 ],
			"to": [ 9.999701, 0.9992, 5.9992 ],
			"faces": {
				"down": { "uv": [ 6.5, 10, 10, 10.5 ], "texture": "#texture" },
				"up": { "uv": [ 6.5, 5.5, 10, 6 ], "texture": "#texture" },
				"north": { "uv": [ 6, 15, 9.5, 15.5 ], "texture": "#texture" },
				"west": { "uv": [ 5.5, 15, 6, 15.5 ], "texture": "#texture" },
				"east": { "uv": [ 10, 15, 10.5, 15.5 ], "texture": "#texture" }
			}
		},
		{
			"__comment": "Voxels-B1B1B1",
			"from": [ 6.5005, 0.499, 12.5004 ],
			"to": [ 10.0005, 0.999, 13.0004 ],
			"faces": {
				"down": { "uv": [ 6.5, 3, 10, 3.5 ], "texture": "#texture" },
				"up": { "uv": [ 6.5, 12.5, 10, 13 ], "texture": "#texture" },
				"south": { "uv": [ 6.5, 15, 10, 15.5 ], "texture": "#texture" },
				"west": { "uv": [ 12.5, 15, 13, 15.5 ], "texture": "#texture" },
				"east": { "uv": [ 3, 15, 3.5, 15.5 ], "texture": "#texture" }
			}
		},
		{
			"__comment": "Voxels-D4D4D4",
			"from": [ 8.4994, -0.0003, 1.5005 ],
			"to": [ 8.9994, 5.4997, 3.0005 ],
			"faces": {
				"down": { "uv": [ 6.5, 15, 8, 15.5 ], "texture": "#texture4", "cullface": "down" },
				"up": { "uv": [ 6.5, 0.5, 8, 1 ], "texture": "#texture4" },
				"north": { "uv": [ 7, 0.5, 8.5, 6 ], "texture": "#texture4" },
				"south": { "uv": [ 5, 0.5, 6.5, 6 ], "texture": "#texture4" },
				"west": { "uv": [ 4.5, 0.5, 5, 6 ], "texture": "#texture4" },
				"east": { "uv": [ 12, 0.5, 12.5, 6 ], "texture": "#texture4" }
			}
		},
		{
			"__comment": "Voxels-D4D4D4",
			"from": [ 5.9997, 0.0003, 0.9998 ],
			"to": [ 8.4997, 3.5003, 1.4998 ],
			"faces": {
				"down": { "uv": [ 6.5, 15, 8, 15.5 ], "texture": "#texture4", "cullface": "down" },
				"up": { "uv": [ 6.5, 0.5, 8, 1 ], "texture": "#texture4" },
				"north": { "uv": [ 7, 0.5, 8.5, 6 ], "texture": "#texture4" },
				"south": { "uv": [ 5, 0.5, 6.5, 6 ], "texture": "#texture4" },
				"west": { "uv": [ 4.5, 0.5, 5, 6 ], "texture": "#texture4" },
				"east": { "uv": [ 12, 0.5, 12.5, 6 ], "texture": "#texture4" }
			}
		},
		{
			"__comment": "Voxels-D4D4D4",
			"from": [ 5.9999, -0.0004, 2.9995 ],
			"to": [ 8.499899, 3.4996, 3.4995 ],
			"faces": {
				"down": { "uv": [ 6.5, 15, 8, 15.5 ], "texture": "#texture4", "cullface": "down" },
				"up": { "uv": [ 6.5, 0.5, 8, 1 ], "texture": "#texture4" },
				"north": { "uv": [ 7, 0.5, 8.5, 6 ], "texture": "#texture4" },
				"south": { "uv": [ 5, 0.5, 6.5, 6 ], "texture": "#texture4" },
				"west": { "uv": [ 4.5, 0.5, 5, 6 ], "texture": "#texture4" },
				"east": { "uv": [ 12, 0.5, 12.5, 6 ], "texture": "#texture4" }
			}
		},
		{
			"__comment": "Voxels-B1B1B1",
			"from": [ 10.0004, 0.5005, 6.5005 ],
			"to": [ 11.5004, 1.000499, 7.0005 ],
			"faces": {
				"down": { "uv": [ 10, 9, 11.5, 9.5 ], "texture": "#texture" },
				"up": { "uv": [ 10, 6.5, 11.5, 7 ], "texture": "#texture" },
				"north": { "uv": [ 4.5, 15, 6, 15.5 ], "texture": "#texture" },
				"south": { "uv": [ 10, 15, 11.5, 15.5 ], "texture": "#texture" },
				"west": { "uv": [ 6.5, 15, 7, 15.5 ], "texture": "#texture" },
				"east": { "uv": [ 9, 15, 9.5, 15.5 ], "texture": "#texture" }
			}
		},
		{
			"__comment": "Voxels-B1B1B1",
			"from": [ 10.0008, 0.5008, 11.5002 ],
			"to": [ 11.5008, 1.0008, 12.0002 ],
			"faces": {
				"down": { "uv": [ 10, 4, 11.5, 4.5 ], "texture": "#texture" },
				"up": { "uv": [ 10, 11.5, 11.5, 12 ], "texture": "#texture" },
				"north": { "uv": [ 4.5, 15, 6, 15.5 ], "texture": "#texture" },
				"south": { "uv": [ 10, 15, 11.5, 15.5 ], "texture": "#texture" },
				"west": { "uv": [ 11.5, 15, 12, 15.5 ], "texture": "#texture" },
				"east": { "uv": [ 4, 15, 4.5, 15.5 ], "texture": "#texture" }
			}
		},
		{
			"__comment": "Voxels-D4D4D4",
			"from": [ 6.0007, 3.5001, 0.9995 ],
			"to": [ 6.5007, 5.5001, 1.4995 ],
			"faces": {
				"up": { "uv": [ 6.5, 0.5, 8, 1 ], "texture": "#texture4" },
				"north": { "uv": [ 7, 0.5, 8.5, 6 ], "texture": "#texture4" },
				"south": { "uv": [ 5, 0.5, 6.5, 6 ], "texture": "#texture4" },
				"west": { "uv": [ 4.5, 0.5, 5, 6 ], "texture": "#texture4" },
				"east": { "uv": [ 12, 0.5, 12.5, 6 ], "texture": "#texture4" }
			}
		},
		{
			"__comment": "Voxels-DAF4FF",
			"from": [ 5.9995, 0.0001, 1.4994 ],
			"to": [ 8.4995, 0.5001, 2.9994 ],
			"faces": {
				"down": { "uv": [ 6.5, 15, 8, 15.5 ], "texture": "#texture4", "cullface": "down" }
			}
		},
		{
			"__comment": "Voxels-D4D4D4",
			"from": [ 6.0006, 3.4998, 3.0006 ],
			"to": [ 6.5006, 5.4998, 3.5006 ],
			"faces": {
				"up": { "uv": [ 6.5, 0.5, 8, 1 ], "texture": "#texture4" },
				"north": { "uv": [ 7, 0.5, 8.5, 6 ], "texture": "#texture4" },
				"south": { "uv": [ 5, 0.5, 6.5, 6 ], "texture": "#texture4" },
				"west": { "uv": [ 4.5, 0.5, 5, 6 ], "texture": "#texture4" },
				"east": { "uv": [ 12, 0.5, 12.5, 6 ], "texture": "#texture4" }
			}
		},
		{
			"__comment": "Voxels-D4D4D4",
			"from": [ 6.4999, 0.0006, 0.4995 ],
			"to": [ 7.9999, 5.5006, 0.9995 ],
			"faces": {
				"down": { "uv": [ 6.5, 15, 8, 15.5 ], "texture": "#texture4", "cullface": "down" },
				"up": { "uv": [ 6.5, 0.5, 8, 1 ], "texture": "#texture4" },
				"north": { "uv": [ 7, 0.5, 8.5, 6 ], "texture": "#texture4" },
				"south": { "uv": [ 5, 0.5, 6.5, 6 ], "texture": "#texture4" },
				"west": { "uv": [ 4.5, 0.5, 5, 6 ], "texture": "#texture4" },
				"east": { "uv": [ 12, 0.5, 12.5, 6 ], "texture": "#texture4" }
			}
		},
		{
			"__comment": "Voxels-D4D4D4",
			"from": [ 6.5, 0.0008, 3.4994 ],
			"to": [ 8, 5.500801, 3.9994 ],
			"faces": {
				"down": { "uv": [ 6.5, 15, 8, 15.5 ], "texture": "#texture4", "cullface": "down" },
				"up": { "uv": [ 6.5, 0.5, 8, 1 ], "texture": "#texture4" },
				"north": { "uv": [ 7, 0.5, 8.5, 6 ], "texture": "#texture4" },
				"south": { "uv": [ 5, 0.5, 6.5, 6 ], "texture": "#texture4" },
				"west": { "uv": [ 4.5, 0.5, 5, 6 ], "texture": "#texture4" },
				"east": { "uv": [ 12, 0.5, 12.5, 6 ], "texture": "#texture4" }
			}
		},
		{
			"__comment": "Voxels-B1B1B1",
			"from": [ 10.4997, 0.4999, 6.9991 ],
			"to": [ 11.4997, 0.9999, 7.4991 ],
			"faces": {
				"down": { "uv": [ 10.5, 8.5, 11.5, 9 ], "texture": "#texture" },
				"up": { "uv": [ 10.5, 7, 11.5, 7.5 ], "texture": "#texture" },
				"south": { "uv": [ 10.5, 15, 11.5, 15.5 ], "texture": "#texture" },
				"west": { "uv": [ 7, 15, 7.5, 15.5 ], "texture": "#texture" },
				"east": { "uv": [ 8.5, 15, 9, 15.5 ], "texture": "#texture" }
			}
		},
		{
			"__comment": "Voxels-B1B1B1",
			"from": [ 10.5005, 0.4992, 11.0004 ],
			"to": [ 11.5005, 0.9992, 11.5004 ],
			"faces": {
				"down": { "uv": [ 10.5, 4.5, 11.5, 5 ], "texture": "#texture" },
				"up": { "uv": [ 10.5, 11, 11.5, 11.5 ], "texture": "#texture" },
				"north": { "uv": [ 4.5, 15, 5.5, 15.5 ], "texture": "#texture" },
				"west": { "uv": [ 11, 15, 11.5, 15.5 ], "texture": "#texture" },
				"east": { "uv": [ 4.5, 15, 5, 15.5 ], "texture": "#texture" }
			}
		},
		{
			"__comment": "Voxels-DAF4FF",
			"from": [ 6.4992, 0.4997, 0.9999 ],
			"to": [ 7.9992, 4.4997, 1.4999 ],
			"faces": {
				"down": { "uv": [ 5, 1.5, 6.5, 2 ], "texture": "#voxel_palette" },
				"up": { "uv": [ 5, 1.5, 6.5, 2 ], "texture": "#voxel_palette" },
				"north": { "uv": [ 5, 1.5, 6.5, 2 ], "texture": "#voxel_palette" },
				"south": { "uv": [ 5, 1.5, 6.5, 2 ], "texture": "#voxel_palette" },
				"west": { "uv": [ 5, 1.5, 6.5, 2 ], "texture": "#voxel_palette" },
				"east": { "uv": [ 5, 1.5, 6.5, 2 ], "texture": "#voxel_palette" }
			}
		},
		{
			"__comment": "Voxels-DAF4FF",
			"from": [ 6.5002, 0.5008, 2.9994 ],
			"to": [ 8.000199, 4.5008, 3.4994 ],
			"faces": {
				"down": { "uv": [ 5, 1.5, 6.5, 2 ], "texture": "#voxel_palette" },
				"up": { "uv": [ 5, 1.5, 6.5, 2 ], "texture": "#voxel_palette" },
				"north": { "uv": [ 5, 1.5, 6.5, 2 ], "texture": "#voxel_palette" },
				"south": { "uv": [ 5, 1.5, 6.5, 2 ], "texture": "#voxel_palette" },
				"west": { "uv": [ 5, 1.5, 6.5, 2 ], "texture": "#voxel_palette" },
				"east": { "uv": [ 5, 1.5, 6.5, 2 ], "texture": "#voxel_palette" }
			}
		},
		{
			"__comment": "Voxels-B1B1B1",
			"from": [ 10.9992, 0.4998, 7.4995 ],
			"to": [ 11.9992, 0.9998, 10.9995 ],
			"faces": {
				"down": { "uv": [ 11, 5, 12, 8.5 ], "texture": "#texture" },
				"up": { "uv": [ 11, 7.5, 12, 11 ], "texture": "#texture" },
				"north": { "uv": [ 4, 15, 5, 15.5 ], "texture": "#texture" },
				"south": { "uv": [ 11, 15, 12, 15.5 ], "texture": "#texture" },
				"west": { "uv": [ 7.5, 15, 11, 15.5 ], "texture": "#texture" },
				"east": { "uv": [ 5, 15, 8.5, 15.5 ], "texture": "#texture" }
			}
		},
		{
			"__comment": "Voxels-D4D4D4",
			"from": [ 7.9997, 3.5009, 0.9995 ],
			"to": [ 8.499699, 5.5009, 1.4995 ],
			"faces": {
				"up": { "uv": [ 6.5, 0.5, 8, 1 ], "texture": "#texture4" },
				"north": { "uv": [ 7, 0.5, 8.5, 6 ], "texture": "#texture4" },
				"south": { "uv": [ 5, 0.5, 6.5, 6 ], "texture": "#texture4" },
				"west": { "uv": [ 4.5, 0.5, 5, 6 ], "texture": "#texture4" },
				"east": { "uv": [ 12, 0.5, 12.5, 6 ], "texture": "#texture4" }
			}
		},
		{
			"__comment": "Voxels-D4D4D4",
			"from": [ 8.000999, 3.4997, 3.0008 ],
			"to": [ 8.500999, 5.4997, 3.5008 ],
			"faces": {
				"up": { "uv": [ 6.5, 0.5, 8, 1 ], "texture": "#texture4" },
				"north": { "uv": [ 7, 0.5, 8.5, 6 ], "texture": "#texture4" },
				"south": { "uv": [ 5, 0.5, 6.5, 6 ], "texture": "#texture4" },
				"west": { "uv": [ 4.5, 0.5, 5, 6 ], "texture": "#texture4" },
				"east": { "uv": [ 12, 0.5, 12.5, 6 ], "texture": "#texture4" }
			}
		},
		{
			"__comment": "Voxels-5E2F00",
			"from": [ 7.5001, 0.4993, 7.9998 ],
			"to": [ 8.000099, 0.9993, 8.4998 ],
			"rotation": { "origin": [ 7.5, 0.5, 8 ], "axis": "x", "angle": 22.5 },
			"faces": {
				"up": { "uv": [ 11, 11.5, 11.5, 12 ], "texture": "#texture3" },
				"north": { "uv": [ 4.5, 11.5, 5, 12 ], "texture": "#texture3" },
				"south": { "uv": [ 11, 11.5, 11.5, 12 ], "texture": "#texture3" },
				"west": { "uv": [ 11.5, 11.5, 12, 12 ], "texture": "#texture3" },
				"east": { "uv": [ 4, 11.5, 4.5, 12 ], "texture": "#texture3" }
			}
		},
		{
			"__comment": "Voxels-9B4E00",
			"from": [ 7.5001, 0.4996, 8.4991 ],
			"to": [ 8.500101, 0.9996, 8.9991 ],
			"rotation": { "origin": [ 7.5, 0.5, 8 ], "axis": "x", "angle": 22.5 },
			"faces": {
				"up": { "uv": [ 11, 12, 12, 12.5 ], "texture": "#texture3" },
				"north": { "uv": [ 4, 11.5, 5, 12 ], "texture": "#texture3" },
				"west": { "uv": [ 12, 11.5, 12.5, 12 ], "texture": "#texture3" },
				"east": { "uv": [ 3.5, 11.5, 4, 12 ], "texture": "#texture3" }
			}
		},
		{
			"__comment": "Voxels-793D00",
			"from": [ 7.9999, 0.499, 8.0002 ],
			"to": [ 8.499899, 0.999, 8.5002 ],
			"rotation": { "origin": [ 7.5, 0.5, 8 ], "axis": "x", "angle": 22.5 },
			"faces": {
				"up": { "uv": [ 11.5, 11.5, 12, 12 ], "texture": "#texture3" },
				"north": { "uv": [ 4, 11.5, 4.5, 12 ], "texture": "#texture3" },
				"south": { "uv": [ 11.5, 11.5, 12, 12 ], "texture": "#texture3" },
				"west": { "uv": [ 11.5, 11.5, 12, 12 ], "texture": "#texture3" },
				"east": { "uv": [ 4, 11.5, 4.5, 12 ], "texture": "#texture3" }
			}
		},
		{
			"__comment": "Voxels-9B4E00",
			"from": [ 8.5007, 0.4991, 8.0004 ],
			"to": [ 9.5007, 0.9991, 8.5004 ],
			"rotation": { "origin": [ 7.5, 0.5, 8 ], "axis": "x", "angle": 22.5 },
			"faces": {
				"up": { "uv": [ 12, 11.5, 13, 12 ], "texture": "#texture3" },
				"north": { "uv": [ 3, 11.5, 4, 12 ], "texture": "#texture3" },
				"south": { "uv": [ 12, 11.5, 13, 12 ], "texture": "#texture3" },
				"west": { "uv": [ 11.5, 11.5, 12, 12 ], "texture": "#texture3" },
				"east": { "uv": [ 4, 11.5, 4.5, 12 ], "texture": "#texture3" }
			}
		},
		{
			"__comment": "Voxels-5E2F00",
			"from": [ 8.5007, 0.5, 8.5001 ],
			"to": [ 9.0007, 1, 9.0001 ],
			"rotation": { "origin": [ 7.5, 0.5, 8 ], "axis": "x", "angle": 22.5 },
			"faces": {
				"up": { "uv": [ 12, 12, 12.5, 12.5 ], "texture": "#texture3" },
				"north": { "uv": [ 3.5, 11.5, 4, 12 ], "texture": "#texture3" },
				"west": { "uv": [ 12, 11.5, 12.5, 12 ], "texture": "#texture3" },
				"east": { "uv": [ 3.5, 11.5, 4, 12 ], "texture": "#texture3" }
			}
		},
		{
			"__comment": "Voxels-5E2F00",
			"from": [ 6.5003, 0.5, 7.4998 ],
			"to": [ 7.0003, 1, 7.9998 ],
			"rotation": { "origin": [ 7.5, 0.5, 8 ], "axis": "x", "angle": 22.5 },
			"faces": {
				"down": { "uv": [ 10, 4.5, 10.5, 5 ], "texture": "#texture3" },
				"up": { "uv": [ 10, 11, 10.5, 11.5 ], "texture": "#texture3" },
				"north": { "uv": [ 5.5, 11.5, 6, 12 ], "texture": "#texture3" },
				"south": { "uv": [ 10, 11.5, 10.5, 12 ], "texture": "#texture3" },
				"west": { "uv": [ 11, 11.5, 11.5, 12 ], "texture": "#texture3" },
				"east": { "uv": [ 4.5, 11.5, 5, 12 ], "texture": "#texture3" }
			}
		},
		{
			"__comment": "Voxels-9B4E00",
			"from": [ 6.9992, 0.4999, 7.4991 ],
			"to": [ 7.4992, 0.9999, 8.4991 ],
			"rotation": { "origin": [ 7.5, 0.5, 8 ], "axis": "x", "angle": 22.5 },
			"faces": {
				"down": { "uv": [ 10.5, 4, 11, 5 ], "texture": "#texture3" },
				"up": { "uv": [ 10.5, 11, 11, 12 ], "texture": "#texture3" },
				"north": { "uv": [ 5, 11.5, 5.5, 12 ], "texture": "#texture3" },
				"south": { "uv": [ 10.5, 11.5, 11, 12 ], "texture": "#texture3" },
				"west": { "uv": [ 11, 11.5, 12, 12 ], "texture": "#texture3" },
				"east": { "uv": [ 4, 11.5, 5, 12 ], "texture": "#texture3" }
			}
		},
		{
			"__comment": "Voxels-793D00",
			"from": [ 7.4992, 0.5001, 7.4999 ],
			"to": [ 7.9992, 1.0001, 7.9999 ],
			"rotation": { "origin": [ 7.5, 0.5, 8 ], "axis": "x", "angle": 22.5 },
			"faces": {
				"down": { "uv": [ 11, 4.5, 11.5, 5 ], "texture": "#texture3" },
				"up": { "uv": [ 11, 11, 11.5, 11.5 ], "texture": "#texture3" },
				"north": { "uv": [ 4.5, 11.5, 5, 12 ], "texture": "#texture3" },
				"south": { "uv": [ 11, 11.5, 11.5, 12 ], "texture": "#texture3" },
				"west": { "uv": [ 11, 11.5, 11.5, 12 ], "texture": "#texture3" },
				"east": { "uv": [ 4.5, 11.5, 5, 12 ], "texture": "#texture3" }
			}
		},
		{
			"__comment": "Voxels-5E2F00",
			"from": [ 8.0001, 0.5006, 7.5009 ],
			"to": [ 8.5001, 1.0006, 8.000898 ],
			"rotation": { "origin": [ 7.5, 0.5, 8 ], "axis": "x", "angle": 22.5 },
			"faces": {
				"down": { "uv": [ 11.5, 4.5, 12, 5 ], "texture": "#texture3" },
				"up": { "uv": [ 11.5, 11, 12, 11.5 ], "texture": "#texture3" },
				"north": { "uv": [ 4, 11.5, 4.5, 12 ], "texture": "#texture3" },
				"south": { "uv": [ 11.5, 11.5, 12, 12 ], "texture": "#texture3" },
				"west": { "uv": [ 11, 11.5, 11.5, 12 ], "texture": "#texture3" },
				"east": { "uv": [ 4.5, 11.5, 5, 12 ], "texture": "#texture3" }
			}
		},
		{
			"__comment": "Voxels-B85C00",
			"from": [ 8.500299, 0.4991, 7.4998 ],
			"to": [ 9.000299, 0.9991, 7.9998 ],
			"rotation": { "origin": [ 7.5, 0.5, 8 ], "axis": "x", "angle": 22.5 },
			"faces": {
				"down": { "uv": [ 12, 4.5, 12.5, 5 ], "texture": "#texture3" },
				"up": { "uv": [ 12, 11, 12.5, 11.5 ], "texture": "#texture3" },
				"north": { "uv": [ 3.5, 11.5, 4, 12 ], "texture": "#texture3" },
				"south": { "uv": [ 12, 11.5, 12.5, 12 ], "texture": "#texture3" },
				"west": { "uv": [ 11, 11.5, 11.5, 12 ], "texture": "#texture3" },
				"east": { "uv": [ 4.5, 11.5, 5, 12 ], "texture": "#texture3" }
			}
		},
		{
			"__comment": "Voxels-9B4E00",
			"from": [ 9.0001, 0.499, 7.5008 ],
			"to": [ 10.0001, 0.999, 8.000801 ],
			"rotation": { "origin": [ 7.5, 0.5, 8 ], "axis": "x", "angle": 22.5 },
			"faces": {
				"down": { "uv": [ 12.5, 4.5, 13.5, 5 ], "texture": "#texture3" },
				"up": { "uv": [ 12.5, 11, 13.5, 11.5 ], "texture": "#texture3" },
				"north": { "uv": [ 2.5, 11.5, 3.5, 12 ], "texture": "#texture3" },
				"south": { "uv": [ 12.5, 11.5, 13.5, 12 ], "texture": "#texture3" },
				"west": { "uv": [ 11, 11.5, 11.5, 12 ], "texture": "#texture3" },
				"east": { "uv": [ 4.5, 11.5, 5, 12 ], "texture": "#texture3" }
			}
		},
		{
			"__comment": "Voxels-9B4E00",
			"from": [ 6.4999, 0.5001, 6.9996 ],
			"to": [ 6.9999, 1.0001, 7.4996 ],
			"rotation": { "origin": [ 7.5, 0.5, 8 ], "axis": "x", "angle": 22.5 },
			"faces": {
				"down": { "uv": [ 10, 5, 10.5, 5.5 ], "texture": "#texture3" },
				"up": { "uv": [ 10, 10.5, 10.5, 11 ], "texture": "#texture3" },
				"north": { "uv": [ 5.5, 11.5, 6, 12 ], "texture": "#texture3" },
				"south": { "uv": [ 10, 11.5, 10.5, 12 ], "texture": "#texture3" },
				"west": { "uv": [ 10.5, 11.5, 11, 12 ], "texture": "#texture3" },
				"east": { "uv": [ 5, 11.5, 5.5, 12 ], "texture": "#texture3" }
			}
		},
		{
			"__comment": "Voxels-793D00",
			"from": [ 6.9992, 0.4993, 6.9993 ],
			"to": [ 7.4992, 0.9993, 7.4993 ],
			"rotation": { "origin": [ 7.5, 0.5, 8 ], "axis": "x", "angle": 22.5 },
			"faces": {
				"down": { "uv": [ 10.5, 5, 11, 5.5 ], "texture": "#texture3" },
				"up": { "uv": [ 10.5, 10.5, 11, 11 ], "texture": "#texture3" },
				"north": { "uv": [ 5, 11.5, 5.5, 12 ], "texture": "#texture3" },
				"south": { "uv": [ 10.5, 11.5, 11, 12 ], "texture": "#texture3" },
				"west": { "uv": [ 10.5, 11.5, 11, 12 ], "texture": "#texture3" },
				"east": { "uv": [ 5, 11.5, 5.5, 12 ], "texture": "#texture3" }
			}
		},
		{
			"__comment": "Voxels-B85C00",
			"from": [ 7.4994, 0.5, 7.0001 ],
			"to": [ 8.999399, 0.9999995, 7.5001 ],
			"rotation": { "origin": [ 7.5, 0.5, 8 ], "axis": "x", "angle": 22.5 },
			"faces": {
				"down": { "uv": [ 11, 5, 12.5, 5.5 ], "texture": "#texture3" },
				"up": { "uv": [ 11, 10.5, 12.5, 11 ], "texture": "#texture3" },
				"north": { "uv": [ 3.5, 11.5, 5, 12 ], "texture": "#texture3" },
				"south": { "uv": [ 11, 11.5, 12.5, 12 ], "texture": "#texture3" },
				"west": { "uv": [ 10.5, 11.5, 11, 12 ], "texture": "#texture3" },
				"east": { "uv": [ 5, 11.5, 5.5, 12 ], "texture": "#texture3" }
			}
		},
		{
			"__comment": "Voxels-793D00",
			"from": [ 9.0008, 0.4997, 6.9999 ],
			"to": [ 9.5008, 0.9997, 7.4999 ],
			"rotation": { "origin": [ 7.5, 0.5, 8 ], "axis": "x", "angle": 22.5 },
			"faces": {
				"down": { "uv": [ 12.5, 5, 13, 5.5 ], "texture": "#texture3" },
				"up": { "uv": [ 12.5, 10.5, 13, 11 ], "texture": "#texture3" },
				"north": { "uv": [ 3, 11.5, 3.5, 12 ], "texture": "#texture3" },
				"south": { "uv": [ 12.5, 11.5, 13, 12 ], "texture": "#texture3" },
				"west": { "uv": [ 10.5, 11.5, 11, 12 ], "texture": "#texture3" },
				"east": { "uv": [ 5, 11.5, 5.5, 12 ], "texture": "#texture3" }
			}
		},
		{
			"__comment": "Voxels-9B4E00",
			"from": [ 6.5006, 0.4996, 6.4994 ],
			"to": [ 7.5006, 0.9996, 6.9994 ],
			"rotation": { "origin": [ 7.5, 0.5, 8 ], "axis": "x", "angle": 22.5 },
			"faces": {
				"down": { "uv": [ 10, 5.5, 11, 6 ], "texture": "#texture3" },
				"up": { "uv": [ 10, 10, 11, 10.5 ], "texture": "#texture3" },
				"north": { "uv": [ 5, 11.5, 6, 12 ], "texture": "#texture3" },
				"south": { "uv": [ 10, 11.5, 11, 12 ], "texture": "#texture3" },
				"west": { "uv": [ 10, 11.5, 10.5, 12 ], "texture": "#texture3" },
				"east": { "uv": [ 5.5, 11.5, 6, 12 ], "texture": "#texture3" }
			}
		},
		{
			"__comment": "Voxels-5E2F00",
			"from": [ 7.4998, 0.4997, 6.4998 ],
			"to": [ 7.9998, 0.9997, 6.9998 ],
			"rotation": { "origin": [ 7.5, 0.5, 8 ], "axis": "x", "angle": 22.5 },
			"faces": {
				"down": { "uv": [ 11, 5.5, 11.5, 6 ], "texture": "#texture3" },
				"up": { "uv": [ 11, 10, 11.5, 10.5 ], "texture": "#texture3" },
				"north": { "uv": [ 4.5, 11.5, 5, 12 ], "texture": "#texture3" },
				"south": { "uv": [ 11, 11.5, 11.5, 12 ], "texture": "#texture3" },
				"west": { "uv": [ 10, 11.5, 10.5, 12 ], "texture": "#texture3" },
				"east": { "uv": [ 5.5, 11.5, 6, 12 ], "texture": "#texture3" }
			}
		},
		{
			"__comment": "Voxels-B85C00",
			"from": [ 7.9993, 0.4999, 6.5005 ],
			"to": [ 8.4993, 0.9999004, 7.0005 ],
			"rotation": { "origin": [ 7.5, 0.5, 8 ], "axis": "x", "angle": 22.5 },
			"faces": {
				"down": { "uv": [ 11.5, 5.5, 12, 6 ], "texture": "#texture3" },
				"up": { "uv": [ 11.5, 10, 12, 10.5 ], "texture": "#texture3" },
				"north": { "uv": [ 4, 11.5, 4.5, 12 ], "texture": "#texture3" },
				"south": { "uv": [ 11.5, 11.5, 12, 12 ], "texture": "#texture3" },
				"west": { "uv": [ 10, 11.5, 10.5, 12 ], "texture": "#texture3" },
				"east": { "uv": [ 5.5, 11.5, 6, 12 ], "texture": "#texture3" }
			}
		},
		{
			"__comment": "Voxels-793D00",
			"from": [ 8.500899, 0.5003, 6.5003 ],
			"to": [ 9.000899, 1.0003, 7.0003 ],
			"rotation": { "origin": [ 7.5, 0.5, 8 ], "axis": "x", "angle": 22.5 },
			"faces": {
				"down": { "uv": [ 12, 5.5, 12.5, 6 ], "texture": "#texture3" },
				"up": { "uv": [ 12, 10, 12.5, 10.5 ], "texture": "#texture3" },
				"north": { "uv": [ 3.5, 11.5, 4, 12 ], "texture": "#texture3" },
				"south": { "uv": [ 12, 11.5, 12.5, 12 ], "texture": "#texture3" },
				"west": { "uv": [ 10, 11.5, 10.5, 12 ], "texture": "#texture3" },
				"east": { "uv": [ 5.5, 11.5, 6, 12 ], "texture": "#texture3" }
			}
		},
		{
			"__comment": "Voxels-5E2F00",
			"from": [ 9.000199, 0.4988, 6.4993 ],
			"to": [ 9.500199, 0.9988001, 6.9993 ],
			"rotation": { "origin": [ 7.5, 0.5, 8 ], "axis": "x", "angle": 22.5 },
			"faces": {
				"down": { "uv": [ 12.5, 5.5, 13, 6 ], "texture": "#texture3" },
				"up": { "uv": [ 12.5, 10, 13, 10.5 ], "texture": "#texture3" },
				"north": { "uv": [ 3, 11.5, 3.5, 12 ], "texture": "#texture3" },
				"south": { "uv": [ 12.5, 11.5, 13, 12 ], "texture": "#texture3" },
				"west": { "uv": [ 10, 11.5, 10.5, 12 ], "texture": "#texture3" },
				"east": { "uv": [ 5.5, 11.5, 6, 12 ], "texture": "#texture3" }
			}
		},
		{
			"__comment": "Voxels-9B4E00",
			"from": [ 9.499499, 0.4988, 6.4994 ],
			"to": [ 9.999499, 0.9988, 7.4994 ],
			"rotation": { "origin": [ 7.5, 0.5, 8 ], "axis": "x", "angle": 22.5 },
			"faces": {
				"down": { "uv": [ 13, 5, 13.5, 6 ], "texture": "#texture3" },
				"up": { "uv": [ 13, 10, 13.5, 11 ], "texture": "#texture3" },
				"north": { "uv": [ 2.5, 11.5, 3, 12 ], "texture": "#texture3" },
				"south": { "uv": [ 13, 11.5, 13.5, 12 ], "texture": "#texture3" },
				"west": { "uv": [ 10, 11.5, 11, 12 ], "texture": "#texture3" },
				"east": { "uv": [ 5, 11.5, 6, 12 ], "texture": "#texture3" }
			}
		},
		{
			"__comment": "Voxels-9B4E00",
			"from": [ 7.0003, 0.5003, 5.9996 ],
			"to": [ 7.5003, 1.0003, 6.4996 ],
			"rotation": { "origin": [ 7.5, 0.5, 8 ], "axis": "x", "angle": 22.5 },
			"faces": {
				"down": { "uv": [ 10.5, 6, 11, 6.5 ], "texture": "#texture3" },
				"up": { "uv": [ 10.5, 9.5, 11, 10 ], "texture": "#texture3" },
				"north": { "uv": [ 5, 11.5, 5.5, 12 ], "texture": "#texture3" },
				"south": { "uv": [ 10.5, 11.5, 11, 12 ], "texture": "#texture3" },
				"west": { "uv": [ 9.5, 11.5, 10, 12 ], "texture": "#texture3" },
				"east": { "uv": [ 6, 11.5, 6.5, 12 ], "texture": "#texture3" }
			}
		},
		{
			"__comment": "Voxels-793D00",
			"from": [ 7.5002, 0.4992, 6.0005 ],
			"to": [ 8.0002, 0.9991999, 6.5005 ],
			"rotation": { "origin": [ 7.5, 0.5, 8 ], "axis": "x", "angle": 22.5 },
			"faces": {
				"down": { "uv": [ 11, 6, 11.5, 6.5 ], "texture": "#texture3" },
				"up": { "uv": [ 11, 9.5, 11.5, 10 ], "texture": "#texture3" },
				"north": { "uv": [ 4.5, 11.5, 5, 12 ], "texture": "#texture3" },
				"south": { "uv": [ 11, 11.5, 11.5, 12 ], "texture": "#texture3" },
				"west": { "uv": [ 9.5, 11.5, 10, 12 ], "texture": "#texture3" },
				"east": { "uv": [ 6, 11.5, 6.5, 12 ], "texture": "#texture3" }
			}
		},
		{
			"__comment": "Voxels-9B4E00",
			"from": [ 7.9999, 0.4994, 6.0008 ],
			"to": [ 8.4999, 0.9994, 6.5008 ],
			"rotation": { "origin": [ 7.5, 0.5, 8 ], "axis": "x", "angle": 22.5 },
			"faces": {
				"down": { "uv": [ 11.5, 6, 12, 6.5 ], "texture": "#texture3" },
				"up": { "uv": [ 11.5, 9.5, 12, 10 ], "texture": "#texture3" },
				"north": { "uv": [ 4, 11.5, 4.5, 12 ], "texture": "#texture3" },
				"south": { "uv": [ 11.5, 11.5, 12, 12 ], "texture": "#texture3" },
				"west": { "uv": [ 9.5, 11.5, 10, 12 ], "texture": "#texture3" },
				"east": { "uv": [ 6, 11.5, 6.5, 12 ], "texture": "#texture3" }
			}
		},
		{
			"__comment": "Voxels-5E2F00",
			"from": [ 8.5001, 0.4988, 5.9993 ],
			"to": [ 9.0001, 0.9988001, 6.4993 ],
			"rotation": { "origin": [ 7.5, 0.5, 8 ], "axis": "x", "angle": 22.5 },
			"faces": {
				"down": { "uv": [ 12, 6, 12.5, 6.5 ], "texture": "#texture3" },
				"up": { "uv": [ 12, 9.5, 12.5, 10 ], "texture": "#texture3" },
				"north": { "uv": [ 3.5, 11.5, 4, 12 ], "texture": "#texture3" },
				"south": { "uv": [ 12, 11.5, 12.5, 12 ], "texture": "#texture3" },
				"west": { "uv": [ 9.5, 11.5, 10, 12 ], "texture": "#texture3" },
				"east": { "uv": [ 6, 11.5, 6.5, 12 ], "texture": "#texture3" }
			}
		},
		{
			"__comment": "Voxels-9B4E00",
			"from": [ 9.0007, 0.4985, 6.0006 ],
			"to": [ 9.5007, 0.9985, 6.5006 ],
			"rotation": { "origin": [ 7.5, 0.5, 8 ], "axis": "x", "angle": 22.5 },
			"faces": {
				"down": { "uv": [ 12.5, 6, 13, 6.5 ], "texture": "#texture3" },
				"up": { "uv": [ 12.5, 9.5, 13, 10 ], "texture": "#texture3" },
				"north": { "uv": [ 3, 11.5, 3.5, 12 ], "texture": "#texture3" },
				"south": { "uv": [ 12.5, 11.5, 13, 12 ], "texture": "#texture3" },
				"west": { "uv": [ 9.5, 11.5, 10, 12 ], "texture": "#texture3" },
				"east": { "uv": [ 6, 11.5, 6.5, 12 ], "texture": "#texture3" }
			}
		},
		{
			"__comment": "Voxels-9B4E00",
			"from": [ 7.4994, 0.4989, 5.4997 ],
			"to": [ 8.9994, 0.9989, 5.9997 ],
			"rotation": { "origin": [ 7.5, 0.5, 8 ], "axis": "x", "angle": 22.5 },
			"faces": {
				"down": { "uv": [ 11, 6.5, 12.5, 7 ], "texture": "#texture3" },
				"up": { "uv": [ 11, 9, 12.5, 9.5 ], "texture": "#texture3" },
				"north": { "uv": [ 3.5, 11.5, 5, 12 ], "texture": "#texture3" },
				"south": { "uv": [ 11, 11.5, 12.5, 12 ], "texture": "#texture3" },
				"west": { "uv": [ 9, 11.5, 9.5, 12 ], "texture": "#texture3" },
				"east": { "uv": [ 6.5, 11.5, 7, 12 ], "texture": "#texture3" }
			}
		},
		{
			"__comment": "Voxels-D4D4D4",
			"from": [ 5.4997, 0, 1.5 ],
			"to": [ 5.9997, 5.5, 3 ],
			"faces": {
				"down": { "uv": [ 6.5, 15, 8, 15.5 ], "texture": "#texture4", "cullface": "down" },
				"up": { "uv": [ 6.5, 0.5, 8, 1 ], "texture": "#texture4" },
				"north": { "uv": [ 7, 0.5, 8.5, 6 ], "texture": "#texture4" },
				"south": { "uv": [ 5, 0.5, 6.5, 6 ], "texture": "#texture4" },
				"west": { "uv": [ 4.5, 0.5, 5, 6 ], "texture": "#texture4" },
				"east": { "uv": [ 12, 0.5, 12.5, 6 ], "texture": "#texture4" }
			}
		},
		{
			"__comment": "Voxels-DAF4FF",
			"from": [ 6.0007, 0.5008, 1.5003 ],
			"to": [ 8.5007, 4.5008, 3.0003 ],
			"faces": {
				"down": { "uv": [ 5, 1.5, 6.5, 2 ], "texture": "#voxel_palette" },
				"up": { "uv": [ 5, 1.5, 6.5, 2 ], "texture": "#voxel_palette" },
				"north": { "uv": [ 5, 1.5, 6.5, 2 ], "texture": "#voxel_palette" },
				"south": { "uv": [ 5, 1.5, 6.5, 2 ], "texture": "#voxel_palette" },
				"west": { "uv": [ 5, 1.5, 6.5, 2 ], "texture": "#voxel_palette" },
				"east": { "uv": [ 5, 1.5, 6.5, 2 ], "texture": "#voxel_palette" }
			}
		}
	],
	"display": {
		"thirdperson_righthand": {
			"rotation":  [ 74, 104, 0 ],
			"translation":  [ 3.3391, 3.3391, 7.3043 ]
		},
		"thirdperson_lefthand": {
			"rotation":  [ 74, 104, 0 ],
			"translation":  [ 3.3391, 3.3391, 7.3043 ]
		},
		"firstperson_righthand": {
			"rotation":  [ 0, 81, 0 ],
			"translation":  [ 0, 7.513, 0 ]
		},
		"firstperson_lefthand": {
			"rotation":  [ 0, 81, 0 ],
			"translation":  [ 0, 7.513, 0 ]
		},
		"gui": {
			"rotation":  [ 30, 33, 0 ],
			"scale":  [ 0.625, 0.625, 0.625 ]
		},
		"head": {
			"translation":  [ 0, -29, 0 ],
			"scale":  [ 1.6, 1.6, 1.6 ]
		},
		"ground": {
			"translation":  [ 0, 3.9652, 0 ]
		},
		"fixed": {
			"rotation":  [ 0, 90, 0 ]
		}
	}
}