{
	"__comment": "Designed by Monsterfish_",
	"textures": {
		"texture": "blocks/missletoe",
		"texture2": "blocks/knot"
	},
	"elements": [
		{
			"__comment": "PlaneX1",
			"from": [ 5, 0, 1.5 ],
			"to": [ 5.001, 13.5, 15.5 ],
			"rotation": { "origin": [ 5, 0, 1.5 ], "axis": "y", "angle": 22.5 },
			"faces": {
				"west": { "uv": [ 1, 2.5, 15, 16 ], "texture": "#texture" },
				"east": { "uv": [ 1, 2.5, 15, 16 ], "texture": "#texture" }
			}
		},
		{
			"__comment": "PlaneX1",
			"from": [ 10, 0, 1 ],
			"to": [ 10.001, 13.5, 15 ],
			"rotation": { "origin": [ 10, 0, 1 ], "axis": "y", "angle": -22.5 },
			"faces": {
				"west": { "uv": [ 1, 2.5, 15, 16 ], "texture": "#texture" },
				"east": { "uv": [ 1, 2.5, 15, 16 ], "texture": "#texture" }
			}
		},
		{
			"__comment": "PlaneX7",
			"from": [ 10, 7.5, 5 ],
			"to": [ 10.001, 14, 11 ],
			"rotation": { "origin": [ 10, 7.5, 5 ], "axis": "z", "angle": 22.5 },
			"faces": {
				"west": { "uv": [ 0, 8, 16, 16 ], "texture": "#texture2", "rotation": 180 },
				"east": { "uv": [ 0, 8, 16, 16 ], "texture": "#texture2", "rotation": 180 }
			}
		},
		{
			"__comment": "PlaneX7",
			"from": [ 5, 7.5, 5 ],
			"to": [ 5.001, 14, 11 ],
			"rotation": { "origin": [ 5, 7.5, 5 ], "axis": "z", "angle": -22.5 },
			"faces": {
				"west": { "uv": [ 0, 8, 16, 16 ], "texture": "#texture2", "rotation": 180 },
				"east": { "uv": [ 0, 8, 16, 16 ], "texture": "#texture2", "rotation": 180 }
			}
		}
	],
	"display": {
		"thirdperson_righthand": {
			"rotation":  [ 70, 13, 0 ],
			"translation":  [ 0, -2.295, -3.13 ]
		},
		"thirdperson_lefthand": {
			"rotation":  [ 70, 13, 0 ],
			"translation":  [ 0, -2.295, -3.13 ]
		},
		"gui": {
			"rotation":  [ 0, 83, 0 ]
		},
		"head": {
			"translation":  [ 0, -32, 0 ],
			"scale":  [ 1.6, 1.6, 1.6 ]
		},
		"ground": {
			"rotation":  [ 0, 0, 92 ]
		},
		"fixed": {
			"rotation":  [ 0, 90, 0 ]
		}
	}
}