{
	"__comment": "Designed by Monsterfish_",
	"textures": {
		"voxel_palette": "blocks/iron_block",
		"texture": "blocks/glass",
		"texture3": "blocks/wool_colored_green"
	},
	"elements": [
		{
			"__comment": "Voxels-FF3A3A",
			"from": [ 4, -1, 6.5 ],
			"to": [ 12.5, -0.5, 9 ],
			"faces": {
				"down": { "uv": [ 5, 2.5, 7.5, 3 ], "texture": "#voxel_palette" },
				"up": { "uv": [ 4.5, 3.5, 7, 4 ], "texture": "#voxel_palette" },
				"north": { "uv": [ 5, 2, 7.5, 2.5 ], "texture": "#voxel_palette" },
				"south": { "uv": [ 5, 2.5, 7.5, 3 ], "texture": "#voxel_palette" },
				"west": { "uv": [ 6, 2.5, 6.5, 3 ], "texture": "#voxel_palette" },
				"east": { "uv": [ 4, 2, 8, 2.5 ], "texture": "#voxel_palette" }
			}
		},
		{
			"__comment": "Voxels-FF3A3A",
			"from": [ 4.5, -1, 5.5 ],
			"to": [ 12, -0.5, 6.5 ],
			"faces": {
				"down": { "uv": [ 5, 2.5, 7.5, 3 ], "texture": "#voxel_palette" },
				"up": { "uv": [ 4.5, 3.5, 7, 4 ], "texture": "#voxel_palette" },
				"north": { "uv": [ 5, 2, 7.5, 2.5 ], "texture": "#voxel_palette" },
				"south": { "uv": [ 5, 2.5, 7.5, 3 ], "texture": "#voxel_palette" },
				"west": { "uv": [ 6, 2.5, 6.5, 3 ], "texture": "#voxel_palette" },
				"east": { "uv": [ 4, 2, 8, 2.5 ], "texture": "#voxel_palette" }
			}
		},
		{
			"__comment": "Voxels-FF3A3A",
			"from": [ 4.5, -1, 9 ],
			"to": [ 12, -0.5, 10 ],
			"faces": {
				"down": { "uv": [ 5, 2.5, 7.5, 3 ], "texture": "#voxel_palette" },
				"up": { "uv": [ 4.5, 3.5, 7, 4 ], "texture": "#voxel_palette" },
				"north": { "uv": [ 5, 2, 7.5, 2.5 ], "texture": "#voxel_palette" },
				"south": { "uv": [ 5, 2.5, 7.5, 3 ], "texture": "#voxel_palette" },
				"west": { "uv": [ 6, 2.5, 6.5, 3 ], "texture": "#voxel_palette" },
				"east": { "uv": [ 4, 2, 8, 2.5 ], "texture": "#voxel_palette" }
			}
		},
		{
			"__comment": "Voxels-FF3A3A",
			"from": [ 4.5, -0.5, 6.5 ],
			"to": [ 5, 1.5, 9 ],
			"faces": {
				"down": { "uv": [ 4.5, 7, 5, 9.5 ], "texture": "#texture" },
				"up": { "uv": [ 4.5, 6.5, 5, 9 ], "texture": "#texture" },
				"north": { "uv": [ 11, 14.5, 11.5, 16 ], "texture": "#texture" },
				"south": { "uv": [ 4.5, 14.5, 5, 16 ], "texture": "#texture" },
				"west": { "uv": [ 6.5, 14.5, 9, 16 ], "texture": "#texture" },
				"east": { "uv": [ 7, 14.5, 9.5, 16 ], "texture": "#texture" }
			}
		},
		{
			"__comment": "Voxels-FF3A3A",
			"from": [ 4.5, 1.5, 7 ],
			"to": [ 5, 2, 8.5 ],
			"faces": {
				"down": { "uv": [ 4.5, 7.5, 5, 9 ], "texture": "#texture" },
				"up": { "uv": [ 4.5, 7, 5, 8.5 ], "texture": "#texture" },
				"north": { "uv": [ 11, 14, 11.5, 14.5 ], "texture": "#texture" },
				"south": { "uv": [ 4.5, 14, 5, 14.5 ], "texture": "#texture" },
				"west": { "uv": [ 7, 14, 8.5, 14.5 ], "texture": "#texture" },
				"east": { "uv": [ 7.5, 14, 9, 14.5 ], "texture": "#texture" }
			}
		},
		{
			"__comment": "Voxels-FF3A3A",
			"from": [ 5, -1, 5 ],
			"to": [ 11.5, -0.5, 5.5 ],
			"faces": {
				"down": { "uv": [ 5, 2.5, 7.5, 3 ], "texture": "#voxel_palette" },
				"up": { "uv": [ 4.5, 3.5, 7, 4 ], "texture": "#voxel_palette" },
				"north": { "uv": [ 5, 2, 7.5, 2.5 ], "texture": "#voxel_palette" },
				"south": { "uv": [ 5, 2.5, 7.5, 3 ], "texture": "#voxel_palette" },
				"west": { "uv": [ 6, 2.5, 6.5, 3 ], "texture": "#voxel_palette" },
				"east": { "uv": [ 4, 2, 8, 2.5 ], "texture": "#voxel_palette" }
			}
		},
		{
			"__comment": "Voxels-FF3A3A",
			"from": [ 5, -1, 10 ],
			"to": [ 11.5, -0.5, 10.5 ],
			"faces": {
				"down": { "uv": [ 5, 2.5, 7.5, 3 ], "texture": "#voxel_palette" },
				"up": { "uv": [ 4.5, 3.5, 7, 4 ], "texture": "#voxel_palette" },
				"north": { "uv": [ 5, 2, 7.5, 2.5 ], "texture": "#voxel_palette" },
				"south": { "uv": [ 5, 2.5, 7.5, 3 ], "texture": "#voxel_palette" },
				"west": { "uv": [ 6, 2.5, 6.5, 3 ], "texture": "#voxel_palette" },
				"east": { "uv": [ 4, 2, 8, 2.5 ], "texture": "#voxel_palette" }
			}
		},
		{
			"__comment": "Voxels-FF3A3A",
			"from": [ 5, -0.5, 5.5 ],
			"to": [ 5.5, 2, 6.5 ],
			"faces": {
				"down": { "uv": [ 5, 9.5, 5.5, 10.5 ], "texture": "#texture" },
				"up": { "uv": [ 5, 5.5, 5.5, 6.5 ], "texture": "#texture" },
				"north": { "uv": [ 10.5, 14, 11, 16 ], "texture": "#texture" },
				"south": { "uv": [ 5, 14, 5.5, 16 ], "texture": "#texture" },
				"west": { "uv": [ 5.5, 14, 6.5, 16 ], "texture": "#texture" },
				"east": { "uv": [ 9.5, 14, 10.5, 16 ], "texture": "#texture" }
			}
		},
		{
			"__comment": "Voxels-FF3A3A",
			"from": [ 5, -0.5, 9 ],
			"to": [ 5.5, 2.5, 9.5 ],
			"faces": {
				"down": { "uv": [ 5, 6.5, 5.5, 7 ], "texture": "#texture" },
				"up": { "uv": [ 5, 9, 5.5, 9.5 ], "texture": "#texture" },
				"north": { "uv": [ 10.5, 13.5, 11, 16 ], "texture": "#texture" },
				"south": { "uv": [ 5, 13.5, 5.5, 16 ], "texture": "#texture" },
				"west": { "uv": [ 9, 13.5, 9.5, 16 ], "texture": "#texture" },
				"east": { "uv": [ 6.5, 13.5, 7, 16 ], "texture": "#texture" }
			}
		},
		{
			"__comment": "Voxels-FF3A3A",
			"from": [ 5, -0.5, 9.5 ],
			"to": [ 5.5, 2, 10 ],
			"faces": {
				"down": { "uv": [ 5, 6, 5.5, 6.5 ], "texture": "#texture" },
				"up": { "uv": [ 5, 9.5, 5.5, 10 ], "texture": "#texture" },
				"north": { "uv": [ 10.5, 14, 11, 16 ], "texture": "#texture" },
				"south": { "uv": [ 5, 14, 5.5, 16 ], "texture": "#texture" },
				"west": { "uv": [ 9.5, 14, 10, 16 ], "texture": "#texture" },
				"east": { "uv": [ 6, 14, 6.5, 16 ], "texture": "#texture" }
			}
		},
		{
			"__comment": "Voxels-FF3A3A",
			"from": [ 5, 1.5, 6.5 ],
			"to": [ 5.5, 3, 7 ],
			"faces": {
				"down": { "uv": [ 5, 9, 5.5, 9.5 ], "texture": "#texture" },
				"up": { "uv": [ 5, 6.5, 5.5, 7 ], "texture": "#texture" },
				"north": { "uv": [ 10.5, 13, 11, 14.5 ], "texture": "#texture" },
				"south": { "uv": [ 5, 13, 5.5, 14.5 ], "texture": "#texture" },
				"west": { "uv": [ 6.5, 13, 7, 14.5 ], "texture": "#texture" },
				"east": { "uv": [ 9, 13, 9.5, 14.5 ], "texture": "#texture" }
			}
		},
		{
			"__comment": "Voxels-FF3A3A",
			"from": [ 5, 1.5, 8.5 ],
			"to": [ 5.5, 3, 9 ],
			"faces": {
				"down": { "uv": [ 5, 7, 5.5, 7.5 ], "texture": "#texture" },
				"up": { "uv": [ 5, 8.5, 5.5, 9 ], "texture": "#texture" },
				"north": { "uv": [ 10.5, 13, 11, 14.5 ], "texture": "#texture" },
				"south": { "uv": [ 5, 13, 5.5, 14.5 ], "texture": "#texture" },
				"west": { "uv": [ 8.5, 13, 9, 14.5 ], "texture": "#texture" },
				"east": { "uv": [ 7, 13, 7.5, 14.5 ], "texture": "#texture" }
			}
		},
		{
			"__comment": "Voxels-FF3A3A",
			"from": [ 5, 2, 6 ],
			"to": [ 5.5, 2.5, 6.5 ],
			"faces": {
				"down": { "uv": [ 5, 9.5, 5.5, 10 ], "texture": "#texture" },
				"up": { "uv": [ 5, 6, 5.5, 6.5 ], "texture": "#texture" },
				"north": { "uv": [ 10.5, 13.5, 11, 14 ], "texture": "#texture" },
				"south": { "uv": [ 5, 13.5, 5.5, 14 ], "texture": "#texture" },
				"west": { "uv": [ 6, 13.5, 6.5, 14 ], "texture": "#texture" },
				"east": { "uv": [ 9.5, 13.5, 10, 14 ], "texture": "#texture" }
			}
		},
		{
			"__comment": "Voxels-FF3A3A",
			"from": [ 5, 2, 7 ],
			"to": [ 5.5, 3, 8.5 ],
			"faces": {
				"down": { "uv": [ 5, 7.5, 5.5, 9 ], "texture": "#texture" },
				"up": { "uv": [ 5, 7, 5.5, 8.5 ], "texture": "#texture" },
				"north": { "uv": [ 10.5, 13, 11, 14 ], "texture": "#texture" },
				"south": { "uv": [ 5, 13, 5.5, 14 ], "texture": "#texture" },
				"west": { "uv": [ 7, 13, 8.5, 14 ], "texture": "#texture" },
				"east": { "uv": [ 7.5, 13, 9, 14 ], "texture": "#texture" }
			}
		},
		{
			"__comment": "Voxels-FF3A3A",
			"from": [ 5.5, -1, 4.5 ],
			"to": [ 11, -0.5, 5 ],
			"faces": {
				"down": { "uv": [ 5, 2.5, 7.5, 3 ], "texture": "#voxel_palette" },
				"up": { "uv": [ 4.5, 3.5, 7, 4 ], "texture": "#voxel_palette" },
				"north": { "uv": [ 5, 2, 7.5, 2.5 ], "texture": "#voxel_palette" },
				"south": { "uv": [ 5, 2.5, 7.5, 3 ], "texture": "#voxel_palette" },
				"west": { "uv": [ 6, 2.5, 6.5, 3 ], "texture": "#voxel_palette" },
				"east": { "uv": [ 4, 2, 8, 2.5 ], "texture": "#voxel_palette" }
			}
		},
		{
			"__comment": "Voxels-FF3A3A",
			"from": [ 5.5, -1, 10.5 ],
			"to": [ 11, -0.5, 11 ],
			"faces": {
				"down": { "uv": [ 5, 2.5, 7.5, 3 ], "texture": "#voxel_palette" },
				"up": { "uv": [ 4.5, 3.5, 7, 4 ], "texture": "#voxel_palette" },
				"north": { "uv": [ 5, 2, 7.5, 2.5 ], "texture": "#voxel_palette" },
				"south": { "uv": [ 5, 2.5, 7.5, 3 ], "texture": "#voxel_palette" },
				"west": { "uv": [ 6, 2.5, 6.5, 3 ], "texture": "#voxel_palette" },
				"east": { "uv": [ 4, 2, 8, 2.5 ], "texture": "#voxel_palette" }
			}
		},
		{
			"__comment": "Voxels-FF3A3A",
			"from": [ 5.5, -0.5, 5 ],
			"to": [ 6, 2, 5.5 ],
			"faces": {
				"down": { "uv": [ 5.5, 10.5, 6, 11 ], "texture": "#texture" },
				"up": { "uv": [ 5.5, 5, 6, 5.5 ], "texture": "#texture" },
				"north": { "uv": [ 10, 14, 10.5, 16 ], "texture": "#texture" },
				"south": { "uv": [ 5.5, 14, 6, 16 ], "texture": "#texture" },
				"west": { "uv": [ 5, 14, 5.5, 16 ], "texture": "#texture" },
				"east": { "uv": [ 10.5, 14, 11, 16 ], "texture": "#texture" }
			}
		},
		{
			"__comment": "Voxels-FF3A3A",
			"from": [ 5.5, -0.5, 10 ],
			"to": [ 6, 2, 10.5 ],
			"faces": {
				"down": { "uv": [ 5.5, 5.5, 6, 6 ], "texture": "#texture" },
				"up": { "uv": [ 5.5, 10, 6, 10.5 ], "texture": "#texture" },
				"north": { "uv": [ 10, 14, 10.5, 16 ], "texture": "#texture" },
				"south": { "uv": [ 5.5, 14, 6, 16 ], "texture": "#texture" },
				"west": { "uv": [ 10, 14, 10.5, 16 ], "texture": "#texture" },
				"east": { "uv": [ 5.5, 14, 6, 16 ], "texture": "#texture" }
			}
		},
		{
			"__comment": "Voxels-FF3A3A",
			"from": [ 5.5, 2, 5.5 ],
			"to": [ 6, 2.5, 6 ],
			"faces": {
				"down": { "uv": [ 5.5, 10, 6, 10.5 ], "texture": "#texture" },
				"up": { "uv": [ 5.5, 5.5, 6, 6 ], "texture": "#texture" },
				"north": { "uv": [ 10, 13.5, 10.5, 14 ], "texture": "#texture" },
				"south": { "uv": [ 5.5, 13.5, 6, 14 ], "texture": "#texture" },
				"west": { "uv": [ 5.5, 13.5, 6, 14 ], "texture": "#texture" },
				"east": { "uv": [ 10, 13.5, 10.5, 14 ], "texture": "#texture" }
			}
		},
		{
			"__comment": "Voxels-FF3A3A",
			"from": [ 5.5, 2, 9.5 ],
			"to": [ 6, 2.5, 10 ],
			"faces": {
				"down": { "uv": [ 5.5, 6, 6, 6.5 ], "texture": "#texture" },
				"up": { "uv": [ 5.5, 9.5, 6, 10 ], "texture": "#texture" },
				"north": { "uv": [ 10, 13.5, 10.5, 14 ], "texture": "#texture" },
				"south": { "uv": [ 5.5, 13.5, 6, 14 ], "texture": "#texture" },
				"west": { "uv": [ 9.5, 13.5, 10, 14 ], "texture": "#texture" },
				"east": { "uv": [ 6, 13.5, 6.5, 14 ], "texture": "#texture" }
			}
		},
		{
			"__comment": "Voxels-FF3A3A",
			"from": [ 5.5, 2.5, 6 ],
			"to": [ 6, 3, 6.5 ],
			"faces": {
				"down": { "uv": [ 5.5, 9.5, 6, 10 ], "texture": "#texture" },
				"up": { "uv": [ 5.5, 6, 6, 6.5 ], "texture": "#texture" },
				"north": { "uv": [ 10, 13, 10.5, 13.5 ], "texture": "#texture" },
				"south": { "uv": [ 5.5, 13, 6, 13.5 ], "texture": "#texture" },
				"west": { "uv": [ 6, 13, 6.5, 13.5 ], "texture": "#texture" },
				"east": { "uv": [ 9.5, 13, 10, 13.5 ], "texture": "#texture" }
			}
		},
		{
			"__comment": "Voxels-FF3A3A",
			"from": [ 5.5, 2.5, 9 ],
			"to": [ 6, 3, 9.5 ],
			"faces": {
				"down": { "uv": [ 5.5, 6.5, 6, 7 ], "texture": "#texture" },
				"up": { "uv": [ 5.5, 9, 6, 9.5 ], "texture": "#texture" },
				"north": { "uv": [ 10, 13, 10.5, 13.5 ], "texture": "#texture" },
				"south": { "uv": [ 5.5, 13, 6, 13.5 ], "texture": "#texture" },
				"west": { "uv": [ 9, 13, 9.5, 13.5 ], "texture": "#texture" },
				"east": { "uv": [ 6.5, 13, 7, 13.5 ], "texture": "#texture" }
			}
		},
		{
			"__comment": "Voxels-FF3A3A",
			"from": [ 5.5, 3, 6.5 ],
			"to": [ 6, 3.5, 9 ],
			"faces": {
				"down": { "uv": [ 5.5, 7, 6, 9.5 ], "texture": "#texture" },
				"up": { "uv": [ 5.5, 6.5, 6, 9 ], "texture": "#texture" },
				"north": { "uv": [ 10, 12.5, 10.5, 13 ], "texture": "#texture" },
				"south": { "uv": [ 5.5, 12.5, 6, 13 ], "texture": "#texture" },
				"west": { "uv": [ 6.5, 12.5, 9, 13 ], "texture": "#texture" },
				"east": { "uv": [ 7, 12.5, 9.5, 13 ], "texture": "#texture" }
			}
		},
		{
			"__comment": "Voxels-FF3A3A",
			"from": [ 6, -1, 4 ],
			"to": [ 10.5, -0.5, 4.5 ],
			"faces": {
				"down": { "uv": [ 5, 2.5, 7.5, 3 ], "texture": "#voxel_palette" },
				"up": { "uv": [ 4.5, 3.5, 7, 4 ], "texture": "#voxel_palette" },
				"north": { "uv": [ 5, 2, 7.5, 2.5 ], "texture": "#voxel_palette" },
				"south": { "uv": [ 5, 2.5, 7.5, 3 ], "texture": "#voxel_palette" },
				"west": { "uv": [ 6, 2.5, 6.5, 3 ], "texture": "#voxel_palette" },
				"east": { "uv": [ 4, 2, 8, 2.5 ], "texture": "#voxel_palette" }
			}
		},
		{
			"__comment": "Voxels-FF3A3A",
			"from": [ 6, -1, 11 ],
			"to": [ 10.5, -0.5, 11.5 ],
			"faces": {
				"down": { "uv": [ 5, 2.5, 7.5, 3 ], "texture": "#voxel_palette" },
				"up": { "uv": [ 4.5, 3.5, 7, 4 ], "texture": "#voxel_palette" },
				"north": { "uv": [ 5, 2, 7.5, 2.5 ], "texture": "#voxel_palette" },
				"south": { "uv": [ 5, 2.5, 7.5, 3 ], "texture": "#voxel_palette" },
				"west": { "uv": [ 6, 2.5, 6.5, 3 ], "texture": "#voxel_palette" },
				"east": { "uv": [ 4, 2, 8, 2.5 ], "texture": "#voxel_palette" }
			}
		},
		{
			"__comment": "Voxels-FF3A3A",
			"from": [ 6, -0.5, 4.5 ],
			"to": [ 7, 2, 5 ],
			"faces": {
				"down": { "uv": [ 6, 11, 7, 11.5 ], "texture": "#texture" },
				"up": { "uv": [ 6, 4.5, 7, 5 ], "texture": "#texture" },
				"north": { "uv": [ 9, 14, 10, 16 ], "texture": "#texture" },
				"south": { "uv": [ 6, 14, 7, 16 ], "texture": "#texture" },
				"west": { "uv": [ 4.5, 14, 5, 16 ], "texture": "#texture" },
				"east": { "uv": [ 11, 14, 11.5, 16 ], "texture": "#texture" }
			}
		},
		{
			"__comment": "Voxels-FF3A3A",
			"from": [ 6, -0.5, 10.5 ],
			"to": [ 7, 2, 11 ],
			"faces": {
				"down": { "uv": [ 6, 5, 7, 5.5 ], "texture": "#texture" },
				"up": { "uv": [ 6, 10.5, 7, 11 ], "texture": "#texture" },
				"north": { "uv": [ 9, 14, 10, 16 ], "texture": "#texture" },
				"south": { "uv": [ 6, 14, 7, 16 ], "texture": "#texture" },
				"west": { "uv": [ 10.5, 14, 11, 16 ], "texture": "#texture" },
				"east": { "uv": [ 5, 14, 5.5, 16 ], "texture": "#texture" }
			}
		},
		{
			"__comment": "Voxels-FF3A3A",
			"from": [ 6, 2, 5 ],
			"to": [ 6.5, 2.5, 5.5 ],
			"faces": {
				"down": { "uv": [ 6, 10.5, 6.5, 11 ], "texture": "#texture" },
				"up": { "uv": [ 6, 5, 6.5, 5.5 ], "texture": "#texture" },
				"north": { "uv": [ 9.5, 13.5, 10, 14 ], "texture": "#texture" },
				"south": { "uv": [ 6, 13.5, 6.5, 14 ], "texture": "#texture" },
				"west": { "uv": [ 5, 13.5, 5.5, 14 ], "texture": "#texture" },
				"east": { "uv": [ 10.5, 13.5, 11, 14 ], "texture": "#texture" }
			}
		},
		{
			"__comment": "Voxels-FF3A3A",
			"from": [ 6, 2, 10 ],
			"to": [ 6.5, 2.5, 10.5 ],
			"faces": {
				"down": { "uv": [ 6, 5.5, 6.5, 6 ], "texture": "#texture" },
				"up": { "uv": [ 6, 10, 6.5, 10.5 ], "texture": "#texture" },
				"north": { "uv": [ 9.5, 13.5, 10, 14 ], "texture": "#texture" },
				"south": { "uv": [ 6, 13.5, 6.5, 14 ], "texture": "#texture" },
				"west": { "uv": [ 10, 13.5, 10.5, 14 ], "texture": "#texture" },
				"east": { "uv": [ 5.5, 13.5, 6, 14 ], "texture": "#texture" }
			}
		},
		{
			"__comment": "Voxels-FF3A3A",
			"from": [ 6, 2.5, 5.5 ],
			"to": [ 6.5, 3, 6 ],
			"faces": {
				"down": { "uv": [ 6, 10, 6.5, 10.5 ], "texture": "#texture" },
				"up": { "uv": [ 6, 5.5, 6.5, 6 ], "texture": "#texture" },
				"north": { "uv": [ 9.5, 13, 10, 13.5 ], "texture": "#texture" },
				"south": { "uv": [ 6, 13, 6.5, 13.5 ], "texture": "#texture" },
				"west": { "uv": [ 5.5, 13, 6, 13.5 ], "texture": "#texture" },
				"east": { "uv": [ 10, 13, 10.5, 13.5 ], "texture": "#texture" }
			}
		},
		{
			"__comment": "Voxels-FF3A3A",
			"from": [ 6, 2.5, 9.5 ],
			"to": [ 6.5, 3, 10 ],
			"faces": {
				"down": { "uv": [ 6, 6, 6.5, 6.5 ], "texture": "#texture" },
				"up": { "uv": [ 6, 9.5, 6.5, 10 ], "texture": "#texture" },
				"north": { "uv": [ 9.5, 13, 10, 13.5 ], "texture": "#texture" },
				"south": { "uv": [ 6, 13, 6.5, 13.5 ], "texture": "#texture" },
				"west": { "uv": [ 9.5, 13, 10, 13.5 ], "texture": "#texture" },
				"east": { "uv": [ 6, 13, 6.5, 13.5 ], "texture": "#texture" }
			}
		},
		{
			"__comment": "Voxels-FF3A3A",
			"from": [ 6, 3, 6 ],
			"to": [ 6.5, 3.5, 6.5 ],
			"faces": {
				"down": { "uv": [ 6, 9.5, 6.5, 10 ], "texture": "#texture" },
				"up": { "uv": [ 6, 6, 6.5, 6.5 ], "texture": "#texture" },
				"north": { "uv": [ 9.5, 12.5, 10, 13 ], "texture": "#texture" },
				"south": { "uv": [ 6, 12.5, 6.5, 13 ], "texture": "#texture" },
				"west": { "uv": [ 6, 12.5, 6.5, 13 ], "texture": "#texture" },
				"east": { "uv": [ 9.5, 12.5, 10, 13 ], "texture": "#texture" }
			}
		},
		{
			"__comment": "Voxels-FF3A3A",
			"from": [ 6, 3, 9 ],
			"to": [ 6.5, 3.5, 9.5 ],
			"faces": {
				"down": { "uv": [ 6, 6.5, 6.5, 7 ], "texture": "#texture" },
				"up": { "uv": [ 6, 9, 6.5, 9.5 ], "texture": "#texture" },
				"north": { "uv": [ 9.5, 12.5, 10, 13 ], "texture": "#texture" },
				"south": { "uv": [ 6, 12.5, 6.5, 13 ], "texture": "#texture" },
				"west": { "uv": [ 9, 12.5, 9.5, 13 ], "texture": "#texture" },
				"east": { "uv": [ 6.5, 12.5, 7, 13 ], "texture": "#texture" }
			}
		},
		{
			"__comment": "Voxels-FF3A3A",
			"from": [ 6, 3.5, 6.5 ],
			"to": [ 7.5, 4, 7 ],
			"faces": {
				"down": { "uv": [ 6, 9, 7.5, 9.5 ], "texture": "#texture" },
				"up": { "uv": [ 6, 6.5, 7.5, 7 ], "texture": "#texture" },
				"north": { "uv": [ 8.5, 12, 10, 12.5 ], "texture": "#texture" },
				"south": { "uv": [ 6, 12, 7.5, 12.5 ], "texture": "#texture" },
				"west": { "uv": [ 6.5, 12, 7, 12.5 ], "texture": "#texture" },
				"east": { "uv": [ 9, 12, 9.5, 12.5 ], "texture": "#texture" }
			}
		},
		{
			"__comment": "Voxels-FF3A3A",
			"from": [ 6, 3.5, 7 ],
			"to": [ 7, 4, 9 ],
			"faces": {
				"down": { "uv": [ 6, 7, 7, 9 ], "texture": "#texture" },
				"up": { "uv": [ 6, 7, 7, 9 ], "texture": "#texture" },
				"north": { "uv": [ 9, 12, 10, 12.5 ], "texture": "#texture" },
				"south": { "uv": [ 6, 12, 7, 12.5 ], "texture": "#texture" },
				"west": { "uv": [ 7, 12, 9, 12.5 ], "texture": "#texture" },
				"east": { "uv": [ 7, 12, 9, 12.5 ], "texture": "#texture" }
			}
		},
		{
			"__comment": "Voxels-FF3A3A",
			"from": [ 6.5, 2, 4.5 ],
			"to": [ 10, 2.5, 5 ],
			"faces": {
				"down": { "uv": [ 6.5, 11, 10, 11.5 ], "texture": "#texture" },
				"up": { "uv": [ 6.5, 4.5, 10, 5 ], "texture": "#texture" },
				"north": { "uv": [ 6, 13.5, 9.5, 14 ], "texture": "#texture" },
				"south": { "uv": [ 6.5, 13.5, 10, 14 ], "texture": "#texture" },
				"west": { "uv": [ 4.5, 13.5, 5, 14 ], "texture": "#texture" },
				"east": { "uv": [ 11, 13.5, 11.5, 14 ], "texture": "#texture" }
			}
		},
		{
			"__comment": "Voxels-FF3A3A",
			"from": [ 6.5, 2, 10.5 ],
			"to": [ 10, 2.5, 11 ],
			"faces": {
				"down": { "uv": [ 6.5, 5, 10, 5.5 ], "texture": "#texture" },
				"up": { "uv": [ 6.5, 10.5, 10, 11 ], "texture": "#texture" },
				"north": { "uv": [ 6, 13.5, 9.5, 14 ], "texture": "#texture" },
				"south": { "uv": [ 6.5, 13.5, 10, 14 ], "texture": "#texture" },
				"west": { "uv": [ 10.5, 13.5, 11, 14 ], "texture": "#texture" },
				"east": { "uv": [ 5, 13.5, 5.5, 14 ], "texture": "#texture" }
			}
		},
		{
			"__comment": "Voxels-FF3A3A",
			"from": [ 6.5, 2.5, 5 ],
			"to": [ 7, 3, 5.5 ],
			"faces": {
				"down": { "uv": [ 6.5, 10.5, 7, 11 ], "texture": "#texture" },
				"up": { "uv": [ 6.5, 5, 7, 5.5 ], "texture": "#texture" },
				"north": { "uv": [ 9, 13, 9.5, 13.5 ], "texture": "#texture" },
				"south": { "uv": [ 6.5, 13, 7, 13.5 ], "texture": "#texture" },
				"west": { "uv": [ 5, 13, 5.5, 13.5 ], "texture": "#texture" },
				"east": { "uv": [ 10.5, 13, 11, 13.5 ], "texture": "#texture" }
			}
		},
		{
			"__comment": "Voxels-FF3A3A",
			"from": [ 6.5, 2.5, 10 ],
			"to": [ 7, 3, 10.5 ],
			"faces": {
				"down": { "uv": [ 6.5, 5.5, 7, 6 ], "texture": "#texture" },
				"up": { "uv": [ 6.5, 10, 7, 10.5 ], "texture": "#texture" },
				"north": { "uv": [ 9, 13, 9.5, 13.5 ], "texture": "#texture" },
				"south": { "uv": [ 6.5, 13, 7, 13.5 ], "texture": "#texture" },
				"west": { "uv": [ 10, 13, 10.5, 13.5 ], "texture": "#texture" },
				"east": { "uv": [ 5.5, 13, 6, 13.5 ], "texture": "#texture" }
			}
		},
		{
			"__comment": "Voxels-FF3A3A",
			"from": [ 6.5, 3, 5.5 ],
			"to": [ 7, 3.5, 6 ],
			"faces": {
				"down": { "uv": [ 6.5, 10, 7, 10.5 ], "texture": "#texture" },
				"up": { "uv": [ 6.5, 5.5, 7, 6 ], "texture": "#texture" },
				"north": { "uv": [ 9, 12.5, 9.5, 13 ], "texture": "#texture" },
				"south": { "uv": [ 6.5, 12.5, 7, 13 ], "texture": "#texture" },
				"west": { "uv": [ 5.5, 12.5, 6, 13 ], "texture": "#texture" },
				"east": { "uv": [ 10, 12.5, 10.5, 13 ], "texture": "#texture" }
			}
		},
		{
			"__comment": "Voxels-FF3A3A",
			"from": [ 6.5, 3, 9.5 ],
			"to": [ 7, 3.5, 10 ],
			"faces": {
				"down": { "uv": [ 6.5, 6, 7, 6.5 ], "texture": "#texture" },
				"up": { "uv": [ 6.5, 9.5, 7, 10 ], "texture": "#texture" },
				"north": { "uv": [ 9, 12.5, 9.5, 13 ], "texture": "#texture" },
				"south": { "uv": [ 6.5, 12.5, 7, 13 ], "texture": "#texture" },
				"west": { "uv": [ 9.5, 12.5, 10, 13 ], "texture": "#texture" },
				"east": { "uv": [ 6, 12.5, 6.5, 13 ], "texture": "#texture" }
			}
		},
		{
			"__comment": "Voxels-FF3A3A",
			"from": [ 6.5, 3.5, 6 ],
			"to": [ 10, 4, 6.5 ],
			"faces": {
				"down": { "uv": [ 6.5, 9.5, 10, 10 ], "texture": "#texture" },
				"up": { "uv": [ 6.5, 6, 10, 6.5 ], "texture": "#texture" },
				"north": { "uv": [ 6, 12, 9.5, 12.5 ], "texture": "#texture" },
				"south": { "uv": [ 6.5, 12, 10, 12.5 ], "texture": "#texture" },
				"west": { "uv": [ 6, 12, 6.5, 12.5 ], "texture": "#texture" },
				"east": { "uv": [ 9.5, 12, 10, 12.5 ], "texture": "#texture" }
			}
		},
		{
			"__comment": "Voxels-FF3A3A",
			"from": [ 6.5, 3.5, 9 ],
			"to": [ 10, 4, 9.5 ],
			"faces": {
				"down": { "uv": [ 6.5, 6.5, 10, 7 ], "texture": "#texture" },
				"up": { "uv": [ 6.5, 9, 10, 9.5 ], "texture": "#texture" },
				"north": { "uv": [ 6, 12, 9.5, 12.5 ], "texture": "#texture" },
				"south": { "uv": [ 6.5, 12, 10, 12.5 ], "texture": "#texture" },
				"west": { "uv": [ 9, 12, 9.5, 12.5 ], "texture": "#texture" },
				"east": { "uv": [ 6.5, 12, 7, 12.5 ], "texture": "#texture" }
			}
		},
		{
			"__comment": "Voxels-FF3A3A",
			"from": [ 7, -1, 3.5 ],
			"to": [ 9.5, -0.5, 4 ],
			"faces": {
				"down": { "uv": [ 5, 2.5, 7.5, 3 ], "texture": "#voxel_palette" },
				"up": { "uv": [ 4.5, 3.5, 7, 4 ], "texture": "#voxel_palette" },
				"north": { "uv": [ 5, 2, 7.5, 2.5 ], "texture": "#voxel_palette" },
				"south": { "uv": [ 5, 2.5, 7.5, 3 ], "texture": "#voxel_palette" },
				"west": { "uv": [ 6, 2.5, 6.5, 3 ], "texture": "#voxel_palette" },
				"east": { "uv": [ 4, 2, 8, 2.5 ], "texture": "#voxel_palette" }
			}
		},
		{
			"__comment": "Voxels-FF3A3A",
			"from": [ 7, -1, 11.5 ],
			"to": [ 9.5, -0.5, 12 ],
			"faces": {
				"down": { "uv": [ 5, 2.5, 7.5, 3 ], "texture": "#voxel_palette" },
				"up": { "uv": [ 4.5, 3.5, 7, 4 ], "texture": "#voxel_palette" },
				"north": { "uv": [ 5, 2, 7.5, 2.5 ], "texture": "#voxel_palette" },
				"south": { "uv": [ 5, 2.5, 7.5, 3 ], "texture": "#voxel_palette" },
				"west": { "uv": [ 6, 2.5, 6.5, 3 ], "texture": "#voxel_palette" },
				"east": { "uv": [ 4, 2, 8, 2.5 ], "texture": "#voxel_palette" }
			}
		},
		{
			"__comment": "Voxels-FF3A3A",
			"from": [ 7, -0.5, 4 ],
			"to": [ 9.5, 1.5, 4.5 ],
			"faces": {
				"down": { "uv": [ 7, 11.5, 9.5, 12 ], "texture": "#texture" },
				"up": { "uv": [ 7, 4, 9.5, 4.5 ], "texture": "#texture" },
				"north": { "uv": [ 6.5, 14.5, 9, 16 ], "texture": "#texture" },
				"south": { "uv": [ 7, 14.5, 9.5, 16 ], "texture": "#texture" },
				"west": { "uv": [ 4, 14.5, 4.5, 16 ], "texture": "#texture" },
				"east": { "uv": [ 11.5, 14.5, 12, 16 ], "texture": "#texture" }
			}
		},
		{
			"__comment": "Voxels-FF3A3A",
			"from": [ 7, -0.5, 11 ],
			"to": [ 9.5, 1.5, 11.5 ],
			"faces": {
				"down": { "uv": [ 7, 4.5, 9.5, 5 ], "texture": "#texture" },
				"up": { "uv": [ 7, 11, 9.5, 11.5 ], "texture": "#texture" },
				"north": { "uv": [ 6.5, 14.5, 9, 16 ], "texture": "#texture" },
				"south": { "uv": [ 7, 14.5, 9.5, 16 ], "texture": "#texture" },
				"west": { "uv": [ 11, 14.5, 11.5, 16 ], "texture": "#texture" },
				"east": { "uv": [ 4.5, 14.5, 5, 16 ], "texture": "#texture" }
			}
		},
		{
			"__comment": "Voxels-FF3A3A",
			"from": [ 7, 1.5, 4.5 ],
			"to": [ 7.5, 2, 5 ],
			"faces": {
				"down": { "uv": [ 7, 11, 7.5, 11.5 ], "texture": "#texture" },
				"up": { "uv": [ 7, 4.5, 7.5, 5 ], "texture": "#texture" },
				"north": { "uv": [ 8.5, 14, 9, 14.5 ], "texture": "#texture" },
				"south": { "uv": [ 7, 14, 7.5, 14.5 ], "texture": "#texture" },
				"west": { "uv": [ 4.5, 14, 5, 14.5 ], "texture": "#texture" },
				"east": { "uv": [ 11, 14, 11.5, 14.5 ], "texture": "#texture" }
			}
		},
		{
			"__comment": "Voxels-FF3A3A",
			"from": [ 7, 1.5, 10.5 ],
			"to": [ 7.5, 2, 11 ],
			"faces": {
				"down": { "uv": [ 7, 5, 7.5, 5.5 ], "texture": "#texture" },
				"up": { "uv": [ 7, 10.5, 7.5, 11 ], "texture": "#texture" },
				"north": { "uv": [ 8.5, 14, 9, 14.5 ], "texture": "#texture" },
				"south": { "uv": [ 7, 14, 7.5, 14.5 ], "texture": "#texture" },
				"west": { "uv": [ 10.5, 14, 11, 14.5 ], "texture": "#texture" },
				"east": { "uv": [ 5, 14, 5.5, 14.5 ], "texture": "#texture" }
			}
		},
		{
			"__comment": "Voxels-FF3A3A",
			"from": [ 7, 2.5, 4.5 ],
			"to": [ 9.5, 3, 5 ],
			"faces": {
				"down": { "uv": [ 7, 11, 9.5, 11.5 ], "texture": "#texture" },
				"up": { "uv": [ 7, 4.5, 9.5, 5 ], "texture": "#texture" },
				"north": { "uv": [ 6.5, 13, 9, 13.5 ], "texture": "#texture" },
				"south": { "uv": [ 7, 13, 9.5, 13.5 ], "texture": "#texture" },
				"west": { "uv": [ 4.5, 13, 5, 13.5 ], "texture": "#texture" },
				"east": { "uv": [ 11, 13, 11.5, 13.5 ], "texture": "#texture" }
			}
		},
		{
			"__comment": "Voxels-FF3A3A",
			"from": [ 7, 2.5, 10.5 ],
			"to": [ 9.5, 3, 11 ],
			"faces": {
				"down": { "uv": [ 7, 5, 9.5, 5.5 ], "texture": "#texture" },
				"up": { "uv": [ 7, 10.5, 9.5, 11 ], "texture": "#texture" },
				"north": { "uv": [ 6.5, 13, 9, 13.5 ], "texture": "#texture" },
				"south": { "uv": [ 7, 13, 9.5, 13.5 ], "texture": "#texture" },
				"west": { "uv": [ 10.5, 13, 11, 13.5 ], "texture": "#texture" },
				"east": { "uv": [ 5, 13, 5.5, 13.5 ], "texture": "#texture" }
			}
		},
		{
			"__comment": "Voxels-FF3A3A",
			"from": [ 7, 3, 5 ],
			"to": [ 9.5, 3.5, 5.5 ],
			"faces": {
				"down": { "uv": [ 7, 10.5, 9.5, 11 ], "texture": "#texture" },
				"up": { "uv": [ 7, 5, 9.5, 5.5 ], "texture": "#texture" },
				"north": { "uv": [ 6.5, 12.5, 9, 13 ], "texture": "#texture" },
				"south": { "uv": [ 7, 12.5, 9.5, 13 ], "texture": "#texture" },
				"west": { "uv": [ 5, 12.5, 5.5, 13 ], "texture": "#texture" },
				"east": { "uv": [ 10.5, 12.5, 11, 13 ], "texture": "#texture" }
			}
		},
		{
			"__comment": "Voxels-FF3A3A",
			"from": [ 7, 3, 10 ],
			"to": [ 9.5, 3.5, 10.5 ],
			"faces": {
				"down": { "uv": [ 7, 5.5, 9.5, 6 ], "texture": "#texture" },
				"up": { "uv": [ 7, 10, 9.5, 10.5 ], "texture": "#texture" },
				"north": { "uv": [ 6.5, 12.5, 9, 13 ], "texture": "#texture" },
				"south": { "uv": [ 7, 12.5, 9.5, 13 ], "texture": "#texture" },
				"west": { "uv": [ 10, 12.5, 10.5, 13 ], "texture": "#texture" },
				"east": { "uv": [ 5.5, 12.5, 6, 13 ], "texture": "#texture" }
			}
		},
		{
			"__comment": "Voxels-FF3A3A",
			"from": [ 7, 3.5, 5.5 ],
			"to": [ 9.5, 4, 6 ],
			"faces": {
				"down": { "uv": [ 7, 10, 9.5, 10.5 ], "texture": "#texture" },
				"up": { "uv": [ 7, 5.5, 9.5, 6 ], "texture": "#texture" },
				"north": { "uv": [ 6.5, 12, 9, 12.5 ], "texture": "#texture" },
				"south": { "uv": [ 7, 12, 9.5, 12.5 ], "texture": "#texture" },
				"west": { "uv": [ 5.5, 12, 6, 12.5 ], "texture": "#texture" },
				"east": { "uv": [ 10, 12, 10.5, 12.5 ], "texture": "#texture" }
			}
		},
		{
			"__comment": "Voxels-FF3A3A",
			"from": [ 7, 3.5, 8.5 ],
			"to": [ 7.5, 4, 9 ],
			"faces": {
				"down": { "uv": [ 7, 7, 7.5, 7.5 ], "texture": "#texture" },
				"up": { "uv": [ 7, 8.5, 7.5, 9 ], "texture": "#texture" },
				"north": { "uv": [ 8.5, 12, 9, 12.5 ], "texture": "#texture" },
				"south": { "uv": [ 7, 12, 7.5, 12.5 ], "texture": "#texture" },
				"west": { "uv": [ 8.5, 12, 9, 12.5 ], "texture": "#texture" },
				"east": { "uv": [ 7, 12, 7.5, 12.5 ], "texture": "#texture" }
			}
		},
		{
			"__comment": "Voxels-FF3A3A",
			"from": [ 7, 3.5, 9.5 ],
			"to": [ 9.5, 4, 10 ],
			"faces": {
				"down": { "uv": [ 7, 6, 9.5, 6.5 ], "texture": "#texture" },
				"up": { "uv": [ 7, 9.5, 9.5, 10 ], "texture": "#texture" },
				"north": { "uv": [ 6.5, 12, 9, 12.5 ], "texture": "#texture" },
				"south": { "uv": [ 7, 12, 9.5, 12.5 ], "texture": "#texture" },
				"west": { "uv": [ 9.5, 12, 10, 12.5 ], "texture": "#texture" },
				"east": { "uv": [ 6, 12, 6.5, 12.5 ], "texture": "#texture" }
			}
		},
		{
			"__comment": "Voxels-FF3A3A",
			"from": [ 7, 4, 7 ],
			"to": [ 9.5, 4.5, 8.5 ],
			"faces": {
				"down": { "uv": [ 7, 7.5, 9.5, 9 ], "texture": "#texture" },
				"up": { "uv": [ 7, 7, 9.5, 8.5 ], "texture": "#texture" },
				"north": { "uv": [ 6.5, 11.5, 9, 12 ], "texture": "#texture" },
				"south": { "uv": [ 7, 11.5, 9.5, 12 ], "texture": "#texture" },
				"west": { "uv": [ 7, 11.5, 8.5, 12 ], "texture": "#texture" },
				"east": { "uv": [ 7.5, 11.5, 9, 12 ], "texture": "#texture" }
			}
		},
		{
			"__comment": "Voxels-FF3A3A",
			"from": [ 7.5, 1.5, 4 ],
			"to": [ 9, 2, 4.5 ],
			"faces": {
				"down": { "uv": [ 7.5, 11.5, 9, 12 ], "texture": "#texture" },
				"up": { "uv": [ 7.5, 4, 9, 4.5 ], "texture": "#texture" },
				"north": { "uv": [ 7, 14, 8.5, 14.5 ], "texture": "#texture" },
				"south": { "uv": [ 7.5, 14, 9, 14.5 ], "texture": "#texture" },
				"west": { "uv": [ 4, 14, 4.5, 14.5 ], "texture": "#texture" },
				"east": { "uv": [ 11.5, 14, 12, 14.5 ], "texture": "#texture" }
			}
		},
		{
			"__comment": "Voxels-FF3A3A",
			"from": [ 7.5, 1.5, 11 ],
			"to": [ 9, 2, 11.5 ],
			"faces": {
				"down": { "uv": [ 7.5, 4.5, 9, 5 ], "texture": "#texture" },
				"up": { "uv": [ 7.5, 11, 9, 11.5 ], "texture": "#texture" },
				"north": { "uv": [ 7, 14, 8.5, 14.5 ], "texture": "#texture" },
				"south": { "uv": [ 7.5, 14, 9, 14.5 ], "texture": "#texture" },
				"west": { "uv": [ 11, 14, 11.5, 14.5 ], "texture": "#texture" },
				"east": { "uv": [ 4.5, 14, 5, 14.5 ], "texture": "#texture" }
			}
		},
		{
			"__comment": "Voxels-FF3A3A",
			"from": [ 7.5, 4, 6.5 ],
			"to": [ 9, 4.5, 7 ],
			"faces": {
				"down": { "uv": [ 7.5, 9, 9, 9.5 ], "texture": "#texture" },
				"up": { "uv": [ 7.5, 6.5, 9, 7 ], "texture": "#texture" },
				"north": { "uv": [ 7, 11.5, 8.5, 12 ], "texture": "#texture" },
				"south": { "uv": [ 7.5, 11.5, 9, 12 ], "texture": "#texture" },
				"west": { "uv": [ 6.5, 11.5, 7, 12 ], "texture": "#texture" },
				"east": { "uv": [ 9, 11.5, 9.5, 12 ], "texture": "#texture" }
			}
		},
		{
			"__comment": "Voxels-FF3A3A",
			"from": [ 7.5, 4, 8.5 ],
			"to": [ 9, 4.5, 9 ],
			"faces": {
				"down": { "uv": [ 7.5, 7, 9, 7.5 ], "texture": "#texture" },
				"up": { "uv": [ 7.5, 8.5, 9, 9 ], "texture": "#texture" },
				"north": { "uv": [ 7, 11.5, 8.5, 12 ], "texture": "#texture" },
				"south": { "uv": [ 7.5, 11.5, 9, 12 ], "texture": "#texture" },
				"west": { "uv": [ 8.5, 11.5, 9, 12 ], "texture": "#texture" },
				"east": { "uv": [ 7, 11.5, 7.5, 12 ], "texture": "#texture" }
			}
		},
		{
			"__comment": "Voxels-FF3A3A",
			"from": [ 9, 1.5, 4.5 ],
			"to": [ 10.5, 2, 5 ],
			"faces": {
				"down": { "uv": [ 9, 11, 10.5, 11.5 ], "texture": "#texture" },
				"up": { "uv": [ 9, 4.5, 10.5, 5 ], "texture": "#texture" },
				"north": { "uv": [ 5.5, 14, 7, 14.5 ], "texture": "#texture" },
				"south": { "uv": [ 9, 14, 10.5, 14.5 ], "texture": "#texture" },
				"west": { "uv": [ 4.5, 14, 5, 14.5 ], "texture": "#texture" },
				"east": { "uv": [ 11, 14, 11.5, 14.5 ], "texture": "#texture" }
			}
		},
		{
			"__comment": "Voxels-FF3A3A",
			"from": [ 9, 1.5, 10.5 ],
			"to": [ 10.5, 2, 11 ],
			"faces": {
				"down": { "uv": [ 9, 5, 10.5, 5.5 ], "texture": "#texture" },
				"up": { "uv": [ 9, 10.5, 10.5, 11 ], "texture": "#texture" },
				"north": { "uv": [ 5.5, 14, 7, 14.5 ], "texture": "#texture" },
				"south": { "uv": [ 9, 14, 10.5, 14.5 ], "texture": "#texture" },
				"west": { "uv": [ 10.5, 14, 11, 14.5 ], "texture": "#texture" },
				"east": { "uv": [ 5, 14, 5.5, 14.5 ], "texture": "#texture" }
			}
		},
		{
			"__comment": "Voxels-FF3A3A",
			"from": [ 9, 3.5, 6.5 ],
			"to": [ 10.5, 4, 7 ],
			"faces": {
				"down": { "uv": [ 9, 9, 10.5, 9.5 ], "texture": "#texture" },
				"up": { "uv": [ 9, 6.5, 10.5, 7 ], "texture": "#texture" },
				"north": { "uv": [ 5.5, 12, 7, 12.5 ], "texture": "#texture" },
				"south": { "uv": [ 9, 12, 10.5, 12.5 ], "texture": "#texture" },
				"west": { "uv": [ 6.5, 12, 7, 12.5 ], "texture": "#texture" },
				"east": { "uv": [ 9, 12, 9.5, 12.5 ], "texture": "#texture" }
			}
		},
		{
			"__comment": "Voxels-FF3A3A",
			"from": [ 9, 3.5, 8.5 ],
			"to": [ 10.5, 4, 9 ],
			"faces": {
				"down": { "uv": [ 9, 7, 10.5, 7.5 ], "texture": "#texture" },
				"up": { "uv": [ 9, 8.5, 10.5, 9 ], "texture": "#texture" },
				"north": { "uv": [ 5.5, 12, 7, 12.5 ], "texture": "#texture" },
				"south": { "uv": [ 9, 12, 10.5, 12.5 ], "texture": "#texture" },
				"west": { "uv": [ 8.5, 12, 9, 12.5 ], "texture": "#texture" },
				"east": { "uv": [ 7, 12, 7.5, 12.5 ], "texture": "#texture" }
			}
		},
		{
			"__comment": "Voxels-FF3A3A",
			"from": [ 9.5, -0.5, 4.5 ],
			"to": [ 10.5, 1.5, 5 ],
			"faces": {
				"down": { "uv": [ 9.5, 11, 10.5, 11.5 ], "texture": "#texture" },
				"up": { "uv": [ 9.5, 4.5, 10.5, 5 ], "texture": "#texture" },
				"north": { "uv": [ 5.5, 14.5, 6.5, 16 ], "texture": "#texture" },
				"south": { "uv": [ 9.5, 14.5, 10.5, 16 ], "texture": "#texture" },
				"west": { "uv": [ 4.5, 14.5, 5, 16 ], "texture": "#texture" },
				"east": { "uv": [ 11, 14.5, 11.5, 16 ], "texture": "#texture" }
			}
		},
		{
			"__comment": "Voxels-FF3A3A",
			"from": [ 9.5, -0.5, 10.5 ],
			"to": [ 10.5, 1.5, 11 ],
			"faces": {
				"down": { "uv": [ 9.5, 5, 10.5, 5.5 ], "texture": "#texture" },
				"up": { "uv": [ 9.5, 10.5, 10.5, 11 ], "texture": "#texture" },
				"north": { "uv": [ 5.5, 14.5, 6.5, 16 ], "texture": "#texture" },
				"south": { "uv": [ 9.5, 14.5, 10.5, 16 ], "texture": "#texture" },
				"west": { "uv": [ 10.5, 14.5, 11, 16 ], "texture": "#texture" },
				"east": { "uv": [ 5, 14.5, 5.5, 16 ], "texture": "#texture" }
			}
		},
		{
			"__comment": "Voxels-FF3A3A",
			"from": [ 9.5, 2.5, 5 ],
			"to": [ 10, 3, 5.5 ],
			"faces": {
				"down": { "uv": [ 9.5, 10.5, 10, 11 ], "texture": "#texture" },
				"up": { "uv": [ 9.5, 5, 10, 5.5 ], "texture": "#texture" },
				"north": { "uv": [ 6, 13, 6.5, 13.5 ], "texture": "#texture" },
				"south": { "uv": [ 9.5, 13, 10, 13.5 ], "texture": "#texture" },
				"west": { "uv": [ 5, 13, 5.5, 13.5 ], "texture": "#texture" },
				"east": { "uv": [ 10.5, 13, 11, 13.5 ], "texture": "#texture" }
			}
		},
		{
			"__comment": "Voxels-FF3A3A",
			"from": [ 9.5, 2.5, 10 ],
			"to": [ 10, 3, 10.5 ],
			"faces": {
				"down": { "uv": [ 9.5, 5.5, 10, 6 ], "texture": "#texture" },
				"up": { "uv": [ 9.5, 10, 10, 10.5 ], "texture": "#texture" },
				"north": { "uv": [ 6, 13, 6.5, 13.5 ], "texture": "#texture" },
				"south": { "uv": [ 9.5, 13, 10, 13.5 ], "texture": "#texture" },
				"west": { "uv": [ 10, 13, 10.5, 13.5 ], "texture": "#texture" },
				"east": { "uv": [ 5.5, 13, 6, 13.5 ], "texture": "#texture" }
			}
		},
		{
			"__comment": "Voxels-FF3A3A",
			"from": [ 9.5, 3, 5.5 ],
			"to": [ 10, 3.5, 6 ],
			"faces": {
				"down": { "uv": [ 9.5, 10, 10, 10.5 ], "texture": "#texture" },
				"up": { "uv": [ 9.5, 5.5, 10, 6 ], "texture": "#texture" },
				"north": { "uv": [ 6, 12.5, 6.5, 13 ], "texture": "#texture" },
				"south": { "uv": [ 9.5, 12.5, 10, 13 ], "texture": "#texture" },
				"west": { "uv": [ 5.5, 12.5, 6, 13 ], "texture": "#texture" },
				"east": { "uv": [ 10, 12.5, 10.5, 13 ], "texture": "#texture" }
			}
		},
		{
			"__comment": "Voxels-FF3A3A",
			"from": [ 9.5, 3, 9.5 ],
			"to": [ 10, 3.5, 10 ],
			"faces": {
				"down": { "uv": [ 9.5, 6, 10, 6.5 ], "texture": "#texture" },
				"up": { "uv": [ 9.5, 9.5, 10, 10 ], "texture": "#texture" },
				"north": { "uv": [ 6, 12.5, 6.5, 13 ], "texture": "#texture" },
				"south": { "uv": [ 9.5, 12.5, 10, 13 ], "texture": "#texture" },
				"west": { "uv": [ 9.5, 12.5, 10, 13 ], "texture": "#texture" },
				"east": { "uv": [ 6, 12.5, 6.5, 13 ], "texture": "#texture" }
			}
		},
		{
			"__comment": "Voxels-FF3A3A",
			"from": [ 9.5, 3.5, 7 ],
			"to": [ 10.5, 4, 8.5 ],
			"faces": {
				"down": { "uv": [ 9.5, 7.5, 10.5, 9 ], "texture": "#texture" },
				"up": { "uv": [ 9.5, 7, 10.5, 8.5 ], "texture": "#texture" },
				"north": { "uv": [ 5.5, 12, 6.5, 12.5 ], "texture": "#texture" },
				"south": { "uv": [ 9.5, 12, 10.5, 12.5 ], "texture": "#texture" },
				"west": { "uv": [ 7, 12, 8.5, 12.5 ], "texture": "#texture" },
				"east": { "uv": [ 7.5, 12, 9, 12.5 ], "texture": "#texture" }
			}
		},
		{
			"__comment": "Voxels-FF3A3A",
			"from": [ 10, 2, 5 ],
			"to": [ 10.5, 2.5, 5.5 ],
			"faces": {
				"down": { "uv": [ 10, 10.5, 10.5, 11 ], "texture": "#texture" },
				"up": { "uv": [ 10, 5, 10.5, 5.5 ], "texture": "#texture" },
				"north": { "uv": [ 5.5, 13.5, 6, 14 ], "texture": "#texture" },
				"south": { "uv": [ 10, 13.5, 10.5, 14 ], "texture": "#texture" },
				"west": { "uv": [ 5, 13.5, 5.5, 14 ], "texture": "#texture" },
				"east": { "uv": [ 10.5, 13.5, 11, 14 ], "texture": "#texture" }
			}
		},
		{
			"__comment": "Voxels-FF3A3A",
			"from": [ 10, 2, 10 ],
			"to": [ 10.5, 2.5, 10.5 ],
			"faces": {
				"down": { "uv": [ 10, 5.5, 10.5, 6 ], "texture": "#texture" },
				"up": { "uv": [ 10, 10, 10.5, 10.5 ], "texture": "#texture" },
				"north": { "uv": [ 5.5, 13.5, 6, 14 ], "texture": "#texture" },
				"south": { "uv": [ 10, 13.5, 10.5, 14 ], "texture": "#texture" },
				"west": { "uv": [ 10, 13.5, 10.5, 14 ], "texture": "#texture" },
				"east": { "uv": [ 5.5, 13.5, 6, 14 ], "texture": "#texture" }
			}
		},
		{
			"__comment": "Voxels-FF3A3A",
			"from": [ 10, 2.5, 5.5 ],
			"to": [ 10.5, 3, 6 ],
			"faces": {
				"down": { "uv": [ 10, 10, 10.5, 10.5 ], "texture": "#texture" },
				"up": { "uv": [ 10, 5.5, 10.5, 6 ], "texture": "#texture" },
				"north": { "uv": [ 5.5, 13, 6, 13.5 ], "texture": "#texture" },
				"south": { "uv": [ 10, 13, 10.5, 13.5 ], "texture": "#texture" },
				"west": { "uv": [ 5.5, 13, 6, 13.5 ], "texture": "#texture" },
				"east": { "uv": [ 10, 13, 10.5, 13.5 ], "texture": "#texture" }
			}
		},
		{
			"__comment": "Voxels-FF3A3A",
			"from": [ 10, 2.5, 9.5 ],
			"to": [ 10.5, 3, 10 ],
			"faces": {
				"down": { "uv": [ 10, 6, 10.5, 6.5 ], "texture": "#texture" },
				"up": { "uv": [ 10, 9.5, 10.5, 10 ], "texture": "#texture" },
				"north": { "uv": [ 5.5, 13, 6, 13.5 ], "texture": "#texture" },
				"south": { "uv": [ 10, 13, 10.5, 13.5 ], "texture": "#texture" },
				"west": { "uv": [ 9.5, 13, 10, 13.5 ], "texture": "#texture" },
				"east": { "uv": [ 6, 13, 6.5, 13.5 ], "texture": "#texture" }
			}
		},
		{
			"__comment": "Voxels-FF3A3A",
			"from": [ 10, 3, 6 ],
			"to": [ 10.5, 3.5, 6.5 ],
			"faces": {
				"down": { "uv": [ 10, 9.5, 10.5, 10 ], "texture": "#texture" },
				"up": { "uv": [ 10, 6, 10.5, 6.5 ], "texture": "#texture" },
				"north": { "uv": [ 5.5, 12.5, 6, 13 ], "texture": "#texture" },
				"south": { "uv": [ 10, 12.5, 10.5, 13 ], "texture": "#texture" },
				"west": { "uv": [ 6, 12.5, 6.5, 13 ], "texture": "#texture" },
				"east": { "uv": [ 9.5, 12.5, 10, 13 ], "texture": "#texture" }
			}
		},
		{
			"__comment": "Voxels-FF3A3A",
			"from": [ 10, 3, 9 ],
			"to": [ 10.5, 3.5, 9.5 ],
			"faces": {
				"down": { "uv": [ 10, 6.5, 10.5, 7 ], "texture": "#texture" },
				"up": { "uv": [ 10, 9, 10.5, 9.5 ], "texture": "#texture" },
				"north": { "uv": [ 5.5, 12.5, 6, 13 ], "texture": "#texture" },
				"south": { "uv": [ 10, 12.5, 10.5, 13 ], "texture": "#texture" },
				"west": { "uv": [ 9, 12.5, 9.5, 13 ], "texture": "#texture" },
				"east": { "uv": [ 6.5, 12.5, 7, 13 ], "texture": "#texture" }
			}
		},
		{
			"__comment": "Voxels-FF3A3A",
			"from": [ 10.5, -0.5, 5 ],
			"to": [ 11, 2, 5.5 ],
			"faces": {
				"down": { "uv": [ 10.5, 10.5, 11, 11 ], "texture": "#texture" },
				"up": { "uv": [ 10.5, 5, 11, 5.5 ], "texture": "#texture" },
				"north": { "uv": [ 5, 14, 5.5, 16 ], "texture": "#texture" },
				"south": { "uv": [ 10.5, 14, 11, 16 ], "texture": "#texture" },
				"west": { "uv": [ 5, 14, 5.5, 16 ], "texture": "#texture" },
				"east": { "uv": [ 10.5, 14, 11, 16 ], "texture": "#texture" }
			}
		},
		{
			"__comment": "Voxels-FF3A3A",
			"from": [ 10.5, -0.5, 10 ],
			"to": [ 11, 2, 10.5 ],
			"faces": {
				"down": { "uv": [ 10.5, 5.5, 11, 6 ], "texture": "#texture" },
				"up": { "uv": [ 10.5, 10, 11, 10.5 ], "texture": "#texture" },
				"north": { "uv": [ 5, 14, 5.5, 16 ], "texture": "#texture" },
				"south": { "uv": [ 10.5, 14, 11, 16 ], "texture": "#texture" },
				"west": { "uv": [ 10, 14, 10.5, 16 ], "texture": "#texture" },
				"east": { "uv": [ 5.5, 14, 6, 16 ], "texture": "#texture" }
			}
		},
		{
			"__comment": "Voxels-FF3A3A",
			"from": [ 10.5, 2, 5.5 ],
			"to": [ 11, 2.5, 6 ],
			"faces": {
				"down": { "uv": [ 10.5, 10, 11, 10.5 ], "texture": "#texture" },
				"up": { "uv": [ 10.5, 5.5, 11, 6 ], "texture": "#texture" },
				"north": { "uv": [ 5, 13.5, 5.5, 14 ], "texture": "#texture" },
				"south": { "uv": [ 10.5, 13.5, 11, 14 ], "texture": "#texture" },
				"west": { "uv": [ 5.5, 13.5, 6, 14 ], "texture": "#texture" },
				"east": { "uv": [ 10, 13.5, 10.5, 14 ], "texture": "#texture" }
			}
		},
		{
			"__comment": "Voxels-FF3A3A",
			"from": [ 10.5, 2, 9.5 ],
			"to": [ 11, 2.5, 10 ],
			"faces": {
				"down": { "uv": [ 10.5, 6, 11, 6.5 ], "texture": "#texture" },
				"up": { "uv": [ 10.5, 9.5, 11, 10 ], "texture": "#texture" },
				"north": { "uv": [ 5, 13.5, 5.5, 14 ], "texture": "#texture" },
				"south": { "uv": [ 10.5, 13.5, 11, 14 ], "texture": "#texture" },
				"west": { "uv": [ 9.5, 13.5, 10, 14 ], "texture": "#texture" },
				"east": { "uv": [ 6, 13.5, 6.5, 14 ], "texture": "#texture" }
			}
		},
		{
			"__comment": "Voxels-FF3A3A",
			"from": [ 10.5, 2.5, 6 ],
			"to": [ 11, 3, 6.5 ],
			"faces": {
				"down": { "uv": [ 10.5, 9.5, 11, 10 ], "texture": "#texture" },
				"up": { "uv": [ 10.5, 6, 11, 6.5 ], "texture": "#texture" },
				"north": { "uv": [ 5, 13, 5.5, 13.5 ], "texture": "#texture" },
				"south": { "uv": [ 10.5, 13, 11, 13.5 ], "texture": "#texture" },
				"west": { "uv": [ 6, 13, 6.5, 13.5 ], "texture": "#texture" },
				"east": { "uv": [ 9.5, 13, 10, 13.5 ], "texture": "#texture" }
			}
		},
		{
			"__comment": "Voxels-FF3A3A",
			"from": [ 10.5, 2.5, 9 ],
			"to": [ 11, 3, 9.5 ],
			"faces": {
				"down": { "uv": [ 10.5, 6.5, 11, 7 ], "texture": "#texture" },
				"up": { "uv": [ 10.5, 9, 11, 9.5 ], "texture": "#texture" },
				"north": { "uv": [ 5, 13, 5.5, 13.5 ], "texture": "#texture" },
				"south": { "uv": [ 10.5, 13, 11, 13.5 ], "texture": "#texture" },
				"west": { "uv": [ 9, 13, 9.5, 13.5 ], "texture": "#texture" },
				"east": { "uv": [ 6.5, 13, 7, 13.5 ], "texture": "#texture" }
			}
		},
		{
			"__comment": "Voxels-FF3A3A",
			"from": [ 10.5, 3, 6.5 ],
			"to": [ 11, 3.5, 9 ],
			"faces": {
				"down": { "uv": [ 10.5, 7, 11, 9.5 ], "texture": "#texture" },
				"up": { "uv": [ 10.5, 6.5, 11, 9 ], "texture": "#texture" },
				"north": { "uv": [ 5, 12.5, 5.5, 13 ], "texture": "#texture" },
				"south": { "uv": [ 10.5, 12.5, 11, 13 ], "texture": "#texture" },
				"west": { "uv": [ 6.5, 12.5, 9, 13 ], "texture": "#texture" },
				"east": { "uv": [ 7, 12.5, 9.5, 13 ], "texture": "#texture" }
			}
		},
		{
			"__comment": "Voxels-FF3A3A",
			"from": [ 11, -0.5, 5.5 ],
			"to": [ 11.5, 2, 6.5 ],
			"faces": {
				"down": { "uv": [ 11, 9.5, 11.5, 10.5 ], "texture": "#texture" },
				"up": { "uv": [ 11, 5.5, 11.5, 6.5 ], "texture": "#texture" },
				"north": { "uv": [ 4.5, 14, 5, 16 ], "texture": "#texture" },
				"south": { "uv": [ 11, 14, 11.5, 16 ], "texture": "#texture" },
				"west": { "uv": [ 5.5, 14, 6.5, 16 ], "texture": "#texture" },
				"east": { "uv": [ 9.5, 14, 10.5, 16 ], "texture": "#texture" }
			}
		},
		{
			"__comment": "Voxels-FF3A3A",
			"from": [ 11, -0.5, 9 ],
			"to": [ 11.5, 2.5, 9.5 ],
			"faces": {
				"down": { "uv": [ 11, 6.5, 11.5, 7 ], "texture": "#texture" },
				"up": { "uv": [ 11, 9, 11.5, 9.5 ], "texture": "#texture" },
				"north": { "uv": [ 4.5, 13.5, 5, 16 ], "texture": "#texture" },
				"south": { "uv": [ 11, 13.5, 11.5, 16 ], "texture": "#texture" },
				"west": { "uv": [ 9, 13.5, 9.5, 16 ], "texture": "#texture" },
				"east": { "uv": [ 6.5, 13.5, 7, 16 ], "texture": "#texture" }
			}
		},
		{
			"__comment": "Voxels-FF3A3A",
			"from": [ 11, -0.5, 9.5 ],
			"to": [ 11.5, 2, 10 ],
			"faces": {
				"down": { "uv": [ 11, 6, 11.5, 6.5 ], "texture": "#texture" },
				"up": { "uv": [ 11, 9.5, 11.5, 10 ], "texture": "#texture" },
				"north": { "uv": [ 4.5, 14, 5, 16 ], "texture": "#texture" },
				"south": { "uv": [ 11, 14, 11.5, 16 ], "texture": "#texture" },
				"west": { "uv": [ 9.5, 14, 10, 16 ], "texture": "#texture" },
				"east": { "uv": [ 6, 14, 6.5, 16 ], "texture": "#texture" }
			}
		},
		{
			"__comment": "Voxels-FF3A3A",
			"from": [ 11, 1.5, 6.5 ],
			"to": [ 11.5, 3, 7 ],
			"faces": {
				"down": { "uv": [ 11, 9, 11.5, 9.5 ], "texture": "#texture" },
				"up": { "uv": [ 11, 6.5, 11.5, 7 ], "texture": "#texture" },
				"north": { "uv": [ 4.5, 13, 5, 14.5 ], "texture": "#texture" },
				"south": { "uv": [ 11, 13, 11.5, 14.5 ], "texture": "#texture" },
				"west": { "uv": [ 6.5, 13, 7, 14.5 ], "texture": "#texture" },
				"east": { "uv": [ 9, 13, 9.5, 14.5 ], "texture": "#texture" }
			}
		},
		{
			"__comment": "Voxels-FF3A3A",
			"from": [ 11, 1.5, 8.5 ],
			"to": [ 11.5, 3, 9 ],
			"faces": {
				"down": { "uv": [ 11, 7, 11.5, 7.5 ], "texture": "#texture" },
				"up": { "uv": [ 11, 8.5, 11.5, 9 ], "texture": "#texture" },
				"north": { "uv": [ 4.5, 13, 5, 14.5 ], "texture": "#texture" },
				"south": { "uv": [ 11, 13, 11.5, 14.5 ], "texture": "#texture" },
				"west": { "uv": [ 8.5, 13, 9, 14.5 ], "texture": "#texture" },
				"east": { "uv": [ 7, 13, 7.5, 14.5 ], "texture": "#texture" }
			}
		},
		{
			"__comment": "Voxels-FF3A3A",
			"from": [ 11, 2, 6 ],
			"to": [ 11.5, 2.5, 6.5 ],
			"faces": {
				"down": { "uv": [ 11, 9.5, 11.5, 10 ], "texture": "#texture" },
				"up": { "uv": [ 11, 6, 11.5, 6.5 ], "texture": "#texture" },
				"north": { "uv": [ 4.5, 13.5, 5, 14 ], "texture": "#texture" },
				"south": { "uv": [ 11, 13.5, 11.5, 14 ], "texture": "#texture" },
				"west": { "uv": [ 6, 13.5, 6.5, 14 ], "texture": "#texture" },
				"east": { "uv": [ 9.5, 13.5, 10, 14 ], "texture": "#texture" }
			}
		},
		{
			"__comment": "Voxels-FF3A3A",
			"from": [ 11, 2, 7 ],
			"to": [ 11.5, 3, 8.5 ],
			"faces": {
				"down": { "uv": [ 11, 7.5, 11.5, 9 ], "texture": "#texture" },
				"up": { "uv": [ 11, 7, 11.5, 8.5 ], "texture": "#texture" },
				"north": { "uv": [ 4.5, 13, 5, 14 ], "texture": "#texture" },
				"south": { "uv": [ 11, 13, 11.5, 14 ], "texture": "#texture" },
				"west": { "uv": [ 7, 13, 8.5, 14 ], "texture": "#texture" },
				"east": { "uv": [ 7.5, 13, 9, 14 ], "texture": "#texture" }
			}
		},
		{
			"__comment": "Voxels-FF3A3A",
			"from": [ 11.5, -0.5, 6.5 ],
			"to": [ 12, 1.5, 9 ],
			"faces": {
				"down": { "uv": [ 11.5, 7, 12, 9.5 ], "texture": "#texture" },
				"up": { "uv": [ 11.5, 6.5, 12, 9 ], "texture": "#texture" },
				"north": { "uv": [ 4, 14.5, 4.5, 16 ], "texture": "#texture" },
				"south": { "uv": [ 11.5, 14.5, 12, 16 ], "texture": "#texture" },
				"west": { "uv": [ 6.5, 14.5, 9, 16 ], "texture": "#texture" },
				"east": { "uv": [ 7, 14.5, 9.5, 16 ], "texture": "#texture" }
			}
		},
		{
			"__comment": "Voxels-FF3A3A",
			"from": [ 11.5, 1.5, 7 ],
			"to": [ 12, 2, 8.5 ],
			"faces": {
				"down": { "uv": [ 11.5, 7.5, 12, 9 ], "texture": "#texture" },
				"up": { "uv": [ 11.5, 7, 12, 8.5 ], "texture": "#texture" },
				"north": { "uv": [ 4, 14, 4.5, 14.5 ], "texture": "#texture" },
				"south": { "uv": [ 11.5, 14, 12, 14.5 ], "texture": "#texture" },
				"west": { "uv": [ 7, 14, 8.5, 14.5 ], "texture": "#texture" },
				"east": { "uv": [ 7.5, 14, 9, 14.5 ], "texture": "#texture" }
			}
		},
		{
			"__comment": "Voxels-FF3A3A",
			"from": [ 7.75, 0, 6.25 ],
			"to": [ 10.25, 0.5, 6.75 ],
			"faces": {
				"down": { "uv": [ 10, 8, 12.5, 8.5 ], "texture": "#texture3" },
				"up": { "uv": [ 10, 7.5, 12.5, 8 ], "texture": "#voxel_palette" },
				"north": { "uv": [ 3.5, 10.5, 6, 11 ], "texture": "#texture3" },
				"south": { "uv": [ 10, 10.5, 12.5, 11 ], "texture": "#texture3" },
				"west": { "uv": [ 7.5, 10.5, 8, 11 ], "texture": "#texture3" },
				"east": { "uv": [ 8, 10.5, 8.5, 11 ], "texture": "#texture3" }
			}
		},
		{
			"__comment": "Voxels-FF3A3A",
			"from": [ 7.75, 1, 6.25 ],
			"to": [ 10.25, 1.5, 6.75 ],
			"faces": {
				"down": { "uv": [ 10, 8, 12.5, 8.5 ], "texture": "#texture3" },
				"up": { "uv": [ 10, 7.5, 12.5, 8 ], "texture": "#voxel_palette" },
				"north": { "uv": [ 3.5, 9.5, 6, 10 ], "texture": "#texture3" },
				"south": { "uv": [ 10, 9.5, 12.5, 10 ], "texture": "#texture3" },
				"west": { "uv": [ 7.5, 9.5, 8, 10 ], "texture": "#texture3" },
				"east": { "uv": [ 8, 9.5, 8.5, 10 ], "texture": "#texture3" }
			}
		},
		{
			"__comment": "Voxels-FF3A3A",
			"from": [ 8.25, 0, 5.75 ],
			"to": [ 9.75, 0.5, 6.25 ],
			"faces": {
				"down": { "uv": [ 10.5, 8.5, 12, 9 ], "texture": "#texture3" },
				"up": { "uv": [ 10.5, 7, 12, 7.5 ], "texture": "#voxel_palette" },
				"north": { "uv": [ 4, 10.5, 5.5, 11 ], "texture": "#texture3" },
				"south": { "uv": [ 10.5, 10.5, 12, 11 ], "texture": "#texture3" },
				"west": { "uv": [ 7, 10.5, 7.5, 11 ], "texture": "#texture3" },
				"east": { "uv": [ 8.5, 10.5, 9, 11 ], "texture": "#texture3" }
			}
		},
		{
			"__comment": "Voxels-FF3A3A",
			"from": [ 8.25, 0, 6.75 ],
			"to": [ 9.75, 0.5, 7.25 ],
			"faces": {
				"down": { "uv": [ 10.5, 7.5, 12, 8 ], "texture": "#texture3" },
				"up": { "uv": [ 10.5, 8, 12, 8.5 ], "texture": "#voxel_palette" },
				"north": { "uv": [ 4, 10.5, 5.5, 11 ], "texture": "#texture3" },
				"south": { "uv": [ 10.5, 10.5, 12, 11 ], "texture": "#texture3" },
				"west": { "uv": [ 8, 10.5, 8.5, 11 ], "texture": "#texture3" },
				"east": { "uv": [ 7.5, 10.5, 8, 11 ], "texture": "#texture3" }
			}
		},
		{
			"__comment": "Voxels-FF3A3A",
			"from": [ 8.25, 0.5, 6.25 ],
			"to": [ 9.75, 1, 6.75 ],
			"faces": {
				"down": { "uv": [ 10.5, 8, 12, 8.5 ], "texture": "#texture3" },
				"up": { "uv": [ 10.5, 7.5, 12, 8 ], "texture": "#voxel_palette" },
				"north": { "uv": [ 4, 10, 5.5, 10.5 ], "texture": "#texture3" },
				"south": { "uv": [ 10.5, 10, 12, 10.5 ], "texture": "#texture3" },
				"west": { "uv": [ 7.5, 10, 8, 10.5 ], "texture": "#texture3" },
				"east": { "uv": [ 8, 10, 8.5, 10.5 ], "texture": "#texture3" }
			}
		},
		{
			"__comment": "Voxels-FF3A3A",
			"from": [ 8.25, 1, 5.75 ],
			"to": [ 9.75, 1.5, 6.25 ],
			"faces": {
				"down": { "uv": [ 10.5, 8.5, 12, 9 ], "texture": "#texture3" },
				"up": { "uv": [ 10.5, 7, 12, 7.5 ], "texture": "#voxel_palette" },
				"north": { "uv": [ 4, 9.5, 5.5, 10 ], "texture": "#texture3" },
				"south": { "uv": [ 10.5, 9.5, 12, 10 ], "texture": "#texture3" },
				"west": { "uv": [ 7, 9.5, 7.5, 10 ], "texture": "#texture3" },
				"east": { "uv": [ 8.5, 9.5, 9, 10 ], "texture": "#texture3" }
			}
		},
		{
			"__comment": "Voxels-FF3A3A",
			"from": [ 8.25, 1, 6.75 ],
			"to": [ 9.75, 1.5, 7.25 ],
			"faces": {
				"down": { "uv": [ 10.5, 7.5, 12, 8 ], "texture": "#texture3" },
				"up": { "uv": [ 10.5, 8, 12, 8.5 ], "texture": "#voxel_palette" },
				"north": { "uv": [ 4, 9.5, 5.5, 10 ], "texture": "#texture3" },
				"south": { "uv": [ 10.5, 9.5, 12, 10 ], "texture": "#texture3" },
				"west": { "uv": [ 8, 9.5, 8.5, 10 ], "texture": "#texture3" },
				"east": { "uv": [ 7.5, 9.5, 8, 10 ], "texture": "#texture3" }
			}
		},
		{
			"__comment": "Voxels-FF3A3A",
			"from": [ 8.25, 1.5, 5.75 ],
			"to": [ 8.75, 2, 6.25 ],
			"faces": {
				"down": { "uv": [ 10.5, 8.5, 11, 9 ], "texture": "#texture3" },
				"up": { "uv": [ 10.5, 7, 11, 7.5 ], "texture": "#voxel_palette" },
				"north": { "uv": [ 5, 9, 5.5, 9.5 ], "texture": "#texture3" },
				"south": { "uv": [ 10.5, 9, 11, 9.5 ], "texture": "#texture3" },
				"west": { "uv": [ 7, 9, 7.5, 9.5 ], "texture": "#texture3" },
				"east": { "uv": [ 8.5, 9, 9, 9.5 ], "texture": "#texture3" }
			}
		},
		{
			"__comment": "Voxels-FF3A3A",
			"from": [ 8.25, 1.5, 6.75 ],
			"to": [ 8.75, 2, 7.25 ],
			"faces": {
				"down": { "uv": [ 10.5, 7.5, 11, 8 ], "texture": "#texture3" },
				"up": { "uv": [ 10.5, 8, 11, 8.5 ], "texture": "#voxel_palette" },
				"north": { "uv": [ 5, 9, 5.5, 9.5 ], "texture": "#texture3" },
				"south": { "uv": [ 10.5, 9, 11, 9.5 ], "texture": "#texture3" },
				"west": { "uv": [ 8, 9, 8.5, 9.5 ], "texture": "#texture3" },
				"east": { "uv": [ 7.5, 9, 8, 9.5 ], "texture": "#texture3" }
			}
		},
		{
			"__comment": "Voxels-FF3A3A",
			"from": [ 8.25, 2, 6.25 ],
			"to": [ 9.75, 2.5, 6.75 ],
			"faces": {
				"down": { "uv": [ 10.5, 8, 12, 8.5 ], "texture": "#texture3" },
				"up": { "uv": [ 10.5, 7.5, 12, 8 ], "texture": "#voxel_palette" },
				"north": { "uv": [ 4, 8.5, 5.5, 9 ], "texture": "#texture3" },
				"south": { "uv": [ 10.5, 8.5, 12, 9 ], "texture": "#texture3" },
				"west": { "uv": [ 7.5, 8.5, 8, 9 ], "texture": "#texture3" },
				"east": { "uv": [ 8, 8.5, 8.5, 9 ], "texture": "#texture3" }
			}
		},
		{
			"__comment": "Voxels-FF3A3A",
			"from": [ 8.75, -0.5, 6.25 ],
			"to": [ 9.25, 0.5, 6.75 ],
			"faces": {
				"down": { "uv": [ 11, 8, 11.5, 8.5 ], "texture": "#texture3" },
				"up": { "uv": [ 11, 7.5, 11.5, 8 ], "texture": "#voxel_palette" },
				"north": { "uv": [ 4.5, 10.5, 5, 11.5 ], "texture": "#texture3" },
				"south": { "uv": [ 11, 10.5, 11.5, 11.5 ], "texture": "#texture3" },
				"west": { "uv": [ 7.5, 10.5, 8, 11.5 ], "texture": "#texture3" },
				"east": { "uv": [ 8, 10.5, 8.5, 11.5 ], "texture": "#texture3" }
			}
		},
		{
			"__comment": "Voxels-FF3A3A",
			"from": [ 8.75, 0, 5.25 ],
			"to": [ 9.25, 0.5, 5.75 ],
			"faces": {
				"down": { "uv": [ 11, 9, 11.5, 9.5 ], "texture": "#texture3" },
				"up": { "uv": [ 11, 6.5, 11.5, 7 ], "texture": "#voxel_palette" },
				"north": { "uv": [ 4.5, 10.5, 5, 11 ], "texture": "#texture3" },
				"south": { "uv": [ 11, 10.5, 11.5, 11 ], "texture": "#texture3" },
				"west": { "uv": [ 6.5, 10.5, 7, 11 ], "texture": "#texture3" },
				"east": { "uv": [ 9, 10.5, 9.5, 11 ], "texture": "#texture3" }
			}
		},
		{
			"__comment": "Voxels-FF3A3A",
			"from": [ 8.75, 0, 7.25 ],
			"to": [ 9.25, 0.5, 7.75 ],
			"faces": {
				"down": { "uv": [ 11, 7, 11.5, 7.5 ], "texture": "#texture3" },
				"up": { "uv": [ 11, 8.5, 11.5, 9 ], "texture": "#voxel_palette" },
				"north": { "uv": [ 4.5, 10.5, 5, 11 ], "texture": "#texture3" },
				"south": { "uv": [ 11, 10.5, 11.5, 11 ], "texture": "#texture3" },
				"west": { "uv": [ 8.5, 10.5, 9, 11 ], "texture": "#texture3" },
				"east": { "uv": [ 7, 10.5, 7.5, 11 ], "texture": "#texture3" }
			}
		},
		{
			"__comment": "Voxels-FF3A3A",
			"from": [ 8.75, 0.5, 5.75 ],
			"to": [ 9.25, 1, 6.25 ],
			"faces": {
				"down": { "uv": [ 11, 8.5, 11.5, 9 ], "texture": "#texture3" },
				"up": { "uv": [ 11, 7, 11.5, 7.5 ], "texture": "#voxel_palette" },
				"north": { "uv": [ 4.5, 10, 5, 10.5 ], "texture": "#texture3" },
				"south": { "uv": [ 11, 10, 11.5, 10.5 ], "texture": "#texture3" },
				"west": { "uv": [ 7, 10, 7.5, 10.5 ], "texture": "#texture3" },
				"east": { "uv": [ 8.5, 10, 9, 10.5 ], "texture": "#texture3" }
			}
		},
		{
			"__comment": "Voxels-FF3A3A",
			"from": [ 8.75, 0.5, 6.75 ],
			"to": [ 9.25, 1, 7.25 ],
			"faces": {
				"down": { "uv": [ 11, 7.5, 11.5, 8 ], "texture": "#texture3" },
				"up": { "uv": [ 11, 8, 11.5, 8.5 ], "texture": "#voxel_palette" },
				"north": { "uv": [ 4.5, 10, 5, 10.5 ], "texture": "#texture3" },
				"south": { "uv": [ 11, 10, 11.5, 10.5 ], "texture": "#texture3" },
				"west": { "uv": [ 8, 10, 8.5, 10.5 ], "texture": "#texture3" },
				"east": { "uv": [ 7.5, 10, 8, 10.5 ], "texture": "#texture3" }
			}
		},
		{
			"__comment": "Voxels-FF3A3A",
			"from": [ 8.75, 1, 5.25 ],
			"to": [ 9.25, 1.5, 5.75 ],
			"faces": {
				"down": { "uv": [ 11, 9, 11.5, 9.5 ], "texture": "#texture3" },
				"up": { "uv": [ 11, 6.5, 11.5, 7 ], "texture": "#voxel_palette" },
				"north": { "uv": [ 4.5, 9.5, 5, 10 ], "texture": "#texture3" },
				"south": { "uv": [ 11, 9.5, 11.5, 10 ], "texture": "#texture3" },
				"west": { "uv": [ 6.5, 9.5, 7, 10 ], "texture": "#texture3" },
				"east": { "uv": [ 9, 9.5, 9.5, 10 ], "texture": "#texture3" }
			}
		},
		{
			"__comment": "Voxels-FF3A3A",
			"from": [ 8.75, 1, 7.25 ],
			"to": [ 9.25, 1.5, 7.75 ],
			"faces": {
				"down": { "uv": [ 11, 7, 11.5, 7.5 ], "texture": "#texture3" },
				"up": { "uv": [ 11, 8.5, 11.5, 9 ], "texture": "#voxel_palette" },
				"north": { "uv": [ 4.5, 9.5, 5, 10 ], "texture": "#texture3" },
				"south": { "uv": [ 11, 9.5, 11.5, 10 ], "texture": "#texture3" },
				"west": { "uv": [ 8.5, 9.5, 9, 10 ], "texture": "#texture3" },
				"east": { "uv": [ 7, 9.5, 7.5, 10 ], "texture": "#texture3" }
			}
		},
		{
			"__comment": "Voxels-FF3A3A",
			"from": [ 8.75, 1.5, 6.25 ],
			"to": [ 9.25, 2, 6.75 ],
			"faces": {
				"down": { "uv": [ 11, 8, 11.5, 8.5 ], "texture": "#texture3" },
				"up": { "uv": [ 11, 7.5, 11.5, 8 ], "texture": "#voxel_palette" },
				"north": { "uv": [ 4.5, 9, 5, 9.5 ], "texture": "#texture3" },
				"south": { "uv": [ 11, 9, 11.5, 9.5 ], "texture": "#texture3" },
				"west": { "uv": [ 7.5, 9, 8, 9.5 ], "texture": "#texture3" },
				"east": { "uv": [ 8, 9, 8.5, 9.5 ], "texture": "#texture3" }
			}
		},
		{
			"__comment": "Voxels-FF3A3A",
			"from": [ 8.75, 2, 5.75 ],
			"to": [ 9.25, 2.5, 6.25 ],
			"faces": {
				"down": { "uv": [ 11, 8.5, 11.5, 9 ], "texture": "#texture3" },
				"up": { "uv": [ 11, 7, 11.5, 7.5 ], "texture": "#voxel_palette" },
				"north": { "uv": [ 4.5, 8.5, 5, 9 ], "texture": "#texture3" },
				"south": { "uv": [ 11, 8.5, 11.5, 9 ], "texture": "#texture3" },
				"west": { "uv": [ 7, 8.5, 7.5, 9 ], "texture": "#texture3" },
				"east": { "uv": [ 8.5, 8.5, 9, 9 ], "texture": "#texture3" }
			}
		},
		{
			"__comment": "Voxels-FF3A3A",
			"from": [ 8.75, 2, 6.75 ],
			"to": [ 9.25, 2.5, 7.25 ],
			"faces": {
				"down": { "uv": [ 11, 7.5, 11.5, 8 ], "texture": "#texture3" },
				"up": { "uv": [ 11, 8, 11.5, 8.5 ], "texture": "#voxel_palette" },
				"north": { "uv": [ 4.5, 8.5, 5, 9 ], "texture": "#texture3" },
				"south": { "uv": [ 11, 8.5, 11.5, 9 ], "texture": "#texture3" },
				"west": { "uv": [ 8, 8.5, 8.5, 9 ], "texture": "#texture3" },
				"east": { "uv": [ 7.5, 8.5, 8, 9 ], "texture": "#texture3" }
			}
		},
		{
			"__comment": "Voxels-FF3A3A",
			"from": [ 8.75, 2.5, 6.25 ],
			"to": [ 9.25, 3, 6.75 ],
			"faces": {
				"down": { "uv": [ 11, 8, 11.5, 8.5 ], "texture": "#texture3" },
				"up": { "uv": [ 11, 7.5, 11.5, 8 ], "texture": "#voxel_palette" },
				"north": { "uv": [ 4.5, 8, 5, 8.5 ], "texture": "#texture3" },
				"south": { "uv": [ 11, 8, 11.5, 8.5 ], "texture": "#texture3" },
				"west": { "uv": [ 7.5, 8, 8, 8.5 ], "texture": "#texture3" },
				"east": { "uv": [ 8, 8, 8.5, 8.5 ], "texture": "#texture3" }
			}
		},
		{
			"__comment": "Voxels-FF3A3A",
			"from": [ 9.25, 1.5, 5.75 ],
			"to": [ 9.75, 2, 6.25 ],
			"faces": {
				"down": { "uv": [ 11.5, 8.5, 12, 9 ], "texture": "#texture3" },
				"up": { "uv": [ 11.5, 7, 12, 7.5 ], "texture": "#voxel_palette" },
				"north": { "uv": [ 4, 9, 4.5, 9.5 ], "texture": "#texture3" },
				"south": { "uv": [ 11.5, 9, 12, 9.5 ], "texture": "#texture3" },
				"west": { "uv": [ 7, 9, 7.5, 9.5 ], "texture": "#texture3" },
				"east": { "uv": [ 8.5, 9, 9, 9.5 ], "texture": "#texture3" }
			}
		},
		{
			"__comment": "Voxels-FF3A3A",
			"from": [ 9.25, 1.5, 6.75 ],
			"to": [ 9.75, 2, 7.25 ],
			"faces": {
				"down": { "uv": [ 11.5, 7.5, 12, 8 ], "texture": "#texture3" },
				"up": { "uv": [ 11.5, 8, 12, 8.5 ], "texture": "#voxel_palette" },
				"north": { "uv": [ 4, 9, 4.5, 9.5 ], "texture": "#texture3" },
				"south": { "uv": [ 11.5, 9, 12, 9.5 ], "texture": "#texture3" },
				"west": { "uv": [ 8, 9, 8.5, 9.5 ], "texture": "#texture3" },
				"east": { "uv": [ 7.5, 9, 8, 9.5 ], "texture": "#texture3" }
			}
		},
		{
			"__comment": "Voxels-FF3A3A",
			"from": [ 7.75, 0, 6.25 ],
			"to": [ 10.25, 0.5, 6.75 ],
			"faces": {
				"down": { "uv": [ 10, 8, 12.5, 8.5 ], "texture": "#texture3" },
				"up": { "uv": [ 10, 7.5, 12.5, 8 ], "texture": "#voxel_palette" },
				"north": { "uv": [ 3.5, 10.5, 6, 11 ], "texture": "#texture3" },
				"south": { "uv": [ 10, 10.5, 12.5, 11 ], "texture": "#texture3" },
				"west": { "uv": [ 7.5, 10.5, 8, 11 ], "texture": "#texture3" },
				"east": { "uv": [ 8, 10.5, 8.5, 11 ], "texture": "#texture3" }
			}
		},
		{
			"__comment": "Voxels-FF3A3A",
			"from": [ 7.75, 1, 6.25 ],
			"to": [ 10.25, 1.5, 6.75 ],
			"faces": {
				"down": { "uv": [ 10, 8, 12.5, 8.5 ], "texture": "#texture3" },
				"up": { "uv": [ 10, 7.5, 12.5, 8 ], "texture": "#voxel_palette" },
				"north": { "uv": [ 3.5, 9.5, 6, 10 ], "texture": "#texture3" },
				"south": { "uv": [ 10, 9.5, 12.5, 10 ], "texture": "#texture3" },
				"west": { "uv": [ 7.5, 9.5, 8, 10 ], "texture": "#texture3" },
				"east": { "uv": [ 8, 9.5, 8.5, 10 ], "texture": "#texture3" }
			}
		},
		{
			"__comment": "Voxels-FF3A3A",
			"from": [ 8.25, 0, 5.75 ],
			"to": [ 9.75, 0.5, 6.25 ],
			"faces": {
				"down": { "uv": [ 10.5, 8.5, 12, 9 ], "texture": "#texture3" },
				"up": { "uv": [ 10.5, 7, 12, 7.5 ], "texture": "#voxel_palette" },
				"north": { "uv": [ 4, 10.5, 5.5, 11 ], "texture": "#texture3" },
				"south": { "uv": [ 10.5, 10.5, 12, 11 ], "texture": "#texture3" },
				"west": { "uv": [ 7, 10.5, 7.5, 11 ], "texture": "#texture3" },
				"east": { "uv": [ 8.5, 10.5, 9, 11 ], "texture": "#texture3" }
			}
		},
		{
			"__comment": "Voxels-FF3A3A",
			"from": [ 8.25, 0.5, 6.25 ],
			"to": [ 9.75, 1, 6.75 ],
			"faces": {
				"down": { "uv": [ 10.5, 8, 12, 8.5 ], "texture": "#texture3" },
				"up": { "uv": [ 10.5, 7.5, 12, 8 ], "texture": "#voxel_palette" },
				"north": { "uv": [ 4, 10, 5.5, 10.5 ], "texture": "#texture3" },
				"south": { "uv": [ 10.5, 10, 12, 10.5 ], "texture": "#texture3" },
				"west": { "uv": [ 7.5, 10, 8, 10.5 ], "texture": "#texture3" },
				"east": { "uv": [ 8, 10, 8.5, 10.5 ], "texture": "#texture3" }
			}
		},
		{
			"__comment": "Voxels-FF3A3A",
			"from": [ 8.25, 1, 5.75 ],
			"to": [ 9.75, 1.5, 6.25 ],
			"faces": {
				"down": { "uv": [ 10.5, 8.5, 12, 9 ], "texture": "#texture3" },
				"up": { "uv": [ 10.5, 7, 12, 7.5 ], "texture": "#voxel_palette" },
				"north": { "uv": [ 4, 9.5, 5.5, 10 ], "texture": "#texture3" },
				"south": { "uv": [ 10.5, 9.5, 12, 10 ], "texture": "#texture3" },
				"west": { "uv": [ 7, 9.5, 7.5, 10 ], "texture": "#texture3" },
				"east": { "uv": [ 8.5, 9.5, 9, 10 ], "texture": "#texture3" }
			}
		},
		{
			"__comment": "Voxels-FF3A3A",
			"from": [ 8.25, 1.5, 5.75 ],
			"to": [ 8.75, 2, 6.25 ],
			"faces": {
				"down": { "uv": [ 10.5, 8.5, 11, 9 ], "texture": "#texture3" },
				"up": { "uv": [ 10.5, 7, 11, 7.5 ], "texture": "#voxel_palette" },
				"north": { "uv": [ 5, 9, 5.5, 9.5 ], "texture": "#texture3" },
				"south": { "uv": [ 10.5, 9, 11, 9.5 ], "texture": "#texture3" },
				"west": { "uv": [ 7, 9, 7.5, 9.5 ], "texture": "#texture3" },
				"east": { "uv": [ 8.5, 9, 9, 9.5 ], "texture": "#texture3" }
			}
		},
		{
			"__comment": "Voxels-FF3A3A",
			"from": [ 8.25, 2, 6.25 ],
			"to": [ 9.75, 2.5, 6.75 ],
			"faces": {
				"down": { "uv": [ 10.5, 8, 12, 8.5 ], "texture": "#texture3" },
				"up": { "uv": [ 10.5, 7.5, 12, 8 ], "texture": "#voxel_palette" },
				"north": { "uv": [ 4, 8.5, 5.5, 9 ], "texture": "#texture3" },
				"south": { "uv": [ 10.5, 8.5, 12, 9 ], "texture": "#texture3" },
				"west": { "uv": [ 7.5, 8.5, 8, 9 ], "texture": "#texture3" },
				"east": { "uv": [ 8, 8.5, 8.5, 9 ], "texture": "#texture3" }
			}
		},
		{
			"__comment": "Voxels-FF3A3A",
			"from": [ 8.75, -0.5, 6.25 ],
			"to": [ 9.25, 0.5, 6.75 ],
			"faces": {
				"down": { "uv": [ 11, 8, 11.5, 8.5 ], "texture": "#texture3" },
				"up": { "uv": [ 11, 7.5, 11.5, 8 ], "texture": "#voxel_palette" },
				"north": { "uv": [ 4.5, 10.5, 5, 11.5 ], "texture": "#texture3" },
				"south": { "uv": [ 11, 10.5, 11.5, 11.5 ], "texture": "#texture3" },
				"west": { "uv": [ 7.5, 10.5, 8, 11.5 ], "texture": "#texture3" },
				"east": { "uv": [ 8, 10.5, 8.5, 11.5 ], "texture": "#texture3" }
			}
		},
		{
			"__comment": "Voxels-FF3A3A",
			"from": [ 8.75, 0, 5.25 ],
			"to": [ 9.25, 0.5, 5.75 ],
			"faces": {
				"down": { "uv": [ 11, 9, 11.5, 9.5 ], "texture": "#texture3" },
				"up": { "uv": [ 11, 6.5, 11.5, 7 ], "texture": "#voxel_palette" },
				"north": { "uv": [ 4.5, 10.5, 5, 11 ], "texture": "#texture3" },
				"south": { "uv": [ 11, 10.5, 11.5, 11 ], "texture": "#texture3" },
				"west": { "uv": [ 6.5, 10.5, 7, 11 ], "texture": "#texture3" },
				"east": { "uv": [ 9, 10.5, 9.5, 11 ], "texture": "#texture3" }
			}
		},
		{
			"__comment": "Voxels-FF3A3A",
			"from": [ 8.75, 0.5, 5.75 ],
			"to": [ 9.25, 1, 6.25 ],
			"faces": {
				"down": { "uv": [ 11, 8.5, 11.5, 9 ], "texture": "#texture3" },
				"up": { "uv": [ 11, 7, 11.5, 7.5 ], "texture": "#voxel_palette" },
				"north": { "uv": [ 4.5, 10, 5, 10.5 ], "texture": "#texture3" },
				"south": { "uv": [ 11, 10, 11.5, 10.5 ], "texture": "#texture3" },
				"west": { "uv": [ 7, 10, 7.5, 10.5 ], "texture": "#texture3" },
				"east": { "uv": [ 8.5, 10, 9, 10.5 ], "texture": "#texture3" }
			}
		},
		{
			"__comment": "Voxels-FF3A3A",
			"from": [ 8.75, 1, 5.25 ],
			"to": [ 9.25, 1.5, 5.75 ],
			"faces": {
				"down": { "uv": [ 11, 9, 11.5, 9.5 ], "texture": "#texture3" },
				"up": { "uv": [ 11, 6.5, 11.5, 7 ], "texture": "#voxel_palette" },
				"north": { "uv": [ 4.5, 9.5, 5, 10 ], "texture": "#texture3" },
				"south": { "uv": [ 11, 9.5, 11.5, 10 ], "texture": "#texture3" },
				"west": { "uv": [ 6.5, 9.5, 7, 10 ], "texture": "#texture3" },
				"east": { "uv": [ 9, 9.5, 9.5, 10 ], "texture": "#texture3" }
			}
		},
		{
			"__comment": "Voxels-FF3A3A",
			"from": [ 8.75, 1.5, 6.25 ],
			"to": [ 9.25, 2, 6.75 ],
			"faces": {
				"down": { "uv": [ 11, 8, 11.5, 8.5 ], "texture": "#texture3" },
				"up": { "uv": [ 11, 7.5, 11.5, 8 ], "texture": "#voxel_palette" },
				"north": { "uv": [ 4.5, 9, 5, 9.5 ], "texture": "#texture3" },
				"south": { "uv": [ 11, 9, 11.5, 9.5 ], "texture": "#texture3" },
				"west": { "uv": [ 7.5, 9, 8, 9.5 ], "texture": "#texture3" },
				"east": { "uv": [ 8, 9, 8.5, 9.5 ], "texture": "#texture3" }
			}
		},
		{
			"__comment": "Voxels-FF3A3A",
			"from": [ 8.75, 2, 5.75 ],
			"to": [ 9.25, 2.5, 6.25 ],
			"faces": {
				"down": { "uv": [ 11, 8.5, 11.5, 9 ], "texture": "#texture3" },
				"up": { "uv": [ 11, 7, 11.5, 7.5 ], "texture": "#voxel_palette" },
				"north": { "uv": [ 4.5, 8.5, 5, 9 ], "texture": "#texture3" },
				"south": { "uv": [ 11, 8.5, 11.5, 9 ], "texture": "#texture3" },
				"west": { "uv": [ 7, 8.5, 7.5, 9 ], "texture": "#texture3" },
				"east": { "uv": [ 8.5, 8.5, 9, 9 ], "texture": "#texture3" }
			}
		},
		{
			"__comment": "Voxels-FF3A3A",
			"from": [ 8.75, 2.5, 6.25 ],
			"to": [ 9.25, 3, 6.75 ],
			"faces": {
				"down": { "uv": [ 11, 8, 11.5, 8.5 ], "texture": "#texture3" },
				"up": { "uv": [ 11, 7.5, 11.5, 8 ], "texture": "#voxel_palette" },
				"north": { "uv": [ 4.5, 8, 5, 8.5 ], "texture": "#texture3" },
				"south": { "uv": [ 11, 8, 11.5, 8.5 ], "texture": "#texture3" },
				"west": { "uv": [ 7.5, 8, 8, 8.5 ], "texture": "#texture3" },
				"east": { "uv": [ 8, 8, 8.5, 8.5 ], "texture": "#texture3" }
			}
		},
		{
			"__comment": "Voxels-FF3A3A",
			"from": [ 8.25, 0, 6.75 ],
			"to": [ 9.75, 0.5, 7.25 ],
			"faces": {
				"down": { "uv": [ 10.5, 7.5, 12, 8 ], "texture": "#texture3" },
				"up": { "uv": [ 10.5, 8, 12, 8.5 ], "texture": "#voxel_palette" },
				"north": { "uv": [ 4, 10.5, 5.5, 11 ], "texture": "#texture3" },
				"south": { "uv": [ 10.5, 10.5, 12, 11 ], "texture": "#texture3" },
				"west": { "uv": [ 8, 10.5, 8.5, 11 ], "texture": "#texture3" },
				"east": { "uv": [ 7.5, 10.5, 8, 11 ], "texture": "#texture3" }
			}
		},
		{
			"__comment": "Voxels-FF3A3A",
			"from": [ 8.25, 1, 6.75 ],
			"to": [ 9.75, 1.5, 7.25 ],
			"faces": {
				"down": { "uv": [ 10.5, 7.5, 12, 8 ], "texture": "#texture3" },
				"up": { "uv": [ 10.5, 8, 12, 8.5 ], "texture": "#voxel_palette" },
				"north": { "uv": [ 4, 9.5, 5.5, 10 ], "texture": "#texture3" },
				"south": { "uv": [ 10.5, 9.5, 12, 10 ], "texture": "#texture3" },
				"west": { "uv": [ 8, 9.5, 8.5, 10 ], "texture": "#texture3" },
				"east": { "uv": [ 7.5, 9.5, 8, 10 ], "texture": "#texture3" }
			}
		},
		{
			"__comment": "Voxels-FF3A3A",
			"from": [ 8.25, 1.5, 6.75 ],
			"to": [ 8.75, 2, 7.25 ],
			"faces": {
				"down": { "uv": [ 10.5, 7.5, 11, 8 ], "texture": "#texture3" },
				"up": { "uv": [ 10.5, 8, 11, 8.5 ], "texture": "#voxel_palette" },
				"north": { "uv": [ 5, 9, 5.5, 9.5 ], "texture": "#texture3" },
				"south": { "uv": [ 10.5, 9, 11, 9.5 ], "texture": "#texture3" },
				"west": { "uv": [ 8, 9, 8.5, 9.5 ], "texture": "#texture3" },
				"east": { "uv": [ 7.5, 9, 8, 9.5 ], "texture": "#texture3" }
			}
		},
		{
			"__comment": "Voxels-FF3A3A",
			"from": [ 8.75, 0, 7.25 ],
			"to": [ 9.25, 0.5, 7.75 ],
			"faces": {
				"down": { "uv": [ 11, 7, 11.5, 7.5 ], "texture": "#texture3" },
				"up": { "uv": [ 11, 8.5, 11.5, 9 ], "texture": "#voxel_palette" },
				"north": { "uv": [ 4.5, 10.5, 5, 11 ], "texture": "#texture3" },
				"south": { "uv": [ 11, 10.5, 11.5, 11 ], "texture": "#texture3" },
				"west": { "uv": [ 8.5, 10.5, 9, 11 ], "texture": "#texture3" },
				"east": { "uv": [ 7, 10.5, 7.5, 11 ], "texture": "#texture3" }
			}
		},
		{
			"__comment": "Voxels-FF3A3A",
			"from": [ 8.75, 0.5, 6.75 ],
			"to": [ 9.25, 1, 7.25 ],
			"faces": {
				"down": { "uv": [ 11, 7.5, 11.5, 8 ], "texture": "#texture3" },
				"up": { "uv": [ 11, 8, 11.5, 8.5 ], "texture": "#voxel_palette" },
				"north": { "uv": [ 4.5, 10, 5, 10.5 ], "texture": "#texture3" },
				"south": { "uv": [ 11, 10, 11.5, 10.5 ], "texture": "#texture3" },
				"west": { "uv": [ 8, 10, 8.5, 10.5 ], "texture": "#texture3" },
				"east": { "uv": [ 7.5, 10, 8, 10.5 ], "texture": "#texture3" }
			}
		},
		{
			"__comment": "Voxels-FF3A3A",
			"from": [ 8.75, 1, 7.25 ],
			"to": [ 9.25, 1.5, 7.75 ],
			"faces": {
				"down": { "uv": [ 11, 7, 11.5, 7.5 ], "texture": "#texture3" },
				"up": { "uv": [ 11, 8.5, 11.5, 9 ], "texture": "#voxel_palette" },
				"north": { "uv": [ 4.5, 9.5, 5, 10 ], "texture": "#texture3" },
				"south": { "uv": [ 11, 9.5, 11.5, 10 ], "texture": "#texture3" },
				"west": { "uv": [ 8.5, 9.5, 9, 10 ], "texture": "#texture3" },
				"east": { "uv": [ 7, 9.5, 7.5, 10 ], "texture": "#texture3" }
			}
		},
		{
			"__comment": "Voxels-FF3A3A",
			"from": [ 8.75, 2, 6.75 ],
			"to": [ 9.25, 2.5, 7.25 ],
			"faces": {
				"down": { "uv": [ 11, 7.5, 11.5, 8 ], "texture": "#texture3" },
				"up": { "uv": [ 11, 8, 11.5, 8.5 ], "texture": "#voxel_palette" },
				"north": { "uv": [ 4.5, 8.5, 5, 9 ], "texture": "#texture3" },
				"south": { "uv": [ 11, 8.5, 11.5, 9 ], "texture": "#texture3" },
				"west": { "uv": [ 8, 8.5, 8.5, 9 ], "texture": "#texture3" },
				"east": { "uv": [ 7.5, 8.5, 8, 9 ], "texture": "#texture3" }
			}
		},
		{
			"__comment": "Voxels-FF3A3A",
			"from": [ 9.25, 1.5, 5.75 ],
			"to": [ 9.75, 2, 6.25 ],
			"faces": {
				"down": { "uv": [ 11.5, 8.5, 12, 9 ], "texture": "#texture3" },
				"up": { "uv": [ 11.5, 7, 12, 7.5 ], "texture": "#voxel_palette" },
				"north": { "uv": [ 4, 9, 4.5, 9.5 ], "texture": "#texture3" },
				"south": { "uv": [ 11.5, 9, 12, 9.5 ], "texture": "#texture3" },
				"west": { "uv": [ 7, 9, 7.5, 9.5 ], "texture": "#texture3" },
				"east": { "uv": [ 8.5, 9, 9, 9.5 ], "texture": "#texture3" }
			}
		},
		{
			"__comment": "Voxels-FF3A3A",
			"from": [ 9.25, 1.5, 6.75 ],
			"to": [ 9.75, 2, 7.25 ],
			"faces": {
				"down": { "uv": [ 11.5, 7.5, 12, 8 ], "texture": "#texture3" },
				"up": { "uv": [ 11.5, 8, 12, 8.5 ], "texture": "#voxel_palette" },
				"north": { "uv": [ 4, 9, 4.5, 9.5 ], "texture": "#texture3" },
				"south": { "uv": [ 11.5, 9, 12, 9.5 ], "texture": "#texture3" },
				"west": { "uv": [ 8, 9, 8.5, 9.5 ], "texture": "#texture3" },
				"east": { "uv": [ 7.5, 9, 8, 9.5 ], "texture": "#texture3" }
			}
		},
		{
			"__comment": "Voxels-FF3A3A",
			"from": [ 5.25, 0, 7.5 ],
			"to": [ 7.75, 0.5, 8 ],
			"faces": {
				"down": { "uv": [ 10, 8, 12.5, 8.5 ], "texture": "#texture3" },
				"up": { "uv": [ 10, 7.5, 12.5, 8 ], "texture": "#voxel_palette" },
				"north": { "uv": [ 3.5, 10.5, 6, 11 ], "texture": "#texture3" },
				"south": { "uv": [ 10, 10.5, 12.5, 11 ], "texture": "#texture3" },
				"west": { "uv": [ 7.5, 10.5, 8, 11 ], "texture": "#texture3" },
				"east": { "uv": [ 8, 10.5, 8.5, 11 ], "texture": "#texture3" }
			}
		},
		{
			"__comment": "Voxels-FF3A3A",
			"from": [ 5.25, 1, 7.5 ],
			"to": [ 7.75, 1.5, 8 ],
			"faces": {
				"down": { "uv": [ 10, 8, 12.5, 8.5 ], "texture": "#texture3" },
				"up": { "uv": [ 10, 7.5, 12.5, 8 ], "texture": "#voxel_palette" },
				"north": { "uv": [ 3.5, 9.5, 6, 10 ], "texture": "#texture3" },
				"south": { "uv": [ 10, 9.5, 12.5, 10 ], "texture": "#texture3" },
				"west": { "uv": [ 7.5, 9.5, 8, 10 ], "texture": "#texture3" },
				"east": { "uv": [ 8, 9.5, 8.5, 10 ], "texture": "#texture3" }
			}
		},
		{
			"__comment": "Voxels-FF3A3A",
			"from": [ 5.75, 0, 7 ],
			"to": [ 7.25, 0.5, 7.5 ],
			"faces": {
				"down": { "uv": [ 10.5, 8.5, 12, 9 ], "texture": "#texture3" },
				"up": { "uv": [ 10.5, 7, 12, 7.5 ], "texture": "#voxel_palette" },
				"north": { "uv": [ 4, 10.5, 5.5, 11 ], "texture": "#texture3" },
				"south": { "uv": [ 10.5, 10.5, 12, 11 ], "texture": "#texture3" },
				"west": { "uv": [ 7, 10.5, 7.5, 11 ], "texture": "#texture3" },
				"east": { "uv": [ 8.5, 10.5, 9, 11 ], "texture": "#texture3" }
			}
		},
		{
			"__comment": "Voxels-FF3A3A",
			"from": [ 5.75, 0.5, 7.5 ],
			"to": [ 7.25, 1, 8 ],
			"faces": {
				"down": { "uv": [ 10.5, 8, 12, 8.5 ], "texture": "#texture3" },
				"up": { "uv": [ 10.5, 7.5, 12, 8 ], "texture": "#voxel_palette" },
				"north": { "uv": [ 4, 10, 5.5, 10.5 ], "texture": "#texture3" },
				"south": { "uv": [ 10.5, 10, 12, 10.5 ], "texture": "#texture3" },
				"west": { "uv": [ 7.5, 10, 8, 10.5 ], "texture": "#texture3" },
				"east": { "uv": [ 8, 10, 8.5, 10.5 ], "texture": "#texture3" }
			}
		},
		{
			"__comment": "Voxels-FF3A3A",
			"from": [ 5.75, 1, 7 ],
			"to": [ 7.25, 1.5, 7.5 ],
			"faces": {
				"down": { "uv": [ 10.5, 8.5, 12, 9 ], "texture": "#texture3" },
				"up": { "uv": [ 10.5, 7, 12, 7.5 ], "texture": "#voxel_palette" },
				"north": { "uv": [ 4, 9.5, 5.5, 10 ], "texture": "#texture3" },
				"south": { "uv": [ 10.5, 9.5, 12, 10 ], "texture": "#texture3" },
				"west": { "uv": [ 7, 9.5, 7.5, 10 ], "texture": "#texture3" },
				"east": { "uv": [ 8.5, 9.5, 9, 10 ], "texture": "#texture3" }
			}
		},
		{
			"__comment": "Voxels-FF3A3A",
			"from": [ 5.75, 1.5, 7 ],
			"to": [ 6.25, 2, 7.5 ],
			"faces": {
				"down": { "uv": [ 10.5, 8.5, 11, 9 ], "texture": "#texture3" },
				"up": { "uv": [ 10.5, 7, 11, 7.5 ], "texture": "#voxel_palette" },
				"north": { "uv": [ 5, 9, 5.5, 9.5 ], "texture": "#texture3" },
				"south": { "uv": [ 10.5, 9, 11, 9.5 ], "texture": "#texture3" },
				"west": { "uv": [ 7, 9, 7.5, 9.5 ], "texture": "#texture3" },
				"east": { "uv": [ 8.5, 9, 9, 9.5 ], "texture": "#texture3" }
			}
		},
		{
			"__comment": "Voxels-FF3A3A",
			"from": [ 5.75, 2, 7.5 ],
			"to": [ 7.25, 2.5, 8 ],
			"faces": {
				"down": { "uv": [ 10.5, 8, 12, 8.5 ], "texture": "#texture3" },
				"up": { "uv": [ 10.5, 7.5, 12, 8 ], "texture": "#voxel_palette" },
				"north": { "uv": [ 4, 8.5, 5.5, 9 ], "texture": "#texture3" },
				"south": { "uv": [ 10.5, 8.5, 12, 9 ], "texture": "#texture3" },
				"west": { "uv": [ 7.5, 8.5, 8, 9 ], "texture": "#texture3" },
				"east": { "uv": [ 8, 8.5, 8.5, 9 ], "texture": "#texture3" }
			}
		},
		{
			"__comment": "Voxels-FF3A3A",
			"from": [ 6.25, -0.5, 7.5 ],
			"to": [ 6.75, 0.5, 8 ],
			"faces": {
				"down": { "uv": [ 11, 8, 11.5, 8.5 ], "texture": "#texture3" },
				"up": { "uv": [ 11, 7.5, 11.5, 8 ], "texture": "#voxel_palette" },
				"north": { "uv": [ 4.5, 10.5, 5, 11.5 ], "texture": "#texture3" },
				"south": { "uv": [ 11, 10.5, 11.5, 11.5 ], "texture": "#texture3" },
				"west": { "uv": [ 7.5, 10.5, 8, 11.5 ], "texture": "#texture3" },
				"east": { "uv": [ 8, 10.5, 8.5, 11.5 ], "texture": "#texture3" }
			}
		},
		{
			"__comment": "Voxels-FF3A3A",
			"from": [ 6.25, 0, 6.5 ],
			"to": [ 6.75, 0.5, 7 ],
			"faces": {
				"down": { "uv": [ 11, 9, 11.5, 9.5 ], "texture": "#texture3" },
				"up": { "uv": [ 11, 6.5, 11.5, 7 ], "texture": "#voxel_palette" },
				"north": { "uv": [ 4.5, 10.5, 5, 11 ], "texture": "#texture3" },
				"south": { "uv": [ 11, 10.5, 11.5, 11 ], "texture": "#texture3" },
				"west": { "uv": [ 6.5, 10.5, 7, 11 ], "texture": "#texture3" },
				"east": { "uv": [ 9, 10.5, 9.5, 11 ], "texture": "#texture3" }
			}
		},
		{
			"__comment": "Voxels-FF3A3A",
			"from": [ 6.25, 0.5, 7 ],
			"to": [ 6.75, 1, 7.5 ],
			"faces": {
				"down": { "uv": [ 11, 8.5, 11.5, 9 ], "texture": "#texture3" },
				"up": { "uv": [ 11, 7, 11.5, 7.5 ], "texture": "#voxel_palette" },
				"north": { "uv": [ 4.5, 10, 5, 10.5 ], "texture": "#texture3" },
				"south": { "uv": [ 11, 10, 11.5, 10.5 ], "texture": "#texture3" },
				"west": { "uv": [ 7, 10, 7.5, 10.5 ], "texture": "#texture3" },
				"east": { "uv": [ 8.5, 10, 9, 10.5 ], "texture": "#texture3" }
			}
		},
		{
			"__comment": "Voxels-FF3A3A",
			"from": [ 6.25, 1, 6.5 ],
			"to": [ 6.75, 1.5, 7 ],
			"faces": {
				"down": { "uv": [ 11, 9, 11.5, 9.5 ], "texture": "#texture3" },
				"up": { "uv": [ 11, 6.5, 11.5, 7 ], "texture": "#voxel_palette" },
				"north": { "uv": [ 4.5, 9.5, 5, 10 ], "texture": "#texture3" },
				"south": { "uv": [ 11, 9.5, 11.5, 10 ], "texture": "#texture3" },
				"west": { "uv": [ 6.5, 9.5, 7, 10 ], "texture": "#texture3" },
				"east": { "uv": [ 9, 9.5, 9.5, 10 ], "texture": "#texture3" }
			}
		},
		{
			"__comment": "Voxels-FF3A3A",
			"from": [ 6.25, 1.5, 7.5 ],
			"to": [ 6.75, 2, 8 ],
			"faces": {
				"down": { "uv": [ 11, 8, 11.5, 8.5 ], "texture": "#texture3" },
				"up": { "uv": [ 11, 7.5, 11.5, 8 ], "texture": "#voxel_palette" },
				"north": { "uv": [ 4.5, 9, 5, 9.5 ], "texture": "#texture3" },
				"south": { "uv": [ 11, 9, 11.5, 9.5 ], "texture": "#texture3" },
				"west": { "uv": [ 7.5, 9, 8, 9.5 ], "texture": "#texture3" },
				"east": { "uv": [ 8, 9, 8.5, 9.5 ], "texture": "#texture3" }
			}
		},
		{
			"__comment": "Voxels-FF3A3A",
			"from": [ 6.25, 2, 7 ],
			"to": [ 6.75, 2.5, 7.5 ],
			"faces": {
				"down": { "uv": [ 11, 8.5, 11.5, 9 ], "texture": "#texture3" },
				"up": { "uv": [ 11, 7, 11.5, 7.5 ], "texture": "#voxel_palette" },
				"north": { "uv": [ 4.5, 8.5, 5, 9 ], "texture": "#texture3" },
				"south": { "uv": [ 11, 8.5, 11.5, 9 ], "texture": "#texture3" },
				"west": { "uv": [ 7, 8.5, 7.5, 9 ], "texture": "#texture3" },
				"east": { "uv": [ 8.5, 8.5, 9, 9 ], "texture": "#texture3" }
			}
		},
		{
			"__comment": "Voxels-FF3A3A",
			"from": [ 6.25, 2.5, 7.5 ],
			"to": [ 6.75, 3, 8 ],
			"faces": {
				"down": { "uv": [ 11, 8, 11.5, 8.5 ], "texture": "#texture3" },
				"up": { "uv": [ 11, 7.5, 11.5, 8 ], "texture": "#voxel_palette" },
				"north": { "uv": [ 4.5, 8, 5, 8.5 ], "texture": "#texture3" },
				"south": { "uv": [ 11, 8, 11.5, 8.5 ], "texture": "#texture3" },
				"west": { "uv": [ 7.5, 8, 8, 8.5 ], "texture": "#texture3" },
				"east": { "uv": [ 8, 8, 8.5, 8.5 ], "texture": "#texture3" }
			}
		},
		{
			"__comment": "Voxels-FF3A3A",
			"from": [ 5.75, 0, 8 ],
			"to": [ 7.25, 0.5, 8.5 ],
			"faces": {
				"down": { "uv": [ 10.5, 7.5, 12, 8 ], "texture": "#texture3" },
				"up": { "uv": [ 10.5, 8, 12, 8.5 ], "texture": "#voxel_palette" },
				"north": { "uv": [ 4, 10.5, 5.5, 11 ], "texture": "#texture3" },
				"south": { "uv": [ 10.5, 10.5, 12, 11 ], "texture": "#texture3" },
				"west": { "uv": [ 8, 10.5, 8.5, 11 ], "texture": "#texture3" },
				"east": { "uv": [ 7.5, 10.5, 8, 11 ], "texture": "#texture3" }
			}
		},
		{
			"__comment": "Voxels-FF3A3A",
			"from": [ 5.75, 1, 8 ],
			"to": [ 7.25, 1.5, 8.5 ],
			"faces": {
				"down": { "uv": [ 10.5, 7.5, 12, 8 ], "texture": "#texture3" },
				"up": { "uv": [ 10.5, 8, 12, 8.5 ], "texture": "#voxel_palette" },
				"north": { "uv": [ 4, 9.5, 5.5, 10 ], "texture": "#texture3" },
				"south": { "uv": [ 10.5, 9.5, 12, 10 ], "texture": "#texture3" },
				"west": { "uv": [ 8, 9.5, 8.5, 10 ], "texture": "#texture3" },
				"east": { "uv": [ 7.5, 9.5, 8, 10 ], "texture": "#texture3" }
			}
		},
		{
			"__comment": "Voxels-FF3A3A",
			"from": [ 5.75, 1.5, 8 ],
			"to": [ 6.25, 2, 8.5 ],
			"faces": {
				"down": { "uv": [ 10.5, 7.5, 11, 8 ], "texture": "#texture3" },
				"up": { "uv": [ 10.5, 8, 11, 8.5 ], "texture": "#voxel_palette" },
				"north": { "uv": [ 5, 9, 5.5, 9.5 ], "texture": "#texture3" },
				"south": { "uv": [ 10.5, 9, 11, 9.5 ], "texture": "#texture3" },
				"west": { "uv": [ 8, 9, 8.5, 9.5 ], "texture": "#texture3" },
				"east": { "uv": [ 7.5, 9, 8, 9.5 ], "texture": "#texture3" }
			}
		},
		{
			"__comment": "Voxels-FF3A3A",
			"from": [ 6.25, 0, 8.5 ],
			"to": [ 6.75, 0.5, 9 ],
			"faces": {
				"down": { "uv": [ 11, 7, 11.5, 7.5 ], "texture": "#texture3" },
				"up": { "uv": [ 11, 8.5, 11.5, 9 ], "texture": "#voxel_palette" },
				"north": { "uv": [ 4.5, 10.5, 5, 11 ], "texture": "#texture3" },
				"south": { "uv": [ 11, 10.5, 11.5, 11 ], "texture": "#texture3" },
				"west": { "uv": [ 8.5, 10.5, 9, 11 ], "texture": "#texture3" },
				"east": { "uv": [ 7, 10.5, 7.5, 11 ], "texture": "#texture3" }
			}
		},
		{
			"__comment": "Voxels-FF3A3A",
			"from": [ 6.25, 0.5, 8 ],
			"to": [ 6.75, 1, 8.5 ],
			"faces": {
				"down": { "uv": [ 11, 7.5, 11.5, 8 ], "texture": "#texture3" },
				"up": { "uv": [ 11, 8, 11.5, 8.5 ], "texture": "#voxel_palette" },
				"north": { "uv": [ 4.5, 10, 5, 10.5 ], "texture": "#texture3" },
				"south": { "uv": [ 11, 10, 11.5, 10.5 ], "texture": "#texture3" },
				"west": { "uv": [ 8, 10, 8.5, 10.5 ], "texture": "#texture3" },
				"east": { "uv": [ 7.5, 10, 8, 10.5 ], "texture": "#texture3" }
			}
		},
		{
			"__comment": "Voxels-FF3A3A",
			"from": [ 6.25, 1, 8.5 ],
			"to": [ 6.75, 1.5, 9 ],
			"faces": {
				"down": { "uv": [ 11, 7, 11.5, 7.5 ], "texture": "#texture3" },
				"up": { "uv": [ 11, 8.5, 11.5, 9 ], "texture": "#voxel_palette" },
				"north": { "uv": [ 4.5, 9.5, 5, 10 ], "texture": "#texture3" },
				"south": { "uv": [ 11, 9.5, 11.5, 10 ], "texture": "#texture3" },
				"west": { "uv": [ 8.5, 9.5, 9, 10 ], "texture": "#texture3" },
				"east": { "uv": [ 7, 9.5, 7.5, 10 ], "texture": "#texture3" }
			}
		},
		{
			"__comment": "Voxels-FF3A3A",
			"from": [ 6.25, 2, 8 ],
			"to": [ 6.75, 2.5, 8.5 ],
			"faces": {
				"down": { "uv": [ 11, 7.5, 11.5, 8 ], "texture": "#texture3" },
				"up": { "uv": [ 11, 8, 11.5, 8.5 ], "texture": "#voxel_palette" },
				"north": { "uv": [ 4.5, 8.5, 5, 9 ], "texture": "#texture3" },
				"south": { "uv": [ 11, 8.5, 11.5, 9 ], "texture": "#texture3" },
				"west": { "uv": [ 8, 8.5, 8.5, 9 ], "texture": "#texture3" },
				"east": { "uv": [ 7.5, 8.5, 8, 9 ], "texture": "#texture3" }
			}
		},
		{
			"__comment": "Voxels-FF3A3A",
			"from": [ 6.75, 1.5, 7 ],
			"to": [ 7.25, 2, 7.5 ],
			"faces": {
				"down": { "uv": [ 11.5, 8.5, 12, 9 ], "texture": "#texture3" },
				"up": { "uv": [ 11.5, 7, 12, 7.5 ], "texture": "#voxel_palette" },
				"north": { "uv": [ 4, 9, 4.5, 9.5 ], "texture": "#texture3" },
				"south": { "uv": [ 11.5, 9, 12, 9.5 ], "texture": "#texture3" },
				"west": { "uv": [ 7, 9, 7.5, 9.5 ], "texture": "#texture3" },
				"east": { "uv": [ 8.5, 9, 9, 9.5 ], "texture": "#texture3" }
			}
		},
		{
			"__comment": "Voxels-FF3A3A",
			"from": [ 6.75, 1.5, 8 ],
			"to": [ 7.25, 2, 8.5 ],
			"faces": {
				"down": { "uv": [ 11.5, 7.5, 12, 8 ], "texture": "#texture3" },
				"up": { "uv": [ 11.5, 8, 12, 8.5 ], "texture": "#voxel_palette" },
				"north": { "uv": [ 4, 9, 4.5, 9.5 ], "texture": "#texture3" },
				"south": { "uv": [ 11.5, 9, 12, 9.5 ], "texture": "#texture3" },
				"west": { "uv": [ 8, 9, 8.5, 9.5 ], "texture": "#texture3" },
				"east": { "uv": [ 7.5, 9, 8, 9.5 ], "texture": "#texture3" }
			}
		},
		{
			"__comment": "Voxels-FF3A3A",
			"from": [ 5.25, 0, 7.5 ],
			"to": [ 7.75, 0.5, 8 ],
			"faces": {
				"down": { "uv": [ 10, 8, 12.5, 8.5 ], "texture": "#texture3" },
				"up": { "uv": [ 10, 7.5, 12.5, 8 ], "texture": "#voxel_palette" },
				"north": { "uv": [ 3.5, 10.5, 6, 11 ], "texture": "#texture3" },
				"south": { "uv": [ 10, 10.5, 12.5, 11 ], "texture": "#texture3" },
				"west": { "uv": [ 7.5, 10.5, 8, 11 ], "texture": "#texture3" },
				"east": { "uv": [ 8, 10.5, 8.5, 11 ], "texture": "#texture3" }
			}
		},
		{
			"__comment": "Voxels-FF3A3A",
			"from": [ 5.25, 1, 7.5 ],
			"to": [ 7.75, 1.5, 8 ],
			"faces": {
				"down": { "uv": [ 10, 8, 12.5, 8.5 ], "texture": "#texture3" },
				"up": { "uv": [ 10, 7.5, 12.5, 8 ], "texture": "#voxel_palette" },
				"north": { "uv": [ 3.5, 9.5, 6, 10 ], "texture": "#texture3" },
				"south": { "uv": [ 10, 9.5, 12.5, 10 ], "texture": "#texture3" },
				"west": { "uv": [ 7.5, 9.5, 8, 10 ], "texture": "#texture3" },
				"east": { "uv": [ 8, 9.5, 8.5, 10 ], "texture": "#texture3" }
			}
		},
		{
			"__comment": "Voxels-FF3A3A",
			"from": [ 5.75, 0, 7 ],
			"to": [ 7.25, 0.5, 7.5 ],
			"faces": {
				"down": { "uv": [ 10.5, 8.5, 12, 9 ], "texture": "#texture3" },
				"up": { "uv": [ 10.5, 7, 12, 7.5 ], "texture": "#voxel_palette" },
				"north": { "uv": [ 4, 10.5, 5.5, 11 ], "texture": "#texture3" },
				"south": { "uv": [ 10.5, 10.5, 12, 11 ], "texture": "#texture3" },
				"west": { "uv": [ 7, 10.5, 7.5, 11 ], "texture": "#texture3" },
				"east": { "uv": [ 8.5, 10.5, 9, 11 ], "texture": "#texture3" }
			}
		},
		{
			"__comment": "Voxels-FF3A3A",
			"from": [ 5.75, 0.5, 7.5 ],
			"to": [ 7.25, 1, 8 ],
			"faces": {
				"down": { "uv": [ 10.5, 8, 12, 8.5 ], "texture": "#texture3" },
				"up": { "uv": [ 10.5, 7.5, 12, 8 ], "texture": "#voxel_palette" },
				"north": { "uv": [ 4, 10, 5.5, 10.5 ], "texture": "#texture3" },
				"south": { "uv": [ 10.5, 10, 12, 10.5 ], "texture": "#texture3" },
				"west": { "uv": [ 7.5, 10, 8, 10.5 ], "texture": "#texture3" },
				"east": { "uv": [ 8, 10, 8.5, 10.5 ], "texture": "#texture3" }
			}
		},
		{
			"__comment": "Voxels-FF3A3A",
			"from": [ 5.75, 1, 7 ],
			"to": [ 7.25, 1.5, 7.5 ],
			"faces": {
				"down": { "uv": [ 10.5, 8.5, 12, 9 ], "texture": "#texture3" },
				"up": { "uv": [ 10.5, 7, 12, 7.5 ], "texture": "#voxel_palette" },
				"north": { "uv": [ 4, 9.5, 5.5, 10 ], "texture": "#texture3" },
				"south": { "uv": [ 10.5, 9.5, 12, 10 ], "texture": "#texture3" },
				"west": { "uv": [ 7, 9.5, 7.5, 10 ], "texture": "#texture3" },
				"east": { "uv": [ 8.5, 9.5, 9, 10 ], "texture": "#texture3" }
			}
		},
		{
			"__comment": "Voxels-FF3A3A",
			"from": [ 5.75, 1.5, 7 ],
			"to": [ 6.25, 2, 7.5 ],
			"faces": {
				"down": { "uv": [ 10.5, 8.5, 11, 9 ], "texture": "#texture3" },
				"up": { "uv": [ 10.5, 7, 11, 7.5 ], "texture": "#voxel_palette" },
				"north": { "uv": [ 5, 9, 5.5, 9.5 ], "texture": "#texture3" },
				"south": { "uv": [ 10.5, 9, 11, 9.5 ], "texture": "#texture3" },
				"west": { "uv": [ 7, 9, 7.5, 9.5 ], "texture": "#texture3" },
				"east": { "uv": [ 8.5, 9, 9, 9.5 ], "texture": "#texture3" }
			}
		},
		{
			"__comment": "Voxels-FF3A3A",
			"from": [ 5.75, 2, 7.5 ],
			"to": [ 7.25, 2.5, 8 ],
			"faces": {
				"down": { "uv": [ 10.5, 8, 12, 8.5 ], "texture": "#texture3" },
				"up": { "uv": [ 10.5, 7.5, 12, 8 ], "texture": "#voxel_palette" },
				"north": { "uv": [ 4, 8.5, 5.5, 9 ], "texture": "#texture3" },
				"south": { "uv": [ 10.5, 8.5, 12, 9 ], "texture": "#texture3" },
				"west": { "uv": [ 7.5, 8.5, 8, 9 ], "texture": "#texture3" },
				"east": { "uv": [ 8, 8.5, 8.5, 9 ], "texture": "#texture3" }
			}
		},
		{
			"__comment": "Voxels-FF3A3A",
			"from": [ 6.25, -0.5, 7.5 ],
			"to": [ 6.75, 0.5, 8 ],
			"faces": {
				"down": { "uv": [ 11, 8, 11.5, 8.5 ], "texture": "#texture3" },
				"up": { "uv": [ 11, 7.5, 11.5, 8 ], "texture": "#voxel_palette" },
				"north": { "uv": [ 4.5, 10.5, 5, 11.5 ], "texture": "#texture3" },
				"south": { "uv": [ 11, 10.5, 11.5, 11.5 ], "texture": "#texture3" },
				"west": { "uv": [ 7.5, 10.5, 8, 11.5 ], "texture": "#texture3" },
				"east": { "uv": [ 8, 10.5, 8.5, 11.5 ], "texture": "#texture3" }
			}
		},
		{
			"__comment": "Voxels-FF3A3A",
			"from": [ 6.25, 0, 6.5 ],
			"to": [ 6.75, 0.5, 7 ],
			"faces": {
				"down": { "uv": [ 11, 9, 11.5, 9.5 ], "texture": "#texture3" },
				"up": { "uv": [ 11, 6.5, 11.5, 7 ], "texture": "#voxel_palette" },
				"north": { "uv": [ 4.5, 10.5, 5, 11 ], "texture": "#texture3" },
				"south": { "uv": [ 11, 10.5, 11.5, 11 ], "texture": "#texture3" },
				"west": { "uv": [ 6.5, 10.5, 7, 11 ], "texture": "#texture3" },
				"east": { "uv": [ 9, 10.5, 9.5, 11 ], "texture": "#texture3" }
			}
		},
		{
			"__comment": "Voxels-FF3A3A",
			"from": [ 6.25, 0.5, 7 ],
			"to": [ 6.75, 1, 7.5 ],
			"faces": {
				"down": { "uv": [ 11, 8.5, 11.5, 9 ], "texture": "#texture3" },
				"up": { "uv": [ 11, 7, 11.5, 7.5 ], "texture": "#voxel_palette" },
				"north": { "uv": [ 4.5, 10, 5, 10.5 ], "texture": "#texture3" },
				"south": { "uv": [ 11, 10, 11.5, 10.5 ], "texture": "#texture3" },
				"west": { "uv": [ 7, 10, 7.5, 10.5 ], "texture": "#texture3" },
				"east": { "uv": [ 8.5, 10, 9, 10.5 ], "texture": "#texture3" }
			}
		},
		{
			"__comment": "Voxels-FF3A3A",
			"from": [ 6.25, 1, 6.5 ],
			"to": [ 6.75, 1.5, 7 ],
			"faces": {
				"down": { "uv": [ 11, 9, 11.5, 9.5 ], "texture": "#texture3" },
				"up": { "uv": [ 11, 6.5, 11.5, 7 ], "texture": "#voxel_palette" },
				"north": { "uv": [ 4.5, 9.5, 5, 10 ], "texture": "#texture3" },
				"south": { "uv": [ 11, 9.5, 11.5, 10 ], "texture": "#texture3" },
				"west": { "uv": [ 6.5, 9.5, 7, 10 ], "texture": "#texture3" },
				"east": { "uv": [ 9, 9.5, 9.5, 10 ], "texture": "#texture3" }
			}
		},
		{
			"__comment": "Voxels-FF3A3A",
			"from": [ 6.25, 1.5, 7.5 ],
			"to": [ 6.75, 2, 8 ],
			"faces": {
				"down": { "uv": [ 11, 8, 11.5, 8.5 ], "texture": "#texture3" },
				"up": { "uv": [ 11, 7.5, 11.5, 8 ], "texture": "#voxel_palette" },
				"north": { "uv": [ 4.5, 9, 5, 9.5 ], "texture": "#texture3" },
				"south": { "uv": [ 11, 9, 11.5, 9.5 ], "texture": "#texture3" },
				"west": { "uv": [ 7.5, 9, 8, 9.5 ], "texture": "#texture3" },
				"east": { "uv": [ 8, 9, 8.5, 9.5 ], "texture": "#texture3" }
			}
		},
		{
			"__comment": "Voxels-FF3A3A",
			"from": [ 6.25, 2, 7 ],
			"to": [ 6.75, 2.5, 7.5 ],
			"faces": {
				"down": { "uv": [ 11, 8.5, 11.5, 9 ], "texture": "#texture3" },
				"up": { "uv": [ 11, 7, 11.5, 7.5 ], "texture": "#voxel_palette" },
				"north": { "uv": [ 4.5, 8.5, 5, 9 ], "texture": "#texture3" },
				"south": { "uv": [ 11, 8.5, 11.5, 9 ], "texture": "#texture3" },
				"west": { "uv": [ 7, 8.5, 7.5, 9 ], "texture": "#texture3" },
				"east": { "uv": [ 8.5, 8.5, 9, 9 ], "texture": "#texture3" }
			}
		},
		{
			"__comment": "Voxels-FF3A3A",
			"from": [ 6.25, 2.5, 7.5 ],
			"to": [ 6.75, 3, 8 ],
			"faces": {
				"down": { "uv": [ 11, 8, 11.5, 8.5 ], "texture": "#texture3" },
				"up": { "uv": [ 11, 7.5, 11.5, 8 ], "texture": "#voxel_palette" },
				"north": { "uv": [ 4.5, 8, 5, 8.5 ], "texture": "#texture3" },
				"south": { "uv": [ 11, 8, 11.5, 8.5 ], "texture": "#texture3" },
				"west": { "uv": [ 7.5, 8, 8, 8.5 ], "texture": "#texture3" },
				"east": { "uv": [ 8, 8, 8.5, 8.5 ], "texture": "#texture3" }
			}
		},
		{
			"__comment": "Voxels-FF3A3A",
			"from": [ 5.75, 0, 8 ],
			"to": [ 7.25, 0.5, 8.5 ],
			"faces": {
				"down": { "uv": [ 10.5, 7.5, 12, 8 ], "texture": "#texture3" },
				"up": { "uv": [ 10.5, 8, 12, 8.5 ], "texture": "#voxel_palette" },
				"north": { "uv": [ 4, 10.5, 5.5, 11 ], "texture": "#texture3" },
				"south": { "uv": [ 10.5, 10.5, 12, 11 ], "texture": "#texture3" },
				"west": { "uv": [ 8, 10.5, 8.5, 11 ], "texture": "#texture3" },
				"east": { "uv": [ 7.5, 10.5, 8, 11 ], "texture": "#texture3" }
			}
		},
		{
			"__comment": "Voxels-FF3A3A",
			"from": [ 5.75, 1, 8 ],
			"to": [ 7.25, 1.5, 8.5 ],
			"faces": {
				"down": { "uv": [ 10.5, 7.5, 12, 8 ], "texture": "#texture3" },
				"up": { "uv": [ 10.5, 8, 12, 8.5 ], "texture": "#voxel_palette" },
				"north": { "uv": [ 4, 9.5, 5.5, 10 ], "texture": "#texture3" },
				"south": { "uv": [ 10.5, 9.5, 12, 10 ], "texture": "#texture3" },
				"west": { "uv": [ 8, 9.5, 8.5, 10 ], "texture": "#texture3" },
				"east": { "uv": [ 7.5, 9.5, 8, 10 ], "texture": "#texture3" }
			}
		},
		{
			"__comment": "Voxels-FF3A3A",
			"from": [ 5.75, 1.5, 8 ],
			"to": [ 6.25, 2, 8.5 ],
			"faces": {
				"down": { "uv": [ 10.5, 7.5, 11, 8 ], "texture": "#texture3" },
				"up": { "uv": [ 10.5, 8, 11, 8.5 ], "texture": "#voxel_palette" },
				"north": { "uv": [ 5, 9, 5.5, 9.5 ], "texture": "#texture3" },
				"south": { "uv": [ 10.5, 9, 11, 9.5 ], "texture": "#texture3" },
				"west": { "uv": [ 8, 9, 8.5, 9.5 ], "texture": "#texture3" },
				"east": { "uv": [ 7.5, 9, 8, 9.5 ], "texture": "#texture3" }
			}
		},
		{
			"__comment": "Voxels-FF3A3A",
			"from": [ 6.25, 0, 8.5 ],
			"to": [ 6.75, 0.5, 9 ],
			"faces": {
				"down": { "uv": [ 11, 7, 11.5, 7.5 ], "texture": "#texture3" },
				"up": { "uv": [ 11, 8.5, 11.5, 9 ], "texture": "#voxel_palette" },
				"north": { "uv": [ 4.5, 10.5, 5, 11 ], "texture": "#texture3" },
				"south": { "uv": [ 11, 10.5, 11.5, 11 ], "texture": "#texture3" },
				"west": { "uv": [ 8.5, 10.5, 9, 11 ], "texture": "#texture3" },
				"east": { "uv": [ 7, 10.5, 7.5, 11 ], "texture": "#texture3" }
			}
		},
		{
			"__comment": "Voxels-FF3A3A",
			"from": [ 6.25, 0.5, 8 ],
			"to": [ 6.75, 1, 8.5 ],
			"faces": {
				"down": { "uv": [ 11, 7.5, 11.5, 8 ], "texture": "#texture3" },
				"up": { "uv": [ 11, 8, 11.5, 8.5 ], "texture": "#voxel_palette" },
				"north": { "uv": [ 4.5, 10, 5, 10.5 ], "texture": "#texture3" },
				"south": { "uv": [ 11, 10, 11.5, 10.5 ], "texture": "#texture3" },
				"west": { "uv": [ 8, 10, 8.5, 10.5 ], "texture": "#texture3" },
				"east": { "uv": [ 7.5, 10, 8, 10.5 ], "texture": "#texture3" }
			}
		},
		{
			"__comment": "Voxels-FF3A3A",
			"from": [ 6.25, 1, 8.5 ],
			"to": [ 6.75, 1.5, 9 ],
			"faces": {
				"down": { "uv": [ 11, 7, 11.5, 7.5 ], "texture": "#texture3" },
				"up": { "uv": [ 11, 8.5, 11.5, 9 ], "texture": "#voxel_palette" },
				"north": { "uv": [ 4.5, 9.5, 5, 10 ], "texture": "#texture3" },
				"south": { "uv": [ 11, 9.5, 11.5, 10 ], "texture": "#texture3" },
				"west": { "uv": [ 8.5, 9.5, 9, 10 ], "texture": "#texture3" },
				"east": { "uv": [ 7, 9.5, 7.5, 10 ], "texture": "#texture3" }
			}
		},
		{
			"__comment": "Voxels-FF3A3A",
			"from": [ 6.25, 2, 8 ],
			"to": [ 6.75, 2.5, 8.5 ],
			"faces": {
				"down": { "uv": [ 11, 7.5, 11.5, 8 ], "texture": "#texture3" },
				"up": { "uv": [ 11, 8, 11.5, 8.5 ], "texture": "#voxel_palette" },
				"north": { "uv": [ 4.5, 8.5, 5, 9 ], "texture": "#texture3" },
				"south": { "uv": [ 11, 8.5, 11.5, 9 ], "texture": "#texture3" },
				"west": { "uv": [ 8, 8.5, 8.5, 9 ], "texture": "#texture3" },
				"east": { "uv": [ 7.5, 8.5, 8, 9 ], "texture": "#texture3" }
			}
		},
		{
			"__comment": "Voxels-FF3A3A",
			"from": [ 6.75, 1.5, 7 ],
			"to": [ 7.25, 2, 7.5 ],
			"faces": {
				"down": { "uv": [ 11.5, 8.5, 12, 9 ], "texture": "#texture3" },
				"up": { "uv": [ 11.5, 7, 12, 7.5 ], "texture": "#voxel_palette" },
				"north": { "uv": [ 4, 9, 4.5, 9.5 ], "texture": "#texture3" },
				"south": { "uv": [ 11.5, 9, 12, 9.5 ], "texture": "#texture3" },
				"west": { "uv": [ 7, 9, 7.5, 9.5 ], "texture": "#texture3" },
				"east": { "uv": [ 8.5, 9, 9, 9.5 ], "texture": "#texture3" }
			}
		},
		{
			"__comment": "Voxels-FF3A3A",
			"from": [ 6.75, 1.5, 8 ],
			"to": [ 7.25, 2, 8.5 ],
			"faces": {
				"down": { "uv": [ 11.5, 7.5, 12, 8 ], "texture": "#texture3" },
				"up": { "uv": [ 11.5, 8, 12, 8.5 ], "texture": "#voxel_palette" },
				"north": { "uv": [ 4, 9, 4.5, 9.5 ], "texture": "#texture3" },
				"south": { "uv": [ 11.5, 9, 12, 9.5 ], "texture": "#texture3" },
				"west": { "uv": [ 8, 9, 8.5, 9.5 ], "texture": "#texture3" },
				"east": { "uv": [ 7.5, 9, 8, 9.5 ], "texture": "#texture3" }
			}
		},
		{
			"__comment": "snowman",
			"from": [ 8.849999, -0.4, 8.599999 ],
			"to": [ 9.749999, 0.5000001, 9.499999 ],
			"rotation": { "origin": [ 9, 0.5, 8.75 ], "axis": "y", "angle": 22.5 },
			"faces": {
				"down": { "uv": [ 9.35, 6.75, 10.25, 7.65 ], "texture": "#voxel_palette" },
				"up": { "uv": [ 9.35, 8.35, 10.25, 9.25 ], "texture": "#voxel_palette" },
				"north": { "uv": [ 5.75, 15.5, 6.65, 16 ], "texture": "#voxel_palette" },
				"south": { "uv": [ 9.35, 15.5, 10.25, 16 ], "texture": "#voxel_palette" },
				"west": { "uv": [ 8.35, 15.5, 9.25, 16 ], "texture": "#voxel_palette" },
				"east": { "uv": [ 6.75, 15.5, 7.65, 16 ], "texture": "#voxel_palette" }
			}
		},
		{
			"__comment": "snnowman",
			"from": [ 9, 0.5, 8.75 ],
			"to": [ 9.6, 1.1, 9.35 ],
			"rotation": { "origin": [ 9, 0.5, 8.75 ], "axis": "y", "angle": 22.5 },
			"faces": {
				"down": { "uv": [ 12.75, 13.75, 13.75, 14.75 ], "texture": "#voxel_palette" },
				"up": { "uv": [ 12.75, 1.25, 13.75, 2.25 ], "texture": "#voxel_palette" },
				"north": { "uv": [ 2.25, 9.25, 3.25, 10.25 ], "texture": "#voxel_palette" },
				"south": { "uv": [ 12.75, 9.25, 13.75, 10.25 ], "texture": "#voxel_palette" },
				"west": { "uv": [ 1.25, 9.25, 2.25, 10.25 ], "texture": "#voxel_palette" },
				"east": { "uv": [ 13.75, 9.25, 14.75, 10.25 ], "texture": "#voxel_palette" }
			}
		}
	],
	"display": {
		"thirdperson_righthand": {
			"rotation":  [ 47, -17, -13 ],
			"translation":  [ 0, 5.6347, 4.1739 ]
		},
		"thirdperson_lefthand": {
			"rotation":  [ 47, -17, -13 ],
			"translation":  [ 0, 5.6347, 4.1739 ]
		},
		"firstperson_righthand": {
			"translation":  [ 0, 8.9739, 0 ]
		},
		"firstperson_lefthand": {
			"translation":  [ 0, 8.9739, 0 ]
		},
		"gui": {
			"rotation":  [ 30, 225, 0 ],
			"scale":  [ 0.625, 0.625, 0.625 ]
		},
		"head": {
			"translation":  [ 0, -29, 0 ],
			"scale":  [ 1.6, 1.6, 1.6 ]
		},
		"ground": {
			"translation":  [ 0, 5.8434, 0 ]
		},
		"fixed": {
			"rotation":  [ -16, 0, 0 ],
			"translation":  [ 0, 3.3391, -0.626 ]
		}
	}
}