{
	"credit": "Made with Blockbench",
	"textures": {
		"0": "blocks/concrete_brown",
		"1": "blocks/anvil_base",
		"particle": "blocks/concrete_brown"
	},
	"elements": [
		{
			"from": [4, 1, 4],
			"to": [12, 5, 12],
			"rotation": {"angle": 0, "axis": "y", "origin": [12, 9, 12]},
			"faces": {
				"north": {"uv": [0, 0, 16, 16], "texture": "#0"},
				"east": {"uv": [0, 0, 16, 16], "texture": "#0"},
				"south": {"uv": [0, 0, 16, 16], "texture": "#0"},
				"west": {"uv": [0, 0, 16, 16], "texture": "#0"},
				"up": {"uv": [0, 0, 16, 16], "texture": "#0"},
				"down": {"uv": [0, 0, 16, 16], "texture": "#0"}
			}
		},
		{
			"from": [3, 0, 3],
			"to": [13, 1, 13],
			"rotation": {"angle": 0, "axis": "y", "origin": [11, 8, 11]},
			"faces": {
				"north": {"uv": [13, 6, 16, 7], "texture": "#1"},
				"east": {"uv": [13, 6, 16, 7], "texture": "#1"},
				"south": {"uv": [13, 6, 16, 7], "texture": "#1"},
				"west": {"uv": [13, 6, 16, 7], "texture": "#1"},
				"up": {"uv": [13, 6, 16, 7], "texture": "#1"},
				"down": {"uv": [13, 6, 16, 7], "texture": "#1"}
			}
		}
	],
	"display": {
		"thirdperson_righthand": {
			"translation": [0, 2, 0.5],
			"scale": [0.35, 0.35, 0.35]
		},
		"thirdperson_lefthand": {
			"translation": [0, 2, 0.5],
			"scale": [0.35, 0.35, 0.35]
		},
		"firstperson_righthand": {
			"translation": [8, -11, 0]
		},
		"firstperson_lefthand": {
			"translation": [8, -11, 0]
		},
		"ground": {
			"translation": [0, 7.5, 0]
		},
		"gui": {
			"rotation": [0, -180, 0],
			"translation": [0, 1.75, 0],
			"scale": [0.8, 0.8, 0.8]
		},
		"head": {
			"translation": [0, 14.5, -0.25],
			"scale": [1.5, 1, 1.5]
		},
		"fixed": {
			"translation": [0, 1.5, -0.75]
		}
	}
}