{
"__comment": "Designed by Tomshalev01",
"textures": {
    "0": "blocks/hardened_clay_stained_blue",
    "1": "blocks/wool_colored_black"
},
"elements": [ 
{
    "from": [ 6, 0, 8 ],
    "to": [ 10, 0.5, 12 ],
    "faces": {
        "down":  { "uv": [ 0.001, 0.001, 15.999, 15.999 ], "texture": "#0" },
        "up":    { "uv": [ 0.001, 0.001, 15.999, 15.999 ], "texture": "#0" },
        "north": { "uv": [ 0.001, 0.001, 3.999, 0.499 ], "texture": "#0" },
        "south": { "uv": [ 0.001, 0.001, 3.999, 0.499 ], "texture": "#0" },
        "west":  { "uv": [ 0.001, 0.001, 3.999, 0.499 ], "texture": "#0" },
        "east":  { "uv": [ 0.001, 0.001, 3.999, 0.499 ], "texture": "#0" }
    }
},
{
    "from": [ 6, 1.8, 4.5 ],
    "to": [ 10, 2, 8.5 ],
    "rotation": { "origin": [ 6, 2, 4.5 ], "axis": "x", "angle": 22.5 },
    "faces": {
        "down":  { "uv": [ 0.001, 0.001, 3.999, 3.999 ], "texture": "#0" },
        "up":    { "uv": [ 0.001, 0.001, 3.999, 3.999 ], "texture": "#0" },
        "north": { "uv": [ 0.001, 0.001, 3.999, 0.199 ], "texture": "#0" },
        "south": { "uv": [ 0.001, 0.001, 3.999, 0.199 ], "texture": "#0" },
        "west":  { "uv": [ 0.001, 0.001, 3.999, 0.199 ], "texture": "#0" },
        "east":  { "uv": [ 0.001, 0.001, 3.999, 0.199 ], "texture": "#0" }
    }
},
{
    "from": [ 6.25, 1.9, 4.6875 ],
    "to": [ 9.85, 2, 8.2875 ],
    "rotation": { "origin": [ 6.25, 2, 4.6875 ], "axis": "x", "angle": 22.5 },
    "faces": {
        "down":  { "uv": [ 0.001, 0.001, 15.999, 15.999 ], "texture": "#1" },
        "up":    { "uv": [ 0.001, 0.001, 15.999, 15.999 ], "texture": "#1" },
        "north": { "uv": [ 0.001, 0.001, 3.599, 0.099 ], "texture": "#1" },
        "south": { "uv": [ 0.001, 0.001, 3.599, 0.099 ], "texture": "#1" },
        "west":  { "uv": [ 0.001, 0.001, 3.599, 0.099 ], "texture": "#1" },
        "east":  { "uv": [ 0.001, 0.001, 3.599, 0.099 ], "texture": "#1" }
    }
},
{
    "from": [ 6, 1.8, 4.5 ],
    "to": [ 6.2, 2, 8.5 ],
    "rotation": { "origin": [ 6, 2, 4.5 ], "axis": "x", "angle": 22.5 },
    "faces": {
        "down":  { "uv": [ 0.001, 0.001, 0.199, 3.999 ], "texture": "#0" },
        "up":    { "uv": [ 0.001, 0.001, 0.199, 3.999 ], "texture": "#0" },
        "north": { "uv": [ 0.001, 0.001, 0.199, 0.199 ], "texture": "#0" },
        "south": { "uv": [ 0.001, 0.001, 0.199, 0.199 ], "texture": "#0" },
        "west":  { "uv": [ 0.001, 0.001, 3.999, 0.199 ], "texture": "#0" },
        "east":  { "uv": [ 0.001, 0.001, 3.999, 0.199 ], "texture": "#0" }
    }
},
{
    "from": [ 9.75, 1.8, 4.5 ],
    "to": [ 9.95, 2, 8.5 ],
    "rotation": { "origin": [ 9.75, 2, 4.5 ], "axis": "x", "angle": 22.5 },
    "faces": {
        "down":  { "uv": [ 0.001, 0.001, 0.199, 3.999 ], "texture": "#0" },
        "up":    { "uv": [ 0.001, 0.001, 0.199, 3.999 ], "texture": "#0" },
        "north": { "uv": [ 0.001, 0.001, 0.199, 0.199 ], "texture": "#0" },
        "south": { "uv": [ 0.001, 0.001, 0.199, 0.199 ], "texture": "#0" },
        "west":  { "uv": [ 0.001, 0.001, 3.999, 0.199 ], "texture": "#0" },
        "east":  { "uv": [ 0.001, 0.001, 3.999, 0.199 ], "texture": "#0" }
    }
},
{
    "from": [ 6.25, 1.8, 4.5 ],
    "to": [ 9.85, 2, 4.7 ],
    "faces": {
        "down":  { "uv": [ 0.001, 0.001, 3.599, 0.199 ], "texture": "#0" },
        "up":    { "uv": [ 0.001, 0.001, 3.599, 0.199 ], "texture": "#0" },
        "north": { "uv": [ 0.001, 0.001, 3.599, 0.199 ], "texture": "#0" },
        "south": { "uv": [ 0.001, 0.001, 3.599, 0.199 ], "texture": "#0" },
        "west":  { "uv": [ 0.001, 0.001, 0.199, 0.199 ], "texture": "#0" },
        "east":  { "uv": [ 0.001, 0.001, 0.199, 0.199 ], "texture": "#0" }
    }
},
{
    "from": [ 6.2, 0.5, 7.6 ],
    "to": [ 9.8, 0.7, 7.8 ],
    "faces": {
        "down":  { "uv": [ 0.001, 0.001, 3.599, 0.199 ], "texture": "#0" },
        "up":    { "uv": [ 0.001, 0.001, 3.599, 0.199 ], "texture": "#0" },
        "north": { "uv": [ 0.001, 0.001, 3.599, 0.199 ], "texture": "#0" },
        "south": { "uv": [ 0.001, 0.001, 3.599, 0.199 ], "texture": "#0" },
        "west":  { "uv": [ 0.001, 0.001, 0.199, 0.199 ], "texture": "#0" },
        "east":  { "uv": [ 0.001, 0.001, 0.199, 0.199 ], "texture": "#0" }
    }
},
{
    "from": [ 6.5, 0.3, 7.8 ],
    "to": [ 7.5, 0.7, 8.2 ],
    "faces": {
        "down":  { "uv": [ 0.001, 0.001, 0.999, 0.399 ], "texture": "#0" },
        "up":    { "uv": [ 0.001, 0.001, 0.999, 0.399 ], "texture": "#0" },
        "north": { "uv": [ 0.001, 0.001, 0.999, 0.399 ], "texture": "#0" },
        "south": { "uv": [ 0.001, 0.001, 0.999, 0.399 ], "texture": "#0" },
        "west":  { "uv": [ 0.001, 0.001, 0.399, 0.399 ], "texture": "#0" },
        "east":  { "uv": [ 0.001, 0.001, 0.399, 0.399 ], "texture": "#0" }
    }
},
{
    "from": [ 8.5, 0.3, 7.8 ],
    "to": [ 9.5, 0.7, 8.2 ],
    "faces": {
        "down":  { "uv": [ 0.001, 0.001, 0.999, 0.399 ], "texture": "#0" },
        "up":    { "uv": [ 0.001, 0.001, 0.999, 0.399 ], "texture": "#0" },
        "north": { "uv": [ 0.001, 0.001, 0.999, 0.399 ], "texture": "#0" },
        "south": { "uv": [ 0.001, 0.001, 0.999, 0.399 ], "texture": "#0" },
        "west":  { "uv": [ 0.001, 0.001, 0.399, 0.399 ], "texture": "#0" },
        "east":  { "uv": [ 0.001, 0.001, 0.399, 0.399 ], "texture": "#0" }
    }
},
{
    "from": [ 7, 0.5, 10.6 ],
    "to": [ 7.5, 0.6, 11.1 ],
    "faces": {
        "down":  { "uv": [ 0.001, 0.001, 0.499, 0.499 ], "texture": "#1" },
        "up":    { "uv": [ 0.001, 0.001, 0.499, 0.499 ], "texture": "#1" },
        "north": { "uv": [ 0.001, 0.001, 0.499, 0.099 ], "texture": "#1" },
        "south": { "uv": [ 0.001, 0.001, 0.499, 0.099 ], "texture": "#1" },
        "west":  { "uv": [ 0.001, 0.001, 0.499, 0.099 ], "texture": "#1" },
        "east":  { "uv": [ 0.001, 0.001, 0.499, 0.099 ], "texture": "#1" }
    }
},
{
    "from": [ 7, 0.5, 9.4 ],
    "to": [ 7.5, 0.6, 9.9 ],
    "faces": {
        "down":  { "uv": [ 0.001, 0.001, 0.499, 0.499 ], "texture": "#1" },
        "up":    { "uv": [ 0.001, 0.001, 0.499, 0.499 ], "texture": "#1" },
        "north": { "uv": [ 0.001, 0.001, 0.499, 0.099 ], "texture": "#1" },
        "south": { "uv": [ 0.001, 0.001, 0.499, 0.099 ], "texture": "#1" },
        "west":  { "uv": [ 0.001, 0.001, 0.499, 0.099 ], "texture": "#1" },
        "east":  { "uv": [ 0.001, 0.001, 0.499, 0.099 ], "texture": "#1" }
    }
},
{
    "from": [ 6.4, 0.5, 10 ],
    "to": [ 6.9, 0.6, 10.5 ],
    "faces": {
        "down":  { "uv": [ 0.001, 0.001, 0.499, 0.499 ], "texture": "#1" },
        "up":    { "uv": [ 0.001, 0.001, 0.499, 0.499 ], "texture": "#1" },
        "north": { "uv": [ 0.001, 0.001, 0.499, 0.099 ], "texture": "#1" },
        "south": { "uv": [ 0.001, 0.001, 0.499, 0.099 ], "texture": "#1" },
        "west":  { "uv": [ 0.001, 0.001, 0.499, 0.099 ], "texture": "#1" },
        "east":  { "uv": [ 0.001, 0.001, 0.499, 0.099 ], "texture": "#1" }
    }
},
{
    "from": [ 7.6, 0.5, 10 ],
    "to": [ 8.1, 0.6, 10.5 ],
    "faces": {
        "down":  { "uv": [ 0.001, 0.001, 0.499, 0.499 ], "texture": "#1" },
        "up":    { "uv": [ 0.001, 0.001, 0.499, 0.499 ], "texture": "#1" },
        "north": { "uv": [ 0.001, 0.001, 0.499, 0.099 ], "texture": "#1" },
        "south": { "uv": [ 0.001, 0.001, 0.499, 0.099 ], "texture": "#1" },
        "west":  { "uv": [ 0.001, 0.001, 0.499, 0.099 ], "texture": "#1" },
        "east":  { "uv": [ 0.001, 0.001, 0.499, 0.099 ], "texture": "#1" }
    }
},
{
    "from": [ 8.6, 0.5, 10 ],
    "to": [ 9.3, 0.6, 10.7 ],
    "faces": {
        "down":  { "uv": [ 0.001, 0.001, 0.699, 0.699 ], "texture": "#1" },
        "up":    { "uv": [ 0.001, 0.001, 0.699, 0.699 ], "texture": "#1" },
        "north": { "uv": [ 0.001, 0.001, 0.699, 0.099 ], "texture": "#1" },
        "south": { "uv": [ 0.001, 0.001, 0.699, 0.099 ], "texture": "#1" },
        "west":  { "uv": [ 0.001, 0.001, 0.699, 0.099 ], "texture": "#1" },
        "east":  { "uv": [ 0.001, 0.001, 0.699, 0.099 ], "texture": "#1" }
    }
},
{
    "from": [ 8.6, 0.5, 9 ],
    "to": [ 9.3, 0.6, 9.7 ],
    "faces": {
        "down":  { "uv": [ 0.001, 0.001, 0.699, 0.699 ], "texture": "#1" },
        "up":    { "uv": [ 0.001, 0.001, 0.699, 0.699 ], "texture": "#1" },
        "north": { "uv": [ 0.001, 0.001, 0.699, 0.099 ], "texture": "#1" },
        "south": { "uv": [ 0.001, 0.001, 0.699, 0.099 ], "texture": "#1" },
        "west":  { "uv": [ 0.001, 0.001, 0.699, 0.099 ], "texture": "#1" },
        "east":  { "uv": [ 0.001, 0.001, 0.699, 0.099 ], "texture": "#1" }
    }
}
],
"display": {
    "thirdperson_righthand": {
        "rotation": [ 61, -58, 0 ],
        "translation": [ 0, 4.34, 6.24 ],
        "scale": [ 1, 1, 1 ]
    },
    "thirdperson_lefthand": {
        "rotation": [ 61, -58, 0 ],
        "translation": [ 0, 4.34, 6.24 ],
        "scale": [ 1, 1, 1 ]
    },
    "head": {
        "rotation": [ 0, 180, 0 ],
        "translation": [ 0, -30.5, 0 ],
        "scale": [ 1.6, 1.6, 1.6 ]
    },
    "ground": {
        "rotation": [ 0, -72, 0 ],
        "translation": [ 0, 2, 0 ],
        "scale": [ 0.5, 0.5, 0.5 ]
    },
    "fixed": {
        "rotation": [ -64, 180, 0 ],
        "translation": [ 0, 0, -7.75 ],
        "scale": [ 1, 1, 1 ]
    },
    "firstperson_righthand": {
        "rotation": [ 30, 0, -3 ],
        "translation": [ -0.19, 6.61, 0.38 ],
        "scale": [ 1, 1, 1 ]
    },
    "firstperson_lefthand": {
        "rotation": [ 30, 0, -3 ],
        "translation": [ -0.19, 6.61, 0.38 ],
        "scale": [ 1, 1, 1 ]
    },
    "gui": {
        "rotation": [ 35, 35, 0 ],
        "translation": [ 0, 2.08, 0 ],
        "scale": [ 1, 1, 1 ]
    }
}
}