{
"__comment": "Designed by Tomshalev01",
"textures": {
    "0": "blocks/iron_block",
    "1": "blocks/wool_colored_black",
    "2": "blocks/food_unwraps/saber"
},
"elements": [ 
{
    "from": [ 7, 0, 7 ],
    "to": [ 9, 0.3, 9 ],
    "faces": {
        "down":  { "uv": [ 0, 0, 16, 16 ], "texture": "#0" },
        "up":    { "uv": [ 0, 0, 16, 16 ], "texture": "#0" },
        "north": { "uv": [ 0, 0, 2, 0.30000001192092896 ], "texture": "#0" },
        "south": { "uv": [ 0, 0, 2, 0.30000001192092896 ], "texture": "#0" },
        "west":  { "uv": [ 0, 0, 2, 0.30000001192092896 ], "texture": "#0" },
        "east":  { "uv": [ 0, 0, 2, 0.30000001192092896 ], "texture": "#0" }
    }
},
{
    "from": [ 7.1, 0.3, 7.1 ],
    "to": [ 8.9, 0.6, 8.9 ],
    "faces": {
        "down":  { "uv": [ 0, 0, 16, 16 ], "texture": "#0" },
        "up":    { "uv": [ 0, 0, 16, 16 ], "texture": "#0" },
        "north": { "uv": [ 0, 0, 1.7999999523162842, 0.30000001192092896 ], "texture": "#0" },
        "south": { "uv": [ 0, 0, 1.7999999523162842, 0.30000001192092896 ], "texture": "#0" },
        "west":  { "uv": [ 0, 0, 1.7999999523162842, 0.30000001192092896 ], "texture": "#0" },
        "east":  { "uv": [ 0, 0, 1.7999999523162842, 0.30000001192092896 ], "texture": "#0" }
    }
},
{
    "from": [ 7, 0.6, 7 ],
    "to": [ 9, 0.9, 9 ],
    "faces": {
        "down":  { "uv": [ 0, 0, 16, 16 ], "texture": "#0" },
        "up":    { "uv": [ 0, 0, 16, 16 ], "texture": "#0" },
        "north": { "uv": [ 0, 0, 2, 0.30000001192092896 ], "texture": "#0" },
        "south": { "uv": [ 0, 0, 2, 0.30000001192092896 ], "texture": "#0" },
        "west":  { "uv": [ 0, 0, 2, 0.30000001192092896 ], "texture": "#0" },
        "east":  { "uv": [ 0, 0, 2, 0.30000001192092896 ], "texture": "#0" }
    }
},
{
    "from": [ 7.2, 0.9, 7.2 ],
    "to": [ 8.8, 4.2, 8.8 ],
    "faces": {
        "down":  { "uv": [ 0, 0, 16, 16 ], "texture": "#1" },
        "up":    { "uv": [ 0, 0, 16, 16 ], "texture": "#1" },
        "north": { "uv": [ 0, 0, 1.6000000238418579, 3.2999999523162842 ], "texture": "#1" },
        "south": { "uv": [ 0, 0, 1.6000000238418579, 3.2999999523162842 ], "texture": "#1" },
        "west":  { "uv": [ 0, 0, 1.6000000238418579, 3.2999999523162842 ], "texture": "#1" },
        "east":  { "uv": [ 0, 0, 1.6000000238418579, 3.2999999523162842 ], "texture": "#1" }
    }
},
{
    "from": [ 8, 1, 7 ],
    "to": [ 9, 1.1, 9 ],
    "faces": {
        "down":  { "uv": [ 0, 0, 16, 16 ], "texture": "#0" },
        "up":    { "uv": [ 0, 0, 16, 16 ], "texture": "#0" },
        "north": { "uv": [ 0, 0, 1, 0.10000000149011612 ], "texture": "#0" },
        "south": { "uv": [ 0, 0, 1, 0.10000000149011612 ], "texture": "#0" },
        "west":  { "uv": [ 0, 0, 2, 0.10000000149011612 ], "texture": "#0" },
        "east":  { "uv": [ 0, 0, 2, 0.10000000149011612 ], "texture": "#0" }
    }
},
{
    "from": [ 8, 1.2, 7 ],
    "to": [ 9, 1.3, 9 ],
    "faces": {
        "down":  { "uv": [ 0, 0, 16, 16 ], "texture": "#0" },
        "up":    { "uv": [ 0, 0, 16, 16 ], "texture": "#0" },
        "north": { "uv": [ 0, 0, 1, 0.10000000149011612 ], "texture": "#0" },
        "south": { "uv": [ 0, 0, 1, 0.10000000149011612 ], "texture": "#0" },
        "west":  { "uv": [ 0, 0, 2, 0.10000000149011612 ], "texture": "#0" },
        "east":  { "uv": [ 0, 0, 2, 0.10000000149011612 ], "texture": "#0" }
    }
},
{
    "from": [ 8, 1.4, 7 ],
    "to": [ 9, 1.5, 9 ],
    "faces": {
        "down":  { "uv": [ 0, 0, 16, 16 ], "texture": "#0" },
        "up":    { "uv": [ 0, 0, 16, 16 ], "texture": "#0" },
        "north": { "uv": [ 0, 0, 1, 0.10000000149011612 ], "texture": "#0" },
        "south": { "uv": [ 0, 0, 1, 0.10000000149011612 ], "texture": "#0" },
        "west":  { "uv": [ 0, 0, 2, 0.10000000149011612 ], "texture": "#0" },
        "east":  { "uv": [ 0, 0, 2, 0.10000000149011612 ], "texture": "#0" }
    }
},
{
    "from": [ 8, 1.6, 7 ],
    "to": [ 9, 1.7, 9 ],
    "faces": {
        "down":  { "uv": [ 0, 0, 16, 16 ], "texture": "#0" },
        "up":    { "uv": [ 0, 0, 16, 16 ], "texture": "#0" },
        "north": { "uv": [ 0, 0, 1, 0.10000000149011612 ], "texture": "#0" },
        "south": { "uv": [ 0, 0, 1, 0.10000000149011612 ], "texture": "#0" },
        "west":  { "uv": [ 0, 0, 2, 0.10000000149011612 ], "texture": "#0" },
        "east":  { "uv": [ 0, 0, 2, 0.10000000149011612 ], "texture": "#0" }
    }
},
{
    "from": [ 8, 1.8, 7 ],
    "to": [ 9, 1.9, 9 ],
    "faces": {
        "down":  { "uv": [ 0, 0, 16, 16 ], "texture": "#0" },
        "up":    { "uv": [ 0, 0, 16, 16 ], "texture": "#0" },
        "north": { "uv": [ 0, 0, 1, 0.10000000149011612 ], "texture": "#0" },
        "south": { "uv": [ 0, 0, 1, 0.10000000149011612 ], "texture": "#0" },
        "west":  { "uv": [ 0, 0, 2, 0.10000000149011612 ], "texture": "#0" },
        "east":  { "uv": [ 0, 0, 2, 0.10000000149011612 ], "texture": "#0" }
    }
},
{
    "from": [ 8, 2, 7 ],
    "to": [ 9, 2.1, 9 ],
    "faces": {
        "down":  { "uv": [ 0, 0, 16, 16 ], "texture": "#0" },
        "up":    { "uv": [ 0, 0, 16, 16 ], "texture": "#0" },
        "north": { "uv": [ 0, 0, 1, 0.10000000149011612 ], "texture": "#0" },
        "south": { "uv": [ 0, 0, 1, 0.10000000149011612 ], "texture": "#0" },
        "west":  { "uv": [ 0, 0, 2, 0.10000000149011612 ], "texture": "#0" },
        "east":  { "uv": [ 0, 0, 2, 0.10000000149011612 ], "texture": "#0" }
    }
},
{
    "from": [ 8, 2.2, 7 ],
    "to": [ 9, 2.3, 9 ],
    "faces": {
        "down":  { "uv": [ 0, 0, 16, 16 ], "texture": "#0" },
        "up":    { "uv": [ 0, 0, 16, 16 ], "texture": "#0" },
        "north": { "uv": [ 0, 0, 1, 0.10000000149011612 ], "texture": "#0" },
        "south": { "uv": [ 0, 0, 1, 0.10000000149011612 ], "texture": "#0" },
        "west":  { "uv": [ 0, 0, 2, 0.10000000149011612 ], "texture": "#0" },
        "east":  { "uv": [ 0, 0, 2, 0.10000000149011612 ], "texture": "#0" }
    }
},
{
    "from": [ 8, 2.4, 7 ],
    "to": [ 9, 2.5, 9 ],
    "faces": {
        "down":  { "uv": [ 0, 0, 16, 16 ], "texture": "#0" },
        "up":    { "uv": [ 0, 0, 16, 16 ], "texture": "#0" },
        "north": { "uv": [ 0, 0, 1, 0.10000000149011612 ], "texture": "#0" },
        "south": { "uv": [ 0, 0, 1, 0.10000000149011612 ], "texture": "#0" },
        "west":  { "uv": [ 0, 0, 2, 0.10000000149011612 ], "texture": "#0" },
        "east":  { "uv": [ 0, 0, 2, 0.10000000149011612 ], "texture": "#0" }
    }
},
{
    "from": [ 8, 2.6, 7 ],
    "to": [ 9, 2.7, 9 ],
    "faces": {
        "down":  { "uv": [ 0, 0, 16, 16 ], "texture": "#0" },
        "up":    { "uv": [ 0, 0, 16, 16 ], "texture": "#0" },
        "north": { "uv": [ 0, 0, 1, 0.10000000149011612 ], "texture": "#0" },
        "south": { "uv": [ 0, 0, 1, 0.10000000149011612 ], "texture": "#0" },
        "west":  { "uv": [ 0, 0, 2, 0.10000000149011612 ], "texture": "#0" },
        "east":  { "uv": [ 0, 0, 2, 0.10000000149011612 ], "texture": "#0" }
    }
},
{
    "from": [ 8, 2.8, 7 ],
    "to": [ 9, 2.9, 9 ],
    "faces": {
        "down":  { "uv": [ 0, 0, 16, 16 ], "texture": "#0" },
        "up":    { "uv": [ 0, 0, 16, 16 ], "texture": "#0" },
        "north": { "uv": [ 0, 0, 1, 0.10000000149011612 ], "texture": "#0" },
        "south": { "uv": [ 0, 0, 1, 0.10000000149011612 ], "texture": "#0" },
        "west":  { "uv": [ 0, 0, 2, 0.10000000149011612 ], "texture": "#0" },
        "east":  { "uv": [ 0, 0, 2, 0.10000000149011612 ], "texture": "#0" }
    }
},
{
    "from": [ 8, 3, 7 ],
    "to": [ 9, 3.1, 9 ],
    "faces": {
        "down":  { "uv": [ 0, 0, 16, 16 ], "texture": "#0" },
        "up":    { "uv": [ 0, 0, 16, 16 ], "texture": "#0" },
        "north": { "uv": [ 0, 0, 1, 0.10000000149011612 ], "texture": "#0" },
        "south": { "uv": [ 0, 0, 1, 0.10000000149011612 ], "texture": "#0" },
        "west":  { "uv": [ 0, 0, 2, 0.10000000149011612 ], "texture": "#0" },
        "east":  { "uv": [ 0, 0, 2, 0.10000000149011612 ], "texture": "#0" }
    }
},
{
    "from": [ 8, 3.2, 7 ],
    "to": [ 9, 3.3, 9 ],
    "faces": {
        "down":  { "uv": [ 0, 0, 16, 16 ], "texture": "#0" },
        "up":    { "uv": [ 0, 0, 16, 16 ], "texture": "#0" },
        "north": { "uv": [ 0, 0, 1, 0.10000000149011612 ], "texture": "#0" },
        "south": { "uv": [ 0, 0, 1, 0.10000000149011612 ], "texture": "#0" },
        "west":  { "uv": [ 0, 0, 2, 0.10000000149011612 ], "texture": "#0" },
        "east":  { "uv": [ 0, 0, 2, 0.10000000149011612 ], "texture": "#0" }
    }
},
{
    "from": [ 8, 3.4, 7 ],
    "to": [ 9, 3.5, 9 ],
    "faces": {
        "down":  { "uv": [ 0, 0, 16, 16 ], "texture": "#0" },
        "up":    { "uv": [ 0, 0, 16, 16 ], "texture": "#0" },
        "north": { "uv": [ 0, 0, 1, 0.10000000149011612 ], "texture": "#0" },
        "south": { "uv": [ 0, 0, 1, 0.10000000149011612 ], "texture": "#0" },
        "west":  { "uv": [ 0, 0, 2, 0.10000000149011612 ], "texture": "#0" },
        "east":  { "uv": [ 0, 0, 2, 0.10000000149011612 ], "texture": "#0" }
    }
},
{
    "from": [ 8, 3.6, 7 ],
    "to": [ 9, 3.7, 9 ],
    "faces": {
        "down":  { "uv": [ 0, 0, 16, 16 ], "texture": "#0" },
        "up":    { "uv": [ 0, 0, 16, 16 ], "texture": "#0" },
        "north": { "uv": [ 0, 0, 1, 0.10000000149011612 ], "texture": "#0" },
        "south": { "uv": [ 0, 0, 1, 0.10000000149011612 ], "texture": "#0" },
        "west":  { "uv": [ 0, 0, 2, 0.10000000149011612 ], "texture": "#0" },
        "east":  { "uv": [ 0, 0, 2, 0.10000000149011612 ], "texture": "#0" }
    }
},
{
    "from": [ 8, 3.8, 7 ],
    "to": [ 9, 3.9, 9 ],
    "faces": {
        "down":  { "uv": [ 0, 0, 16, 16 ], "texture": "#0" },
        "up":    { "uv": [ 0, 0, 16, 16 ], "texture": "#0" },
        "north": { "uv": [ 0, 0, 1, 0.10000000149011612 ], "texture": "#0" },
        "south": { "uv": [ 0, 0, 1, 0.10000000149011612 ], "texture": "#0" },
        "west":  { "uv": [ 0, 0, 2, 0.10000000149011612 ], "texture": "#0" },
        "east":  { "uv": [ 0, 0, 2, 0.10000000149011612 ], "texture": "#0" }
    }
},
{
    "from": [ 8, 4, 7 ],
    "to": [ 9, 4.1, 9 ],
    "faces": {
        "down":  { "uv": [ 0, 0, 16, 16 ], "texture": "#0" },
        "up":    { "uv": [ 0, 0, 16, 16 ], "texture": "#0" },
        "north": { "uv": [ 0, 0, 1, 0.10000000149011612 ], "texture": "#0" },
        "south": { "uv": [ 0, 0, 1, 0.10000000149011612 ], "texture": "#0" },
        "west":  { "uv": [ 0, 0, 2, 0.10000000149011612 ], "texture": "#0" },
        "east":  { "uv": [ 0, 0, 2, 0.10000000149011612 ], "texture": "#0" }
    }
},
{
    "from": [ 7, 0.9, 7 ],
    "to": [ 8, 4.2, 9 ],
    "faces": {
        "down":  { "uv": [ 0, 0, 16, 16 ], "texture": "#0" },
        "up":    { "uv": [ 0, 0, 16, 16 ], "texture": "#0" },
        "north": { "uv": [ 0, 0, 1, 0.30000001192092896 ], "texture": "#0" },
        "south": { "uv": [ 0, 0, 1, 0.30000001192092896 ], "texture": "#0" },
        "west":  { "uv": [ 0, 0, 2, 0.30000001192092896 ], "texture": "#0" },
        "east":  { "uv": [ 0, 0, 2, 0.30000001192092896 ], "texture": "#0" }
    }
},
{
    "from": [ 7, 4.2, 7 ],
    "to": [ 9, 4.5, 9 ],
    "faces": {
        "down":  { "uv": [ 0, 0, 16, 16 ], "texture": "#0" },
        "up":    { "uv": [ 0, 0, 16, 16 ], "texture": "#0" },
        "north": { "uv": [ 0, 0, 2, 0.30000001192092896 ], "texture": "#0" },
        "south": { "uv": [ 0, 0, 2, 0.30000001192092896 ], "texture": "#0" },
        "west":  { "uv": [ 0, 0, 2, 0.30000001192092896 ], "texture": "#0" },
        "east":  { "uv": [ 0, 0, 2, 0.30000001192092896 ], "texture": "#0" }
    }
},
{
    "from": [ 7, 4.5, 7 ],
    "to": [ 8.8, 5, 9 ],
    "faces": {
        "down":  { "uv": [ 0, 0, 16, 16 ], "texture": "#0" },
        "up":    { "uv": [ 0, 0, 16, 16 ], "texture": "#0" },
        "north": { "uv": [ 0, 0, 1.7999999523162842, 0.5 ], "texture": "#0" },
        "south": { "uv": [ 0, 0, 1.7999999523162842, 0.5 ], "texture": "#0" },
        "west":  { "uv": [ 0, 0, 2, 0.5 ], "texture": "#0" },
        "east":  { "uv": [ 0, 0, 2, 0.5 ], "texture": "#0" }
    }
},
{
    "from": [ 7, 5, 7 ],
    "to": [ 9, 5.3, 9 ],
    "faces": {
        "down":  { "uv": [ 0, 0, 16, 16 ], "texture": "#0" },
        "up":    { "uv": [ 0, 0, 16, 16 ], "texture": "#0" },
        "north": { "uv": [ 0, 0, 2, 0.30000001192092896 ], "texture": "#0" },
        "south": { "uv": [ 0, 0, 2, 0.30000001192092896 ], "texture": "#0" },
        "west":  { "uv": [ 0, 0, 2, 0.30000001192092896 ], "texture": "#0" },
        "east":  { "uv": [ 0, 0, 2, 0.30000001192092896 ], "texture": "#0" }
    }
},
{
    "from": [ 7.3, 5.3, 7.3 ],
    "to": [ 8.7, 28.3, 8.7 ],
    "faces": {
        "down":  { "uv": [ 0, 0, 1.4, 1.4 ], "texture": "#2" },
        "up":    { "uv": [ 0, 0, 1.3999999761581421, 1.3999999761581421 ], "texture": "#2" },
        "north": { "uv": [ 0, 0, 1.3999999761581421, 16 ], "texture": "#2" },
        "south": { "uv": [ 0, 0, 1.3999999761581421, 16 ], "texture": "#2" },
        "west":  { "uv": [ 0, 0, 1.3999999761581421, 16 ], "texture": "#2" },
        "east":  { "uv": [ 0, 0, 1.3999999761581421, 16 ], "texture": "#2" }
    }
}
],
"display": {
    "thirdperson_righthand": {
        "rotation": [ 31, 77, -11 ],
        "translation": [ 0.94, 3.02, 1.12 ],
        "scale": [ 0.7, 0.7, 0.7 ]
    },
    "thirdperson_lefthand": {
        "rotation": [ 6, -81, -11 ],
        "translation": [ 0.94, 3.02, 1.12 ],
        "scale": [ 0.7, 0.7, 0.7 ]
    },
    "head": {
        "rotation": [ 0, 180, 0 ],
        "translation": [ 0, -30.5, 0 ],
        "scale": [ 1.6, 1.6, 1.6 ]
    },
    "ground": {
        "rotation": [ 0, 0, 0 ],
        "translation": [ 0, 2, 0 ],
        "scale": [ 0.5, 0.5, 0.5 ]
    },
    "fixed": {
        "rotation": [ 0, 0, 0 ],
        "translation": [ 0, -2.27, 0 ],
        "scale": [ 0.5, 0.5, 0.5 ]
    },
    "firstperson_righthand": {
        "rotation": [ -21, 84, 0 ],
        "translation": [ 0, 4.91, 0 ],
        "scale": [ 1, 1, 1 ]
    },
    "firstperson_lefthand": {
        "rotation": [ -21, 84, 0 ],
        "translation": [ 0, 4.91, 0 ],
        "scale": [ 1, 1, 1 ]
    },
    "gui": {
        "rotation": [ 35, 35, -34 ],
        "translation": [ 0, -2.27, 0 ],
        "scale": [ 0.5, 0.5, 0.5 ]
    }
}
}