{
	"__comment": "Designed by Monsterfish_ with Cubik Studio - https://cubik.studio",
	"textures": {
		"particle": "blocks/flowercrown",
		"mesh_palette": "blocks/flowercrown"
	},
	"elements": [ 	 
		{
			"__comment": "Voxels-DE006F",
			"from": [ 0, -1, 6 ],
			"to": [ 1, 0, 7 ],
			"faces": {
				"down": { "uv": [ 4.48, 2.48, 5.52, 3.52 ], "texture": "#mesh_palette" },
				"north": { "uv": [ 4.48, 2.48, 5.52, 3.52 ], "texture": "#mesh_palette" },
				"south": { "uv": [ 4.48, 2.48, 5.52, 3.52 ], "texture": "#mesh_palette" },
				"west": { "uv": [ 4.48, 2.48, 5.52, 3.52 ], "texture": "#mesh_palette" },
				"east": { "uv": [ 4.48, 2.48, 5.52, 3.52 ], "texture": "#mesh_palette" }
			}
		},
		{
			"__comment": "Voxels-3A84FF",
			"from": [ 0, 0, 2 ],
			"to": [ 1, 1, 3 ],
			"faces": {
				"down": { "uv": [ 10.48, 0.4799995, 11.52, 1.52 ], "texture": "#mesh_palette", "cullface": "down" },
				"up": { "uv": [ 10.48, 0.4799995, 11.52, 1.52 ], "texture": "#mesh_palette" },
				"north": { "uv": [ 10.48, 0.4799995, 11.52, 1.52 ], "texture": "#mesh_palette" },
				"south": { "uv": [ 10.48, 0.4799995, 11.52, 1.52 ], "texture": "#mesh_palette" },
				"west": { "uv": [ 10.48, 0.4799995, 11.52, 1.52 ], "texture": "#mesh_palette", "cullface": "west" }
			}
		},
		{
			"__comment": "Voxels-DE006F",
			"from": [ 0, 0, 5 ],
			"to": [ 1, 1, 6 ],
			"faces": {
				"down": { "uv": [ 4.48, 2.48, 5.52, 3.52 ], "texture": "#mesh_palette", "cullface": "down" },
				"up": { "uv": [ 4.48, 2.48, 5.52, 3.52 ], "texture": "#mesh_palette" },
				"north": { "uv": [ 4.48, 2.48, 5.52, 3.52 ], "texture": "#mesh_palette" },
				"west": { "uv": [ 4.48, 2.48, 5.52, 3.52 ], "texture": "#mesh_palette", "cullface": "west" }
			}
		},
		{
			"__comment": "Voxels-B8005C",
			"from": [ 0, 0, 6 ],
			"to": [ 1, 1, 7 ],
			"faces": {
				"west": { "uv": [ 0.48, 4.48, 1.52, 5.52 ], "texture": "#mesh_palette", "cullface": "west" }
			}
		},
		{
			"__comment": "Voxels-DE006F",
			"from": [ 0, 0, 7 ],
			"to": [ 1, 1, 8 ],
			"faces": {
				"down": { "uv": [ 4.48, 2.48, 5.52, 3.52 ], "texture": "#mesh_palette", "cullface": "down" },
				"up": { "uv": [ 4.48, 2.48, 5.52, 3.52 ], "texture": "#mesh_palette" },
				"south": { "uv": [ 4.48, 2.48, 5.52, 3.52 ], "texture": "#mesh_palette" },
				"west": { "uv": [ 4.48, 2.48, 5.52, 3.52 ], "texture": "#mesh_palette", "cullface": "west" }
			}
		},
		{
			"__comment": "Voxels-DEDE00",
			"from": [ 0, 0, 11 ],
			"to": [ 1, 1, 12 ],
			"faces": {
				"down": { "uv": [ 8.48, 0.4799995, 9.52, 1.52 ], "texture": "#mesh_palette", "cullface": "down" },
				"up": { "uv": [ 8.48, 0.4799995, 9.52, 1.52 ], "texture": "#mesh_palette" },
				"north": { "uv": [ 8.48, 0.4799995, 9.52, 1.52 ], "texture": "#mesh_palette" },
				"south": { "uv": [ 8.48, 0.4799995, 9.52, 1.52 ], "texture": "#mesh_palette" },
				"west": { "uv": [ 8.48, 0.4799995, 9.52, 1.52 ], "texture": "#mesh_palette", "cullface": "west" }
			}
		},
		{
			"__comment": "Voxels-DEDE00",
			"from": [ 0, 0, 13 ],
			"to": [ 1, 1, 14 ],
			"faces": {
				"down": { "uv": [ 8.48, 0.4799995, 9.52, 1.52 ], "texture": "#mesh_palette", "cullface": "down" },
				"up": { "uv": [ 8.48, 0.4799995, 9.52, 1.52 ], "texture": "#mesh_palette" },
				"north": { "uv": [ 8.48, 0.4799995, 9.52, 1.52 ], "texture": "#mesh_palette" },
				"south": { "uv": [ 8.48, 0.4799995, 9.52, 1.52 ], "texture": "#mesh_palette" },
				"west": { "uv": [ 8.48, 0.4799995, 9.52, 1.52 ], "texture": "#mesh_palette", "cullface": "west" }
			}
		},
		{
			"__comment": "Voxels-FF6B3A",
			"from": [ 0, 1, 3 ],
			"to": [ 1, 2, 4 ],
			"faces": {
				"down": { "uv": [ 14.48, 0.4799995, 15.52, 1.52 ], "texture": "#mesh_palette" },
				"north": { "uv": [ 14.48, 0.4799995, 15.52, 1.52 ], "texture": "#mesh_palette" },
				"south": { "uv": [ 14.48, 0.4799995, 15.52, 1.52 ], "texture": "#mesh_palette" },
				"west": { "uv": [ 14.48, 0.4799995, 15.52, 1.52 ], "texture": "#mesh_palette", "cullface": "west" }
			}
		},
		{
			"__comment": "Voxels-DE006F",
			"from": [ 0, 1, 6 ],
			"to": [ 1, 2, 7 ],
			"faces": {
				"up": { "uv": [ 4.48, 2.48, 5.52, 3.52 ], "texture": "#mesh_palette" },
				"north": { "uv": [ 4.48, 2.48, 5.52, 3.52 ], "texture": "#mesh_palette" },
				"south": { "uv": [ 4.48, 2.48, 5.52, 3.52 ], "texture": "#mesh_palette" },
				"west": { "uv": [ 4.48, 2.48, 5.52, 3.52 ], "texture": "#mesh_palette", "cullface": "west" }
			}
		},
		{
			"__comment": "Voxels-3A84FF",
			"from": [ 0, 1, 8 ],
			"to": [ 1, 2, 9 ],
			"faces": {
				"down": { "uv": [ 10.48, 0.4799995, 11.52, 1.52 ], "texture": "#mesh_palette" },
				"north": { "uv": [ 10.48, 0.4799995, 11.52, 1.52 ], "texture": "#mesh_palette" },
				"south": { "uv": [ 10.48, 0.4799995, 11.52, 1.52 ], "texture": "#mesh_palette" },
				"west": { "uv": [ 10.48, 0.4799995, 11.52, 1.52 ], "texture": "#mesh_palette", "cullface": "west" }
			}
		},
		{
			"__comment": "Voxels-B7B700",
			"from": [ 0, 1, 12 ],
			"to": [ 1, 2, 13 ],
			"faces": {
				"down": { "uv": [ 2.48, 4.48, 3.52, 5.52 ], "texture": "#mesh_palette" },
				"up": { "uv": [ 2.48, 4.48, 3.52, 5.52 ], "texture": "#mesh_palette" },
				"north": { "uv": [ 2.48, 4.48, 3.52, 5.52 ], "texture": "#mesh_palette" },
				"south": { "uv": [ 2.48, 4.48, 3.52, 5.52 ], "texture": "#mesh_palette" },
				"west": { "uv": [ 2.48, 4.48, 3.52, 5.52 ], "texture": "#mesh_palette", "cullface": "west" }
			}
		},
		{
			"__comment": "Voxels-FF6B3A",
			"from": [ 0, 2, 2 ],
			"to": [ 1, 3, 3 ],
			"faces": {
				"down": { "uv": [ 14.48, 0.4799995, 15.52, 1.52 ], "texture": "#mesh_palette" },
				"up": { "uv": [ 14.48, 0.4799995, 15.52, 1.52 ], "texture": "#mesh_palette" },
				"north": { "uv": [ 14.48, 0.4799995, 15.52, 1.52 ], "texture": "#mesh_palette" },
				"west": { "uv": [ 14.48, 0.4799995, 15.52, 1.52 ], "texture": "#mesh_palette", "cullface": "west" }
			}
		},
		{
			"__comment": "Voxels-FF4000",
			"from": [ 0, 2, 3 ],
			"to": [ 1, 3, 4 ],
			"faces": {
				"west": { "uv": [ 10.48, 2.48, 11.52, 3.52 ], "texture": "#mesh_palette", "cullface": "west" }
			}
		},
		{
			"__comment": "Voxels-FF6B3A",
			"from": [ 0, 2, 4 ],
			"to": [ 1, 3, 5 ],
			"faces": {
				"down": { "uv": [ 14.48, 0.4799995, 15.52, 1.52 ], "texture": "#mesh_palette" },
				"up": { "uv": [ 14.48, 0.4799995, 15.52, 1.52 ], "texture": "#mesh_palette" },
				"south": { "uv": [ 14.48, 0.4799995, 15.52, 1.52 ], "texture": "#mesh_palette" },
				"west": { "uv": [ 14.48, 0.4799995, 15.52, 1.52 ], "texture": "#mesh_palette", "cullface": "west" }
			}
		},
		{
			"__comment": "Voxels-3A84FF",
			"from": [ 0, 2, 7 ],
			"to": [ 1, 3, 8 ],
			"faces": {
				"down": { "uv": [ 10.48, 0.4799995, 11.52, 1.52 ], "texture": "#mesh_palette" },
				"up": { "uv": [ 10.48, 0.4799995, 11.52, 1.52 ], "texture": "#mesh_palette" },
				"north": { "uv": [ 10.48, 0.4799995, 11.52, 1.52 ], "texture": "#mesh_palette" },
				"west": { "uv": [ 10.48, 0.4799995, 11.52, 1.52 ], "texture": "#mesh_palette", "cullface": "west" }
			}
		},
		{
			"__comment": "Voxels-0060FF",
			"from": [ 0, 2, 8 ],
			"to": [ 1, 3, 9 ],
			"faces": {
				"up": { "uv": [ 6.48, 2.48, 7.52, 3.52 ], "texture": "#mesh_palette" },
				"west": { "uv": [ 6.48, 2.48, 7.52, 3.52 ], "texture": "#mesh_palette", "cullface": "west" }
			}
		},
		{
			"__comment": "Voxels-3A84FF",
			"from": [ 0, 2, 9 ],
			"to": [ 1, 3, 10 ],
			"faces": {
				"down": { "uv": [ 10.48, 0.4799995, 11.52, 1.52 ], "texture": "#mesh_palette" },
				"up": { "uv": [ 10.48, 0.4799995, 11.52, 1.52 ], "texture": "#mesh_palette" },
				"south": { "uv": [ 10.48, 0.4799995, 11.52, 1.52 ], "texture": "#mesh_palette" },
				"west": { "uv": [ 10.48, 0.4799995, 11.52, 1.52 ], "texture": "#mesh_palette", "cullface": "west" }
			}
		},
		{
			"__comment": "Voxels-DEDE00",
			"from": [ 0, 2, 11 ],
			"to": [ 1, 3, 12 ],
			"faces": {
				"down": { "uv": [ 8.48, 0.4799995, 9.52, 1.52 ], "texture": "#mesh_palette" },
				"up": { "uv": [ 8.48, 0.4799995, 9.52, 1.52 ], "texture": "#mesh_palette" },
				"north": { "uv": [ 8.48, 0.4799995, 9.52, 1.52 ], "texture": "#mesh_palette" },
				"south": { "uv": [ 8.48, 0.4799995, 9.52, 1.52 ], "texture": "#mesh_palette" },
				"west": { "uv": [ 8.48, 0.4799995, 9.52, 1.52 ], "texture": "#mesh_palette", "cullface": "west" }
			}
		},
		{
			"__comment": "Voxels-DEDE00",
			"from": [ 0, 2, 13 ],
			"to": [ 1, 3, 14 ],
			"faces": {
				"down": { "uv": [ 8.48, 0.4799995, 9.52, 1.52 ], "texture": "#mesh_palette" },
				"up": { "uv": [ 8.48, 0.4799995, 9.52, 1.52 ], "texture": "#mesh_palette" },
				"north": { "uv": [ 8.48, 0.4799995, 9.52, 1.52 ], "texture": "#mesh_palette" },
				"south": { "uv": [ 8.48, 0.4799995, 9.52, 1.52 ], "texture": "#mesh_palette" },
				"west": { "uv": [ 8.48, 0.4799995, 9.52, 1.52 ], "texture": "#mesh_palette", "cullface": "west" }
			}
		},
		{
			"__comment": "Voxels-FF6B3A",
			"from": [ 0, 3, 3 ],
			"to": [ 1, 4, 4 ],
			"faces": {
				"up": { "uv": [ 14.48, 0.4799995, 15.52, 1.52 ], "texture": "#mesh_palette" },
				"north": { "uv": [ 14.48, 0.4799995, 15.52, 1.52 ], "texture": "#mesh_palette" },
				"south": { "uv": [ 14.48, 0.4799995, 15.52, 1.52 ], "texture": "#mesh_palette" },
				"west": { "uv": [ 14.48, 0.4799995, 15.52, 1.52 ], "texture": "#mesh_palette", "cullface": "west" },
				"east": { "uv": [ 14.48, 0.4799995, 15.52, 1.52 ], "texture": "#mesh_palette" }
			}
		},
		{
			"__comment": "Voxels-3A84FF",
			"from": [ 1, -1, 1 ],
			"to": [ 2, 0, 2 ],
			"faces": {
				"down": { "uv": [ 10.48, 0.4799995, 11.52, 1.52 ], "texture": "#mesh_palette", "cullface": "down" },
				"north": { "uv": [ 10.48, 0.4799995, 11.52, 1.52 ], "texture": "#mesh_palette", "cullface": "down" },
				"south": { "uv": [ 10.48, 0.4799995, 11.52, 1.52 ], "texture": "#mesh_palette", "cullface": "down" },
				"west": { "uv": [ 10.48, 0.4799995, 11.52, 1.52 ], "texture": "#mesh_palette", "cullface": "down" },
				"east": { "uv": [ 10.48, 0.4799995, 11.52, 1.52 ], "texture": "#mesh_palette", "cullface": "down" }
			}
		},
		{
			"__comment": "Voxels-0060FF",
			"from": [ 1, 0, 1 ],
			"to": [ 2, 1, 2 ],
			"faces": {
				"north": { "uv": [ 6.48, 2.48, 7.52, 3.52 ], "texture": "#mesh_palette" },
				"west": { "uv": [ 6.48, 2.48, 7.52, 3.52 ], "texture": "#mesh_palette" },
				"east": { "uv": [ 6.48, 2.48, 7.52, 3.52 ], "texture": "#mesh_palette" }
			}
		},
		{
			"__comment": "Voxels-005E00",
			"from": [ 1, 0, 2 ],
			"to": [ 2, 2, 3 ],
			"faces": {
				"down": { "uv": [ 12.48, 2.48, 13.52, 3.52 ], "texture": "#mesh_palette", "cullface": "down" },
				"north": { "uv": [ 12.48, 2.48, 13.52, 3.52 ], "texture": "#mesh_palette" },
				"south": { "uv": [ 12.48, 2.48, 13.52, 3.52 ], "texture": "#mesh_palette" },
				"west": { "uv": [ 12.48, 2.48, 13.52, 3.52 ], "texture": "#mesh_palette" },
				"east": { "uv": [ 12.48, 2.48, 13.52, 3.52 ], "texture": "#mesh_palette" }
			}
		},
		{
			"__comment": "Voxels-005E00",
			"from": [ 1, 0, 3 ],
			"to": [ 2, 1, 6 ],
			"faces": {
				"down": { "uv": [ 12.48, 2.48, 13.52, 3.52 ], "texture": "#mesh_palette", "cullface": "down" },
				"west": { "uv": [ 12.48, 2.48, 13.52, 3.52 ], "texture": "#mesh_palette" },
				"east": { "uv": [ 12.48, 2.48, 13.52, 3.52 ], "texture": "#mesh_palette" }
			}
		},
		{
			"__comment": "Voxels-004400",
			"from": [ 1, 0, 6 ],
			"to": [ 2, 1, 9 ],
			"faces": {
				"down": { "uv": [ 6.48, 4.48, 7.52, 5.52 ], "texture": "#mesh_palette", "cullface": "down" },
				"up": { "uv": [ 6.48, 4.48, 7.52, 5.52 ], "texture": "#mesh_palette" },
				"west": { "uv": [ 6.48, 4.48, 7.52, 5.52 ], "texture": "#mesh_palette" },
				"east": { "uv": [ 6.48, 4.48, 7.52, 5.52 ], "texture": "#mesh_palette" }
			}
		},
		{
			"__comment": "Voxels-005E00",
			"from": [ 1, 0, 9 ],
			"to": [ 2, 2, 10 ],
			"faces": {
				"down": { "uv": [ 12.48, 2.48, 13.52, 3.52 ], "texture": "#mesh_palette", "cullface": "down" },
				"north": { "uv": [ 12.48, 2.48, 13.52, 3.52 ], "texture": "#mesh_palette" },
				"south": { "uv": [ 12.48, 2.48, 13.52, 3.52 ], "texture": "#mesh_palette" },
				"west": { "uv": [ 12.48, 2.48, 13.52, 3.52 ], "texture": "#mesh_palette" },
				"east": { "uv": [ 12.48, 2.48, 13.52, 3.52 ], "texture": "#mesh_palette" }
			}
		},
		{
			"__comment": "Voxels-005E00",
			"from": [ 1, 0, 10 ],
			"to": [ 2, 1, 14 ],
			"faces": {
				"down": { "uv": [ 12.48, 2.48, 13.52, 3.52 ], "texture": "#mesh_palette", "cullface": "down" },
				"south": { "uv": [ 12.48, 2.48, 13.52, 3.52 ], "texture": "#mesh_palette" },
				"west": { "uv": [ 12.48, 2.48, 13.52, 3.52 ], "texture": "#mesh_palette" },
				"east": { "uv": [ 12.48, 2.48, 13.52, 3.52 ], "texture": "#mesh_palette" }
			}
		},
		{
			"__comment": "Voxels-3A84FF",
			"from": [ 1, 1, 1 ],
			"to": [ 2, 2, 2 ],
			"faces": {
				"up": { "uv": [ 10.48, 0.4799995, 11.52, 1.52 ], "texture": "#mesh_palette" },
				"north": { "uv": [ 10.48, 0.4799995, 11.52, 1.52 ], "texture": "#mesh_palette" },
				"west": { "uv": [ 10.48, 0.4799995, 11.52, 1.52 ], "texture": "#mesh_palette" },
				"east": { "uv": [ 10.48, 0.4799995, 11.52, 1.52 ], "texture": "#mesh_palette" }
			}
		},
		{
			"__comment": "Voxels-007900",
			"from": [ 1, 1, 3 ],
			"to": [ 2, 2, 6 ],
			"faces": {
				"up": { "uv": [ 6.48, 0.4799995, 7.52, 1.52 ], "texture": "#mesh_palette" },
				"west": { "uv": [ 6.48, 0.4799995, 7.52, 1.52 ], "texture": "#mesh_palette" },
				"east": { "uv": [ 6.48, 0.4799995, 7.52, 1.52 ], "texture": "#mesh_palette" }
			}
		},
		{
			"__comment": "Voxels-005E00",
			"from": [ 1, 1, 6 ],
			"to": [ 2, 2, 8 ],
			"faces": {
				"west": { "uv": [ 12.48, 2.48, 13.52, 3.52 ], "texture": "#mesh_palette" },
				"east": { "uv": [ 12.48, 2.48, 13.52, 3.52 ], "texture": "#mesh_palette" }
			}
		},
		{
			"__comment": "Voxels-007900",
			"from": [ 1, 1, 8 ],
			"to": [ 2, 2, 9 ],
			"faces": {
				"east": { "uv": [ 6.48, 0.4799995, 7.52, 1.52 ], "texture": "#mesh_palette" }
			}
		},
		{
			"__comment": "Voxels-007900",
			"from": [ 1, 1, 10 ],
			"to": [ 2, 2, 14 ],
			"faces": {
				"up": { "uv": [ 6.48, 0.4799995, 7.52, 1.52 ], "texture": "#mesh_palette" },
				"south": { "uv": [ 6.48, 0.4799995, 7.52, 1.52 ], "texture": "#mesh_palette" },
				"west": { "uv": [ 6.48, 0.4799995, 7.52, 1.52 ], "texture": "#mesh_palette" },
				"east": { "uv": [ 6.48, 0.4799995, 7.52, 1.52 ], "texture": "#mesh_palette" }
			}
		},
		{
			"__comment": "Voxels-71D6FF",
			"from": [ 1, 1, 15 ],
			"to": [ 2, 2, 16 ],
			"faces": {
				"down": { "uv": [ 12.48, 0.4799995, 13.52, 1.52 ], "texture": "#mesh_palette" },
				"up": { "uv": [ 12.48, 0.4799995, 13.52, 1.52 ], "texture": "#mesh_palette" },
				"north": { "uv": [ 12.48, 0.4799995, 13.52, 1.52 ], "texture": "#mesh_palette" },
				"south": { "uv": [ 12.48, 0.4799995, 13.52, 1.52 ], "texture": "#mesh_palette", "cullface": "south" },
				"west": { "uv": [ 12.48, 0.4799995, 13.52, 1.52 ], "texture": "#mesh_palette" },
				"east": { "uv": [ 12.48, 0.4799995, 13.52, 1.52 ], "texture": "#mesh_palette" }
			}
		},
		{
			"__comment": "Voxels-007900",
			"from": [ 1, 2, 2 ],
			"to": [ 2, 3, 3 ],
			"faces": {
				"up": { "uv": [ 6.48, 0.4799995, 7.52, 1.52 ], "texture": "#mesh_palette" },
				"north": { "uv": [ 6.48, 0.4799995, 7.52, 1.52 ], "texture": "#mesh_palette" },
				"east": { "uv": [ 6.48, 0.4799995, 7.52, 1.52 ], "texture": "#mesh_palette" }
			}
		},
		{
			"__comment": "Voxels-00B700",
			"from": [ 1, 2, 3 ],
			"to": [ 2, 3, 4 ],
			"faces": {
				"up": { "uv": [ 4.48, 4.48, 5.52, 5.52 ], "texture": "#mesh_palette" },
				"east": { "uv": [ 4.48, 4.48, 5.52, 5.52 ], "texture": "#mesh_palette" }
			}
		},
		{
			"__comment": "Voxels-009B00",
			"from": [ 1, 2, 4 ],
			"to": [ 2, 3, 5 ],
			"faces": {
				"up": { "uv": [ 14.48, 2.48, 15.52, 3.52 ], "texture": "#mesh_palette" },
				"east": { "uv": [ 14.48, 2.48, 15.52, 3.52 ], "texture": "#mesh_palette" }
			}
		},
		{
			"__comment": "Voxels-00B700",
			"from": [ 1, 2, 5 ],
			"to": [ 2, 3, 6 ],
			"faces": {
				"up": { "uv": [ 4.48, 4.48, 5.52, 5.52 ], "texture": "#mesh_palette" },
				"west": { "uv": [ 4.48, 4.48, 5.52, 5.52 ], "texture": "#mesh_palette" },
				"east": { "uv": [ 4.48, 4.48, 5.52, 5.52 ], "texture": "#mesh_palette" }
			}
		},
		{
			"__comment": "Voxels-009B00",
			"from": [ 1, 2, 6 ],
			"to": [ 2, 3, 11 ],
			"faces": {
				"down": { "uv": [ 14.48, 2.48, 15.52, 3.52 ], "texture": "#mesh_palette" },
				"up": { "uv": [ 14.48, 2.48, 15.52, 3.52 ], "texture": "#mesh_palette" },
				"west": { "uv": [ 14.48, 2.48, 15.52, 3.52 ], "texture": "#mesh_palette" },
				"east": { "uv": [ 14.48, 2.48, 15.52, 3.52 ], "texture": "#mesh_palette" }
			}
		},
		{
			"__comment": "Voxels-00B700",
			"from": [ 1, 2, 11 ],
			"to": [ 2, 3, 12 ],
			"faces": {
				"up": { "uv": [ 4.48, 4.48, 5.52, 5.52 ], "texture": "#mesh_palette" },
				"east": { "uv": [ 4.48, 4.48, 5.52, 5.52 ], "texture": "#mesh_palette" }
			}
		},
		{
			"__comment": "Voxels-009B00",
			"from": [ 1, 2, 12 ],
			"to": [ 2, 3, 14 ],
			"faces": {
				"up": { "uv": [ 14.48, 2.48, 15.52, 3.52 ], "texture": "#mesh_palette" },
				"west": { "uv": [ 14.48, 2.48, 15.52, 3.52 ], "texture": "#mesh_palette" },
				"east": { "uv": [ 14.48, 2.48, 15.52, 3.52 ], "texture": "#mesh_palette" }
			}
		},
		{
			"__comment": "Voxels-71D6FF",
			"from": [ 1, 2, 14 ],
			"to": [ 3, 3, 15 ],
			"faces": {
				"down": { "uv": [ 12.48, 0.4799995, 13.52, 1.52 ], "texture": "#mesh_palette" },
				"up": { "uv": [ 12.48, 0.4799995, 13.52, 1.52 ], "texture": "#mesh_palette" },
				"north": { "uv": [ 12.48, 0.4799995, 13.52, 1.52 ], "texture": "#mesh_palette" },
				"south": { "uv": [ 12.48, 0.4799995, 13.52, 1.52 ], "texture": "#mesh_palette" },
				"west": { "uv": [ 12.48, 0.4799995, 13.52, 1.52 ], "texture": "#mesh_palette" }
			}
		},
		{
			"__comment": "Voxels-3A84FF",
			"from": [ 1, 3, 8 ],
			"to": [ 2, 4, 9 ],
			"faces": {
				"up": { "uv": [ 10.48, 0.4799995, 11.52, 1.52 ], "texture": "#mesh_palette" },
				"north": { "uv": [ 10.48, 0.4799995, 11.52, 1.52 ], "texture": "#mesh_palette" },
				"south": { "uv": [ 10.48, 0.4799995, 11.52, 1.52 ], "texture": "#mesh_palette" },
				"west": { "uv": [ 10.48, 0.4799995, 11.52, 1.52 ], "texture": "#mesh_palette" },
				"east": { "uv": [ 10.48, 0.4799995, 11.52, 1.52 ], "texture": "#mesh_palette" }
			}
		},
		{
			"__comment": "Voxels-3A84FF",
			"from": [ 2, 0, 0 ],
			"to": [ 3, 1, 1 ],
			"faces": {
				"down": { "uv": [ 10.48, 0.4799995, 11.52, 1.52 ], "texture": "#mesh_palette", "cullface": "down" },
				"up": { "uv": [ 10.48, 0.4799995, 11.52, 1.52 ], "texture": "#mesh_palette" },
				"north": { "uv": [ 10.48, 0.4799995, 11.52, 1.52 ], "texture": "#mesh_palette", "cullface": "north" },
				"south": { "uv": [ 10.48, 0.4799995, 11.52, 1.52 ], "texture": "#mesh_palette" },
				"west": { "uv": [ 10.48, 0.4799995, 11.52, 1.52 ], "texture": "#mesh_palette" },
				"east": { "uv": [ 10.48, 0.4799995, 11.52, 1.52 ], "texture": "#mesh_palette" }
			}
		},
		{
			"__comment": "Voxels-005E00",
			"from": [ 2, 0, 13 ],
			"to": [ 3, 1, 15 ],
			"faces": {
				"down": { "uv": [ 12.48, 2.48, 13.52, 3.52 ], "texture": "#mesh_palette", "cullface": "down" },
				"north": { "uv": [ 12.48, 2.48, 13.52, 3.52 ], "texture": "#mesh_palette" },
				"south": { "uv": [ 12.48, 2.48, 13.52, 3.52 ], "texture": "#mesh_palette" },
				"west": { "uv": [ 12.48, 2.48, 13.52, 3.52 ], "texture": "#mesh_palette" },
				"east": { "uv": [ 12.48, 2.48, 13.52, 3.52 ], "texture": "#mesh_palette" }
			}
		},
		{
			"__comment": "Voxels-007900",
			"from": [ 2, 1, 13 ],
			"to": [ 3, 2, 15 ],
			"faces": {
				"up": { "uv": [ 6.48, 0.4799995, 7.52, 1.52 ], "texture": "#mesh_palette" },
				"north": { "uv": [ 6.48, 0.4799995, 7.52, 1.52 ], "texture": "#mesh_palette" },
				"south": { "uv": [ 6.48, 0.4799995, 7.52, 1.52 ], "texture": "#mesh_palette" },
				"west": { "uv": [ 6.48, 0.4799995, 7.52, 1.52 ], "texture": "#mesh_palette" },
				"east": { "uv": [ 6.48, 0.4799995, 7.52, 1.52 ], "texture": "#mesh_palette" }
			}
		},
		{
			"__comment": "Voxels-009B00",
			"from": [ 2, 2, 13 ],
			"to": [ 3, 3, 14 ],
			"faces": {
				"up": { "uv": [ 14.48, 2.48, 15.52, 3.52 ], "texture": "#mesh_palette" },
				"north": { "uv": [ 14.48, 2.48, 15.52, 3.52 ], "texture": "#mesh_palette" },
				"east": { "uv": [ 14.48, 2.48, 15.52, 3.52 ], "texture": "#mesh_palette" }
			}
		},
		{
			"__comment": "Voxels-71D6FF",
			"from": [ 2, 2, 15 ],
			"to": [ 3, 3, 16 ],
			"faces": {
				"down": { "uv": [ 12.48, 0.4799995, 13.52, 1.52 ], "texture": "#mesh_palette" },
				"up": { "uv": [ 12.48, 0.4799995, 13.52, 1.52 ], "texture": "#mesh_palette" },
				"south": { "uv": [ 12.48, 0.4799995, 13.52, 1.52 ], "texture": "#mesh_palette", "cullface": "south" },
				"west": { "uv": [ 12.48, 0.4799995, 13.52, 1.52 ], "texture": "#mesh_palette" },
				"east": { "uv": [ 12.48, 0.4799995, 13.52, 1.52 ], "texture": "#mesh_palette" }
			}
		},
		{
			"__comment": "Voxels-71D6FF",
			"from": [ 2, 3, 14 ],
			"to": [ 3, 4, 15 ],
			"faces": {
				"up": { "uv": [ 12.48, 0.4799995, 13.52, 1.52 ], "texture": "#mesh_palette" },
				"north": { "uv": [ 12.48, 0.4799995, 13.52, 1.52 ], "texture": "#mesh_palette" },
				"south": { "uv": [ 12.48, 0.4799995, 13.52, 1.52 ], "texture": "#mesh_palette" },
				"west": { "uv": [ 12.48, 0.4799995, 13.52, 1.52 ], "texture": "#mesh_palette" },
				"east": { "uv": [ 12.48, 0.4799995, 13.52, 1.52 ], "texture": "#mesh_palette" }
			}
		},
		{
			"__comment": "Voxels-005E00",
			"from": [ 3, 0, 14 ],
			"to": [ 6, 1, 15 ],
			"faces": {
				"down": { "uv": [ 12.48, 2.48, 13.52, 3.52 ], "texture": "#mesh_palette", "cullface": "down" },
				"north": { "uv": [ 12.48, 2.48, 13.52, 3.52 ], "texture": "#mesh_palette" },
				"south": { "uv": [ 12.48, 2.48, 13.52, 3.52 ], "texture": "#mesh_palette" }
			}
		},
		{
			"__comment": "Voxels-007900",
			"from": [ 3, 1, 14 ],
			"to": [ 7, 2, 15 ],
			"faces": {
				"down": { "uv": [ 6.48, 0.4799995, 7.52, 1.52 ], "texture": "#mesh_palette" },
				"up": { "uv": [ 6.48, 0.4799995, 7.52, 1.52 ], "texture": "#mesh_palette" },
				"north": { "uv": [ 6.48, 0.4799995, 7.52, 1.52 ], "texture": "#mesh_palette" },
				"south": { "uv": [ 6.48, 0.4799995, 7.52, 1.52 ], "texture": "#mesh_palette" }
			}
		},
		{
			"__comment": "Voxels-009B00",
			"from": [ 3, 2, 14 ],
			"to": [ 5, 3, 15 ],
			"faces": {
				"up": { "uv": [ 14.48, 2.48, 15.52, 3.52 ], "texture": "#mesh_palette" },
				"north": { "uv": [ 14.48, 2.48, 15.52, 3.52 ], "texture": "#mesh_palette" },
				"south": { "uv": [ 14.48, 2.48, 15.52, 3.52 ], "texture": "#mesh_palette" }
			}
		},
		{
			"__comment": "Voxels-FF6B3A",
			"from": [ 4, 1, 15 ],
			"to": [ 5, 2, 16 ],
			"faces": {
				"down": { "uv": [ 14.48, 0.4799995, 15.52, 1.52 ], "texture": "#mesh_palette" },
				"up": { "uv": [ 14.48, 0.4799995, 15.52, 1.52 ], "texture": "#mesh_palette" },
				"south": { "uv": [ 14.48, 0.4799995, 15.52, 1.52 ], "texture": "#mesh_palette", "cullface": "south" },
				"west": { "uv": [ 14.48, 0.4799995, 15.52, 1.52 ], "texture": "#mesh_palette" }
			}
		},
		{
			"__comment": "Voxels-FF6B3A",
			"from": [ 5, 0, 15 ],
			"to": [ 6, 1, 16 ],
			"faces": {
				"down": { "uv": [ 14.48, 0.4799995, 15.52, 1.52 ], "texture": "#mesh_palette", "cullface": "down" },
				"south": { "uv": [ 14.48, 0.4799995, 15.52, 1.52 ], "texture": "#mesh_palette", "cullface": "south" },
				"west": { "uv": [ 14.48, 0.4799995, 15.52, 1.52 ], "texture": "#mesh_palette" },
				"east": { "uv": [ 14.48, 0.4799995, 15.52, 1.52 ], "texture": "#mesh_palette" }
			}
		},
		{
			"__comment": "Voxels-FF4000",
			"from": [ 5, 1, 15 ],
			"to": [ 6, 2, 16 ],
			"faces": {
				"south": { "uv": [ 10.48, 2.48, 11.52, 3.52 ], "texture": "#mesh_palette", "cullface": "south" }
			}
		},
		{
			"__comment": "Voxels-00B700",
			"from": [ 5, 2, 14 ],
			"to": [ 6, 3, 15 ],
			"faces": {
				"up": { "uv": [ 4.48, 4.48, 5.52, 5.52 ], "texture": "#mesh_palette" },
				"north": { "uv": [ 4.48, 4.48, 5.52, 5.52 ], "texture": "#mesh_palette" }
			}
		},
		{
			"__comment": "Voxels-FF6B3A",
			"from": [ 5, 2, 15 ],
			"to": [ 6, 3, 16 ],
			"faces": {
				"up": { "uv": [ 14.48, 0.4799995, 15.52, 1.52 ], "texture": "#mesh_palette" },
				"south": { "uv": [ 14.48, 0.4799995, 15.52, 1.52 ], "texture": "#mesh_palette", "cullface": "south" },
				"west": { "uv": [ 14.48, 0.4799995, 15.52, 1.52 ], "texture": "#mesh_palette" },
				"east": { "uv": [ 14.48, 0.4799995, 15.52, 1.52 ], "texture": "#mesh_palette" }
			}
		},
		{
			"__comment": "Voxels-004400",
			"from": [ 6, 0, 14 ],
			"to": [ 12, 1, 15 ],
			"faces": {
				"down": { "uv": [ 6.48, 4.48, 7.52, 5.52 ], "texture": "#mesh_palette", "cullface": "down" },
				"up": { "uv": [ 6.48, 4.48, 7.52, 5.52 ], "texture": "#mesh_palette" },
				"north": { "uv": [ 6.48, 4.48, 7.52, 5.52 ], "texture": "#mesh_palette" },
				"south": { "uv": [ 6.48, 4.48, 7.52, 5.52 ], "texture": "#mesh_palette" }
			}
		},
		{
			"__comment": "Voxels-FF6B3A",
			"from": [ 6, 1, 15 ],
			"to": [ 7, 2, 16 ],
			"faces": {
				"down": { "uv": [ 14.48, 0.4799995, 15.52, 1.52 ], "texture": "#mesh_palette" },
				"up": { "uv": [ 14.48, 0.4799995, 15.52, 1.52 ], "texture": "#mesh_palette" },
				"south": { "uv": [ 14.48, 0.4799995, 15.52, 1.52 ], "texture": "#mesh_palette", "cullface": "south" },
				"east": { "uv": [ 14.48, 0.4799995, 15.52, 1.52 ], "texture": "#mesh_palette" }
			}
		},
		{
			"__comment": "Voxels-009B00",
			"from": [ 6, 2, 14 ],
			"to": [ 10, 3, 15 ],
			"faces": {
				"down": { "uv": [ 14.48, 2.48, 15.52, 3.52 ], "texture": "#mesh_palette" },
				"up": { "uv": [ 14.48, 2.48, 15.52, 3.52 ], "texture": "#mesh_palette" },
				"north": { "uv": [ 14.48, 2.48, 15.52, 3.52 ], "texture": "#mesh_palette" },
				"south": { "uv": [ 14.48, 2.48, 15.52, 3.52 ], "texture": "#mesh_palette" }
			}
		},
		{
			"__comment": "Voxels-005E00",
			"from": [ 7, 1, 14 ],
			"to": [ 11, 2, 15 ],
			"faces": {
				"up": { "uv": [ 12.48, 2.48, 13.52, 3.52 ], "texture": "#mesh_palette" },
				"north": { "uv": [ 12.48, 2.48, 13.52, 3.52 ], "texture": "#mesh_palette" },
				"south": { "uv": [ 12.48, 2.48, 13.52, 3.52 ], "texture": "#mesh_palette" }
			}
		},
		{
			"__comment": "Voxels-3A84FF",
			"from": [ 7, 2, 15 ],
			"to": [ 8, 3, 16 ],
			"faces": {
				"down": { "uv": [ 10.48, 0.4799995, 11.52, 1.52 ], "texture": "#mesh_palette" },
				"up": { "uv": [ 10.48, 0.4799995, 11.52, 1.52 ], "texture": "#mesh_palette" },
				"south": { "uv": [ 10.48, 0.4799995, 11.52, 1.52 ], "texture": "#mesh_palette", "cullface": "south" },
				"west": { "uv": [ 10.48, 0.4799995, 11.52, 1.52 ], "texture": "#mesh_palette" }
			}
		},
		{
			"__comment": "Voxels-3A84FF",
			"from": [ 8, 1, 15 ],
			"to": [ 9, 2, 16 ],
			"faces": {
				"down": { "uv": [ 10.48, 0.4799995, 11.52, 1.52 ], "texture": "#mesh_palette" },
				"south": { "uv": [ 10.48, 0.4799995, 11.52, 1.52 ], "texture": "#mesh_palette", "cullface": "south" },
				"west": { "uv": [ 10.48, 0.4799995, 11.52, 1.52 ], "texture": "#mesh_palette" },
				"east": { "uv": [ 10.48, 0.4799995, 11.52, 1.52 ], "texture": "#mesh_palette" }
			}
		},
		{
			"__comment": "Voxels-0060FF",
			"from": [ 8, 2, 15 ],
			"to": [ 9, 3, 16 ],
			"faces": {
				"up": { "uv": [ 6.48, 2.48, 7.52, 3.52 ], "texture": "#mesh_palette" },
				"south": { "uv": [ 6.48, 2.48, 7.52, 3.52 ], "texture": "#mesh_palette", "cullface": "south" }
			}
		},
		{
			"__comment": "Voxels-3A84FF",
			"from": [ 8, 3, 14 ],
			"to": [ 9, 4, 15 ],
			"faces": {
				"up": { "uv": [ 10.48, 0.4799995, 11.52, 1.52 ], "texture": "#mesh_palette" },
				"north": { "uv": [ 10.48, 0.4799995, 11.52, 1.52 ], "texture": "#mesh_palette" },
				"south": { "uv": [ 10.48, 0.4799995, 11.52, 1.52 ], "texture": "#mesh_palette" },
				"west": { "uv": [ 10.48, 0.4799995, 11.52, 1.52 ], "texture": "#mesh_palette" },
				"east": { "uv": [ 10.48, 0.4799995, 11.52, 1.52 ], "texture": "#mesh_palette" }
			}
		},
		{
			"__comment": "Voxels-3A84FF",
			"from": [ 9, 2, 15 ],
			"to": [ 10, 3, 16 ],
			"faces": {
				"down": { "uv": [ 10.48, 0.4799995, 11.52, 1.52 ], "texture": "#mesh_palette" },
				"up": { "uv": [ 10.48, 0.4799995, 11.52, 1.52 ], "texture": "#mesh_palette" },
				"south": { "uv": [ 10.48, 0.4799995, 11.52, 1.52 ], "texture": "#mesh_palette", "cullface": "south" },
				"east": { "uv": [ 10.48, 0.4799995, 11.52, 1.52 ], "texture": "#mesh_palette" }
			}
		},
		{
			"__comment": "Voxels-DEDE00",
			"from": [ 10, -1, 15 ],
			"to": [ 11, 0, 16 ],
			"faces": {
				"down": { "uv": [ 8.48, 0.4799995, 9.52, 1.52 ], "texture": "#mesh_palette" },
				"up": { "uv": [ 8.48, 0.4799995, 9.52, 1.52 ], "texture": "#mesh_palette" },
				"north": { "uv": [ 8.48, 0.4799995, 9.52, 1.52 ], "texture": "#mesh_palette" },
				"south": { "uv": [ 8.48, 0.4799995, 9.52, 1.52 ], "texture": "#mesh_palette" },
				"west": { "uv": [ 8.48, 0.4799995, 9.52, 1.52 ], "texture": "#mesh_palette" },
				"east": { "uv": [ 8.48, 0.4799995, 9.52, 1.52 ], "texture": "#mesh_palette" }
			}
		},
		{
			"__comment": "Voxels-DEDE00",
			"from": [ 10, 1, 15 ],
			"to": [ 11, 2, 16 ],
			"faces": {
				"down": { "uv": [ 8.48, 0.4799995, 9.52, 1.52 ], "texture": "#mesh_palette" },
				"up": { "uv": [ 8.48, 0.4799995, 9.52, 1.52 ], "texture": "#mesh_palette" },
				"south": { "uv": [ 8.48, 0.4799995, 9.52, 1.52 ], "texture": "#mesh_palette", "cullface": "south" },
				"west": { "uv": [ 8.48, 0.4799995, 9.52, 1.52 ], "texture": "#mesh_palette" },
				"east": { "uv": [ 8.48, 0.4799995, 9.52, 1.52 ], "texture": "#mesh_palette" }
			}
		},
		{
			"__comment": "Voxels-00B700",
			"from": [ 10, 2, 14 ],
			"to": [ 12, 3, 15 ],
			"faces": {
				"down": { "uv": [ 4.48, 4.48, 5.52, 5.52 ], "texture": "#mesh_palette" },
				"up": { "uv": [ 4.48, 4.48, 5.52, 5.52 ], "texture": "#mesh_palette" },
				"north": { "uv": [ 4.48, 4.48, 5.52, 5.52 ], "texture": "#mesh_palette" },
				"south": { "uv": [ 4.48, 4.48, 5.52, 5.52 ], "texture": "#mesh_palette" }
			}
		},
		{
			"__comment": "Voxels-B7B700",
			"from": [ 11, 0, 15 ],
			"to": [ 12, 1, 16 ],
			"faces": {
				"down": { "uv": [ 2.48, 4.48, 3.52, 5.52 ], "texture": "#mesh_palette", "cullface": "down" },
				"up": { "uv": [ 2.48, 4.48, 3.52, 5.52 ], "texture": "#mesh_palette" },
				"south": { "uv": [ 2.48, 4.48, 3.52, 5.52 ], "texture": "#mesh_palette", "cullface": "south" },
				"west": { "uv": [ 2.48, 4.48, 3.52, 5.52 ], "texture": "#mesh_palette" },
				"east": { "uv": [ 2.48, 4.48, 3.52, 5.52 ], "texture": "#mesh_palette" }
			}
		},
		{
			"__comment": "Voxels-007900",
			"from": [ 11, 1, 14 ],
			"to": [ 14, 2, 15 ],
			"faces": {
				"down": { "uv": [ 6.48, 0.4799995, 7.52, 1.52 ], "texture": "#mesh_palette" },
				"up": { "uv": [ 6.48, 0.4799995, 7.52, 1.52 ], "texture": "#mesh_palette" },
				"north": { "uv": [ 6.48, 0.4799995, 7.52, 1.52 ], "texture": "#mesh_palette" },
				"south": { "uv": [ 6.48, 0.4799995, 7.52, 1.52 ], "texture": "#mesh_palette" }
			}
		},
		{
			"__comment": "Voxels-DEDE00",
			"from": [ 12, -1, 15 ],
			"to": [ 13, 0, 16 ],
			"faces": {
				"down": { "uv": [ 8.48, 0.4799995, 9.52, 1.52 ], "texture": "#mesh_palette" },
				"up": { "uv": [ 8.48, 0.4799995, 9.52, 1.52 ], "texture": "#mesh_palette" },
				"north": { "uv": [ 8.48, 0.4799995, 9.52, 1.52 ], "texture": "#mesh_palette" },
				"south": { "uv": [ 8.48, 0.4799995, 9.52, 1.52 ], "texture": "#mesh_palette" },
				"west": { "uv": [ 8.48, 0.4799995, 9.52, 1.52 ], "texture": "#mesh_palette" },
				"east": { "uv": [ 8.48, 0.4799995, 9.52, 1.52 ], "texture": "#mesh_palette" }
			}
		},
		{
			"__comment": "Voxels-005E00",
			"from": [ 12, 0, 14 ],
			"to": [ 14, 1, 15 ],
			"faces": {
				"down": { "uv": [ 12.48, 2.48, 13.52, 3.52 ], "texture": "#mesh_palette", "cullface": "down" },
				"north": { "uv": [ 12.48, 2.48, 13.52, 3.52 ], "texture": "#mesh_palette" },
				"south": { "uv": [ 12.48, 2.48, 13.52, 3.52 ], "texture": "#mesh_palette" },
				"east": { "uv": [ 12.48, 2.48, 13.52, 3.52 ], "texture": "#mesh_palette" }
			}
		},
		{
			"__comment": "Voxels-DEDE00",
			"from": [ 12, 1, 15 ],
			"to": [ 13, 2, 16 ],
			"faces": {
				"down": { "uv": [ 8.48, 0.4799995, 9.52, 1.52 ], "texture": "#mesh_palette" },
				"up": { "uv": [ 8.48, 0.4799995, 9.52, 1.52 ], "texture": "#mesh_palette" },
				"south": { "uv": [ 8.48, 0.4799995, 9.52, 1.52 ], "texture": "#mesh_palette", "cullface": "south" },
				"west": { "uv": [ 8.48, 0.4799995, 9.52, 1.52 ], "texture": "#mesh_palette" },
				"east": { "uv": [ 8.48, 0.4799995, 9.52, 1.52 ], "texture": "#mesh_palette" }
			}
		},
		{
			"__comment": "Voxels-009B00",
			"from": [ 12, 2, 14 ],
			"to": [ 14, 3, 15 ],
			"faces": {
				"up": { "uv": [ 14.48, 2.48, 15.52, 3.52 ], "texture": "#mesh_palette" },
				"north": { "uv": [ 14.48, 2.48, 15.52, 3.52 ], "texture": "#mesh_palette" },
				"south": { "uv": [ 14.48, 2.48, 15.52, 3.52 ], "texture": "#mesh_palette" }
			}
		},
		{
			"__comment": "Voxels-005E00",
			"from": [ 13, 0, 13 ],
			"to": [ 15, 1, 14 ],
			"faces": {
				"down": { "uv": [ 12.48, 2.48, 13.52, 3.52 ], "texture": "#mesh_palette", "cullface": "down" },
				"north": { "uv": [ 12.48, 2.48, 13.52, 3.52 ], "texture": "#mesh_palette" },
				"south": { "uv": [ 12.48, 2.48, 13.52, 3.52 ], "texture": "#mesh_palette" },
				"west": { "uv": [ 12.48, 2.48, 13.52, 3.52 ], "texture": "#mesh_palette" }
			}
		},
		{
			"__comment": "Voxels-007900",
			"from": [ 13, 1, 13 ],
			"to": [ 15, 2, 14 ],
			"faces": {
				"up": { "uv": [ 6.48, 0.4799995, 7.52, 1.52 ], "texture": "#mesh_palette" },
				"north": { "uv": [ 6.48, 0.4799995, 7.52, 1.52 ], "texture": "#mesh_palette" },
				"south": { "uv": [ 6.48, 0.4799995, 7.52, 1.52 ], "texture": "#mesh_palette" },
				"west": { "uv": [ 6.48, 0.4799995, 7.52, 1.52 ], "texture": "#mesh_palette" },
				"east": { "uv": [ 6.48, 0.4799995, 7.52, 1.52 ], "texture": "#mesh_palette" }
			}
		},
		{
			"__comment": "Voxels-00B700",
			"from": [ 13, 2, 13 ],
			"to": [ 14, 3, 14 ],
			"faces": {
				"up": { "uv": [ 4.48, 4.48, 5.52, 5.52 ], "texture": "#mesh_palette" },
				"north": { "uv": [ 4.48, 4.48, 5.52, 5.52 ], "texture": "#mesh_palette" },
				"west": { "uv": [ 4.48, 4.48, 5.52, 5.52 ], "texture": "#mesh_palette" }
			}
		},
		{
			"__comment": "Voxels-71D6FF",
			"from": [ 13, 2, 15 ],
			"to": [ 14, 3, 16 ],
			"faces": {
				"down": { "uv": [ 12.48, 0.4799995, 13.52, 1.52 ], "texture": "#mesh_palette" },
				"up": { "uv": [ 12.48, 0.4799995, 13.52, 1.52 ], "texture": "#mesh_palette" },
				"south": { "uv": [ 12.48, 0.4799995, 13.52, 1.52 ], "texture": "#mesh_palette", "cullface": "south" },
				"west": { "uv": [ 12.48, 0.4799995, 13.52, 1.52 ], "texture": "#mesh_palette" },
				"east": { "uv": [ 12.48, 0.4799995, 13.52, 1.52 ], "texture": "#mesh_palette" }
			}
		},
		{
			"__comment": "Voxels-005E00",
			"from": [ 14, 0, 2 ],
			"to": [ 15, 2, 3 ],
			"faces": {
				"down": { "uv": [ 12.48, 2.48, 13.52, 3.52 ], "texture": "#mesh_palette", "cullface": "down" },
				"north": { "uv": [ 12.48, 2.48, 13.52, 3.52 ], "texture": "#mesh_palette" },
				"south": { "uv": [ 12.48, 2.48, 13.52, 3.52 ], "texture": "#mesh_palette" },
				"west": { "uv": [ 12.48, 2.48, 13.52, 3.52 ], "texture": "#mesh_palette" },
				"east": { "uv": [ 12.48, 2.48, 13.52, 3.52 ], "texture": "#mesh_palette" }
			}
		},
		{
			"__comment": "Voxels-005E00",
			"from": [ 14, 0, 3 ],
			"to": [ 15, 1, 5 ],
			"faces": {
				"down": { "uv": [ 12.48, 2.48, 13.52, 3.52 ], "texture": "#mesh_palette", "cullface": "down" },
				"west": { "uv": [ 12.48, 2.48, 13.52, 3.52 ], "texture": "#mesh_palette" },
				"east": { "uv": [ 12.48, 2.48, 13.52, 3.52 ], "texture": "#mesh_palette" }
			}
		},
		{
			"__comment": "Voxels-004400",
			"from": [ 14, 0, 5 ],
			"to": [ 15, 1, 9 ],
			"faces": {
				"down": { "uv": [ 6.48, 4.48, 7.52, 5.52 ], "texture": "#mesh_palette", "cullface": "down" },
				"up": { "uv": [ 6.48, 4.48, 7.52, 5.52 ], "texture": "#mesh_palette" },
				"west": { "uv": [ 6.48, 4.48, 7.52, 5.52 ], "texture": "#mesh_palette" },
				"east": { "uv": [ 6.48, 4.48, 7.52, 5.52 ], "texture": "#mesh_palette" }
			}
		},
		{
			"__comment": "Voxels-005E00",
			"from": [ 14, 0, 9 ],
			"to": [ 15, 1, 13 ],
			"faces": {
				"down": { "uv": [ 12.48, 2.48, 13.52, 3.52 ], "texture": "#mesh_palette", "cullface": "down" },
				"west": { "uv": [ 12.48, 2.48, 13.52, 3.52 ], "texture": "#mesh_palette" },
				"east": { "uv": [ 12.48, 2.48, 13.52, 3.52 ], "texture": "#mesh_palette" }
			}
		},
		{
			"__comment": "Voxels-FF6B3A",
			"from": [ 14, 1, 1 ],
			"to": [ 15, 2, 2 ],
			"faces": {
				"down": { "uv": [ 14.48, 0.4799995, 15.52, 1.52 ], "texture": "#mesh_palette" },
				"up": { "uv": [ 14.48, 0.4799995, 15.52, 1.52 ], "texture": "#mesh_palette" },
				"north": { "uv": [ 14.48, 0.4799995, 15.52, 1.52 ], "texture": "#mesh_palette" },
				"west": { "uv": [ 14.48, 0.4799995, 15.52, 1.52 ], "texture": "#mesh_palette" },
				"east": { "uv": [ 14.48, 0.4799995, 15.52, 1.52 ], "texture": "#mesh_palette" }
			}
		},
		{
			"__comment": "Voxels-007900",
			"from": [ 14, 1, 3 ],
			"to": [ 15, 2, 6 ],
			"faces": {
				"down": { "uv": [ 6.48, 0.4799995, 7.52, 1.52 ], "texture": "#mesh_palette" },
				"up": { "uv": [ 6.48, 0.4799995, 7.52, 1.52 ], "texture": "#mesh_palette" },
				"west": { "uv": [ 6.48, 0.4799995, 7.52, 1.52 ], "texture": "#mesh_palette" },
				"east": { "uv": [ 6.48, 0.4799995, 7.52, 1.52 ], "texture": "#mesh_palette" }
			}
		},
		{
			"__comment": "Voxels-005E00",
			"from": [ 14, 1, 6 ],
			"to": [ 15, 2, 8 ],
			"faces": {
				"up": { "uv": [ 12.48, 2.48, 13.52, 3.52 ], "texture": "#mesh_palette" },
				"west": { "uv": [ 12.48, 2.48, 13.52, 3.52 ], "texture": "#mesh_palette" },
				"east": { "uv": [ 12.48, 2.48, 13.52, 3.52 ], "texture": "#mesh_palette" }
			}
		},
		{
			"__comment": "Voxels-007900",
			"from": [ 14, 1, 8 ],
			"to": [ 15, 2, 13 ],
			"faces": {
				"down": { "uv": [ 6.48, 0.4799995, 7.52, 1.52 ], "texture": "#mesh_palette" },
				"west": { "uv": [ 6.48, 0.4799995, 7.52, 1.52 ], "texture": "#mesh_palette" },
				"east": { "uv": [ 6.48, 0.4799995, 7.52, 1.52 ], "texture": "#mesh_palette" }
			}
		},
		{
			"__comment": "Voxels-71D6FF",
			"from": [ 14, 1, 14 ],
			"to": [ 15, 2, 15 ],
			"faces": {
				"down": { "uv": [ 12.48, 0.4799995, 13.52, 1.52 ], "texture": "#mesh_palette" },
				"south": { "uv": [ 12.48, 0.4799995, 13.52, 1.52 ], "texture": "#mesh_palette" },
				"east": { "uv": [ 12.48, 0.4799995, 13.52, 1.52 ], "texture": "#mesh_palette" }
			}
		},
		{
			"__comment": "Voxels-007900",
			"from": [ 14, 2, 2 ],
			"to": [ 15, 3, 3 ],
			"faces": {
				"up": { "uv": [ 6.48, 0.4799995, 7.52, 1.52 ], "texture": "#mesh_palette" },
				"north": { "uv": [ 6.48, 0.4799995, 7.52, 1.52 ], "texture": "#mesh_palette" },
				"west": { "uv": [ 6.48, 0.4799995, 7.52, 1.52 ], "texture": "#mesh_palette" },
				"east": { "uv": [ 6.48, 0.4799995, 7.52, 1.52 ], "texture": "#mesh_palette" }
			}
		},
		{
			"__comment": "Voxels-009B00",
			"from": [ 14, 2, 3 ],
			"to": [ 15, 3, 4 ],
			"faces": {
				"up": { "uv": [ 14.48, 2.48, 15.52, 3.52 ], "texture": "#mesh_palette" },
				"west": { "uv": [ 14.48, 2.48, 15.52, 3.52 ], "texture": "#mesh_palette" }
			}
		},
		{
			"__comment": "Voxels-00B700",
			"from": [ 14, 2, 4 ],
			"to": [ 15, 3, 5 ],
			"faces": {
				"up": { "uv": [ 4.48, 4.48, 5.52, 5.52 ], "texture": "#mesh_palette" },
				"west": { "uv": [ 4.48, 4.48, 5.52, 5.52 ], "texture": "#mesh_palette" }
			}
		},
		{
			"__comment": "Voxels-009B00",
			"from": [ 14, 2, 5 ],
			"to": [ 15, 3, 6 ],
			"faces": {
				"up": { "uv": [ 14.48, 2.48, 15.52, 3.52 ], "texture": "#mesh_palette" },
				"west": { "uv": [ 14.48, 2.48, 15.52, 3.52 ], "texture": "#mesh_palette" }
			}
		},
		{
			"__comment": "Voxels-00B700",
			"from": [ 14, 2, 6 ],
			"to": [ 15, 3, 7 ],
			"faces": {
				"up": { "uv": [ 4.48, 4.48, 5.52, 5.52 ], "texture": "#mesh_palette" },
				"west": { "uv": [ 4.48, 4.48, 5.52, 5.52 ], "texture": "#mesh_palette" },
				"east": { "uv": [ 4.48, 4.48, 5.52, 5.52 ], "texture": "#mesh_palette" }
			}
		},
		{
			"__comment": "Voxels-009B00",
			"from": [ 14, 2, 7 ],
			"to": [ 15, 3, 14 ],
			"faces": {
				"down": { "uv": [ 14.48, 2.48, 15.52, 3.52 ], "texture": "#mesh_palette" },
				"up": { "uv": [ 14.48, 2.48, 15.52, 3.52 ], "texture": "#mesh_palette" },
				"west": { "uv": [ 14.48, 2.48, 15.52, 3.52 ], "texture": "#mesh_palette" },
				"east": { "uv": [ 14.48, 2.48, 15.52, 3.52 ], "texture": "#mesh_palette" }
			}
		},
		{
			"__comment": "Voxels-55CEFF",
			"from": [ 14, 2, 14 ],
			"to": [ 15, 3, 15 ],
			"faces": {
				"south": { "uv": [ 8.48, 2.48, 9.52, 3.52 ], "texture": "#mesh_palette" },
				"east": { "uv": [ 8.48, 2.48, 9.52, 3.52 ], "texture": "#mesh_palette" }
			}
		},
		{
			"__comment": "Voxels-DEDE00",
			"from": [ 14, 3, 9 ],
			"to": [ 15, 4, 10 ],
			"faces": {
				"up": { "uv": [ 8.48, 0.4799995, 9.52, 1.52 ], "texture": "#mesh_palette" },
				"north": { "uv": [ 8.48, 0.4799995, 9.52, 1.52 ], "texture": "#mesh_palette" },
				"south": { "uv": [ 8.48, 0.4799995, 9.52, 1.52 ], "texture": "#mesh_palette" },
				"west": { "uv": [ 8.48, 0.4799995, 9.52, 1.52 ], "texture": "#mesh_palette" },
				"east": { "uv": [ 8.48, 0.4799995, 9.52, 1.52 ], "texture": "#mesh_palette" }
			}
		},
		{
			"__comment": "Voxels-71D6FF",
			"from": [ 14, 3, 14 ],
			"to": [ 15, 4, 15 ],
			"faces": {
				"up": { "uv": [ 12.48, 0.4799995, 13.52, 1.52 ], "texture": "#mesh_palette" },
				"north": { "uv": [ 12.48, 0.4799995, 13.52, 1.52 ], "texture": "#mesh_palette" },
				"south": { "uv": [ 12.48, 0.4799995, 13.52, 1.52 ], "texture": "#mesh_palette" },
				"west": { "uv": [ 12.48, 0.4799995, 13.52, 1.52 ], "texture": "#mesh_palette" },
				"east": { "uv": [ 12.48, 0.4799995, 13.52, 1.52 ], "texture": "#mesh_palette" }
			}
		},
		{
			"__comment": "Voxels-3A84FF",
			"from": [ 15, -1, 6 ],
			"to": [ 16, 0, 7 ],
			"faces": {
				"down": { "uv": [ 10.48, 0.4799995, 11.52, 1.52 ], "texture": "#mesh_palette" },
				"north": { "uv": [ 10.48, 0.4799995, 11.52, 1.52 ], "texture": "#mesh_palette" },
				"south": { "uv": [ 10.48, 0.4799995, 11.52, 1.52 ], "texture": "#mesh_palette" },
				"west": { "uv": [ 10.48, 0.4799995, 11.52, 1.52 ], "texture": "#mesh_palette" },
				"east": { "uv": [ 10.48, 0.4799995, 11.52, 1.52 ], "texture": "#mesh_palette" }
			}
		},
		{
			"__comment": "Voxels-FF6B3A",
			"from": [ 15, -1, 12 ],
			"to": [ 16, 0, 13 ],
			"faces": {
				"down": { "uv": [ 14.48, 0.4799995, 15.52, 1.52 ], "texture": "#mesh_palette" },
				"north": { "uv": [ 14.48, 0.4799995, 15.52, 1.52 ], "texture": "#mesh_palette" },
				"south": { "uv": [ 14.48, 0.4799995, 15.52, 1.52 ], "texture": "#mesh_palette" },
				"west": { "uv": [ 14.48, 0.4799995, 15.52, 1.52 ], "texture": "#mesh_palette" },
				"east": { "uv": [ 14.48, 0.4799995, 15.52, 1.52 ], "texture": "#mesh_palette" }
			}
		},
		{
			"__comment": "Voxels-FF6B3A",
			"from": [ 15, 0, 1 ],
			"to": [ 16, 1, 2 ],
			"faces": {
				"down": { "uv": [ 14.48, 0.4799995, 15.52, 1.52 ], "texture": "#mesh_palette", "cullface": "down" },
				"up": { "uv": [ 14.48, 0.4799995, 15.52, 1.52 ], "texture": "#mesh_palette" },
				"north": { "uv": [ 14.48, 0.4799995, 15.52, 1.52 ], "texture": "#mesh_palette" },
				"south": { "uv": [ 14.48, 0.4799995, 15.52, 1.52 ], "texture": "#mesh_palette" },
				"west": { "uv": [ 14.48, 0.4799995, 15.52, 1.52 ], "texture": "#mesh_palette" },
				"east": { "uv": [ 14.48, 0.4799995, 15.52, 1.52 ], "texture": "#mesh_palette", "cullface": "east" }
			}
		},
		{
			"__comment": "Voxels-3A84FF",
			"from": [ 15, 0, 5 ],
			"to": [ 16, 1, 6 ],
			"faces": {
				"down": { "uv": [ 10.48, 0.4799995, 11.52, 1.52 ], "texture": "#mesh_palette", "cullface": "down" },
				"up": { "uv": [ 10.48, 0.4799995, 11.52, 1.52 ], "texture": "#mesh_palette" },
				"north": { "uv": [ 10.48, 0.4799995, 11.52, 1.52 ], "texture": "#mesh_palette" },
				"east": { "uv": [ 10.48, 0.4799995, 11.52, 1.52 ], "texture": "#mesh_palette", "cullface": "east" }
			}
		},
		{
			"__comment": "Voxels-0060FF",
			"from": [ 15, 0, 6 ],
			"to": [ 16, 1, 7 ],
			"faces": {
				"east": { "uv": [ 6.48, 2.48, 7.52, 3.52 ], "texture": "#mesh_palette", "cullface": "east" }
			}
		},
		{
			"__comment": "Voxels-3A84FF",
			"from": [ 15, 0, 7 ],
			"to": [ 16, 1, 8 ],
			"faces": {
				"down": { "uv": [ 10.48, 0.4799995, 11.52, 1.52 ], "texture": "#mesh_palette", "cullface": "down" },
				"up": { "uv": [ 10.48, 0.4799995, 11.52, 1.52 ], "texture": "#mesh_palette" },
				"south": { "uv": [ 10.48, 0.4799995, 11.52, 1.52 ], "texture": "#mesh_palette" },
				"east": { "uv": [ 10.48, 0.4799995, 11.52, 1.52 ], "texture": "#mesh_palette", "cullface": "east" }
			}
		},
		{
			"__comment": "Voxels-FF6B3A",
			"from": [ 15, 0, 11 ],
			"to": [ 16, 1, 12 ],
			"faces": {
				"down": { "uv": [ 14.48, 0.4799995, 15.52, 1.52 ], "texture": "#mesh_palette", "cullface": "down" },
				"up": { "uv": [ 14.48, 0.4799995, 15.52, 1.52 ], "texture": "#mesh_palette" },
				"north": { "uv": [ 14.48, 0.4799995, 15.52, 1.52 ], "texture": "#mesh_palette" },
				"east": { "uv": [ 14.48, 0.4799995, 15.52, 1.52 ], "texture": "#mesh_palette", "cullface": "east" }
			}
		},
		{
			"__comment": "Voxels-FF4000",
			"from": [ 15, 0, 12 ],
			"to": [ 16, 1, 13 ],
			"faces": {
				"east": { "uv": [ 10.48, 2.48, 11.52, 3.52 ], "texture": "#mesh_palette", "cullface": "east" }
			}
		},
		{
			"__comment": "Voxels-FF6B3A",
			"from": [ 15, 0, 13 ],
			"to": [ 16, 1, 14 ],
			"faces": {
				"down": { "uv": [ 14.48, 0.4799995, 15.52, 1.52 ], "texture": "#mesh_palette", "cullface": "down" },
				"up": { "uv": [ 14.48, 0.4799995, 15.52, 1.52 ], "texture": "#mesh_palette" },
				"south": { "uv": [ 14.48, 0.4799995, 15.52, 1.52 ], "texture": "#mesh_palette" },
				"east": { "uv": [ 14.48, 0.4799995, 15.52, 1.52 ], "texture": "#mesh_palette", "cullface": "east" }
			}
		},
		{
			"__comment": "Voxels-FF6B3A",
			"from": [ 15, 1, 2 ],
			"to": [ 16, 2, 3 ],
			"faces": {
				"down": { "uv": [ 14.48, 0.4799995, 15.52, 1.52 ], "texture": "#mesh_palette" },
				"up": { "uv": [ 14.48, 0.4799995, 15.52, 1.52 ], "texture": "#mesh_palette" },
				"north": { "uv": [ 14.48, 0.4799995, 15.52, 1.52 ], "texture": "#mesh_palette" },
				"south": { "uv": [ 14.48, 0.4799995, 15.52, 1.52 ], "texture": "#mesh_palette" },
				"east": { "uv": [ 14.48, 0.4799995, 15.52, 1.52 ], "texture": "#mesh_palette", "cullface": "east" }
			}
		},
		{
			"__comment": "Voxels-71D6FF",
			"from": [ 15, 1, 4 ],
			"to": [ 16, 2, 5 ],
			"faces": {
				"down": { "uv": [ 12.48, 0.4799995, 13.52, 1.52 ], "texture": "#mesh_palette" },
				"north": { "uv": [ 12.48, 0.4799995, 13.52, 1.52 ], "texture": "#mesh_palette" },
				"south": { "uv": [ 12.48, 0.4799995, 13.52, 1.52 ], "texture": "#mesh_palette" },
				"east": { "uv": [ 12.48, 0.4799995, 13.52, 1.52 ], "texture": "#mesh_palette", "cullface": "east" }
			}
		},
		{
			"__comment": "Voxels-3A84FF",
			"from": [ 15, 1, 6 ],
			"to": [ 16, 2, 7 ],
			"faces": {
				"up": { "uv": [ 10.48, 0.4799995, 11.52, 1.52 ], "texture": "#mesh_palette" },
				"north": { "uv": [ 10.48, 0.4799995, 11.52, 1.52 ], "texture": "#mesh_palette" },
				"south": { "uv": [ 10.48, 0.4799995, 11.52, 1.52 ], "texture": "#mesh_palette" },
				"east": { "uv": [ 10.48, 0.4799995, 11.52, 1.52 ], "texture": "#mesh_palette", "cullface": "east" }
			}
		},
		{
			"__comment": "Voxels-DEDE00",
			"from": [ 15, 1, 9 ],
			"to": [ 16, 2, 10 ],
			"faces": {
				"down": { "uv": [ 8.48, 0.4799995, 9.52, 1.52 ], "texture": "#mesh_palette" },
				"north": { "uv": [ 8.48, 0.4799995, 9.52, 1.52 ], "texture": "#mesh_palette" },
				"south": { "uv": [ 8.48, 0.4799995, 9.52, 1.52 ], "texture": "#mesh_palette" },
				"east": { "uv": [ 8.48, 0.4799995, 9.52, 1.52 ], "texture": "#mesh_palette", "cullface": "east" }
			}
		},
		{
			"__comment": "Voxels-FF6B3A",
			"from": [ 15, 1, 12 ],
			"to": [ 16, 2, 13 ],
			"faces": {
				"up": { "uv": [ 14.48, 0.4799995, 15.52, 1.52 ], "texture": "#mesh_palette" },
				"north": { "uv": [ 14.48, 0.4799995, 15.52, 1.52 ], "texture": "#mesh_palette" },
				"south": { "uv": [ 14.48, 0.4799995, 15.52, 1.52 ], "texture": "#mesh_palette" },
				"east": { "uv": [ 14.48, 0.4799995, 15.52, 1.52 ], "texture": "#mesh_palette", "cullface": "east" }
			}
		},
		{
			"__comment": "Voxels-FF6B3A",
			"from": [ 15, 2, 1 ],
			"to": [ 16, 3, 2 ],
			"faces": {
				"down": { "uv": [ 14.48, 0.4799995, 15.52, 1.52 ], "texture": "#mesh_palette" },
				"up": { "uv": [ 14.48, 0.4799995, 15.52, 1.52 ], "texture": "#mesh_palette" },
				"north": { "uv": [ 14.48, 0.4799995, 15.52, 1.52 ], "texture": "#mesh_palette" },
				"south": { "uv": [ 14.48, 0.4799995, 15.52, 1.52 ], "texture": "#mesh_palette" },
				"west": { "uv": [ 14.48, 0.4799995, 15.52, 1.52 ], "texture": "#mesh_palette" },
				"east": { "uv": [ 14.48, 0.4799995, 15.52, 1.52 ], "texture": "#mesh_palette", "cullface": "east" }
			}
		},
		{
			"__comment": "Voxels-71D6FF",
			"from": [ 15, 2, 3 ],
			"to": [ 16, 3, 4 ],
			"faces": {
				"down": { "uv": [ 12.48, 0.4799995, 13.52, 1.52 ], "texture": "#mesh_palette" },
				"up": { "uv": [ 12.48, 0.4799995, 13.52, 1.52 ], "texture": "#mesh_palette" },
				"north": { "uv": [ 12.48, 0.4799995, 13.52, 1.52 ], "texture": "#mesh_palette" },
				"east": { "uv": [ 12.48, 0.4799995, 13.52, 1.52 ], "texture": "#mesh_palette", "cullface": "east" }
			}
		},
		{
			"__comment": "Voxels-55CEFF",
			"from": [ 15, 2, 4 ],
			"to": [ 16, 3, 5 ],
			"faces": {
				"east": { "uv": [ 8.48, 2.48, 9.52, 3.52 ], "texture": "#mesh_palette", "cullface": "east" }
			}
		},
		{
			"__comment": "Voxels-71D6FF",
			"from": [ 15, 2, 5 ],
			"to": [ 16, 3, 6 ],
			"faces": {
				"down": { "uv": [ 12.48, 0.4799995, 13.52, 1.52 ], "texture": "#mesh_palette" },
				"up": { "uv": [ 12.48, 0.4799995, 13.52, 1.52 ], "texture": "#mesh_palette" },
				"south": { "uv": [ 12.48, 0.4799995, 13.52, 1.52 ], "texture": "#mesh_palette" },
				"east": { "uv": [ 12.48, 0.4799995, 13.52, 1.52 ], "texture": "#mesh_palette", "cullface": "east" }
			}
		},
		{
			"__comment": "Voxels-DEDE00",
			"from": [ 15, 2, 8 ],
			"to": [ 16, 3, 9 ],
			"faces": {
				"down": { "uv": [ 8.48, 0.4799995, 9.52, 1.52 ], "texture": "#mesh_palette" },
				"up": { "uv": [ 8.48, 0.4799995, 9.52, 1.52 ], "texture": "#mesh_palette" },
				"north": { "uv": [ 8.48, 0.4799995, 9.52, 1.52 ], "texture": "#mesh_palette" },
				"east": { "uv": [ 8.48, 0.4799995, 9.52, 1.52 ], "texture": "#mesh_palette", "cullface": "east" }
			}
		},
		{
			"__comment": "Voxels-B7B700",
			"from": [ 15, 2, 9 ],
			"to": [ 16, 3, 10 ],
			"faces": {
				"up": { "uv": [ 2.48, 4.48, 3.52, 5.52 ], "texture": "#mesh_palette" },
				"east": { "uv": [ 2.48, 4.48, 3.52, 5.52 ], "texture": "#mesh_palette", "cullface": "east" }
			}
		},
		{
			"__comment": "Voxels-DEDE00",
			"from": [ 15, 2, 10 ],
			"to": [ 16, 3, 11 ],
			"faces": {
				"down": { "uv": [ 8.48, 0.4799995, 9.52, 1.52 ], "texture": "#mesh_palette" },
				"up": { "uv": [ 8.48, 0.4799995, 9.52, 1.52 ], "texture": "#mesh_palette" },
				"south": { "uv": [ 8.48, 0.4799995, 9.52, 1.52 ], "texture": "#mesh_palette" },
				"east": { "uv": [ 8.48, 0.4799995, 9.52, 1.52 ], "texture": "#mesh_palette", "cullface": "east" }
			}
		},
		{
			"__comment": "Voxels-71D6FF",
			"from": [ 15, 2, 13 ],
			"to": [ 16, 3, 14 ],
			"faces": {
				"down": { "uv": [ 12.48, 0.4799995, 13.52, 1.52 ], "texture": "#mesh_palette" },
				"up": { "uv": [ 12.48, 0.4799995, 13.52, 1.52 ], "texture": "#mesh_palette" },
				"north": { "uv": [ 12.48, 0.4799995, 13.52, 1.52 ], "texture": "#mesh_palette" },
				"south": { "uv": [ 12.48, 0.4799995, 13.52, 1.52 ], "texture": "#mesh_palette" },
				"east": { "uv": [ 12.48, 0.4799995, 13.52, 1.52 ], "texture": "#mesh_palette", "cullface": "east" }
			}
		},
		{
			"__comment": "Voxels-71D6FF",
			"from": [ 15, 3, 4 ],
			"to": [ 16, 4, 5 ],
			"faces": {
				"up": { "uv": [ 12.48, 0.4799995, 13.52, 1.52 ], "texture": "#mesh_palette" },
				"north": { "uv": [ 12.48, 0.4799995, 13.52, 1.52 ], "texture": "#mesh_palette" },
				"south": { "uv": [ 12.48, 0.4799995, 13.52, 1.52 ], "texture": "#mesh_palette" },
				"west": { "uv": [ 12.48, 0.4799995, 13.52, 1.52 ], "texture": "#mesh_palette" },
				"east": { "uv": [ 12.48, 0.4799995, 13.52, 1.52 ], "texture": "#mesh_palette", "cullface": "east" }
			}
		}
	],
	"display": {
		"thirdperson_righthand": {
			"rotation":  [ 75, 45, 0 ],
			"translation":  [ 0, 1.1086, 2.0869 ],
			"scale":  [ 0.375, 0.375, 0.375 ]
		},
		"thirdperson_lefthand": {
			"rotation":  [ 75, 45, 0 ],
			"translation":  [ 0, 1.1086, 2.0869 ],
			"scale":  [ 0.375, 0.375, 0.375 ]
		},
		"firstperson_righthand": {
			"rotation":  [ 0, 45, 0 ],
			"translation":  [ 0, 4.1739, 0 ],
			"scale":  [ 0.4, 0.4, 0.4 ]
		},
		"firstperson_lefthand": {
			"rotation":  [ 0, 45, 0 ],
			"translation":  [ 0, 4.1739, 0 ],
			"scale":  [ 0.4, 0.4, 0.4 ]
		},
		"gui": {
			"rotation":  [ 30, 225, 0 ],
			"translation":  [ 0, 3.4782, 0 ],
			"scale":  [ 0.625, 0.625, 0.625 ]
		},
		"head": {
			"rotation":  [ 22, 0, 0 ],
			"translation":  [ 0, 9.0434, 2.7826 ],
			"scale":  [ 1.1, 1.1, 1.1 ]
		},
		"ground": {
			"translation":  [ 0, 2, 0 ],
			"scale":  [ 0.5, 0.5, 0.5 ]
		},
		"fixed": {
			"rotation":  [ -90, 180, 0 ],
			"translation":  [ 0, 0, -5.565 ]
		}
	}
}