{
	"credit": "Made with Blockbench",
	"textures": {
		"2": "blocks/wool_colored_pink",
		"3": "blocks/wool_colored_orange"
	},
	"elements": [
		{
			"from": [14, 13.5, 0.5],
			"to": [15, 17.5, 1.5],
			"rotation": {"angle": 0, "axis": "y", "origin": [22, 21, 8]},
			"faces": {
				"north": {"uv": [6.5, 5.25, 7.5, 7.25], "texture": "#3"},
				"east": {"uv": [6.5, 5.25, 7.5, 7.25], "texture": "#3"},
				"south": {"uv": [6.5, 5.25, 7.5, 7.25], "texture": "#3"},
				"west": {"uv": [6.5, 5.25, 7.5, 7.25], "texture": "#3"},
				"up": {"uv": [6.5, 5.25, 7.5, 7.25], "texture": "#3"},
				"down": {"uv": [6.5, 5.25, 7.5, 7.25], "texture": "#3"}
			}
		},
		{
			"from": [13, 13.5, 1.5],
			"to": [14, 17.5, 2.5],
			"rotation": {"angle": 0, "axis": "y", "origin": [21, 21, 9]},
			"faces": {
				"north": {"uv": [6.5, 5.25, 7.5, 7.25], "texture": "#3"},
				"east": {"uv": [6.5, 5.25, 7.5, 7.25], "texture": "#3"},
				"south": {"uv": [6.5, 5.25, 7.5, 7.25], "texture": "#3"},
				"west": {"uv": [6.5, 5.25, 7.5, 7.25], "texture": "#3"},
				"up": {"uv": [6.5, 5.25, 7.5, 7.25], "texture": "#3"},
				"down": {"uv": [6.5, 5.25, 7.5, 7.25], "texture": "#3"}
			}
		},
		{
			"from": [1, 13.5, 1.5],
			"to": [2, 17.5, 2.5],
			"rotation": {"angle": 0, "axis": "y", "origin": [9, 21, 9]},
			"faces": {
				"north": {"uv": [6.5, 5.25, 7.5, 7.25], "texture": "#3"},
				"east": {"uv": [6.5, 5.25, 7.5, 7.25], "texture": "#3"},
				"south": {"uv": [6.5, 5.25, 7.5, 7.25], "texture": "#3"},
				"west": {"uv": [6.5, 5.25, 7.5, 7.25], "texture": "#3"},
				"up": {"uv": [6.5, 5.25, 7.5, 7.25], "texture": "#3"},
				"down": {"uv": [6.5, 5.25, 7.5, 7.25], "texture": "#3"}
			}
		},
		{
			"from": [10, 15.5, 0.5],
			"to": [11, 18.5, 2.5],
			"rotation": {"angle": 0, "axis": "y", "origin": [18, 23, 8]},
			"faces": {
				"north": {"uv": [6.5, 5.25, 7.5, 7.25], "texture": "#3"},
				"east": {"uv": [6.5, 5.25, 7.5, 7.25], "texture": "#3"},
				"south": {"uv": [6.5, 5.25, 7.5, 7.25], "texture": "#3"},
				"west": {"uv": [6.5, 5.25, 7.5, 7.25], "texture": "#3"},
				"up": {"uv": [6.5, 5.25, 7.5, 7.25], "texture": "#3"},
				"down": {"uv": [6.5, 5.25, 7.5, 7.25], "texture": "#3"}
			}
		},
		{
			"from": [10, 12.5, 1.5],
			"to": [11, 15.5, 2.5],
			"rotation": {"angle": 0, "axis": "y", "origin": [18, 20, 9]},
			"faces": {
				"north": {"uv": [6.5, 5.25, 7.5, 7.25], "texture": "#3"},
				"east": {"uv": [6.5, 5.25, 7.5, 7.25], "texture": "#3"},
				"south": {"uv": [6.5, 5.25, 7.5, 7.25], "texture": "#3"},
				"west": {"uv": [6.5, 5.25, 7.5, 7.25], "texture": "#3"},
				"up": {"uv": [6.5, 5.25, 7.5, 7.25], "texture": "#3"},
				"down": {"uv": [6.5, 5.25, 7.5, 7.25], "texture": "#3"}
			}
		},
		{
			"from": [11, 12.5, 1.5],
			"to": [13, 13.5, 2.5],
			"rotation": {"angle": 0, "axis": "y", "origin": [7, 20, 9]},
			"faces": {
				"north": {"uv": [6.5, 5.25, 7.5, 7.25], "rotation": 90, "texture": "#3"},
				"east": {"uv": [6.5, 5.25, 7.5, 7.25], "rotation": 270, "texture": "#3"},
				"south": {"uv": [6.5, 5.25, 7.5, 7.25], "rotation": 270, "texture": "#3"},
				"west": {"uv": [6.5, 5.25, 7.5, 7.25], "rotation": 270, "texture": "#3"},
				"up": {"uv": [6.5, 5.25, 7.5, 7.25], "rotation": 270, "texture": "#3"},
				"down": {"uv": [6.5, 5.25, 7.5, 7.25], "rotation": 270, "texture": "#3"}
			}
		},
		{
			"from": [9, 13.5, 0.5],
			"to": [10, 15.5, 1.5],
			"rotation": {"angle": 0, "axis": "y", "origin": [17, 21, 8]},
			"faces": {
				"north": {"uv": [6.5, 5.25, 7.5, 7.25], "texture": "#3"},
				"east": {"uv": [6.5, 5.25, 7.5, 7.25], "texture": "#3"},
				"south": {"uv": [6.5, 5.25, 7.5, 7.25], "texture": "#3"},
				"west": {"uv": [6.5, 5.25, 7.5, 7.25], "texture": "#3"},
				"up": {"uv": [6.5, 5.25, 7.5, 7.25], "texture": "#3"},
				"down": {"uv": [6.5, 5.25, 7.5, 7.25], "texture": "#3"}
			}
		},
		{
			"from": [13, 17.5, 0.5],
			"to": [14, 19.5, 2.5],
			"rotation": {"angle": 0, "axis": "y", "origin": [21, 25, 8]},
			"faces": {
				"north": {"uv": [6.5, 5.25, 7.5, 7.25], "texture": "#3"},
				"east": {"uv": [6.5, 5.25, 7.5, 7.25], "texture": "#3"},
				"south": {"uv": [6.5, 5.25, 7.5, 7.25], "texture": "#3"},
				"west": {"uv": [6.5, 5.25, 7.5, 7.25], "texture": "#3"},
				"up": {"uv": [6.5, 5.25, 7.5, 7.25], "texture": "#3"},
				"down": {"uv": [6.5, 5.25, 7.5, 7.25], "texture": "#3"}
			}
		},
		{
			"from": [0, 13.5, 0.5],
			"to": [1, 17.5, 1.5],
			"rotation": {"angle": 0, "axis": "y", "origin": [8, 21, 8]},
			"faces": {
				"north": {"uv": [6.5, 5.25, 7.5, 7.25], "texture": "#3"},
				"east": {"uv": [6.5, 5.25, 7.5, 7.25], "texture": "#3"},
				"south": {"uv": [6.5, 5.25, 7.5, 7.25], "texture": "#3"},
				"west": {"uv": [6.5, 5.25, 7.5, 7.25], "texture": "#3"},
				"up": {"uv": [6.5, 5.25, 7.5, 7.25], "texture": "#3"},
				"down": {"uv": [6.5, 5.25, 7.5, 7.25], "texture": "#3"}
			}
		},
		{
			"from": [4, 13.5, 1.5],
			"to": [5, 17.5, 2.5],
			"rotation": {"angle": 0, "axis": "y", "origin": [12, 21, 9]},
			"faces": {
				"north": {"uv": [6.5, 5.25, 7.5, 7.25], "texture": "#3"},
				"east": {"uv": [6.5, 5.25, 7.5, 7.25], "texture": "#3"},
				"south": {"uv": [6.5, 5.25, 7.5, 7.25], "texture": "#3"},
				"west": {"uv": [6.5, 5.25, 7.5, 7.25], "texture": "#3"},
				"up": {"uv": [6.5, 5.25, 7.5, 7.25], "texture": "#3"},
				"down": {"uv": [6.5, 5.25, 7.5, 7.25], "texture": "#3"}
			}
		},
		{
			"from": [1, 17.5, 0.5],
			"to": [2, 19.5, 2.5],
			"rotation": {"angle": 0, "axis": "y", "origin": [9, 25, 8]},
			"faces": {
				"north": {"uv": [6.5, 5.25, 7.5, 7.25], "texture": "#3"},
				"east": {"uv": [6.5, 5.25, 7.5, 7.25], "texture": "#3"},
				"south": {"uv": [6.5, 5.25, 7.5, 7.25], "texture": "#3"},
				"west": {"uv": [6.5, 5.25, 7.5, 7.25], "texture": "#3"},
				"up": {"uv": [6.5, 5.25, 7.5, 7.25], "texture": "#3"},
				"down": {"uv": [6.5, 5.25, 7.5, 7.25], "texture": "#3"}
			}
		},
		{
			"from": [5, 13.5, 0.5],
			"to": [6, 15.5, 1.5],
			"rotation": {"angle": 0, "axis": "y", "origin": [13, 21, 8]},
			"faces": {
				"north": {"uv": [6.5, 5.25, 7.5, 7.25], "texture": "#3"},
				"east": {"uv": [6.5, 5.25, 7.5, 7.25], "texture": "#3"},
				"south": {"uv": [6.5, 5.25, 7.5, 7.25], "texture": "#3"},
				"west": {"uv": [6.5, 5.25, 7.5, 7.25], "texture": "#3"},
				"up": {"uv": [6.5, 5.25, 7.5, 7.25], "texture": "#3"},
				"down": {"uv": [6.5, 5.25, 7.5, 7.25], "texture": "#3"}
			}
		},
		{
			"from": [4, 15.5, 0.5],
			"to": [5, 18.5, 1.5],
			"rotation": {"angle": 0, "axis": "y", "origin": [12, 23, 8]},
			"faces": {
				"north": {"uv": [6.5, 5.25, 7.5, 7.25], "texture": "#3"},
				"east": {"uv": [6.5, 5.25, 7.5, 7.25], "texture": "#3"},
				"south": {"uv": [6.5, 5.25, 7.5, 7.25], "texture": "#3"},
				"west": {"uv": [6.5, 5.25, 7.5, 7.25], "texture": "#3"},
				"up": {"uv": [6.5, 5.25, 7.5, 7.25], "texture": "#3"},
				"down": {"uv": [6.5, 5.25, 7.5, 7.25], "texture": "#3"}
			}
		},
		{
			"from": [2, 12.5, 1.5],
			"to": [5, 13.5, 2.5],
			"rotation": {"angle": 0, "axis": "y", "origin": [9, 20, 9]},
			"faces": {
				"north": {"uv": [6.5, 5.25, 7.5, 7.25], "texture": "#3"},
				"east": {"uv": [6.5, 5.25, 7.5, 7.25], "texture": "#3"},
				"south": {"uv": [6.5, 5.25, 7.5, 7.25], "texture": "#3"},
				"west": {"uv": [6.5, 5.25, 7.5, 7.25], "texture": "#3"},
				"up": {"uv": [6.5, 5.25, 7.5, 7.25], "texture": "#3"},
				"down": {"uv": [6.5, 5.25, 7.5, 7.25], "texture": "#3"}
			}
		},
		{
			"from": [12, 13.5, 2.5],
			"to": [13, 18.5, 3.5],
			"rotation": {"angle": 0, "axis": "y", "origin": [20, 21, 10]},
			"faces": {
				"north": {"uv": [8.5, 5, 8.75, 5.5], "texture": "#3"},
				"east": {"uv": [6.5, 5.25, 7.5, 7.25], "texture": "#3"},
				"south": {"uv": [6.5, 5.25, 7.5, 7.25], "texture": "#3"},
				"west": {"uv": [6.5, 5.25, 7.5, 7.25], "texture": "#3"},
				"up": {"uv": [6.5, 5.25, 7.5, 7.25], "texture": "#3"},
				"down": {"uv": [6.5, 5.25, 7.5, 7.25], "texture": "#3"}
			}
		},
		{
			"from": [11, 13.5, 2.5],
			"to": [12, 17.5, 3.5],
			"rotation": {"angle": 0, "axis": "y", "origin": [19, 21, 10]},
			"faces": {
				"north": {"uv": [8.5, 5, 8.75, 5.5], "texture": "#3"},
				"east": {"uv": [6.5, 5.25, 7.5, 7.25], "texture": "#3"},
				"south": {"uv": [6.5, 5.25, 7.5, 7.25], "texture": "#3"},
				"west": {"uv": [6.5, 5.25, 7.5, 7.25], "texture": "#3"},
				"up": {"uv": [6.5, 5.25, 7.5, 7.25], "texture": "#3"},
				"down": {"uv": [6.5, 5.25, 7.5, 7.25], "texture": "#3"}
			}
		},
		{
			"from": [11, 13.5, 2.4],
			"to": [12, 17.5, 2.5],
			"rotation": {"angle": 0, "axis": "y", "origin": [19, 21, 9]},
			"faces": {
				"north": {"uv": [8.5, 5, 8.75, 5.5], "texture": "#2"},
				"east": {"uv": [6.5, 5.25, 7.5, 7.25], "texture": "#2"},
				"south": {"uv": [6.5, 5.25, 7.5, 7.25], "texture": "#2"},
				"west": {"uv": [6.5, 5.25, 7.5, 7.25], "texture": "#2"},
				"up": {"uv": [6.5, 5.25, 7.5, 7.25], "texture": "#2"},
				"down": {"uv": [6.5, 5.25, 7.5, 7.25], "texture": "#2"}
			}
		},
		{
			"from": [3, 13.5, 2.4],
			"to": [4, 17.5, 2.5],
			"rotation": {"angle": 0, "axis": "y", "origin": [11, 21, 9]},
			"faces": {
				"north": {"uv": [8.5, 5, 8.75, 5.5], "texture": "#2"},
				"east": {"uv": [6.5, 5.25, 7.5, 7.25], "texture": "#2"},
				"south": {"uv": [6.5, 5.25, 7.5, 7.25], "texture": "#2"},
				"west": {"uv": [6.5, 5.25, 7.5, 7.25], "texture": "#2"},
				"up": {"uv": [6.5, 5.25, 7.5, 7.25], "texture": "#2"},
				"down": {"uv": [6.5, 5.25, 7.5, 7.25], "texture": "#2"}
			}
		},
		{
			"from": [2, 13.5, 2.4],
			"to": [3, 18.5, 2.5],
			"rotation": {"angle": 0, "axis": "y", "origin": [10, 21, 9]},
			"faces": {
				"north": {"uv": [8.5, 5, 8.75, 5.5], "texture": "#2"},
				"east": {"uv": [6.5, 5.25, 7.5, 7.25], "texture": "#2"},
				"south": {"uv": [6.5, 5.25, 7.5, 7.25], "texture": "#2"},
				"west": {"uv": [6.5, 5.25, 7.5, 7.25], "texture": "#2"},
				"up": {"uv": [6.5, 5.25, 7.5, 7.25], "texture": "#2"},
				"down": {"uv": [6.5, 5.25, 7.5, 7.25], "texture": "#2"}
			}
		},
		{
			"from": [12, 13.5, 2.4],
			"to": [13, 18.5, 2.5],
			"rotation": {"angle": 0, "axis": "y", "origin": [20, 21, 9]},
			"faces": {
				"north": {"uv": [8.5, 5, 8.75, 5.5], "texture": "#2"},
				"east": {"uv": [6.5, 5.25, 7.5, 7.25], "texture": "#2"},
				"south": {"uv": [6.5, 5.25, 7.5, 7.25], "texture": "#2"},
				"west": {"uv": [6.5, 5.25, 7.5, 7.25], "texture": "#2"},
				"up": {"uv": [6.5, 5.25, 7.5, 7.25], "texture": "#2"},
				"down": {"uv": [6.5, 5.25, 7.5, 7.25], "texture": "#2"}
			}
		},
		{
			"from": [2, 13.5, 2.5],
			"to": [3, 18.5, 3.5],
			"rotation": {"angle": 0, "axis": "y", "origin": [10, 21, 10]},
			"faces": {
				"north": {"uv": [8.5, 5, 8.75, 5.5], "texture": "#3"},
				"east": {"uv": [6.5, 5.25, 7.5, 7.25], "texture": "#3"},
				"south": {"uv": [6.5, 5.25, 7.5, 7.25], "texture": "#3"},
				"west": {"uv": [6.5, 5.25, 7.5, 7.25], "texture": "#3"},
				"up": {"uv": [6.5, 5.25, 7.5, 7.25], "texture": "#3"},
				"down": {"uv": [6.5, 5.25, 7.5, 7.25], "texture": "#3"}
			}
		},
		{
			"from": [3, 13.5, 2.5],
			"to": [4, 17.5, 3.5],
			"rotation": {"angle": 0, "axis": "y", "origin": [11, 21, 10]},
			"faces": {
				"north": {"uv": [8.5, 5, 8.75, 5.5], "texture": "#3"},
				"east": {"uv": [6.5, 5.25, 7.5, 7.25], "texture": "#3"},
				"south": {"uv": [6.5, 5.25, 7.5, 7.25], "texture": "#3"},
				"west": {"uv": [6.5, 5.25, 7.5, 7.25], "texture": "#3"},
				"up": {"uv": [6.5, 5.25, 7.5, 7.25], "texture": "#3"},
				"down": {"uv": [6.5, 5.25, 7.5, 7.25], "texture": "#3"}
			}
		},
		{
			"from": [2, 19.5, 0.5],
			"to": [3, 20.5, 1.5],
			"rotation": {"angle": 0, "axis": "y", "origin": [10, 27, 8]},
			"faces": {
				"north": {"uv": [8.25, 2.5, 9.25, 4.5], "texture": "#3"},
				"east": {"uv": [8.25, 2.5, 9.25, 4.5], "texture": "#3"},
				"south": {"uv": [8.25, 2.5, 9.25, 4.5], "texture": "#3"},
				"west": {"uv": [8.25, 2.5, 9.25, 4.5], "texture": "#3"},
				"up": {"uv": [8.25, 2.5, 9.25, 4.5], "texture": "#3"},
				"down": {"uv": [8.25, 2.5, 9.25, 4.5], "texture": "#3"}
			}
		},
		{
			"from": [1, 12.5, 0.5],
			"to": [2, 13.5, 1.5],
			"rotation": {"angle": 0, "axis": "y", "origin": [9, 20, 8]},
			"faces": {
				"north": {"uv": [8.25, 2.5, 9.25, 4.5], "texture": "#3"},
				"east": {"uv": [8.25, 2.5, 9.25, 4.5], "texture": "#3"},
				"south": {"uv": [8.25, 2.5, 9.25, 4.5], "texture": "#3"},
				"west": {"uv": [8.25, 2.5, 9.25, 4.5], "texture": "#3"},
				"up": {"uv": [8.25, 2.5, 9.25, 4.5], "texture": "#3"},
				"down": {"uv": [8.25, 2.5, 9.25, 4.5], "texture": "#3"}
			}
		},
		{
			"from": [2, 18.5, 1.5],
			"to": [3, 19.5, 2.5],
			"rotation": {"angle": 0, "axis": "y", "origin": [10, 26, 9]},
			"faces": {
				"north": {"uv": [8.25, 2.5, 9.25, 4.5], "texture": "#3"},
				"east": {"uv": [8.25, 2.5, 9.25, 4.5], "texture": "#3"},
				"south": {"uv": [8.25, 2.5, 9.25, 4.5], "texture": "#3"},
				"west": {"uv": [8.25, 2.5, 9.25, 4.5], "texture": "#3"},
				"up": {"uv": [8.25, 2.5, 9.25, 4.5], "texture": "#3"},
				"down": {"uv": [8.25, 2.5, 9.25, 4.5], "texture": "#3"}
			}
		},
		{
			"from": [3, 18.5, 0.5],
			"to": [4, 19.5, 1.5],
			"rotation": {"angle": 0, "axis": "y", "origin": [11, 26, 8]},
			"faces": {
				"north": {"uv": [8.25, 2.5, 9.25, 4.5], "texture": "#3"},
				"east": {"uv": [8.25, 2.5, 9.25, 4.5], "texture": "#3"},
				"south": {"uv": [8.25, 2.5, 9.25, 4.5], "texture": "#3"},
				"west": {"uv": [8.25, 2.5, 9.25, 4.5], "texture": "#3"},
				"up": {"uv": [8.25, 2.5, 9.25, 4.5], "texture": "#3"},
				"down": {"uv": [8.25, 2.5, 9.25, 4.5], "texture": "#3"}
			}
		},
		{
			"from": [3, 17.5, 1.5],
			"to": [4, 18.5, 2.5],
			"rotation": {"angle": 0, "axis": "y", "origin": [11, 25, 9]},
			"faces": {
				"north": {"uv": [8.25, 2.5, 9.25, 4.5], "texture": "#3"},
				"east": {"uv": [8.25, 2.5, 9.25, 4.5], "texture": "#3"},
				"south": {"uv": [8.25, 2.5, 9.25, 4.5], "texture": "#3"},
				"west": {"uv": [8.25, 2.5, 9.25, 4.5], "texture": "#3"},
				"up": {"uv": [8.25, 2.5, 9.25, 4.5], "texture": "#3"},
				"down": {"uv": [8.25, 2.5, 9.25, 4.5], "texture": "#3"}
			}
		},
		{
			"from": [12, 19.5, 0.5],
			"to": [13, 20.5, 1.5],
			"rotation": {"angle": 0, "axis": "y", "origin": [20, 27, 8]},
			"faces": {
				"north": {"uv": [8.25, 2.5, 9.25, 4.5], "texture": "#3"},
				"east": {"uv": [8.25, 2.5, 9.25, 4.5], "texture": "#3"},
				"south": {"uv": [8.25, 2.5, 9.25, 4.5], "texture": "#3"},
				"west": {"uv": [8.25, 2.5, 9.25, 4.5], "texture": "#3"},
				"up": {"uv": [8.25, 2.5, 9.25, 4.5], "texture": "#3"},
				"down": {"uv": [8.25, 2.5, 9.25, 4.5], "texture": "#3"}
			}
		},
		{
			"from": [12, 18.5, 1.5],
			"to": [13, 19.5, 2.5],
			"rotation": {"angle": 0, "axis": "y", "origin": [20, 26, 9]},
			"faces": {
				"north": {"uv": [8.25, 2.5, 9.25, 4.5], "texture": "#3"},
				"east": {"uv": [8.25, 2.5, 9.25, 4.5], "texture": "#3"},
				"south": {"uv": [8.25, 2.5, 9.25, 4.5], "texture": "#3"},
				"west": {"uv": [8.25, 2.5, 9.25, 4.5], "texture": "#3"},
				"up": {"uv": [8.25, 2.5, 9.25, 4.5], "texture": "#3"},
				"down": {"uv": [8.25, 2.5, 9.25, 4.5], "texture": "#3"}
			}
		},
		{
			"from": [13, 12.5, 0.5],
			"to": [14, 13.5, 1.5],
			"rotation": {"angle": 0, "axis": "y", "origin": [21, 20, 8]},
			"faces": {
				"north": {"uv": [8.25, 2.5, 9.25, 4.5], "texture": "#3"},
				"east": {"uv": [8.25, 2.5, 9.25, 4.5], "texture": "#3"},
				"south": {"uv": [8.25, 2.5, 9.25, 4.5], "texture": "#3"},
				"west": {"uv": [8.25, 2.5, 9.25, 4.5], "texture": "#3"},
				"up": {"uv": [8.25, 2.5, 9.25, 4.5], "texture": "#3"},
				"down": {"uv": [8.25, 2.5, 9.25, 4.5], "texture": "#3"}
			}
		},
		{
			"from": [11, 18.5, 0.5],
			"to": [12, 19.5, 1.5],
			"rotation": {"angle": 0, "axis": "y", "origin": [19, 26, 8]},
			"faces": {
				"north": {"uv": [8.25, 2.5, 9.25, 4.5], "texture": "#3"},
				"east": {"uv": [8.25, 2.5, 9.25, 4.5], "texture": "#3"},
				"south": {"uv": [8.25, 2.5, 9.25, 4.5], "texture": "#3"},
				"west": {"uv": [8.25, 2.5, 9.25, 4.5], "texture": "#3"},
				"up": {"uv": [8.25, 2.5, 9.25, 4.5], "texture": "#3"},
				"down": {"uv": [8.25, 2.5, 9.25, 4.5], "texture": "#3"}
			}
		},
		{
			"from": [11, 17.5, 1.5],
			"to": [12, 18.5, 2.5],
			"rotation": {"angle": 0, "axis": "y", "origin": [19, 25, 9]},
			"faces": {
				"north": {"uv": [8.25, 2.5, 9.25, 4.5], "texture": "#3"},
				"east": {"uv": [8.25, 2.5, 9.25, 4.5], "texture": "#3"},
				"south": {"uv": [8.25, 2.5, 9.25, 4.5], "texture": "#3"},
				"west": {"uv": [8.25, 2.5, 9.25, 4.5], "texture": "#3"},
				"up": {"uv": [8.25, 2.5, 9.25, 4.5], "texture": "#3"},
				"down": {"uv": [8.25, 2.5, 9.25, 4.5], "texture": "#3"}
			}
		}
	],
	"display": {
		"thirdperson_righthand": {
			"translation": [0, -1.5, 2.25],
			"scale": [0.29, 0.29, 0.29]
		},
		"thirdperson_lefthand": {
			"translation": [0, -1.5, 2.25],
			"scale": [0.29, 0.29, 0.29]
		},
		"firstperson_righthand": {
			"translation": [6, -8.5, -0.25]
		},
		"firstperson_lefthand": {
			"translation": [6, -8.5, -0.25]
		},
		"ground": {
			"translation": [0, -4, 6]
		},
		"gui": {
			"rotation": [0, -180, 0],
			"translation": [-0.5, -7, 0]
		},
		"head": {
			"translation": [0.5, 1, 0]
		},
		"fixed": {
			"translation": [0, -7, 4.5]
		}
	}
}