{
	"__comment": "Designed by Monsterfish_",
	"textures": {
		"texture": "blocks/present_purple",
		"texture2": "blocks/knot"
	},
	"elements": [
		{
			"__comment": "Cube1",
			"from": [ 0.5, 0, 3.5 ],
			"to": [ 15.5, 4.5, 12.5 ],
			"faces": {
				"down": { "uv": [ 0.5, 3.5, 15.5, 12.5 ], "texture": "#texture" },
				"up": { "uv": [ 0.5, 3.5, 15.5, 12.5 ], "texture": "#texture" },
				"north": { "uv": [ 0.5, 11.5, 15.5, 16 ], "texture": "#texture" },
				"south": { "uv": [ 0.5, 11.5, 15.5, 16 ], "texture": "#texture" },
				"west": { "uv": [ 3.5, 11.5, 12.5, 16 ], "texture": "#texture" },
				"east": { "uv": [ 3.5, 11.5, 12.5, 16 ], "texture": "#texture" }
			}
		},
		{
			"__comment": "PlaneZ3",
			"from": [ 4.5, 4.5, 7.5 ],
			"to": [ 12.5, 8.5, 7.501 ],
			"rotation": { "origin": [ 4.5, 4.5, 7.5 ], "axis": "x", "angle": 22.5 },
			"faces": {
				"north": { "uv": [ 0, 7.5, 16, 16 ], "texture": "#texture2" },
				"south": { "uv": [ 0, 7.5, 16, 16 ], "texture": "#texture2" }
			}
		}
	],
	"display": {
		"thirdperson_righthand": {
			"rotation":  [ 58, -2, 0 ],
			"translation":  [ 0, 1.6695, 1.8782 ]
		},
		"thirdperson_lefthand": {
			"rotation":  [ 58, -2, 0 ],
			"translation":  [ 0, 0.626, 0 ]
		},
		"firstperson_righthand": {
			"translation":  [ 0, 3.5478, 0 ]
		},
		"firstperson_lefthand": {
			"translation":  [ 0, 3.5478, 0 ]
		},
		"gui": {
			"rotation":  [ 30, 225, 0 ],
			"scale":  [ 0.625, 0.625, 0.625 ]
		},
		"head": {
			"translation":  [ 0, -32, 0 ],
			"scale":  [ 1.6, 1.6, 1.6 ]
		},
		"ground": {
			"translation":  [ 0, 2.0869, 0 ],
			"scale":  [ 0.6, 0.6, 0.6 ]
		}
	}
}