{
"__comment": "Designed by Jugbot",
"textures": {
    "texture": "blocks/planks_spruce"
},
"elements": [ 
{
    "__comment": "Top",
    "from": [ 8, 11, 0 ],
    "to": [ 20, 12, 16 ],
    "faces": {
        "down":  { "uv": [ 4, 16, 16, 0 ], "texture": "#texture" },
        "up":    { "uv": [ 4, 0, 16, 16 ], "texture": "#texture" },
        "north": { "uv": [ 4, 4, 16, 5 ], "texture": "#texture" },
        "south": { "uv": [ 4, 4, 16, 5 ], "texture": "#texture" },
        "east":  { "uv": [ 0, 0, 1, 16 ], "texture": "#texture" }
    }
},
{
    "__comment": "Leg",
    "from": [ -3.5, 0, 0.5 ],
    "to": [ -1.5, 11, 2.5 ],
    "faces": {
        "down":  { "uv": [ 0, 0, 2, 2 ], "texture": "#texture" },
        "north": { "uv": [ 0, 4, 11, 6 ], "rotation": 90, "texture": "#texture" },
        "south": { "uv": [ 0, 8, 11, 10 ], "rotation": 90, "texture": "#texture" },
        "west":  { "uv": [ 0, 0, 11, 2 ], "rotation": 90, "texture": "#texture" },
        "east":  { "uv": [ 0, 12, 11, 14 ], "texture": "#texture" }
    }
},
{
    "__comment": "Side",
    "from": [ -3, 7, 2.5 ],
    "to": [ -2, 11, 13.5 ],
    "faces": {
        "down":  { "uv": [ 2.5, 0, 13.5, 1 ], "rotation": 90, "texture": "#texture" },
        "west":  { "uv": [ 2.5, 3, 13.5, 7 ], "texture": "#texture" },
        "east":  { "uv": [ 2.5, 3, 13.5, 7 ], "texture": "#texture" }
    }
},
{
    "__comment": "Leg",
    "from": [ -3.5, 0, 13.5 ],
    "to": [ -1.5, 11, 15.5 ],
    "faces": {
        "down":  { "uv": [ 0, 0, 2, 2 ], "texture": "#texture" },
        "north": { "uv": [ 4, 4, 15, 6 ], "rotation": 90, "texture": "#texture" },
        "south": { "uv": [ 3, 8, 14, 10 ], "rotation": 90, "texture": "#texture" },
        "west":  { "uv": [ 2, 13, 13, 15 ], "rotation": 90, "texture": "#texture" },
        "east":  { "uv": [ 4, 0, 15, 2 ], "texture": "#texture" }
    }
},
{
    "__comment": "Side",
    "from": [ -1.5, 7, 14 ],
    "to": [ 8, 11, 15 ],
    "faces": {
        "down":  { "uv": [ 0, 14, 9.5, 15 ], "texture": "#texture" },
        "north": { "uv": [ 0, 3, 9.5, 7 ], "texture": "#texture" },
        "south": { "uv": [ 0, 3, 9.5, 7 ], "texture": "#texture" }
    }
},
{
    "__comment": "Leg",
    "from": [ 17.5, 0, 13.5 ],
    "to": [ 19.5, 11, 15.5 ],
    "faces": {
        "down":  { "uv": [ 0, 0, 2, 2 ], "texture": "#texture" },
        "north": { "uv": [ 1, 8, 12, 10 ], "rotation": 90, "texture": "#texture" },
        "south": { "uv": [ 4, 9, 15, 11 ], "rotation": 90, "texture": "#texture" },
        "west":  { "uv": [ 4, 1, 15, 3 ], "rotation": 90, "texture": "#texture" },
        "east":  { "uv": [ 3, 13, 14, 15 ], "texture": "#texture" }
    }
},
{
    "__comment": "Side",
    "from": [ -1.5, 7, 1 ],
    "to": [ 8, 11, 2 ],
    "faces": {
        "down":  { "uv": [ 0, 1, 9.5, 2 ], "texture": "#texture" },
        "north": { "uv": [ 0, 3, 9.5, 7 ], "texture": "#texture" },
        "south": { "uv": [ 0, 3, 9.5, 7 ], "texture": "#texture" }
    }
},
{
    "__comment": "Leg",
    "from": [ 17.5, 0, 0.5 ],
    "to": [ 19.5, 11, 2.5 ],
    "faces": {
        "down":  { "uv": [ 0, 0, 2, 2 ], "texture": "#texture" },
        "north": { "uv": [ 3, 13, 14, 15 ], "rotation": 90, "texture": "#texture" },
        "south": { "uv": [ 5, 0, 16, 2 ], "rotation": 90, "texture": "#texture" },
        "west":  { "uv": [ 3, 12, 14, 14 ], "rotation": 90, "texture": "#texture" },
        "east":  { "uv": [ 0, 12, 11, 14 ], "texture": "#texture" }
    }
},
{
    "__comment": "Side",
    "from": [ 18, 7, 2.5 ],
    "to": [ 19, 11, 13.5 ],
    "faces": {
        "down":  { "uv": [ 2.5, 0, 13.5, 1 ], "rotation": 90, "texture": "#texture" },
        "west":  { "uv": [ 2.5, 11, 13.5, 15 ], "texture": "#texture" },
        "east":  { "uv": [ 2.5, 7, 13.5, 11 ], "texture": "#texture" }
    }
},
{
    "__comment": "Belly",
    "from": [ -2, 8, 2 ],
    "to": [ 8, 11, 14 ],
    "faces": {
        "down":  { "uv": [ 0, 2, 10, 14 ], "texture": "#texture" },
        "north": { "uv": [ 0, 5, 10, 8 ], "texture": "#texture" },
        "south": { "uv": [ 0, 5, 10, 8 ], "texture": "#texture" },
        "west":  { "uv": [ 2, 5, 14, 8 ], "texture": "#texture" }
    }
},
{
    "__comment": "ShelfDingy",
    "from": [ -2.5, 1, 1.5 ],
    "to": [ 7.5, 2, 14.5 ],
    "faces": {
        "down":  { "uv": [ 0, 2, 10, 15 ], "texture": "#texture" },
        "up":    { "uv": [ 0, 2, 10, 15 ], "texture": "#texture" },
        "north": { "uv": [ 0, 14, 10, 15 ], "texture": "#texture" },
        "south": { "uv": [ 0, 14, 10, 15 ], "texture": "#texture" },
        "west":  { "uv": [ 0, 15, 1, 2 ], "rotation": 90, "texture": "#texture" }
    }
},
{
    "__comment": "Belly*",
    "from": [ 8, 8, 2 ],
    "to": [ 18, 11, 14 ],
    "faces": {
        "down":  { "uv": [ 6, 2, 16, 14 ], "texture": "#texture" },
        "south": { "uv": [ 6, 5, 16, 8 ], "texture": "#texture" },
        "east":  { "uv": [ 2, 5, 14, 8 ], "texture": "#texture" }
    }
},
{
    "__comment": "ShelfDingy*",
    "from": [ 7.5, 1, 1.5 ],
    "to": [ 18.5, 2, 14.5 ],
    "faces": {
        "down":  { "uv": [ 5, 2, 16, 15 ], "texture": "#texture" },
        "up":    { "uv": [ 5, 2, 16, 15 ], "texture": "#texture" },
        "north": { "uv": [ 5, 14, 16, 15 ], "texture": "#texture" },
        "south": { "uv": [ 5, 14, 16, 15 ], "texture": "#texture" },
        "east":  { "uv": [ 3, 2, 4, 15 ], "texture": "#texture" }
    }
},
{
    "__comment": "Side*",
    "from": [ 8, 7, 14 ],
    "to": [ 17.5, 11, 15 ],
    "faces": {
        "down":  { "uv": [ 6.5, 14, 16, 15 ], "texture": "#texture" },
        "north": { "uv": [ 6.5, 3, 16, 7 ], "texture": "#texture" },
        "south": { "uv": [ 6.5, 3, 16, 7 ], "texture": "#texture" }
    }
},
{
    "__comment": "Side*",
    "from": [ 8, 7, 1 ],
    "to": [ 18, 11, 2 ],
    "faces": {
        "down":  { "uv": [ 6, 1, 16, 2 ], "texture": "#texture" },
        "north": { "uv": [ 6, 7, 16, 11 ], "texture": "#texture" },
        "south": { "uv": [ 6, 7, 16, 11 ], "texture": "#texture" },
        "east":  { "uv": [ 1, 5, 2, 9 ], "texture": "#texture" }
    }
},
{
    "__comment": "Top*",
    "from": [ -4, 11, 0 ],
    "to": [ 8, 12, 16 ],
    "faces": {
        "down":  { "uv": [ 0, 16, 12, 0 ], "texture": "#texture" },
        "up":    { "uv": [ 0, 0, 12, 16 ], "texture": "#texture" },
        "north": { "uv": [ 0, 4, 12, 5 ], "texture": "#texture" },
        "south": { "uv": [ 0, 4, 12, 5 ], "texture": "#texture" },
        "west":  { "uv": [ 0, 0, 1, 16 ], "rotation": 270, "texture": "#texture" }
    }
}
],
"display": {
    "thirdperson_righthand": {
        "rotation": [ 0, -43, 0 ],
        "translation": [ 0, 3.97, 0 ],
        "scale": [ 0.5, 0.5, 0.5 ]
    },
    "thirdperson_lefthand": {
        "rotation": [ 0, -43, 0 ],
        "translation": [ 0, 3.97, 0 ],
        "scale": [ 0.5, 0.5, 0.5 ]
    },
    "head": {
        "rotation": [ 0, 180, 0 ],
        "translation": [ 0, -30.5, 0 ],
        "scale": [ 1.6, 1.6, 1.6 ]
    },
    "ground": {
        "rotation": [ 0, 0, 0 ],
        "translation": [ 0, 2, 0 ],
        "scale": [ 0.5, 0.5, 0.5 ]
    },
    "fixed": {
        "rotation": [ 0, 180, 0 ],
        "translation": [ 0, 0, -3.4 ],
        "scale": [ 0.5, 0.5, 0.5 ]
    },
    "firstperson_righthand": {
        "rotation": [ 0, -64, 0 ],
        "translation": [ 0, 3.4, 0 ],
        "scale": [ 0.5, 0.5, 0.5 ]
    },
    "firstperson_lefthand": {
        "rotation": [ 0, -64, 0 ],
        "translation": [ 0, 3.4, 0 ],
        "scale": [ 0.5, 0.5, 0.5 ]
    },
    "gui": {
        "rotation": [ 35, 35, 0 ],
        "translation": [ 0, 0, 0 ],
        "scale": [ 0.62, 0.62, 0.62 ]
    }
}
}