{
"__comment": "Designed by Oberdiah",
"textures": {
    "texture": "blocks/planks_oak",
    "glass_blue": "blocks/wool_colored_white"
},
"elements": [ 
{
    "from": [ 1, 13, 1 ],
    "to": [ 2, 30, 2 ],
    "faces": {
        "down":  { "uv": [ 15, 2, 14, 1 ], "texture": "#texture" },
        "up":    { "uv": [ 1, 1, 2, 2 ], "texture": "#texture" },
        "north": { "uv": [ 14, 0, 15, 3 ], "texture": "#texture" },
        "south": { "uv": [ 1, 0, 2, 3 ], "texture": "#texture" },
        "west":  { "uv": [ 1, 0, 2, 3 ], "texture": "#texture" },
        "east":  { "uv": [ 14, 0, 15, 3 ], "texture": "#texture" }
    }
},
{
    "from": [ 1, 30, 2 ],
    "to": [ 2, 31, 14 ],
    "faces": {
        "down":  { "uv": [ 15, 14, 14, 2 ], "texture": "#texture" },
        "up":    { "uv": [ 1, 2, 2, 14 ], "texture": "#texture" },
        "north": { "uv": [ 14, 0, 15, 0 ], "texture": "#texture" },
        "south": { "uv": [ 1, 0, 2, 0 ], "texture": "#texture" },
        "west":  { "uv": [ 2, 0, 14, 0 ], "texture": "#texture" },
        "east":  { "uv": [ 2, 0, 14, 0 ], "texture": "#texture" }
    }
},
{
    "from": [ 1, 13, 14 ],
    "to": [ 2, 30, 15 ],
    "faces": {
        "down":  { "uv": [ 15, 15, 14, 14 ], "texture": "#texture" },
        "up":    { "uv": [ 1, 14, 2, 15 ], "texture": "#texture" },
        "north": { "uv": [ 14, 0, 15, 3 ], "texture": "#texture" },
        "south": { "uv": [ 1, 0, 2, 3 ], "texture": "#texture" },
        "west":  { "uv": [ 14, 0, 15, 3 ], "texture": "#texture" },
        "east":  { "uv": [ 1, 0, 2, 3 ], "texture": "#texture" }
    }
},
{
    "from": [ 1, 22, 2 ],
    "to": [ 2, 24.5, 14 ],
    "faces": {
        "down":  { "uv": [ 15, 14, 14, 2 ], "texture": "#texture" },
        "up":    { "uv": [ 1, 2, 2, 14 ], "texture": "#texture" },
        "north": { "uv": [ 14, 0, 15, 0 ], "texture": "#texture" },
        "south": { "uv": [ 1, 0, 2, 0 ], "texture": "#texture" },
        "west":  { "uv": [ 2, 0, 14, 0 ], "texture": "#texture" },
        "east":  { "uv": [ 2, 0, 14, 0 ], "texture": "#texture" }
    }
},
{
    "from": [ 1, 18, 2 ],
    "to": [ 2, 20.5, 14 ],
    "faces": {
        "down":  { "uv": [ 15, 14, 14, 2 ], "texture": "#texture" },
        "up":    { "uv": [ 1, 2, 2, 14 ], "texture": "#texture" },
        "north": { "uv": [ 14, 0, 15, 0 ], "texture": "#texture" },
        "south": { "uv": [ 1, 0, 2, 0 ], "texture": "#texture" },
        "west":  { "uv": [ 2, 0, 14, 0 ], "texture": "#texture" },
        "east":  { "uv": [ 2, 0, 14, 0 ], "texture": "#texture" }
    }
},
{
    "from": [ 1, 0, 1 ],
    "to": [ 2, 13, 2 ],
    "faces": {
        "down":  { "uv": [ 15, 2, 14, 1 ], "texture": "#texture" },
        "up":    { "uv": [ 1, 1, 2, 2 ], "texture": "#texture" },
        "north": { "uv": [ 14, 3, 15, 16 ], "texture": "#texture" },
        "south": { "uv": [ 1, 3, 2, 16 ], "texture": "#texture" },
        "west":  { "uv": [ 1, 3, 2, 16 ], "texture": "#texture" },
        "east":  { "uv": [ 14, 3, 15, 16 ], "texture": "#texture" }
    }
},
{
    "from": [ 1, 0, 14 ],
    "to": [ 2, 13, 15 ],
    "faces": {
        "down":  { "uv": [ 15, 15, 14, 14 ], "texture": "#texture" },
        "up":    { "uv": [ 1, 14, 2, 15 ], "texture": "#texture" },
        "north": { "uv": [ 14, 3, 15, 16 ], "texture": "#texture" },
        "south": { "uv": [ 1, 3, 2, 16 ], "texture": "#texture" },
        "west":  { "uv": [ 14, 3, 15, 16 ], "texture": "#texture" },
        "east":  { "uv": [ 1, 3, 2, 16 ], "texture": "#texture" }
    }
},
{
    "from": [ 15, 0, 14 ],
    "to": [ 16, 13, 15 ],
    "faces": {
        "down":  { "uv": [ 1, 15, 0, 14 ], "texture": "#texture" },
        "up":    { "uv": [ 15, 14, 16, 15 ], "texture": "#texture" },
        "north": { "uv": [ 0, 3, 1, 16 ], "texture": "#texture" },
        "south": { "uv": [ 15, 3, 16, 16 ], "texture": "#texture" },
        "west":  { "uv": [ 14, 3, 15, 16 ], "texture": "#texture" },
        "east":  { "uv": [ 1, 3, 2, 16 ], "texture": "#texture" }
    }
},
{
    "from": [ 15, 0, 1 ],
    "to": [ 16, 13, 2 ],
    "faces": {
        "down":  { "uv": [ 1, 2, 0, 1 ], "texture": "#texture" },
        "up":    { "uv": [ 15, 1, 16, 2 ], "texture": "#texture" },
        "north": { "uv": [ 0, 3, 1, 16 ], "texture": "#texture" },
        "south": { "uv": [ 15, 3, 16, 16 ], "texture": "#texture" },
        "west":  { "uv": [ 1, 3, 2, 16 ], "texture": "#texture" },
        "east":  { "uv": [ 14, 3, 15, 16 ], "texture": "#texture" }
    }
},
{
    "from": [ 1, 13, 1 ],
    "to": [ 16, 14, 15 ],
    "faces": {
        "down":  { "uv": [ 15, 15, 0, 1 ], "texture": "#texture" },
        "up":    { "uv": [ 1, 1, 16, 15 ], "texture": "#texture" },
        "north": { "uv": [ 0, 2, 15, 3 ], "texture": "#texture" },
        "south": { "uv": [ 1, 2, 16, 3 ], "texture": "#texture" },
        "west":  { "uv": [ 1, 2, 15, 3 ], "texture": "#texture" },
        "east":  { "uv": [ 1, 2, 15, 3 ], "texture": "#texture" }
    }
},
{
    "from": [ 15, 12, 1 ],
    "to": [ 16, 13, 15 ],
    "faces": {
        "down":  { "uv": [ 1, 15, 0, 1 ], "texture": "#texture" },
        "up":    { "uv": [ 15, 1, 16, 15 ], "texture": "#texture" },
        "north": { "uv": [ 0, 3, 1, 4 ], "texture": "#texture" },
        "south": { "uv": [ 15, 3, 16, 4 ], "texture": "#texture" },
        "west":  { "uv": [ 1, 3, 15, 4 ], "texture": "#texture" },
        "east":  { "uv": [ 1, 3, 15, 4 ], "texture": "#texture" }
    }
},
{
    "from": [ 2, 12, 1 ],
    "to": [ 15, 13, 2 ],
    "faces": {
        "down":  { "uv": [ 14, 2, 1, 1 ], "texture": "#texture" },
        "up":    { "uv": [ 2, 1, 15, 2 ], "texture": "#texture" },
        "north": { "uv": [ 1, 3, 14, 4 ], "texture": "#texture" },
        "south": { "uv": [ 2, 3, 15, 4 ], "texture": "#texture" },
        "west":  { "uv": [ 1, 3, 2, 4 ], "texture": "#texture" },
        "east":  { "uv": [ 14, 3, 15, 4 ], "texture": "#texture" }
    }
},
{
    "from": [ 2, 12, 14 ],
    "to": [ 15, 13, 15 ],
    "faces": {
        "down":  { "uv": [ 14, 15, 1, 14 ], "texture": "#texture" },
        "up":    { "uv": [ 2, 14, 15, 15 ], "texture": "#texture" },
        "north": { "uv": [ 1, 3, 14, 4 ], "texture": "#texture" },
        "south": { "uv": [ 2, 3, 15, 4 ], "texture": "#texture" },
        "west":  { "uv": [ 14, 3, 15, 4 ], "texture": "#texture" },
        "east":  { "uv": [ 1, 3, 2, 4 ], "texture": "#texture" }
    }
},
{
    "from": [ 1, 12, 1 ],
    "to": [ 2, 13, 15 ],
    "faces": {
        "down":  { "uv": [ 15, 15, 14, 1 ], "texture": "#texture" },
        "up":    { "uv": [ 1, 1, 2, 15 ], "texture": "#texture" },
        "north": { "uv": [ 14, 3, 15, 4 ], "texture": "#texture" },
        "south": { "uv": [ 1, 3, 2, 4 ], "texture": "#texture" },
        "west":  { "uv": [ 1, 3, 15, 4 ], "texture": "#texture" },
        "east":  { "uv": [ 1, 3, 15, 4 ], "texture": "#texture" }
    }
},
{
    "from": [ 2, 14, 1 ],
    "to": [ 16, 15, 15 ],
    "faces": {
        "down":  { "uv": [ 14, 15, 0, 1 ], "texture": "#glass_blue" },
        "up":    { "uv": [ 2, 1, 16, 15 ], "texture": "#glass_blue" },
        "north": { "uv": [ 0, 1, 14, 2 ], "texture": "#glass_blue" },
        "south": { "uv": [ 2, 1, 16, 2 ], "texture": "#glass_blue" },
        "west":  { "uv": [ 1, 1, 15, 2 ], "texture": "#glass_blue" },
        "east":  { "uv": [ 1, 1, 15, 2 ], "texture": "#glass_blue" }
    }
},
{
    "from": [ 2, 15, 1.5 ],
    "to": [ 15.5, 15.5, 14.5 ],
    "faces": {
        "down":  { "uv": [ 14, 14.5, 0.5, 1.5 ], "texture": "#glass_blue" },
        "up":    { "uv": [ 2, 1.5, 15.5, 14.5 ], "texture": "#glass_blue" },
        "north": { "uv": [ 0.5, 0.5, 14, 1 ], "texture": "#glass_blue" },
        "south": { "uv": [ 2, 0.5, 15.5, 1 ], "texture": "#glass_blue" },
        "west":  { "uv": [ 1.5, 0.5, 14.5, 1 ], "texture": "#glass_blue" },
        "east":  { "uv": [ 1.5, 0.5, 14.5, 1 ], "texture": "#glass_blue" }
    }
},
{
    "from": [ 1, 14, 2 ],
    "to": [ 2, 15, 14 ],
    "faces": {
        "down":  { "uv": [ 15, 14, 14, 2 ], "texture": "#glass_blue" },
        "up":    { "uv": [ 1, 2, 2, 14 ], "texture": "#glass_blue" },
        "north": { "uv": [ 14, 1, 15, 2 ], "texture": "#glass_blue" },
        "south": { "uv": [ 1, 1, 2, 2 ], "texture": "#glass_blue" },
        "west":  { "uv": [ 2, 1, 14, 2 ], "texture": "#glass_blue" },
        "east":  { "uv": [ 2, 1, 14, 2 ], "texture": "#glass_blue" }
    }
},
{
    "from": [ 1.5, 15, 2.5 ],
    "to": [ 2, 15.5, 13.5 ],
    "faces": {
        "down":  { "uv": [ 14.5, 13.5, 14, 2.5 ], "texture": "#glass_blue" },
        "up":    { "uv": [ 1.5, 2.5, 2, 13.5 ], "texture": "#glass_blue" },
        "north": { "uv": [ 14, 0.5, 14.5, 1 ], "texture": "#glass_blue" },
        "south": { "uv": [ 1.5, 0.5, 2, 1 ], "texture": "#glass_blue" },
        "west":  { "uv": [ 2.5, 0.5, 13.5, 1 ], "texture": "#glass_blue" },
        "east":  { "uv": [ 2.5, 0.5, 13.5, 1 ], "texture": "#glass_blue" }
    }
}
],
"display": {
    "thirdperson_righthand": {
        "rotation": [ 0, -43, 0 ],
        "translation": [ 0, 0, 0 ],
        "scale": [ 0.5, 0.5, 0.5 ]
    },
    "thirdperson_lefthand": {
        "rotation": [ 0, -43, 0 ],
        "translation": [ 0, 0, 0 ],
        "scale": [ 0.5, 0.5, 0.5 ]
    },
    "head": {
        "rotation": [ 0, 90, 0 ],
        "translation": [ 0, -34, 0 ],
        "scale": [ 1.2, 1.2, 1.2 ]
    },
    "ground": {
        "rotation": [ 0, 0, 0 ],
        "translation": [ 0, 2, 0 ],
        "scale": [ 0.5, 0.5, 0.5 ]
    },
    "fixed": {
        "rotation": [ 0, 180, 0 ],
        "translation": [ 0, 0, -3.4 ],
        "scale": [ 0.5, 0.5, 0.5 ]
    },
    "firstperson_righthand": {
        "rotation": [ 0, -64, 0 ],
        "translation": [ 0, 0, 0 ],
        "scale": [ 0.5, 0.5, 0.5 ]
    },
    "firstperson_lefthand": {
        "rotation": [ 0, -64, 0 ],
        "translation": [ 0, 0, 0 ],
        "scale": [ 0.5, 0.5, 0.5 ]
    },
    "gui": {
        "rotation": [ 35, -55, 0 ],
        "translation": [ 0, 0, 0 ],
        "scale": [ 0.3, 0.3, 0.3 ]
    }
}
}