{
"__comment": "Designed by Oberdiah",
"textures": {
    "texture": "blocks/furniture/locker",
    "lighter": "blocks/iron_block"
},
"elements": [ 
{
    "from": [ 0, 0, 0 ],
    "to": [ 16, 16, 15.5 ],
    "faces": {
        "down":  { "uv": [ 16, 15.5, 0, 0 ], "texture": "#texture" },
        "up":    { "uv": [ 0, 0, 16, 15.5 ], "texture": "#texture" },
        "north": { "uv": [ 0, 0, 16, 16 ], "texture": "#texture" },
        "south": { "uv": [ 0, 0, 16, 16 ], "texture": "#texture" },
        "west":  { "uv": [ 0, 0, 15.5, 16 ], "texture": "#texture" },
        "east":  { "uv": [ 0.5, 0, 16, 16 ], "texture": "#texture" }
    }
},
{
    "from": [ 0.5, 0.5, 15.5 ],
    "to": [ 7.5, 15.5, 16 ],
    "faces": {
        "down":  { "uv": [ 15.5, 16, 8.5, 15.5 ], "texture": "#lighter" },
        "up":    { "uv": [ 0.5, 15.5, 7.5, 16 ], "texture": "#lighter" },
        "north": { "uv": [ 8.5, 0.5, 15.5, 15.5 ], "texture": "#lighter" },
        "south": { "uv": [ 0.5, 0.5, 7.5, 15.5 ], "texture": "#lighter" },
        "west":  { "uv": [ 15.5, 0.5, 16, 15.5 ], "texture": "#lighter" },
        "east":  { "uv": [ 0, 0.5, 0.5, 15.5 ], "texture": "#lighter" }
    }
},
{
    "from": [ 8.5, 0.5, 15.5 ],
    "to": [ 15.5, 15.5, 16 ],
    "faces": {
        "down":  { "uv": [ 7.5, 16, 0.5, 15.5 ], "texture": "#lighter" },
        "up":    { "uv": [ 8.5, 15.5, 15.5, 16 ], "texture": "#lighter" },
        "north": { "uv": [ 0.5, 0.5, 7.5, 15.5 ], "texture": "#lighter" },
        "south": { "uv": [ 8.5, 0.5, 15.5, 15.5 ], "texture": "#lighter" },
        "west":  { "uv": [ 15.5, 0.5, 16, 15.5 ], "texture": "#lighter" },
        "east":  { "uv": [ 0, 0.5, 0.5, 15.5 ], "texture": "#lighter" }
    }
},
{
    "from": [ 6, 3, 16.5 ],
    "to": [ 7, 6, 17 ],
    "faces": {
        "down":  { "uv": [ 10, 16, 9, 16 ], "texture": "#texture" },
        "up":    { "uv": [ 6, 16, 7, 16 ], "texture": "#texture" },
        "north": { "uv": [ 9, 10, 10, 13 ], "texture": "#texture" },
        "south": { "uv": [ 6, 10, 7, 13 ], "texture": "#texture" },
        "west":  { "uv": [ 16, 10, 16, 13 ], "texture": "#texture" },
        "east":  { "uv": [ 0, 10, 0, 13 ], "texture": "#texture" }
    }
},
{
    "from": [ 6, 5.5, 16 ],
    "to": [ 7, 6.5, 16.5 ],
    "faces": {
        "down":  { "uv": [ 10, 16, 9, 16 ], "texture": "#texture" },
        "up":    { "uv": [ 6, 16, 7, 16 ], "texture": "#texture" },
        "north": { "uv": [ 9, 9.5, 10, 10.5 ], "texture": "#texture" },
        "south": { "uv": [ 6, 9.5, 7, 10.5 ], "texture": "#texture" },
        "west":  { "uv": [ 16, 9.5, 16, 10.5 ], "texture": "#texture" },
        "east":  { "uv": [ 0, 9.5, 0, 10.5 ], "texture": "#texture" }
    }
},
{
    "from": [ 6, 2.5, 16 ],
    "to": [ 7, 3.5, 16.5 ],
    "faces": {
        "down":  { "uv": [ 10, 16, 9, 16 ], "texture": "#texture" },
        "up":    { "uv": [ 6, 16, 7, 16 ], "texture": "#texture" },
        "north": { "uv": [ 9, 12.5, 10, 13.5 ], "texture": "#texture" },
        "south": { "uv": [ 6, 12.5, 7, 13.5 ], "texture": "#texture" },
        "west":  { "uv": [ 16, 12.5, 16, 13.5 ], "texture": "#texture" },
        "east":  { "uv": [ 0, 12.5, 0, 13.5 ], "texture": "#texture" }
    }
},
{
    "from": [ 9, 3, 16.5 ],
    "to": [ 10, 6, 17 ],
    "faces": {
        "down":  { "uv": [ 7, 16, 6, 16 ], "texture": "#texture" },
        "up":    { "uv": [ 9, 16, 10, 16 ], "texture": "#texture" },
        "north": { "uv": [ 6, 10, 7, 13 ], "texture": "#texture" },
        "south": { "uv": [ 9, 10, 10, 13 ], "texture": "#texture" },
        "west":  { "uv": [ 16, 10, 16, 13 ], "texture": "#texture" },
        "east":  { "uv": [ 0, 10, 0, 13 ], "texture": "#texture" }
    }
},
{
    "from": [ 9, 5.5, 16 ],
    "to": [ 10, 6.5, 16.5 ],
    "faces": {
        "down":  { "uv": [ 7, 16, 6, 16 ], "texture": "#texture" },
        "up":    { "uv": [ 9, 16, 10, 16 ], "texture": "#texture" },
        "north": { "uv": [ 6, 9.5, 7, 10.5 ], "texture": "#texture" },
        "south": { "uv": [ 9, 9.5, 10, 10.5 ], "texture": "#texture" },
        "west":  { "uv": [ 16, 9.5, 16, 10.5 ], "texture": "#texture" },
        "east":  { "uv": [ 0, 9.5, 0, 10.5 ], "texture": "#texture" }
    }
},
{
    "from": [ 9, 2.5, 16 ],
    "to": [ 10, 3.5, 16.5 ],
    "faces": {
        "down":  { "uv": [ 7, 16, 6, 16 ], "texture": "#texture" },
        "up":    { "uv": [ 9, 16, 10, 16 ], "texture": "#texture" },
        "north": { "uv": [ 6, 12.5, 7, 13.5 ], "texture": "#texture" },
        "south": { "uv": [ 9, 12.5, 10, 13.5 ], "texture": "#texture" },
        "west":  { "uv": [ 16, 12.5, 16, 13.5 ], "texture": "#texture" },
        "east":  { "uv": [ 0, 12.5, 0, 13.5 ], "texture": "#texture" }
    }
}
],
"display": {
    "thirdperson_righthand": {
        "rotation": [ 24, -43, -14 ],
        "translation": [ 0, 0, 0 ],
        "scale": [ 0.5, 0.5, 0.5 ]
    },
    "thirdperson_lefthand": {
        "rotation": [ 24, -43, -14 ],
        "translation": [ -3.21, 0, -2.08 ],
        "scale": [ 0.5, 0.5, 0.5 ]
    },
    "head": {
        "rotation": [ 0, 180, 0 ],
        "translation": [ 0, -30.5, 0 ],
        "scale": [ 1.6, 1.6, 1.6 ]
    },
    "ground": {
        "rotation": [ 0, 0, 0 ],
        "translation": [ 0, 2, 0 ],
        "scale": [ 0.5, 0.5, 0.5 ]
    },
    "fixed": {
        "rotation": [ 0, 180, 0 ],
        "translation": [ -3.59, 0, -3.4 ],
        "scale": [ 0.5, 0.5, 0.5 ]
    },
    "firstperson_righthand": {
        "rotation": [ 0, -64, 0 ],
        "translation": [ 0, 0, 0 ],
        "scale": [ 0.5, 0.5, 0.5 ]
    },
    "firstperson_lefthand": {
        "rotation": [ 0, -64, 0 ],
        "translation": [ -1.7, 0, -1.89 ],
        "scale": [ 0.5, 0.5, 0.5 ]
    },
    "gui": {
        "rotation": [ 35, 35, 0 ],
        "translation": [ 2.27, 0, 0 ],
        "scale": [ 0.4, 0.4, 0.4 ]
    }
}
}