{
	"__comment": "Model generated using MrCrayfish's Model Creator (http://mrcrayfish.com/modelcreator/)",
	"ambientocclusion": false,
	"textures": {
		"0": "blocks/wool_colored_black",
		"1": "blocks/hardened_clay_stained_black",
		"2": "blocks/clay",
		"3": "blocks/wool_colored_yellow",
		"4": "blocks/wool_colored_red"
	},
	"elements": [ 	 
		{
			"from": [ 12.5, 3.9, 8 ],
			"to": [ 15.5, 5, 9 ],
			"faces": {
				"down": { "uv": [ 0, 0, 3, 1 ], "texture": "#0" },
				"up": { "uv": [ 0, 0, 3, 1 ], "texture": "#0" },
				"north": { "uv": [ 0, 0, 3, 1.1 ], "texture": "#0" },
				"south": { "uv": [ 0, 0, 3, 1.1 ], "texture": "#0" },
				"west": { "uv": [ 0, 0, 1, 1.1 ], "texture": "#0" },
				"east": { "uv": [ 0, 0, 1, 1.1 ], "texture": "#0" }
			}
		},
		{
			"from": [ 12.5, 5, 8.099999 ],
			"to": [ 15.5, 5.5, 8.899999 ],
			"faces": {
				"down": { "uv": [ 0, 0, 3, 0.8000002 ], "texture": "#0" },
				"up": { "uv": [ 0, 0, 3, 0.8000002 ], "texture": "#0" },
				"north": { "uv": [ 0, 0, 3, 0.5 ], "texture": "#0" },
				"south": { "uv": [ 0, 0, 3, 0.5 ], "texture": "#0" },
				"west": { "uv": [ 0, 0, 0.8, 0.5 ], "texture": "#0" },
				"east": { "uv": [ 0, 0, 0.8, 0.5 ], "texture": "#0" }
			}
		},
		{
			"from": [ 15.5, 4, 8 ],
			"to": [ 16, 5.5, 9 ],
			"faces": {
				"down": { "uv": [ 0, 0, 0.5, 1 ], "texture": "#1" },
				"up": { "uv": [ 0, 0, 0.5, 1 ], "texture": "#1" },
				"north": { "uv": [ 0, 0, 0.5, 1.5 ], "texture": "#1" },
				"south": { "uv": [ 0, 0, 0.5, 1.5 ], "texture": "#1" },
				"west": { "uv": [ 0, 0, 1, 1.5 ], "texture": "#1" },
				"east": { "uv": [ 0, 0, 1, 1.5 ], "texture": "#1" }
			}
		},
		{
			"from": [ 1, 4, 8.2 ],
			"to": [ 13, 4.5, 8.8 ],
			"faces": {
				"down": { "uv": [ 3, 0, 15, 0.6000004 ], "texture": "#2" },
				"up": { "uv": [ 3, 0, 15, 0.6000004 ], "texture": "#2" },
				"north": { "uv": [ 2, 0, 14, 0.5 ], "texture": "#2" },
				"south": { "uv": [ 3, 0, 15, 0.5 ], "texture": "#2" },
				"west": { "uv": [ 4, 0, 4.6, 0.5 ], "texture": "#2" },
				"east": { "uv": [ 5, 0, 5.6, 0.5 ], "texture": "#2" }
			}
		},
		{
			"from": [ 1.5, 4.5, 8.2 ],
			"to": [ 13, 5, 8.8 ],
			"faces": {
				"down": { "uv": [ 1, 0, 12.5, 0.6000004 ], "texture": "#2" },
				"up": { "uv": [ 4, 0, 15.5, 0.6000004 ], "texture": "#2" },
				"north": { "uv": [ 2, 0, 13.5, 0.5 ], "texture": "#2" },
				"south": { "uv": [ 3, 0, 14.5, 0.5 ], "texture": "#2" },
				"west": { "uv": [ 4, 0, 4.6, 0.5 ], "texture": "#2" },
				"east": { "uv": [ 3, 0, 3.6, 0.5 ], "texture": "#2" }
			}
		},
		{
			"from": [ 2.7, 5, 8.2 ],
			"to": [ 13, 5.3, 8.8 ],
			"faces": {
				"down": { "uv": [ 4, 0, 14.3, 0.6000004 ], "texture": "#2" },
				"up": { "uv": [ 2, 0, 12.3, 0.6000004 ], "texture": "#2" },
				"north": { "uv": [ 2, 0, 12.3, 0.3000002 ], "texture": "#2" },
				"south": { "uv": [ 2, 0, 12.3, 0.3000002 ], "texture": "#2" },
				"west": { "uv": [ 4, 0, 4.6, 0.3000002 ], "texture": "#2" },
				"east": { "uv": [ 3, 0, 3.6, 0.3000002 ], "texture": "#2" }
			}
		},
		{
			"from": [ 13, 4.3, 7.9 ],
			"to": [ 13.4, 4.699998, 9.1 ],
			"faces": {
				"down": { "uv": [ 0, 0, 0.4, 1.2 ], "texture": "#3" },
				"up": { "uv": [ 0, 0, 0.4, 1.2 ], "texture": "#3" },
				"north": { "uv": [ 0, 0, 0.4, 0.3999996 ], "texture": "#3" },
				"south": { "uv": [ 0, 0, 0.4, 0.3999996 ], "texture": "#3" },
				"west": { "uv": [ 0, 0, 1.2, 0.3999996 ], "texture": "#3" },
				"east": { "uv": [ 0, 0, 1.2, 0.3999996 ], "texture": "#3" }
			}
		},
		{
			"from": [ 14, 4.3, 7.9 ],
			"to": [ 14.4, 4.699998, 9.1 ],
			"faces": {
				"down": { "uv": [ 0, 0, 0.4, 1.2 ], "texture": "#3" },
				"up": { "uv": [ 0, 0, 0.4, 1.2 ], "texture": "#3" },
				"north": { "uv": [ 0, 0, 0.4, 0.3999996 ], "texture": "#3" },
				"south": { "uv": [ 0, 0, 0.4, 0.3999996 ], "texture": "#3" },
				"west": { "uv": [ 0, 0, 1.2, 0.3999996 ], "texture": "#3" },
				"east": { "uv": [ 0, 0, 1.2, 0.3999996 ], "texture": "#3" }
			}
		},
		{
			"from": [ 15, 4.3, 7.9 ],
			"to": [ 15.4, 4.699998, 9.1 ],
			"faces": {
				"down": { "uv": [ 0, 0, 0.4, 1.2 ], "texture": "#3" },
				"up": { "uv": [ 0, 0, 0.4, 1.2 ], "texture": "#3" },
				"north": { "uv": [ 0, 0, 0.4, 0.3999996 ], "texture": "#3" },
				"south": { "uv": [ 0, 0, 0.4, 0.3999996 ], "texture": "#3" },
				"west": { "uv": [ 0, 0, 1.2, 0.3999996 ], "texture": "#3" },
				"east": { "uv": [ 0, 0, 1.2, 0.3999996 ], "texture": "#3" }
			}
		},
		{
			"from": [ 3.9, 3, 8 ],
			"to": [ 4, 5, 9 ],
			"faces": {
				"down": { "uv": [ 0, 0, 0.1, 1 ], "texture": "#4" },
				"up": { "uv": [ 0, 0, 0.1, 1 ], "texture": "#4" },
				"north": { "uv": [ 0, 0, 0.1, 2 ], "texture": "#4" },
				"south": { "uv": [ 0, 0, 0.1, 2 ], "texture": "#4" },
				"west": { "uv": [ 0, 0, 1, 2 ], "texture": "#4" },
				"east": { "uv": [ 0, 0, 1, 2 ], "texture": "#4" }
			}
		},
		{
			"from": [ 3.9, 2.4, 8 ],
			"to": [ 4, 3, 8.7 ],
			"faces": {
				"down": { "uv": [ 0, 0, 0.1, 0.6999998 ], "texture": "#4" },
				"up": { "uv": [ 0, 0, 0.1, 0.6999998 ], "texture": "#4" },
				"north": { "uv": [ 0, 0, 0.1, 0.6000004 ], "texture": "#4" },
				"south": { "uv": [ 0, 0, 0.1, 0.6000004 ], "texture": "#4" },
				"west": { "uv": [ 0, 0, 0.7, 0.6000004 ], "texture": "#4" },
				"east": { "uv": [ 0, 0, 0.7, 0.6000004 ], "texture": "#4" }
			}
		},
		{
			"from": [ 3.9, 1.4, 8 ],
			"to": [ 4, 2, 8.7 ],
			"faces": {
				"down": { "uv": [ 0, 0, 0.1, 0.6999998 ], "texture": "#4" },
				"up": { "uv": [ 0, 0, 0.1, 0.6999998 ], "texture": "#4" },
				"north": { "uv": [ 0, 0, 0.1, 0.6000004 ], "texture": "#4" },
				"south": { "uv": [ 0, 0, 0.1, 0.6000004 ], "texture": "#4" },
				"west": { "uv": [ 0, 0, 0.7, 0.6000004 ], "texture": "#4" },
				"east": { "uv": [ 0, 0, 0.7, 0.6000004 ], "texture": "#4" }
			}
		},
		{
			"from": [ 3.7, 3.6, 7.8 ],
			"to": [ 4, 4.6, 8.299999 ],
			"faces": {
				"down": { "uv": [ 0, 0, 0.3, 0.5 ], "texture": "#4" },
				"up": { "uv": [ 0, 0, 0.3, 0.5 ], "texture": "#4" },
				"north": { "uv": [ 0, 0, 0.3, 1 ], "texture": "#4" },
				"south": { "uv": [ 0, 0, 0.3, 1 ], "texture": "#4" },
				"west": { "uv": [ 0, 0, 0.5, 1 ], "texture": "#4" },
				"east": { "uv": [ 0, 0, 0.5, 1 ], "texture": "#4" }
			}
		},
		{
			"from": [ 3.7, 3.8, 8.3 ],
			"to": [ 4, 4.8, 9.1 ],
			"faces": {
				"down": { "uv": [ 0, 0, 0.3, 0.8000002 ], "texture": "#4" },
				"up": { "uv": [ 0, 0, 0.3, 0.8000002 ], "texture": "#4" },
				"north": { "uv": [ 0, 0, 0.3, 1 ], "texture": "#4" },
				"south": { "uv": [ 0, 0, 0.3, 1 ], "texture": "#4" },
				"west": { "uv": [ 0, 0, 0.8, 1 ], "texture": "#4" },
				"east": { "uv": [ 0, 0, 0.8, 1 ], "texture": "#4" }
			}
		},
		{
			"from": [ 2.7, 3.8, 8.099999 ],
			"to": [ 3, 4.2, 8.899999 ],
			"faces": {
				"down": { "uv": [ 0, 0, 0.3, 0.8000002 ], "texture": "#4" },
				"up": { "uv": [ 0, 0, 0.3, 0.8000002 ], "texture": "#4" },
				"north": { "uv": [ 0, 0, 0.3, 0.3999996 ], "texture": "#4" },
				"south": { "uv": [ 0, 0, 0.3, 0.3999996 ], "texture": "#4" },
				"west": { "uv": [ 0, 0, 0.8, 0.3999996 ], "texture": "#4" },
				"east": { "uv": [ 0, 0, 0.8, 0.3999996 ], "texture": "#4" }
			}
		},
		{
			"from": [ 3, 3.9, 8.099999 ],
			"to": [ 3.3, 4.5, 8.899999 ],
			"faces": {
				"down": { "uv": [ 0, 0, 0.3, 0.8000002 ], "texture": "#4" },
				"up": { "uv": [ 0, 0, 0.3, 0.8000002 ], "texture": "#4" },
				"north": { "uv": [ 0, 0, 0.3, 0.6000004 ], "texture": "#4" },
				"south": { "uv": [ 0, 0, 0.3, 0.6000004 ], "texture": "#4" },
				"west": { "uv": [ 0, 0, 0.8, 0.6000004 ], "texture": "#4" },
				"east": { "uv": [ 0, 0, 0.8, 0.6000004 ], "texture": "#4" }
			}
		},
		{
			"from": [ 2.7, 3.7, 8.099999 ],
			"to": [ 3, 3.8, 8.399999 ],
			"faces": {
				"down": { "uv": [ 0, 0, 0.3, 0.3000002 ], "texture": "#4" },
				"up": { "uv": [ 0, 0, 0.3, 0.3000002 ], "texture": "#4" },
				"north": { "uv": [ 0, 0, 0.3, 0.1000004 ], "texture": "#4" },
				"south": { "uv": [ 0, 0, 0.3, 0.1000004 ], "texture": "#4" },
				"west": { "uv": [ 0, 0, 0.3, 0.1000004 ], "texture": "#4" },
				"east": { "uv": [ 0, 0, 0.3, 0.1000004 ], "texture": "#4" }
			}
		},
		{
			"from": [ 12, 3.7, 8 ],
			"to": [ 12.1, 4.7, 9 ],
			"faces": {
				"down": { "uv": [ 0, 0, 0.1, 1 ], "texture": "#4" },
				"up": { "uv": [ 0, 0, 0.1, 1 ], "texture": "#4" },
				"north": { "uv": [ 0, 0, 0.1, 1 ], "texture": "#4" },
				"south": { "uv": [ 0, 0, 0.1, 1 ], "texture": "#4" },
				"west": { "uv": [ 0, 0, 1, 1 ], "texture": "#4" },
				"east": { "uv": [ 0, 0, 1, 1 ], "texture": "#4" }
			}
		},
		{
			"from": [ 12.1, 3.9, 8 ],
			"to": [ 12.4, 4.9, 9 ],
			"faces": {
				"down": { "uv": [ 0, 0, 0.3, 1 ], "texture": "#4" },
				"up": { "uv": [ 0, 0, 0.3, 1 ], "texture": "#4" },
				"north": { "uv": [ 0, 0, 0.3, 1 ], "texture": "#4" },
				"south": { "uv": [ 0, 0, 0.3, 1 ], "texture": "#4" },
				"west": { "uv": [ 0, 0, 1, 1 ], "texture": "#4" },
				"east": { "uv": [ 0, 0, 1, 1 ], "texture": "#4" }
			}
		},
		{
			"from": [ 12, 3.2, 8 ],
			"to": [ 12.2, 3.9, 8.6 ],
			"faces": {
				"down": { "uv": [ 0, 0, 0.2, 0.6000004 ], "texture": "#4" },
				"up": { "uv": [ 0, 0, 0.2, 0.6000004 ], "texture": "#4" },
				"north": { "uv": [ 0, 0, 0.2, 0.6999998 ], "texture": "#4" },
				"south": { "uv": [ 0, 0, 0.2, 0.6999998 ], "texture": "#4" },
				"west": { "uv": [ 0, 0, 0.6, 0.6999998 ], "texture": "#4" },
				"east": { "uv": [ 0, 0, 0.6, 0.6999998 ], "texture": "#4" }
			}
		}
	],
	"display": {
		"thirdperson_righthand": {
			"rotation":  [ 0, 0, -88 ],
			"translation":  [ 3.4782, 6.2617, 0.6956 ]
		},
		"thirdperson_lefthand": {
			"rotation":  [ 0, 0, 98 ],
			"translation":  [ -4.173, 5.566, 2.0869 ]
		},
		"gui": {
			"rotation":  [ 0, 0, -9 ],
			"translation":  [ 0, 2.7826, 0 ]
		},
		"head": {
			"rotation":  [ 0, -180, 0 ],
			"translation":  [ -0.009, 6.2608, -1.391 ],
			"scale":  [ 1.7, 1.7, 1.7 ]
		},
		"ground": {
			"translation":  [ 0, 2.7826, 0 ]
		}
	}
}