{
"__comment": "Designed by Jugbot",
"textures": {
    "texture": "blocks/iron_block",
    "log_big_oak": "blocks/log_big_oak",
    "blade": "items/blade",
    "gold_block": "blocks/gold_block"
},
"elements": [ 
{
    "__comment": "Handle",
    "from": [ 7, 1, 8 ],
    "to": [ 8, 4, 9 ],
    "faces": {
        "down":  { "uv": [ 9, 9, 8, 8 ], "texture": "#log_big_oak" },
        "up":    { "uv": [ 7, 8, 8, 9 ], "texture": "#log_big_oak" },
        "north": { "uv": [ 8, 12, 9, 15 ], "texture": "#log_big_oak" },
        "south": { "uv": [ 8, 12, 9, 15 ], "texture": "#log_big_oak" },
        "west":  { "uv": [ 8, 12, 9, 15 ], "texture": "#log_big_oak" },
        "east":  { "uv": [ 8, 12, 9, 15 ], "texture": "#log_big_oak" }
    }
},
{
    "__comment": "Handle",
    "from": [ 6, 0, 7.5 ],
    "to": [ 9, 1, 9.5 ],
    "faces": {
        "down":  { "uv": [ 10, 9, 7, 7 ], "texture": "#log_big_oak" },
        "up":    { "uv": [ 6, 7, 9, 9 ], "texture": "#log_big_oak" },
        "north": { "uv": [ 7, 15, 10, 16 ], "texture": "#log_big_oak" },
        "south": { "uv": [ 6, 15, 9, 16 ], "texture": "#log_big_oak" },
        "west":  { "uv": [ 7, 15, 9, 16 ], "texture": "#log_big_oak" },
        "east":  { "uv": [ 6, 15, 8, 16 ], "texture": "#log_big_oak" }
    }
},
{
    "__comment": "Handle",
    "from": [ 5, 1, 7 ],
    "to": [ 6, 4, 10 ],
    "faces": {
        "down":  { "uv": [ 11, 10, 10, 7 ], "texture": "#log_big_oak" },
        "up":    { "uv": [ 5, 7, 6, 10 ], "texture": "#log_big_oak" },
        "north": { "uv": [ 10, 12, 11, 15 ], "texture": "#log_big_oak" },
        "south": { "uv": [ 5, 12, 6, 15 ], "texture": "#log_big_oak" },
        "west":  { "uv": [ 7, 12, 10, 15 ], "texture": "#log_big_oak" },
        "east":  { "uv": [ 6, 12, 9, 15 ], "texture": "#log_big_oak" }
    }
},
{
    "__comment": "Handle",
    "from": [ 6, 4, 7.5 ],
    "to": [ 9, 5, 9.5 ],
    "faces": {
        "down":  { "uv": [ 10, 10, 7, 8 ], "texture": "#log_big_oak" },
        "up":    { "uv": [ 6, 7, 9, 9 ], "texture": "#log_big_oak" },
        "north": { "uv": [ 7, 11, 10, 12 ], "texture": "#log_big_oak" },
        "south": { "uv": [ 6, 11, 9, 12 ], "texture": "#log_big_oak" },
        "west":  { "uv": [ 7, 11, 9, 12 ], "texture": "#log_big_oak" },
        "east":  { "uv": [ 7, 11, 9, 12 ], "texture": "#log_big_oak" }
    }
},
{
    "from": [ -1, 4, 8.5 ],
    "to": [ 15, 20, 8.5625 ],
    "faces": {
        "north": { "uv": [ 15, 0, 0, 12 ], "texture": "#blade" },
        "south": { "uv": [ 0, 0, 15, 12 ], "texture": "#blade" }
    }
},
{
    "from": [ -1, 4, 8.875 ],
    "to": [ 15, 20, 8.9375 ],
    "faces": {
        "north": { "uv": [ 15, 0, 0, 12 ], "texture": "#blade" },
        "south": { "uv": [ 0, 0, 15, 12 ], "texture": "#blade" }
    }
},
{
    "from": [ -1, 4, 8.75 ],
    "to": [ 15, 20, 8.8125 ],
    "faces": {
        "north": { "uv": [ 15, 0, 0, 12 ], "texture": "#blade" },
        "south": { "uv": [ 0, 0, 15, 12 ], "texture": "#blade" }
    }
},
{
    "from": [ -1, 4, 8.625 ],
    "to": [ 15, 20, 8.6875 ],
    "faces": {
        "north": { "uv": [ 15, 0, 0, 12 ], "texture": "#blade" },
        "south": { "uv": [ 0, 0, 15, 12 ], "texture": "#blade" }
    }
},
{
    "from": [ -1, 4, 8 ],
    "to": [ 15, 20, 8.0625 ],
    "faces": {
        "north": { "uv": [ 15, 0, 0, 12 ], "texture": "#blade" },
        "south": { "uv": [ 0, 0, 15, 12 ], "texture": "#blade" }
    }
},
{
    "from": [ -1, 4, 8.375 ],
    "to": [ 15, 20, 8.4375 ],
    "faces": {
        "north": { "uv": [ 15, 0, 0, 12 ], "texture": "#blade" },
        "south": { "uv": [ 0, 0, 15, 12 ], "texture": "#blade" }
    }
},
{
    "from": [ -1, 4, 8.25 ],
    "to": [ 15, 20, 8.3125 ],
    "faces": {
        "north": { "uv": [ 15, 0, 0, 12 ], "texture": "#blade" },
        "south": { "uv": [ 0, 0, 15, 12 ], "texture": "#blade" }
    }
},
{
    "from": [ -1, 4, 9 ],
    "to": [ 15, 20, 9.0625 ],
    "faces": {
        "north": { "uv": [ 15, 0, 0, 12 ], "texture": "#blade" },
        "south": { "uv": [ 0, 0, 15, 12 ], "texture": "#blade" }
    }
},
{
    "from": [ -1, 4, 8.125 ],
    "to": [ 15, 20, 8.1875 ],
    "faces": {
        "north": { "uv": [ 15, 0, 0, 12 ], "texture": "#blade" },
        "south": { "uv": [ 0, 0, 15, 12 ], "texture": "#blade" }
    }
},
{
    "from": [ 7, -0.0625, 8 ],
    "to": [ 8, 0.9375, 9 ],
    "faces": {
        "down":  { "uv": [ 7, 7, 8, 8 ], "texture": "#gold_block" },
        "up":    { "uv": [ 7, 7, 8, 8 ], "texture": "#gold_block" },
        "north": { "uv": [ 7, 8, 8, 9 ], "texture": "#gold_block" },
        "south": { "uv": [ 7, 8, 8, 9 ], "texture": "#gold_block" },
        "west":  { "uv": [ 7, 8, 8, 9 ], "texture": "#gold_block" },
        "east":  { "uv": [ 7, 8, 8, 9 ], "texture": "#gold_block" }
    }
},
{
    "from": [ 4.875, 2, 8 ],
    "to": [ 5.875, 3, 9 ],
    "faces": {
        "down":  { "uv": [ 7, 7, 8, 8 ], "texture": "#gold_block" },
        "up":    { "uv": [ 7, 7, 8, 8 ], "texture": "#gold_block" },
        "north": { "uv": [ 7, 8, 8, 9 ], "texture": "#gold_block" },
        "south": { "uv": [ 7, 8, 8, 9 ], "texture": "#gold_block" },
        "west":  { "uv": [ 7, 8, 8, 9 ], "texture": "#gold_block" },
        "east":  { "uv": [ 7, 8, 8, 9 ], "texture": "#gold_block" }
    }
}
],
"display": {
    "thirdperson_righthand": {
        "rotation": [ 0, -90, 0 ],
        "translation": [ 0, 7.5, 1.5 ],
        "scale": [ 1, 1, 1 ]
    },
    "thirdperson_lefthand": {
        "rotation": [ 0, 90, 0 ],
        "translation": [ 0, 7.5, 1.5 ],
        "scale": [ 1, 1, 1 ]
    },
    "head": {
        "rotation": [ 0, 180, 0 ],
        "translation": [ 0, -30.5, 0 ],
        "scale": [ 1.6, 1.6, 1.6 ]
    },
    "ground": {
        "rotation": [ 0, 0, 0 ],
        "translation": [ 0, 2, 0 ],
        "scale": [ 0.5, 0.5, 0.5 ]
    },
    "fixed": {
        "rotation": [ 0, 0, 0 ],
        "translation": [ 0, 3, -1 ],
        "scale": [ 1, 1, 1 ]
    },
    "firstperson_righthand": {
        "rotation": [ -20, -90, 0 ],
        "translation": [ 0, 4, 0 ],
        "scale": [ 1, 1, 1 ]
    },
    "firstperson_lefthand": {
        "rotation": [ -20, 90, 0 ],
        "translation": [ 0, 4, 0 ],
        "scale": [ 1, 1, 1 ]
    },
    "gui": {
        "rotation": [ 35, 35, 0 ],
        "translation": [ 0, 0, 0 ],
        "scale": [ 0.62, 0.62, 0.62 ]
    }
}
}