{
"__comment": "Designed by Jugbot",
"textures": {
    "texture": "blocks/cauldron_inner",
    "stone": "blocks/stone"
},
"elements": [ 
{
    "from": [ 8, 0, 7 ],
    "to": [ 10, 5, 10 ],
    "faces": {
        "down":  { "uv": [ 8, 10, 6, 7 ], "texture": "#texture" },
        "up":    { "uv": [ 8, 7, 10, 10 ], "texture": "#texture" },
        "north": { "uv": [ 6, 11, 8, 16 ], "texture": "#texture" },
        "south": { "uv": [ 8, 11, 10, 16 ], "texture": "#texture" },
        "west":  { "uv": [ 7, 11, 10, 16 ], "texture": "#texture" },
        "east":  { "uv": [ 6, 11, 9, 16 ], "texture": "#texture" }
    }
},
{
    "from": [ 9, 5, 7 ],
    "to": [ 10, 8, 8 ],
    "faces": {
        "down":  { "uv": [ 7, 8, 6, 7 ], "texture": "#texture" },
        "up":    { "uv": [ 9, 7, 10, 8 ], "texture": "#texture" },
        "north": { "uv": [ 6, 8, 7, 11 ], "texture": "#texture" },
        "south": { "uv": [ 9, 8, 10, 11 ], "texture": "#texture" },
        "west":  { "uv": [ 7, 8, 8, 11 ], "texture": "#texture" },
        "east":  { "uv": [ 8, 8, 9, 11 ], "texture": "#texture" }
    }
},
{
    "from": [ 7.9375, 2, 9 ],
    "to": [ 8, 2.5, 9.5 ],
    "faces": {
        "west":  { "uv": [ 9, 13.5, 9.5, 14 ], "texture": "#stone" },
        "east":  { "uv": [ 9, 13.5, 9.5, 14 ], "texture": "#stone" }
    }
},
{
    "from": [ 7.9375, 3, 7.5 ],
    "to": [ 8, 4, 9.5 ],
    "faces": {
        "west":  { "uv": [ 8, 12, 10, 13 ], "texture": "#stone" },
        "east":  { "uv": [ 8, 12, 10, 13 ], "texture": "#stone" }
    }
},
{
    "from": [ 7.9375, 1, 7.5 ],
    "to": [ 8, 1.5, 8 ],
    "faces": {
        "west":  { "uv": [ 7.5, 14.5, 8, 15 ], "texture": "#stone" },
        "east":  { "uv": [ 7.5, 14.5, 8, 15 ], "texture": "#stone" }
    }
},
{
    "from": [ 7.9375, 1, 9 ],
    "to": [ 8, 1.5, 9.5 ],
    "faces": {
        "west":  { "uv": [ 9, 14.5, 9.5, 15 ], "texture": "#stone" },
        "east":  { "uv": [ 9, 14.5, 9.5, 15 ], "texture": "#stone" }
    }
},
{
    "from": [ 7.9375, 2, 7.5 ],
    "to": [ 8, 2.5, 8 ],
    "faces": {
        "west":  { "uv": [ 7.5, 13.5, 8, 14 ], "texture": "#stone" },
        "east":  { "uv": [ 7.5, 13.5, 8, 14 ], "texture": "#stone" }
    }
}
],
"display": {
    "thirdperson_righthand": {
        "rotation": [ 0, -90, 7 ],
        "translation": [ 0, 4, 0.5 ],
        "scale": [ 0.85, 0.85, 0.85 ]
    },
    "thirdperson_lefthand": {
        "rotation": [ 0, -90, 7 ],
        "translation": [ 0, 4, 0.5 ],
        "scale": [ 0.85, 0.85, 0.85 ]
    },
    "head": {
        "rotation": [ 0, 180, 0 ],
        "translation": [ 0, -30.5, 0 ],
        "scale": [ 1.6, 1.6, 1.6 ]
    },
    "ground": {
        "rotation": [ 0, 0, 0 ],
        "translation": [ 0, 2, 0 ],
        "scale": [ 0.5, 0.5, 0.5 ]
    },
    "fixed": {
        "rotation": [ 0, 180, 0 ],
        "translation": [ 0, 5.48, 0 ],
        "scale": [ 1, 1, 1 ]
    },
    "firstperson_righthand": {
        "rotation": [ 10, 88, -17 ],
        "translation": [ 1.12, 3.78, -0.57 ],
        "scale": [ 0.68, 0.68, 0.68 ]
    },
    "firstperson_lefthand": {
        "rotation": [ 0, -90, 25 ],
        "translation": [ 1.12, 3.2, -2.27 ],
        "scale": [ 0.68, 0.68, 0.68 ]
    },
    "gui": {
        "rotation": [ 35, 35, 0 ],
        "translation": [ 0, -1.7, 0 ],
        "scale": [ 0.62, 0.62, 0.62 ]
    }
}
}