{
"__comment": "Designed by Jugbot",
"textures": {
    "texture": "blocks/planks_oak",
    "wool_colored_white": "blocks/wool_colored_white"
},
"elements": [ 
{
    "from": [ 7, 0, 7 ],
    "to": [ 9, 1, 9 ],
    "faces": {
        "down":  { "uv": [ 9, 7, 7, 5 ], "texture": "#texture" },
        "up":    { "uv": [ 4, 9, 6, 11 ], "texture": "#texture" },
        "north": { "uv": [ 6, 0, 7, 2 ], "rotation": 90, "texture": "#texture" },
        "south": { "uv": [ 4, 8, 5, 10 ], "rotation": 270, "texture": "#texture" },
        "west":  { "uv": [ 7, 8, 8, 10 ], "rotation": 90, "texture": "#texture" },
        "east":  { "uv": [ 4, 13, 5, 15 ], "texture": "#texture" }
    }
},
{
    "from": [ 7.5, 1, 7.5 ],
    "to": [ 8.5, 5, 8.5 ],
    "faces": {
        "down":  { "uv": [ 5, 7, 6, 8 ], "texture": "#wool_colored_white" },
        "up":    { "uv": [ 5, 7, 6, 8 ], "texture": "#wool_colored_white" },
        "north": { "uv": [ 5, 12, 6, 16 ], "texture": "#wool_colored_white" },
        "south": { "uv": [ 5, 12, 6, 16 ], "texture": "#wool_colored_white" },
        "west":  { "uv": [ 7, 12, 8, 16 ], "texture": "#wool_colored_white" },
        "east":  { "uv": [ 7, 12, 8, 16 ], "texture": "#wool_colored_white" }
    }
},
{
    "from": [ 7, 5, 7 ],
    "to": [ 9, 21, 9 ],
    "faces": {
        "down":  { "uv": [ 9, 7, 7, 5 ], "texture": "#texture" },
        "up":    { "uv": [ 4, 9, 6, 11 ], "texture": "#texture" },
        "north": { "uv": [ 0, 0, 16, 2 ], "rotation": 90, "texture": "#texture" },
        "south": { "uv": [ 0, 5, 16, 7 ], "rotation": 270, "texture": "#texture" },
        "west":  { "uv": [ 0, 5, 16, 7 ], "rotation": 90, "texture": "#texture" },
        "east":  { "uv": [ 0, 12, 16, 14 ], "rotation": 270, "texture": "#texture" }
    }
}
],
"display": {
    "thirdperson_righthand": {
        "rotation": [ 0, -7, 0 ],
        "translation": [ 0, 3.02, 0 ],
        "scale": [ 1, 1, 1 ]
    },
    "thirdperson_lefthand": {
        "rotation": [ 0, -7, 0 ],
        "translation": [ 0, 3.02, 0 ],
        "scale": [ 1, 1, 1 ]
    },
    "head": {
        "rotation": [ 0, 180, 0 ],
        "translation": [ 0, -31, 0 ],
        "scale": [ 1.6, 1.6, 1.6 ]
    },
    "ground": {
        "rotation": [ 0, 0, 0 ],
        "translation": [ 0, 2, 0 ],
        "scale": [ 0.5, 0.5, 0.5 ]
    },
    "fixed": {
        "rotation": [ 0, 180, 0 ],
        "translation": [ 0, 0, -1.89 ],
        "scale": [ 1, 1, 1 ]
    },
    "firstperson_righthand": {
        "rotation": [ 0, -90, 25 ],
        "translation": [ 0.19, 3.59, 1.12 ],
        "scale": [ 0.68, 0.68, 0.68 ]
    },
    "firstperson_lefthand": {
        "rotation": [ 0, -90, 25 ],
        "translation": [ 0.19, 3.59, 1.12 ],
        "scale": [ 0.68, 0.68, 0.68 ]
    },
    "gui": {
        "rotation": [ 35, 35, 0 ],
        "translation": [ 0, 0, 0 ],
        "scale": [ 0.62, 0.62, 0.62 ]
    }
}
}