{
	"credit": "Made with Blockbench",
	"textures": {
		"1": "blocks/concrete_yellow",
		"particle": "blocks/concrete_yellow"
	},
	"elements": [
		{
			"from": [5, 19.5, 0.5],
			"to": [11, 20.5, 1.5],
			"rotation": {"angle": 0, "axis": "y", "origin": [8, 20, 2.2]},
			"faces": {
				"north": {"uv": [0, 0, 4, 7], "texture": "#1"},
				"east": {"uv": [0, 0, 4, 7], "texture": "#1"},
				"south": {"uv": [0, 0, 4, 7], "texture": "#1"},
				"west": {"uv": [0, 0, 4, 7], "texture": "#1"},
				"up": {"uv": [0, 0, 4, 7], "texture": "#1"},
				"down": {"uv": [0, 0, 4, 7], "texture": "#1"}
			}
		},
		{
			"from": [5, 19.5, 15.5],
			"to": [11, 20.5, 16.5],
			"rotation": {"angle": 0, "axis": "y", "origin": [8, 20, 17.2]},
			"faces": {
				"north": {"uv": [0, 0, 4, 7], "texture": "#1"},
				"east": {"uv": [0, 0, 4, 7], "texture": "#1"},
				"south": {"uv": [0, 0, 4, 7], "texture": "#1"},
				"west": {"uv": [0, 0, 4, 7], "texture": "#1"},
				"up": {"uv": [0, 0, 4, 7], "texture": "#1"},
				"down": {"uv": [0, 0, 4, 7], "texture": "#1"}
			}
		},
		{
			"from": [0, 19.5, 5.5],
			"to": [1, 20.5, 11.5],
			"rotation": {"angle": 0, "axis": "y", "origin": [-1, 20, 8.2]},
			"faces": {
				"north": {"uv": [0, 0, 4, 7], "texture": "#1"},
				"east": {"uv": [0, 0, 4, 7], "texture": "#1"},
				"south": {"uv": [0, 0, 4, 7], "texture": "#1"},
				"west": {"uv": [0, 0, 4, 7], "texture": "#1"},
				"up": {"uv": [0, 0, 4, 7], "rotation": 270, "texture": "#1"},
				"down": {"uv": [0, 0, 4, 7], "rotation": 90, "texture": "#1"}
			}
		},
		{
			"from": [15, 19.5, 5.5],
			"to": [16, 20.5, 11.5],
			"rotation": {"angle": 0, "axis": "y", "origin": [14, 20, 8.2]},
			"faces": {
				"north": {"uv": [0, 0, 4, 7], "texture": "#1"},
				"east": {"uv": [0, 0, 4, 7], "texture": "#1"},
				"south": {"uv": [0, 0, 4, 7], "texture": "#1"},
				"west": {"uv": [0, 0, 4, 7], "texture": "#1"},
				"up": {"uv": [0, 0, 4, 7], "rotation": 270, "texture": "#1"},
				"down": {"uv": [0, 0, 4, 7], "rotation": 90, "texture": "#1"}
			}
		},
		{
			"from": [3, 19.5, 1.5],
			"to": [5, 20.5, 2.5],
			"rotation": {"angle": 0, "axis": "y", "origin": [8, 20, 2.2]},
			"faces": {
				"north": {"uv": [0, 0, 4, 7], "texture": "#1"},
				"east": {"uv": [0, 0, 4, 7], "texture": "#1"},
				"south": {"uv": [0, 0, 4, 7], "texture": "#1"},
				"west": {"uv": [0, 0, 4, 7], "texture": "#1"},
				"up": {"uv": [0, 0, 4, 7], "texture": "#1"},
				"down": {"uv": [0, 0, 4, 7], "texture": "#1"}
			}
		},
		{
			"from": [3, 19.5, 14.5],
			"to": [5, 20.5, 15.5],
			"rotation": {"angle": 0, "axis": "y", "origin": [8, 20, 15.2]},
			"faces": {
				"north": {"uv": [0, 0, 4, 7], "texture": "#1"},
				"east": {"uv": [0, 0, 4, 7], "texture": "#1"},
				"south": {"uv": [0, 0, 4, 7], "texture": "#1"},
				"west": {"uv": [0, 0, 4, 7], "texture": "#1"},
				"up": {"uv": [0, 0, 4, 7], "texture": "#1"},
				"down": {"uv": [0, 0, 4, 7], "texture": "#1"}
			}
		},
		{
			"from": [11, 19.5, 1.5],
			"to": [13, 20.5, 2.5],
			"rotation": {"angle": 0, "axis": "y", "origin": [8, 20, 2.2]},
			"faces": {
				"north": {"uv": [0, 0, 4, 7], "texture": "#1"},
				"east": {"uv": [0, 0, 4, 7], "texture": "#1"},
				"south": {"uv": [0, 0, 4, 7], "texture": "#1"},
				"west": {"uv": [0, 0, 4, 7], "texture": "#1"},
				"up": {"uv": [0, 0, 4, 7], "texture": "#1"},
				"down": {"uv": [0, 0, 4, 7], "texture": "#1"}
			}
		},
		{
			"from": [11, 19.5, 14.5],
			"to": [13, 20.5, 15.5],
			"rotation": {"angle": 0, "axis": "y", "origin": [8, 20, 15.2]},
			"faces": {
				"north": {"uv": [0, 0, 4, 7], "texture": "#1"},
				"east": {"uv": [0, 0, 4, 7], "texture": "#1"},
				"south": {"uv": [0, 0, 4, 7], "texture": "#1"},
				"west": {"uv": [0, 0, 4, 7], "texture": "#1"},
				"up": {"uv": [0, 0, 4, 7], "texture": "#1"},
				"down": {"uv": [0, 0, 4, 7], "texture": "#1"}
			}
		},
		{
			"from": [1, 19.5, 3.5],
			"to": [2, 20.5, 5.5],
			"rotation": {"angle": 0, "axis": "y", "origin": [-2, 20, 11.2]},
			"faces": {
				"north": {"uv": [0, 0, 4, 7], "texture": "#1"},
				"east": {"uv": [0, 0, 4, 7], "texture": "#1"},
				"south": {"uv": [0, 0, 4, 7], "texture": "#1"},
				"west": {"uv": [0, 0, 4, 7], "texture": "#1"},
				"up": {"uv": [0, 0, 4, 7], "rotation": 270, "texture": "#1"},
				"down": {"uv": [0, 0, 4, 7], "rotation": 90, "texture": "#1"}
			}
		},
		{
			"from": [14, 19.5, 3.5],
			"to": [15, 20.5, 5.5],
			"rotation": {"angle": 0, "axis": "y", "origin": [11, 20, 11.2]},
			"faces": {
				"north": {"uv": [0, 0, 4, 7], "texture": "#1"},
				"east": {"uv": [0, 0, 4, 7], "texture": "#1"},
				"south": {"uv": [0, 0, 4, 7], "texture": "#1"},
				"west": {"uv": [0, 0, 4, 7], "texture": "#1"},
				"up": {"uv": [0, 0, 4, 7], "rotation": 270, "texture": "#1"},
				"down": {"uv": [0, 0, 4, 7], "rotation": 90, "texture": "#1"}
			}
		},
		{
			"from": [1, 19.5, 11.5],
			"to": [2, 20.5, 13.5],
			"rotation": {"angle": 0, "axis": "y", "origin": [-2, 20, 19.2]},
			"faces": {
				"north": {"uv": [0, 0, 4, 7], "texture": "#1"},
				"east": {"uv": [0, 0, 4, 7], "texture": "#1"},
				"south": {"uv": [0, 0, 4, 7], "texture": "#1"},
				"west": {"uv": [0, 0, 4, 7], "texture": "#1"},
				"up": {"uv": [0, 0, 4, 7], "rotation": 270, "texture": "#1"},
				"down": {"uv": [0, 0, 4, 7], "rotation": 90, "texture": "#1"}
			}
		},
		{
			"from": [14, 19.5, 11.5],
			"to": [15, 20.5, 13.5],
			"rotation": {"angle": 0, "axis": "y", "origin": [11, 20, 19.2]},
			"faces": {
				"north": {"uv": [0, 0, 4, 7], "texture": "#1"},
				"east": {"uv": [0, 0, 4, 7], "texture": "#1"},
				"south": {"uv": [0, 0, 4, 7], "texture": "#1"},
				"west": {"uv": [0, 0, 4, 7], "texture": "#1"},
				"up": {"uv": [0, 0, 4, 7], "rotation": 270, "texture": "#1"},
				"down": {"uv": [0, 0, 4, 7], "rotation": 90, "texture": "#1"}
			}
		},
		{
			"from": [13, 19.5, 2.5],
			"to": [14, 20.5, 3.5],
			"rotation": {"angle": 0, "axis": "y", "origin": [8, 20, 2.2]},
			"faces": {
				"north": {"uv": [0, 0, 4, 7], "texture": "#1"},
				"east": {"uv": [0, 0, 4, 7], "texture": "#1"},
				"south": {"uv": [0, 0, 4, 7], "texture": "#1"},
				"west": {"uv": [0, 0, 4, 7], "texture": "#1"},
				"up": {"uv": [0, 0, 4, 7], "texture": "#1"},
				"down": {"uv": [0, 0, 4, 7], "texture": "#1"}
			}
		},
		{
			"from": [2, 19.5, 2.5],
			"to": [3, 20.5, 3.5],
			"rotation": {"angle": 0, "axis": "y", "origin": [8, 20, 2.2]},
			"faces": {
				"north": {"uv": [0, 0, 4, 7], "texture": "#1"},
				"east": {"uv": [0, 0, 4, 7], "texture": "#1"},
				"south": {"uv": [0, 0, 4, 7], "texture": "#1"},
				"west": {"uv": [0, 0, 4, 7], "texture": "#1"},
				"up": {"uv": [0, 0, 4, 7], "texture": "#1"},
				"down": {"uv": [0, 0, 4, 7], "texture": "#1"}
			}
		},
		{
			"from": [2, 19.5, 13.5],
			"to": [3, 20.5, 14.5],
			"rotation": {"angle": 0, "axis": "y", "origin": [8, 20, 13.2]},
			"faces": {
				"north": {"uv": [0, 0, 4, 7], "texture": "#1"},
				"east": {"uv": [0, 0, 4, 7], "texture": "#1"},
				"south": {"uv": [0, 0, 4, 7], "texture": "#1"},
				"west": {"uv": [0, 0, 4, 7], "texture": "#1"},
				"up": {"uv": [0, 0, 4, 7], "texture": "#1"},
				"down": {"uv": [0, 0, 4, 7], "texture": "#1"}
			}
		},
		{
			"from": [13, 19.5, 13.5],
			"to": [14, 20.5, 14.5],
			"rotation": {"angle": 0, "axis": "y", "origin": [19, 20, 13.2]},
			"faces": {
				"north": {"uv": [0, 0, 4, 7], "texture": "#1"},
				"east": {"uv": [0, 0, 4, 7], "texture": "#1"},
				"south": {"uv": [0, 0, 4, 7], "texture": "#1"},
				"west": {"uv": [0, 0, 4, 7], "texture": "#1"},
				"up": {"uv": [0, 0, 4, 7], "texture": "#1"},
				"down": {"uv": [0, 0, 4, 7], "texture": "#1"}
			}
		}
	],
	"display": {
		"thirdperson_righthand": {
			"translation": [0, -5.5, 0],
			"scale": [0.35, 0.35, 0.35]
		},
		"thirdperson_lefthand": {
			"translation": [0, -5.5, 0],
			"scale": [0.35, 0.35, 0.35]
		},
		"firstperson_righthand": {
			"translation": [-1.25, 0, 2.5],
			"scale": [0.35, 0.35, 0.35]
		},
		"firstperson_lefthand": {
			"translation": [-1.25, 0, 2.5],
			"scale": [0.35, 0.35, 0.35]
		},
		"ground": {
			"translation": [0, -10, 0]
		},
		"gui": {
			"rotation": [90, 0, 0],
			"translation": [0, 1, 0],
			"scale": [0.9, 0.9, 0.9]
		},
		"fixed": {
			"rotation": [-90, 0, 0],
			"translation": [0, 0, 11.5]
		}
	}
}