{
	"credit": "Made with Blockbench",
	"textures": {
		"1": "blocks/concrete_red",
		"2": "blocks/beetroots_stage_3",
		"particle": "blocks/concrete_red"
	},
	"elements": [
		{
			"from": [2, 13.5, 1.5],
			"to": [3, 15.5, 2.5],
			"rotation": {"angle": 0, "axis": "y", "origin": [-1, 22, 9]},
			"faces": {
				"north": {"uv": [3, 15, 8, 16], "rotation": 90, "texture": "#2"},
				"east": {"uv": [3, 15, 8, 16], "rotation": 90, "texture": "#2"},
				"south": {"uv": [3, 15, 8, 16], "rotation": 90, "texture": "#2"},
				"west": {"uv": [3, 15, 8, 16], "rotation": 90, "texture": "#2"},
				"up": {"uv": [7, 15, 8, 16], "rotation": 90, "texture": "#2"},
				"down": {"uv": [3, 15, 8, 16], "rotation": 90, "texture": "#2"}
			}
		},
		{
			"from": [1, 14, 1.5],
			"to": [2, 16, 2.5],
			"rotation": {"angle": 0, "axis": "y", "origin": [-2, 23, 9]},
			"faces": {
				"north": {"uv": [3, 15, 8, 16], "rotation": 90, "texture": "#2"},
				"east": {"uv": [3, 15, 8, 16], "rotation": 90, "texture": "#2"},
				"south": {"uv": [3, 15, 8, 16], "rotation": 90, "texture": "#2"},
				"west": {"uv": [3, 15, 8, 16], "rotation": 90, "texture": "#2"},
				"up": {"uv": [7, 15, 8, 16], "rotation": 90, "texture": "#2"},
				"down": {"uv": [3, 15, 8, 16], "rotation": 90, "texture": "#2"}
			}
		},
		{
			"from": [1, 17, 1.5],
			"to": [2, 20, 2.5],
			"rotation": {"angle": 0, "axis": "y", "origin": [-2, 26, 9]},
			"faces": {
				"north": {"uv": [3, 15, 8, 16], "rotation": 90, "texture": "#2"},
				"east": {"uv": [3, 15, 8, 16], "rotation": 90, "texture": "#2"},
				"south": {"uv": [3, 15, 8, 16], "rotation": 90, "texture": "#2"},
				"west": {"uv": [3, 15, 8, 16], "rotation": 90, "texture": "#2"},
				"up": {"uv": [7, 15, 8, 16], "rotation": 90, "texture": "#2"},
				"down": {"uv": [3, 15, 8, 16], "rotation": 90, "texture": "#2"}
			}
		},
		{
			"from": [14, 17, 1.5],
			"to": [15, 20, 2.5],
			"rotation": {"angle": 0, "axis": "y", "origin": [11, 26, 9]},
			"faces": {
				"north": {"uv": [3, 15, 8, 16], "rotation": 90, "texture": "#2"},
				"east": {"uv": [3, 15, 8, 16], "rotation": 90, "texture": "#2"},
				"south": {"uv": [3, 15, 8, 16], "rotation": 90, "texture": "#2"},
				"west": {"uv": [3, 15, 8, 16], "rotation": 90, "texture": "#2"},
				"up": {"uv": [7, 15, 8, 16], "rotation": 90, "texture": "#2"},
				"down": {"uv": [3, 15, 8, 16], "rotation": 90, "texture": "#2"}
			}
		},
		{
			"from": [14, 14, 1.5],
			"to": [15, 16, 2.5],
			"rotation": {"angle": 0, "axis": "y", "origin": [11, 23, 9]},
			"faces": {
				"north": {"uv": [3, 15, 8, 16], "rotation": 90, "texture": "#2"},
				"east": {"uv": [3, 15, 8, 16], "rotation": 90, "texture": "#2"},
				"south": {"uv": [3, 15, 8, 16], "rotation": 90, "texture": "#2"},
				"west": {"uv": [3, 15, 8, 16], "rotation": 90, "texture": "#2"},
				"up": {"uv": [7, 15, 8, 16], "rotation": 90, "texture": "#2"},
				"down": {"uv": [3, 15, 8, 16], "rotation": 90, "texture": "#2"}
			}
		},
		{
			"from": [0, 15, 1.5],
			"to": [1, 18, 2.5],
			"rotation": {"angle": 0, "axis": "y", "origin": [-3, 24, 9]},
			"faces": {
				"north": {"uv": [3, 15, 8, 16], "rotation": 90, "texture": "#2"},
				"east": {"uv": [3, 15, 8, 16], "rotation": 90, "texture": "#2"},
				"south": {"uv": [3, 15, 8, 16], "rotation": 90, "texture": "#2"},
				"west": {"uv": [3, 15, 8, 16], "rotation": 90, "texture": "#2"},
				"up": {"uv": [7, 15, 8, 16], "rotation": 90, "texture": "#2"},
				"down": {"uv": [3, 15, 8, 16], "rotation": 90, "texture": "#2"}
			}
		},
		{
			"from": [15, 15, 1.5],
			"to": [16, 18, 2.5],
			"rotation": {"angle": 0, "axis": "y", "origin": [12, 24, 9]},
			"faces": {
				"north": {"uv": [3, 15, 8, 16], "rotation": 90, "texture": "#2"},
				"east": {"uv": [3, 15, 8, 16], "rotation": 90, "texture": "#2"},
				"south": {"uv": [3, 15, 8, 16], "rotation": 90, "texture": "#2"},
				"west": {"uv": [3, 15, 8, 16], "rotation": 90, "texture": "#2"},
				"up": {"uv": [7, 15, 8, 16], "rotation": 90, "texture": "#2"},
				"down": {"uv": [3, 15, 8, 16], "rotation": 90, "texture": "#2"}
			}
		},
		{
			"from": [13, 13.5, 1.5],
			"to": [14, 15.5, 2.5],
			"rotation": {"angle": 0, "axis": "y", "origin": [10, 22, 9]},
			"faces": {
				"north": {"uv": [3, 15, 8, 16], "rotation": 90, "texture": "#2"},
				"east": {"uv": [3, 15, 8, 16], "rotation": 90, "texture": "#2"},
				"south": {"uv": [3, 15, 8, 16], "rotation": 90, "texture": "#2"},
				"west": {"uv": [3, 15, 8, 16], "rotation": 90, "texture": "#2"},
				"up": {"uv": [7, 15, 8, 16], "rotation": 90, "texture": "#2"},
				"down": {"uv": [3, 15, 8, 16], "rotation": 90, "texture": "#2"}
			}
		},
		{
			"from": [12, 13.5, 1.5],
			"to": [13, 14.5, 2.5],
			"rotation": {"angle": 0, "axis": "y", "origin": [20, 21, 9]},
			"faces": {
				"north": {"uv": [12, 14, 13, 16], "texture": "#2"},
				"east": {"uv": [12, 14, 13, 16], "texture": "#2"},
				"south": {"uv": [12, 14, 13, 16], "texture": "#2"},
				"west": {"uv": [12, 14, 13, 16], "texture": "#2"},
				"up": {"uv": [12, 14, 13, 16], "texture": "#2"},
				"down": {"uv": [12, 14, 13, 16], "texture": "#2"}
			}
		},
		{
			"from": [13, 13.5, 0.5],
			"to": [14, 14.5, 1.5],
			"rotation": {"angle": 0, "axis": "y", "origin": [21, 21, 8]},
			"faces": {
				"north": {"uv": [10, 3, 11, 5], "texture": "#1"},
				"east": {"uv": [12, 3, 13, 4], "texture": "#1"},
				"south": {"uv": [12, 3, 13, 4], "texture": "#1"},
				"west": {"uv": [12, 3, 13, 4], "texture": "#1"},
				"up": {"uv": [12, 3, 13, 4], "texture": "#1"},
				"down": {"uv": [12, 3, 13, 4], "texture": "#1"}
			}
		},
		{
			"from": [13, 13.5, 2.5],
			"to": [14, 14.5, 3.5],
			"rotation": {"angle": 0, "axis": "y", "origin": [21, 21, 10]},
			"faces": {
				"north": {"uv": [10, 3, 11, 5], "texture": "#1"},
				"east": {"uv": [12, 3, 13, 4], "texture": "#1"},
				"south": {"uv": [12, 3, 13, 4], "texture": "#1"},
				"west": {"uv": [12, 3, 13, 4], "texture": "#1"},
				"up": {"uv": [12, 3, 13, 4], "texture": "#1"},
				"down": {"uv": [12, 3, 13, 4], "texture": "#1"}
			}
		},
		{
			"from": [1, 14, 0.5],
			"to": [2, 15, 1.5],
			"rotation": {"angle": 0, "axis": "y", "origin": [9, 21, 8]},
			"faces": {
				"north": {"uv": [10, 3, 11, 5], "texture": "#1"},
				"east": {"uv": [12, 3, 13, 4], "texture": "#1"},
				"south": {"uv": [12, 3, 13, 4], "texture": "#1"},
				"west": {"uv": [12, 3, 13, 4], "texture": "#1"},
				"up": {"uv": [12, 3, 13, 4], "texture": "#1"},
				"down": {"uv": [12, 3, 13, 4], "texture": "#1"}
			}
		},
		{
			"from": [14, 14, 0.5],
			"to": [15, 15, 1.5],
			"rotation": {"angle": 0, "axis": "y", "origin": [22, 21, 8]},
			"faces": {
				"north": {"uv": [10, 3, 11, 5], "texture": "#1"},
				"east": {"uv": [12, 3, 13, 4], "texture": "#1"},
				"south": {"uv": [12, 3, 13, 4], "texture": "#1"},
				"west": {"uv": [12, 3, 13, 4], "texture": "#1"},
				"up": {"uv": [12, 3, 13, 4], "texture": "#1"},
				"down": {"uv": [12, 3, 13, 4], "texture": "#1"}
			}
		},
		{
			"from": [1, 14, 2.5],
			"to": [2, 15, 3.5],
			"rotation": {"angle": 0, "axis": "y", "origin": [9, 21, 10]},
			"faces": {
				"north": {"uv": [10, 3, 11, 5], "texture": "#1"},
				"east": {"uv": [12, 3, 13, 4], "texture": "#1"},
				"south": {"uv": [12, 3, 13, 4], "texture": "#1"},
				"west": {"uv": [12, 3, 13, 4], "texture": "#1"},
				"up": {"uv": [12, 3, 13, 4], "texture": "#1"},
				"down": {"uv": [12, 3, 13, 4], "texture": "#1"}
			}
		},
		{
			"from": [14, 14, 2.5],
			"to": [15, 15, 3.5],
			"rotation": {"angle": 0, "axis": "y", "origin": [22, 21, 10]},
			"faces": {
				"north": {"uv": [10, 3, 11, 5], "texture": "#1"},
				"east": {"uv": [12, 3, 13, 4], "texture": "#1"},
				"south": {"uv": [12, 3, 13, 4], "texture": "#1"},
				"west": {"uv": [12, 3, 13, 4], "texture": "#1"},
				"up": {"uv": [12, 3, 13, 4], "texture": "#1"},
				"down": {"uv": [12, 3, 13, 4], "texture": "#1"}
			}
		},
		{
			"from": [2, 13.5, 0.5],
			"to": [3, 14.5, 1.5],
			"rotation": {"angle": 0, "axis": "y", "origin": [10, 21, 8]},
			"faces": {
				"north": {"uv": [10, 3, 11, 5], "texture": "#1"},
				"east": {"uv": [12, 3, 13, 4], "texture": "#1"},
				"south": {"uv": [12, 3, 13, 4], "texture": "#1"},
				"west": {"uv": [12, 3, 13, 4], "texture": "#1"},
				"up": {"uv": [12, 3, 13, 4], "texture": "#1"},
				"down": {"uv": [12, 3, 13, 4], "texture": "#1"}
			}
		},
		{
			"from": [0, 19.5, 1.5],
			"to": [1, 20.5, 2.5],
			"rotation": {"angle": 0, "axis": "y", "origin": [8, 27, 9]},
			"faces": {
				"north": {"uv": [10, 3, 11, 5], "texture": "#1"},
				"east": {"uv": [12, 3, 13, 4], "texture": "#1"},
				"south": {"uv": [12, 3, 13, 4], "texture": "#1"},
				"west": {"uv": [12, 3, 13, 4], "texture": "#1"},
				"up": {"uv": [12, 3, 13, 4], "texture": "#1"},
				"down": {"uv": [12, 3, 13, 4], "texture": "#1"}
			}
		},
		{
			"from": [15, 19.5, 1.5],
			"to": [16, 20.5, 2.5],
			"rotation": {"angle": 0, "axis": "y", "origin": [23, 27, 9]},
			"faces": {
				"north": {"uv": [10, 3, 11, 5], "texture": "#1"},
				"east": {"uv": [12, 3, 13, 4], "texture": "#1"},
				"south": {"uv": [12, 3, 13, 4], "texture": "#1"},
				"west": {"uv": [12, 3, 13, 4], "texture": "#1"},
				"up": {"uv": [12, 3, 13, 4], "texture": "#1"},
				"down": {"uv": [12, 3, 13, 4], "texture": "#1"}
			}
		},
		{
			"from": [2, 13.5, 2.5],
			"to": [3, 14.5, 3.5],
			"rotation": {"angle": 0, "axis": "y", "origin": [10, 21, 10]},
			"faces": {
				"north": {"uv": [10, 3, 11, 5], "texture": "#1"},
				"east": {"uv": [12, 3, 13, 4], "texture": "#1"},
				"south": {"uv": [12, 3, 13, 4], "texture": "#1"},
				"west": {"uv": [12, 3, 13, 4], "texture": "#1"},
				"up": {"uv": [12, 3, 13, 4], "texture": "#1"},
				"down": {"uv": [12, 3, 13, 4], "texture": "#1"}
			}
		},
		{
			"from": [3, 13.5, 1.5],
			"to": [4, 14.5, 2.5],
			"rotation": {"angle": 0, "axis": "y", "origin": [11, 21, 9]},
			"faces": {
				"north": {"uv": [8, 14, 9, 16], "texture": "#2"},
				"east": {"uv": [8, 14, 9, 16], "texture": "#2"},
				"south": {"uv": [8, 14, 9, 16], "texture": "#2"},
				"west": {"uv": [8, 14, 9, 16], "texture": "#2"},
				"up": {"uv": [8, 14, 9, 16], "texture": "#2"},
				"down": {"uv": [8, 14, 9, 16], "texture": "#2"}
			}
		}
	],
	"display": {
		"thirdperson_righthand": {
			"translation": [0, -1.75, 2.25],
			"scale": [0.29, 0.29, 0.29]
		},
		"thirdperson_lefthand": {
			"translation": [0, -1.75, 2.25],
			"scale": [0.29, 0.29, 0.29]
		},
		"firstperson_righthand": {
			"translation": [-0.5, 1.75, 4.75],
			"scale": [0.29, 0.29, 0.29]
		},
		"firstperson_lefthand": {
			"translation": [-0.5, 1.75, 4.75],
			"scale": [0.29, 0.29, 0.29]
		},
		"ground": {
			"translation": [0, -5.75, 6]
		},
		"gui": {
			"translation": [0, -10.75, 0],
			"scale": [0.89, 1.22, 0.89]
		},
		"fixed": {
			"translation": [0, -7.75, 5]
		}
	}
}