{
"__comment": "Designed by Zorigami",
"textures": {
    "particle": "blocks/hats/firefighter_helmet",
    "texture": "blocks/hats/firefighter_helmet"
},
"elements": [ 
{
    "__comment": "Top",
    "from": [ 5.5, 7, 7 ],
    "to": [ 6, 9, 9 ],
    "faces": {
        "down":  { "uv": [ 5.501, 8.999, 5.999, 8.501 ], "texture": "#texture" },
        "up":    { "uv": [ 5.501, 7.001, 5.999, 7.499 ], "texture": "#texture" },
        "north": { "uv": [ 5.999, 7.001, 5.501, 8.999 ], "texture": "#texture" },
        "south": { "uv": [ 5.501, 7.001, 5.999, 8.999 ], "texture": "#texture" },
        "west":  { "uv": [ 5.501, 7.001, 5.999, 8.999 ], "texture": "#texture" },
        "east":  { "uv": [ 5.501, 3.001, 5.999, 4.999 ], "texture": "#texture" }
    }
},
{
    "__comment": "Top",
    "from": [ 7, 7, 5.5 ],
    "to": [ 9, 9, 6 ],
    "faces": {
        "down":  { "uv": [ 7.001, 4.501, 8.999, 4.999 ], "texture": "#texture" },
        "up":    { "uv": [ 7.001, 7.001, 8.999, 7.499 ], "texture": "#texture" },
        "north": { "uv": [ 8.999, 7.001, 7.001, 8.999 ], "texture": "#texture" },
        "south": { "uv": [ 7.001, 3.001, 8.999, 4.999 ], "texture": "#texture" },
        "west":  { "uv": [ 7.001, 7.001, 7.499, 8.999 ], "texture": "#texture" },
        "east":  { "uv": [ 8.501, 7.001, 8.999, 8.999 ], "texture": "#texture" }
    }
},
{
    "__comment": "Top",
    "from": [ 6, 9, 6.5 ],
    "to": [ 10, 9.5, 9.5 ],
    "faces": {
        "down":  { "uv": [ 6.001, 2.501, 9.999, 2.999 ], "texture": "#texture" },
        "up":    { "uv": [ 6.001, 6.501, 9.999, 6.999 ], "texture": "#texture" },
        "north": { "uv": [ 9.999, 6.501, 6.001, 6.999 ], "texture": "#texture" },
        "south": { "uv": [ 6.001, 6.501, 9.999, 6.999 ], "texture": "#texture" },
        "west":  { "uv": [ 6.001, 6.501, 6.499, 6.999 ], "texture": "#texture" },
        "east":  { "uv": [ 9.501, 6.501, 9.999, 6.999 ], "texture": "#texture" }
    }
},
{
    "__comment": "Top",
    "from": [ 6.5, 9, 6.5 ],
    "to": [ 9.5, 10, 9.5 ],
    "faces": {
        "down":  { "uv": [ 6.501, 2.501, 9.499, 2.999 ], "texture": "#texture" },
        "up":    { "uv": [ 6.501, 6.001, 9.499, 6.499 ], "texture": "#texture" },
        "north": { "uv": [ 9.499, 6.001, 6.501, 6.999 ], "texture": "#texture" },
        "south": { "uv": [ 6.501, 6.001, 9.499, 6.999 ], "texture": "#texture" },
        "west":  { "uv": [ 6.501, 6.001, 6.999, 6.999 ], "texture": "#texture" },
        "east":  { "uv": [ 9.001, 6.001, 9.499, 6.999 ], "texture": "#texture" }
    }
},
{
    "__comment": "Top",
    "from": [ 6.5, 9, 6 ],
    "to": [ 9.5, 9.5, 10 ],
    "faces": {
        "down":  { "uv": [ 6.501, 2.501, 9.499, 2.999 ], "texture": "#texture" },
        "up":    { "uv": [ 6.501, 6.501, 9.499, 6.999 ], "texture": "#texture" },
        "north": { "uv": [ 9.499, 6.501, 6.501, 6.999 ], "texture": "#texture" },
        "south": { "uv": [ 6.501, 6.501, 9.499, 6.999 ], "texture": "#texture" },
        "west":  { "uv": [ 6.501, 6.501, 6.999, 6.999 ], "texture": "#texture" },
        "east":  { "uv": [ 9.001, 6.501, 9.499, 6.999 ], "texture": "#texture" }
    }
},
{
    "__comment": "Top",
    "from": [ 7, 10, 7 ],
    "to": [ 9, 10.5, 9 ],
    "faces": {
        "down":  { "uv": [ 7.001, 5.501, 8.999, 5.999 ], "texture": "#texture" },
        "up":    { "uv": [ 7.001, 5.501, 8.999, 5.999 ], "texture": "#texture" },
        "north": { "uv": [ 8.999, 5.501, 7.001, 5.999 ], "texture": "#texture" },
        "south": { "uv": [ 7.001, 5.501, 8.999, 5.999 ], "texture": "#texture" },
        "west":  { "uv": [ 7.001, 5.501, 7.499, 5.999 ], "texture": "#texture" },
        "east":  { "uv": [ 8.501, 5.501, 8.999, 5.999 ], "texture": "#texture" }
    }
},
{
    "__comment": "Top",
    "from": [ 6, 9.5, 7.5 ],
    "to": [ 10, 10, 8.5 ],
    "faces": {
        "down":  { "uv": [ 6.001, 6.001, 9.999, 6.499 ], "texture": "#texture" },
        "up":    { "uv": [ 6.001, 6.001, 9.999, 6.499 ], "texture": "#texture" },
        "north": { "uv": [ 9.999, 6.001, 6.001, 6.499 ], "texture": "#texture" },
        "south": { "uv": [ 6.001, 6.001, 9.999, 6.499 ], "texture": "#texture" },
        "west":  { "uv": [ 6.001, 6.001, 6.499, 6.499 ], "texture": "#texture" },
        "east":  { "uv": [ 9.501, 6.001, 9.999, 6.499 ], "texture": "#texture" }
    }
},
{
    "__comment": "Top",
    "from": [ 7.5, 9.5, 6 ],
    "to": [ 8.5, 10, 10 ],
    "faces": {
        "down":  { "uv": [ 7.501, 6.001, 8.499, 6.499 ], "texture": "#texture" },
        "up":    { "uv": [ 7.501, 6.001, 8.499, 6.499 ], "texture": "#texture" },
        "north": { "uv": [ 8.499, 6.001, 7.501, 6.499 ], "texture": "#texture" },
        "south": { "uv": [ 7.501, 6.001, 8.499, 6.499 ], "texture": "#texture" },
        "west":  { "uv": [ 7.501, 6.001, 7.999, 6.499 ], "texture": "#texture" },
        "east":  { "uv": [ 8.001, 6.001, 8.499, 6.499 ], "texture": "#texture" }
    }
},
{
    "__comment": "Top*",
    "from": [ 10, 7, 7 ],
    "to": [ 10.5, 9, 9 ],
    "faces": {
        "down":  { "uv": [ 10.501, 13.999, 10.999, 12.001 ], "texture": "#texture" },
        "up":    { "uv": [ 10.001, 7.001, 10.499, 7.499 ], "texture": "#texture" },
        "north": { "uv": [ 10.499, 7.001, 10.001, 8.999 ], "texture": "#texture" },
        "south": { "uv": [ 10.001, 7.001, 10.499, 8.999 ], "texture": "#texture" },
        "west":  { "uv": [ 10.001, 3.001, 10.499, 4.999 ], "texture": "#texture" },
        "east":  { "uv": [ 10.001, 7.001, 10.499, 8.999 ], "texture": "#texture" }
    }
},
{
    "__comment": "Top*",
    "from": [ 6, 7, 9 ],
    "to": [ 6.5, 9, 10 ],
    "faces": {
        "down":  { "uv": [ 6.001, 4.501, 6.499, 4.999 ], "texture": "#texture" },
        "up":    { "uv": [ 6.001, 7.001, 6.499, 7.499 ], "texture": "#texture" },
        "north": { "uv": [ 6.499, 3.001, 6.001, 4.999 ], "texture": "#texture" },
        "south": { "uv": [ 6.001, 7.001, 6.499, 8.999 ], "texture": "#texture" },
        "west":  { "uv": [ 6.001, 7.001, 6.499, 8.999 ], "texture": "#texture" },
        "east":  { "uv": [ 6.001, 3.001, 6.499, 4.999 ], "texture": "#texture" }
    }
},
{
    "__comment": "Top*",
    "from": [ 9.5, 7, 9 ],
    "to": [ 10, 9, 10 ],
    "faces": {
        "down":  { "uv": [ 9.501, 4.501, 9.999, 4.999 ], "texture": "#texture" },
        "up":    { "uv": [ 9.501, 7.001, 9.999, 7.499 ], "texture": "#texture" },
        "north": { "uv": [ 9.999, 3.001, 9.501, 4.999 ], "texture": "#texture" },
        "south": { "uv": [ 9.501, 7.001, 9.999, 8.999 ], "texture": "#texture" },
        "west":  { "uv": [ 9.501, 3.001, 9.999, 4.999 ], "texture": "#texture" },
        "east":  { "uv": [ 9.501, 7.001, 9.999, 8.999 ], "texture": "#texture" }
    }
},
{
    "__comment": "Top*",
    "from": [ 7, 7, 10 ],
    "to": [ 9, 9.5, 10.25 ],
    "faces": {
        "down":  { "uv": [ 7.001, 14.501, 8.999, 14.999 ], "texture": "#texture" },
        "up":    { "uv": [ 0.001, 0.001, 3.999, 0.499 ], "texture": "#texture" },
        "north": { "uv": [ 8.999, 2.501, 7.001, 4.999 ], "texture": "#texture" },
        "south": { "uv": [ 0.001, 0.001, 3.999, 4.999 ], "texture": "#texture" },
        "west":  { "uv": [ 0.001, 0.001, 0.499, 4.999 ], "texture": "#texture" },
        "east":  { "uv": [ 3.501, 0.001, 3.999, 4.999 ], "texture": "#texture" }
    }
},
{
    "__comment": "Top*",
    "from": [ 9, 7, 9.5 ],
    "to": [ 9.5, 9, 10 ],
    "faces": {
        "down":  { "uv": [ 9.001, 4.501, 9.499, 4.999 ], "texture": "#texture" },
        "up":    { "uv": [ 9.001, 7.001, 9.499, 7.499 ], "texture": "#texture" },
        "north": { "uv": [ 9.499, 3.001, 9.001, 4.999 ], "texture": "#texture" },
        "south": { "uv": [ 9.001, 7.001, 9.499, 8.999 ], "texture": "#texture" },
        "west":  { "uv": [ 9.001, 3.001, 9.499, 4.999 ], "texture": "#texture" },
        "east":  { "uv": [ 9.001, 7.001, 9.499, 8.999 ], "texture": "#texture" }
    }
},
{
    "__comment": "Top*",
    "from": [ 6.5, 7, 9.5 ],
    "to": [ 7, 9, 10 ],
    "faces": {
        "down":  { "uv": [ 6.501, 4.501, 6.999, 4.999 ], "texture": "#texture" },
        "up":    { "uv": [ 6.501, 7.001, 6.999, 7.499 ], "texture": "#texture" },
        "north": { "uv": [ 6.999, 3.001, 6.501, 4.999 ], "texture": "#texture" },
        "south": { "uv": [ 6.501, 7.001, 6.999, 8.999 ], "texture": "#texture" },
        "west":  { "uv": [ 6.501, 7.001, 6.999, 8.999 ], "texture": "#texture" },
        "east":  { "uv": [ 6.501, 3.001, 6.999, 4.999 ], "texture": "#texture" }
    }
},
{
    "__comment": "Top*",
    "from": [ 9.5, 7, 6 ],
    "to": [ 10, 9, 7 ],
    "faces": {
        "down":  { "uv": [ 9.501, 4.501, 9.999, 4.999 ], "texture": "#texture" },
        "up":    { "uv": [ 9.501, 7.001, 9.999, 7.499 ], "texture": "#texture" },
        "north": { "uv": [ 9.999, 7.001, 9.501, 8.999 ], "texture": "#texture" },
        "south": { "uv": [ 9.501, 3.001, 9.999, 4.999 ], "texture": "#texture" },
        "west":  { "uv": [ 9.501, 3.001, 9.999, 4.999 ], "texture": "#texture" },
        "east":  { "uv": [ 9.501, 7.001, 9.999, 8.999 ], "texture": "#texture" }
    }
},
{
    "__comment": "Top*",
    "from": [ 9, 7, 6 ],
    "to": [ 9.5, 9, 6.5 ],
    "faces": {
        "down":  { "uv": [ 9.001, 4.501, 9.499, 4.999 ], "texture": "#texture" },
        "up":    { "uv": [ 9.001, 7.001, 9.499, 7.499 ], "texture": "#texture" },
        "north": { "uv": [ 9.499, 7.001, 9.001, 8.999 ], "texture": "#texture" },
        "south": { "uv": [ 9.001, 3.001, 9.499, 4.999 ], "texture": "#texture" },
        "west":  { "uv": [ 9.001, 3.001, 9.499, 4.999 ], "texture": "#texture" },
        "east":  { "uv": [ 9.001, 7.001, 9.499, 8.999 ], "texture": "#texture" }
    }
},
{
    "__comment": "Top*",
    "from": [ 6.5, 7, 6 ],
    "to": [ 7, 9, 6.5 ],
    "faces": {
        "down":  { "uv": [ 6.501, 4.501, 6.999, 4.999 ], "texture": "#texture" },
        "up":    { "uv": [ 6.501, 7.001, 6.999, 7.499 ], "texture": "#texture" },
        "north": { "uv": [ 6.999, 7.001, 6.501, 8.999 ], "texture": "#texture" },
        "south": { "uv": [ 6.501, 3.001, 6.999, 4.999 ], "texture": "#texture" },
        "west":  { "uv": [ 6.501, 7.001, 6.999, 8.999 ], "texture": "#texture" },
        "east":  { "uv": [ 6.501, 3.001, 6.999, 4.999 ], "texture": "#texture" }
    }
},
{
    "__comment": "Top*",
    "from": [ 6, 7, 6 ],
    "to": [ 6.5, 9, 7 ],
    "faces": {
        "down":  { "uv": [ 6.001, 4.501, 6.499, 4.999 ], "texture": "#texture" },
        "up":    { "uv": [ 6.001, 7.001, 6.499, 7.499 ], "texture": "#texture" },
        "north": { "uv": [ 6.499, 7.001, 6.001, 8.999 ], "texture": "#texture" },
        "south": { "uv": [ 6.001, 3.001, 6.499, 4.999 ], "texture": "#texture" },
        "west":  { "uv": [ 6.001, 7.001, 6.499, 8.999 ], "texture": "#texture" },
        "east":  { "uv": [ 6.001, 3.001, 6.499, 4.999 ], "texture": "#texture" }
    }
},
{
    "__comment": "Brim",
    "from": [ 5.5, 7, 4 ],
    "to": [ 10.5, 7.5, 5.5 ],
    "faces": {
        "down":  { "uv": [ 5.501, 10.999, 10.499, 9.501 ], "texture": "#texture" },
        "up":    { "uv": [ 5.501, 9.501, 10.499, 10.999 ], "texture": "#texture" },
        "north": { "uv": [ 10.499, 9.501, 5.501, 9.999 ], "texture": "#texture" },
        "south": { "uv": [ 5.501, 10.501, 10.499, 10.999 ], "texture": "#texture" },
        "west":  { "uv": [ 5.501, 9.501, 5.999, 10.999 ], "rotation": 270, "texture": "#texture" },
        "east":  { "uv": [ 10.001, 9.501, 10.499, 10.999 ], "rotation": 90, "texture": "#texture" }
    }
},
{
    "__comment": "Brim*",
    "from": [ 5.5, 7, 10 ],
    "to": [ 10.5, 7.5, 11 ],
    "faces": {
        "down":  { "uv": [ 5.501, 15.499, 10.499, 14.501 ], "texture": "#texture" },
        "up":    { "uv": [ 5.501, 14.501, 10.499, 15.499 ], "texture": "#texture" },
        "north": { "uv": [ 10.499, 4.501, 5.501, 4.999 ], "texture": "#texture" },
        "south": { "uv": [ 5.501, 15.001, 10.499, 15.499 ], "texture": "#texture" },
        "west":  { "uv": [ 5.501, 14.501, 5.999, 15.499 ], "rotation": 270, "texture": "#texture" },
        "east":  { "uv": [ 10.001, 14.501, 10.499, 15.499 ], "rotation": 90, "texture": "#texture" }
    }
},
{
    "__comment": "Brim*",
    "from": [ 10.5, 7, 6 ],
    "to": [ 11, 7.5, 10 ],
    "faces": {
        "down":  { "uv": [ 11.001, 14.999, 11.499, 11.001 ], "texture": "#texture" },
        "up":    { "uv": [ 11.001, 11.001, 11.499, 14.999 ], "texture": "#texture" },
        "north": { "uv": [ 11.499, 11.001, 11.001, 11.499 ], "texture": "#texture" },
        "south": { "uv": [ 11.001, 14.501, 11.499, 14.999 ], "texture": "#texture" },
        "west":  { "uv": [ 11.001, 11.001, 11.499, 14.999 ], "rotation": 270, "texture": "#texture" },
        "east":  { "uv": [ 11.001, 11.001, 11.499, 14.999 ], "rotation": 90, "texture": "#texture" }
    }
},
{
    "__comment": "Brim*",
    "from": [ 5, 7, 6 ],
    "to": [ 5.5, 7.5, 10 ],
    "faces": {
        "down":  { "uv": [ 4.501, 14.999, 4.999, 11.001 ], "texture": "#texture" },
        "up":    { "uv": [ 4.501, 11.001, 4.999, 14.999 ], "texture": "#texture" },
        "north": { "uv": [ 4.999, 11.001, 4.501, 11.499 ], "texture": "#texture" },
        "south": { "uv": [ 4.501, 14.501, 4.999, 14.999 ], "texture": "#texture" },
        "west":  { "uv": [ 4.501, 11.001, 4.999, 14.999 ], "rotation": 270, "texture": "#texture" },
        "east":  { "uv": [ 4.501, 11.001, 4.999, 14.999 ], "rotation": 90, "texture": "#texture" }
    }
},
{
    "__comment": "Brim*",
    "from": [ 6, 7, 3.5 ],
    "to": [ 10, 7.5, 4 ],
    "faces": {
        "down":  { "uv": [ 6.001, 9.499, 9.999, 9.001 ], "texture": "#texture" },
        "up":    { "uv": [ 6.001, 9.001, 9.999, 9.499 ], "texture": "#texture" },
        "north": { "uv": [ 9.999, 9.001, 6.001, 9.499 ], "texture": "#texture" },
        "south": { "uv": [ 6.001, 9.001, 9.999, 9.499 ], "texture": "#texture" },
        "west":  { "uv": [ 6.001, 9.001, 6.499, 9.499 ], "rotation": 270, "texture": "#texture" },
        "east":  { "uv": [ 9.501, 9.001, 9.999, 9.499 ], "rotation": 90, "texture": "#texture" }
    }
},
{
    "__comment": "Brim*",
    "from": [ 5, 7, 5.5 ],
    "to": [ 7, 7.5, 6 ],
    "faces": {
        "down":  { "uv": [ 5.001, 11.499, 6.999, 11.001 ], "texture": "#texture" },
        "up":    { "uv": [ 5.001, 11.001, 6.999, 11.499 ], "texture": "#texture" },
        "north": { "uv": [ 6.999, 11.001, 5.001, 11.499 ], "texture": "#texture" },
        "south": { "uv": [ 5.001, 11.001, 6.999, 11.499 ], "texture": "#texture" },
        "west":  { "uv": [ 5.001, 11.001, 5.499, 11.499 ], "rotation": 270, "texture": "#texture" },
        "east":  { "uv": [ 6.501, 11.001, 6.999, 11.499 ], "rotation": 90, "texture": "#texture" }
    }
},
{
    "__comment": "Brim*",
    "from": [ 10, 7, 6 ],
    "to": [ 10.5, 7.5, 7 ],
    "faces": {
        "down":  { "uv": [ 10.501, 11.999, 10.999, 11.001 ], "texture": "#texture" },
        "up":    { "uv": [ 10.501, 11.001, 10.999, 11.999 ], "texture": "#texture" },
        "north": { "uv": [ 10.999, 11.001, 10.501, 11.499 ], "texture": "#texture" },
        "south": { "uv": [ 10.501, 11.501, 10.999, 11.999 ], "texture": "#texture" },
        "west":  { "uv": [ 10.501, 11.001, 10.999, 11.999 ], "rotation": 270, "texture": "#texture" },
        "east":  { "uv": [ 10.501, 11.001, 10.999, 11.999 ], "rotation": 90, "texture": "#texture" }
    }
},
{
    "__comment": "Brim*",
    "from": [ 10, 7, 9 ],
    "to": [ 10.5, 7.5, 10 ],
    "faces": {
        "down":  { "uv": [ 10.501, 14.999, 10.999, 14.001 ], "texture": "#texture" },
        "up":    { "uv": [ 10.501, 14.001, 10.999, 14.999 ], "texture": "#texture" },
        "north": { "uv": [ 10.999, 14.001, 10.501, 14.499 ], "texture": "#texture" },
        "south": { "uv": [ 10.501, 14.501, 10.999, 14.999 ], "texture": "#texture" },
        "west":  { "uv": [ 10.501, 14.001, 10.999, 14.999 ], "rotation": 270, "texture": "#texture" },
        "east":  { "uv": [ 10.501, 14.001, 10.999, 14.999 ], "rotation": 90, "texture": "#texture" }
    }
},
{
    "__comment": "Brim*",
    "from": [ 5.5, 7, 9 ],
    "to": [ 6, 7.5, 10 ],
    "faces": {
        "down":  { "uv": [ 5.001, 14.999, 5.499, 14.001 ], "texture": "#texture" },
        "up":    { "uv": [ 5.001, 14.001, 5.499, 14.999 ], "texture": "#texture" },
        "north": { "uv": [ 5.499, 14.001, 5.001, 14.499 ], "texture": "#texture" },
        "south": { "uv": [ 5.001, 14.501, 5.499, 14.999 ], "texture": "#texture" },
        "west":  { "uv": [ 5.001, 14.001, 5.499, 14.999 ], "rotation": 270, "texture": "#texture" },
        "east":  { "uv": [ 5.001, 14.001, 5.499, 14.999 ], "rotation": 90, "texture": "#texture" }
    }
},
{
    "__comment": "Brim*",
    "from": [ 5.5, 7, 6 ],
    "to": [ 6, 7.5, 7 ],
    "faces": {
        "down":  { "uv": [ 5.001, 11.999, 5.499, 11.001 ], "texture": "#texture" },
        "up":    { "uv": [ 5.001, 11.001, 5.499, 11.999 ], "texture": "#texture" },
        "north": { "uv": [ 5.499, 11.001, 5.001, 11.499 ], "texture": "#texture" },
        "south": { "uv": [ 5.001, 11.501, 5.499, 11.999 ], "texture": "#texture" },
        "west":  { "uv": [ 5.001, 11.001, 5.499, 11.999 ], "rotation": 270, "texture": "#texture" },
        "east":  { "uv": [ 5.001, 11.001, 5.499, 11.999 ], "rotation": 90, "texture": "#texture" }
    }
},
{
    "__comment": "Brim*",
    "from": [ 6.5, 7, 11 ],
    "to": [ 9.5, 7.5, 11.5 ],
    "faces": {
        "down":  { "uv": [ 6.501, 15.999, 9.499, 15.501 ], "texture": "#texture" },
        "up":    { "uv": [ 6.501, 15.501, 9.499, 15.999 ], "texture": "#texture" },
        "north": { "uv": [ 9.499, 15.501, 6.501, 15.999 ], "texture": "#texture" },
        "south": { "uv": [ 6.501, 15.501, 9.499, 15.999 ], "texture": "#texture" },
        "west":  { "uv": [ 6.501, 15.501, 6.999, 15.999 ], "rotation": 270, "texture": "#texture" },
        "east":  { "uv": [ 9.001, 15.501, 9.499, 15.999 ], "rotation": 90, "texture": "#texture" }
    }
},
{
    "__comment": "Brim*",
    "from": [ 9, 7, 5.5 ],
    "to": [ 11, 7.5, 6 ],
    "faces": {
        "down":  { "uv": [ 9.001, 11.499, 10.999, 11.001 ], "texture": "#texture" },
        "up":    { "uv": [ 9.001, 11.001, 10.999, 11.499 ], "texture": "#texture" },
        "north": { "uv": [ 10.999, 11.001, 9.001, 11.499 ], "texture": "#texture" },
        "south": { "uv": [ 9.001, 11.001, 10.999, 11.499 ], "texture": "#texture" },
        "west":  { "uv": [ 9.001, 11.001, 9.499, 11.499 ], "rotation": 270, "texture": "#texture" },
        "east":  { "uv": [ 10.501, 11.001, 10.999, 11.499 ], "rotation": 90, "texture": "#texture" }
    }
}
],
"display": {
    "thirdperson_righthand": {
        "rotation": [ -142, 0, -90 ],
        "translation": [ 0.94, -0.19, -5.1 ],
        "scale": [ 1.4, 1.4, 1.4 ]
    },
    "thirdperson_lefthand": {
        "rotation": [ -142, 0, -90 ],
        "translation": [ 0.94, -0.19, -5.1 ],
        "scale": [ 1.4, 1.4, 1.4 ]
    },
    "head": {
        "rotation": [ 0, 180, 0 ],
        "translation": [ 0, 8.69, 0 ],
        "scale": [ 3.2, 3.2, 3.2 ]
    },
    "ground": {
        "rotation": [ 0, 0, 0 ],
        "translation": [ 0, -1.7, 0 ],
        "scale": [ 1, 1, 1 ]
    },
    "fixed": {
        "rotation": [ -24, 180, 0 ],
        "translation": [ 0, 0, -6.5 ],
        "scale": [ 1.5, 1.5, 1.5 ]
    },
    "firstperson_righthand": {
        "rotation": [ 0, -70, 0 ],
        "translation": [ -0.76, 3.21, -0.19 ],
        "scale": [ 0.8, 0.8, 0.8 ]
    },
    "firstperson_lefthand": {
        "rotation": [ 0, -70, 0 ],
        "translation": [ -0.76, 3.21, -0.19 ],
        "scale": [ 0.8, 0.8, 0.8 ]
    },
    "gui": {
        "rotation": [ 30, -45, 0 ],
        "translation": [ -0.76, 0, -0.2 ],
        "scale": [ 1.9, 1.9, 1.9 ]
    }
}
}