{
	"__comment": "Designed by Monsterfish_",
	"textures": {
		"texture3": "blocks/wool_colored_white",
		"texture": "blocks/wool_colored_red"
	},
	"elements": [
		{
			"__comment": "Voxels-FFDADA",
			"from": [ 1, 5, 7.5 ],
			"to": [ 3.5, 6.5, 9 ],
			"faces": {
				"down": { "uv": [ 1, 7, 3.5, 8.5 ], "texture": "#texture3" },
				"up": { "uv": [ 1, 7.5, 3.5, 9 ], "texture": "#texture3" },
				"north": { "uv": [ 12.5, 9.5, 15, 11 ], "texture": "#texture3" },
				"south": { "uv": [ 1, 9.5, 3.5, 11 ], "texture": "#texture3" },
				"west": { "uv": [ 7.5, 9.5, 9, 11 ], "texture": "#texture3" },
				"east": { "uv": [ 7, 9.5, 8.5, 11 ], "texture": "#texture3" }
			}
		},
		{
			"__comment": "Voxels-FFDADA",
			"from": [ 1.5, 4.5, 7.5 ],
			"to": [ 3, 5, 9 ],
			"faces": {
				"down": { "uv": [ 1.5, 7, 3, 8.5 ], "texture": "#texture3" },
				"north": { "uv": [ 13, 11, 14.5, 11.5 ], "texture": "#texture3" },
				"south": { "uv": [ 1.5, 11, 3, 11.5 ], "texture": "#texture3" },
				"west": { "uv": [ 7.5, 11, 9, 11.5 ], "texture": "#texture3" },
				"east": { "uv": [ 7, 11, 8.5, 11.5 ], "texture": "#texture3" }
			}
		},
		{
			"__comment": "Voxels-FFDADA",
			"from": [ 1.5, 5, 7 ],
			"to": [ 3, 6.5, 7.5 ],
			"faces": {
				"down": { "uv": [ 1.5, 8.5, 3, 9 ], "texture": "#texture3" },
				"up": { "uv": [ 1.5, 7, 3, 7.5 ], "texture": "#texture3" },
				"north": { "uv": [ 13, 9.5, 14.5, 11 ], "texture": "#texture3" },
				"west": { "uv": [ 7, 9.5, 7.5, 11 ], "texture": "#texture3" },
				"east": { "uv": [ 8.5, 9.5, 9, 11 ], "texture": "#texture3" }
			}
		},
		{
			"__comment": "Voxels-FFDADA",
			"from": [ 1.5, 5, 9 ],
			"to": [ 3, 6.5, 9.5 ],
			"faces": {
				"down": { "uv": [ 1.5, 6.5, 3, 7 ], "texture": "#texture3" },
				"up": { "uv": [ 1.5, 9, 3, 9.5 ], "texture": "#texture3" },
				"south": { "uv": [ 1.5, 9.5, 3, 11 ], "texture": "#texture3" },
				"west": { "uv": [ 9, 9.5, 9.5, 11 ], "texture": "#texture3" },
				"east": { "uv": [ 6.5, 9.5, 7, 11 ], "texture": "#texture3" }
			}
		},
		{
			"__comment": "Voxels-FFDADA",
			"from": [ 1.5, 6.5, 7.5 ],
			"to": [ 3, 7, 9 ],
			"faces": {
				"up": { "uv": [ 1.5, 7.5, 3, 9 ], "texture": "#texture3" },
				"north": { "uv": [ 13, 9, 14.5, 9.5 ], "texture": "#texture3" },
				"south": { "uv": [ 1.5, 9, 3, 9.5 ], "texture": "#texture3" },
				"west": { "uv": [ 7.5, 9, 9, 9.5 ], "texture": "#texture3" },
				"east": { "uv": [ 7, 9, 8.5, 9.5 ], "texture": "#texture3" }
			}
		},
		{
			"__comment": "Voxels-FF0000",
			"from": [ 1.5, 7, 8 ],
			"to": [ 2, 10, 8.5 ],
			"faces": {
				"up": { "uv": [ 1.5, 8, 2, 8.5 ], "texture": "#texture" },
				"north": { "uv": [ 14, 6, 14.5, 9 ], "texture": "#texture" },
				"south": { "uv": [ 1.5, 6, 2, 9 ], "texture": "#texture" },
				"west": { "uv": [ 8, 6, 8.5, 9 ], "texture": "#texture" },
				"east": { "uv": [ 7.5, 6, 8, 9 ], "texture": "#texture" }
			}
		},
		{
			"__comment": "Voxels-FF0000",
			"from": [ 1.5, 7.5, 8.5 ],
			"to": [ 3, 9.5, 9 ],
			"faces": {
				"down": { "uv": [ 1.5, 7, 3, 7.5 ], "texture": "#texture" },
				"up": { "uv": [ 1.5, 8.5, 3, 9 ], "texture": "#texture" },
				"north": { "uv": [ 13, 6.5, 14.5, 8.5 ], "texture": "#texture" },
				"south": { "uv": [ 1.5, 6.5, 3, 8.5 ], "texture": "#texture" },
				"west": { "uv": [ 8.5, 6.5, 9, 8.5 ], "texture": "#texture" },
				"east": { "uv": [ 7, 6.5, 7.5, 8.5 ], "texture": "#texture" }
			}
		},
		{
			"__comment": "Voxels-FF0000",
			"from": [ 2, 7, 7.5 ],
			"to": [ 2.5, 8.5, 8 ],
			"faces": {
				"north": { "uv": [ 13.5, 7.5, 14, 9 ], "texture": "#texture" },
				"south": { "uv": [ 2, 7.5, 2.5, 9 ], "texture": "#texture" },
				"west": { "uv": [ 7.5, 7.5, 8, 9 ], "texture": "#texture" },
				"east": { "uv": [ 8, 7.5, 8.5, 9 ], "texture": "#texture" }
			}
		},
		{
			"__comment": "Voxels-FF0000",
			"from": [ 2, 7, 8.5 ],
			"to": [ 2.5, 7.5, 9 ],
			"faces": {
				"south": { "uv": [ 2, 8.5, 2.5, 9 ], "texture": "#texture" },
				"west": { "uv": [ 8.5, 8.5, 9, 9 ], "texture": "#texture" },
				"east": { "uv": [ 7, 8.5, 7.5, 9 ], "texture": "#texture" }
			}
		},
		{
			"__comment": "Voxels-FF0000",
			"from": [ 2, 7.5, 8 ],
			"to": [ 3.5, 10, 8.5 ],
			"faces": {
				"down": { "uv": [ 2, 7.5, 3.5, 8 ], "texture": "#texture" },
				"up": { "uv": [ 2, 8, 3.5, 8.5 ], "texture": "#texture" },
				"north": { "uv": [ 12.5, 6, 14, 8.5 ], "texture": "#texture" },
				"south": { "uv": [ 2, 6, 3.5, 8.5 ], "texture": "#texture" },
				"east": { "uv": [ 7.5, 6, 8, 8.5 ], "texture": "#texture" }
			}
		},
		{
			"__comment": "Voxels-FF0000",
			"from": [ 2, 7.5, 9 ],
			"to": [ 2.5, 9, 9.5 ],
			"faces": {
				"down": { "uv": [ 2, 6.5, 2.5, 7 ], "texture": "#texture" },
				"up": { "uv": [ 2, 9, 2.5, 9.5 ], "texture": "#texture" },
				"south": { "uv": [ 2, 7, 2.5, 8.5 ], "texture": "#texture" },
				"west": { "uv": [ 9, 7, 9.5, 8.5 ], "texture": "#texture" },
				"east": { "uv": [ 6.5, 7, 7, 8.5 ], "texture": "#texture" }
			}
		},
		{
			"__comment": "Voxels-FF3A3A",
			"from": [ 2, 8.5, 7.5 ],
			"to": [ 2.5, 9, 8 ],
			"faces": {
				"north": { "uv": [ 13.5, 7, 14, 7.5 ], "texture": "#texture" },
				"west": { "uv": [ 7.5, 7, 8, 7.5 ], "texture": "#texture" }
			}
		},
		{
			"__comment": "Voxels-FF0000",
			"from": [ 2, 9, 7.5 ],
			"to": [ 3.5, 10, 8 ],
			"faces": {
				"down": { "uv": [ 2, 8, 3.5, 8.5 ], "texture": "#texture" },
				"up": { "uv": [ 2, 7.5, 3.5, 8 ], "texture": "#texture" },
				"north": { "uv": [ 12.5, 6, 14, 7 ], "texture": "#texture" },
				"west": { "uv": [ 7.5, 6, 8, 7 ], "texture": "#texture" },
				"east": { "uv": [ 8, 6, 8.5, 7 ], "texture": "#texture" }
			}
		},
		{
			"__comment": "Voxels-DE0000",
			"from": [ 2, 10, 8 ],
			"to": [ 2.5, 10.5, 8.5 ],
			"faces": {
				"up": { "uv": [ 2, 8, 2.5, 8.5 ], "texture": "#texture" },
				"north": { "uv": [ 13.5, 5.5, 14, 6 ], "texture": "#texture" },
				"south": { "uv": [ 2, 5.5, 2.5, 6 ], "texture": "#texture" },
				"west": { "uv": [ 8, 5.5, 8.5, 6 ], "texture": "#texture" }
			}
		},
		{
			"__comment": "Voxels-FF0000",
			"from": [ 2.5, 7, 8 ],
			"to": [ 3, 7.5, 8.5 ],
			"faces": {
				"north": { "uv": [ 13, 8.5, 13.5, 9 ], "texture": "#texture" },
				"south": { "uv": [ 2.5, 8.5, 3, 9 ], "texture": "#texture" },
				"east": { "uv": [ 7.5, 8.5, 8, 9 ], "texture": "#texture" }
			}
		},
		{
			"__comment": "Voxels-FF0000",
			"from": [ 2.5, 7.5, 7.5 ],
			"to": [ 3, 9, 8 ],
			"faces": {
				"down": { "uv": [ 2.5, 8, 3, 8.5 ], "texture": "#texture" },
				"north": { "uv": [ 13, 7, 13.5, 8.5 ], "texture": "#texture" },
				"west": { "uv": [ 7.5, 7, 8, 8.5 ], "texture": "#texture" },
				"east": { "uv": [ 8, 7, 8.5, 8.5 ], "texture": "#texture" }
			}
		},
		{
			"__comment": "Voxels-FF0000",
			"from": [ 2.5, 8, 9 ],
			"to": [ 3, 9.5, 9.5 ],
			"faces": {
				"down": { "uv": [ 2.5, 6.5, 3, 7 ], "texture": "#texture" },
				"up": { "uv": [ 2.5, 9, 3, 9.5 ], "texture": "#texture" },
				"south": { "uv": [ 2.5, 6.5, 3, 8 ], "texture": "#texture" },
				"west": { "uv": [ 9, 6.5, 9.5, 8 ], "texture": "#texture" },
				"east": { "uv": [ 6.5, 6.5, 7, 8 ], "texture": "#texture" }
			}
		},
		{
			"__comment": "Voxels-FF3A3A",
			"from": [ 2.5, 8.5, 7 ],
			"to": [ 3, 9.5, 7.5 ],
			"faces": {
				"down": { "uv": [ 2.5, 8.5, 3, 9 ], "texture": "#texture" },
				"north": { "uv": [ 13, 6.5, 13.5, 7.5 ], "texture": "#texture" },
				"south": { "uv": [ 2.5, 6.5, 3, 7.5 ], "texture": "#texture" },
				"west": { "uv": [ 7, 6.5, 7.5, 7.5 ], "texture": "#texture" },
				"east": { "uv": [ 8.5, 6.5, 9, 7.5 ], "texture": "#texture" }
			}
		},
		{
			"__comment": "Voxels-FF0000",
			"from": [ 2.5, 9.5, 7 ],
			"to": [ 3, 10, 7.5 ],
			"faces": {
				"up": { "uv": [ 2.5, 7, 3, 7.5 ], "texture": "#texture" },
				"north": { "uv": [ 13, 6, 13.5, 6.5 ], "texture": "#texture" },
				"west": { "uv": [ 7, 6, 7.5, 6.5 ], "texture": "#texture" }
			}
		},
		{
			"__comment": "Voxels-B70000",
			"from": [ 2.5, 9.5, 8.5 ],
			"to": [ 3, 10, 9 ],
			"faces": {
				"south": { "uv": [ 2.5, 6, 3, 6.5 ], "texture": "#texture" },
				"west": { "uv": [ 8.5, 6, 9, 6.5 ], "texture": "#texture" }
			}
		},
		{
			"__comment": "Voxels-FF0000",
			"from": [ 2.5, 10, 7.5 ],
			"to": [ 10, 10.5, 8.5 ],
			"faces": {
				"down": { "uv": [ 2.5, 7.5, 10, 8.5 ], "texture": "#texture" },
				"up": { "uv": [ 2.5, 7.5, 10, 8.5 ], "texture": "#texture" },
				"north": { "uv": [ 6, 5.5, 13.5, 6 ], "texture": "#texture" },
				"south": { "uv": [ 2.5, 5.5, 10, 6 ], "texture": "#texture" },
				"west": { "uv": [ 7.5, 5.5, 8.5, 6 ], "texture": "#texture" }
			}
		},
		{
			"__comment": "Voxels-DE0000",
			"from": [ 2.5, 10, 8.5 ],
			"to": [ 3.5, 10.5, 9 ],
			"faces": {
				"down": { "uv": [ 2.5, 7, 3.5, 7.5 ], "texture": "#texture" },
				"up": { "uv": [ 2.5, 8.5, 3.5, 9 ], "texture": "#texture" },
				"south": { "uv": [ 2.5, 5.5, 3.5, 6 ], "texture": "#texture" },
				"west": { "uv": [ 8.5, 5.5, 9, 6 ], "texture": "#texture" }
			}
		},
		{
			"__comment": "Voxels-FF0000",
			"from": [ 2.5, 10.5, 7.5 ],
			"to": [ 3, 11, 8.5 ],
			"faces": {
				"up": { "uv": [ 2.5, 7.5, 3, 8.5 ], "texture": "#texture" },
				"north": { "uv": [ 13, 5, 13.5, 5.5 ], "texture": "#texture" },
				"south": { "uv": [ 2.5, 5, 3, 5.5 ], "texture": "#texture" },
				"west": { "uv": [ 7.5, 5, 8.5, 5.5 ], "texture": "#texture" },
				"east": { "uv": [ 7.5, 5, 8.5, 5.5 ], "texture": "#texture" }
			}
		},
		{
			"__comment": "Voxels-FF0000",
			"from": [ 3, 8, 7.5 ],
			"to": [ 3.5, 8.5, 8 ],
			"faces": {
				"down": { "uv": [ 3, 8, 3.5, 8.5 ], "texture": "#texture" },
				"north": { "uv": [ 12.5, 7.5, 13, 8 ], "texture": "#texture" },
				"east": { "uv": [ 8, 7.5, 8.5, 8 ], "texture": "#texture" }
			}
		},
		{
			"__comment": "Voxels-FF0000",
			"from": [ 3, 8, 8.5 ],
			"to": [ 3.5, 10, 9 ],
			"faces": {
				"down": { "uv": [ 3, 7, 3.5, 7.5 ], "texture": "#texture" },
				"south": { "uv": [ 3, 6, 3.5, 8 ], "texture": "#texture" },
				"west": { "uv": [ 8.5, 6, 9, 8 ], "texture": "#texture" },
				"east": { "uv": [ 7, 6, 7.5, 8 ], "texture": "#texture" }
			}
		},
		{
			"__comment": "Voxels-DE0000",
			"from": [ 3, 8.5, 7.5 ],
			"to": [ 11.5, 9, 8 ],
			"faces": {
				"down": { "uv": [ 3, 8, 11.5, 8.5 ], "texture": "#texture" },
				"up": { "uv": [ 3, 7.5, 11.5, 8 ], "texture": "#texture" },
				"north": { "uv": [ 4.5, 7, 13, 7.5 ], "texture": "#texture" },
				"south": { "uv": [ 3, 7, 11.5, 7.5 ], "texture": "#texture" }
			}
		},
		{
			"__comment": "Voxels-B70000",
			"from": [ 3, 8.5, 9 ],
			"to": [ 3.5, 9.5, 9.5 ],
			"faces": {
				"down": { "uv": [ 3, 6.5, 3.5, 7 ], "texture": "#texture" },
				"south": { "uv": [ 3, 6.5, 3.5, 7.5 ], "texture": "#texture" },
				"east": { "uv": [ 6.5, 6.5, 7, 7.5 ], "texture": "#texture" }
			}
		},
		{
			"__comment": "Voxels-B70000",
			"from": [ 3, 9, 7 ],
			"to": [ 3.5, 9.5, 7.5 ],
			"faces": {
				"down": { "uv": [ 3, 8.5, 3.5, 9 ], "texture": "#texture" },
				"north": { "uv": [ 12.5, 6.5, 13, 7 ], "texture": "#texture" },
				"east": { "uv": [ 8.5, 6.5, 9, 7 ], "texture": "#texture" }
			}
		},
		{
			"__comment": "Voxels-FF3A3A",
			"from": [ 3, 9.5, 7 ],
			"to": [ 3.5, 10, 7.5 ],
			"faces": {
				"north": { "uv": [ 12.5, 6, 13, 6.5 ], "texture": "#texture" }
			}
		},
		{
			"__comment": "Voxels-DE0000",
			"from": [ 3, 9.5, 9 ],
			"to": [ 3.5, 10, 9.5 ],
			"faces": {
				"up": { "uv": [ 3, 9, 3.5, 9.5 ], "texture": "#texture" },
				"south": { "uv": [ 3, 6, 3.5, 6.5 ], "texture": "#texture" },
				"west": { "uv": [ 9, 6, 9.5, 6.5 ], "texture": "#texture" }
			}
		},
		{
			"__comment": "Voxels-B70000",
			"from": [ 3, 10, 7 ],
			"to": [ 3.5, 10.5, 7.5 ],
			"faces": {
				"up": { "uv": [ 3, 7, 3.5, 7.5 ], "texture": "#texture" },
				"north": { "uv": [ 12.5, 5.5, 13, 6 ], "texture": "#texture" },
				"west": { "uv": [ 7, 5.5, 7.5, 6 ], "texture": "#texture" }
			}
		},
		{
			"__comment": "Voxels-B70000",
			"from": [ 3, 10.5, 7.5 ],
			"to": [ 3.5, 11, 8 ],
			"faces": {
				"up": { "uv": [ 3, 7.5, 3.5, 8 ], "texture": "#texture" },
				"north": { "uv": [ 12.5, 5, 13, 5.5 ], "texture": "#texture" }
			}
		},
		{
			"__comment": "Voxels-FF0000",
			"from": [ 3, 10.5, 8 ],
			"to": [ 9.5, 11, 8.5 ],
			"faces": {
				"up": { "uv": [ 3, 8, 9.5, 8.5 ], "texture": "#texture" },
				"north": { "uv": [ 6.5, 5, 13, 5.5 ], "texture": "#texture" },
				"south": { "uv": [ 3, 5, 9.5, 5.5 ], "texture": "#texture" }
			}
		},
		{
			"__comment": "Voxels-FF0000",
			"from": [ 3, 11, 8 ],
			"to": [ 8.5, 11.5, 8.5 ],
			"faces": {
				"up": { "uv": [ 3, 8, 8.5, 8.5 ], "texture": "#texture" },
				"north": { "uv": [ 7.5, 4.5, 13, 5 ], "texture": "#texture" },
				"south": { "uv": [ 3, 4.5, 8.5, 5 ], "texture": "#texture" },
				"west": { "uv": [ 8, 4.5, 8.5, 5 ], "texture": "#texture" }
			}
		},
		{
			"__comment": "Voxels-FF0000",
			"from": [ 3.5, 8.5, 8 ],
			"to": [ 12, 9, 8.5 ],
			"faces": {
				"down": { "uv": [ 3.5, 7.5, 12, 8 ], "texture": "#texture" },
				"up": { "uv": [ 3.5, 8, 12, 8.5 ], "texture": "#texture" },
				"north": { "uv": [ 4, 7, 12.5, 7.5 ], "texture": "#texture" },
				"south": { "uv": [ 3.5, 7, 12, 7.5 ], "texture": "#texture" },
				"east": { "uv": [ 7.5, 7, 8, 7.5 ], "texture": "#texture" }
			}
		},
		{
			"__comment": "Voxels-B70000",
			"from": [ 3.5, 8.5, 8.5 ],
			"to": [ 4, 9, 9 ],
			"faces": {
				"down": { "uv": [ 3.5, 7, 4, 7.5 ], "texture": "#texture" },
				"south": { "uv": [ 3.5, 7, 4, 7.5 ], "texture": "#texture" }
			}
		},
		{
			"__comment": "Voxels-DE0000",
			"from": [ 3.5, 9, 7.5 ],
			"to": [ 4.5, 9.5, 8 ],
			"faces": {
				"north": { "uv": [ 11.5, 6.5, 12.5, 7 ], "texture": "#texture" }
			}
		},
		{
			"__comment": "Voxels-FF0000",
			"from": [ 3.5, 9, 8 ],
			"to": [ 11, 9.5, 9 ],
			"faces": {
				"down": { "uv": [ 3.5, 7, 11, 8 ], "texture": "#texture" },
				"up": { "uv": [ 3.5, 8, 11, 9 ], "texture": "#texture" },
				"north": { "uv": [ 5, 6.5, 12.5, 7 ], "texture": "#texture" },
				"south": { "uv": [ 3.5, 6.5, 11, 7 ], "texture": "#texture" },
				"west": { "uv": [ 8, 6.5, 9, 7 ], "texture": "#texture" },
				"east": { "uv": [ 7, 6.5, 8, 7 ], "texture": "#texture" }
			}
		},
		{
			"__comment": "Voxels-B70000",
			"from": [ 3.5, 9, 9 ],
			"to": [ 4, 9.5, 9.5 ],
			"faces": {
				"down": { "uv": [ 3.5, 6.5, 4, 7 ], "texture": "#texture" },
				"south": { "uv": [ 3.5, 6.5, 4, 7 ], "texture": "#texture" }
			}
		},
		{
			"__comment": "Voxels-B70000",
			"from": [ 3.5, 9.5, 7 ],
			"to": [ 4, 10, 7.5 ],
			"faces": {
				"down": { "uv": [ 3.5, 8.5, 4, 9 ], "texture": "#texture" },
				"north": { "uv": [ 12, 6, 12.5, 6.5 ], "texture": "#texture" }
			}
		},
		{
			"__comment": "Voxels-FF0000",
			"from": [ 3.5, 9.5, 7.5 ],
			"to": [ 10.5, 10, 9 ],
			"faces": {
				"down": { "uv": [ 3.5, 7, 10.5, 8.5 ], "texture": "#texture" },
				"up": { "uv": [ 3.5, 7.5, 10.5, 9 ], "texture": "#texture" },
				"north": { "uv": [ 5.5, 6, 12.5, 6.5 ], "texture": "#texture" },
				"south": { "uv": [ 3.5, 6, 10.5, 6.5 ], "texture": "#texture" },
				"west": { "uv": [ 7.5, 6, 9, 6.5 ], "texture": "#texture" }
			}
		},
		{
			"__comment": "Voxels-FF0000",
			"from": [ 3.5, 9.5, 9 ],
			"to": [ 4, 10.5, 9.5 ],
			"faces": {
				"up": { "uv": [ 3.5, 9, 4, 9.5 ], "texture": "#texture" },
				"north": { "uv": [ 12, 5.5, 12.5, 6.5 ], "texture": "#texture" },
				"south": { "uv": [ 3.5, 5.5, 4, 6.5 ], "texture": "#texture" },
				"west": { "uv": [ 9, 5.5, 9.5, 6.5 ], "texture": "#texture" }
			}
		},
		{
			"__comment": "Voxels-FF0000",
			"from": [ 3.5, 10, 7 ],
			"to": [ 10.5, 10.5, 7.5 ],
			"faces": {
				"down": { "uv": [ 3.5, 8.5, 10.5, 9 ], "texture": "#texture" },
				"up": { "uv": [ 3.5, 7, 10.5, 7.5 ], "texture": "#texture" },
				"north": { "uv": [ 5.5, 5.5, 12.5, 6 ], "texture": "#texture" },
				"south": { "uv": [ 3.5, 5.5, 10.5, 6 ], "texture": "#texture" },
				"east": { "uv": [ 8.5, 5.5, 9, 6 ], "texture": "#texture" }
			}
		},
		{
			"__comment": "Voxels-FF0000",
			"from": [ 3.5, 10, 8.5 ],
			"to": [ 10, 10.5, 9 ],
			"faces": {
				"up": { "uv": [ 3.5, 8.5, 10, 9 ], "texture": "#texture" },
				"south": { "uv": [ 3.5, 5.5, 10, 6 ], "texture": "#texture" }
			}
		},
		{
			"__comment": "Voxels-FF0000",
			"from": [ 3.5, 10.5, 7 ],
			"to": [ 9.5, 11, 8 ],
			"faces": {
				"down": { "uv": [ 3.5, 8, 9.5, 9 ], "texture": "#texture" },
				"up": { "uv": [ 3.5, 7, 9.5, 8 ], "texture": "#texture" },
				"north": { "uv": [ 6.5, 5, 12.5, 5.5 ], "texture": "#texture" },
				"west": { "uv": [ 7, 5, 8, 5.5 ], "texture": "#texture" },
				"east": { "uv": [ 8, 5, 9, 5.5 ], "texture": "#texture" }
			}
		},
		{
			"__comment": "Voxels-FF0000",
			"from": [ 3.5, 10.5, 8.5 ],
			"to": [ 9.5, 11, 9 ],
			"faces": {
				"up": { "uv": [ 3.5, 8.5, 9.5, 9 ], "texture": "#texture" },
				"south": { "uv": [ 3.5, 5, 9.5, 5.5 ], "texture": "#texture" },
				"west": { "uv": [ 8.5, 5, 9, 5.5 ], "texture": "#texture" }
			}
		},
		{
			"__comment": "Voxels-FF0000",
			"from": [ 3.5, 11, 7.5 ],
			"to": [ 4, 11.5, 8 ],
			"faces": {
				"up": { "uv": [ 3.5, 7.5, 4, 8 ], "texture": "#texture" },
				"north": { "uv": [ 12, 4.5, 12.5, 5 ], "texture": "#texture" },
				"west": { "uv": [ 7.5, 4.5, 8, 5 ], "texture": "#texture" }
			}
		},
		{
			"__comment": "Voxels-FFDADA",
			"from": [ 4, 6.5, 7 ],
			"to": [ 4.5, 8, 9.5 ],
			"faces": {
				"down": { "uv": [ 4, 6.5, 4.5, 9 ], "texture": "#texture3" },
				"up": { "uv": [ 4, 7, 4.5, 9.5 ], "texture": "#texture3" },
				"north": { "uv": [ 11.5, 8, 12, 9.5 ], "texture": "#texture3" },
				"south": { "uv": [ 4, 8, 4.5, 9.5 ], "texture": "#texture3" },
				"west": { "uv": [ 7, 8, 9.5, 9.5 ], "texture": "#texture3" },
				"east": { "uv": [ 6.5, 8, 9, 9.5 ], "texture": "#texture3" }
			}
		},
		{
			"__comment": "Voxels-DE0000",
			"from": [ 4, 8, 7.5 ],
			"to": [ 5, 8.5, 8 ],
			"faces": {
				"down": { "uv": [ 4, 8, 5, 8.5 ], "texture": "#texture" },
				"north": { "uv": [ 11, 7.5, 12, 8 ], "texture": "#texture" },
				"west": { "uv": [ 7.5, 7.5, 8, 8 ], "texture": "#texture" }
			}
		},
		{
			"__comment": "Voxels-FF0000",
			"from": [ 4, 8, 8 ],
			"to": [ 12, 8.5, 9 ],
			"faces": {
				"down": { "uv": [ 4, 7, 12, 8 ], "texture": "#texture" },
				"up": { "uv": [ 4, 8, 12, 9 ], "texture": "#texture" },
				"north": { "uv": [ 4, 7.5, 12, 8 ], "texture": "#texture" },
				"south": { "uv": [ 4, 7.5, 12, 8 ], "texture": "#texture" },
				"west": { "uv": [ 8, 7.5, 9, 8 ], "texture": "#texture" },
				"east": { "uv": [ 7, 7.5, 8, 8 ], "texture": "#texture" }
			}
		},
		{
			"__comment": "Voxels-FF0000",
			"from": [ 4, 8.5, 8.5 ],
			"to": [ 11.5, 9, 9 ],
			"faces": {
				"up": { "uv": [ 4, 8.5, 11.5, 9 ], "texture": "#texture" },
				"south": { "uv": [ 4, 7, 11.5, 7.5 ], "texture": "#texture" }
			}
		},
		{
			"__comment": "Voxels-B70000",
			"from": [ 4, 8.5, 9 ],
			"to": [ 4.5, 9, 9.5 ],
			"faces": {
				"down": { "uv": [ 4, 6.5, 4.5, 7 ], "texture": "#texture" },
				"south": { "uv": [ 4, 7, 4.5, 7.5 ], "texture": "#texture" },
				"west": { "uv": [ 9, 7, 9.5, 7.5 ], "texture": "#texture" }
			}
		},
		{
			"__comment": "Voxels-DE0000",
			"from": [ 4, 9, 9 ],
			"to": [ 4.5, 10.5, 9.5 ],
			"faces": {
				"north": { "uv": [ 11.5, 5.5, 12, 7 ], "texture": "#texture" },
				"south": { "uv": [ 4, 5.5, 4.5, 7 ], "texture": "#texture" },
				"west": { "uv": [ 9, 5.5, 9.5, 7 ], "texture": "#texture" },
				"east": { "uv": [ 6.5, 5.5, 7, 7 ], "texture": "#texture" }
			}
		},
		{
			"__comment": "Voxels-DE0000",
			"from": [ 4, 9.5, 7 ],
			"to": [ 5, 10, 7.5 ],
			"faces": {
				"down": { "uv": [ 4, 8.5, 5, 9 ], "texture": "#texture" },
				"north": { "uv": [ 11, 6, 12, 6.5 ], "texture": "#texture" }
			}
		},
		{
			"__comment": "Voxels-FF0000",
			"from": [ 4, 10.5, 9 ],
			"to": [ 9, 11, 9.5 ],
			"faces": {
				"down": { "uv": [ 4, 6.5, 9, 7 ], "texture": "#texture" },
				"up": { "uv": [ 4, 9, 9, 9.5 ], "texture": "#texture" },
				"south": { "uv": [ 4, 5, 9, 5.5 ], "texture": "#texture" },
				"west": { "uv": [ 9, 5, 9.5, 5.5 ], "texture": "#texture" }
			}
		},
		{
			"__comment": "Voxels-FF5555",
			"from": [ 4, 11, 7.5 ],
			"to": [ 5, 11.5, 8 ],
			"faces": {
				"up": { "uv": [ 4, 7.5, 5, 8 ], "texture": "#texture" },
				"north": { "uv": [ 11, 4.5, 12, 5 ], "texture": "#texture" }
			}
		},
		{
			"__comment": "Voxels-FF5555",
			"from": [ 4, 11, 8.5 ],
			"to": [ 4.5, 11.5, 9 ],
			"faces": {
				"up": { "uv": [ 4, 8.5, 4.5, 9 ], "texture": "#texture" },
				"south": { "uv": [ 4, 4.5, 4.5, 5 ], "texture": "#texture" },
				"west": { "uv": [ 8.5, 4.5, 9, 5 ], "texture": "#texture" }
			}
		},
		{
			"__comment": "Voxels-FF5555",
			"from": [ 4, 11.5, 8 ],
			"to": [ 4.5, 12, 8.5 ],
			"faces": {
				"up": { "uv": [ 4, 8, 4.5, 8.5 ], "texture": "#texture" },
				"north": { "uv": [ 11.5, 4, 12, 4.5 ], "texture": "#texture" },
				"south": { "uv": [ 4, 4, 4.5, 4.5 ], "texture": "#texture" },
				"west": { "uv": [ 8, 4, 8.5, 4.5 ], "texture": "#texture" }
			}
		},
		{
			"__comment": "Voxels-FFDADA",
			"from": [ 4.5, 6.5, 6 ],
			"to": [ 5, 8, 7 ],
			"faces": {
				"down": { "uv": [ 4.5, 9, 5, 10 ], "texture": "#texture3" },
				"up": { "uv": [ 4.5, 6, 5, 7 ], "texture": "#texture3" },
				"north": { "uv": [ 11, 8, 11.5, 9.5 ], "texture": "#texture3" },
				"south": { "uv": [ 4.5, 8, 5, 9.5 ], "texture": "#texture3" },
				"west": { "uv": [ 6, 8, 7, 9.5 ], "texture": "#texture3" },
				"east": { "uv": [ 9, 8, 10, 9.5 ], "texture": "#texture3" }
			}
		},
		{
			"__comment": "Voxels-FF0000",
			"from": [ 4.5, 7.5, 7 ],
			"to": [ 12, 8, 9.5 ],
			"faces": {
				"down": { "uv": [ 4.5, 6.5, 12, 9 ], "texture": "#texture3" },
				"up": { "uv": [ 4.5, 7, 12, 9.5 ], "texture": "#texture" },
				"north": { "uv": [ 4, 8, 11.5, 8.5 ], "texture": "#texture" },
				"south": { "uv": [ 4.5, 8, 12, 8.5 ], "texture": "#texture" }
			}
		},
		{
			"__comment": "Voxels-FFDADA",
			"from": [ 4.5, 6.5, 9.5 ],
			"to": [ 5, 8, 10.5 ],
			"faces": {
				"down": { "uv": [ 4.5, 5.5, 5, 6.5 ], "texture": "#texture3" },
				"up": { "uv": [ 4.5, 9.5, 5, 10.5 ], "texture": "#texture3" },
				"north": { "uv": [ 11, 8, 11.5, 9.5 ], "texture": "#texture3" },
				"south": { "uv": [ 4.5, 8, 5, 9.5 ], "texture": "#texture3" },
				"west": { "uv": [ 9.5, 8, 10.5, 9.5 ], "texture": "#texture3" },
				"east": { "uv": [ 5.5, 8, 6.5, 9.5 ], "texture": "#texture3" }
			}
		},
		{
			"__comment": "Voxels-FF0000",
			"from": [ 4.5, 8, 9 ],
			"to": [ 12, 8.5, 9.5 ],
			"faces": {
				"up": { "uv": [ 4.5, 9, 12, 9.5 ], "texture": "#texture" },
				"south": { "uv": [ 4.5, 7.5, 12, 8 ], "texture": "#texture" },
				"west": { "uv": [ 9, 7.5, 9.5, 8 ], "texture": "#texture" },
				"east": { "uv": [ 6.5, 7.5, 7, 8 ], "texture": "#texture" }
			}
		},
		{
			"__comment": "Voxels-FF0000",
			"from": [ 4.5, 8.5, 9 ],
			"to": [ 11.5, 9.5, 9.5 ],
			"faces": {
				"up": { "uv": [ 4.5, 9, 11.5, 9.5 ], "texture": "#texture" },
				"north": { "uv": [ 4.5, 6.5, 11.5, 7.5 ], "texture": "#texture" },
				"south": { "uv": [ 4.5, 6.5, 11.5, 7.5 ], "texture": "#texture" },
				"west": { "uv": [ 9, 6.5, 9.5, 7.5 ], "texture": "#texture" },
				"east": { "uv": [ 6.5, 6.5, 7, 7.5 ], "texture": "#texture" }
			}
		},
		{
			"__comment": "Voxels-DE0000",
			"from": [ 4.5, 8.5, 9.5 ],
			"to": [ 5, 9.5, 10 ],
			"faces": {
				"down": { "uv": [ 4.5, 6, 5, 6.5 ], "texture": "#texture" },
				"up": { "uv": [ 4.5, 9.5, 5, 10 ], "texture": "#texture" },
				"south": { "uv": [ 4.5, 6.5, 5, 7.5 ], "texture": "#texture" },
				"west": { "uv": [ 9.5, 6.5, 10, 7.5 ], "texture": "#texture" },
				"east": { "uv": [ 6, 6.5, 6.5, 7.5 ], "texture": "#texture" }
			}
		},
		{
			"__comment": "Voxels-B70000",
			"from": [ 4.5, 9, 7 ],
			"to": [ 11, 9.5, 7.5 ],
			"faces": {
				"down": { "uv": [ 4.5, 8.5, 11, 9 ], "texture": "#texture" },
				"up": { "uv": [ 4.5, 7, 11, 7.5 ], "texture": "#texture" },
				"north": { "uv": [ 5, 6.5, 11.5, 7 ], "texture": "#texture" },
				"west": { "uv": [ 7, 6.5, 7.5, 7 ], "texture": "#texture" }
			}
		},
		{
			"__comment": "Voxels-FF0000",
			"from": [ 4.5, 9, 7.5 ],
			"to": [ 11.5, 9.5, 8 ],
			"faces": {
				"up": { "uv": [ 4.5, 7.5, 11.5, 8 ], "texture": "#texture" },
				"north": { "uv": [ 4.5, 6.5, 11.5, 7 ], "texture": "#texture" },
				"south": { "uv": [ 4.5, 6.5, 11.5, 7 ], "texture": "#texture" },
				"east": { "uv": [ 8, 6.5, 8.5, 7 ], "texture": "#texture" }
			}
		},
		{
			"__comment": "Voxels-FF0000",
			"from": [ 4.5, 9.5, 9 ],
			"to": [ 10.5, 10, 9.5 ],
			"faces": {
				"up": { "uv": [ 4.5, 9, 10.5, 9.5 ], "texture": "#texture" },
				"south": { "uv": [ 4.5, 6, 10.5, 6.5 ], "texture": "#texture" }
			}
		},
		{
			"__comment": "Voxels-DE0000",
			"from": [ 4.5, 10, 6.5 ],
			"to": [ 5, 10.5, 7 ],
			"faces": {
				"down": { "uv": [ 4.5, 9, 5, 9.5 ], "texture": "#texture" },
				"up": { "uv": [ 4.5, 6.5, 5, 7 ], "texture": "#texture" },
				"north": { "uv": [ 11, 5.5, 11.5, 6 ], "texture": "#texture" },
				"west": { "uv": [ 6.5, 5.5, 7, 6 ], "texture": "#texture" }
			}
		},
		{
			"__comment": "Voxels-FF0000",
			"from": [ 4.5, 10, 9 ],
			"to": [ 10, 10.5, 9.5 ],
			"faces": {
				"up": { "uv": [ 4.5, 9, 10, 9.5 ], "texture": "#texture" },
				"south": { "uv": [ 4.5, 5.5, 10, 6 ], "texture": "#texture" }
			}
		},
		{
			"__comment": "Voxels-FF0000",
			"from": [ 4.5, 11, 8.5 ],
			"to": [ 7.5, 11.5, 9 ],
			"faces": {
				"up": { "uv": [ 4.5, 8.5, 7.5, 9 ], "texture": "#texture" },
				"south": { "uv": [ 4.5, 4.5, 7.5, 5 ], "texture": "#texture" }
			}
		},
		{
			"__comment": "Voxels-FF0000",
			"from": [ 4.5, 11.5, 8 ],
			"to": [ 5, 12, 8.5 ],
			"faces": {
				"up": { "uv": [ 4.5, 8, 5, 8.5 ], "texture": "#texture" },
				"north": { "uv": [ 11, 4, 11.5, 4.5 ], "texture": "#texture" },
				"south": { "uv": [ 4.5, 4, 5, 4.5 ], "texture": "#texture" }
			}
		},
		{
			"__comment": "Voxels-FFDADA",
			"from": [ 5, 6.5, 5.5 ],
			"to": [ 5.5, 8, 6 ],
			"faces": {
				"down": { "uv": [ 5, 10, 5.5, 10.5 ], "texture": "#texture3" },
				"up": { "uv": [ 5, 5.5, 5.5, 6 ], "texture": "#texture3" },
				"north": { "uv": [ 10.5, 8, 11, 9.5 ], "texture": "#texture3" },
				"south": { "uv": [ 5, 8, 5.5, 9.5 ], "texture": "#texture3" },
				"west": { "uv": [ 5.5, 8, 6, 9.5 ], "texture": "#texture3" },
				"east": { "uv": [ 10, 8, 10.5, 9.5 ], "texture": "#texture3" }
			}
		},
		{
			"__comment": "Voxels-FF0000",
			"from": [ 5, 7.5, 6 ],
			"to": [ 11.5, 8.5, 7 ],
			"faces": {
				"down": { "uv": [ 5, 9, 11.5, 10 ], "texture": "#texture3" },
				"up": { "uv": [ 5, 6, 11.5, 7 ], "texture": "#texture" },
				"north": { "uv": [ 4.5, 7.5, 11, 8.5 ], "texture": "#texture" },
				"south": { "uv": [ 5, 7.5, 11.5, 8.5 ], "texture": "#texture" },
				"west": { "uv": [ 6, 7.5, 7, 8.5 ], "texture": "#texture" },
				"east": { "uv": [ 9, 7.5, 10, 8.5 ], "texture": "#texture" }
			}
		},
		{
			"__comment": "Voxels-FF0000",
			"from": [ 5, 7.5, 9.5 ],
			"to": [ 11.5, 9, 10 ],
			"faces": {
				"down": { "uv": [ 5, 6, 11.5, 6.5 ], "texture": "#texture3" },
				"up": { "uv": [ 5, 9.5, 11.5, 10 ], "texture": "#texture" },
				"north": { "uv": [ 4.5, 7, 11, 8.5 ], "texture": "#texture" },
				"south": { "uv": [ 5, 7, 11.5, 8.5 ], "texture": "#texture" },
				"west": { "uv": [ 9.5, 7, 10, 8.5 ], "texture": "#texture" },
				"east": { "uv": [ 6, 7, 6.5, 8.5 ], "texture": "#texture" }
			}
		},
		{
			"__comment": "Voxels-FF0000",
			"from": [ 5, 7.5, 10 ],
			"to": [ 11.5, 8.5, 10.5 ],
			"faces": {
				"down": { "uv": [ 5, 5.5, 11.5, 6 ], "texture": "#texture3" },
				"up": { "uv": [ 5, 10, 11.5, 10.5 ], "texture": "#texture" },
				"south": { "uv": [ 5, 7.5, 11.5, 8.5 ], "texture": "#texture" },
				"west": { "uv": [ 10, 7.5, 10.5, 8.5 ], "texture": "#texture" },
				"east": { "uv": [ 5.5, 7.5, 6, 8.5 ], "texture": "#texture" }
			}
		},
		{
			"__comment": "Voxels-FFDADA",
			"from": [ 5, 6.5, 10.5 ],
			"to": [ 5.5, 8, 11 ],
			"faces": {
				"down": { "uv": [ 5, 5, 5.5, 5.5 ], "texture": "#texture3" },
				"up": { "uv": [ 5, 10.5, 5.5, 11 ], "texture": "#texture3" },
				"north": { "uv": [ 10.5, 8, 11, 9.5 ], "texture": "#texture3" },
				"south": { "uv": [ 5, 8, 5.5, 9.5 ], "texture": "#texture3" },
				"west": { "uv": [ 10.5, 8, 11, 9.5 ], "texture": "#texture3" },
				"east": { "uv": [ 5, 8, 5.5, 9.5 ], "texture": "#texture3" }
			}
		},
		{
			"__comment": "Voxels-FF0000",
			"from": [ 5, 8, 7 ],
			"to": [ 12, 8.5, 8 ],
			"faces": {
				"up": { "uv": [ 5, 7, 12, 8 ], "texture": "#texture" },
				"north": { "uv": [ 4, 7.5, 11, 8 ], "texture": "#texture" },
				"west": { "uv": [ 7, 7.5, 8, 8 ], "texture": "#texture" },
				"east": { "uv": [ 8, 7.5, 9, 8 ], "texture": "#texture" }
			}
		},
		{
			"__comment": "Voxels-DE0000",
			"from": [ 5, 8.5, 6.5 ],
			"to": [ 5.5, 9, 7.5 ],
			"faces": {
				"down": { "uv": [ 5, 8.5, 5.5, 9.5 ], "texture": "#texture" },
				"up": { "uv": [ 5, 6.5, 5.5, 7.5 ], "texture": "#texture" },
				"north": { "uv": [ 10.5, 7, 11, 7.5 ], "texture": "#texture" },
				"west": { "uv": [ 6.5, 7, 7.5, 7.5 ], "texture": "#texture" }
			}
		},
		{
			"__comment": "Voxels-DE0000",
			"from": [ 5, 9, 9.5 ],
			"to": [ 5.5, 10, 10 ],
			"faces": {
				"north": { "uv": [ 10.5, 6, 11, 7 ], "texture": "#texture" },
				"south": { "uv": [ 5, 6, 5.5, 7 ], "texture": "#texture" },
				"west": { "uv": [ 9.5, 6, 10, 7 ], "texture": "#texture" },
				"east": { "uv": [ 6, 6, 6.5, 7 ], "texture": "#texture" }
			}
		},
		{
			"__comment": "Voxels-B70000",
			"from": [ 5, 9.5, 6.5 ],
			"to": [ 5.5, 10, 7 ],
			"faces": {
				"down": { "uv": [ 5, 9, 5.5, 9.5 ], "texture": "#texture" },
				"north": { "uv": [ 10.5, 6, 11, 6.5 ], "texture": "#texture" },
				"west": { "uv": [ 6.5, 6, 7, 6.5 ], "texture": "#texture" }
			}
		},
		{
			"__comment": "Voxels-FF0000",
			"from": [ 5, 9.5, 7 ],
			"to": [ 11, 10, 7.5 ],
			"faces": {
				"up": { "uv": [ 5, 7, 11, 7.5 ], "texture": "#texture" },
				"north": { "uv": [ 5, 6, 11, 6.5 ], "texture": "#texture" },
				"south": { "uv": [ 5, 6, 11, 6.5 ], "texture": "#texture" },
				"east": { "uv": [ 8.5, 6, 9, 6.5 ], "texture": "#texture" }
			}
		},
		{
			"__comment": "Voxels-FF0000",
			"from": [ 5, 10, 6.5 ],
			"to": [ 5.5, 10.5, 7 ],
			"faces": {
				"up": { "uv": [ 5, 6.5, 5.5, 7 ], "texture": "#texture" },
				"north": { "uv": [ 10.5, 5.5, 11, 6 ], "texture": "#texture" }
			}
		},
		{
			"__comment": "Voxels-FF0000",
			"from": [ 5, 10, 9.5 ],
			"to": [ 9.5, 10.5, 10 ],
			"faces": {
				"down": { "uv": [ 5, 6, 9.5, 6.5 ], "texture": "#texture" },
				"up": { "uv": [ 5, 9.5, 9.5, 10 ], "texture": "#texture" },
				"south": { "uv": [ 5, 5.5, 9.5, 6 ], "texture": "#texture" },
				"west": { "uv": [ 9.5, 5.5, 10, 6 ], "texture": "#texture" }
			}
		},
		{
			"__comment": "Voxels-FF0000",
			"from": [ 5, 11, 7 ],
			"to": [ 6, 11.5, 8 ],
			"faces": {
				"up": { "uv": [ 5, 7, 6, 8 ], "texture": "#texture" },
				"north": { "uv": [ 10, 4.5, 11, 5 ], "texture": "#texture" },
				"west": { "uv": [ 7, 4.5, 8, 5 ], "texture": "#texture" },
				"east": { "uv": [ 8, 4.5, 9, 5 ], "texture": "#texture" }
			}
		},
		{
			"__comment": "Voxels-FF5555",
			"from": [ 5, 11.5, 8 ],
			"to": [ 6.5, 12, 8.5 ],
			"faces": {
				"up": { "uv": [ 5, 8, 6.5, 8.5 ], "texture": "#texture" },
				"north": { "uv": [ 9.5, 4, 11, 4.5 ], "texture": "#texture" },
				"south": { "uv": [ 5, 4, 6.5, 4.5 ], "texture": "#texture" }
			}
		},
		{
			"__comment": "Voxels-FFDADA",
			"from": [ 5.5, 6.5, 5 ],
			"to": [ 6, 8, 5.5 ],
			"faces": {
				"down": { "uv": [ 5.5, 10.5, 6, 11 ], "texture": "#texture3" },
				"up": { "uv": [ 5.5, 5, 6, 5.5 ], "texture": "#texture3" },
				"north": { "uv": [ 10, 8, 10.5, 9.5 ], "texture": "#texture3" },
				"south": { "uv": [ 5.5, 8, 6, 9.5 ], "texture": "#texture3" },
				"west": { "uv": [ 5, 8, 5.5, 9.5 ], "texture": "#texture3" },
				"east": { "uv": [ 10.5, 8, 11, 9.5 ], "texture": "#texture3" }
			}
		},
		{
			"__comment": "Voxels-FF0000",
			"from": [ 5.5, 7.5, 5.5 ],
			"to": [ 11, 8.5, 6 ],
			"faces": {
				"down": { "uv": [ 5.5, 10, 11, 10.5 ], "texture": "#texture3" },
				"up": { "uv": [ 5.5, 5.5, 11, 6 ], "texture": "#texture" },
				"north": { "uv": [ 5, 7.5, 10.5, 8.5 ], "texture": "#texture" },
				"west": { "uv": [ 5.5, 7.5, 6, 8.5 ], "texture": "#texture" },
				"east": { "uv": [ 10, 7.5, 10.5, 8.5 ], "texture": "#texture" }
			}
		},
		{
			"__comment": "Voxels-FF0000",
			"from": [ 5.5, 7.5, 10.5 ],
			"to": [ 11, 8.5, 11 ],
			"faces": {
				"down": { "uv": [ 5.5, 5, 11, 5.5 ], "texture": "#texture3" },
				"up": { "uv": [ 5.5, 10.5, 11, 11 ], "texture": "#texture" },
				"south": { "uv": [ 5.5, 7.5, 11, 8.5 ], "texture": "#texture" },
				"west": { "uv": [ 10.5, 7.5, 11, 8.5 ], "texture": "#texture" },
				"east": { "uv": [ 5, 7.5, 5.5, 8.5 ], "texture": "#texture" }
			}
		},
		{
			"__comment": "Voxels-FFDADA",
			"from": [ 5.5, 6.5, 11 ],
			"to": [ 6, 8, 11.5 ],
			"faces": {
				"down": { "uv": [ 5.5, 4.5, 6, 5 ], "texture": "#texture3" },
				"up": { "uv": [ 5.5, 11, 6, 11.5 ], "texture": "#texture3" },
				"north": { "uv": [ 10, 8, 10.5, 9.5 ], "texture": "#texture3" },
				"south": { "uv": [ 5.5, 8, 6, 9.5 ], "texture": "#texture3" },
				"west": { "uv": [ 11, 8, 11.5, 9.5 ], "texture": "#texture3" },
				"east": { "uv": [ 4.5, 8, 5, 9.5 ], "texture": "#texture3" }
			}
		},
		{
			"__comment": "Voxels-B70000",
			"from": [ 5.5, 8.5, 6 ],
			"to": [ 6, 9, 6.5 ],
			"faces": {
				"up": { "uv": [ 5.5, 6, 6, 6.5 ], "texture": "#texture" },
				"north": { "uv": [ 10, 7, 10.5, 7.5 ], "texture": "#texture" },
				"west": { "uv": [ 6, 7, 6.5, 7.5 ], "texture": "#texture" }
			}
		},
		{
			"__comment": "Voxels-FF0000",
			"from": [ 5.5, 8.5, 6.5 ],
			"to": [ 11.5, 9, 7.5 ],
			"faces": {
				"down": { "uv": [ 5.5, 8.5, 11.5, 9.5 ], "texture": "#texture" },
				"up": { "uv": [ 5.5, 6.5, 11.5, 7.5 ], "texture": "#texture" },
				"north": { "uv": [ 4.5, 7, 10.5, 7.5 ], "texture": "#texture" },
				"east": { "uv": [ 8.5, 7, 9.5, 7.5 ], "texture": "#texture" }
			}
		},
		{
			"__comment": "Voxels-FF0000",
			"from": [ 5.5, 8.5, 10 ],
			"to": [ 11, 9.5, 10.5 ],
			"faces": {
				"up": { "uv": [ 5.5, 10, 11, 10.5 ], "texture": "#texture" },
				"north": { "uv": [ 5, 6.5, 10.5, 7.5 ], "texture": "#texture" },
				"south": { "uv": [ 5.5, 6.5, 11, 7.5 ], "texture": "#texture" },
				"west": { "uv": [ 10, 6.5, 10.5, 7.5 ], "texture": "#texture" },
				"east": { "uv": [ 5.5, 6.5, 6, 7.5 ], "texture": "#texture" }
			}
		},
		{
			"__comment": "Voxels-DE0000",
			"from": [ 5.5, 9, 6.5 ],
			"to": [ 6, 9.5, 7 ],
			"faces": {
				"north": { "uv": [ 10, 6.5, 10.5, 7 ], "texture": "#texture" },
				"west": { "uv": [ 6.5, 6.5, 7, 7 ], "texture": "#texture" }
			}
		},
		{
			"__comment": "Voxels-FF0000",
			"from": [ 5.5, 9, 9.5 ],
			"to": [ 11, 9.5, 10 ],
			"faces": {
				"up": { "uv": [ 5.5, 9.5, 11, 10 ], "texture": "#texture" },
				"east": { "uv": [ 6, 6.5, 6.5, 7 ], "texture": "#texture" }
			}
		},
		{
			"__comment": "Voxels-FF0000",
			"from": [ 5.5, 9.5, 6.5 ],
			"to": [ 10.5, 10, 7 ],
			"faces": {
				"down": { "uv": [ 5.5, 9, 10.5, 9.5 ], "texture": "#texture" },
				"up": { "uv": [ 5.5, 6.5, 10.5, 7 ], "texture": "#texture" },
				"north": { "uv": [ 5.5, 6, 10.5, 6.5 ], "texture": "#texture" }
			}
		},
		{
			"__comment": "Voxels-FF0000",
			"from": [ 5.5, 9.5, 9.5 ],
			"to": [ 10, 10, 10 ],
			"faces": {
				"up": { "uv": [ 5.5, 9.5, 10, 10 ], "texture": "#texture" },
				"south": { "uv": [ 5.5, 6, 10, 6.5 ], "texture": "#texture" }
			}
		},
		{
			"__comment": "Voxels-DE0000",
			"from": [ 5.5, 9.5, 10 ],
			"to": [ 6, 10, 10.5 ],
			"faces": {
				"up": { "uv": [ 5.5, 10, 6, 10.5 ], "texture": "#texture" },
				"south": { "uv": [ 5.5, 6, 6, 6.5 ], "texture": "#texture" },
				"west": { "uv": [ 10, 6, 10.5, 6.5 ], "texture": "#texture" }
			}
		},
		{
			"__comment": "Voxels-B70000",
			"from": [ 5.5, 10, 6.5 ],
			"to": [ 6.5, 10.5, 7 ],
			"faces": {
				"up": { "uv": [ 5.5, 6.5, 6.5, 7 ], "texture": "#texture" },
				"north": { "uv": [ 9.5, 5.5, 10.5, 6 ], "texture": "#texture" }
			}
		},
		{
			"__comment": "Voxels-FF5555",
			"from": [ 5.5, 11.5, 7.5 ],
			"to": [ 8, 12, 8 ],
			"faces": {
				"down": { "uv": [ 5.5, 8, 8, 8.5 ], "texture": "#texture" },
				"up": { "uv": [ 5.5, 7.5, 8, 8 ], "texture": "#texture" },
				"north": { "uv": [ 8, 4, 10.5, 4.5 ], "texture": "#texture" },
				"south": { "uv": [ 5.5, 4, 8, 4.5 ], "texture": "#texture" },
				"west": { "uv": [ 7.5, 4, 8, 4.5 ], "texture": "#texture" },
				"east": { "uv": [ 8, 4, 8.5, 4.5 ], "texture": "#texture" }
			}
		},
		{
			"__comment": "Voxels-FFDADA",
			"from": [ 6, 6.5, 4.5 ],
			"to": [ 7, 8, 5 ],
			"faces": {
				"down": { "uv": [ 6, 11, 7, 11.5 ], "texture": "#texture3" },
				"up": { "uv": [ 6, 4.5, 7, 5 ], "texture": "#texture3" },
				"north": { "uv": [ 9, 8, 10, 9.5 ], "texture": "#texture3" },
				"south": { "uv": [ 6, 8, 7, 9.5 ], "texture": "#texture3" },
				"west": { "uv": [ 4.5, 8, 5, 9.5 ], "texture": "#texture3" },
				"east": { "uv": [ 11, 8, 11.5, 9.5 ], "texture": "#texture3" }
			}
		},
		{
			"__comment": "Voxels-FF0000",
			"from": [ 6, 7.5, 5 ],
			"to": [ 10.5, 8.5, 5.5 ],
			"faces": {
				"down": { "uv": [ 6, 10.5, 10.5, 11 ], "texture": "#texture3" },
				"up": { "uv": [ 6, 5, 10.5, 5.5 ], "texture": "#texture" },
				"north": { "uv": [ 5.5, 7.5, 10, 8.5 ], "texture": "#texture" },
				"west": { "uv": [ 5, 7.5, 5.5, 8.5 ], "texture": "#texture" },
				"east": { "uv": [ 10.5, 7.5, 11, 8.5 ], "texture": "#texture" }
			}
		},
		{
			"__comment": "Voxels-FF0000",
			"from": [ 6, 7.5, 11 ],
			"to": [ 10.5, 8.5, 11.5 ],
			"faces": {
				"down": { "uv": [ 6, 4.5, 10.5, 5 ], "texture": "#texture3" },
				"up": { "uv": [ 6, 11, 10.5, 11.5 ], "texture": "#texture" },
				"south": { "uv": [ 6, 7.5, 10.5, 8.5 ], "texture": "#texture" },
				"west": { "uv": [ 11, 7.5, 11.5, 8.5 ], "texture": "#texture" },
				"east": { "uv": [ 4.5, 7.5, 5, 8.5 ], "texture": "#texture" }
			}
		},
		{
			"__comment": "Voxels-FFDADA",
			"from": [ 6, 6.5, 11.5 ],
			"to": [ 7, 8, 12 ],
			"faces": {
				"down": { "uv": [ 6, 4, 7, 4.5 ], "texture": "#texture3" },
				"up": { "uv": [ 6, 11.5, 7, 12 ], "texture": "#texture3" },
				"north": { "uv": [ 9, 8, 10, 9.5 ], "texture": "#texture3" },
				"south": { "uv": [ 6, 8, 7, 9.5 ], "texture": "#texture3" },
				"west": { "uv": [ 11.5, 8, 12, 9.5 ], "texture": "#texture3" },
				"east": { "uv": [ 4, 8, 4.5, 9.5 ], "texture": "#texture3" }
			}
		},
		{
			"__comment": "Voxels-FF0000",
			"from": [ 6, 8.5, 5.5 ],
			"to": [ 10.5, 9, 6.5 ],
			"faces": {
				"down": { "uv": [ 6, 9.5, 10.5, 10.5 ], "texture": "#texture" },
				"up": { "uv": [ 6, 5.5, 10.5, 6.5 ], "texture": "#texture" },
				"north": { "uv": [ 5.5, 7, 10, 7.5 ], "texture": "#texture" },
				"west": { "uv": [ 5.5, 7, 6.5, 7.5 ], "texture": "#texture" },
				"east": { "uv": [ 9.5, 7, 10.5, 7.5 ], "texture": "#texture" }
			}
		},
		{
			"__comment": "Voxels-FF0000",
			"from": [ 6, 8.5, 10.5 ],
			"to": [ 10.5, 9, 11 ],
			"faces": {
				"up": { "uv": [ 6, 10.5, 10.5, 11 ], "texture": "#texture" },
				"south": { "uv": [ 6, 7, 10.5, 7.5 ], "texture": "#texture" },
				"west": { "uv": [ 10.5, 7, 11, 7.5 ], "texture": "#texture" },
				"east": { "uv": [ 5, 7, 5.5, 7.5 ], "texture": "#texture" }
			}
		},
		{
			"__comment": "Voxels-FF0000",
			"from": [ 6, 9, 6 ],
			"to": [ 11, 9.5, 7 ],
			"faces": {
				"down": { "uv": [ 6, 9, 11, 10 ], "texture": "#texture" },
				"up": { "uv": [ 6, 6, 11, 7 ], "texture": "#texture" },
				"north": { "uv": [ 5, 6.5, 10, 7 ], "texture": "#texture" },
				"west": { "uv": [ 6, 6.5, 7, 7 ], "texture": "#texture" },
				"east": { "uv": [ 9, 6.5, 10, 7 ], "texture": "#texture" }
			}
		},
		{
			"__comment": "Voxels-FF0000",
			"from": [ 6, 9.5, 6 ],
			"to": [ 9.5, 10, 6.5 ],
			"faces": {
				"up": { "uv": [ 6, 6, 9.5, 6.5 ], "texture": "#texture" },
				"north": { "uv": [ 6.5, 6, 10, 6.5 ], "texture": "#texture" },
				"west": { "uv": [ 6, 6, 6.5, 6.5 ], "texture": "#texture" }
			}
		},
		{
			"__comment": "Voxels-FF0000",
			"from": [ 6, 9.5, 10 ],
			"to": [ 10.5, 10, 10.5 ],
			"faces": {
				"up": { "uv": [ 6, 10, 10.5, 10.5 ], "texture": "#texture" },
				"north": { "uv": [ 5.5, 6, 10, 6.5 ], "texture": "#texture" },
				"south": { "uv": [ 6, 6, 10.5, 6.5 ], "texture": "#texture" },
				"east": { "uv": [ 5.5, 6, 6, 6.5 ], "texture": "#texture" }
			}
		},
		{
			"__comment": "Voxels-DE0000",
			"from": [ 6, 10, 10 ],
			"to": [ 6.5, 10.5, 10.5 ],
			"faces": {
				"up": { "uv": [ 6, 10, 6.5, 10.5 ], "texture": "#texture" },
				"south": { "uv": [ 6, 5.5, 6.5, 6 ], "texture": "#texture" },
				"west": { "uv": [ 10, 5.5, 10.5, 6 ], "texture": "#texture" }
			}
		},
		{
			"__comment": "Voxels-FF0000",
			"from": [ 6, 10.5, 6.5 ],
			"to": [ 9.5, 11, 7 ],
			"faces": {
				"down": { "uv": [ 6, 9, 9.5, 9.5 ], "texture": "#texture" },
				"up": { "uv": [ 6, 6.5, 9.5, 7 ], "texture": "#texture" },
				"north": { "uv": [ 6.5, 5, 10, 5.5 ], "texture": "#texture" },
				"west": { "uv": [ 6.5, 5, 7, 5.5 ], "texture": "#texture" },
				"east": { "uv": [ 9, 5, 9.5, 5.5 ], "texture": "#texture" }
			}
		},
		{
			"__comment": "Voxels-FF3A3A",
			"from": [ 6, 11, 7 ],
			"to": [ 6.5, 11.5, 7.5 ],
			"faces": {
				"up": { "uv": [ 6, 7, 6.5, 7.5 ], "texture": "#texture" },
				"north": { "uv": [ 9.5, 4.5, 10, 5 ], "texture": "#texture" }
			}
		},
		{
			"__comment": "Voxels-FF0000",
			"from": [ 6, 11, 7.5 ],
			"to": [ 8, 11.5, 8 ],
			"faces": {
				"north": { "uv": [ 8, 4.5, 10, 5 ], "texture": "#texture" }
			}
		},
		{
			"__comment": "Voxels-FF0000",
			"from": [ 6, 11, 9 ],
			"to": [ 6.5, 11.5, 9.5 ],
			"faces": {
				"up": { "uv": [ 6, 9, 6.5, 9.5 ], "texture": "#texture" },
				"south": { "uv": [ 6, 4.5, 6.5, 5 ], "texture": "#texture" },
				"west": { "uv": [ 9, 4.5, 9.5, 5 ], "texture": "#texture" }
			}
		},
		{
			"__comment": "Voxels-FFDADA",
			"from": [ 6.5, 7, 4 ],
			"to": [ 9.5, 8, 4.5 ],
			"faces": {
				"down": { "uv": [ 6.5, 11.5, 9.5, 12 ], "texture": "#texture3" },
				"up": { "uv": [ 6.5, 4, 9.5, 4.5 ], "texture": "#texture3" },
				"north": { "uv": [ 6.5, 8, 9.5, 9 ], "texture": "#texture3" },
				"south": { "uv": [ 6.5, 8, 9.5, 9 ], "texture": "#texture3" },
				"west": { "uv": [ 4, 8, 4.5, 9 ], "texture": "#texture3" },
				"east": { "uv": [ 11.5, 8, 12, 9 ], "texture": "#texture3" }
			}
		},
		{
			"__comment": "Voxels-FF0000",
			"from": [ 6.5, 8.5, 5 ],
			"to": [ 10, 9, 5.5 ],
			"faces": {
				"up": { "uv": [ 6.5, 5, 10, 5.5 ], "texture": "#texture" },
				"north": { "uv": [ 6, 7, 9.5, 7.5 ], "texture": "#texture" },
				"west": { "uv": [ 5, 7, 5.5, 7.5 ], "texture": "#texture" },
				"east": { "uv": [ 10.5, 7, 11, 7.5 ], "texture": "#texture" }
			}
		},
		{
			"__comment": "Voxels-FF0000",
			"from": [ 6.5, 8.5, 11 ],
			"to": [ 10, 9, 11.5 ],
			"faces": {
				"up": { "uv": [ 6.5, 11, 10, 11.5 ], "texture": "#texture" },
				"south": { "uv": [ 6.5, 7, 10, 7.5 ], "texture": "#texture" },
				"west": { "uv": [ 11, 7, 11.5, 7.5 ], "texture": "#texture" },
				"east": { "uv": [ 4.5, 7, 5, 7.5 ], "texture": "#texture" }
			}
		},
		{
			"__comment": "Voxels-FF0000",
			"from": [ 6.5, 9, 5.5 ],
			"to": [ 9.5, 9.5, 6 ],
			"faces": {
				"up": { "uv": [ 6.5, 5.5, 9.5, 6 ], "texture": "#texture" },
				"north": { "uv": [ 6.5, 6.5, 9.5, 7 ], "texture": "#texture" },
				"west": { "uv": [ 5.5, 6.5, 6, 7 ], "texture": "#texture" }
			}
		},
		{
			"__comment": "Voxels-FF0000",
			"from": [ 6.5, 9, 10.5 ],
			"to": [ 10.5, 9.5, 11 ],
			"faces": {
				"up": { "uv": [ 6.5, 10.5, 10.5, 11 ], "texture": "#texture" },
				"south": { "uv": [ 6.5, 6.5, 10.5, 7 ], "texture": "#texture" },
				"west": { "uv": [ 10.5, 6.5, 11, 7 ], "texture": "#texture" },
				"east": { "uv": [ 5, 6.5, 5.5, 7 ], "texture": "#texture" }
			}
		},
		{
			"__comment": "Voxels-FF0000",
			"from": [ 6.5, 9.5, 5.5 ],
			"to": [ 8.5, 10, 6 ],
			"faces": {
				"up": { "uv": [ 6.5, 5.5, 8.5, 6 ], "texture": "#texture" },
				"north": { "uv": [ 7.5, 6, 9.5, 6.5 ], "texture": "#texture" },
				"west": { "uv": [ 5.5, 6, 6, 6.5 ], "texture": "#texture" }
			}
		},
		{
			"__comment": "Voxels-FF0000",
			"from": [ 6.5, 9.5, 10.5 ],
			"to": [ 10, 10, 11 ],
			"faces": {
				"up": { "uv": [ 6.5, 10.5, 10, 11 ], "texture": "#texture" },
				"south": { "uv": [ 6.5, 6, 10, 6.5 ], "texture": "#texture" },
				"west": { "uv": [ 10.5, 6, 11, 6.5 ], "texture": "#texture" },
				"east": { "uv": [ 5, 6, 5.5, 6.5 ], "texture": "#texture" }
			}
		},
		{
			"__comment": "Voxels-B70000",
			"from": [ 6.5, 10, 6 ],
			"to": [ 7, 10.5, 6.5 ],
			"faces": {
				"up": { "uv": [ 6.5, 6, 7, 6.5 ], "texture": "#texture" },
				"north": { "uv": [ 9, 5.5, 9.5, 6 ], "texture": "#texture" },
				"west": { "uv": [ 6, 5.5, 6.5, 6 ], "texture": "#texture" }
			}
		},
		{
			"__comment": "Voxels-FF0000",
			"from": [ 6.5, 10, 6.5 ],
			"to": [ 10, 10.5, 7 ],
			"faces": {
				"up": { "uv": [ 6.5, 6.5, 10, 7 ], "texture": "#texture" },
				"north": { "uv": [ 6, 5.5, 9.5, 6 ], "texture": "#texture" }
			}
		},
		{
			"__comment": "Voxels-FF0000",
			"from": [ 6.5, 10, 10 ],
			"to": [ 9, 10.5, 10.5 ],
			"faces": {
				"up": { "uv": [ 6.5, 10, 9, 10.5 ], "texture": "#texture" },
				"south": { "uv": [ 6.5, 5.5, 9, 6 ], "texture": "#texture" }
			}
		},
		{
			"__comment": "Voxels-FF0000",
			"from": [ 6.5, 10.5, 9.5 ],
			"to": [ 8.5, 11, 10 ],
			"faces": {
				"up": { "uv": [ 6.5, 9.5, 8.5, 10 ], "texture": "#texture" },
				"south": { "uv": [ 6.5, 5, 8.5, 5.5 ], "texture": "#texture" },
				"west": { "uv": [ 9.5, 5, 10, 5.5 ], "texture": "#texture" }
			}
		},
		{
			"__comment": "Voxels-FF5555",
			"from": [ 6.5, 11, 7 ],
			"to": [ 7, 11.5, 7.5 ],
			"faces": {
				"up": { "uv": [ 6.5, 7, 7, 7.5 ], "texture": "#texture" },
				"north": { "uv": [ 9, 4.5, 9.5, 5 ], "texture": "#texture" }
			}
		},
		{
			"__comment": "Voxels-FF5555",
			"from": [ 6.5, 11, 9 ],
			"to": [ 7, 11.5, 9.5 ],
			"faces": {
				"up": { "uv": [ 6.5, 9, 7, 9.5 ], "texture": "#texture" },
				"south": { "uv": [ 6.5, 4.5, 7, 5 ], "texture": "#texture" }
			}
		},
		{
			"__comment": "Voxels-FF0000",
			"from": [ 6.5, 11.5, 8 ],
			"to": [ 7, 12, 8.5 ],
			"faces": {
				"up": { "uv": [ 6.5, 8, 7, 8.5 ], "texture": "#texture" }
			}
		},
		{
			"__comment": "Voxels-FF5555",
			"from": [ 6.5, 11.5, 8.5 ],
			"to": [ 7.5, 12, 9 ],
			"faces": {
				"up": { "uv": [ 6.5, 8.5, 7.5, 9 ], "texture": "#texture" },
				"north": { "uv": [ 8.5, 4, 9.5, 4.5 ], "texture": "#texture" },
				"south": { "uv": [ 6.5, 4, 7.5, 4.5 ], "texture": "#texture" },
				"west": { "uv": [ 8.5, 4, 9, 4.5 ], "texture": "#texture" },
				"east": { "uv": [ 7, 4, 7.5, 4.5 ], "texture": "#texture" }
			}
		},
		{
			"__comment": "Voxels-FFDADA",
			"from": [ 7, 6.5, 4 ],
			"to": [ 10, 7, 4.5 ],
			"faces": {
				"down": { "uv": [ 7, 11.5, 10, 12 ], "texture": "#texture3" },
				"up": { "uv": [ 7, 4, 10, 4.5 ], "texture": "#texture3" },
				"north": { "uv": [ 6, 9, 9, 9.5 ], "texture": "#texture3" },
				"south": { "uv": [ 7, 9, 10, 9.5 ], "texture": "#texture3" },
				"west": { "uv": [ 4, 9, 4.5, 9.5 ], "texture": "#texture3" },
				"east": { "uv": [ 11.5, 9, 12, 9.5 ], "texture": "#texture3" }
			}
		},
		{
			"__comment": "Voxels-FF0000",
			"from": [ 7, 7.5, 4.5 ],
			"to": [ 9.5, 8.5, 5 ],
			"faces": {
				"down": { "uv": [ 7, 11, 9.5, 11.5 ], "texture": "#texture3" },
				"up": { "uv": [ 7, 4.5, 9.5, 5 ], "texture": "#texture" },
				"north": { "uv": [ 6.5, 7.5, 9, 8.5 ], "texture": "#texture" },
				"west": { "uv": [ 4.5, 7.5, 5, 8.5 ], "texture": "#texture" },
				"east": { "uv": [ 11, 7.5, 11.5, 8.5 ], "texture": "#texture" }
			}
		},
		{
			"__comment": "Voxels-FF0000",
			"from": [ 7, 7.5, 11.5 ],
			"to": [ 9.5, 8, 12 ],
			"faces": {
				"down": { "uv": [ 7, 4, 9.5, 4.5 ], "texture": "#texture3" },
				"up": { "uv": [ 7, 11.5, 9.5, 12 ], "texture": "#texture" }
			}
		},
		{
			"__comment": "Voxels-FFDADA",
			"from": [ 7, 6.5, 12 ],
			"to": [ 10, 7, 12.5 ],
			"faces": {
				"down": { "uv": [ 7, 3.5, 10, 4 ], "texture": "#texture3" },
				"up": { "uv": [ 7, 12, 10, 12.5 ], "texture": "#texture3" },
				"north": { "uv": [ 6, 9, 9, 9.5 ], "texture": "#texture3" },
				"south": { "uv": [ 7, 9, 10, 9.5 ], "texture": "#texture3" },
				"west": { "uv": [ 12, 9, 12.5, 9.5 ], "texture": "#texture3" },
				"east": { "uv": [ 3.5, 9, 4, 9.5 ], "texture": "#texture3" }
			}
		},
		{
			"__comment": "Voxels-FFDADA",
			"from": [ 7, 7, 12 ],
			"to": [ 9.5, 8, 12.5 ],
			"faces": {
				"up": { "uv": [ 7, 12, 9.5, 12.5 ], "texture": "#texture3" },
				"north": { "uv": [ 6.5, 8, 9, 9 ], "texture": "#texture3" },
				"south": { "uv": [ 7, 8, 9.5, 9 ], "texture": "#texture3" },
				"west": { "uv": [ 12, 8, 12.5, 9 ], "texture": "#texture3" },
				"east": { "uv": [ 3.5, 8, 4, 9 ], "texture": "#texture3" }
			}
		},
		{
			"__comment": "Voxels-FF0000",
			"from": [ 7, 9, 5 ],
			"to": [ 9.5, 9.5, 5.5 ],
			"faces": {
				"up": { "uv": [ 7, 5, 9.5, 5.5 ], "texture": "#texture" },
				"north": { "uv": [ 6.5, 6.5, 9, 7 ], "texture": "#texture" },
				"west": { "uv": [ 5, 6.5, 5.5, 7 ], "texture": "#texture" },
				"east": { "uv": [ 10.5, 6.5, 11, 7 ], "texture": "#texture" }
			}
		},
		{
			"__comment": "Voxels-FF0000",
			"from": [ 7, 9, 11 ],
			"to": [ 9.5, 9.5, 11.5 ],
			"faces": {
				"up": { "uv": [ 7, 11, 9.5, 11.5 ], "texture": "#texture" },
				"south": { "uv": [ 7, 6.5, 9.5, 7 ], "texture": "#texture" },
				"west": { "uv": [ 11, 6.5, 11.5, 7 ], "texture": "#texture" },
				"east": { "uv": [ 4.5, 6.5, 5, 7 ], "texture": "#texture" }
			}
		},
		{
			"__comment": "Voxels-FF0000",
			"from": [ 7, 10, 6 ],
			"to": [ 8.5, 10.5, 6.5 ],
			"faces": {
				"up": { "uv": [ 7, 6, 8.5, 6.5 ], "texture": "#texture" },
				"north": { "uv": [ 7.5, 5.5, 9, 6 ], "texture": "#texture" }
			}
		},
		{
			"__comment": "Voxels-FF5555",
			"from": [ 7, 11, 6.5 ],
			"to": [ 9, 11.5, 7 ],
			"faces": {
				"up": { "uv": [ 7, 6.5, 9, 7 ], "texture": "#texture" },
				"north": { "uv": [ 7, 4.5, 9, 5 ], "texture": "#texture" },
				"south": { "uv": [ 7, 4.5, 9, 5 ], "texture": "#texture" },
				"west": { "uv": [ 6.5, 4.5, 7, 5 ], "texture": "#texture" },
				"east": { "uv": [ 9, 4.5, 9.5, 5 ], "texture": "#texture" }
			}
		},
		{
			"__comment": "Voxels-FF0000",
			"from": [ 7, 11, 7 ],
			"to": [ 7.5, 11.5, 7.5 ],
			"faces": {
				"up": { "uv": [ 7, 7, 7.5, 7.5 ], "texture": "#texture" }
			}
		},
		{
			"__comment": "Voxels-FF0000",
			"from": [ 7, 11, 9 ],
			"to": [ 8, 11.5, 10 ],
			"faces": {
				"down": { "uv": [ 7, 6, 8, 7 ], "texture": "#texture" },
				"up": { "uv": [ 7, 9, 8, 10 ], "texture": "#texture" },
				"north": { "uv": [ 8, 4.5, 9, 5 ], "texture": "#texture" },
				"south": { "uv": [ 7, 4.5, 8, 5 ], "texture": "#texture" },
				"west": { "uv": [ 9, 4.5, 10, 5 ], "texture": "#texture" },
				"east": { "uv": [ 6, 4.5, 7, 5 ], "texture": "#texture" }
			}
		},
		{
			"__comment": "Voxels-FF5555",
			"from": [ 7, 11.5, 8 ],
			"to": [ 8.5, 12, 8.5 ],
			"faces": {
				"up": { "uv": [ 7, 8, 8.5, 8.5 ], "texture": "#texture" },
				"north": { "uv": [ 7.5, 4, 9, 4.5 ], "texture": "#texture" },
				"south": { "uv": [ 7, 4, 8.5, 4.5 ], "texture": "#texture" },
				"east": { "uv": [ 7.5, 4, 8, 4.5 ], "texture": "#texture" }
			}
		},
		{
			"__comment": "Voxels-FF0000",
			"from": [ 7.5, 8, 11.5 ],
			"to": [ 9.5, 8.5, 12 ],
			"faces": {
				"up": { "uv": [ 7.5, 11.5, 9.5, 12 ], "texture": "#texture" },
				"south": { "uv": [ 7.5, 7.5, 9.5, 8 ], "texture": "#texture" },
				"west": { "uv": [ 11.5, 7.5, 12, 8 ], "texture": "#texture" },
				"east": { "uv": [ 4, 7.5, 4.5, 8 ], "texture": "#texture" }
			}
		},
		{
			"__comment": "Voxels-FF3A3A",
			"from": [ 7.5, 10, 5.5 ],
			"to": [ 8.5, 10.5, 6 ],
			"faces": {
				"up": { "uv": [ 7.5, 5.5, 8.5, 6 ], "texture": "#texture" },
				"north": { "uv": [ 7.5, 5.5, 8.5, 6 ], "texture": "#texture" },
				"west": { "uv": [ 5.5, 5.5, 6, 6 ], "texture": "#texture" },
				"east": { "uv": [ 10, 5.5, 10.5, 6 ], "texture": "#texture" }
			}
		},
		{
			"__comment": "Voxels-FF0000",
			"from": [ 7.5, 10.5, 10 ],
			"to": [ 8.5, 11, 10.5 ],
			"faces": {
				"up": { "uv": [ 7.5, 10, 8.5, 10.5 ], "texture": "#texture" },
				"south": { "uv": [ 7.5, 5, 8.5, 5.5 ], "texture": "#texture" },
				"west": { "uv": [ 10, 5, 10.5, 5.5 ], "texture": "#texture" }
			}
		},
		{
			"__comment": "Voxels-FF5555",
			"from": [ 7.5, 11, 7 ],
			"to": [ 8.5, 11.5, 7.5 ],
			"faces": {
				"up": { "uv": [ 7.5, 7, 8.5, 7.5 ], "texture": "#texture" },
				"south": { "uv": [ 7.5, 4.5, 8.5, 5 ], "texture": "#texture" }
			}
		},
		{
			"__comment": "Voxels-FF5555",
			"from": [ 7.5, 11, 8.5 ],
			"to": [ 9.5, 11.5, 9 ],
			"faces": {
				"up": { "uv": [ 7.5, 8.5, 9.5, 9 ], "texture": "#texture" },
				"north": { "uv": [ 6.5, 4.5, 8.5, 5 ], "texture": "#texture" },
				"south": { "uv": [ 7.5, 4.5, 9.5, 5 ], "texture": "#texture" },
				"east": { "uv": [ 7, 4.5, 7.5, 5 ], "texture": "#texture" }
			}
		},
		{
			"__comment": "Voxels-FF0000",
			"from": [ 8, 8.5, 11.5 ],
			"to": [ 9, 9, 12 ],
			"faces": {
				"up": { "uv": [ 8, 11.5, 9, 12 ], "texture": "#texture" },
				"south": { "uv": [ 8, 7, 9, 7.5 ], "texture": "#texture" },
				"west": { "uv": [ 11.5, 7, 12, 7.5 ], "texture": "#texture" },
				"east": { "uv": [ 4, 7, 4.5, 7.5 ], "texture": "#texture" }
			}
		},
		{
			"__comment": "Voxels-FF0000",
			"from": [ 8, 10, 10.5 ],
			"to": [ 9, 10.5, 11 ],
			"faces": {
				"up": { "uv": [ 8, 10.5, 9, 11 ], "texture": "#texture" },
				"south": { "uv": [ 8, 5.5, 9, 6 ], "texture": "#texture" },
				"west": { "uv": [ 10.5, 5.5, 11, 6 ], "texture": "#texture" },
				"east": { "uv": [ 5, 5.5, 5.5, 6 ], "texture": "#texture" }
			}
		},
		{
			"__comment": "Voxels-FF0000",
			"from": [ 8, 10.5, 6 ],
			"to": [ 8.5, 11, 6.5 ],
			"faces": {
				"up": { "uv": [ 8, 6, 8.5, 6.5 ], "texture": "#texture" },
				"north": { "uv": [ 7.5, 5, 8, 5.5 ], "texture": "#texture" },
				"west": { "uv": [ 6, 5, 6.5, 5.5 ], "texture": "#texture" }
			}
		},
		{
			"__comment": "Voxels-FF5555",
			"from": [ 8, 11, 7.5 ],
			"to": [ 8.5, 11.5, 8 ],
			"faces": {
				"up": { "uv": [ 8, 7.5, 8.5, 8 ], "texture": "#texture" }
			}
		},
		{
			"__comment": "Voxels-FF5555",
			"from": [ 8, 11, 9 ],
			"to": [ 9, 11.5, 9.5 ],
			"faces": {
				"up": { "uv": [ 8, 9, 9, 9.5 ], "texture": "#texture" },
				"south": { "uv": [ 8, 4.5, 9, 5 ], "texture": "#texture" },
				"east": { "uv": [ 6.5, 4.5, 7, 5 ], "texture": "#texture" }
			}
		},
		{
			"__comment": "Voxels-FF5555",
			"from": [ 8, 11, 9.5 ],
			"to": [ 8.5, 11.5, 10 ],
			"faces": {
				"up": { "uv": [ 8, 9.5, 8.5, 10 ], "texture": "#texture" },
				"south": { "uv": [ 8, 4.5, 8.5, 5 ], "texture": "#texture" },
				"east": { "uv": [ 6, 4.5, 6.5, 5 ], "texture": "#texture" }
			}
		},
		{
			"__comment": "Voxels-FF3A3A",
			"from": [ 8.5, 9.5, 5.5 ],
			"to": [ 9.5, 10, 6 ],
			"faces": {
				"up": { "uv": [ 8.5, 5.5, 9.5, 6 ], "texture": "#texture" },
				"north": { "uv": [ 6.5, 6, 7.5, 6.5 ], "texture": "#texture" },
				"east": { "uv": [ 10, 6, 10.5, 6.5 ], "texture": "#texture" }
			}
		},
		{
			"__comment": "Voxels-FF3A3A",
			"from": [ 8.5, 10, 6 ],
			"to": [ 10, 10.5, 6.5 ],
			"faces": {
				"down": { "uv": [ 8.5, 9.5, 10, 10 ], "texture": "#texture" },
				"up": { "uv": [ 8.5, 6, 10, 6.5 ], "texture": "#texture" },
				"north": { "uv": [ 6, 5.5, 7.5, 6 ], "texture": "#texture" },
				"east": { "uv": [ 9.5, 5.5, 10, 6 ], "texture": "#texture" }
			}
		},
		{
			"__comment": "Voxels-FF5555",
			"from": [ 8.5, 10.5, 6 ],
			"to": [ 9.5, 11, 6.5 ],
			"faces": {
				"up": { "uv": [ 8.5, 6, 9.5, 6.5 ], "texture": "#texture" },
				"north": { "uv": [ 6.5, 5, 7.5, 5.5 ], "texture": "#texture" },
				"east": { "uv": [ 9.5, 5, 10, 5.5 ], "texture": "#texture" }
			}
		},
		{
			"__comment": "Voxels-FF5555",
			"from": [ 8.5, 10.5, 9.5 ],
			"to": [ 9.5, 11, 10 ],
			"faces": {
				"up": { "uv": [ 8.5, 9.5, 9.5, 10 ], "texture": "#texture" },
				"north": { "uv": [ 6.5, 5, 7.5, 5.5 ], "texture": "#texture" },
				"south": { "uv": [ 8.5, 5, 9.5, 5.5 ], "texture": "#texture" },
				"east": { "uv": [ 6, 5, 6.5, 5.5 ], "texture": "#texture" }
			}
		},
		{
			"__comment": "Voxels-FF5555",
			"from": [ 8.5, 10.5, 10 ],
			"to": [ 9, 11, 10.5 ],
			"faces": {
				"up": { "uv": [ 8.5, 10, 9, 10.5 ], "texture": "#texture" },
				"south": { "uv": [ 8.5, 5, 9, 5.5 ], "texture": "#texture" },
				"east": { "uv": [ 5.5, 5, 6, 5.5 ], "texture": "#texture" }
			}
		},
		{
			"__comment": "Voxels-FF3A3A",
			"from": [ 8.5, 11, 7 ],
			"to": [ 9.5, 11.5, 8 ],
			"faces": {
				"up": { "uv": [ 8.5, 7, 9.5, 8 ], "texture": "#texture" },
				"north": { "uv": [ 6.5, 4.5, 7.5, 5 ], "texture": "#texture" },
				"west": { "uv": [ 7, 4.5, 8, 5 ], "texture": "#texture" },
				"east": { "uv": [ 8, 4.5, 9, 5 ], "texture": "#texture" }
			}
		},
		{
			"__comment": "Voxels-FF5555",
			"from": [ 8.5, 11, 8 ],
			"to": [ 9.5, 11.5, 8.5 ],
			"faces": {
				"up": { "uv": [ 8.5, 8, 9.5, 8.5 ], "texture": "#texture" },
				"east": { "uv": [ 7.5, 4.5, 8, 5 ], "texture": "#texture" }
			}
		},
		{
			"__comment": "Voxels-FF5555",
			"from": [ 9, 10, 10 ],
			"to": [ 9.5, 10.5, 10.5 ],
			"faces": {
				"up": { "uv": [ 9, 10, 9.5, 10.5 ], "texture": "#texture" },
				"south": { "uv": [ 9, 5.5, 9.5, 6 ], "texture": "#texture" },
				"east": { "uv": [ 5.5, 5.5, 6, 6 ], "texture": "#texture" }
			}
		},
		{
			"__comment": "Voxels-FF5555",
			"from": [ 9, 10.5, 9 ],
			"to": [ 10, 11, 9.5 ],
			"faces": {
				"up": { "uv": [ 9, 9, 10, 9.5 ], "texture": "#texture" },
				"north": { "uv": [ 6, 5, 7, 5.5 ], "texture": "#texture" },
				"south": { "uv": [ 9, 5, 10, 5.5 ], "texture": "#texture" },
				"east": { "uv": [ 6.5, 5, 7, 5.5 ], "texture": "#texture" }
			}
		},
		{
			"__comment": "Voxels-FFDADA",
			"from": [ 9.5, 6.5, 4.5 ],
			"to": [ 10.5, 8, 5 ],
			"faces": {
				"down": { "uv": [ 9.5, 11, 10.5, 11.5 ], "texture": "#texture3" },
				"up": { "uv": [ 9.5, 4.5, 10.5, 5 ], "texture": "#texture3" },
				"north": { "uv": [ 5.5, 8, 6.5, 9.5 ], "texture": "#texture3" },
				"south": { "uv": [ 9.5, 8, 10.5, 9.5 ], "texture": "#texture3" },
				"west": { "uv": [ 4.5, 8, 5, 9.5 ], "texture": "#texture3" },
				"east": { "uv": [ 11, 8, 11.5, 9.5 ], "texture": "#texture3" }
			}
		},
		{
			"__comment": "Voxels-FFDADA",
			"from": [ 9.5, 6.5, 11.5 ],
			"to": [ 10.5, 8, 12 ],
			"faces": {
				"down": { "uv": [ 9.5, 4, 10.5, 4.5 ], "texture": "#texture3" },
				"up": { "uv": [ 9.5, 11.5, 10.5, 12 ], "texture": "#texture3" },
				"north": { "uv": [ 5.5, 8, 6.5, 9.5 ], "texture": "#texture3" },
				"south": { "uv": [ 9.5, 8, 10.5, 9.5 ], "texture": "#texture3" },
				"west": { "uv": [ 11.5, 8, 12, 9.5 ], "texture": "#texture3" },
				"east": { "uv": [ 4, 8, 4.5, 9.5 ], "texture": "#texture3" }
			}
		},
		{
			"__comment": "Voxels-FF3A3A",
			"from": [ 9.5, 9, 5.5 ],
			"to": [ 10, 9.5, 6 ],
			"faces": {
				"up": { "uv": [ 9.5, 5.5, 10, 6 ], "texture": "#texture" },
				"north": { "uv": [ 6, 6.5, 6.5, 7 ], "texture": "#texture" },
				"east": { "uv": [ 10, 6.5, 10.5, 7 ], "texture": "#texture" }
			}
		},
		{
			"__comment": "Voxels-FF3A3A",
			"from": [ 9.5, 9.5, 6 ],
			"to": [ 10.5, 10, 6.5 ],
			"faces": {
				"up": { "uv": [ 9.5, 6, 10.5, 6.5 ], "texture": "#texture" },
				"north": { "uv": [ 5.5, 6, 6.5, 6.5 ], "texture": "#texture" },
				"east": { "uv": [ 9.5, 6, 10, 6.5 ], "texture": "#texture" }
			}
		},
		{
			"__comment": "Voxels-FF5555",
			"from": [ 9.5, 10, 9.5 ],
			"to": [ 10, 10.5, 10 ],
			"faces": {
				"up": { "uv": [ 9.5, 9.5, 10, 10 ], "texture": "#texture" },
				"south": { "uv": [ 9.5, 5.5, 10, 6 ], "texture": "#texture" },
				"east": { "uv": [ 6, 5.5, 6.5, 6 ], "texture": "#texture" }
			}
		},
		{
			"__comment": "Voxels-FF3A3A",
			"from": [ 9.5, 10.5, 7 ],
			"to": [ 10, 11, 7.5 ],
			"faces": {
				"up": { "uv": [ 9.5, 7, 10, 7.5 ], "texture": "#texture" },
				"north": { "uv": [ 6, 5, 6.5, 5.5 ], "texture": "#texture" },
				"east": { "uv": [ 8.5, 5, 9, 5.5 ], "texture": "#texture" }
			}
		},
		{
			"__comment": "Voxels-FF5555",
			"from": [ 9.5, 10.5, 7.5 ],
			"to": [ 10, 11, 9 ],
			"faces": {
				"down": { "uv": [ 9.5, 7, 10, 8.5 ], "texture": "#texture" },
				"up": { "uv": [ 9.5, 7.5, 10, 9 ], "texture": "#texture" },
				"west": { "uv": [ 7.5, 5, 9, 5.5 ], "texture": "#texture" },
				"east": { "uv": [ 7, 5, 8.5, 5.5 ], "texture": "#texture" }
			}
		},
		{
			"__comment": "Voxels-FF5555",
			"from": [ 10, 9.5, 9.5 ],
			"to": [ 10.5, 10, 10 ],
			"faces": {
				"up": { "uv": [ 10, 9.5, 10.5, 10 ], "texture": "#texture" },
				"east": { "uv": [ 6, 6, 6.5, 6.5 ], "texture": "#texture" }
			}
		},
		{
			"__comment": "Voxels-FF3A3A",
			"from": [ 10, 10, 6.5 ],
			"to": [ 10.5, 10.5, 7 ],
			"faces": {
				"up": { "uv": [ 10, 6.5, 10.5, 7 ], "texture": "#texture" },
				"north": { "uv": [ 5.5, 5.5, 6, 6 ], "texture": "#texture" },
				"east": { "uv": [ 9, 5.5, 9.5, 6 ], "texture": "#texture" }
			}
		},
		{
			"__comment": "Voxels-FF5555",
			"from": [ 10, 10, 7.5 ],
			"to": [ 10.5, 10.5, 9.5 ],
			"faces": {
				"down": { "uv": [ 10, 6.5, 10.5, 8.5 ], "texture": "#texture" },
				"up": { "uv": [ 10, 7.5, 10.5, 9.5 ], "texture": "#texture" },
				"south": { "uv": [ 10, 5.5, 10.5, 6 ], "texture": "#texture" },
				"west": { "uv": [ 7.5, 5.5, 9.5, 6 ], "texture": "#texture" },
				"east": { "uv": [ 6.5, 5.5, 8.5, 6 ], "texture": "#texture" }
			}
		},
		{
			"__comment": "Voxels-FFDADA",
			"from": [ 10.5, 6.5, 5 ],
			"to": [ 11, 8, 5.5 ],
			"faces": {
				"down": { "uv": [ 10.5, 10.5, 11, 11 ], "texture": "#texture3" },
				"up": { "uv": [ 10.5, 5, 11, 5.5 ], "texture": "#texture3" },
				"north": { "uv": [ 5, 8, 5.5, 9.5 ], "texture": "#texture3" },
				"south": { "uv": [ 10.5, 8, 11, 9.5 ], "texture": "#texture3" },
				"west": { "uv": [ 5, 8, 5.5, 9.5 ], "texture": "#texture3" },
				"east": { "uv": [ 10.5, 8, 11, 9.5 ], "texture": "#texture3" }
			}
		},
		{
			"__comment": "Voxels-FFDADA",
			"from": [ 10.5, 6.5, 11 ],
			"to": [ 11, 8, 11.5 ],
			"faces": {
				"down": { "uv": [ 10.5, 4.5, 11, 5 ], "texture": "#texture3" },
				"up": { "uv": [ 10.5, 11, 11, 11.5 ], "texture": "#texture3" },
				"north": { "uv": [ 5, 8, 5.5, 9.5 ], "texture": "#texture3" },
				"south": { "uv": [ 10.5, 8, 11, 9.5 ], "texture": "#texture3" },
				"west": { "uv": [ 11, 8, 11.5, 9.5 ], "texture": "#texture3" },
				"east": { "uv": [ 4.5, 8, 5, 9.5 ], "texture": "#texture3" }
			}
		},
		{
			"__comment": "Voxels-FF0000",
			"from": [ 10.5, 8.5, 6 ],
			"to": [ 11, 9, 6.5 ],
			"faces": {
				"north": { "uv": [ 5, 7, 5.5, 7.5 ], "texture": "#texture" },
				"east": { "uv": [ 9.5, 7, 10, 7.5 ], "texture": "#texture" }
			}
		},
		{
			"__comment": "Voxels-FF3A3A",
			"from": [ 10.5, 9.5, 6.5 ],
			"to": [ 11, 10, 7 ],
			"faces": {
				"up": { "uv": [ 10.5, 6.5, 11, 7 ], "texture": "#texture" },
				"north": { "uv": [ 5, 6, 5.5, 6.5 ], "texture": "#texture" },
				"east": { "uv": [ 9, 6, 9.5, 6.5 ], "texture": "#texture" }
			}
		},
		{
			"__comment": "Voxels-FF5555",
			"from": [ 10.5, 9.5, 7.5 ],
			"to": [ 11, 10, 9.5 ],
			"faces": {
				"down": { "uv": [ 10.5, 6.5, 11, 8.5 ], "texture": "#texture" },
				"up": { "uv": [ 10.5, 7.5, 11, 9.5 ], "texture": "#texture" },
				"south": { "uv": [ 10.5, 6, 11, 6.5 ], "texture": "#texture" },
				"west": { "uv": [ 7.5, 6, 9.5, 6.5 ], "texture": "#texture" },
				"east": { "uv": [ 6.5, 6, 8.5, 6.5 ], "texture": "#texture" }
			}
		},
		{
			"__comment": "Voxels-FFDADA",
			"from": [ 11, 6.5, 5.5 ],
			"to": [ 11.5, 8, 6 ],
			"faces": {
				"down": { "uv": [ 11, 10, 11.5, 10.5 ], "texture": "#texture3" },
				"up": { "uv": [ 11, 5.5, 11.5, 6 ], "texture": "#texture3" },
				"north": { "uv": [ 4.5, 8, 5, 9.5 ], "texture": "#texture3" },
				"south": { "uv": [ 11, 8, 11.5, 9.5 ], "texture": "#texture3" },
				"west": { "uv": [ 5.5, 8, 6, 9.5 ], "texture": "#texture3" },
				"east": { "uv": [ 10, 8, 10.5, 9.5 ], "texture": "#texture3" }
			}
		},
		{
			"__comment": "Voxels-FFDADA",
			"from": [ 11, 6.5, 10.5 ],
			"to": [ 11.5, 8, 11 ],
			"faces": {
				"down": { "uv": [ 11, 5, 11.5, 5.5 ], "texture": "#texture3" },
				"up": { "uv": [ 11, 10.5, 11.5, 11 ], "texture": "#texture3" },
				"north": { "uv": [ 4.5, 8, 5, 9.5 ], "texture": "#texture3" },
				"south": { "uv": [ 11, 8, 11.5, 9.5 ], "texture": "#texture3" },
				"west": { "uv": [ 10.5, 8, 11, 9.5 ], "texture": "#texture3" },
				"east": { "uv": [ 5, 8, 5.5, 9.5 ], "texture": "#texture3" }
			}
		},
		{
			"__comment": "Voxels-FF0000",
			"from": [ 11, 9, 7 ],
			"to": [ 11.5, 9.5, 7.5 ],
			"faces": {
				"up": { "uv": [ 11, 7, 11.5, 7.5 ], "texture": "#texture" },
				"north": { "uv": [ 4.5, 6.5, 5, 7 ], "texture": "#texture" },
				"east": { "uv": [ 8.5, 6.5, 9, 7 ], "texture": "#texture" }
			}
		},
		{
			"__comment": "Voxels-FF5555",
			"from": [ 11, 9, 8 ],
			"to": [ 11.5, 9.5, 8.5 ],
			"faces": {
				"up": { "uv": [ 11, 8, 11.5, 8.5 ], "texture": "#texture" },
				"east": { "uv": [ 7.5, 6.5, 8, 7 ], "texture": "#texture" }
			}
		},
		{
			"__comment": "Voxels-FF0000",
			"from": [ 11, 9, 8.5 ],
			"to": [ 11.5, 9.5, 9 ],
			"faces": {
				"up": { "uv": [ 11, 8.5, 11.5, 9 ], "texture": "#texture" },
				"east": { "uv": [ 7, 6.5, 7.5, 7 ], "texture": "#texture" }
			}
		},
		{
			"__comment": "Voxels-FFDADA",
			"from": [ 11.5, 6.5, 6 ],
			"to": [ 12, 8, 7 ],
			"faces": {
				"down": { "uv": [ 11.5, 9, 12, 10 ], "texture": "#texture3" },
				"up": { "uv": [ 11.5, 6, 12, 7 ], "texture": "#texture3" },
				"north": { "uv": [ 4, 8, 4.5, 9.5 ], "texture": "#texture3" },
				"south": { "uv": [ 11.5, 8, 12, 9.5 ], "texture": "#texture3" },
				"west": { "uv": [ 6, 8, 7, 9.5 ], "texture": "#texture3" },
				"east": { "uv": [ 9, 8, 10, 9.5 ], "texture": "#texture3" }
			}
		},
		{
			"__comment": "Voxels-FFDADA",
			"from": [ 11.5, 6.5, 9.5 ],
			"to": [ 12.5, 7, 10 ],
			"faces": {
				"down": { "uv": [ 11.5, 6, 12.5, 6.5 ], "texture": "#texture3" },
				"up": { "uv": [ 11.5, 9.5, 12.5, 10 ], "texture": "#texture3" },
				"north": { "uv": [ 3.5, 9, 4.5, 9.5 ], "texture": "#texture3" },
				"south": { "uv": [ 11.5, 9, 12.5, 9.5 ], "texture": "#texture3" },
				"west": { "uv": [ 9.5, 9, 10, 9.5 ], "texture": "#texture3" },
				"east": { "uv": [ 6, 9, 6.5, 9.5 ], "texture": "#texture3" }
			}
		},
		{
			"__comment": "Voxels-FFDADA",
			"from": [ 11.5, 6.5, 10 ],
			"to": [ 12, 8, 10.5 ],
			"faces": {
				"down": { "uv": [ 11.5, 5.5, 12, 6 ], "texture": "#texture3" },
				"up": { "uv": [ 11.5, 10, 12, 10.5 ], "texture": "#texture3" },
				"north": { "uv": [ 4, 8, 4.5, 9.5 ], "texture": "#texture3" },
				"south": { "uv": [ 11.5, 8, 12, 9.5 ], "texture": "#texture3" },
				"west": { "uv": [ 10, 8, 10.5, 9.5 ], "texture": "#texture3" },
				"east": { "uv": [ 5.5, 8, 6, 9.5 ], "texture": "#texture3" }
			}
		},
		{
			"__comment": "Voxels-FFDADA",
			"from": [ 11.5, 7, 9.5 ],
			"to": [ 12, 8, 10 ],
			"faces": {
				"up": { "uv": [ 11.5, 9.5, 12, 10 ], "texture": "#texture3" },
				"north": { "uv": [ 4, 8, 4.5, 9 ], "texture": "#texture3" },
				"west": { "uv": [ 9.5, 8, 10, 9 ], "texture": "#texture3" },
				"east": { "uv": [ 6, 8, 6.5, 9 ], "texture": "#texture3" }
			}
		},
		{
			"__comment": "Voxels-FF0000",
			"from": [ 11.5, 8.5, 7.5 ],
			"to": [ 12, 9, 8 ],
			"faces": {
				"up": { "uv": [ 11.5, 7.5, 12, 8 ], "texture": "#texture" },
				"north": { "uv": [ 4, 7, 4.5, 7.5 ], "texture": "#texture" },
				"east": { "uv": [ 8, 7, 8.5, 7.5 ], "texture": "#texture" }
			}
		},
		{
			"__comment": "Voxels-FF3A3A",
			"from": [ 11.5, 8.5, 8.5 ],
			"to": [ 12, 9, 9 ],
			"faces": {
				"up": { "uv": [ 11.5, 8.5, 12, 9 ], "texture": "#texture" },
				"south": { "uv": [ 11.5, 7, 12, 7.5 ], "texture": "#texture" },
				"east": { "uv": [ 7, 7, 7.5, 7.5 ], "texture": "#texture" }
			}
		},
		{
			"__comment": "Voxels-FFDADA",
			"from": [ 12, 6.5, 6.5 ],
			"to": [ 12.5, 7, 9.5 ],
			"faces": {
				"down": { "uv": [ 12, 6.5, 12.5, 9.5 ], "texture": "#texture3" },
				"up": { "uv": [ 12, 6.5, 12.5, 9.5 ], "texture": "#texture3" },
				"north": { "uv": [ 3.5, 9, 4, 9.5 ], "texture": "#texture3" },
				"west": { "uv": [ 6.5, 9, 9.5, 9.5 ], "texture": "#texture3" },
				"east": { "uv": [ 6.5, 9, 9.5, 9.5 ], "texture": "#texture3" }
			}
		},
		{
			"__comment": "Voxels-FFDADA",
			"from": [ 12, 7, 7 ],
			"to": [ 12.5, 8, 9.5 ],
			"faces": {
				"up": { "uv": [ 12, 7, 12.5, 9.5 ], "texture": "#texture3" },
				"north": { "uv": [ 3.5, 8, 4, 9 ], "texture": "#texture3" },
				"south": { "uv": [ 12, 8, 12.5, 9 ], "texture": "#texture3" },
				"west": { "uv": [ 7, 8, 9.5, 9 ], "texture": "#texture3" },
				"east": { "uv": [ 6.5, 8, 9, 9 ], "texture": "#texture3" }
			}
		}
	],
	"display": {
		"firstperson_righthand": {
			"rotation":  [ 0, 0, -33 ]
		},
		"firstperson_lefthand": {
			"rotation":  [ 0, 0, -33 ]
		},
		"head": {
			"rotation":  [ 8, 33, 0 ],
			"translation":  [ 0, 7.3043, 0 ],
			"scale":  [ 2, 2, 2 ]
    },
    "gui": {
        "rotation": [ 30, 0, 0 ],
        "translation": [ 0, 0, 0 ],
        "scale": [ 1.4, 1.4, 1.4 ]
		}
	}
}