{
"__comment": "Designed by MasterianoX",
"textures": {
    "particle": "blocks/hats/blue_ribbon",
    "texture": "blocks/hats/blue_ribbon"
},
"elements": [ 
{
    "from": [ 2, 0, 7 ],
    "to": [ 5.5, 1, 8 ],
    "faces": {
        "down":  { "uv": [ 2, 8, 5.5, 7 ], "texture": "#texture" },
        "up":    { "uv": [ 2, 7, 5.5, 8 ], "texture": "#texture" },
        "north": { "uv": [ 5.5, 7, 2, 7.5 ], "texture": "#texture" },
        "south": { "uv": [ 2, 8, 5.5, 7.5 ], "texture": "#texture" },
        "west":  { "uv": [ 2, 7, 2.5, 8 ], "rotation": 270, "texture": "#texture" },
        "east":  { "uv": [ 5.5, 7, 5, 8 ], "rotation": 90, "texture": "#texture" }
    }
},
{
    "from": [ 2.5, 0, 6 ],
    "to": [ 5.5, 1, 7 ],
    "faces": {
        "down":  { "uv": [ 2.5, 7, 5.5, 6 ], "texture": "#texture" },
        "up":    { "uv": [ 2.5, 6, 5.5, 7 ], "texture": "#texture" },
        "north": { "uv": [ 5.5, 6, 2.5, 6.5 ], "texture": "#texture" },
        "south": { "uv": [ 2.5, 7, 5.5, 6.5 ], "texture": "#texture" },
        "west":  { "uv": [ 2.5, 6, 3, 7 ], "rotation": 270, "texture": "#texture" },
        "east":  { "uv": [ 5.5, 6, 5, 7 ], "rotation": 90, "texture": "#texture" }
    }
},
{
    "from": [ 2.5, 0, 8 ],
    "to": [ 4, 1, 9 ],
    "faces": {
        "down":  { "uv": [ 2.5, 9, 4, 8 ], "texture": "#texture" },
        "up":    { "uv": [ 2.5, 8, 4, 9 ], "texture": "#texture" },
        "north": { "uv": [ 4, 8, 2.5, 8.5 ], "texture": "#texture" },
        "south": { "uv": [ 2.5, 9, 4, 8.5 ], "texture": "#texture" },
        "west":  { "uv": [ 2.5, 8, 3, 9 ], "rotation": 270, "texture": "#texture" },
        "east":  { "uv": [ 4, 8, 3.5, 9 ], "rotation": 90, "texture": "#texture" }
    }
},
{
    "from": [ 3, 0, 9 ],
    "to": [ 3.5, 1, 9.5 ],
    "faces": {
        "down":  { "uv": [ 3, 9.5, 3.5, 9 ], "texture": "#texture" },
        "up":    { "uv": [ 3, 9, 3.5, 9.5 ], "texture": "#texture" },
        "north": { "uv": [ 3.5, 9, 3, 9.5 ], "texture": "#texture" },
        "south": { "uv": [ 3, 9.5, 3.5, 9 ], "texture": "#texture" },
        "west":  { "uv": [ 3, 9, 3.5, 9.5 ], "rotation": 270, "texture": "#texture" },
        "east":  { "uv": [ 3.5, 9, 3, 9.5 ], "rotation": 90, "texture": "#texture" }
    }
},
{
    "from": [ 4, 0, 8 ],
    "to": [ 5, 1, 8.5 ],
    "faces": {
        "down":  { "uv": [ 4, 8.5, 5, 8 ], "texture": "#texture" },
        "up":    { "uv": [ 4, 8, 5, 8.5 ], "texture": "#texture" },
        "north": { "uv": [ 5, 8, 4, 8.5 ], "texture": "#texture" },
        "south": { "uv": [ 4, 8.5, 5, 8 ], "texture": "#texture" },
        "west":  { "uv": [ 4, 8, 4.5, 8.5 ], "rotation": 270, "texture": "#texture" },
        "east":  { "uv": [ 5, 8, 4.5, 8.5 ], "rotation": 90, "texture": "#texture" }
    }
},
{
    "from": [ 5.5, 0, 6.5 ],
    "to": [ 6, 1, 7.5 ],
    "faces": {
        "down":  { "uv": [ 5.5, 7.5, 6, 6.5 ], "texture": "#texture" },
        "up":    { "uv": [ 5.5, 6.5, 6, 7.5 ], "texture": "#texture" },
        "north": { "uv": [ 6, 6.5, 5.5, 7 ], "texture": "#texture" },
        "south": { "uv": [ 5.5, 7.5, 6, 7 ], "texture": "#texture" },
        "west":  { "uv": [ 5.5, 6.5, 6, 7.5 ], "rotation": 270, "texture": "#texture" },
        "east":  { "uv": [ 6, 6.5, 5.5, 7.5 ], "rotation": 90, "texture": "#texture" }
    }
},
{
    "from": [ 6, 0, 6.5 ],
    "to": [ 13.5, 1, 7 ],
    "faces": {
        "down":  { "uv": [ 6, 7, 13.5, 6.5 ], "texture": "#texture" },
        "up":    { "uv": [ 6, 6.5, 13.5, 7 ], "texture": "#texture" },
        "north": { "uv": [ 13.5, 6.5, 6, 7 ], "texture": "#texture" },
        "south": { "uv": [ 6, 7, 13.5, 6.5 ], "texture": "#texture" },
        "west":  { "uv": [ 6, 6.5, 6.5, 7 ], "rotation": 270, "texture": "#texture" },
        "east":  { "uv": [ 13.5, 6.5, 13, 7 ], "rotation": 90, "texture": "#texture" }
    }
},
{
    "from": [ 6.5, 0, 6 ],
    "to": [ 9, 1, 6.5 ],
    "faces": {
        "down":  { "uv": [ 6.5, 6.5, 9, 6 ], "texture": "#texture" },
        "up":    { "uv": [ 6.5, 6, 9, 6.5 ], "texture": "#texture" },
        "north": { "uv": [ 9, 6, 6.5, 6.5 ], "texture": "#texture" },
        "south": { "uv": [ 6.5, 6.5, 9, 6 ], "texture": "#texture" },
        "west":  { "uv": [ 6.5, 6, 7, 6.5 ], "rotation": 270, "texture": "#texture" },
        "east":  { "uv": [ 9, 6, 8.5, 6.5 ], "rotation": 90, "texture": "#texture" }
    }
},
{
    "from": [ 6.5, 0, 7 ],
    "to": [ 9, 1, 7.5 ],
    "faces": {
        "down":  { "uv": [ 6.5, 7.5, 9, 7 ], "texture": "#texture" },
        "up":    { "uv": [ 6.5, 7, 9, 7.5 ], "texture": "#texture" },
        "north": { "uv": [ 9, 7, 6.5, 7.5 ], "texture": "#texture" },
        "south": { "uv": [ 6.5, 7.5, 9, 7 ], "texture": "#texture" },
        "west":  { "uv": [ 6.5, 7, 7, 7.5 ], "rotation": 270, "texture": "#texture" },
        "east":  { "uv": [ 9, 7, 8.5, 7.5 ], "rotation": 90, "texture": "#texture" }
    }
},
{
    "from": [ 7, 0, 7.5 ],
    "to": [ 8.5, 1, 8 ],
    "faces": {
        "down":  { "uv": [ 7, 8, 8.5, 7.5 ], "texture": "#texture" },
        "up":    { "uv": [ 7, 7.5, 8.5, 8 ], "texture": "#texture" },
        "north": { "uv": [ 8.5, 7.5, 7, 8 ], "texture": "#texture" },
        "south": { "uv": [ 7, 8, 8.5, 7.5 ], "texture": "#texture" },
        "west":  { "uv": [ 7, 7.5, 7.5, 8 ], "rotation": 270, "texture": "#texture" },
        "east":  { "uv": [ 8.5, 7.5, 8, 8 ], "rotation": 90, "texture": "#texture" }
    }
},
{
    "from": [ 10, 0, 6 ],
    "to": [ 13.5, 1, 6.5 ],
    "faces": {
        "down":  { "uv": [ 10, 6.5, 13.5, 6 ], "texture": "#texture" },
        "up":    { "uv": [ 10, 6, 13.5, 6.5 ], "texture": "#texture" },
        "north": { "uv": [ 13.5, 6, 10, 6.5 ], "texture": "#texture" },
        "south": { "uv": [ 10, 6.5, 13.5, 6 ], "texture": "#texture" },
        "west":  { "uv": [ 10, 6, 10.5, 6.5 ], "rotation": 270, "texture": "#texture" },
        "east":  { "uv": [ 13.5, 6, 13, 6.5 ], "rotation": 90, "texture": "#texture" }
    }
},
{
    "from": [ 10, 0, 7 ],
    "to": [ 14, 1, 7.5 ],
    "faces": {
        "down":  { "uv": [ 10, 7.5, 14, 7 ], "texture": "#texture" },
        "up":    { "uv": [ 10, 7, 14, 7.5 ], "texture": "#texture" },
        "north": { "uv": [ 14, 7, 10, 7.5 ], "texture": "#texture" },
        "south": { "uv": [ 10, 7.5, 14, 7 ], "texture": "#texture" },
        "west":  { "uv": [ 10, 7, 10.5, 7.5 ], "rotation": 270, "texture": "#texture" },
        "east":  { "uv": [ 14, 7, 13.5, 7.5 ], "rotation": 90, "texture": "#texture" }
    }
},
{
    "from": [ 10.5, 0, 7.5 ],
    "to": [ 14, 1, 8 ],
    "faces": {
        "down":  { "uv": [ 10.5, 8, 14, 7.5 ], "texture": "#texture" },
        "up":    { "uv": [ 10.5, 7.5, 14, 8 ], "texture": "#texture" },
        "north": { "uv": [ 14, 7.5, 10.5, 8 ], "texture": "#texture" },
        "south": { "uv": [ 10.5, 8, 14, 7.5 ], "texture": "#texture" },
        "west":  { "uv": [ 10.5, 7.5, 11, 8 ], "rotation": 270, "texture": "#texture" },
        "east":  { "uv": [ 14, 7.5, 13.5, 8 ], "rotation": 90, "texture": "#texture" }
    }
},
{
    "from": [ 11, 0, 8 ],
    "to": [ 13.5, 1, 8.5 ],
    "faces": {
        "down":  { "uv": [ 11, 8.5, 13.5, 8 ], "texture": "#texture" },
        "up":    { "uv": [ 11, 8, 13.5, 8.5 ], "texture": "#texture" },
        "north": { "uv": [ 13.5, 8, 11, 8.5 ], "texture": "#texture" },
        "south": { "uv": [ 11, 8.5, 13.5, 8 ], "texture": "#texture" },
        "west":  { "uv": [ 11, 8, 11.5, 8.5 ], "rotation": 270, "texture": "#texture" },
        "east":  { "uv": [ 13.5, 8, 13, 8.5 ], "rotation": 90, "texture": "#texture" }
    }
},
{
    "from": [ 12, 0, 8.5 ],
    "to": [ 13.5, 1, 9 ],
    "faces": {
        "down":  { "uv": [ 12, 9, 13.5, 8.5 ], "texture": "#texture" },
        "up":    { "uv": [ 12, 8.5, 13.5, 9 ], "texture": "#texture" },
        "north": { "uv": [ 13.5, 8.5, 12, 9 ], "texture": "#texture" },
        "south": { "uv": [ 12, 9, 13.5, 8.5 ], "texture": "#texture" },
        "west":  { "uv": [ 12, 8.5, 12.5, 9 ], "rotation": 270, "texture": "#texture" },
        "east":  { "uv": [ 13.5, 8.5, 13, 9 ], "rotation": 90, "texture": "#texture" }
    }
},
{
    "from": [ 12.5, 0, 9 ],
    "to": [ 13, 1, 9.5 ],
    "faces": {
        "down":  { "uv": [ 12.5, 9.5, 13, 9 ], "texture": "#texture" },
        "up":    { "uv": [ 12.5, 9, 13, 9.5 ], "texture": "#texture" },
        "north": { "uv": [ 13, 9, 12.5, 9.5 ], "texture": "#texture" },
        "south": { "uv": [ 12.5, 9.5, 13, 9 ], "texture": "#texture" },
        "west":  { "uv": [ 12.5, 9, 13, 9.5 ], "rotation": 270, "texture": "#texture" },
        "east":  { "uv": [ 13, 9, 12.5, 9.5 ], "rotation": 90, "texture": "#texture" }
    }
},
{
    "from": [ 1.5, 0.25, 7 ],
    "to": [ 6, 0.75, 8 ],
    "faces": {
        "down":  { "uv": [ 1.5, 8, 6, 7 ], "texture": "#texture" },
        "up":    { "uv": [ 1.5, 7, 6, 8 ], "texture": "#texture" },
        "north": { "uv": [ 6, 7, 1.5, 7.5 ], "texture": "#texture" },
        "south": { "uv": [ 1.5, 8, 6, 7.5 ], "texture": "#texture" },
        "west":  { "uv": [ 1.5, 7, 2, 8 ], "rotation": 270, "texture": "#texture" },
        "east":  { "uv": [ 6, 7, 5.5, 8 ], "rotation": 90, "texture": "#texture" }
    }
},
{
    "from": [ 2, 0.25, 6 ],
    "to": [ 14, 0.75, 7 ],
    "faces": {
        "down":  { "uv": [ 2, 7, 14, 6 ], "texture": "#texture" },
        "up":    { "uv": [ 2, 6, 14, 7 ], "texture": "#texture" },
        "north": { "uv": [ 14, 6, 2, 6.5 ], "texture": "#texture" },
        "south": { "uv": [ 2, 7, 14, 6.5 ], "texture": "#texture" },
        "west":  { "uv": [ 2, 6, 2.5, 7 ], "rotation": 270, "texture": "#texture" },
        "east":  { "uv": [ 14, 6, 13.5, 7 ], "rotation": 90, "texture": "#texture" }
    }
},
{
    "from": [ 2, 0.25, 8 ],
    "to": [ 5, 0.75, 9 ],
    "faces": {
        "down":  { "uv": [ 2, 9, 5, 8 ], "texture": "#texture" },
        "up":    { "uv": [ 2, 8, 5, 9 ], "texture": "#texture" },
        "north": { "uv": [ 5, 8, 2, 8.5 ], "texture": "#texture" },
        "south": { "uv": [ 2, 9, 5, 8.5 ], "texture": "#texture" },
        "west":  { "uv": [ 2, 8, 2.5, 9 ], "rotation": 270, "texture": "#texture" },
        "east":  { "uv": [ 5, 8, 4.5, 9 ], "rotation": 90, "texture": "#texture" }
    }
},
{
    "from": [ 2.5, 0.25, 5.5 ],
    "to": [ 5.5, 0.75, 6 ],
    "faces": {
        "down":  { "uv": [ 2.5, 6, 5.5, 5.5 ], "texture": "#texture" },
        "up":    { "uv": [ 2.5, 5.5, 5.5, 6 ], "texture": "#texture" },
        "north": { "uv": [ 5.5, 5.5, 2.5, 6 ], "texture": "#texture" },
        "south": { "uv": [ 2.5, 6, 5.5, 5.5 ], "texture": "#texture" },
        "west":  { "uv": [ 2.5, 5.5, 3, 6 ], "rotation": 270, "texture": "#texture" },
        "east":  { "uv": [ 5.5, 5.5, 5, 6 ], "rotation": 90, "texture": "#texture" }
    }
},
{
    "from": [ 2.5, 0.25, 9 ],
    "to": [ 4, 0.75, 9.5 ],
    "faces": {
        "down":  { "uv": [ 2.5, 9.5, 4, 9 ], "texture": "#texture" },
        "up":    { "uv": [ 2.5, 9, 4, 9.5 ], "texture": "#texture" },
        "north": { "uv": [ 4, 9, 2.5, 9.5 ], "texture": "#texture" },
        "south": { "uv": [ 2.5, 9.5, 4, 9 ], "texture": "#texture" },
        "west":  { "uv": [ 2.5, 9, 3, 9.5 ], "rotation": 270, "texture": "#texture" },
        "east":  { "uv": [ 4, 9, 3.5, 9.5 ], "rotation": 90, "texture": "#texture" }
    }
},
{
    "from": [ 3, 0.25, 9.5 ],
    "to": [ 4, 0.75, 10 ],
    "faces": {
        "down":  { "uv": [ 3, 10, 4, 9.5 ], "texture": "#texture" },
        "up":    { "uv": [ 3, 9.5, 4, 10 ], "texture": "#texture" },
        "north": { "uv": [ 4, 9.5, 3, 10 ], "texture": "#texture" },
        "south": { "uv": [ 3, 10, 4, 9.5 ], "texture": "#texture" },
        "west":  { "uv": [ 3, 9.5, 3.5, 10 ], "rotation": 270, "texture": "#texture" },
        "east":  { "uv": [ 4, 9.5, 3.5, 10 ], "rotation": 90, "texture": "#texture" }
    }
},
{
    "from": [ 5, 0.25, 8 ],
    "to": [ 5.5, 0.75, 8.5 ],
    "faces": {
        "down":  { "uv": [ 5, 8.5, 5.5, 8 ], "texture": "#texture" },
        "up":    { "uv": [ 5, 8, 5.5, 8.5 ], "texture": "#texture" },
        "north": { "uv": [ 5.5, 8, 5, 8.5 ], "texture": "#texture" },
        "south": { "uv": [ 5, 8.5, 5.5, 8 ], "texture": "#texture" },
        "west":  { "uv": [ 5, 8, 5.5, 8.5 ], "rotation": 270, "texture": "#texture" },
        "east":  { "uv": [ 5.5, 8, 5, 8.5 ], "rotation": 90, "texture": "#texture" }
    }
},
{
    "from": [ 6, 0.25, 7 ],
    "to": [ 14.5, 0.75, 7.5 ],
    "faces": {
        "down":  { "uv": [ 6, 7.5, 14.5, 7 ], "texture": "#texture" },
        "up":    { "uv": [ 6, 7, 14.5, 7.5 ], "texture": "#texture" },
        "north": { "uv": [ 14.5, 7, 6, 7.5 ], "texture": "#texture" },
        "south": { "uv": [ 6, 7.5, 14.5, 7 ], "texture": "#texture" },
        "west":  { "uv": [ 6, 7, 6.5, 7.5 ], "rotation": 270, "texture": "#texture" },
        "east":  { "uv": [ 14.5, 7, 14, 7.5 ], "rotation": 90, "texture": "#texture" }
    }
},
{
    "from": [ 6.5, 0.25, 5.5 ],
    "to": [ 9, 0.75, 6 ],
    "faces": {
        "down":  { "uv": [ 6.5, 6, 9, 5.5 ], "texture": "#texture" },
        "up":    { "uv": [ 6.5, 5.5, 9, 6 ], "texture": "#texture" },
        "north": { "uv": [ 9, 5.5, 6.5, 6 ], "texture": "#texture" },
        "south": { "uv": [ 6.5, 6, 9, 5.5 ], "texture": "#texture" },
        "west":  { "uv": [ 6.5, 5.5, 7, 6 ], "rotation": 270, "texture": "#texture" },
        "east":  { "uv": [ 9, 5.5, 8.5, 6 ], "rotation": 90, "texture": "#texture" }
    }
},
{
    "from": [ 6.5, 0.25, 7.5 ],
    "to": [ 9, 0.75, 8 ],
    "faces": {
        "down":  { "uv": [ 6.5, 8, 9, 7.5 ], "texture": "#texture" },
        "up":    { "uv": [ 6.5, 7.5, 9, 8 ], "texture": "#texture" },
        "north": { "uv": [ 9, 7.5, 6.5, 8 ], "texture": "#texture" },
        "south": { "uv": [ 6.5, 8, 9, 7.5 ], "texture": "#texture" },
        "west":  { "uv": [ 6.5, 7.5, 7, 8 ], "rotation": 270, "texture": "#texture" },
        "east":  { "uv": [ 9, 7.5, 8.5, 8 ], "rotation": 90, "texture": "#texture" }
    }
},
{
    "from": [ 7, 0.25, 8 ],
    "to": [ 8.5, 0.75, 8.5 ],
    "faces": {
        "down":  { "uv": [ 7, 8.5, 8.5, 8 ], "texture": "#texture" },
        "up":    { "uv": [ 7, 8, 8.5, 8.5 ], "texture": "#texture" },
        "north": { "uv": [ 8.5, 8, 7, 8.5 ], "texture": "#texture" },
        "south": { "uv": [ 7, 8.5, 8.5, 8 ], "texture": "#texture" },
        "west":  { "uv": [ 7, 8, 7.5, 8.5 ], "rotation": 270, "texture": "#texture" },
        "east":  { "uv": [ 8.5, 8, 8, 8.5 ], "rotation": 90, "texture": "#texture" }
    }
},
{
    "from": [ 10, 0.25, 5.5 ],
    "to": [ 13.5, 0.75, 6 ],
    "faces": {
        "down":  { "uv": [ 10, 6, 13.5, 5.5 ], "texture": "#texture" },
        "up":    { "uv": [ 10, 5.5, 13.5, 6 ], "texture": "#texture" },
        "north": { "uv": [ 13.5, 5.5, 10, 6 ], "texture": "#texture" },
        "south": { "uv": [ 10, 6, 13.5, 5.5 ], "texture": "#texture" },
        "west":  { "uv": [ 10, 5.5, 10.5, 6 ], "rotation": 270, "texture": "#texture" },
        "east":  { "uv": [ 13.5, 5.5, 13, 6 ], "rotation": 90, "texture": "#texture" }
    }
},
{
    "from": [ 10, 0.25, 7.5 ],
    "to": [ 14.5, 0.75, 8 ],
    "faces": {
        "down":  { "uv": [ 10, 8, 14.5, 7.5 ], "texture": "#texture" },
        "up":    { "uv": [ 10, 7.5, 14.5, 8 ], "texture": "#texture" },
        "north": { "uv": [ 14.5, 7.5, 10, 8 ], "texture": "#texture" },
        "south": { "uv": [ 10, 8, 14.5, 7.5 ], "texture": "#texture" },
        "west":  { "uv": [ 10, 7.5, 10.5, 8 ], "rotation": 270, "texture": "#texture" },
        "east":  { "uv": [ 14.5, 7.5, 14, 8 ], "rotation": 90, "texture": "#texture" }
    }
},
{
    "from": [ 10.5, 0.25, 8 ],
    "to": [ 14, 0.75, 8.5 ],
    "faces": {
        "down":  { "uv": [ 10.5, 8.5, 14, 8 ], "texture": "#texture" },
        "up":    { "uv": [ 10.5, 8, 14, 8.5 ], "texture": "#texture" },
        "north": { "uv": [ 14, 8, 10.5, 8.5 ], "texture": "#texture" },
        "south": { "uv": [ 10.5, 8.5, 14, 8 ], "texture": "#texture" },
        "west":  { "uv": [ 10.5, 8, 11, 8.5 ], "rotation": 270, "texture": "#texture" },
        "east":  { "uv": [ 14, 8, 13.5, 8.5 ], "rotation": 90, "texture": "#texture" }
    }
},
{
    "from": [ 11, 0.25, 8.5 ],
    "to": [ 14, 0.75, 9 ],
    "faces": {
        "down":  { "uv": [ 11, 9, 14, 8.5 ], "texture": "#texture" },
        "up":    { "uv": [ 11, 8.5, 14, 9 ], "texture": "#texture" },
        "north": { "uv": [ 14, 8.5, 11, 9 ], "texture": "#texture" },
        "south": { "uv": [ 11, 9, 14, 8.5 ], "texture": "#texture" },
        "west":  { "uv": [ 11, 8.5, 11.5, 9 ], "rotation": 270, "texture": "#texture" },
        "east":  { "uv": [ 14, 8.5, 13.5, 9 ], "rotation": 90, "texture": "#texture" }
    }
},
{
    "from": [ 12, 0.25, 9 ],
    "to": [ 13, 0.75, 10 ],
    "faces": {
        "down":  { "uv": [ 12, 10, 13, 9 ], "texture": "#texture" },
        "up":    { "uv": [ 12, 9, 13, 10 ], "texture": "#texture" },
        "north": { "uv": [ 13, 9, 12, 9.5 ], "texture": "#texture" },
        "south": { "uv": [ 12, 10, 13, 9.5 ], "texture": "#texture" },
        "west":  { "uv": [ 12, 9, 12.5, 10 ], "rotation": 270, "texture": "#texture" },
        "east":  { "uv": [ 13, 9, 12.5, 10 ], "rotation": 90, "texture": "#texture" }
    }
},
{
    "from": [ 13, 0.25, 9 ],
    "to": [ 13.5, 0.75, 9.5 ],
    "faces": {
        "down":  { "uv": [ 13, 9.5, 13.5, 9 ], "texture": "#texture" },
        "up":    { "uv": [ 13, 9, 13.5, 9.5 ], "texture": "#texture" },
        "north": { "uv": [ 13.5, 9, 13, 9.5 ], "texture": "#texture" },
        "south": { "uv": [ 13, 9.5, 13.5, 9 ], "texture": "#texture" },
        "west":  { "uv": [ 13, 9, 13.5, 9.5 ], "rotation": 270, "texture": "#texture" },
        "east":  { "uv": [ 13.5, 9, 13, 9.5 ], "rotation": 90, "texture": "#texture" }
    }
}
],
"display": {
    "thirdperson_righthand": {
        "rotation": [ 0, 90, -35 ],
        "translation": [ 0, 5.29, -3.59 ],
        "scale": [ 0.85, 0.85, 0.85 ]
    },
    "thirdperson_lefthand": {
        "rotation": [ 0, 90, -35 ],
        "translation": [ 0, 5.29, -3.59 ],
        "scale": [ 0.85, 0.85, 0.85 ]
    },
    "head": {
        "rotation": [ 69, 0, 0 ],
        "translation": [ 0, 4.91, 14.17 ],
        "scale": [ 1, 1, 1 ]
    },
    "ground": {
        "rotation": [ 0, 0, 0 ],
        "translation": [ 0, 7.37, 0 ],
        "scale": [ 1, 1, 1 ]
    },
    "fixed": {
        "rotation": [ 90, 0, 0 ],
        "translation": [ 0, 0, 7.37 ],
        "scale": [ 1, 1, 1 ]
    },
    "firstperson_righthand": {
        "rotation": [ 0, 28, 61 ],
        "translation": [ 0, 5.29, 0.94 ],
        "scale": [ 1, 1, 1 ]
    },
    "firstperson_lefthand": {
        "rotation": [ 0, 14, 61 ],
        "translation": [ -2.08, 5.29, -0.38 ],
        "scale": [ 1, 1, 1 ]
    },
    "gui": {
        "rotation": [ 105, 0, -35 ],
        "translation": [ 4.16, -1.13, 0 ],
        "scale": [ 1, 1, 1 ]
    }
}
}