{
"__comment": "Designed by Zorigami",
"textures": {
    "texture": "blocks/hats/graduation_hat"
},
"elements": [ 
{
    "__comment": "Top",
    "from": [ 5.5, 7, 7 ],
    "to": [ 6, 9, 9 ],
    "faces": {
        "down":  { "uv": [ 5.501, 4.501, 5.999, 4.999 ], "texture": "#texture" },
        "up":    { "uv": [ 5.501, 7.001, 5.999, 7.499 ], "texture": "#texture" },
        "north": { "uv": [ 5.999, 7.001, 5.501, 8.999 ], "texture": "#texture" },
        "south": { "uv": [ 5.501, 7.001, 5.999, 8.999 ], "texture": "#texture" },
        "west":  { "uv": [ 5.501, 7.001, 5.999, 8.999 ], "texture": "#texture" },
        "east":  { "uv": [ 5.501, 3.001, 5.999, 4.999 ], "texture": "#texture" }
    }
},
{
    "__comment": "Top",
    "from": [ 7, 7, 5.5 ],
    "to": [ 9, 9, 6 ],
    "faces": {
        "down":  { "uv": [ 7.001, 4.501, 8.999, 4.999 ], "texture": "#texture" },
        "up":    { "uv": [ 7.001, 7.001, 8.999, 7.499 ], "texture": "#texture" },
        "north": { "uv": [ 8.999, 7.001, 7.001, 8.999 ], "texture": "#texture" },
        "south": { "uv": [ 7.001, 3.001, 8.999, 4.999 ], "texture": "#texture" },
        "west":  { "uv": [ 7.001, 7.001, 7.499, 8.999 ], "texture": "#texture" },
        "east":  { "uv": [ 8.501, 7.001, 8.999, 8.999 ], "texture": "#texture" }
    }
},
{
    "__comment": "Top",
    "from": [ 6, 9, 6.5 ],
    "to": [ 10, 9.5, 9.5 ],
    "faces": {
        "down":  { "uv": [ 6.001, 2.501, 9.999, 2.999 ], "texture": "#texture" },
        "up":    { "uv": [ 6.001, 6.501, 9.999, 6.999 ], "texture": "#texture" },
        "north": { "uv": [ 9.999, 6.501, 6.001, 6.999 ], "texture": "#texture" },
        "south": { "uv": [ 6.001, 6.501, 9.999, 6.999 ], "texture": "#texture" },
        "west":  { "uv": [ 6.001, 6.501, 6.499, 6.999 ], "texture": "#texture" },
        "east":  { "uv": [ 9.501, 6.501, 9.999, 6.999 ], "texture": "#texture" }
    }
},
{
    "__comment": "Top",
    "from": [ 6.5, 9, 6.5 ],
    "to": [ 9.5, 10, 9.5 ],
    "faces": {
        "down":  { "uv": [ 6.501, 2.501, 9.499, 2.999 ], "texture": "#texture" },
        "up":    { "uv": [ 6.501, 6.001, 9.499, 6.499 ], "texture": "#texture" },
        "north": { "uv": [ 9.499, 6.001, 6.501, 6.999 ], "texture": "#texture" },
        "south": { "uv": [ 6.501, 6.001, 9.499, 6.999 ], "texture": "#texture" },
        "west":  { "uv": [ 6.501, 6.001, 6.999, 6.999 ], "texture": "#texture" },
        "east":  { "uv": [ 9.001, 6.001, 9.499, 6.999 ], "texture": "#texture" }
    }
},
{
    "__comment": "Top",
    "from": [ 6.5, 9, 6 ],
    "to": [ 9.5, 9.5, 10 ],
    "faces": {
        "down":  { "uv": [ 6.501, 2.501, 9.499, 2.999 ], "texture": "#texture" },
        "up":    { "uv": [ 6.501, 6.501, 9.499, 6.999 ], "texture": "#texture" },
        "north": { "uv": [ 9.499, 6.501, 6.501, 6.999 ], "texture": "#texture" },
        "south": { "uv": [ 6.501, 6.501, 9.499, 6.999 ], "texture": "#texture" },
        "west":  { "uv": [ 6.501, 6.501, 6.999, 6.999 ], "texture": "#texture" },
        "east":  { "uv": [ 9.001, 6.501, 9.499, 6.999 ], "texture": "#texture" }
    }
},
{
    "__comment": "Top",
    "from": [ 7, 10, 7 ],
    "to": [ 9, 10.5, 9 ],
    "faces": {
        "down":  { "uv": [ 7.001, 5.501, 8.999, 5.999 ], "texture": "#texture" },
        "up":    { "uv": [ 7.001, 5.501, 8.999, 5.999 ], "texture": "#texture" },
        "north": { "uv": [ 8.999, 5.501, 7.001, 5.999 ], "texture": "#texture" },
        "south": { "uv": [ 7.001, 5.501, 8.999, 5.999 ], "texture": "#texture" },
        "west":  { "uv": [ 7.001, 5.501, 7.499, 5.999 ], "texture": "#texture" },
        "east":  { "uv": [ 8.501, 5.501, 8.999, 5.999 ], "texture": "#texture" }
    }
},
{
    "__comment": "Top",
    "from": [ 6, 9.5, 7.5 ],
    "to": [ 10, 10, 8.5 ],
    "faces": {
        "down":  { "uv": [ 6.001, 6.001, 9.999, 6.499 ], "texture": "#texture" },
        "up":    { "uv": [ 6.001, 6.001, 9.999, 6.499 ], "texture": "#texture" },
        "north": { "uv": [ 9.999, 6.001, 6.001, 6.499 ], "texture": "#texture" },
        "south": { "uv": [ 6.001, 6.001, 9.999, 6.499 ], "texture": "#texture" },
        "west":  { "uv": [ 6.001, 6.001, 6.499, 6.499 ], "texture": "#texture" },
        "east":  { "uv": [ 9.501, 6.001, 9.999, 6.499 ], "texture": "#texture" }
    }
},
{
    "__comment": "Top",
    "from": [ 7.5, 9.5, 6 ],
    "to": [ 8.5, 10, 10 ],
    "faces": {
        "down":  { "uv": [ 7.501, 6.001, 8.499, 6.499 ], "texture": "#texture" },
        "up":    { "uv": [ 7.501, 6.001, 8.499, 6.499 ], "texture": "#texture" },
        "north": { "uv": [ 8.499, 6.001, 7.501, 6.499 ], "texture": "#texture" },
        "south": { "uv": [ 7.501, 6.001, 8.499, 6.499 ], "texture": "#texture" },
        "west":  { "uv": [ 7.501, 6.001, 7.999, 6.499 ], "texture": "#texture" },
        "east":  { "uv": [ 8.001, 6.001, 8.499, 6.499 ], "texture": "#texture" }
    }
},
{
    "__comment": "Top",
    "from": [ 10, 7, 7 ],
    "to": [ 10.5, 9, 9 ],
    "faces": {
        "down":  { "uv": [ 10.001, 4.501, 10.499, 4.999 ], "texture": "#texture" },
        "up":    { "uv": [ 10.001, 7.001, 10.499, 7.499 ], "texture": "#texture" },
        "north": { "uv": [ 10.499, 7.001, 10.001, 8.999 ], "texture": "#texture" },
        "south": { "uv": [ 10.001, 7.001, 10.499, 8.999 ], "texture": "#texture" },
        "west":  { "uv": [ 10.001, 3.001, 10.499, 4.999 ], "texture": "#texture" },
        "east":  { "uv": [ 10.001, 7.001, 10.499, 8.999 ], "texture": "#texture" }
    }
},
{
    "__comment": "Top",
    "from": [ 6, 7, 9 ],
    "to": [ 6.5, 9, 10 ],
    "faces": {
        "down":  { "uv": [ 6.001, 4.501, 6.499, 4.999 ], "texture": "#texture" },
        "up":    { "uv": [ 6.001, 7.001, 6.499, 7.499 ], "texture": "#texture" },
        "north": { "uv": [ 6.499, 3.001, 6.001, 4.999 ], "texture": "#texture" },
        "south": { "uv": [ 6.001, 7.001, 6.499, 8.999 ], "texture": "#texture" },
        "west":  { "uv": [ 6.001, 7.001, 6.499, 8.999 ], "texture": "#texture" },
        "east":  { "uv": [ 6.001, 3.001, 6.499, 4.999 ], "texture": "#texture" }
    }
},
{
    "__comment": "Top",
    "from": [ 9.5, 7, 9 ],
    "to": [ 10, 9, 10 ],
    "faces": {
        "down":  { "uv": [ 9.501, 4.501, 9.999, 4.999 ], "texture": "#texture" },
        "up":    { "uv": [ 9.501, 7.001, 9.999, 7.499 ], "texture": "#texture" },
        "north": { "uv": [ 9.999, 3.001, 9.501, 4.999 ], "texture": "#texture" },
        "south": { "uv": [ 9.501, 7.001, 9.999, 8.999 ], "texture": "#texture" },
        "west":  { "uv": [ 9.501, 3.001, 9.999, 4.999 ], "texture": "#texture" },
        "east":  { "uv": [ 9.501, 7.001, 9.999, 8.999 ], "texture": "#texture" }
    }
},
{
    "__comment": "Top",
    "from": [ 7, 7, 10 ],
    "to": [ 9, 9, 10.5 ],
    "faces": {
        "down":  { "uv": [ 7.001, 4.501, 8.999, 4.999 ], "texture": "#texture" },
        "up":    { "uv": [ 7.001, 7.001, 8.999, 7.499 ], "texture": "#texture" },
        "north": { "uv": [ 8.999, 3.001, 7.001, 4.999 ], "texture": "#texture" },
        "south": { "uv": [ 7.001, 7.001, 8.999, 8.999 ], "texture": "#texture" },
        "west":  { "uv": [ 7.001, 7.001, 7.499, 8.999 ], "texture": "#texture" },
        "east":  { "uv": [ 8.501, 7.001, 8.999, 8.999 ], "texture": "#texture" }
    }
},
{
    "__comment": "Top",
    "from": [ 9, 7, 9.5 ],
    "to": [ 9.5, 9, 10 ],
    "faces": {
        "down":  { "uv": [ 9.001, 4.501, 9.499, 4.999 ], "texture": "#texture" },
        "up":    { "uv": [ 9.001, 7.001, 9.499, 7.499 ], "texture": "#texture" },
        "north": { "uv": [ 9.499, 3.001, 9.001, 4.999 ], "texture": "#texture" },
        "south": { "uv": [ 9.001, 7.001, 9.499, 8.999 ], "texture": "#texture" },
        "west":  { "uv": [ 9.001, 3.001, 9.499, 4.999 ], "texture": "#texture" },
        "east":  { "uv": [ 9.001, 7.001, 9.499, 8.999 ], "texture": "#texture" }
    }
},
{
    "__comment": "Top",
    "from": [ 6.5, 7, 9.5 ],
    "to": [ 7, 9, 10 ],
    "faces": {
        "down":  { "uv": [ 6.501, 4.501, 6.999, 4.999 ], "texture": "#texture" },
        "up":    { "uv": [ 6.501, 7.001, 6.999, 7.499 ], "texture": "#texture" },
        "north": { "uv": [ 6.999, 3.001, 6.501, 4.999 ], "texture": "#texture" },
        "south": { "uv": [ 6.501, 7.001, 6.999, 8.999 ], "texture": "#texture" },
        "west":  { "uv": [ 6.501, 7.001, 6.999, 8.999 ], "texture": "#texture" },
        "east":  { "uv": [ 6.501, 3.001, 6.999, 4.999 ], "texture": "#texture" }
    }
},
{
    "__comment": "Top",
    "from": [ 9.5, 7, 6 ],
    "to": [ 10, 9, 7 ],
    "faces": {
        "down":  { "uv": [ 9.501, 4.501, 9.999, 4.999 ], "texture": "#texture" },
        "up":    { "uv": [ 9.501, 7.001, 9.999, 7.499 ], "texture": "#texture" },
        "north": { "uv": [ 9.999, 7.001, 9.501, 8.999 ], "texture": "#texture" },
        "south": { "uv": [ 9.501, 3.001, 9.999, 4.999 ], "texture": "#texture" },
        "west":  { "uv": [ 9.501, 3.001, 9.999, 4.999 ], "texture": "#texture" },
        "east":  { "uv": [ 9.501, 7.001, 9.999, 8.999 ], "texture": "#texture" }
    }
},
{
    "__comment": "Top",
    "from": [ 9, 7, 6 ],
    "to": [ 9.5, 9, 6.5 ],
    "faces": {
        "down":  { "uv": [ 9.001, 4.501, 9.499, 4.999 ], "texture": "#texture" },
        "up":    { "uv": [ 9.001, 7.001, 9.499, 7.499 ], "texture": "#texture" },
        "north": { "uv": [ 9.499, 7.001, 9.001, 8.999 ], "texture": "#texture" },
        "south": { "uv": [ 9.001, 3.001, 9.499, 4.999 ], "texture": "#texture" },
        "west":  { "uv": [ 9.001, 3.001, 9.499, 4.999 ], "texture": "#texture" },
        "east":  { "uv": [ 9.001, 7.001, 9.499, 8.999 ], "texture": "#texture" }
    }
},
{
    "__comment": "Top",
    "from": [ 6.5, 7, 6 ],
    "to": [ 7, 9, 6.5 ],
    "faces": {
        "down":  { "uv": [ 6.501, 4.501, 6.999, 4.999 ], "texture": "#texture" },
        "up":    { "uv": [ 6.501, 7.001, 6.999, 7.499 ], "texture": "#texture" },
        "north": { "uv": [ 6.999, 7.001, 6.501, 8.999 ], "texture": "#texture" },
        "south": { "uv": [ 6.501, 3.001, 6.999, 4.999 ], "texture": "#texture" },
        "west":  { "uv": [ 6.501, 7.001, 6.999, 8.999 ], "texture": "#texture" },
        "east":  { "uv": [ 6.501, 3.001, 6.999, 4.999 ], "texture": "#texture" }
    }
},
{
    "__comment": "Top",
    "from": [ 6, 7, 6 ],
    "to": [ 6.5, 9, 7 ],
    "faces": {
        "down":  { "uv": [ 6.001, 4.501, 6.499, 4.999 ], "texture": "#texture" },
        "up":    { "uv": [ 6.001, 7.001, 6.499, 7.499 ], "texture": "#texture" },
        "north": { "uv": [ 6.499, 7.001, 6.001, 8.999 ], "texture": "#texture" },
        "south": { "uv": [ 6.001, 3.001, 6.499, 4.999 ], "texture": "#texture" },
        "west":  { "uv": [ 6.001, 7.001, 6.499, 8.999 ], "texture": "#texture" },
        "east":  { "uv": [ 6.001, 3.001, 6.499, 4.999 ], "texture": "#texture" }
    }
},
{
    "__comment": "Brim",
    "from": [ 4.5, 10.25, 4.5 ],
    "to": [ 11.5, 10.75, 11.5 ],
    "faces": {
        "down":  { "uv": [ 4.501, 15.999, 11.499, 9.001 ], "texture": "#texture" },
        "up":    { "uv": [ 4.501, 9.001, 11.499, 15.999 ], "texture": "#texture" },
        "north": { "uv": [ 11.499, 9.001, 4.501, 9.499 ], "texture": "#texture" },
        "south": { "uv": [ 4.501, 15.501, 11.499, 15.999 ], "texture": "#texture" },
        "west":  { "uv": [ 4.501, 9.001, 4.999, 15.999 ], "rotation": 270, "texture": "#texture" },
        "east":  { "uv": [ 11.001, 9.001, 11.499, 15.999 ], "rotation": 90, "texture": "#texture" }
    }
},
{
    "__comment": "Brim*",
    "from": [ 7.75, 10.75, 7.75 ],
    "to": [ 11.5, 11, 8.25 ],
    "faces": {
        "down":  { "uv": [ 2.501, 1.001, 6.249, 1.499 ], "texture": "#texture" },
        "up":    { "uv": [ 2.501, 1.001, 6.249, 1.499 ], "texture": "#texture" },
        "north": { "uv": [ 6.249, 1.001, 2.501, 1.499 ], "texture": "#texture" },
        "south": { "uv": [ 2.501, 1.001, 6.249, 1.499 ], "texture": "#texture" },
        "west":  { "uv": [ 2.501, 1.001, 2.999, 1.499 ], "rotation": 270, "texture": "#texture" },
        "east":  { "uv": [ 5.501, 1.001, 5.999, 1.499 ], "rotation": 90, "texture": "#texture" }
    }
},
{
    "__comment": "Brim*",
    "from": [ 11.5, 8.75, 7.75 ],
    "to": [ 11.75, 10.75, 8.25 ],
    "faces": {
        "down":  { "uv": [ 2.001, 3.001, 2.499, 3.499 ], "texture": "#texture" },
        "up":    { "uv": [ 2.001, 1.501, 2.499, 1.999 ], "texture": "#texture" },
        "north": { "uv": [ 2.499, 1.501, 2.001, 3.499 ], "texture": "#texture" },
        "south": { "uv": [ 2.001, 1.501, 2.499, 3.499 ], "texture": "#texture" },
        "west":  { "uv": [ 2.001, 1.501, 2.499, 3.749 ], "rotation": 270, "texture": "#texture" },
        "east":  { "uv": [ 2.001, 1.501, 2.499, 3.499 ], "rotation": 90, "texture": "#texture" }
    }
},
{
    "__comment": "Brim*",
    "from": [ 11.5, 6.75, 7.5 ],
    "to": [ 11.75, 8.75, 8.5 ],
    "faces": {
        "down":  { "uv": [ 1.501, 3.001, 1.999, 3.499 ], "texture": "#texture" },
        "up":    { "uv": [ 1.501, 1.501, 1.999, 1.999 ], "texture": "#texture" },
        "north": { "uv": [ 1.999, 1.501, 1.501, 3.499 ], "texture": "#texture" },
        "south": { "uv": [ 1.501, 1.501, 1.999, 3.499 ], "texture": "#texture" },
        "west":  { "uv": [ 1.501, 1.501, 1.999, 3.749 ], "rotation": 270, "texture": "#texture" },
        "east":  { "uv": [ 1.501, 1.501, 1.999, 3.499 ], "rotation": 90, "texture": "#texture" }
    }
},
{
    "__comment": "Brim*",
    "from": [ 11.25, 6.75, 7.75 ],
    "to": [ 12, 8.75, 8.25 ],
    "faces": {
        "down":  { "uv": [ 1.501, 3.001, 1.999, 3.499 ], "texture": "#texture" },
        "up":    { "uv": [ 1.501, 1.501, 1.999, 1.999 ], "texture": "#texture" },
        "north": { "uv": [ 1.999, 1.501, 1.501, 3.499 ], "texture": "#texture" },
        "south": { "uv": [ 1.501, 1.501, 1.999, 3.499 ], "texture": "#texture" },
        "west":  { "uv": [ 1.501, 1.501, 1.999, 3.749 ], "rotation": 270, "texture": "#texture" },
        "east":  { "uv": [ 1.501, 1.501, 1.999, 3.499 ], "rotation": 90, "texture": "#texture" }
    }
},
{
    "__comment": "Brim*",
    "from": [ 11.5, 6.5, 7.75 ],
    "to": [ 11.75, 6.75, 8.25 ],
    "faces": {
        "down":  { "uv": [ 1.501, 1.501, 1.999, 1.999 ], "texture": "#texture" },
        "up":    { "uv": [ 1.501, 1.501, 1.999, 1.999 ], "texture": "#texture" },
        "north": { "uv": [ 1.999, 1.501, 1.501, 1.999 ], "texture": "#texture" },
        "south": { "uv": [ 1.501, 1.501, 1.999, 1.999 ], "texture": "#texture" },
        "west":  { "uv": [ 1.501, 1.501, 1.999, 1.999 ], "rotation": 270, "texture": "#texture" },
        "east":  { "uv": [ 1.501, 1.501, 1.999, 1.999 ], "rotation": 90, "texture": "#texture" }
    }
}
],
"display": {
    "thirdperson_righthand": {
        "rotation": [ -154, 180, 90 ],
        "translation": [ -3, -3.21, -4.35 ],
        "scale": [ 1.2, 1.2, 1.2 ]
    },
    "thirdperson_lefthand": {
        "rotation": [ -154, 180, 90 ],
        "translation": [ -3, -3.21, -4.35 ],
        "scale": [ -1.2, 1.2, 1.2 ]
    },
    "head": {
        "rotation": [ 0, 180, 0 ],
        "translation": [ 0, 9.64, 0 ],
        "scale": [ 3.2, 3.2, 3.2 ]
    },
    "ground": {
        "rotation": [ 0, 0, 0 ],
        "translation": [ 0, -1.32, 0 ],
        "scale": [ 1, 1, 1 ]
    },
    "fixed": {
        "rotation": [ -24, 180, 0 ],
        "translation": [ 0, -1.9, -3.3 ],
        "scale": [ 1.5, 1.5, 1.5 ]
    },
    "firstperson_righthand": {
        "rotation": [ 0, 118, 0 ],
        "translation": [ 0, 2.83, 0 ],
        "scale": [ 0.8, 0.8, 0.8 ]
    },
    "firstperson_lefthand": {
        "rotation": [ 0, -79, 0 ],
        "translation": [ 0, 2.83, 0 ],
        "scale": [ 0.8, 0.8, 0.8 ]
    },
    "gui": {
        "rotation": [ 30, -45, 0 ],
        "translation": [ 0, -1.7, 0 ],
        "scale": [ 1.6, 1.6, 1.6 ]
    }
}
}