{
"__comment": "Designed by Zorigami",
"textures": {
    "texture": "blocks/hats/motorcyclist_helmet",
    "motorcyclist_helmet": "blocks/hats/motorcyclist_helmet"
},
"elements": [ 
{
    "__comment": "HelmetDone",
    "from": [ 3, 13, 3 ],
    "to": [ 13, 14, 13 ],
    "faces": {
        "down":  { "uv": [ 3.001, 2.001, 12.999, 2.999 ], "texture": "#texture" },
        "up":    { "uv": [ 3.001, 2.001, 12.999, 2.999 ], "texture": "#texture" },
        "north": { "uv": [ 12.999, 2.001, 3.001, 2.999 ], "texture": "#texture" },
        "south": { "uv": [ 3.001, 2.001, 12.999, 2.999 ], "texture": "#texture" },
        "west":  { "uv": [ 3.001, 2.001, 3.999, 2.999 ], "texture": "#texture" },
        "east":  { "uv": [ 12.001, 2.001, 12.999, 2.999 ], "texture": "#texture" }
    }
},
{
    "__comment": "HelmetDone",
    "from": [ 13, 3, 3 ],
    "to": [ 14, 13, 11 ],
    "faces": {
        "down":  { "uv": [ 13.001, 12.001, 13.999, 12.999 ], "texture": "#texture" },
        "up":    { "uv": [ 13.001, 3.001, 13.999, 3.999 ], "texture": "#texture" },
        "north": { "uv": [ 13.999, 3.001, 13.001, 12.999 ], "texture": "#texture" },
        "south": { "uv": [ 13.001, 3.001, 13.999, 12.999 ], "texture": "#texture" },
        "west":  { "uv": [ 13.001, 3.001, 13.999, 12.999 ], "texture": "#texture" },
        "east":  { "uv": [ 13.001, 3.001, 13.999, 12.999 ], "texture": "#texture" }
    }
},
{
    "__comment": "HelmetDone",
    "from": [ 2, 3, 3 ],
    "to": [ 3, 13, 11 ],
    "faces": {
        "down":  { "uv": [ 2.001, 12.001, 2.999, 12.999 ], "texture": "#texture" },
        "up":    { "uv": [ 2.001, 3.001, 2.999, 3.999 ], "texture": "#texture" },
        "north": { "uv": [ 2.999, 3.001, 2.001, 12.999 ], "texture": "#texture" },
        "south": { "uv": [ 2.001, 3.001, 2.999, 12.999 ], "texture": "#texture" },
        "west":  { "uv": [ 2.001, 3.001, 2.999, 12.999 ], "texture": "#texture" },
        "east":  { "uv": [ 2.001, 3.001, 2.999, 12.999 ], "texture": "#texture" }
    }
},
{
    "__comment": "HelmetDone",
    "from": [ 3, 3, 2 ],
    "to": [ 13, 13, 3 ],
    "faces": {
        "down":  { "uv": [ 3.001, 12.001, 12.999, 12.999 ], "texture": "#texture" },
        "up":    { "uv": [ 3.001, 3.001, 12.999, 3.999 ], "texture": "#texture" },
        "north": { "uv": [ 12.999, 3.001, 3.001, 12.999 ], "texture": "#texture" },
        "south": { "uv": [ 3.001, 3.001, 12.999, 12.999 ], "texture": "#texture" },
        "west":  { "uv": [ 3.001, 3.001, 3.999, 12.999 ], "texture": "#texture" },
        "east":  { "uv": [ 12.001, 3.001, 12.999, 12.999 ], "texture": "#texture" }
    }
},
{
    "__comment": "HelmetDone",
    "from": [ 5, 14, 4 ],
    "to": [ 11, 15, 12 ],
    "faces": {
        "down":  { "uv": [ 5.001, 1.001, 10.999, 1.999 ], "texture": "#texture" },
        "up":    { "uv": [ 5.001, 1.001, 10.999, 1.999 ], "texture": "#texture" },
        "north": { "uv": [ 10.999, 1.001, 5.001, 1.999 ], "texture": "#texture" },
        "south": { "uv": [ 5.001, 1.001, 10.999, 1.999 ], "texture": "#texture" },
        "west":  { "uv": [ 5.001, 1.001, 5.999, 1.999 ], "texture": "#texture" },
        "east":  { "uv": [ 10.001, 1.001, 10.999, 1.999 ], "texture": "#texture" }
    }
},
{
    "__comment": "HelmetDone",
    "from": [ 4, 14, 5 ],
    "to": [ 12, 15, 11 ],
    "faces": {
        "down":  { "uv": [ 4.001, 1.001, 11.999, 1.999 ], "texture": "#texture" },
        "up":    { "uv": [ 4.001, 1.001, 11.999, 1.999 ], "texture": "#texture" },
        "north": { "uv": [ 11.999, 1.001, 4.001, 1.999 ], "texture": "#texture" },
        "south": { "uv": [ 4.001, 1.001, 11.999, 1.999 ], "texture": "#texture" },
        "west":  { "uv": [ 4.001, 1.001, 4.999, 1.999 ], "texture": "#texture" },
        "east":  { "uv": [ 11.001, 1.001, 11.999, 1.999 ], "texture": "#texture" }
    }
},
{
    "__comment": "HelmetDone",
    "from": [ 14, 5, 4 ],
    "to": [ 15, 11, 12 ],
    "faces": {
        "down":  { "uv": [ 14.001, 10.001, 14.999, 10.999 ], "texture": "#texture" },
        "up":    { "uv": [ 14.001, 5.001, 14.999, 5.999 ], "texture": "#texture" },
        "north": { "uv": [ 14.999, 5.001, 14.001, 10.999 ], "texture": "#texture" },
        "south": { "uv": [ 14.001, 5.001, 14.999, 10.999 ], "texture": "#texture" },
        "west":  { "uv": [ 14.001, 5.001, 14.999, 10.999 ], "texture": "#texture" },
        "east":  { "uv": [ 14.001, 5.001, 14.999, 10.999 ], "texture": "#texture" }
    }
},
{
    "__comment": "HelmetDone",
    "from": [ 14, 4, 5 ],
    "to": [ 15, 12, 11 ],
    "faces": {
        "down":  { "uv": [ 14.001, 11.001, 14.999, 11.999 ], "texture": "#texture" },
        "up":    { "uv": [ 14.001, 4.001, 14.999, 4.999 ], "texture": "#texture" },
        "north": { "uv": [ 14.999, 4.001, 14.001, 11.999 ], "texture": "#texture" },
        "south": { "uv": [ 14.001, 4.001, 14.999, 11.999 ], "texture": "#texture" },
        "west":  { "uv": [ 12.001, 4.001, 12.999, 11.999 ], "texture": "#texture" },
        "east":  { "uv": [ 14.001, 4.001, 14.999, 11.999 ], "texture": "#texture" }
    }
},
{
    "__comment": "HelmetDone",
    "from": [ 1, 5, 4 ],
    "to": [ 2, 11, 12 ],
    "faces": {
        "down":  { "uv": [ 1.001, 10.001, 1.999, 10.999 ], "texture": "#texture" },
        "up":    { "uv": [ 1.001, 5.001, 1.999, 5.999 ], "texture": "#texture" },
        "north": { "uv": [ 1.999, 5.001, 1.001, 10.999 ], "texture": "#texture" },
        "south": { "uv": [ 1.001, 5.001, 1.999, 10.999 ], "texture": "#texture" },
        "west":  { "uv": [ 1.001, 5.001, 1.999, 10.999 ], "texture": "#texture" },
        "east":  { "uv": [ 1.001, 5.001, 1.999, 10.999 ], "texture": "#texture" }
    }
},
{
    "__comment": "HelmetDone",
    "from": [ 1, 4, 5 ],
    "to": [ 2, 12, 11 ],
    "faces": {
        "down":  { "uv": [ 1.001, 11.001, 1.999, 11.999 ], "texture": "#texture" },
        "up":    { "uv": [ 1.001, 4.001, 1.999, 4.999 ], "texture": "#texture" },
        "north": { "uv": [ 1.999, 4.001, 1.001, 11.999 ], "texture": "#texture" },
        "south": { "uv": [ 1.001, 4.001, 1.999, 11.999 ], "texture": "#texture" },
        "west":  { "uv": [ 1.001, 4.001, 1.999, 11.999 ], "texture": "#texture" },
        "east":  { "uv": [ 1.001, 4.001, 1.999, 11.999 ], "texture": "#texture" }
    }
},
{
    "__comment": "HelmetDone",
    "from": [ 5, 4, 1 ],
    "to": [ 11, 12, 2 ],
    "faces": {
        "down":  { "uv": [ 5.001, 11.001, 10.999, 11.999 ], "texture": "#texture" },
        "up":    { "uv": [ 5.001, 4.001, 10.999, 4.999 ], "texture": "#texture" },
        "north": { "uv": [ 10.999, 4.001, 5.001, 11.999 ], "texture": "#texture" },
        "south": { "uv": [ 5.001, 4.001, 10.999, 11.999 ], "texture": "#texture" },
        "west":  { "uv": [ 5.001, 4.001, 5.999, 11.999 ], "texture": "#texture" },
        "east":  { "uv": [ 10.001, 4.001, 10.999, 11.999 ], "texture": "#texture" }
    }
},
{
    "__comment": "HelmetDone",
    "from": [ 4, 5, 1 ],
    "to": [ 12, 11, 2 ],
    "faces": {
        "down":  { "uv": [ 4.001, 10.001, 11.999, 10.999 ], "texture": "#texture" },
        "up":    { "uv": [ 4.001, 5.001, 11.999, 5.999 ], "texture": "#texture" },
        "north": { "uv": [ 11.999, 5.001, 4.001, 10.999 ], "texture": "#texture" },
        "south": { "uv": [ 4.001, 5.001, 11.999, 10.999 ], "texture": "#texture" },
        "west":  { "uv": [ 4.001, 5.001, 4.999, 10.999 ], "texture": "#texture" },
        "east":  { "uv": [ 11.001, 5.001, 11.999, 10.999 ], "texture": "#texture" }
    }
},
{
    "__comment": "HelmetDone",
    "from": [ 3, 10, 13 ],
    "to": [ 5, 13, 14 ],
    "faces": {
        "down":  { "uv": [ 3.001, 5.001, 4.999, 5.999 ], "texture": "#texture" },
        "up":    { "uv": [ 3.001, 3.001, 4.999, 3.999 ], "texture": "#texture" },
        "north": { "uv": [ 4.999, 3.001, 3.001, 5.999 ], "texture": "#texture" },
        "south": { "uv": [ 3.001, 3.001, 4.999, 5.999 ], "texture": "#texture" },
        "west":  { "uv": [ 3.001, 3.001, 3.999, 5.999 ], "texture": "#texture" },
        "east":  { "uv": [ 4.001, 3.001, 4.999, 5.999 ], "texture": "#texture" }
    }
},
{
    "__comment": "HelmetDone",
    "from": [ 3, 2, 13 ],
    "to": [ 5, 7, 14 ],
    "faces": {
        "down":  { "uv": [ 3.001, 13.001, 4.999, 13.999 ], "texture": "#texture" },
        "up":    { "uv": [ 3.001, 9.001, 4.999, 9.999 ], "texture": "#texture" },
        "north": { "uv": [ 4.999, 9.001, 3.001, 13.999 ], "texture": "#texture" },
        "south": { "uv": [ 3.001, 9.001, 4.999, 13.999 ], "texture": "#texture" },
        "west":  { "uv": [ 3.001, 9.001, 3.999, 13.999 ], "texture": "#texture" },
        "east":  { "uv": [ 4.001, 9.001, 4.999, 13.999 ], "texture": "#texture" }
    }
},
{
    "__comment": "HelmetDone",
    "from": [ 5, 1, 14 ],
    "to": [ 11, 6, 15 ],
    "faces": {
        "down":  { "uv": [ 5.001, 14.001, 10.999, 14.999 ], "texture": "#texture" },
        "up":    { "uv": [ 5.001, 10.001, 10.999, 10.999 ], "texture": "#texture" },
        "north": { "uv": [ 10.999, 10.001, 5.001, 14.999 ], "texture": "#texture" },
        "south": { "uv": [ 5.001, 10.001, 10.999, 14.999 ], "texture": "#texture" },
        "west":  { "uv": [ 5.001, 10.001, 5.999, 14.999 ], "texture": "#texture" },
        "east":  { "uv": [ 10.001, 10.001, 10.999, 14.999 ], "texture": "#texture" }
    }
},
{
    "__comment": "HelmetDone",
    "from": [ 5, 10, 14 ],
    "to": [ 11, 12, 15 ],
    "faces": {
        "down":  { "uv": [ 5.001, 5.001, 10.999, 5.999 ], "texture": "#texture" },
        "up":    { "uv": [ 5.001, 4.001, 10.999, 4.999 ], "texture": "#texture" },
        "north": { "uv": [ 10.999, 4.001, 5.001, 5.999 ], "texture": "#texture" },
        "south": { "uv": [ 5.001, 4.001, 10.999, 5.999 ], "texture": "#texture" },
        "west":  { "uv": [ 5.001, 4.001, 5.999, 5.999 ], "texture": "#texture" },
        "east":  { "uv": [ 10.001, 4.001, 10.999, 5.999 ], "texture": "#texture" }
    }
},
{
    "__comment": "HelmetDone",
    "from": [ 11, 2, 13 ],
    "to": [ 13, 7, 14 ],
    "faces": {
        "down":  { "uv": [ 11.001, 13.001, 12.999, 13.999 ], "texture": "#texture" },
        "up":    { "uv": [ 11.001, 9.001, 12.999, 9.999 ], "texture": "#texture" },
        "north": { "uv": [ 12.999, 9.001, 11.001, 13.999 ], "texture": "#texture" },
        "south": { "uv": [ 11.001, 9.001, 12.999, 13.999 ], "texture": "#texture" },
        "west":  { "uv": [ 11.001, 9.001, 11.999, 13.999 ], "texture": "#texture" },
        "east":  { "uv": [ 12.001, 9.001, 12.999, 13.999 ], "texture": "#texture" }
    }
},
{
    "__comment": "HelmetDone",
    "from": [ 11, 10, 13 ],
    "to": [ 13, 13, 14 ],
    "faces": {
        "down":  { "uv": [ 11.001, 5.001, 12.999, 5.999 ], "texture": "#texture" },
        "up":    { "uv": [ 11.001, 3.001, 12.999, 3.999 ], "texture": "#texture" },
        "north": { "uv": [ 12.999, 3.001, 11.001, 5.999 ], "texture": "#texture" },
        "south": { "uv": [ 11.001, 3.001, 12.999, 5.999 ], "texture": "#texture" },
        "west":  { "uv": [ 11.001, 3.001, 11.999, 5.999 ], "texture": "#texture" },
        "east":  { "uv": [ 12.001, 3.001, 12.999, 5.999 ], "texture": "#texture" }
    }
},
{
    "__comment": "Visor",
    "from": [ 5, 6, 13 ],
    "to": [ 11, 10, 14 ],
    "faces": {
        "down":  { "uv": [ 5.001, 0.001, 10.999, 0.999 ], "texture": "#texture" },
        "up":    { "uv": [ 5.001, 0.001, 10.999, 0.999 ], "texture": "#texture" },
        "north": { "uv": [ 10.999, 0.001, 5.001, 0.999 ], "texture": "#texture" },
        "south": { "uv": [ 5.001, 0.001, 10.999, 0.999 ], "texture": "#texture" },
        "west":  { "uv": [ 5.001, 0.001, 5.999, 0.999 ], "texture": "#texture" },
        "east":  { "uv": [ 10.001, 0.001, 10.999, 0.999 ], "texture": "#texture" }
    }
},
{
    "__comment": "Visor",
    "from": [ 3, 7, 12 ],
    "to": [ 5, 10, 13 ],
    "faces": {
        "down":  { "uv": [ 3.001, 0.001, 4.999, 0.999 ], "texture": "#texture" },
        "up":    { "uv": [ 3.001, 0.001, 4.999, 0.999 ], "texture": "#texture" },
        "north": { "uv": [ 4.999, 0.001, 3.001, 0.999 ], "texture": "#texture" },
        "south": { "uv": [ 3.001, 0.001, 4.999, 0.999 ], "texture": "#texture" },
        "west":  { "uv": [ 3.001, 0.001, 3.999, 0.999 ], "texture": "#texture" },
        "east":  { "uv": [ 4.001, 0.001, 4.999, 0.999 ], "texture": "#texture" }
    }
},
{
    "__comment": "Visor",
    "from": [ 11, 7, 12 ],
    "to": [ 13, 10, 13 ],
    "faces": {
        "down":  { "uv": [ 11.001, 0.001, 12.999, 0.999 ], "texture": "#texture" },
        "up":    { "uv": [ 11.001, 0.001, 12.999, 0.999 ], "texture": "#texture" },
        "north": { "uv": [ 12.999, 0.001, 11.001, 0.999 ], "texture": "#texture" },
        "south": { "uv": [ 11.001, 0.001, 12.999, 0.999 ], "texture": "#texture" },
        "west":  { "uv": [ 11.001, 0.001, 11.999, 0.999 ], "texture": "#texture" },
        "east":  { "uv": [ 12.001, 0.001, 12.999, 0.999 ], "texture": "#texture" }
    }
},
{
    "__comment": "HelmetDone",
    "from": [ 2, 9, 11 ],
    "to": [ 3, 13, 13 ],
    "faces": {
        "down":  { "uv": [ 2.001, 6.001, 2.999, 6.999 ], "texture": "#texture" },
        "up":    { "uv": [ 2.001, 3.001, 2.999, 3.999 ], "texture": "#texture" },
        "north": { "uv": [ 2.999, 3.001, 2.001, 6.999 ], "texture": "#texture" },
        "south": { "uv": [ 2.001, 3.001, 2.999, 6.999 ], "texture": "#texture" },
        "west":  { "uv": [ 2.001, 3.001, 2.999, 6.999 ], "texture": "#texture" },
        "east":  { "uv": [ 2.001, 3.001, 2.999, 6.999 ], "texture": "#texture" }
    }
},
{
    "__comment": "HelmetDone",
    "from": [ 2, 3, 11 ],
    "to": [ 3, 8, 13 ],
    "faces": {
        "down":  { "uv": [ 2.001, 12.001, 2.999, 12.999 ], "texture": "#texture" },
        "up":    { "uv": [ 2.001, 8.001, 2.999, 8.999 ], "texture": "#texture" },
        "north": { "uv": [ 2.999, 8.001, 2.001, 12.999 ], "texture": "#texture" },
        "south": { "uv": [ 2.001, 8.001, 2.999, 12.999 ], "texture": "#texture" },
        "west":  { "uv": [ 2.001, 8.001, 2.999, 12.999 ], "texture": "#texture" },
        "east":  { "uv": [ 2.001, 8.001, 2.999, 12.999 ], "texture": "#texture" }
    }
},
{
    "__comment": "HelmetDone",
    "from": [ 13, 9, 11 ],
    "to": [ 14, 13, 13 ],
    "faces": {
        "down":  { "uv": [ 13.001, 6.001, 13.999, 6.999 ], "texture": "#texture" },
        "up":    { "uv": [ 13.001, 3.001, 13.999, 3.999 ], "texture": "#texture" },
        "north": { "uv": [ 13.999, 3.001, 13.001, 6.999 ], "texture": "#texture" },
        "south": { "uv": [ 13.001, 3.001, 13.999, 6.999 ], "texture": "#texture" },
        "west":  { "uv": [ 13.001, 3.001, 13.999, 6.999 ], "texture": "#texture" },
        "east":  { "uv": [ 13.001, 3.001, 13.999, 6.999 ], "texture": "#texture" }
    }
},
{
    "__comment": "HelmetDone",
    "from": [ 13, 3, 11 ],
    "to": [ 14, 8, 13 ],
    "faces": {
        "down":  { "uv": [ 13.001, 12.001, 13.999, 12.999 ], "texture": "#texture" },
        "up":    { "uv": [ 13.001, 8.001, 13.999, 8.999 ], "texture": "#texture" },
        "north": { "uv": [ 13.999, 8.001, 13.001, 12.999 ], "texture": "#texture" },
        "south": { "uv": [ 13.001, 8.001, 13.999, 12.999 ], "texture": "#texture" },
        "west":  { "uv": [ 13.001, 8.001, 13.999, 12.999 ], "texture": "#texture" },
        "east":  { "uv": [ 13.001, 8.001, 13.999, 12.999 ], "texture": "#texture" }
    }
},
{
    "__comment": "Visor",
    "from": [ 13, 8, 11 ],
    "to": [ 14, 9, 12 ],
    "faces": {
        "down":  { "uv": [ 13.001, 0.001, 13.999, 0.999 ], "texture": "#texture" },
        "up":    { "uv": [ 13.001, 0.001, 13.999, 0.999 ], "texture": "#texture" },
        "north": { "uv": [ 13.999, 0.001, 13.001, 0.999 ], "texture": "#texture" },
        "south": { "uv": [ 13.001, 0.001, 13.999, 0.999 ], "texture": "#texture" },
        "west":  { "uv": [ 13.001, 0.001, 13.999, 0.999 ], "texture": "#texture" },
        "east":  { "uv": [ 13.001, 0.001, 13.999, 0.999 ], "texture": "#texture" }
    }
},
{
    "__comment": "Visor",
    "from": [ 2, 8, 11 ],
    "to": [ 3, 9, 12 ],
    "faces": {
        "down":  { "uv": [ 2.001, 0.001, 2.999, 0.999 ], "texture": "#texture" },
        "up":    { "uv": [ 2.001, 0.001, 2.999, 0.999 ], "texture": "#texture" },
        "north": { "uv": [ 2.999, 0.001, 2.001, 0.999 ], "texture": "#texture" },
        "south": { "uv": [ 2.001, 0.001, 2.999, 0.999 ], "texture": "#texture" },
        "west":  { "uv": [ 2.001, 0.001, 2.999, 0.999 ], "texture": "#texture" },
        "east":  { "uv": [ 2.001, 0.001, 2.999, 0.999 ], "texture": "#texture" }
    }
},
{
    "__comment": "HelmetDone",
    "from": [ 5, 12, 13 ],
    "to": [ 11, 13, 14 ],
    "faces": {
        "down":  { "uv": [ 5.001, 3.001, 10.999, 3.999 ], "texture": "#texture" },
        "up":    { "uv": [ 5.001, 3.001, 10.999, 3.999 ], "texture": "#texture" },
        "north": { "uv": [ 10.999, 3.001, 5.001, 3.999 ], "texture": "#texture" },
        "south": { "uv": [ 5.001, 3.001, 10.999, 3.999 ], "texture": "#texture" },
        "west":  { "uv": [ 5.001, 3.001, 5.999, 3.999 ], "texture": "#texture" },
        "east":  { "uv": [ 10.001, 3.001, 10.999, 3.999 ], "texture": "#texture" }
    }
}
],
"display": {
    "thirdperson_righthand": {
        "rotation": [ -55, 0, 0 ],
        "translation": [ 0, -3.21, -4.72 ],
        "scale": [ 0.6, 0.6, 0.6 ]
    },
    "thirdperson_lefthand": {
        "rotation": [ -55, 0, 0 ],
        "translation": [ 0, -3.21, -4.72 ],
        "scale": [ 0.6, 0.6, 0.6 ]
    },
    "head": {
        "rotation": [ 0, 180, 0 ],
        "translation": [ 0, 0, 0 ],
        "scale": [ 1.3, 1.3, 1.3 ]
    },
    "ground": {
        "rotation": [ 0, 0, 0 ],
        "translation": [ 0, 1.7, 0 ],
        "scale": [ 0.5, 0.5, 0.5 ]
    },
    "fixed": {
        "rotation": [ 0, 180, 0 ],
        "translation": [ 0, 0, -0.7 ],
        "scale": [ 0.9, 1, 0.8 ]
    },
    "firstperson_righthand": {
        "rotation": [ 0, -80, 0 ],
        "translation": [ -0.5, 3.59, 0 ],
        "scale": [ 0.4, 0.4, 0.4 ]
    },
    "firstperson_lefthand": {
        "rotation": [ 0, -80, 0 ],
        "translation": [ -0.5, 3.59, 0 ],
        "scale": [ 0.4, 0.4, 0.4 ]
    },
    "gui": {
        "rotation": [ 30, -45, 0 ],
        "translation": [ -0.95, 0, 0 ],
        "scale": [ 0.8, 0.8, 0.8 ]
    }
}
}