{
"__comment": "Designed by Zorigami",
"textures": {
    "texture": "blocks/hats/top_hat"
},
"elements": [ 
{
    "__comment": "Pipe",
    "from": [ 4, 4, 4 ],
    "to": [ 12, 13, 5 ],
    "faces": {
        "down":  { "uv": [ 4.001, 11.001, 11.999, 11.999 ], "texture": "#texture" },
        "up":    { "uv": [ 4.001, 3.001, 11.999, 3.999 ], "texture": "#texture" },
        "north": { "uv": [ 11.999, 3.001, 4.001, 11.999 ], "texture": "#texture" },
        "south": { "uv": [ 4.001, 3.001, 11.999, 11.999 ], "texture": "#texture" },
        "west":  { "uv": [ 4.001, 3.001, 4.999, 11.999 ], "texture": "#texture" },
        "east":  { "uv": [ 11.001, 3.001, 11.999, 11.999 ], "texture": "#texture" }
    }
},
{
    "__comment": "Pipe",
    "from": [ 6, 4, 3 ],
    "to": [ 10, 13, 4 ],
    "faces": {
        "down":  { "uv": [ 6.001, 11.001, 9.999, 11.999 ], "texture": "#texture" },
        "up":    { "uv": [ 6.001, 3.001, 9.999, 3.999 ], "texture": "#texture" },
        "north": { "uv": [ 9.999, 3.001, 6.001, 11.999 ], "texture": "#texture" },
        "south": { "uv": [ 6.001, 3.001, 9.999, 11.999 ], "texture": "#texture" },
        "west":  { "uv": [ 6.001, 3.001, 6.999, 11.999 ], "texture": "#texture" },
        "east":  { "uv": [ 9.001, 3.001, 9.999, 11.999 ], "texture": "#texture" }
    }
},
{
    "__comment": "Pipe",
    "from": [ 3, 4, 6 ],
    "to": [ 4, 13, 10 ],
    "faces": {
        "down":  { "uv": [ 3.001, 11.001, 3.999, 11.999 ], "texture": "#texture" },
        "up":    { "uv": [ 3.001, 3.001, 3.999, 3.999 ], "texture": "#texture" },
        "north": { "uv": [ 3.999, 3.001, 3.001, 11.999 ], "texture": "#texture" },
        "south": { "uv": [ 3.001, 3.001, 3.999, 11.999 ], "texture": "#texture" },
        "west":  { "uv": [ 3.001, 3.001, 3.999, 11.999 ], "texture": "#texture" },
        "east":  { "uv": [ 3.001, 3.001, 3.999, 11.999 ], "texture": "#texture" }
    }
},
{
    "__comment": "Pipe*",
    "from": [ 4, 3, 2 ],
    "to": [ 12, 4, 3 ],
    "faces": {
        "down":  { "uv": [ 4.001, 12.001, 11.999, 12.999 ], "texture": "#texture" },
        "up":    { "uv": [ 4.001, 12.001, 11.999, 12.999 ], "texture": "#texture" },
        "north": { "uv": [ 11.999, 12.001, 4.001, 12.999 ], "texture": "#texture" },
        "south": { "uv": [ 4.001, 12.001, 11.999, 12.999 ], "texture": "#texture" },
        "west":  { "uv": [ 4.001, 12.001, 4.999, 12.999 ], "texture": "#texture" },
        "east":  { "uv": [ 11.001, 12.001, 11.999, 12.999 ], "texture": "#texture" }
    }
},
{
    "__comment": "Pipe*",
    "from": [ 3, 3, 3 ],
    "to": [ 13, 4, 4 ],
    "faces": {
        "down":  { "uv": [ 3.001, 12.001, 12.999, 12.999 ], "texture": "#texture" },
        "up":    { "uv": [ 3.001, 12.001, 12.999, 12.999 ], "texture": "#texture" },
        "north": { "uv": [ 12.999, 12.001, 3.001, 12.999 ], "texture": "#texture" },
        "south": { "uv": [ 3.001, 12.001, 12.999, 12.999 ], "texture": "#texture" },
        "west":  { "uv": [ 3.001, 12.001, 3.999, 12.999 ], "texture": "#texture" },
        "east":  { "uv": [ 12.001, 12.001, 12.999, 12.999 ], "texture": "#texture" }
    }
},
{
    "__comment": "Pipe*",
    "from": [ 2, 3.5, 4 ],
    "to": [ 4, 4.5, 12 ],
    "faces": {
        "down":  { "uv": [ 2.001, 12.001, 3.999, 12.999 ], "texture": "#texture" },
        "up":    { "uv": [ 2.001, 12.001, 3.999, 12.999 ], "texture": "#texture" },
        "north": { "uv": [ 3.999, 12.001, 2.001, 12.999 ], "texture": "#texture" },
        "south": { "uv": [ 2.001, 12.001, 3.999, 12.999 ], "texture": "#texture" },
        "west":  { "uv": [ 2.001, 12.001, 2.999, 12.999 ], "texture": "#texture" },
        "east":  { "uv": [ 3.001, 12.001, 3.999, 12.999 ], "texture": "#texture" }
    }
},
{
    "__comment": "Pipe*",
    "from": [ 6, 3, 1 ],
    "to": [ 10, 4, 2 ],
    "faces": {
        "down":  { "uv": [ 6.001, 12.001, 9.999, 12.999 ], "texture": "#texture" },
        "up":    { "uv": [ 6.001, 12.001, 9.999, 12.999 ], "texture": "#texture" },
        "north": { "uv": [ 9.999, 12.001, 6.001, 12.999 ], "texture": "#texture" },
        "south": { "uv": [ 6.001, 12.001, 9.999, 12.999 ], "texture": "#texture" },
        "west":  { "uv": [ 6.001, 12.001, 6.999, 12.999 ], "texture": "#texture" },
        "east":  { "uv": [ 9.001, 12.001, 9.999, 12.999 ], "texture": "#texture" }
    }
},
{
    "__comment": "Pipe*",
    "from": [ 1, 4, 6 ],
    "to": [ 2, 5, 10 ],
    "faces": {
        "down":  { "uv": [ 1.001, 11.001, 1.999, 11.999 ], "texture": "#texture" },
        "up":    { "uv": [ 1.001, 11.001, 1.999, 11.999 ], "texture": "#texture" },
        "north": { "uv": [ 1.999, 11.001, 1.001, 11.999 ], "texture": "#texture" },
        "south": { "uv": [ 1.001, 11.001, 1.999, 11.999 ], "texture": "#texture" },
        "west":  { "uv": [ 1.001, 11.001, 1.999, 11.999 ], "texture": "#texture" },
        "east":  { "uv": [ 1.001, 11.001, 1.999, 11.999 ], "texture": "#texture" }
    }
},
{
    "__comment": "Pipe*",
    "from": [ 12, 3.5, 4 ],
    "to": [ 14, 4.5, 12 ],
    "faces": {
        "down":  { "uv": [ 12.001, 12.001, 13.999, 12.999 ], "texture": "#texture" },
        "up":    { "uv": [ 12.001, 12.001, 13.999, 12.999 ], "texture": "#texture" },
        "north": { "uv": [ 13.999, 12.001, 12.001, 12.999 ], "texture": "#texture" },
        "south": { "uv": [ 12.001, 12.001, 13.999, 12.999 ], "texture": "#texture" },
        "west":  { "uv": [ 12.001, 12.001, 12.999, 12.999 ], "texture": "#texture" },
        "east":  { "uv": [ 13.001, 12.001, 13.999, 12.999 ], "texture": "#texture" }
    }
},
{
    "__comment": "Pipe*",
    "from": [ 14, 4, 6 ],
    "to": [ 15, 5, 10 ],
    "faces": {
        "down":  { "uv": [ 14.001, 11.001, 14.999, 11.999 ], "texture": "#texture" },
        "up":    { "uv": [ 14.001, 11.001, 14.999, 11.999 ], "texture": "#texture" },
        "north": { "uv": [ 14.999, 11.001, 14.001, 11.999 ], "texture": "#texture" },
        "south": { "uv": [ 14.001, 11.001, 14.999, 11.999 ], "texture": "#texture" },
        "west":  { "uv": [ 14.001, 11.001, 14.999, 11.999 ], "texture": "#texture" },
        "east":  { "uv": [ 14.001, 11.001, 14.999, 11.999 ], "texture": "#texture" }
    }
},
{
    "__comment": "Pipe*",
    "from": [ 3, 3, 12 ],
    "to": [ 13, 4, 13 ],
    "faces": {
        "down":  { "uv": [ 3.001, 12.001, 12.999, 12.999 ], "texture": "#texture" },
        "up":    { "uv": [ 3.001, 12.001, 12.999, 12.999 ], "texture": "#texture" },
        "north": { "uv": [ 12.999, 12.001, 3.001, 12.999 ], "texture": "#texture" },
        "south": { "uv": [ 3.001, 12.001, 12.999, 12.999 ], "texture": "#texture" },
        "west":  { "uv": [ 3.001, 12.001, 3.999, 12.999 ], "texture": "#texture" },
        "east":  { "uv": [ 12.001, 12.001, 12.999, 12.999 ], "texture": "#texture" }
    }
},
{
    "__comment": "Pipe*",
    "from": [ 4, 3, 13 ],
    "to": [ 12, 4, 14 ],
    "faces": {
        "down":  { "uv": [ 4.001, 12.001, 11.999, 12.999 ], "texture": "#texture" },
        "up":    { "uv": [ 4.001, 12.001, 11.999, 12.999 ], "texture": "#texture" },
        "north": { "uv": [ 11.999, 12.001, 4.001, 12.999 ], "texture": "#texture" },
        "south": { "uv": [ 4.001, 12.001, 11.999, 12.999 ], "texture": "#texture" },
        "west":  { "uv": [ 4.001, 12.001, 4.999, 12.999 ], "texture": "#texture" },
        "east":  { "uv": [ 11.001, 12.001, 11.999, 12.999 ], "texture": "#texture" }
    }
},
{
    "__comment": "Pipe*",
    "from": [ 6, 3, 14 ],
    "to": [ 10, 4, 15 ],
    "faces": {
        "down":  { "uv": [ 6.001, 12.001, 9.999, 12.999 ], "texture": "#texture" },
        "up":    { "uv": [ 6.001, 12.001, 9.999, 12.999 ], "texture": "#texture" },
        "north": { "uv": [ 9.999, 12.001, 6.001, 12.999 ], "texture": "#texture" },
        "south": { "uv": [ 6.001, 12.001, 9.999, 12.999 ], "texture": "#texture" },
        "west":  { "uv": [ 6.001, 12.001, 6.999, 12.999 ], "texture": "#texture" },
        "east":  { "uv": [ 9.001, 12.001, 9.999, 12.999 ], "texture": "#texture" }
    }
},
{
    "__comment": "Pipe*",
    "from": [ 12, 3, 4 ],
    "to": [ 13, 4, 12 ],
    "faces": {
        "down":  { "uv": [ 12.001, 12.001, 12.999, 12.999 ], "texture": "#texture" },
        "up":    { "uv": [ 12.001, 12.001, 12.999, 12.999 ], "texture": "#texture" },
        "north": { "uv": [ 12.999, 12.001, 12.001, 12.999 ], "texture": "#texture" },
        "south": { "uv": [ 12.001, 12.001, 12.999, 12.999 ], "texture": "#texture" },
        "west":  { "uv": [ 12.001, 12.001, 12.999, 12.999 ], "texture": "#texture" },
        "east":  { "uv": [ 12.001, 12.001, 12.999, 12.999 ], "texture": "#texture" }
    }
},
{
    "__comment": "Pipe*",
    "from": [ 3, 3, 4 ],
    "to": [ 4, 4, 12 ],
    "faces": {
        "down":  { "uv": [ 3.001, 12.001, 3.999, 12.999 ], "texture": "#texture" },
        "up":    { "uv": [ 3.001, 12.001, 3.999, 12.999 ], "texture": "#texture" },
        "north": { "uv": [ 3.999, 12.001, 3.001, 12.999 ], "texture": "#texture" },
        "south": { "uv": [ 3.001, 12.001, 3.999, 12.999 ], "texture": "#texture" },
        "west":  { "uv": [ 3.001, 12.001, 3.999, 12.999 ], "texture": "#texture" },
        "east":  { "uv": [ 3.001, 12.001, 3.999, 12.999 ], "texture": "#texture" }
    }
},
{
    "__comment": "Pipe*",
    "from": [ 6, 4, 12 ],
    "to": [ 10, 13, 13 ],
    "faces": {
        "down":  { "uv": [ 6.001, 11.001, 9.999, 11.999 ], "texture": "#texture" },
        "up":    { "uv": [ 6.001, 3.001, 9.999, 3.999 ], "texture": "#texture" },
        "north": { "uv": [ 9.999, 3.001, 6.001, 11.999 ], "texture": "#texture" },
        "south": { "uv": [ 6.001, 3.001, 9.999, 11.999 ], "texture": "#texture" },
        "west":  { "uv": [ 6.001, 3.001, 6.999, 11.999 ], "texture": "#texture" },
        "east":  { "uv": [ 9.001, 3.001, 9.999, 11.999 ], "texture": "#texture" }
    }
},
{
    "__comment": "Pipe*",
    "from": [ 4, 4, 11 ],
    "to": [ 12, 13, 12 ],
    "faces": {
        "down":  { "uv": [ 4.001, 11.001, 11.999, 11.999 ], "texture": "#texture" },
        "up":    { "uv": [ 4.001, 3.001, 11.999, 3.999 ], "texture": "#texture" },
        "north": { "uv": [ 11.999, 3.001, 4.001, 11.999 ], "texture": "#texture" },
        "south": { "uv": [ 4.001, 3.001, 11.999, 11.999 ], "texture": "#texture" },
        "west":  { "uv": [ 4.001, 3.001, 4.999, 11.999 ], "texture": "#texture" },
        "east":  { "uv": [ 11.001, 3.001, 11.999, 11.999 ], "texture": "#texture" }
    }
},
{
    "__comment": "Pipe*",
    "from": [ 12, 4, 6 ],
    "to": [ 13, 13, 10 ],
    "faces": {
        "down":  { "uv": [ 12.001, 11.001, 12.999, 11.999 ], "texture": "#texture" },
        "up":    { "uv": [ 12.001, 3.001, 12.999, 3.999 ], "texture": "#texture" },
        "north": { "uv": [ 12.999, 3.001, 12.001, 11.999 ], "texture": "#texture" },
        "south": { "uv": [ 12.001, 3.001, 12.999, 11.999 ], "texture": "#texture" },
        "west":  { "uv": [ 12.001, 3.001, 12.999, 11.999 ], "texture": "#texture" },
        "east":  { "uv": [ 12.001, 3.001, 12.999, 11.999 ], "texture": "#texture" }
    }
},
{
    "__comment": "Pipe*",
    "from": [ 4, 12, 5 ],
    "to": [ 12, 13, 11 ],
    "faces": {
        "down":  { "uv": [ 4.001, 3.001, 11.999, 3.999 ], "texture": "#texture" },
        "up":    { "uv": [ 4.001, 3.001, 11.999, 3.999 ], "texture": "#texture" },
        "north": { "uv": [ 11.999, 3.001, 4.001, 3.999 ], "texture": "#texture" },
        "south": { "uv": [ 4.001, 3.001, 11.999, 3.999 ], "texture": "#texture" },
        "west":  { "uv": [ 4.001, 3.001, 4.999, 3.999 ], "texture": "#texture" },
        "east":  { "uv": [ 11.001, 3.001, 11.999, 3.999 ], "texture": "#texture" }
    }
},
{
    "__comment": "Pipe*",
    "from": [ 11, 4, 5 ],
    "to": [ 12, 12, 11 ],
    "faces": {
        "down":  { "uv": [ 12.001, 11.001, 12.999, 11.999 ], "texture": "#texture" },
        "up":    { "uv": [ 12.001, 4.001, 12.999, 4.999 ], "texture": "#texture" },
        "north": { "uv": [ 12.999, 4.001, 12.001, 11.999 ], "texture": "#texture" },
        "south": { "uv": [ 12.001, 4.001, 12.999, 11.999 ], "texture": "#texture" },
        "west":  { "uv": [ 12.001, 4.001, 12.999, 11.999 ], "texture": "#texture" },
        "east":  { "uv": [ 12.001, 4.001, 12.999, 11.999 ], "texture": "#texture" }
    }
},
{
    "__comment": "Pipe*",
    "from": [ 4, 4, 5 ],
    "to": [ 5, 12, 11 ],
    "faces": {
        "down":  { "uv": [ 3.001, 11.001, 3.999, 11.999 ], "texture": "#texture" },
        "up":    { "uv": [ 3.001, 4.001, 3.999, 4.999 ], "texture": "#texture" },
        "north": { "uv": [ 3.999, 4.001, 3.001, 11.999 ], "texture": "#texture" },
        "south": { "uv": [ 3.001, 4.001, 3.999, 11.999 ], "texture": "#texture" },
        "west":  { "uv": [ 3.001, 4.001, 3.999, 11.999 ], "texture": "#texture" },
        "east":  { "uv": [ 3.001, 4.001, 3.999, 11.999 ], "texture": "#texture" }
    }
}
],
"display": {
    "thirdperson_righthand": {
        "rotation": [ 0, 90, -14 ],
        "translation": [ 0, -0.57, -4.35 ],
        "scale": [ 0.7, 0.7, 0.7 ]
    },
    "thirdperson_lefthand": {
        "rotation": [ 0, 90, -14 ],
        "translation": [ 0, -0.57, -4.35 ],
        "scale": [ 0.7, 0.7, 0.7 ]
    },
    "head": {
        "rotation": [ 0, 0, 0 ],
        "translation": [ 0, 13.04, 0 ],
        "scale": [ 1.4, 1.4, 1.4 ]
    },
    "ground": {
        "rotation": [ 0, 0, 0 ],
        "translation": [ 0, 1.32, 0 ],
        "scale": [ 0.5, 0.5, 0.5 ]
    },
    "fixed": {
        "rotation": [ 0, 0, 0 ],
        "translation": [ 0, 0, -6.5 ],
        "scale": [ 1, 1, 1 ]
    },
    "firstperson_righthand": {
        "rotation": [ 0, -9, 0 ],
        "translation": [ -0.76, 3.59, 0.19 ],
        "scale": [ 0.4, 0.4, 0.4 ]
    },
    "firstperson_lefthand": {
        "rotation": [ 0, -9, 0 ],
        "translation": [ -0.76, 3.59, 0.19 ],
        "scale": [ 0.4, 0.4, 0.4 ]
    },
    "gui": {
        "rotation": [ 10, 0, 0 ],
        "translation": [ 0, 0, 0 ],
        "scale": [ 1.1, 1.1, 1.1 ]
    }
}
}