{
"__comment": "Designed by Zorigami",
"textures": {
    "texture": "blocks/hats/fez"
},
"elements": [ 
{
    "from": [ 4, 3, 4 ],
    "to": [ 5, 7, 5 ],
    "faces": {
        "down":  { "uv": [ 0.501, 5.001, 0.999, 5.499 ], "texture": "#texture" },
        "up":    { "uv": [ 0.501, 3.501, 0.999, 3.999 ], "texture": "#texture" },
        "north": { "uv": [ 0.999, 3.501, 0.501, 5.499 ], "texture": "#texture" },
        "south": { "uv": [ 0.501, 3.501, 0.999, 5.499 ], "texture": "#texture" },
        "west":  { "uv": [ 0.501, 3.501, 0.999, 5.499 ], "texture": "#texture" },
        "east":  { "uv": [ 0.501, 3.501, 0.999, 5.499 ], "texture": "#texture" }
    }
},
{
    "from": [ 3, 3, 5 ],
    "to": [ 4, 7, 11 ],
    "faces": {
        "down":  { "uv": [ 0.001, 5.001, 0.499, 5.499 ], "texture": "#texture" },
        "up":    { "uv": [ 0.001, 3.501, 0.499, 3.999 ], "texture": "#texture" },
        "north": { "uv": [ 0.499, 3.501, 0.001, 5.499 ], "texture": "#texture" },
        "south": { "uv": [ 0.001, 3.501, 0.499, 5.499 ], "texture": "#texture" },
        "west":  { "uv": [ 0.001, 3.501, 0.499, 5.499 ], "texture": "#texture" },
        "east":  { "uv": [ 0.001, 3.501, 0.499, 5.499 ], "texture": "#texture" }
    }
},
{
    "from": [ 4, 7, 5 ],
    "to": [ 12, 11, 11 ],
    "faces": {
        "down":  { "uv": [ 0.501, 3.001, 4.499, 3.499 ], "texture": "#texture" },
        "up":    { "uv": [ 0.501, 1.501, 4.499, 1.999 ], "texture": "#texture" },
        "north": { "uv": [ 4.499, 1.501, 0.501, 3.499 ], "texture": "#texture" },
        "south": { "uv": [ 0.501, 1.501, 4.499, 3.499 ], "texture": "#texture" },
        "west":  { "uv": [ 0.501, 1.501, 0.999, 3.499 ], "texture": "#texture" },
        "east":  { "uv": [ 10.001, 1.501, 12.999, 3.499 ], "texture": "#texture" }
    }
},
{
    "from": [ 5, 7, 4 ],
    "to": [ 11, 11, 12 ],
    "faces": {
        "down":  { "uv": [ 1.001, 3.001, 3.999, 3.499 ], "texture": "#texture" },
        "up":    { "uv": [ 1.001, 1.501, 3.999, 1.999 ], "texture": "#texture" },
        "north": { "uv": [ 3.999, 1.501, 1.001, 3.499 ], "texture": "#texture" },
        "south": { "uv": [ 1.001, 1.501, 3.999, 3.499 ], "texture": "#texture" },
        "west":  { "uv": [ 1.001, 1.501, 1.499, 3.499 ], "texture": "#texture" },
        "east":  { "uv": [ 3.501, 1.501, 3.999, 3.499 ], "texture": "#texture" }
    }
},
{
    "from": [ 5, 3, 3 ],
    "to": [ 11, 7, 4 ],
    "faces": {
        "down":  { "uv": [ 1.001, 5.001, 3.999, 5.499 ], "texture": "#texture" },
        "up":    { "uv": [ 1.001, 4.001, 3.999, 4.499 ], "texture": "#texture" },
        "north": { "uv": [ 3.999, 3.501, 1.001, 5.499 ], "texture": "#texture" },
        "south": { "uv": [ 1.001, 3.501, 3.999, 5.499 ], "texture": "#texture" },
        "west":  { "uv": [ 1.001, 3.501, 1.499, 5.499 ], "texture": "#texture" },
        "east":  { "uv": [ 3.501, 3.501, 3.999, 5.499 ], "texture": "#texture" }
    }
},
{
    "from": [ 5, 11, 5 ],
    "to": [ 11, 12, 11 ],
    "faces": {
        "down":  { "uv": [ 1.001, 1.001, 3.999, 1.499 ], "texture": "#texture" },
        "up":    { "uv": [ 5.501, 2.501, 8.499, 5.499 ], "texture": "#texture" },
        "north": { "uv": [ 3.999, 1.001, 1.001, 1.499 ], "texture": "#texture" },
        "south": { "uv": [ 1.001, 1.001, 3.999, 1.499 ], "texture": "#texture" },
        "west":  { "uv": [ 1.001, 1.001, 1.499, 1.499 ], "texture": "#texture" },
        "east":  { "uv": [ 10.001, 1.001, 12.999, 1.499 ], "texture": "#texture" }
    }
},
{
    "from": [ 7.5, 11.5, 7.5 ],
    "to": [ 11.5, 12.5, 8.5 ],
    "faces": {
        "down":  { "uv": [ 2.501, 0.001, 4.499, 0.499 ], "texture": "#texture" },
        "up":    { "uv": [ 2.501, 0.001, 4.499, 0.499 ], "texture": "#texture" },
        "north": { "uv": [ 4.499, 0.001, 2.501, 0.499 ], "texture": "#texture" },
        "south": { "uv": [ 2.501, 0.001, 4.499, 0.499 ], "texture": "#texture" },
        "west":  { "uv": [ 2.501, 0.001, 2.999, 0.499 ], "texture": "#texture" },
        "east":  { "uv": [ 4.001, 0.001, 4.499, 0.499 ], "texture": "#texture" }
    }
},
{
    "from": [ 11, 11, 7.5 ],
    "to": [ 12, 12, 8.5 ],
    "faces": {
        "down":  { "uv": [ 4.001, 0.001, 4.499, 0.499 ], "texture": "#texture" },
        "up":    { "uv": [ 4.001, 0.001, 4.499, 0.499 ], "texture": "#texture" },
        "north": { "uv": [ 4.499, 0.001, 4.001, 0.499 ], "texture": "#texture" },
        "south": { "uv": [ 4.001, 0.001, 4.499, 0.499 ], "texture": "#texture" },
        "west":  { "uv": [ 4.001, 0.001, 4.499, 0.499 ], "texture": "#texture" },
        "east":  { "uv": [ 4.001, 0.001, 4.499, 0.499 ], "texture": "#texture" }
    }
},
{
    "from": [ 11.5, 9, 7.5 ],
    "to": [ 12.5, 11.5, 8.5 ],
    "faces": {
        "down":  { "uv": [ 3.501, 0.001, 3.999, 0.499 ], "texture": "#texture" },
        "up":    { "uv": [ 4.001, 0.001, 4.499, 0.499 ], "texture": "#texture" },
        "north": { "uv": [ 4.499, 0.001, 3.501, 0.499 ], "rotation": 270, "texture": "#texture" },
        "south": { "uv": [ 3.501, 0.001, 4.499, 0.499 ], "rotation": 270, "texture": "#texture" },
        "west":  { "uv": [ 3.501, 0.001, 4.499, 0.499 ], "rotation": 270, "texture": "#texture" },
        "east":  { "uv": [ 3.501, 0.001, 4.499, 0.499 ], "rotation": 270, "texture": "#texture" }
    }
},
{
    "from": [ 12, 7, 7 ],
    "to": [ 13, 10, 9 ],
    "faces": {
        "down":  { "uv": [ 3.001, 0.501, 3.499, 0.999 ], "texture": "#texture" },
        "up":    { "uv": [ 2.001, 0.501, 2.499, 0.999 ], "texture": "#texture" },
        "north": { "uv": [ 3.499, 0.501, 2.001, 0.999 ], "rotation": 90, "texture": "#texture" },
        "south": { "uv": [ 2.001, 0.501, 3.499, 0.999 ], "rotation": 90, "texture": "#texture" },
        "west":  { "uv": [ 2.001, 0.501, 3.499, 0.999 ], "rotation": 90, "texture": "#texture" },
        "east":  { "uv": [ 2.001, 0.501, 3.499, 0.999 ], "rotation": 90, "texture": "#texture" }
    }
},
{
    "from": [ 5, 3, 12 ],
    "to": [ 11, 7, 13 ],
    "faces": {
        "down":  { "uv": [ 1.001, 5.001, 3.999, 5.499 ], "texture": "#texture" },
        "up":    { "uv": [ 1.001, 4.001, 3.999, 4.499 ], "texture": "#texture" },
        "north": { "uv": [ 3.999, 3.501, 1.001, 5.499 ], "texture": "#texture" },
        "south": { "uv": [ 1.001, 3.501, 3.999, 5.499 ], "texture": "#texture" },
        "west":  { "uv": [ 1.001, 3.501, 1.499, 5.499 ], "texture": "#texture" },
        "east":  { "uv": [ 3.501, 3.501, 3.999, 5.499 ], "texture": "#texture" }
    }
},
{
    "from": [ 12, 3, 5 ],
    "to": [ 13, 7, 11 ],
    "faces": {
        "down":  { "uv": [ 4.501, 5.001, 4.999, 5.499 ], "texture": "#texture" },
        "up":    { "uv": [ 4.501, 3.501, 4.999, 3.999 ], "texture": "#texture" },
        "north": { "uv": [ 4.999, 3.501, 4.501, 5.499 ], "texture": "#texture" },
        "south": { "uv": [ 4.501, 3.501, 4.999, 5.499 ], "texture": "#texture" },
        "west":  { "uv": [ 4.501, 3.501, 4.999, 5.499 ], "texture": "#texture" },
        "east":  { "uv": [ 10.001, 3.501, 12.999, 5.499 ], "texture": "#texture" }
    }
},
{
    "from": [ 4, 3, 11 ],
    "to": [ 5, 7, 12 ],
    "faces": {
        "down":  { "uv": [ 0.501, 5.001, 0.999, 5.499 ], "texture": "#texture" },
        "up":    { "uv": [ 0.501, 3.501, 0.999, 3.999 ], "texture": "#texture" },
        "north": { "uv": [ 0.999, 3.501, 0.501, 5.499 ], "texture": "#texture" },
        "south": { "uv": [ 0.501, 3.501, 0.999, 5.499 ], "texture": "#texture" },
        "west":  { "uv": [ 0.501, 3.501, 0.999, 5.499 ], "texture": "#texture" },
        "east":  { "uv": [ 0.501, 3.501, 0.999, 5.499 ], "texture": "#texture" }
    }
},
{
    "from": [ 11, 3, 11 ],
    "to": [ 12, 7, 12 ],
    "faces": {
        "down":  { "uv": [ 4.001, 5.001, 4.499, 5.499 ], "texture": "#texture" },
        "up":    { "uv": [ 4.001, 3.501, 4.499, 3.999 ], "texture": "#texture" },
        "north": { "uv": [ 4.499, 3.501, 4.001, 5.499 ], "texture": "#texture" },
        "south": { "uv": [ 4.001, 3.501, 4.499, 5.499 ], "texture": "#texture" },
        "west":  { "uv": [ 4.001, 3.501, 4.499, 5.499 ], "texture": "#texture" },
        "east":  { "uv": [ 4.001, 3.501, 4.499, 5.499 ], "texture": "#texture" }
    }
},
{
    "from": [ 11, 3, 4 ],
    "to": [ 12, 7, 5 ],
    "faces": {
        "down":  { "uv": [ 4.001, 5.001, 4.499, 5.499 ], "texture": "#texture" },
        "up":    { "uv": [ 4.001, 3.501, 4.499, 3.999 ], "texture": "#texture" },
        "north": { "uv": [ 4.499, 3.501, 4.001, 5.499 ], "texture": "#texture" },
        "south": { "uv": [ 4.001, 3.501, 4.499, 5.499 ], "texture": "#texture" },
        "west":  { "uv": [ 4.001, 3.501, 4.499, 5.499 ], "texture": "#texture" },
        "east":  { "uv": [ 4.001, 3.501, 4.499, 5.499 ], "texture": "#texture" }
    }
}
],
"display": {
    "thirdperson_righthand": {
        "rotation": [ -65, -180, 0 ],
        "translation": [ 0, -1.7, -2.65 ],
        "scale": [ 0.5, 0.5, 0.5 ]
    },
    "thirdperson_lefthand": {
        "rotation": [ -65, 0, 0 ],
        "translation": [ 0, -1.7, -2.65 ],
        "scale": [ 0.5, 0.5, 0.5 ]
    },
    "head": {
        "rotation": [ 0, 180, 0 ],
        "translation": [ 0, 12.09, 0 ],
        "scale": [ 1.2, 1.2, 1.2 ]
    },
    "ground": {
        "rotation": [ 0, 0, 0 ],
        "translation": [ 0, 2, 0 ],
        "scale": [ 0.6, 0.6, 0.6 ]
    },
    "fixed": {
        "rotation": [ 0, 180, 0 ],
        "translation": [ 0, 0, -4.7 ],
        "scale": [ 1, 1, 1 ]
    },
    "firstperson_righthand": {
        "rotation": [ 0, -23, 0 ],
        "translation": [ 0, 3.4, 0 ],
        "scale": [ 0.4, 0.4, 0.4 ]
    },
    "firstperson_lefthand": {
        "rotation": [ 0, 146, 0 ],
        "translation": [ 0, 3.4, 0 ],
        "scale": [ 0.4, 0.4, 0.4 ]
    },
    "gui": {
        "rotation": [ 30, -45, 0 ],
        "translation": [ 0, 0.57, 0 ],
        "scale": [ 1, 1, 1 ]
    }
}
}