{
	"__comment": "Designed by Zorigami",
	"textures": {
		"texture": "blocks/hats/wolf_ears_white",
		"particle": "blocks/hats/wolf_ears_white"
	},
	"elements": [
		{
			"__comment": "Voxels-0000B7",
			"from": [ 3.8834, 2, 5.5667 ],
			"to": [ 5.750067, 2.933333, 6.500033 ],
			"shade": false,
			"faces": {
				"down": { "uv": [ 13.5, 14, 14.5, 14.5 ], "texture": "#texture", "cullface": "down" },
				"up": { "uv": [ 13.5, 14, 14.5, 14.5 ], "texture": "#texture", "cullface": "up" },
				"north": { "uv": [ 13.5, 14, 14.5, 14.5 ], "texture": "#texture", "cullface": "north" },
				"south": { "uv": [ 13.5, 14, 14.5, 14.5 ], "texture": "#texture", "cullface": "south" },
				"west": { "uv": [ 13.5, 14, 14.5, 14.5 ], "texture": "#texture", "cullface": "west" },
				"east": { "uv": [ 13.5, 14, 14, 14.5 ], "texture": "#texture", "cullface": "east" }
			}
		},
		{
			"__comment": "Voxels-FF4000",
			"from": [ 3.8834, 2, 4.6334 ],
			"to": [ 5.750067, 2.933333, 5.566733 ],
			"shade": false,
			"faces": {
				"down": { "uv": [ 1.5, 14, 2.5, 14.5 ], "texture": "#texture", "cullface": "down" },
				"up": { "uv": [ 1.5, 14, 2.5, 14.5 ], "texture": "#texture", "cullface": "up" },
				"north": { "uv": [ 1.5, 14, 2.5, 14.5 ], "texture": "#texture", "cullface": "north" },
				"south": { "uv": [ 1.5, 14, 2.5, 14.5 ], "texture": "#texture", "cullface": "south" },
				"west": { "uv": [ 1.5, 14, 2.5, 14.5 ], "texture": "#texture", "cullface": "west" },
				"east": { "uv": [ 2, 14, 2.5, 14.5 ], "texture": "#texture", "cullface": "east" }
			}
		},
		{
			"__comment": "Voxels-0000B7",
			"from": [ 4.8167, 2.9333, 5.5667 ],
			"to": [ 5.750033, 7.599967, 6.500033 ],
			"shade": false,
			"faces": {
				"down": { "uv": [ 14, 12, 14.5, 14 ], "texture": "#texture", "cullface": "down" },
				"up": { "uv": [ 14, 11.5, 14.5, 12 ], "texture": "#texture", "cullface": "up" },
				"north": { "uv": [ 14, 12, 14.5, 14 ], "texture": "#texture", "cullface": "north" },
				"south": { "uv": [ 14, 12, 14.5, 14 ], "texture": "#texture", "cullface": "south" },
				"west": { "uv": [ 14, 12, 14.5, 14 ], "texture": "#texture", "cullface": "west" },
				"east": { "uv": [ 14, 12, 14.5, 14 ], "texture": "#texture", "cullface": "east" }
			}
		},
		{
			"__comment": "Voxels-FF4000",
			"from": [ 4.8167, 2.9333, 4.6334 ],
			"to": [ 5.750033, 7.599967, 5.566733 ],
			"shade": false,
			"faces": {
				"down": { "uv": [ 1.5, 11.5, 2, 14 ], "texture": "#texture", "cullface": "down" },
				"up": { "uv": [ 1.5, 11.5, 2, 12 ], "texture": "#texture", "cullface": "up" },
				"north": { "uv": [ 1.5, 11.5, 2, 14 ], "texture": "#texture", "cullface": "north" },
				"south": { "uv": [ 1.5, 11.5, 2, 14 ], "texture": "#texture", "cullface": "south" },
				"west": { "uv": [ 1.5, 11.5, 2, 14 ], "texture": "#texture", "cullface": "west" },
				"east": { "uv": [ 1.5, 12, 2, 14 ], "texture": "#texture", "cullface": "east" }
			}
		},
		{
			"__comment": "Voxels-0000B7",
			"from": [ 2.95, 1.0666, 5.5667 ],
			"to": [ 4.816667, 1.999933, 6.500033 ],
			"shade": false,
			"faces": {
				"down": { "uv": [ 13, 14.5, 14, 15 ], "texture": "#texture", "cullface": "down" },
				"up": { "uv": [ 13, 14.5, 14, 15 ], "texture": "#texture", "cullface": "up" },
				"north": { "uv": [ 13, 14.5, 14, 15 ], "texture": "#texture", "cullface": "north" },
				"south": { "uv": [ 13, 14.5, 14, 15 ], "texture": "#texture", "cullface": "south" },
				"west": { "uv": [ 13, 14.5, 14, 15 ], "texture": "#texture", "cullface": "west" },
				"east": { "uv": [ 13.5, 14.5, 14, 15 ], "texture": "#texture", "cullface": "east" }
			}
		},
		{
			"__comment": "Voxels-FF4000",
			"from": [ 2.95, 1.0666, 4.6334 ],
			"to": [ 4.816667, 1.999933, 5.566733 ],
			"shade": false,
			"faces": {
				"down": { "uv": [ 2, 14.5, 3, 15 ], "texture": "#texture", "cullface": "down" },
				"up": { "uv": [ 2, 14.5, 3, 15 ], "texture": "#texture", "cullface": "up" },
				"north": { "uv": [ 2, 14.5, 3, 15 ], "texture": "#texture", "cullface": "north" },
				"south": { "uv": [ 2, 14.5, 3, 15 ], "texture": "#texture", "cullface": "south" },
				"west": { "uv": [ 2, 14.5, 3, 15 ], "texture": "#texture", "cullface": "west" },
				"east": { "uv": [ 2, 14.5, 2.5, 15 ], "texture": "#texture", "cullface": "east" }
			}
		},
		{
			"__comment": "Voxels-00FF00",
			"from": [ -0.7833, 2.9333, 6.5 ],
			"to": [ 4.8167, 6.666634, 7.433333 ],
			"shade": false,
			"faces": {
				"down": { "uv": [ 11, 13.5, 14, 14 ], "texture": "#texture", "cullface": "down" },
				"up": { "uv": [ 11, 12, 14, 12.5 ], "texture": "#texture", "cullface": "up" },
				"north": { "uv": [ 12.96, 0.96, 15.04, 3.04 ], "texture": "#texture", "cullface": "north" },
				"south": { "uv": [ 11, 12, 14, 14 ], "texture": "#texture", "cullface": "south" },
				"west": { "uv": [ 11, 12, 11.5, 14 ], "texture": "#texture", "cullface": "west" },
				"east": { "uv": [ 13.5, 12, 14, 14 ], "texture": "#texture", "cullface": "east" }
			}
		},
		{
			"__comment": "Voxels-FFFF00",
			"from": [ -0.7833, 2.9333, 5.5667 ],
			"to": [ 4.8167, 6.666634, 6.500033 ],
			"shade": false,
			"faces": {
				"down": { "uv": [ 2, 11, 5, 13 ], "texture": "#texture", "cullface": "down", "rotation": 180 },
				"up": { "uv": [ 8.96, 0.96, 11.04, 3.04 ], "texture": "#texture", "cullface": "up", "rotation": 180 },
				"north": { "uv": [ 2, 12, 5, 14 ], "texture": "#texture", "cullface": "north" },
				"south": { "uv": [ 2, 12, 5, 14 ], "texture": "#texture", "cullface": "south" },
				"west": { "uv": [ 8.96, 0.96, 11.04, 3.04 ], "texture": "#texture", "cullface": "west" },
				"east": { "uv": [ 8.96, 0.96, 11.04, 3.04 ], "texture": "#texture", "cullface": "east" }
			}
		},
		{
			"__comment": "Voxels-0000B7",
			"from": [ 3.8834, 6.6667, 5.5667 ],
			"to": [ 4.816733, 9.4667, 6.500033 ],
			"shade": false,
			"faces": {
				"down": { "uv": [ 13.5, 10.5, 14, 12 ], "texture": "#texture", "cullface": "down" },
				"up": { "uv": [ 13.5, 10.5, 14, 11 ], "texture": "#texture", "cullface": "up" },
				"north": { "uv": [ 13.5, 10.5, 14, 12 ], "texture": "#texture", "cullface": "north" },
				"south": { "uv": [ 13.5, 10.5, 14, 12 ], "texture": "#texture", "cullface": "south" },
				"west": { "uv": [ 13.5, 10.5, 14, 12 ], "texture": "#texture", "cullface": "west" },
				"east": { "uv": [ 13.5, 10.5, 14, 12 ], "texture": "#texture", "cullface": "east" }
			}
		},
		{
			"__comment": "Voxels-FF4000",
			"from": [ 3.8834, 6.6667, 4.6334 ],
			"to": [ 4.816733, 9.4667, 5.566733 ],
			"shade": false,
			"faces": {
				"down": { "uv": [ 2, 11.5, 2.5, 12 ], "texture": "#texture", "cullface": "down" },
				"up": { "uv": [ 2, 10.5, 2.5, 11 ], "texture": "#texture", "cullface": "up" },
				"north": { "uv": [ 2, 10.5, 2.5, 12 ], "texture": "#texture", "cullface": "north" },
				"south": { "uv": [ 2, 10.5, 2.5, 12 ], "texture": "#texture", "cullface": "south" },
				"west": { "uv": [ 2, 10.5, 2.5, 12 ], "texture": "#texture", "cullface": "west" },
				"east": { "uv": [ 2, 10.5, 2.5, 12 ], "texture": "#texture", "cullface": "east" }
			}
		},
		{
			"__comment": "Voxels-0000B7",
			"from": [ 0.15, 0.1333, 5.5667 ],
			"to": [ 3.883333, 1.066633, 6.500033 ],
			"shade": false,
			"faces": {
				"down": { "uv": [ 11.5, 15, 13.5, 15.5 ], "texture": "#texture", "cullface": "down" },
				"up": { "uv": [ 11.5, 15, 13.5, 15.5 ], "texture": "#texture", "cullface": "up" },
				"north": { "uv": [ 11.5, 15, 13.5, 15.5 ], "texture": "#texture", "cullface": "north" },
				"south": { "uv": [ 11.5, 15, 13.5, 15.5 ], "texture": "#texture", "cullface": "south" },
				"west": { "uv": [ 11.5, 15, 12, 15.5 ], "texture": "#texture", "cullface": "west" },
				"east": { "uv": [ 13, 15, 13.5, 15.5 ], "texture": "#texture", "cullface": "east" }
			}
		},
		{
			"__comment": "Voxels-FF4000",
			"from": [ 0.15, 0.1333, 4.6334 ],
			"to": [ 3.883333, 1.066633, 5.566733 ],
			"shade": false,
			"faces": {
				"down": { "uv": [ 2.5, 15, 4.5, 15.5 ], "texture": "#texture", "cullface": "down" },
				"up": { "uv": [ 2, 15, 4, 15.5 ], "texture": "#texture", "cullface": "up" },
				"north": { "uv": [ 2.5, 15, 4.5, 15.5 ], "texture": "#texture", "cullface": "north" },
				"south": { "uv": [ 2.5, 15, 4.5, 15.5 ], "texture": "#texture", "cullface": "south" },
				"west": { "uv": [ 2.5, 15, 3, 15.5 ], "texture": "#texture", "cullface": "west" },
				"east": { "uv": [ 2.5, 15, 3, 15.5 ], "texture": "#texture", "cullface": "east" }
			}
		},
		{
			"__comment": "Voxels-00FF00",
			"from": [ 0.15, 2, 6.5 ],
			"to": [ 3.883333, 2.933333, 7.433333 ],
			"shade": false,
			"faces": {
				"down": { "uv": [ 11.5, 14, 13.5, 14.5 ], "texture": "#texture", "cullface": "down" },
				"up": { "uv": [ 12.96, 0.96, 15.04, 3.04 ], "texture": "#texture", "cullface": "up", "rotation": 180 },
				"north": { "uv": [ 12.96, 0.96, 15.04, 3.04 ], "texture": "#texture", "cullface": "north" },
				"south": { "uv": [ 11.5, 14, 13.5, 14.5 ], "texture": "#texture", "cullface": "south" },
				"west": { "uv": [ 11.5, 14, 12, 14.5 ], "texture": "#texture", "cullface": "west" },
				"east": { "uv": [ 13, 14, 13.5, 14.5 ], "texture": "#texture", "cullface": "east" }
			}
		},
		{
			"__comment": "Voxels-FFFF00",
			"from": [ 0.15, 2, 5.5667 ],
			"to": [ 3.883333, 2.933333, 6.500033 ],
			"shade": false,
			"faces": {
				"down": { "uv": [ 8.96, 0.96, 11.04, 3.04 ], "texture": "#texture", "cullface": "down", "rotation": 180 },
				"up": { "uv": [ 8.96, 0.96, 11.04, 3.04 ], "texture": "#texture", "cullface": "up", "rotation": 180 },
				"north": { "uv": [ 2.5, 14, 4.5, 14.5 ], "texture": "#texture", "cullface": "north" },
				"south": { "uv": [ 2.5, 14, 4.5, 14.5 ], "texture": "#texture", "cullface": "south" },
				"west": { "uv": [ 8.96, 0.96, 11.04, 3.04 ], "texture": "#texture", "cullface": "west" },
				"east": { "uv": [ 8.96, 0.96, 11.04, 3.04 ], "texture": "#texture", "cullface": "east" }
			}
		},
		{
			"__comment": "Voxels-00FF00",
			"from": [ 0.15, 6.6666, 6.5 ],
			"to": [ 3.883333, 8.533266, 7.433333 ],
			"shade": false,
			"faces": {
				"down": { "uv": [ 12.96, 0.96, 15.04, 3.04 ], "texture": "#texture", "cullface": "down", "rotation": 180 },
				"up": { "uv": [ 11.5, 11, 13.5, 11.5 ], "texture": "#texture", "cullface": "up" },
				"north": { "uv": [ 12.96, 0.96, 15.04, 3.04 ], "texture": "#texture", "cullface": "north" },
				"south": { "uv": [ 11.5, 11, 13.5, 12 ], "texture": "#texture", "cullface": "south" },
				"west": { "uv": [ 11.5, 11, 12, 12 ], "texture": "#texture", "cullface": "west" },
				"east": { "uv": [ 13, 11, 13.5, 12 ], "texture": "#texture", "cullface": "east" }
			}
		},
		{
			"__comment": "Voxels-FFFF00",
			"from": [ 0.15, 6.6666, 5.5667 ],
			"to": [ 3.883333, 8.533266, 6.500033 ],
			"shade": false,
			"faces": {
				"down": { "uv": [ 8.96, 0.96, 11.04, 3.04 ], "texture": "#texture", "cullface": "down", "rotation": 180 },
				"up": { "uv": [ 8.96, 0.96, 11.04, 3.04 ], "texture": "#texture", "cullface": "up", "rotation": 180 },
				"north": { "uv": [ 2.5, 11, 4.5, 12 ], "texture": "#texture", "cullface": "north" },
				"south": { "uv": [ 2.5, 11, 4.5, 12 ], "texture": "#texture", "cullface": "south" },
				"west": { "uv": [ 8.96, 0.96, 11.04, 3.04 ], "texture": "#texture", "cullface": "west" },
				"east": { "uv": [ 8.96, 0.96, 11.04, 3.04 ], "texture": "#texture", "cullface": "east" }
			}
		},
		{
			"__comment": "Voxels-0000B7",
			"from": [ 2.9501, 8.5334, 5.5667 ],
			"to": [ 3.883433, 11.3334, 6.500033 ],
			"shade": false,
			"faces": {
				"down": { "uv": [ 13, 10.5, 13.5, 11 ], "texture": "#texture", "cullface": "down" },
				"up": { "uv": [ 13, 9.499999, 13.5, 10 ], "texture": "#texture", "cullface": "up" },
				"north": { "uv": [ 13, 9.499999, 13.5, 11 ], "texture": "#texture", "cullface": "north" },
				"south": { "uv": [ 13, 9.499999, 13.5, 11 ], "texture": "#texture", "cullface": "south" },
				"west": { "uv": [ 13, 9.499999, 13.5, 11 ], "texture": "#texture", "cullface": "west" },
				"east": { "uv": [ 13, 9.499999, 13.5, 11 ], "texture": "#texture", "cullface": "east" }
			}
		},
		{
			"__comment": "Voxels-FF4000",
			"from": [ 2.95, 8.5334, 4.6334 ],
			"to": [ 3.883333, 11.3334, 5.566733 ],
			"shade": false,
			"faces": {
				"down": { "uv": [ 2.5, 10.5, 3, 11 ], "texture": "#texture", "cullface": "down" },
				"up": { "uv": [ 2.5, 9.500001, 3, 10 ], "texture": "#texture", "cullface": "up" },
				"north": { "uv": [ 2.5, 9.5, 3, 11 ], "texture": "#texture", "cullface": "north" },
				"south": { "uv": [ 2.5, 9.500001, 3, 11 ], "texture": "#texture", "cullface": "south" },
				"west": { "uv": [ 2.5, 9.500001, 3, 11 ], "texture": "#texture", "cullface": "west" },
				"east": { "uv": [ 2.5, 9.500001, 3, 11 ], "texture": "#texture", "cullface": "east" }
			}
		},
		{
			"__comment": "Voxels-00FF00",
			"from": [ 1.0834, 1.0667, 6.5 ],
			"to": [ 2.950067, 2.000033, 7.433333 ],
			"shade": false,
			"faces": {
				"down": { "uv": [ 12, 14.5, 13, 15 ], "texture": "#texture", "cullface": "down" },
				"up": { "uv": [ 12.96, 0.96, 15.04, 3.04 ], "texture": "#texture", "cullface": "up", "rotation": 180 },
				"north": { "uv": [ 12.96, 0.96, 15.04, 3.04 ], "texture": "#texture", "cullface": "north" },
				"south": { "uv": [ 12, 14.5, 13, 15 ], "texture": "#texture", "cullface": "south" },
				"west": { "uv": [ 12, 14.5, 12.5, 15 ], "texture": "#texture", "cullface": "west" },
				"east": { "uv": [ 12.5, 14.5, 13, 15 ], "texture": "#texture", "cullface": "east" }
			}
		},
		{
			"__comment": "Voxels-FFFF00",
			"from": [ 1.0834, 1.0667, 5.5667 ],
			"to": [ 2.950067, 2.000033, 6.500033 ],
			"shade": false,
			"faces": {
				"down": { "uv": [ 8.96, 0.96, 11.04, 3.04 ], "texture": "#texture", "cullface": "down", "rotation": 180 },
				"up": { "uv": [ 8.96, 0.96, 11.04, 3.04 ], "texture": "#texture", "cullface": "up", "rotation": 180 },
				"north": { "uv": [ 3, 14.5, 4, 15 ], "texture": "#texture", "cullface": "north" },
				"south": { "uv": [ 3, 14.5, 4, 15 ], "texture": "#texture", "cullface": "south" },
				"west": { "uv": [ 8.96, 0.96, 11.04, 3.04 ], "texture": "#texture", "cullface": "west" },
				"east": { "uv": [ 8.96, 0.96, 11.04, 3.04 ], "texture": "#texture", "cullface": "east" }
			}
		},
		{
			"__comment": "Voxels-00FF00",
			"from": [ 1.0834, 8.533299, 6.5 ],
			"to": [ 2.950067, 10.39997, 7.433333 ],
			"shade": false,
			"faces": {
				"down": { "uv": [ 12.96, 0.96, 15.04, 3.04 ], "texture": "#texture", "cullface": "down", "rotation": 180 },
				"up": { "uv": [ 12, 10, 12.5, 10.5 ], "texture": "#texture", "cullface": "up" },
				"north": { "uv": [ 12.96, 0.96, 15.04, 3.04 ], "texture": "#texture", "cullface": "north" },
				"south": { "uv": [ 12, 10, 13, 11 ], "texture": "#texture", "cullface": "south" },
				"west": { "uv": [ 12, 10, 12.5, 11 ], "texture": "#texture", "cullface": "west" },
				"east": { "uv": [ 12, 10, 12.5, 11 ], "texture": "#texture", "cullface": "east" }
			}
		},
		{
			"__comment": "Voxels-FFFF00",
			"from": [ 1.0834, 8.533299, 5.5667 ],
			"to": [ 2.950067, 10.39997, 6.500033 ],
			"shade": false,
			"faces": {
				"down": { "uv": [ 8.96, 0.96, 11.04, 3.04 ], "texture": "#texture", "cullface": "down", "rotation": 180 },
				"up": { "uv": [ 8.96, 0.96, 11.04, 3.04 ], "texture": "#texture", "cullface": "up", "rotation": 180 },
				"north": { "uv": [ 3, 9.999999, 4, 11 ], "texture": "#texture", "cullface": "north" },
				"south": { "uv": [ 3, 10, 4, 11 ], "texture": "#texture", "cullface": "south" },
				"west": { "uv": [ 8.96, 0.96, 11.04, 3.04 ], "texture": "#texture", "cullface": "west" },
				"east": { "uv": [ 8.96, 0.96, 11.04, 3.04 ], "texture": "#texture", "cullface": "east" }
			}
		},
		{
			"__comment": "Voxels-00FF00",
			"from": [ 2.0167, 10.4, 6.5 ],
			"to": [ 2.950033, 11.33333, 7.433333 ],
			"shade": false,
			"faces": {
				"down": { "uv": [ 12.5, 9.5, 13, 10 ], "texture": "#texture", "cullface": "down" },
				"up": { "uv": [ 12.5, 9.5, 13, 10 ], "texture": "#texture", "cullface": "up" },
				"north": { "uv": [ 12.5, 9.5, 13, 10 ], "texture": "#texture", "cullface": "north" },
				"south": { "uv": [ 12.5, 9.5, 13, 10 ], "texture": "#texture", "cullface": "south" },
				"west": { "uv": [ 12.5, 9.5, 13, 10 ], "texture": "#texture", "cullface": "west" },
				"east": { "uv": [ 12.5, 9.5, 13, 10 ], "texture": "#texture", "cullface": "east" }
			}
		},
		{
			"__comment": "Voxels-FFFF00",
			"from": [ 2.0167, 10.4, 5.5667 ],
			"to": [ 2.950033, 11.33333, 6.500033 ],
			"shade": false,
			"faces": {
				"down": { "uv": [ 8.96, 0.96, 11.04, 3.04 ], "texture": "#texture", "cullface": "down", "rotation": 180 },
				"up": { "uv": [ 8.96, 0.96, 11.04, 3.04 ], "texture": "#texture", "cullface": "up", "rotation": 180 },
				"north": { "uv": [ 3, 9.5, 3.5, 10 ], "texture": "#texture", "cullface": "north" },
				"south": { "uv": [ 3, 9.499999, 3.5, 9.999999 ], "texture": "#texture", "cullface": "south" },
				"west": { "uv": [ 8.96, 0.96, 11.04, 3.04 ], "texture": "#texture", "cullface": "west" },
				"east": { "uv": [ 8.96, 0.96, 11.04, 3.04 ], "texture": "#texture", "cullface": "east" }
			}
		},
		{
			"__comment": "Voxels-0000B7",
			"from": [ 1.0834, 11.3333, 5.5667 ],
			"to": [ 2.950067, 12.26663, 6.500033 ],
			"shade": false,
			"faces": {
				"down": { "uv": [ 12, 9, 13, 9.5 ], "texture": "#texture", "cullface": "down" },
				"up": { "uv": [ 12, 9, 13, 9.5 ], "texture": "#texture", "cullface": "up" },
				"north": { "uv": [ 12, 9, 13, 9.5 ], "texture": "#texture", "cullface": "north" },
				"south": { "uv": [ 12, 9, 13, 9.5 ], "texture": "#texture", "cullface": "south" },
				"west": { "uv": [ 12, 8.999999, 12.5, 9.5 ], "texture": "#texture", "cullface": "west" },
				"east": { "uv": [ 12, 8.999999, 12.5, 9.5 ], "texture": "#texture", "cullface": "east" }
			}
		},
		{
			"__comment": "Voxels-FF4000",
			"from": [ 1.0834, 11.3333, 4.6334 ],
			"to": [ 2.950067, 12.26663, 5.566733 ],
			"shade": false,
			"faces": {
				"down": { "uv": [ 3, 9, 4, 9.5 ], "texture": "#texture", "cullface": "down" },
				"up": { "uv": [ 3, 9, 4, 9.5 ], "texture": "#texture", "cullface": "up" },
				"north": { "uv": [ 3, 9, 4, 9.5 ], "texture": "#texture", "cullface": "north" },
				"south": { "uv": [ 3, 9, 4, 9.5 ], "texture": "#texture", "cullface": "south" },
				"west": { "uv": [ 3.5, 9.000001, 4, 9.500002 ], "texture": "#texture", "cullface": "west" },
				"east": { "uv": [ 3, 8.999999, 3.5, 9.5 ], "texture": "#texture", "cullface": "east" }
			}
		},
		{
			"__comment": "Voxels-0000B7",
			"from": [ 2.0167, 12.2667, 5.5667 ],
			"to": [ 2.950033, 13.20003, 6.500033 ],
			"shade": false,
			"faces": {
				"down": { "uv": [ 12.5, 8.5, 13, 9 ], "texture": "#texture", "cullface": "down" },
				"up": { "uv": [ 12.5, 8.5, 13, 9 ], "texture": "#texture", "cullface": "up" },
				"north": { "uv": [ 12.5, 8.5, 13, 9 ], "texture": "#texture", "cullface": "north" },
				"south": { "uv": [ 12.5, 8.5, 13, 9 ], "texture": "#texture", "cullface": "south" },
				"west": { "uv": [ 12.5, 8.5, 13, 9 ], "texture": "#texture", "cullface": "west" },
				"east": { "uv": [ 12.5, 8.5, 13, 9 ], "texture": "#texture", "cullface": "east" }
			}
		},
		{
			"__comment": "Voxels-FF4000",
			"from": [ 2.0167, 12.2667, 4.6334 ],
			"to": [ 2.950033, 13.20003, 5.566733 ],
			"shade": false,
			"faces": {
				"down": { "uv": [ 3, 8.5, 3.5, 9 ], "texture": "#texture", "cullface": "down" },
				"up": { "uv": [ 3, 8.5, 3.5, 9 ], "texture": "#texture", "cullface": "up" },
				"north": { "uv": [ 3, 8.5, 3.5, 9 ], "texture": "#texture", "cullface": "north" },
				"south": { "uv": [ 3, 8.5, 3.5, 9 ], "texture": "#texture", "cullface": "south" },
				"west": { "uv": [ 3, 8.5, 3.5, 9 ], "texture": "#texture", "cullface": "west" },
				"east": { "uv": [ 3, 8.5, 3.5, 9 ], "texture": "#texture", "cullface": "east" }
			}
		},
		{
			"__comment": "Voxels-0000B7",
			"from": [ 0.15, 10.4, 5.5667 ],
			"to": [ 2.016667, 11.33333, 6.500033 ],
			"shade": false,
			"faces": {
				"down": { "uv": [ 11.5, 9.5, 12.5, 10 ], "texture": "#texture", "cullface": "down" },
				"up": { "uv": [ 12, 9.499999, 12.5, 9.999998 ], "texture": "#texture", "cullface": "up" },
				"north": { "uv": [ 11.5, 9.5, 12.5, 10 ], "texture": "#texture", "cullface": "north" },
				"south": { "uv": [ 11.5, 9.5, 12.5, 10 ], "texture": "#texture", "cullface": "south" },
				"west": { "uv": [ 11.5, 9.500001, 12, 10 ], "texture": "#texture", "cullface": "west" },
				"east": { "uv": [ 11.5, 9.5, 12.5, 10 ], "texture": "#texture", "cullface": "east" }
			}
		},
		{
			"__comment": "Voxels-FF4000",
			"from": [ 0.15, 10.4, 4.6334 ],
			"to": [ 2.016667, 11.33333, 5.566733 ],
			"shade": false,
			"faces": {
				"down": { "uv": [ 3.5, 9.500001, 4.5, 10 ], "texture": "#texture", "cullface": "down" },
				"up": { "uv": [ 3.5, 9.500001, 4.5, 10 ], "texture": "#texture", "cullface": "up" },
				"north": { "uv": [ 3.5, 9.500001, 4.5, 10 ], "texture": "#texture", "cullface": "north" },
				"south": { "uv": [ 3.5, 9.500001, 4.5, 10 ], "texture": "#texture", "cullface": "south" },
				"west": { "uv": [ 4, 9.499999, 4.5, 9.999998 ], "texture": "#texture", "cullface": "west" },
				"east": { "uv": [ 3.5, 9.500001, 4, 10 ], "texture": "#texture", "cullface": "east" }
			}
		},
		{
			"__comment": "Voxels-0000B7",
			"from": [ -0.7833, 1.0667, 5.5667 ],
			"to": [ 1.083367, 2.000033, 6.500033 ],
			"shade": false,
			"faces": {
				"down": { "uv": [ 11, 14.5, 12, 15 ], "texture": "#texture", "cullface": "down" },
				"up": { "uv": [ 11, 14.5, 12, 15 ], "texture": "#texture", "cullface": "up" },
				"north": { "uv": [ 11, 14.5, 12, 15 ], "texture": "#texture", "cullface": "north" },
				"south": { "uv": [ 11, 14.5, 12, 15 ], "texture": "#texture", "cullface": "south" },
				"west": { "uv": [ 11, 14.5, 11.5, 15 ], "texture": "#texture", "cullface": "west" },
				"east": { "uv": [ 11, 14.5, 12, 15 ], "texture": "#texture", "cullface": "east" }
			}
		},
		{
			"__comment": "Voxels-FF4000",
			"from": [ -0.7833, 1.0667, 4.6334 ],
			"to": [ 1.083367, 2.000033, 5.566733 ],
			"shade": false,
			"faces": {
				"down": { "uv": [ 4, 14.5, 5, 15 ], "texture": "#texture", "cullface": "down" },
				"up": { "uv": [ 4, 14.5, 5, 15 ], "texture": "#texture", "cullface": "up" },
				"north": { "uv": [ 4, 14.5, 5, 15 ], "texture": "#texture", "cullface": "north" },
				"south": { "uv": [ 4, 14.5, 5, 15 ], "texture": "#texture", "cullface": "south" },
				"west": { "uv": [ 4.5, 14.5, 5, 15 ], "texture": "#texture", "cullface": "west" },
				"east": { "uv": [ 4, 14.5, 5, 15 ], "texture": "#texture", "cullface": "east" }
			}
		},
		{
			"__comment": "Voxels-0000B7",
			"from": [ -0.7833, 8.533299, 5.5667 ],
			"to": [ 1.083367, 9.466633, 6.500033 ],
			"shade": false,
			"faces": {
				"down": { "uv": [ 11, 10.5, 12, 11 ], "texture": "#texture", "cullface": "down" },
				"up": { "uv": [ 11.5, 10.5, 12, 11 ], "texture": "#texture", "cullface": "up" },
				"north": { "uv": [ 11, 10.5, 12, 11 ], "texture": "#texture", "cullface": "north" },
				"south": { "uv": [ 11, 10.5, 12, 11 ], "texture": "#texture", "cullface": "south" },
				"west": { "uv": [ 11, 10.5, 11.5, 11 ], "texture": "#texture", "cullface": "west" },
				"east": { "uv": [ 11.5, 10.5, 12, 11 ], "texture": "#texture", "cullface": "east" }
			}
		},
		{
			"__comment": "Voxels-FF4000",
			"from": [ -0.7833, 8.533299, 4.6334 ],
			"to": [ 1.083367, 9.466633, 5.566733 ],
			"shade": false,
			"faces": {
				"down": { "uv": [ 4, 10.5, 5, 11 ], "texture": "#texture", "cullface": "down" },
				"up": { "uv": [ 4, 10.5, 5, 11 ], "texture": "#texture", "cullface": "up" },
				"north": { "uv": [ 4, 10.5, 5, 11 ], "texture": "#texture", "cullface": "north" },
				"south": { "uv": [ 4, 10.5, 5, 11 ], "texture": "#texture", "cullface": "south" },
				"west": { "uv": [ 4.5, 10.5, 5, 11 ], "texture": "#texture", "cullface": "west" },
				"east": { "uv": [ 4.5, 10.5, 5, 11 ], "texture": "#texture", "cullface": "east" }
			}
		},
		{
			"__comment": "Voxels-0000B7",
			"from": [ 0.1501, 9.4667, 5.5667 ],
			"to": [ 1.083433, 10.40003, 6.500033 ],
			"shade": false,
			"faces": {
				"down": { "uv": [ 11.5, 10, 12, 10.5 ], "texture": "#texture", "cullface": "down" },
				"up": { "uv": [ 11.5, 10, 12, 10.5 ], "texture": "#texture", "cullface": "up" },
				"north": { "uv": [ 11.5, 10, 12, 10.5 ], "texture": "#texture", "cullface": "north" },
				"south": { "uv": [ 11.5, 10, 12, 10.5 ], "texture": "#texture", "cullface": "south" },
				"west": { "uv": [ 11.5, 10, 12, 10.5 ], "texture": "#texture", "cullface": "west" },
				"east": { "uv": [ 11.5, 10, 12, 10.5 ], "texture": "#texture", "cullface": "east" }
			}
		},
		{
			"__comment": "Voxels-FF4000",
			"from": [ 0.1501, 9.4667, 4.6334 ],
			"to": [ 1.083433, 10.40003, 5.566733 ],
			"shade": false,
			"faces": {
				"down": { "uv": [ 4, 10, 4.5, 10.5 ], "texture": "#texture", "cullface": "down" },
				"up": { "uv": [ 4, 10, 4.5, 10.5 ], "texture": "#texture", "cullface": "up" },
				"north": { "uv": [ 4, 10, 4.5, 10.5 ], "texture": "#texture", "cullface": "north" },
				"south": { "uv": [ 4, 10, 4.5, 10.5 ], "texture": "#texture", "cullface": "south" },
				"west": { "uv": [ 4, 10, 4.5, 10.5 ], "texture": "#texture", "cullface": "west" },
				"east": { "uv": [ 4, 10, 4.5, 10.5 ], "texture": "#texture", "cullface": "east" }
			}
		},
		{
			"__comment": "Voxels-0000B7",
			"from": [ -1.7166, 2, 5.5667 ],
			"to": [ 0.1500667, 2.933333, 6.500033 ],
			"shade": false,
			"faces": {
				"down": { "uv": [ 10.5, 14, 11.5, 14.5 ], "texture": "#texture", "cullface": "down" },
				"up": { "uv": [ 10.5, 14, 11.5, 14.5 ], "texture": "#texture", "cullface": "up" },
				"north": { "uv": [ 10.5, 14, 11.5, 14.5 ], "texture": "#texture", "cullface": "north" },
				"south": { "uv": [ 10.5, 14, 11.5, 14.5 ], "texture": "#texture", "cullface": "south" },
				"west": { "uv": [ 10.5, 14, 11, 14.5 ], "texture": "#texture", "cullface": "west" },
				"east": { "uv": [ 10.5, 14, 11.5, 14.5 ], "texture": "#texture", "cullface": "east" }
			}
		},
		{
			"__comment": "Voxels-FF4000",
			"from": [ -1.7166, 2, 4.6334 ],
			"to": [ 0.1500667, 2.933333, 5.566733 ],
			"shade": false,
			"faces": {
				"down": { "uv": [ 4.5, 14, 5.5, 14.5 ], "texture": "#texture", "cullface": "down" },
				"up": { "uv": [ 4.5, 14, 5.5, 14.5 ], "texture": "#texture", "cullface": "up" },
				"north": { "uv": [ 4.5, 14, 5.5, 14.5 ], "texture": "#texture", "cullface": "north" },
				"south": { "uv": [ 4.5, 14, 5.5, 14.5 ], "texture": "#texture", "cullface": "south" },
				"west": { "uv": [ 5, 14, 5.5, 14.5 ], "texture": "#texture", "cullface": "west" },
				"east": { "uv": [ 4.5, 14, 5.5, 14.5 ], "texture": "#texture", "cullface": "east" }
			}
		},
		{
			"__comment": "Voxels-0000B7",
			"from": [ -1.7166, 6.6667, 5.5667 ],
			"to": [ 0.1500667, 7.600033, 6.500033 ],
			"shade": false,
			"faces": {
				"down": { "uv": [ 10.5, 11.5, 11.5, 12 ], "texture": "#texture", "cullface": "down" },
				"up": { "uv": [ 10.5, 11.5, 11.5, 12 ], "texture": "#texture", "cullface": "up" },
				"north": { "uv": [ 10.5, 11.5, 11.5, 12 ], "texture": "#texture", "cullface": "north" },
				"south": { "uv": [ 10.5, 11.5, 11.5, 12 ], "texture": "#texture", "cullface": "south" },
				"west": { "uv": [ 10.5, 11.5, 11.5, 12 ], "texture": "#texture", "cullface": "west" },
				"east": { "uv": [ 10.5, 11.5, 11.5, 12 ], "texture": "#texture", "cullface": "east" }
			}
		},
		{
			"__comment": "Voxels-FF4000",
			"from": [ -1.7166, 6.6667, 4.6334 ],
			"to": [ 0.1500667, 7.600033, 5.566733 ],
			"shade": false,
			"faces": {
				"down": { "uv": [ 4.5, 11.5, 5.5, 12 ], "texture": "#texture", "cullface": "down" },
				"up": { "uv": [ 4.5, 11.5, 5.5, 12 ], "texture": "#texture", "cullface": "up" },
				"north": { "uv": [ 4.5, 11.5, 5.5, 12 ], "texture": "#texture", "cullface": "north" },
				"south": { "uv": [ 4.5, 11.5, 5.5, 12 ], "texture": "#texture", "cullface": "south" },
				"west": { "uv": [ 4.5, 11.5, 5.5, 12 ], "texture": "#texture", "cullface": "west" },
				"east": { "uv": [ 4.5, 11.5, 5.5, 12 ], "texture": "#texture", "cullface": "east" }
			}
		},
		{
			"__comment": "Voxels-0000B7",
			"from": [ -0.7833, 7.6, 5.5667 ],
			"to": [ 0.1500334, 8.533333, 6.500033 ],
			"shade": false,
			"faces": {
				"down": { "uv": [ 11, 11, 11.5, 11.5 ], "texture": "#texture", "cullface": "down" },
				"up": { "uv": [ 11, 11, 11.5, 11.5 ], "texture": "#texture", "cullface": "up" },
				"north": { "uv": [ 11, 11, 11.5, 11.5 ], "texture": "#texture", "cullface": "north" },
				"south": { "uv": [ 11, 11, 11.5, 11.5 ], "texture": "#texture", "cullface": "south" },
				"west": { "uv": [ 11, 11, 11.5, 11.5 ], "texture": "#texture", "cullface": "west" },
				"east": { "uv": [ 11, 11, 11.5, 11.5 ], "texture": "#texture", "cullface": "east" }
			}
		},
		{
			"__comment": "Voxels-FF4000",
			"from": [ -0.7833, 7.6, 4.6334 ],
			"to": [ 0.1500334, 8.533333, 5.566733 ],
			"shade": false,
			"faces": {
				"down": { "uv": [ 4.5, 11, 5.04, 11.54 ], "texture": "#texture", "cullface": "down" },
				"up": { "uv": [ 4.5, 11, 5.04, 11.54 ], "texture": "#texture", "cullface": "up" },
				"north": { "uv": [ 4.5, 11, 5, 11.5 ], "texture": "#texture", "cullface": "north" },
				"south": { "uv": [ 4.5, 11, 5, 11.5 ], "texture": "#texture", "cullface": "south" },
				"west": { "uv": [ 4.5, 11, 5, 11.5 ], "texture": "#texture", "cullface": "west" },
				"east": { "uv": [ 4.5, 11, 5.04, 11.54 ], "texture": "#texture", "cullface": "east" }
			}
		},
		{
			"__comment": "Voxels-0000B7",
			"from": [ -1.7166, 2.9333, 5.5667 ],
			"to": [ -0.7832666, 6.666634, 6.500033 ],
			"shade": false,
			"faces": {
				"down": { "uv": [ 10.5, 12, 11, 14 ], "texture": "#texture", "cullface": "down" },
				"up": { "uv": [ 10.5, 12, 11, 14 ], "texture": "#texture", "cullface": "up" },
				"north": { "uv": [ 10.5, 12, 11, 14 ], "texture": "#texture", "cullface": "north" },
				"south": { "uv": [ 10.5, 12, 11, 14 ], "texture": "#texture", "cullface": "south" },
				"west": { "uv": [ 10.5, 12, 11, 14 ], "texture": "#texture", "cullface": "west" },
				"east": { "uv": [ 10.5, 12, 11, 14 ], "texture": "#texture", "cullface": "east" }
			}
		},
		{
			"__comment": "Voxels-FF4000",
			"from": [ -1.7166, 2.9333, 4.6334 ],
			"to": [ -0.7832666, 6.666634, 5.566733 ],
			"shade": false,
			"faces": {
				"down": { "uv": [ 5, 12, 5.5, 14 ], "texture": "#texture", "cullface": "down" },
				"up": { "uv": [ 5, 12, 5.5, 14 ], "texture": "#texture", "cullface": "up" },
				"north": { "uv": [ 5, 12, 5.5, 14 ], "texture": "#texture", "cullface": "north" },
				"south": { "uv": [ 5, 12, 5.5, 14 ], "texture": "#texture", "cullface": "south" },
				"west": { "uv": [ 5, 12, 5.5, 14 ], "texture": "#texture", "cullface": "west" },
				"east": { "uv": [ 5, 12, 5.5, 14 ], "texture": "#texture", "cullface": "east" }
			}
		},
		{
			"__comment": "Voxels-0000B7",
			"from": [ 15.8833, 2, 5.5667 ],
			"to": [ 17.74997, 2.933333, 6.500033 ],
			"shade": false,
			"faces": {
				"down": { "uv": [ 13.5, 14, 14.5, 14.5 ], "texture": "#texture", "cullface": "down" },
				"up": { "uv": [ 13.5, 14, 14.5, 14.5 ], "texture": "#texture", "cullface": "up" },
				"north": { "uv": [ 13.5, 14, 14.5, 14.5 ], "texture": "#texture", "cullface": "north" },
				"south": { "uv": [ 13.5, 14, 14.5, 14.5 ], "texture": "#texture", "cullface": "south" },
				"west": { "uv": [ 13.5, 14, 14.5, 14.5 ], "texture": "#texture", "cullface": "west" },
				"east": { "uv": [ 13.5, 14, 14, 14.5 ], "texture": "#texture", "cullface": "east" }
			}
		},
		{
			"__comment": "Voxels-FF4000",
			"from": [ 15.8833, 2, 4.6333 ],
			"to": [ 17.74997, 2.933333, 5.566633 ],
			"shade": false,
			"faces": {
				"down": { "uv": [ 1.5, 14, 2.5, 14.5 ], "texture": "#texture", "cullface": "down" },
				"up": { "uv": [ 1.5, 14, 2.5, 14.5 ], "texture": "#texture", "cullface": "up" },
				"north": { "uv": [ 1.5, 14, 2.5, 14.5 ], "texture": "#texture", "cullface": "north" },
				"south": { "uv": [ 1.5, 14, 2.5, 14.5 ], "texture": "#texture", "cullface": "south" },
				"west": { "uv": [ 1.5, 14, 2.5, 14.5 ], "texture": "#texture", "cullface": "west" },
				"east": { "uv": [ 2, 14, 2.5, 14.5 ], "texture": "#texture", "cullface": "east" }
			}
		},
		{
			"__comment": "Voxels-0000B7",
			"from": [ 16.8167, 2.9333, 5.5667 ],
			"to": [ 17.75003, 7.599967, 6.500033 ],
			"shade": false,
			"faces": {
				"down": { "uv": [ 14, 12, 14.5, 14 ], "texture": "#texture", "cullface": "down" },
				"up": { "uv": [ 14, 11.5, 14.5, 12 ], "texture": "#texture", "cullface": "up" },
				"north": { "uv": [ 14, 12, 14.5, 14 ], "texture": "#texture", "cullface": "north" },
				"south": { "uv": [ 14, 12, 14.5, 14 ], "texture": "#texture", "cullface": "south" },
				"west": { "uv": [ 14, 12, 14.5, 14 ], "texture": "#texture", "cullface": "west" },
				"east": { "uv": [ 14, 12, 14.5, 14 ], "texture": "#texture", "cullface": "east" }
			}
		},
		{
			"__comment": "Voxels-FF4000",
			"from": [ 16.8167, 2.9333, 4.6333 ],
			"to": [ 17.75003, 7.599967, 5.566633 ],
			"shade": false,
			"faces": {
				"down": { "uv": [ 1.5, 11.5, 2, 14 ], "texture": "#texture", "cullface": "down" },
				"up": { "uv": [ 1.5, 11.5, 2, 12 ], "texture": "#texture", "cullface": "up" },
				"north": { "uv": [ 1.5, 11.5, 2, 14 ], "texture": "#texture", "cullface": "north" },
				"south": { "uv": [ 1.5, 11.5, 2, 14 ], "texture": "#texture", "cullface": "south" },
				"west": { "uv": [ 1.5, 11.5, 2, 14 ], "texture": "#texture", "cullface": "west" },
				"east": { "uv": [ 1.5, 12, 2, 14 ], "texture": "#texture", "cullface": "east" }
			}
		},
		{
			"__comment": "Voxels-0000B7",
			"from": [ 14.95, 1.0667, 5.5667 ],
			"to": [ 16.81667, 2.000033, 6.500033 ],
			"shade": false,
			"faces": {
				"down": { "uv": [ 13, 14.5, 14, 15 ], "texture": "#texture", "cullface": "down" },
				"up": { "uv": [ 13, 14.5, 14, 15 ], "texture": "#texture", "cullface": "up" },
				"north": { "uv": [ 13, 14.5, 14, 15 ], "texture": "#texture", "cullface": "north" },
				"south": { "uv": [ 13, 14.5, 14, 15 ], "texture": "#texture", "cullface": "south" },
				"west": { "uv": [ 13, 14.5, 14, 15 ], "texture": "#texture", "cullface": "west" },
				"east": { "uv": [ 13.5, 14.5, 14, 15 ], "texture": "#texture", "cullface": "east" }
			}
		},
		{
			"__comment": "Voxels-FF4000",
			"from": [ 14.95, 1.0667, 4.6333 ],
			"to": [ 16.81667, 2.000033, 5.566633 ],
			"shade": false,
			"faces": {
				"down": { "uv": [ 2, 14.5, 3, 15 ], "texture": "#texture", "cullface": "down" },
				"up": { "uv": [ 2, 14.5, 3, 15 ], "texture": "#texture", "cullface": "up" },
				"north": { "uv": [ 2, 14.5, 3, 15 ], "texture": "#texture", "cullface": "north" },
				"south": { "uv": [ 2, 14.5, 3, 15 ], "texture": "#texture", "cullface": "south" },
				"west": { "uv": [ 2, 14.5, 3, 15 ], "texture": "#texture", "cullface": "west" },
				"east": { "uv": [ 2, 14.5, 2.5, 15 ], "texture": "#texture", "cullface": "east" }
			}
		},
		{
			"__comment": "Voxels-00FF00",
			"from": [ 11.2167, 2.9333, 6.5 ],
			"to": [ 16.8167, 6.666634, 7.433333 ],
			"shade": false,
			"faces": {
				"down": { "uv": [ 11, 13.5, 14, 14 ], "texture": "#texture", "cullface": "down" },
				"up": { "uv": [ 11, 12, 14, 12.5 ], "texture": "#texture", "cullface": "up" },
				"north": { "uv": [ 12.96, 0.96, 15.04, 3.04 ], "texture": "#texture", "cullface": "north" },
				"south": { "uv": [ 11, 12, 14, 14 ], "texture": "#texture", "cullface": "south" },
				"west": { "uv": [ 11, 12, 11.5, 14 ], "texture": "#texture", "cullface": "west" },
				"east": { "uv": [ 13.5, 12, 14, 14 ], "texture": "#texture", "cullface": "east" }
			}
		},
		{
			"__comment": "Voxels-FFFF00",
			"from": [ 11.2167, 2.9333, 5.5667 ],
			"to": [ 16.8167, 6.666634, 6.500033 ],
			"shade": false,
			"faces": {
				"down": { "uv": [ 2, 11, 5, 13 ], "texture": "#texture", "cullface": "down", "rotation": 180 },
				"up": { "uv": [ 8.96, 0.96, 11.04, 3.04 ], "texture": "#texture", "cullface": "up", "rotation": 180 },
				"north": { "uv": [ 2, 12, 5, 14 ], "texture": "#texture", "cullface": "north" },
				"south": { "uv": [ 2, 12, 5, 14 ], "texture": "#texture", "cullface": "south" },
				"west": { "uv": [ 8.96, 0.96, 11.04, 3.04 ], "texture": "#texture", "cullface": "west" },
				"east": { "uv": [ 8.96, 0.96, 11.04, 3.04 ], "texture": "#texture", "cullface": "east" }
			}
		},
		{
			"__comment": "Voxels-0000B7",
			"from": [ 15.8833, 6.6667, 5.5667 ],
			"to": [ 16.81663, 9.4667, 6.500033 ],
			"shade": false,
			"faces": {
				"down": { "uv": [ 13.5, 10.5, 14, 12 ], "texture": "#texture", "cullface": "down" },
				"up": { "uv": [ 13.5, 10.5, 14, 11 ], "texture": "#texture", "cullface": "up" },
				"north": { "uv": [ 13.5, 10.5, 14, 12 ], "texture": "#texture", "cullface": "north" },
				"south": { "uv": [ 13.5, 10.5, 14, 12 ], "texture": "#texture", "cullface": "south" },
				"west": { "uv": [ 13.5, 10.5, 14, 12 ], "texture": "#texture", "cullface": "west" },
				"east": { "uv": [ 13.5, 10.5, 14, 12 ], "texture": "#texture", "cullface": "east" }
			}
		},
		{
			"__comment": "Voxels-FF4000",
			"from": [ 15.8833, 6.6667, 4.6333 ],
			"to": [ 16.81663, 9.4667, 5.566633 ],
			"shade": false,
			"faces": {
				"down": { "uv": [ 2, 11.5, 2.5, 12 ], "texture": "#texture", "cullface": "down" },
				"up": { "uv": [ 2, 10.5, 2.5, 11 ], "texture": "#texture", "cullface": "up" },
				"north": { "uv": [ 2, 10.5, 2.5, 12 ], "texture": "#texture", "cullface": "north" },
				"south": { "uv": [ 2, 10.5, 2.5, 12 ], "texture": "#texture", "cullface": "south" },
				"west": { "uv": [ 2, 10.5, 2.5, 12 ], "texture": "#texture", "cullface": "west" },
				"east": { "uv": [ 2, 10.5, 2.5, 12 ], "texture": "#texture", "cullface": "east" }
			}
		},
		{
			"__comment": "Voxels-0000B7",
			"from": [ 12.15, 0.1333, 5.5667 ],
			"to": [ 15.88333, 1.066633, 6.500033 ],
			"shade": false,
			"faces": {
				"down": { "uv": [ 11.5, 15, 13.5, 15.5 ], "texture": "#texture", "cullface": "down" },
				"up": { "uv": [ 11.5, 15, 13.5, 15.5 ], "texture": "#texture", "cullface": "up" },
				"north": { "uv": [ 11.5, 15, 13.5, 15.5 ], "texture": "#texture", "cullface": "north" },
				"south": { "uv": [ 11.5, 15, 13.5, 15.5 ], "texture": "#texture", "cullface": "south" },
				"west": { "uv": [ 11.5, 15, 12, 15.5 ], "texture": "#texture", "cullface": "west" },
				"east": { "uv": [ 13, 15, 13.5, 15.5 ], "texture": "#texture", "cullface": "east" }
			}
		},
		{
			"__comment": "Voxels-FF4000",
			"from": [ 12.15, 0.1333, 4.6333 ],
			"to": [ 15.88333, 1.066633, 5.566633 ],
			"shade": false,
			"faces": {
				"down": { "uv": [ 2.5, 15, 4.5, 15.5 ], "texture": "#texture", "cullface": "down" },
				"up": { "uv": [ 2, 15, 4, 15.5 ], "texture": "#texture", "cullface": "up" },
				"north": { "uv": [ 2.5, 15, 4.5, 15.5 ], "texture": "#texture", "cullface": "north" },
				"south": { "uv": [ 2.5, 15, 4.5, 15.5 ], "texture": "#texture", "cullface": "south" },
				"west": { "uv": [ 2.5, 15, 3, 15.5 ], "texture": "#texture", "cullface": "west" },
				"east": { "uv": [ 2.5, 15, 3, 15.5 ], "texture": "#texture", "cullface": "east" }
			}
		},
		{
			"__comment": "Voxels-00FF00",
			"from": [ 12.15, 1.9999, 6.5 ],
			"to": [ 15.88333, 2.933233, 7.433333 ],
			"shade": false,
			"faces": {
				"down": { "uv": [ 11.5, 14, 13.5, 14.5 ], "texture": "#texture", "cullface": "down" },
				"up": { "uv": [ 12.96, 0.96, 15.04, 3.04 ], "texture": "#texture", "cullface": "up", "rotation": 180 },
				"north": { "uv": [ 12.96, 0.96, 15.04, 3.04 ], "texture": "#texture", "cullface": "north" },
				"south": { "uv": [ 11.5, 14, 13.5, 14.5 ], "texture": "#texture", "cullface": "south" },
				"west": { "uv": [ 11.5, 14, 12, 14.5 ], "texture": "#texture", "cullface": "west" },
				"east": { "uv": [ 13, 14, 13.5, 14.5 ], "texture": "#texture", "cullface": "east" }
			}
		},
		{
			"__comment": "Voxels-FFFF00",
			"from": [ 12.15, 1.9999, 5.5667 ],
			"to": [ 15.88333, 2.933233, 6.500033 ],
			"shade": false,
			"faces": {
				"down": { "uv": [ 8.96, 0.96, 11.04, 3.04 ], "texture": "#texture", "cullface": "down", "rotation": 180 },
				"up": { "uv": [ 8.96, 0.96, 11.04, 3.04 ], "texture": "#texture", "cullface": "up", "rotation": 180 },
				"north": { "uv": [ 2.5, 14, 4.5, 14.5 ], "texture": "#texture", "cullface": "north" },
				"south": { "uv": [ 2.5, 14, 4.5, 14.5 ], "texture": "#texture", "cullface": "south" },
				"west": { "uv": [ 8.96, 0.96, 11.04, 3.04 ], "texture": "#texture", "cullface": "west" },
				"east": { "uv": [ 8.96, 0.96, 11.04, 3.04 ], "texture": "#texture", "cullface": "east" }
			}
		},
		{
			"__comment": "Voxels-00FF00",
			"from": [ 12.1499, 6.6667, 6.5 ],
			"to": [ 15.88323, 8.533366, 7.433333 ],
			"shade": false,
			"faces": {
				"down": { "uv": [ 12.96, 0.96, 15.04, 3.04 ], "texture": "#texture", "cullface": "down", "rotation": 180 },
				"up": { "uv": [ 11.5, 11, 13.5, 11.5 ], "texture": "#texture", "cullface": "up" },
				"north": { "uv": [ 12.96, 0.96, 15.04, 3.04 ], "texture": "#texture", "cullface": "north" },
				"south": { "uv": [ 11.5, 11, 13.5, 12 ], "texture": "#texture", "cullface": "south" },
				"west": { "uv": [ 11.5, 11, 12, 12 ], "texture": "#texture", "cullface": "west" },
				"east": { "uv": [ 13, 11, 13.5, 12 ], "texture": "#texture", "cullface": "east" }
			}
		},
		{
			"__comment": "Voxels-FFFF00",
			"from": [ 12.1499, 6.6667, 5.5667 ],
			"to": [ 15.88323, 8.533366, 6.500033 ],
			"shade": false,
			"faces": {
				"down": { "uv": [ 8.96, 0.96, 11.04, 3.04 ], "texture": "#texture", "cullface": "down", "rotation": 180 },
				"up": { "uv": [ 8.96, 0.96, 11.04, 3.04 ], "texture": "#texture", "cullface": "up", "rotation": 180 },
				"north": { "uv": [ 2.5, 11, 4.5, 12 ], "texture": "#texture", "cullface": "north" },
				"south": { "uv": [ 2.5, 11, 4.5, 12 ], "texture": "#texture", "cullface": "south" },
				"west": { "uv": [ 8.96, 0.96, 11.04, 3.04 ], "texture": "#texture", "cullface": "west" },
				"east": { "uv": [ 8.96, 0.96, 11.04, 3.04 ], "texture": "#texture", "cullface": "east" }
			}
		},
		{
			"__comment": "Voxels-0000B7",
			"from": [ 14.95, 8.5334, 5.5667 ],
			"to": [ 15.88333, 11.3334, 6.500033 ],
			"shade": false,
			"faces": {
				"down": { "uv": [ 13, 10.5, 13.5, 11 ], "texture": "#texture", "cullface": "down" },
				"up": { "uv": [ 13, 9.499999, 13.5, 10 ], "texture": "#texture", "cullface": "up" },
				"north": { "uv": [ 13, 9.499999, 13.5, 11 ], "texture": "#texture", "cullface": "north" },
				"south": { "uv": [ 13, 9.499999, 13.5, 11 ], "texture": "#texture", "cullface": "south" },
				"west": { "uv": [ 13, 9.499999, 13.5, 11 ], "texture": "#texture", "cullface": "west" },
				"east": { "uv": [ 13, 9.499999, 13.5, 11 ], "texture": "#texture", "cullface": "east" }
			}
		},
		{
			"__comment": "Voxels-FF4000",
			"from": [ 14.95, 8.5334, 4.6333 ],
			"to": [ 15.88333, 11.3334, 5.566633 ],
			"shade": false,
			"faces": {
				"down": { "uv": [ 2.5, 10.5, 3, 11 ], "texture": "#texture", "cullface": "down" },
				"up": { "uv": [ 2.5, 9.500001, 3, 10 ], "texture": "#texture", "cullface": "up" },
				"north": { "uv": [ 2.5, 9.5, 3, 11 ], "texture": "#texture", "cullface": "north" },
				"south": { "uv": [ 2.5, 9.500001, 3, 11 ], "texture": "#texture", "cullface": "south" },
				"west": { "uv": [ 2.5, 9.500001, 3, 11 ], "texture": "#texture", "cullface": "west" },
				"east": { "uv": [ 2.5, 9.500001, 3, 11 ], "texture": "#texture", "cullface": "east" }
			}
		},
		{
			"__comment": "Voxels-00FF00",
			"from": [ 13.0833, 1.0667, 6.5 ],
			"to": [ 14.94997, 2.000033, 7.433333 ],
			"shade": false,
			"faces": {
				"down": { "uv": [ 12, 14.5, 13, 15 ], "texture": "#texture", "cullface": "down" },
				"up": { "uv": [ 12.96, 0.96, 15.04, 3.04 ], "texture": "#texture", "cullface": "up", "rotation": 180 },
				"north": { "uv": [ 12.96, 0.96, 15.04, 3.04 ], "texture": "#texture", "cullface": "north" },
				"south": { "uv": [ 12, 14.5, 13, 15 ], "texture": "#texture", "cullface": "south" },
				"west": { "uv": [ 12, 14.5, 12.5, 15 ], "texture": "#texture", "cullface": "west" },
				"east": { "uv": [ 12.5, 14.5, 13, 15 ], "texture": "#texture", "cullface": "east" }
			}
		},
		{
			"__comment": "Voxels-FFFF00",
			"from": [ 13.0833, 1.0667, 5.5667 ],
			"to": [ 14.94997, 2.000033, 6.500033 ],
			"shade": false,
			"faces": {
				"down": { "uv": [ 8.96, 0.96, 11.04, 3.04 ], "texture": "#texture", "cullface": "down", "rotation": 180 },
				"up": { "uv": [ 8.96, 0.96, 11.04, 3.04 ], "texture": "#texture", "cullface": "up", "rotation": 180 },
				"north": { "uv": [ 3, 14.5, 4, 15 ], "texture": "#texture", "cullface": "north" },
				"south": { "uv": [ 3, 14.5, 4, 15 ], "texture": "#texture", "cullface": "south" },
				"west": { "uv": [ 8.96, 0.96, 11.04, 3.04 ], "texture": "#texture", "cullface": "west" },
				"east": { "uv": [ 8.96, 0.96, 11.04, 3.04 ], "texture": "#texture", "cullface": "east" }
			}
		},
		{
			"__comment": "Voxels-00FF00",
			"from": [ 13.0832, 8.5334, 6.5 ],
			"to": [ 14.94987, 10.40007, 7.433333 ],
			"shade": false,
			"faces": {
				"down": { "uv": [ 12.96, 0.96, 15.04, 3.04 ], "texture": "#texture", "cullface": "down", "rotation": 180 },
				"up": { "uv": [ 12, 10, 12.5, 10.5 ], "texture": "#texture", "cullface": "up" },
				"north": { "uv": [ 12.96, 0.96, 15.04, 3.04 ], "texture": "#texture", "cullface": "north" },
				"south": { "uv": [ 12, 10, 13, 11 ], "texture": "#texture", "cullface": "south" },
				"west": { "uv": [ 12, 10, 12.5, 11 ], "texture": "#texture", "cullface": "west" },
				"east": { "uv": [ 12, 10, 12.5, 11 ], "texture": "#texture", "cullface": "east" }
			}
		},
		{
			"__comment": "Voxels-FFFF00",
			"from": [ 13.0832, 8.5334, 5.5667 ],
			"to": [ 14.94987, 10.40007, 6.500033 ],
			"shade": false,
			"faces": {
				"down": { "uv": [ 8.96, 0.96, 11.04, 3.04 ], "texture": "#texture", "cullface": "down", "rotation": 180 },
				"up": { "uv": [ 8.96, 0.96, 11.04, 3.04 ], "texture": "#texture", "cullface": "up", "rotation": 180 },
				"north": { "uv": [ 3, 9.999999, 4, 11 ], "texture": "#texture", "cullface": "north" },
				"south": { "uv": [ 3, 10, 4, 11 ], "texture": "#texture", "cullface": "south" },
				"west": { "uv": [ 8.96, 0.96, 11.04, 3.04 ], "texture": "#texture", "cullface": "west" },
				"east": { "uv": [ 8.96, 0.96, 11.04, 3.04 ], "texture": "#texture", "cullface": "east" }
			}
		},
		{
			"__comment": "Voxels-00FF00",
			"from": [ 14.0166, 10.4, 6.5 ],
			"to": [ 14.94993, 11.33333, 7.433333 ],
			"shade": false,
			"faces": {
				"down": { "uv": [ 12.5, 9.5, 13, 10 ], "texture": "#texture", "cullface": "down" },
				"up": { "uv": [ 12.5, 9.5, 13, 10 ], "texture": "#texture", "cullface": "up" },
				"north": { "uv": [ 12.5, 9.5, 13, 10 ], "texture": "#texture", "cullface": "north" },
				"south": { "uv": [ 12.5, 9.5, 13, 10 ], "texture": "#texture", "cullface": "south" },
				"west": { "uv": [ 12.5, 9.5, 13, 10 ], "texture": "#texture", "cullface": "west" },
				"east": { "uv": [ 12.5, 9.5, 13, 10 ], "texture": "#texture", "cullface": "east" }
			}
		},
		{
			"__comment": "Voxels-FFFF00",
			"from": [ 14.0166, 10.4, 5.5667 ],
			"to": [ 14.94993, 11.33333, 6.500033 ],
			"shade": false,
			"faces": {
				"down": { "uv": [ 8.96, 0.96, 11.04, 3.04 ], "texture": "#texture", "cullface": "down", "rotation": 180 },
				"up": { "uv": [ 8.96, 0.96, 11.04, 3.04 ], "texture": "#texture", "cullface": "up", "rotation": 180 },
				"north": { "uv": [ 3, 9.5, 3.5, 10 ], "texture": "#texture", "cullface": "north" },
				"south": { "uv": [ 3, 9.499999, 3.5, 9.999999 ], "texture": "#texture", "cullface": "south" },
				"west": { "uv": [ 8.96, 0.96, 11.04, 3.04 ], "texture": "#texture", "cullface": "west" },
				"east": { "uv": [ 8.96, 0.96, 11.04, 3.04 ], "texture": "#texture", "cullface": "east" }
			}
		},
		{
			"__comment": "Voxels-0000B7",
			"from": [ 13.0832, 11.3334, 5.5667 ],
			"to": [ 14.94987, 12.26673, 6.500033 ],
			"shade": false,
			"faces": {
				"down": { "uv": [ 12, 9, 13, 9.5 ], "texture": "#texture", "cullface": "down" },
				"up": { "uv": [ 12, 9, 13, 9.5 ], "texture": "#texture", "cullface": "up" },
				"north": { "uv": [ 12, 9, 13, 9.5 ], "texture": "#texture", "cullface": "north" },
				"south": { "uv": [ 12, 9, 13, 9.5 ], "texture": "#texture", "cullface": "south" },
				"west": { "uv": [ 12, 8.999999, 12.5, 9.5 ], "texture": "#texture", "cullface": "west" },
				"east": { "uv": [ 12, 8.999999, 12.5, 9.5 ], "texture": "#texture", "cullface": "east" }
			}
		},
		{
			"__comment": "Voxels-FF4000",
			"from": [ 13.0832, 11.3334, 4.6333 ],
			"to": [ 14.94987, 12.26673, 5.566633 ],
			"shade": false,
			"faces": {
				"down": { "uv": [ 3, 9, 4, 9.5 ], "texture": "#texture", "cullface": "down" },
				"up": { "uv": [ 3, 9, 4, 9.5 ], "texture": "#texture", "cullface": "up" },
				"north": { "uv": [ 3, 9, 4, 9.5 ], "texture": "#texture", "cullface": "north" },
				"south": { "uv": [ 3, 9, 4, 9.5 ], "texture": "#texture", "cullface": "south" },
				"west": { "uv": [ 3.5, 9.000001, 4, 9.500002 ], "texture": "#texture", "cullface": "west" },
				"east": { "uv": [ 3, 8.999999, 3.5, 9.5 ], "texture": "#texture", "cullface": "east" }
			}
		},
		{
			"__comment": "Voxels-0000B7",
			"from": [ 14.0166, 12.2667, 5.5667 ],
			"to": [ 14.94993, 13.20003, 6.500033 ],
			"shade": false,
			"faces": {
				"down": { "uv": [ 12.5, 8.5, 13, 9 ], "texture": "#texture", "cullface": "down" },
				"up": { "uv": [ 12.5, 8.5, 13, 9 ], "texture": "#texture", "cullface": "up" },
				"north": { "uv": [ 12.5, 8.5, 13, 9 ], "texture": "#texture", "cullface": "north" },
				"south": { "uv": [ 12.5, 8.5, 13, 9 ], "texture": "#texture", "cullface": "south" },
				"west": { "uv": [ 12.5, 8.5, 13, 9 ], "texture": "#texture", "cullface": "west" },
				"east": { "uv": [ 12.5, 8.5, 13, 9 ], "texture": "#texture", "cullface": "east" }
			}
		},
		{
			"__comment": "Voxels-FF4000",
			"from": [ 14.0166, 12.2667, 4.6333 ],
			"to": [ 14.94993, 13.20003, 5.566633 ],
			"shade": false,
			"faces": {
				"down": { "uv": [ 3, 8.5, 3.5, 9 ], "texture": "#texture", "cullface": "down" },
				"up": { "uv": [ 3, 8.5, 3.5, 9 ], "texture": "#texture", "cullface": "up" },
				"north": { "uv": [ 3, 8.5, 3.5, 9 ], "texture": "#texture", "cullface": "north" },
				"south": { "uv": [ 3, 8.5, 3.5, 9 ], "texture": "#texture", "cullface": "south" },
				"west": { "uv": [ 3, 8.5, 3.5, 9 ], "texture": "#texture", "cullface": "west" },
				"east": { "uv": [ 3, 8.5, 3.5, 9 ], "texture": "#texture", "cullface": "east" }
			}
		},
		{
			"__comment": "Voxels-0000B7",
			"from": [ 12.1499, 10.4, 5.5667 ],
			"to": [ 14.01657, 11.33333, 6.500033 ],
			"shade": false,
			"faces": {
				"down": { "uv": [ 11.5, 9.5, 12.5, 10 ], "texture": "#texture", "cullface": "down" },
				"up": { "uv": [ 12, 9.499999, 12.5, 9.999998 ], "texture": "#texture", "cullface": "up" },
				"north": { "uv": [ 11.5, 9.5, 12.5, 10 ], "texture": "#texture", "cullface": "north" },
				"south": { "uv": [ 11.5, 9.5, 12.5, 10 ], "texture": "#texture", "cullface": "south" },
				"west": { "uv": [ 11.5, 9.500001, 12, 10 ], "texture": "#texture", "cullface": "west" },
				"east": { "uv": [ 11.5, 9.5, 12.5, 10 ], "texture": "#texture", "cullface": "east" }
			}
		},
		{
			"__comment": "Voxels-FF4000",
			"from": [ 12.1499, 10.4, 4.6333 ],
			"to": [ 14.01657, 11.33333, 5.566633 ],
			"shade": false,
			"faces": {
				"down": { "uv": [ 3.5, 9.500001, 4.5, 10 ], "texture": "#texture", "cullface": "down" },
				"up": { "uv": [ 3.5, 9.500001, 4.5, 10 ], "texture": "#texture", "cullface": "up" },
				"north": { "uv": [ 3.5, 9.500001, 4.5, 10 ], "texture": "#texture", "cullface": "north" },
				"south": { "uv": [ 3.5, 9.500001, 4.5, 10 ], "texture": "#texture", "cullface": "south" },
				"west": { "uv": [ 4, 9.499999, 4.5, 9.999998 ], "texture": "#texture", "cullface": "west" },
				"east": { "uv": [ 3.5, 9.500001, 4, 10 ], "texture": "#texture", "cullface": "east" }
			}
		},
		{
			"__comment": "Voxels-0000B7",
			"from": [ 11.2166, 1.0666, 5.5667 ],
			"to": [ 13.08327, 1.999933, 6.500033 ],
			"shade": false,
			"faces": {
				"down": { "uv": [ 11, 14.5, 12, 15 ], "texture": "#texture", "cullface": "down" },
				"up": { "uv": [ 11, 14.5, 12, 15 ], "texture": "#texture", "cullface": "up" },
				"north": { "uv": [ 11, 14.5, 12, 15 ], "texture": "#texture", "cullface": "north" },
				"south": { "uv": [ 11, 14.5, 12, 15 ], "texture": "#texture", "cullface": "south" },
				"west": { "uv": [ 11, 14.5, 11.5, 15 ], "texture": "#texture", "cullface": "west" },
				"east": { "uv": [ 11, 14.5, 12, 15 ], "texture": "#texture", "cullface": "east" }
			}
		},
		{
			"__comment": "Voxels-FF4000",
			"from": [ 11.2166, 1.0666, 4.6333 ],
			"to": [ 13.08327, 1.999933, 5.566633 ],
			"shade": false,
			"faces": {
				"down": { "uv": [ 4, 14.5, 5, 15 ], "texture": "#texture", "cullface": "down" },
				"up": { "uv": [ 4, 14.5, 5, 15 ], "texture": "#texture", "cullface": "up" },
				"north": { "uv": [ 4, 14.5, 5, 15 ], "texture": "#texture", "cullface": "north" },
				"south": { "uv": [ 4, 14.5, 5, 15 ], "texture": "#texture", "cullface": "south" },
				"west": { "uv": [ 4.5, 14.5, 5, 15 ], "texture": "#texture", "cullface": "west" },
				"east": { "uv": [ 4, 14.5, 5, 15 ], "texture": "#texture", "cullface": "east" }
			}
		},
		{
			"__comment": "Voxels-0000B7",
			"from": [ 11.2166, 8.5334, 5.5667 ],
			"to": [ 13.08327, 9.466733, 6.500033 ],
			"shade": false,
			"faces": {
				"down": { "uv": [ 11, 10.5, 12, 11 ], "texture": "#texture", "cullface": "down" },
				"up": { "uv": [ 11.5, 10.5, 12, 11 ], "texture": "#texture", "cullface": "up" },
				"north": { "uv": [ 11, 10.5, 12, 11 ], "texture": "#texture", "cullface": "north" },
				"south": { "uv": [ 11, 10.5, 12, 11 ], "texture": "#texture", "cullface": "south" },
				"west": { "uv": [ 11, 10.5, 11.5, 11 ], "texture": "#texture", "cullface": "west" },
				"east": { "uv": [ 11.5, 10.5, 12, 11 ], "texture": "#texture", "cullface": "east" }
			}
		},
		{
			"__comment": "Voxels-FF4000",
			"from": [ 11.2166, 8.5334, 4.6333 ],
			"to": [ 13.08327, 9.466733, 5.566633 ],
			"shade": false,
			"faces": {
				"down": { "uv": [ 4, 10.5, 5, 11 ], "texture": "#texture", "cullface": "down" },
				"up": { "uv": [ 4, 10.5, 5, 11 ], "texture": "#texture", "cullface": "up" },
				"north": { "uv": [ 4, 10.5, 5, 11 ], "texture": "#texture", "cullface": "north" },
				"south": { "uv": [ 4, 10.5, 5, 11 ], "texture": "#texture", "cullface": "south" },
				"west": { "uv": [ 4.5, 10.5, 5, 11 ], "texture": "#texture", "cullface": "west" },
				"east": { "uv": [ 4.5, 10.5, 5, 11 ], "texture": "#texture", "cullface": "east" }
			}
		},
		{
			"__comment": "Voxels-0000B7",
			"from": [ 12.1499, 9.4667, 5.5667 ],
			"to": [ 13.08323, 10.40003, 6.500033 ],
			"shade": false,
			"faces": {
				"down": { "uv": [ 11.5, 10, 12, 10.5 ], "texture": "#texture", "cullface": "down" },
				"up": { "uv": [ 11.5, 10, 12, 10.5 ], "texture": "#texture", "cullface": "up" },
				"north": { "uv": [ 11.5, 10, 12, 10.5 ], "texture": "#texture", "cullface": "north" },
				"south": { "uv": [ 11.5, 10, 12, 10.5 ], "texture": "#texture", "cullface": "south" },
				"west": { "uv": [ 11.5, 10, 12, 10.5 ], "texture": "#texture", "cullface": "west" },
				"east": { "uv": [ 11.5, 10, 12, 10.5 ], "texture": "#texture", "cullface": "east" }
			}
		},
		{
			"__comment": "Voxels-FF4000",
			"from": [ 12.1499, 9.4667, 4.6333 ],
			"to": [ 13.08323, 10.40003, 5.566633 ],
			"shade": false,
			"faces": {
				"down": { "uv": [ 4, 10, 4.5, 10.5 ], "texture": "#texture", "cullface": "down" },
				"up": { "uv": [ 4, 10, 4.5, 10.5 ], "texture": "#texture", "cullface": "up" },
				"north": { "uv": [ 4, 10, 4.5, 10.5 ], "texture": "#texture", "cullface": "north" },
				"south": { "uv": [ 4, 10, 4.5, 10.5 ], "texture": "#texture", "cullface": "south" },
				"west": { "uv": [ 4, 10, 4.5, 10.5 ], "texture": "#texture", "cullface": "west" },
				"east": { "uv": [ 4, 10, 4.5, 10.5 ], "texture": "#texture", "cullface": "east" }
			}
		},
		{
			"__comment": "Voxels-0000B7",
			"from": [ 10.2833, 1.9999, 5.5667 ],
			"to": [ 12.14997, 2.933233, 6.500033 ],
			"shade": false,
			"faces": {
				"down": { "uv": [ 10.5, 14, 11.5, 14.5 ], "texture": "#texture", "cullface": "down" },
				"up": { "uv": [ 10.5, 14, 11.5, 14.5 ], "texture": "#texture", "cullface": "up" },
				"north": { "uv": [ 10.5, 14, 11.5, 14.5 ], "texture": "#texture", "cullface": "north" },
				"south": { "uv": [ 10.5, 14, 11.5, 14.5 ], "texture": "#texture", "cullface": "south" },
				"west": { "uv": [ 10.5, 14, 11, 14.5 ], "texture": "#texture", "cullface": "west" },
				"east": { "uv": [ 10.5, 14, 11.5, 14.5 ], "texture": "#texture", "cullface": "east" }
			}
		},
		{
			"__comment": "Voxels-FF4000",
			"from": [ 10.2833, 1.9999, 4.6333 ],
			"to": [ 12.14997, 2.933233, 5.566633 ],
			"shade": false,
			"faces": {
				"down": { "uv": [ 4.5, 14, 5.5, 14.5 ], "texture": "#texture", "cullface": "down" },
				"up": { "uv": [ 4.5, 14, 5.5, 14.5 ], "texture": "#texture", "cullface": "up" },
				"north": { "uv": [ 4.5, 14, 5.5, 14.5 ], "texture": "#texture", "cullface": "north" },
				"south": { "uv": [ 4.5, 14, 5.5, 14.5 ], "texture": "#texture", "cullface": "south" },
				"west": { "uv": [ 5, 14, 5.5, 14.5 ], "texture": "#texture", "cullface": "west" },
				"east": { "uv": [ 4.5, 14, 5.5, 14.5 ], "texture": "#texture", "cullface": "east" }
			}
		},
		{
			"__comment": "Voxels-0000B7",
			"from": [ 10.2832, 6.6666, 5.5667 ],
			"to": [ 12.14987, 7.599933, 6.500033 ],
			"shade": false,
			"faces": {
				"down": { "uv": [ 10.5, 11.5, 11.5, 12 ], "texture": "#texture", "cullface": "down" },
				"up": { "uv": [ 10.5, 11.5, 11.5, 12 ], "texture": "#texture", "cullface": "up" },
				"north": { "uv": [ 10.5, 11.5, 11.5, 12 ], "texture": "#texture", "cullface": "north" },
				"south": { "uv": [ 10.5, 11.5, 11.5, 12 ], "texture": "#texture", "cullface": "south" },
				"west": { "uv": [ 10.5, 11.5, 11.5, 12 ], "texture": "#texture", "cullface": "west" },
				"east": { "uv": [ 10.5, 11.5, 11.5, 12 ], "texture": "#texture", "cullface": "east" }
			}
		},
		{
			"__comment": "Voxels-FF4000",
			"from": [ 10.2832, 6.6666, 4.6333 ],
			"to": [ 12.14987, 7.599933, 5.566633 ],
			"shade": false,
			"faces": {
				"down": { "uv": [ 4.5, 11.5, 5.5, 12 ], "texture": "#texture", "cullface": "down" },
				"up": { "uv": [ 4.5, 11.5, 5.5, 12 ], "texture": "#texture", "cullface": "up" },
				"north": { "uv": [ 4.5, 11.5, 5.5, 12 ], "texture": "#texture", "cullface": "north" },
				"south": { "uv": [ 4.5, 11.5, 5.5, 12 ], "texture": "#texture", "cullface": "south" },
				"west": { "uv": [ 4.5, 11.5, 5.5, 12 ], "texture": "#texture", "cullface": "west" },
				"east": { "uv": [ 4.5, 11.5, 5.5, 12 ], "texture": "#texture", "cullface": "east" }
			}
		},
		{
			"__comment": "Voxels-0000B7",
			"from": [ 11.2166, 7.6, 5.5667 ],
			"to": [ 12.14993, 8.533333, 6.500033 ],
			"shade": false,
			"faces": {
				"down": { "uv": [ 11, 11, 11.5, 11.5 ], "texture": "#texture", "cullface": "down" },
				"up": { "uv": [ 11, 11, 11.5, 11.5 ], "texture": "#texture", "cullface": "up" },
				"north": { "uv": [ 11, 11, 11.5, 11.5 ], "texture": "#texture", "cullface": "north" },
				"south": { "uv": [ 11, 11, 11.5, 11.5 ], "texture": "#texture", "cullface": "south" },
				"west": { "uv": [ 11, 11, 11.5, 11.5 ], "texture": "#texture", "cullface": "west" },
				"east": { "uv": [ 11, 11, 11.5, 11.5 ], "texture": "#texture", "cullface": "east" }
			}
		},
		{
			"__comment": "Voxels-FF4000",
			"from": [ 11.2166, 7.6, 4.6333 ],
			"to": [ 12.14993, 8.533333, 5.566633 ],
			"shade": false,
			"faces": {
				"down": { "uv": [ 4.5, 11, 5.04, 11.54 ], "texture": "#texture", "cullface": "down" },
				"up": { "uv": [ 4.5, 11, 5.04, 11.54 ], "texture": "#texture", "cullface": "up" },
				"north": { "uv": [ 4.5, 11, 5, 11.5 ], "texture": "#texture", "cullface": "north" },
				"south": { "uv": [ 4.5, 11, 5, 11.5 ], "texture": "#texture", "cullface": "south" },
				"west": { "uv": [ 4.5, 11, 5, 11.5 ], "texture": "#texture", "cullface": "west" },
				"east": { "uv": [ 4.5, 11, 5.04, 11.54 ], "texture": "#texture", "cullface": "east" }
			}
		},
		{
			"__comment": "Voxels-0000B7",
			"from": [ 10.2833, 2.9333, 5.5667 ],
			"to": [ 11.21663, 6.666634, 6.500033 ],
			"shade": false,
			"faces": {
				"down": { "uv": [ 10.5, 12, 11, 14 ], "texture": "#texture", "cullface": "down" },
				"up": { "uv": [ 10.5, 12, 11, 14 ], "texture": "#texture", "cullface": "up" },
				"north": { "uv": [ 10.5, 12, 11, 14 ], "texture": "#texture", "cullface": "north" },
				"south": { "uv": [ 10.5, 12, 11, 14 ], "texture": "#texture", "cullface": "south" },
				"west": { "uv": [ 10.5, 12, 11, 14 ], "texture": "#texture", "cullface": "west" },
				"east": { "uv": [ 10.5, 12, 11, 14 ], "texture": "#texture", "cullface": "east" }
			}
		},
		{
			"__comment": "Voxels-FF4000",
			"from": [ 10.2833, 2.9333, 4.6333 ],
			"to": [ 11.21663, 6.666634, 5.566633 ],
			"shade": false,
			"faces": {
				"down": { "uv": [ 5, 12, 5.5, 14 ], "texture": "#texture", "cullface": "down" },
				"up": { "uv": [ 5, 12, 5.5, 14 ], "texture": "#texture", "cullface": "up" },
				"north": { "uv": [ 5, 12, 5.5, 14 ], "texture": "#texture", "cullface": "north" },
				"south": { "uv": [ 5, 12, 5.5, 14 ], "texture": "#texture", "cullface": "south" },
				"west": { "uv": [ 5, 12, 5.5, 14 ], "texture": "#texture", "cullface": "west" },
				"east": { "uv": [ 5, 12, 5.5, 14 ], "texture": "#texture", "cullface": "east" }
			}
		}
	],
	"display": {
		"thirdperson_righthand": {
			"rotation":  [ -90, 90, 0 ],
			"translation":  [ 0, -2.2, 0.19 ],
			"scale":  [ 0.4, 0.4, 0.4 ]
		},
		"thirdperson_lefthand": {
			"rotation":  [ -90, 90, 0 ],
			"translation":  [ 0, -2.2, 0.19 ],
			"scale":  [ 0.4, 0.4, 0.4 ]
		},
		"firstperson_righthand": {
			"rotation":  [ 0, -75, 0 ],
			"translation":  [ 0, 2.7, 0 ],
			"scale":  [ 0.4, 0.4, 0.4 ]
		},
		"firstperson_lefthand": {
			"rotation":  [ 0, -75, 0 ],
			"translation":  [ 0, 2.7, 0 ],
			"scale":  [ 0.4, 0.4, 0.4 ]
		},
		"gui": {
			"rotation":  [ 0, 180, 0 ],
			"translation":  [ 0, 3, 0 ],
			"scale":  [ 0.75, 0.75, 0.75 ]
		},
		"head": {
			"rotation":  [ 0, 0, 0 ],
			"translation":  [ 0, 10, -1.5 ],
			"scale":  [ 0.7, 0.7, 0.7 ]
		},
		"ground": {
			"translation":  [ 0, -1.5, 0 ],
			"scale":  [ 0.5, 0.5, 0.5 ]
		},
		"fixed": {
			"rotation":  [ 0, 180, 0 ],
			"translation":  [ 0, -2.4, -1.3 ]
		}
	}
}