{
"__comment": "Designed by Mickyp123",
"textures": {
    "particle": "items/white",
    "texture": "entity/steve",
    "steve": "blocks/torch_on",
    "white": "blocks/stone_granite_smooth",
    "cobblestone": "blocks/cobblestone",
    "pianoblack": "blocks/furniture/piano_black",
    "plant": "blocks/sapling_oak"
},
"elements": [ 
{
    "from": [ 4, 11, 6 ],
    "to": [ 12, 23, 10 ],
    "faces": {
        "down":  { "uv": [ 8, 5, 7, 4 ], "texture": "#texture" },
        "up":    { "uv": [ 7, 4, 8, 5 ], "texture": "#texture" },
        "north": { "uv": [ 5, 5, 7, 8 ], "texture": "#texture" },
        "south": { "uv": [ 8, 5, 10, 8 ], "texture": "#texture" },
        "west":  { "uv": [ 7, 5, 8, 8 ], "texture": "#texture" },
        "east":  { "uv": [ 4, 5, 5, 8 ], "texture": "#texture" }
    }
},
{
    "from": [ 4, 23, 4 ],
    "to": [ 12, 31, 12 ],
    "faces": {
        "down":  { "uv": [ 6, 2, 4, 0 ], "texture": "#texture" },
        "up":    { "uv": [ 2, 0, 4, 2 ], "texture": "#texture" },
        "north": { "uv": [ 2, 2, 4, 4 ], "texture": "#texture" },
        "south": { "uv": [ 6, 2, 8, 4 ], "texture": "#texture" },
        "west":  { "uv": [ 4, 2, 6, 4 ], "texture": "#texture" },
        "east":  { "uv": [ 0, 2, 2, 4 ], "texture": "#texture" }
    }
},
{
    "from": [ 12, 13, 5.5 ],
    "to": [ 16, 21, 9.5 ],
    "rotation": { "origin": [ 12, 21, 5.5 ], "axis": "x", "angle": -45 },
    "faces": {
        "down":  { "uv": [ 13, 7, 12, 6 ], "texture": "#texture" },
        "up":    { "uv": [ 11, 4, 12, 5 ], "texture": "#texture" },
        "north": { "uv": [ 10, 5, 11, 8 ], "texture": "#texture" },
        "south": { "uv": [ 12, 5, 13, 8 ], "texture": "#texture" },
        "west":  { "uv": [ 11, 5, 12, 8 ], "texture": "#texture" },
        "east":  { "uv": [ 11, 5, 12, 8 ], "texture": "#texture" }
    }
},
{
    "from": [ 4.0625, 5.99997, 6 ],
    "to": [ 7.9375, 12, 10 ],
    "rotation": { "origin": [ 4.0625, 12, 6 ], "axis": "x", "angle": -22.5 },
    "faces": {
        "down":  { "uv": [ 2, 5, 3, 6 ], "texture": "#texture" },
        "up":    { "uv": [ 2, 4, 3, 5 ], "texture": "#texture" },
        "north": { "uv": [ 0, 5, 1, 7 ], "texture": "#texture" },
        "south": { "uv": [ 2, 5, 3, 7 ], "texture": "#texture" },
        "west":  { "uv": [ 1, 5, 2, 7 ], "texture": "#texture" },
        "east":  { "uv": [ 1, 5, 2, 7 ], "texture": "#texture" }
    }
},
{
    "from": [ 0, 11, 6 ],
    "to": [ 4, 23, 10 ],
    "rotation": { "origin": [ 0, 23, 6 ], "axis": "x", "angle": 45 },
    "faces": {
        "down":  { "uv": [ 13, 5, 12, 4 ], "texture": "#texture" },
        "up":    { "uv": [ 11, 4, 12, 5 ], "texture": "#texture" },
        "north": { "uv": [ 10, 5, 11, 8 ], "texture": "#texture" },
        "south": { "uv": [ 12, 5, 13, 8 ], "texture": "#texture" },
        "west":  { "uv": [ 11, 5, 12, 8 ], "texture": "#texture" },
        "east":  { "uv": [ 11, 5, 12, 8 ], "texture": "#texture" }
    }
},
{
    "from": [ 8, 2, 3.5 ],
    "to": [ 12, 10, 7.5 ],
    "rotation": { "origin": [ 8, 10, 3.5 ], "axis": "x", "angle": 22.5 },
    "faces": {
        "down":  { "uv": [ 2, 4, 3, 5 ], "texture": "#texture" },
        "up":    { "uv": [ 2, 4, 3, 5 ], "texture": "#texture" },
        "north": { "uv": [ 0, 5, 1, 8 ], "texture": "#texture" },
        "south": { "uv": [ 2, 5, 3, 8 ], "texture": "#texture" },
        "west":  { "uv": [ 1, 5, 2, 8 ], "texture": "#texture" },
        "east":  { "uv": [ 1, 5, 2, 8 ], "texture": "#texture" }
    }
},
{
    "from": [ 11.875, 11.5, 10 ],
    "to": [ 15.875, 17, 14 ],
    "rotation": { "origin": [ 11.875, 17, 10 ], "axis": "x", "angle": -22.5 },
    "faces": {
        "down":  { "uv": [ 13, 5, 12, 4 ], "texture": "#texture" },
        "up":    { "uv": [ 12, 6, 13, 7 ], "texture": "#texture" },
        "north": { "uv": [ 10, 6, 11, 8 ], "texture": "#texture" },
        "south": { "uv": [ 12, 6, 13, 8 ], "texture": "#texture" },
        "west":  { "uv": [ 11, 6, 12, 8 ], "texture": "#texture" },
        "east":  { "uv": [ 11, 6, 12, 7.5 ], "texture": "#texture" }
    }
},
{
    "from": [ 8.0625, 7.9375, 7.5 ],
    "to": [ 11.9375, 13.9375, 11.5 ],
    "rotation": { "origin": [ 8.0625, 13.9375, 7.5 ], "axis": "x", "angle": 45 },
    "faces": {
        "down":  { "uv": [ 2, 5, 3, 6 ], "texture": "#texture" },
        "up":    { "uv": [ 2, 4, 3, 5 ], "texture": "#texture" },
        "north": { "uv": [ 0, 5, 1, 7 ], "texture": "#texture" },
        "south": { "uv": [ 2, 5, 3, 7 ], "texture": "#texture" },
        "west":  { "uv": [ 1, 5, 2, 7 ], "texture": "#texture" },
        "east":  { "uv": [ 1, 5, 2, 7.5 ], "texture": "#texture" }
    }
},
{
    "from": [ 4, 0, 8.5 ],
    "to": [ 8, 6.5, 12.5 ],
    "rotation": { "origin": [ 4, 6.5, 8.5 ], "axis": "x", "angle": -45 },
    "faces": {
        "down":  { "uv": [ 2, 4, 3, 5 ], "texture": "#texture" },
        "up":    { "uv": [ 2, 4, 3, 5 ], "texture": "#texture" },
        "north": { "uv": [ 0, 5, 1, 8 ], "texture": "#texture" },
        "south": { "uv": [ 2, 5, 3, 8 ], "texture": "#texture" },
        "west":  { "uv": [ 1, 5, 2, 8 ], "texture": "#texture" },
        "east":  { "uv": [ 1, 5, 2, 8 ], "texture": "#texture" }
    }
},
{
    "from": [ 1, 13.5, -4 ],
    "to": [ 3, 21.5, -2 ],
    "rotation": { "origin": [ 1, 21.5, -4 ], "axis": "x", "angle": -22.5 },
    "faces": {
        "down":  { "uv": [ 7, 6, 9, 16 ], "texture": "#steve" },
        "up":    { "uv": [ 7, 6, 9, 7 ], "texture": "#steve" },
        "north": { "uv": [ 7, 6, 9, 16 ], "texture": "#steve" },
        "south": { "uv": [ 7, 6, 9, 16 ], "texture": "#steve" },
        "west":  { "uv": [ 7, 6, 9, 16 ], "texture": "#steve" },
        "east":  { "uv": [ 7, 6, 9, 16 ], "texture": "#steve" }
    }
},
{
    "from": [ 3.5, 0, 0 ],
    "to": [ 12.5, 1, 16 ],
    "faces": {
        "down":  { "uv": [ 3.5, 0, 12.5, 16 ], "texture": "#white" },
        "up":    { "uv": [ 3.5, 0, 12.5, 16 ], "texture": "#white" },
        "north": { "uv": [ 3.5, 15, 12.5, 16 ], "texture": "#white" },
        "south": { "uv": [ 3.5, 15, 12.5, 16 ], "texture": "#white" },
        "west":  { "uv": [ 0, 15, 16, 16 ], "texture": "#white" },
        "east":  { "uv": [ 0, 15, 16, 16 ], "texture": "#white" }
    }
},
{
    "from": [ 6, 0, 14 ],
    "to": [ 7, 4, 15 ],
    "faces": {
        "down":  { "uv": [ 10, 16, 9, 15 ], "texture": "#white" },
        "up":    { "uv": [ 6, 15, 7, 16 ], "texture": "#white" },
        "north": { "uv": [ 9, 16, 10, 16 ], "texture": "#white" },
        "south": { "uv": [ 6, 16, 7, 16 ], "texture": "#white" },
        "west":  { "uv": [ 15, 16, 16, 16 ], "texture": "#white" },
        "east":  { "uv": [ 0, 16, 1, 16 ], "texture": "#white" }
    }
},
{
    "from": [ 10, 0, 1 ],
    "to": [ 11, 2.5, 2 ],
    "faces": {
        "down":  { "uv": [ 6, 2, 5, 1 ], "texture": "#white" },
        "up":    { "uv": [ 10, 1, 11, 2 ], "texture": "#white" },
        "north": { "uv": [ 5, 16, 6, 16 ], "texture": "#white" },
        "south": { "uv": [ 10, 16, 11, 16 ], "texture": "#white" },
        "west":  { "uv": [ 1, 16, 2, 16 ], "texture": "#white" },
        "east":  { "uv": [ 14, 16, 15, 16 ], "texture": "#white" }
    }
},
{
    "from": [ 12.5, 0, 15.5 ],
    "to": [ 16, 16, 16 ],
    "faces": {
        "down":  { "uv": [ 12.5, 15.5, 16, 16 ], "texture": "#cobblestone" },
        "up":    { "uv": [ 12.5, 15.5, 16, 16 ], "texture": "#cobblestone" },
        "north": { "uv": [ 12.5, 0, 16, 16 ], "texture": "#cobblestone" },
        "south": { "uv": [ 12.5, 0, 16, 16 ], "texture": "#cobblestone" },
        "west":  { "uv": [ 15.5, 0, 16, 16 ], "texture": "#cobblestone" },
        "east":  { "uv": [ 15.5, 0, 16, 16 ], "texture": "#cobblestone" }
    }
},
{
    "from": [ 0, 0, 15.5 ],
    "to": [ 3.5, 16, 16 ],
    "faces": {
        "down":  { "uv": [ 0, 15.5, 3.5, 16 ], "texture": "#cobblestone" },
        "up":    { "uv": [ 0, 15.5, 3.5, 16 ], "texture": "#cobblestone" },
        "north": { "uv": [ 0, 0, 3.5, 16 ], "texture": "#cobblestone" },
        "south": { "uv": [ 0, 0, 3.5, 16 ], "texture": "#cobblestone" },
        "west":  { "uv": [ 15.5, 0, 16, 16 ], "texture": "#cobblestone" },
        "east":  { "uv": [ 15.5, 0, 16, 16 ], "texture": "#cobblestone" }
    }
},
{
    "from": [ 0, 16, 15.4375 ],
    "to": [ 3.5, 32, 15.9375 ],
    "faces": {
        "down":  { "uv": [ 0, 15.4375, 3.5, 15.9375 ], "texture": "#cobblestone" },
        "up":    { "uv": [ 0, 15.4375, 3.5, 15.9375 ], "texture": "#cobblestone" },
        "north": { "uv": [ 0, 0, 3.5, 16 ], "texture": "#cobblestone" },
        "south": { "uv": [ 0, 0, 3.5, 16 ], "texture": "#cobblestone" },
        "west":  { "uv": [ 15.4375, 0, 15.9375, 16 ], "texture": "#cobblestone" },
        "east":  { "uv": [ 15.4375, 0, 15.9375, 16 ], "texture": "#cobblestone" }
    }
},
{
    "from": [ 12.5, 16, 15.5 ],
    "to": [ 16, 32, 16 ],
    "faces": {
        "down":  { "uv": [ 12.5, 15.5, 16, 16 ], "texture": "#cobblestone" },
        "up":    { "uv": [ 12.5, 15.5, 16, 16 ], "texture": "#cobblestone" },
        "north": { "uv": [ 12.5, 0, 16, 16 ], "texture": "#cobblestone" },
        "south": { "uv": [ 12.5, 0, 16, 16 ], "texture": "#cobblestone" },
        "west":  { "uv": [ 15.5, 0, 16, 16 ], "texture": "#cobblestone" },
        "east":  { "uv": [ 15.5, 0, 16, 16 ], "texture": "#cobblestone" }
    }
},
{
    "from": [ 3.5, 29, 15.5 ],
    "to": [ 12.5, 32, 16 ],
    "faces": {
        "down":  { "uv": [ 3.5, 15.5, 12.5, 16 ], "texture": "#cobblestone" },
        "up":    { "uv": [ 3.5, 15.5, 12.5, 16 ], "texture": "#cobblestone" },
        "north": { "uv": [ 3.5, 0, 12.5, 3 ], "texture": "#cobblestone" },
        "south": { "uv": [ 3.5, 0, 12.5, 3 ], "texture": "#cobblestone" },
        "west":  { "uv": [ 15.5, 0, 16, 3 ], "texture": "#cobblestone" },
        "east":  { "uv": [ 15.5, 0, 16, 3 ], "texture": "#cobblestone" }
    }
},
{
    "from": [ 3.5, 1, 15.5 ],
    "to": [ 12.5, 15.5, 16 ],
    "faces": {
        "down":  { "uv": [ 12.5, 15.5, 16, 16 ], "texture": "#pianoblack" },
        "up":    { "uv": [ 12.5, 15.5, 16, 16 ], "texture": "#pianoblack" },
        "north": { "uv": [ 12.5, 0, 16, 16 ], "texture": "#pianoblack" },
        "south": { "uv": [ 12.5, 0, 16, 16 ], "texture": "#pianoblack" },
        "west":  { "uv": [ 15.5, 0, 16, 16 ], "texture": "#pianoblack" },
        "east":  { "uv": [ 15.5, 0, 16, 16 ], "texture": "#pianoblack" }
    }
},
{
    "from": [ 3.5, 15.5, 15.5 ],
    "to": [ 12.5, 29, 16 ],
    "faces": {
        "down":  { "uv": [ 12.5, 15.5, 16, 16 ], "texture": "#pianoblack" },
        "up":    { "uv": [ 12.5, 15.5, 16, 16 ], "texture": "#pianoblack" },
        "north": { "uv": [ 12.5, 0, 16, 16 ], "texture": "#pianoblack" },
        "south": { "uv": [ 12.5, 0, 16, 16 ], "texture": "#pianoblack" },
        "west":  { "uv": [ 15.5, 0, 16, 16 ], "texture": "#pianoblack" },
        "east":  { "uv": [ 15.5, 0, 16, 16 ], "texture": "#pianoblack" }
    }
},
{
    "from": [ 3, 0, 4 ],
    "to": [ 3.0625, 9, 20 ],
    "rotation": { "origin": [ 3, 0, 4 ], "axis": "y", "angle": 45 },
    "faces": {
        "west":  { "uv": [ 0, 0, 16, 9 ], "texture": "#plant" },
        "east":  { "uv": [ 0, 0, 16, 9 ], "texture": "#plant" }
    }
},
{
    "from": [ 13.5, 0.5, 3.5 ],
    "to": [ 13.5625, 9, 19.5 ],
    "rotation": { "origin": [ 13.5, 0.5, 3.5 ], "axis": "y", "angle": -45 },
    "faces": {
        "west":  { "uv": [ 0, 0, 16, 8.5 ], "texture": "#plant" },
        "east":  { "uv": [ 0, 0, 16, 8.5 ], "texture": "#plant" }
    }
},
{
    "from": [ 0, 0, 16 ],
    "to": [ 16, 16, 16.5 ],
    "faces": {
        "down":  { "uv": [ 12.5, 15.5, 16, 16 ], "texture": "#cobblestone" },
        "up":    { "uv": [ 12.5, 15.5, 16, 16 ], "texture": "#cobblestone" },
        "north": { "uv": [ 0, 0, 16, 16 ], "texture": "#cobblestone" },
        "south": { "uv": [ 0, 0, 16, 16 ], "texture": "#cobblestone" },
        "west":  { "uv": [ 15.5, 0, 16, 16 ], "texture": "#cobblestone" },
        "east":  { "uv": [ 15.5, 0, 16, 16 ], "texture": "#cobblestone" }
    }
},
{
    "from": [ 0, 16, 16 ],
    "to": [ 16, 32, 16.5 ],
    "faces": {
        "down":  { "uv": [ 12.5, 15.5, 16, 16 ], "texture": "#cobblestone" },
        "up":    { "uv": [ 12.5, 15.5, 16, 16 ], "texture": "#cobblestone" },
        "north": { "uv": [ 0, 0, 16, 16 ], "texture": "#cobblestone" },
        "south": { "uv": [ 0, 0, 16, 16 ], "texture": "#cobblestone" },
        "west":  { "uv": [ 15.5, 0, 16, 16 ], "texture": "#cobblestone" },
        "east":  { "uv": [ 15.5, 0, 16, 16 ], "texture": "#cobblestone" }
    }
}
],
"display": {
    "thirdperson_righthand": {
        "rotation": [ 0, -43, 0 ],
        "translation": [ 0, 0, 0 ],
        "scale": [ 0.5, 0.5, 0.5 ]
    },
    "thirdperson_lefthand": {
        "rotation": [ 0, -43, 0 ],
        "translation": [ 0, 0, 0 ],
        "scale": [ 0.5, 0.5, 0.5 ]
    },
    "head": {
        "rotation": [ 0, 0, 0 ],
        "translation": [ 0, -30.5, 0 ],
        "scale": [ 1.6, 1.6, 1.6 ]
    },
    "ground": {
        "rotation": [ 0, 0, 0 ],
        "translation": [ 0, 2, 0 ],
        "scale": [ 0.5, 0.5, 0.5 ]
    },
    "fixed": {
        "rotation": [ 0, 180, 0 ],
        "translation": [ 0, 0, -3.4 ],
        "scale": [ 0.5, 0.5, 0.5 ]
    },
    "firstperson_righthand": {
        "rotation": [ 0, -64, 0 ],
        "translation": [ 0, 0, 0 ],
        "scale": [ 0.5, 0.5, 0.5 ]
    },
    "firstperson_lefthand": {
        "rotation": [ 0, -64, 0 ],
        "translation": [ 0, 0, 0 ],
        "scale": [ 0.5, 0.5, 0.5 ]
    },
    "gui": {
        "rotation": [ 35, 35, 0 ],
        "translation": [ 0, 0, 0 ],
        "scale": [ 0.62, 0.62, 0.62 ]
    }
}
}