{
"__comment": "Designed by Jugbot",
"textures": {
    "texture": "blocks/wool_colored_pink",
    "wool_colored_white": "blocks/wool_colored_white",
    "hardened_clay_stained_black": "blocks/hardened_clay_stained_black"
},
"elements": [ 
{
    "from": [ 5, 11, 6 ],
    "to": [ 12, 15, 10 ],
    "faces": {
        "down":  { "uv": [ 11, 10, 4, 6 ], "texture": "#texture" },
        "up":    { "uv": [ 5, 6, 12, 10 ], "texture": "#texture" },
        "north": { "uv": [ 4, 7, 11, 11 ], "texture": "#texture" },
        "south": { "uv": [ 5, 7, 12, 11 ], "texture": "#texture" },
        "west":  { "uv": [ 6, 7, 10, 11 ], "texture": "#texture" },
        "east":  { "uv": [ 6, 7, 10, 11 ], "texture": "#texture" }
    }
},
{
    "from": [ 12, 11, 7 ],
    "to": [ 14, 13, 9 ],
    "faces": {
        "down":  { "uv": [ 4, 9, 2, 7 ], "texture": "#texture" },
        "up":    { "uv": [ 12, 7, 14, 9 ], "texture": "#texture" },
        "north": { "uv": [ 2, 9, 4, 11 ], "texture": "#texture" },
        "south": { "uv": [ 12, 9, 14, 11 ], "texture": "#texture" },
        "west":  { "uv": [ 7, 9, 9, 11 ], "texture": "#texture" },
        "east":  { "uv": [ 7, 9, 9, 11 ], "texture": "#texture" }
    }
},
{
    "from": [ 13, 13, 7 ],
    "to": [ 15, 17, 9 ],
    "faces": {
        "down":  { "uv": [ 3, 9, 1, 7 ], "texture": "#texture" },
        "up":    { "uv": [ 13, 7, 15, 9 ], "texture": "#texture" },
        "north": { "uv": [ 1, 5, 3, 9 ], "texture": "#texture" },
        "south": { "uv": [ 13, 5, 15, 9 ], "texture": "#texture" },
        "west":  { "uv": [ 7, 5, 9, 9 ], "texture": "#texture" },
        "east":  { "uv": [ 7, 5, 9, 9 ], "texture": "#texture" }
    }
},
{
    "from": [ 5, 12, 5 ],
    "to": [ 10, 15, 6 ],
    "faces": {
        "down":  { "uv": [ 11, 11, 6, 10 ], "texture": "#texture" },
        "up":    { "uv": [ 5, 10, 10, 11 ], "texture": "#texture" },
        "north": { "uv": [ 6, 7, 11, 10 ], "texture": "#texture" },
        "south": { "uv": [ 5, 7, 10, 10 ], "texture": "#texture" },
        "west":  { "uv": [ 10, 7, 11, 10 ], "texture": "#texture" },
        "east":  { "uv": [ 5, 7, 6, 10 ], "texture": "#texture" }
    }
},
{
    "from": [ 6, 15, 6 ],
    "to": [ 10, 16, 10 ],
    "faces": {
        "down":  { "uv": [ 10, 10, 6, 6 ], "texture": "#texture" },
        "up":    { "uv": [ 6, 6, 10, 10 ], "texture": "#texture" },
        "north": { "uv": [ 6, 6, 10, 7 ], "texture": "#texture" },
        "south": { "uv": [ 6, 6, 10, 7 ], "texture": "#texture" },
        "west":  { "uv": [ 6, 6, 10, 7 ], "texture": "#texture" },
        "east":  { "uv": [ 6, 6, 10, 7 ], "texture": "#texture" }
    }
},
{
    "from": [ 12, 17, 7 ],
    "to": [ 14, 20, 9 ],
    "faces": {
        "down":  { "uv": [ 4, 9, 2, 7 ], "texture": "#texture" },
        "up":    { "uv": [ 12, 7, 14, 9 ], "texture": "#texture" },
        "north": { "uv": [ 2, 2, 4, 5 ], "texture": "#texture" },
        "south": { "uv": [ 12, 2, 14, 5 ], "texture": "#texture" },
        "west":  { "uv": [ 7, 2, 9, 5 ], "texture": "#texture" },
        "east":  { "uv": [ 7, 2, 9, 5 ], "texture": "#texture" }
    }
},
{
    "from": [ 13, 20, 7 ],
    "to": [ 15, 22, 9 ],
    "faces": {
        "down":  { "uv": [ 3, 9, 1, 7 ], "texture": "#texture" },
        "up":    { "uv": [ 13, 7, 15, 9 ], "texture": "#texture" },
        "north": { "uv": [ 1, 0, 3, 2 ], "texture": "#texture" },
        "south": { "uv": [ 13, 0, 15, 2 ], "texture": "#texture" },
        "west":  { "uv": [ 7, 0, 9, 2 ], "texture": "#texture" },
        "east":  { "uv": [ 7, 0, 9, 2 ], "texture": "#texture" }
    }
},
{
    "from": [ 4, 11, 6 ],
    "to": [ 5, 15, 10 ],
    "faces": {
        "down":  { "uv": [ 12, 10, 11, 6 ], "texture": "#texture" },
        "up":    { "uv": [ 4, 6, 5, 10 ], "texture": "#texture" },
        "north": { "uv": [ 11, 7, 12, 11 ], "texture": "#texture" },
        "south": { "uv": [ 4, 7, 5, 11 ], "texture": "#texture" },
        "west":  { "uv": [ 6, 7, 10, 11 ], "texture": "#texture" },
        "east":  { "uv": [ 6, 7, 10, 11 ], "texture": "#texture" }
    }
},
{
    "from": [ 3, 12, 7 ],
    "to": [ 4, 14, 9 ],
    "faces": {
        "down":  { "uv": [ 13, 9, 12, 7 ], "texture": "#texture" },
        "up":    { "uv": [ 3, 7, 4, 9 ], "texture": "#texture" },
        "north": { "uv": [ 12, 8, 13, 10 ], "texture": "#texture" },
        "south": { "uv": [ 3, 8, 4, 10 ], "texture": "#texture" },
        "west":  { "uv": [ 7, 8, 9, 10 ], "texture": "#texture" },
        "east":  { "uv": [ 7, 8, 9, 10 ], "texture": "#texture" }
    }
},
{
    "from": [ 5, 11, 5 ],
    "to": [ 7, 12, 6 ],
    "faces": {
        "down":  { "uv": [ 11, 11, 9, 10 ], "texture": "#texture" },
        "up":    { "uv": [ 5, 10, 7, 11 ], "texture": "#texture" },
        "north": { "uv": [ 9, 10, 11, 11 ], "texture": "#texture" },
        "south": { "uv": [ 5, 10, 7, 11 ], "texture": "#texture" },
        "west":  { "uv": [ 10, 10, 11, 11 ], "texture": "#texture" },
        "east":  { "uv": [ 5, 10, 6, 11 ], "texture": "#texture" }
    }
},
{
    "from": [ 6, 10, 6 ],
    "to": [ 11, 11, 10 ],
    "faces": {
        "down":  { "uv": [ 10, 10, 5, 6 ], "texture": "#texture" },
        "up":    { "uv": [ 6, 6, 11, 10 ], "texture": "#texture" },
        "north": { "uv": [ 5, 11, 10, 12 ], "texture": "#texture" },
        "south": { "uv": [ 6, 11, 11, 12 ], "texture": "#texture" },
        "west":  { "uv": [ 6, 11, 10, 12 ], "texture": "#texture" },
        "east":  { "uv": [ 6, 11, 10, 12 ], "texture": "#texture" }
    }
},
{
    "from": [ 2, 12, 7.5 ],
    "to": [ 3, 13, 8.5 ],
    "faces": {
        "down":  { "uv": [ 14, 8, 13, 7 ], "texture": "#texture" },
        "up":    { "uv": [ 2, 7, 3, 8 ], "texture": "#texture" },
        "north": { "uv": [ 13, 0, 14, 1 ], "texture": "#texture" },
        "south": { "uv": [ 2, 0, 3, 1 ], "texture": "#texture" },
        "west":  { "uv": [ 7, 0, 8, 1 ], "texture": "#texture" },
        "east":  { "uv": [ 8, 0, 9, 1 ], "texture": "#texture" }
    }
},
{
    "from": [ 15, 20, 7.5 ],
    "to": [ 16, 21, 8.5 ],
    "rotation": { "origin": [ 15, 21, 7.5 ], "axis": "z", "angle": -22.5 },
    "faces": {
        "down":  { "uv": [ 1, 8.5, 0, 7.5 ], "texture": "#wool_colored_white" },
        "up":    { "uv": [ 15, 7.5, 16, 8.5 ], "texture": "#wool_colored_white" },
        "north": { "uv": [ 0, 1, 1, 2 ], "texture": "#wool_colored_white" },
        "south": { "uv": [ 15, 1, 16, 2 ], "texture": "#wool_colored_white" },
        "west":  { "uv": [ 7.5, 1, 8.5, 2 ], "texture": "#wool_colored_white" },
        "east":  { "uv": [ 7.5, 1, 8.5, 2 ], "texture": "#wool_colored_white" }
    }
},
{
    "from": [ 15.9375, 19.625, 7.5 ],
    "to": [ 16.9375, 20.625, 8.5 ],
    "rotation": { "origin": [ 15.9375, 20.625, 7.5 ], "axis": "z", "angle": -22.5 },
    "faces": {
        "down":  { "uv": [ 1, 1, 0, 0 ], "texture": "#hardened_clay_stained_black" },
        "up":    { "uv": [ 15, 0, 16, 1 ], "texture": "#hardened_clay_stained_black" },
        "north": { "uv": [ 0, 0, 1, 1 ], "texture": "#hardened_clay_stained_black" },
        "south": { "uv": [ 15, 0, 16, 1 ], "texture": "#hardened_clay_stained_black" },
        "west":  { "uv": [ 0, 0, 1, 1 ], "texture": "#hardened_clay_stained_black" },
        "east":  { "uv": [ 15, 0, 16, 1 ], "texture": "#hardened_clay_stained_black" }
    }
},
{
    "from": [ 7.5, -1, 8.5 ],
    "to": [ 8, 10, 9 ],
    "rotation": { "origin": [ 7.5, 10, 8.5 ], "axis": "x", "angle": -22.5 },
    "faces": {
        "down":  { "uv": [ 8, 9.5, 7.5, 9 ], "texture": "#hardened_clay_stained_black" },
        "up":    { "uv": [ 8, 9, 8.5, 9.5 ], "texture": "#hardened_clay_stained_black" },
        "north": { "uv": [ 7.5, 5, 8, 16 ], "texture": "#hardened_clay_stained_black" },
        "south": { "uv": [ 8, 5, 8.5, 16 ], "texture": "#hardened_clay_stained_black" },
        "west":  { "uv": [ 9, 5, 9.5, 16 ], "texture": "#hardened_clay_stained_black" },
        "east":  { "uv": [ 6.5, 5, 7, 16 ], "texture": "#hardened_clay_stained_black" }
    }
},
{
    "from": [ 7.5, 0, 6.75 ],
    "to": [ 8, 11, 7.25 ],
    "faces": {
        "down":  { "uv": [ 8, 7.5, 7.5, 7 ], "texture": "#hardened_clay_stained_black" },
        "up":    { "uv": [ 8, 7, 8.5, 7.5 ], "texture": "#hardened_clay_stained_black" },
        "north": { "uv": [ 7.5, 5, 8, 16 ], "texture": "#hardened_clay_stained_black" },
        "south": { "uv": [ 8, 5, 8.5, 16 ], "texture": "#hardened_clay_stained_black" },
        "west":  { "uv": [ 7, 5, 7.5, 16 ], "texture": "#hardened_clay_stained_black" },
        "east":  { "uv": [ 8.5, 5, 9, 16 ], "texture": "#hardened_clay_stained_black" }
    }
},
{
    "from": [ 5, 12, 10 ],
    "to": [ 10, 15, 11 ],
    "faces": {
        "down":  { "uv": [ 11, 11, 6, 10 ], "texture": "#texture" },
        "up":    { "uv": [ 5, 10, 10, 11 ], "texture": "#texture" },
        "north": { "uv": [ 6, 7, 11, 10 ], "texture": "#texture" },
        "south": { "uv": [ 5, 7, 10, 10 ], "texture": "#texture" },
        "west":  { "uv": [ 10, 7, 11, 10 ], "texture": "#texture" },
        "east":  { "uv": [ 5, 7, 6, 10 ], "texture": "#texture" }
    }
},
{
    "from": [ 5, 11, 10 ],
    "to": [ 7, 12, 11 ],
    "faces": {
        "down":  { "uv": [ 11, 11, 9, 10 ], "texture": "#texture" },
        "up":    { "uv": [ 5, 10, 7, 11 ], "texture": "#texture" },
        "north": { "uv": [ 9, 10, 11, 11 ], "texture": "#texture" },
        "south": { "uv": [ 5, 10, 7, 11 ], "texture": "#texture" },
        "west":  { "uv": [ 10, 10, 11, 11 ], "texture": "#texture" },
        "east":  { "uv": [ 5, 10, 6, 11 ], "texture": "#texture" }
    }
},
{
    "from": [ 12, 20, 7 ],
    "to": [ 13, 21, 9 ],
    "faces": {
        "down":  { "uv": [ 3, 9, 2, 7 ], "texture": "#texture" },
        "up":    { "uv": [ 13, 7, 14, 9 ], "texture": "#texture" },
        "north": { "uv": [ 2, 0, 3, 1 ], "texture": "#texture" },
        "south": { "uv": [ 13, 0, 14, 1 ], "texture": "#texture" },
        "west":  { "uv": [ 7, 0, 9, 1 ], "texture": "#texture" },
        "east":  { "uv": [ 7, 0, 9, 1 ], "texture": "#texture" }
    }
}
],
"display": {
    "thirdperson_righthand": {
        "rotation": [ 0, 88, 52 ],
        "translation": [ 0, 2.27, 4.72 ],
        "scale": [ 0.7, 0.7, 0.7 ]
    },
    "thirdperson_lefthand": {
        "rotation": [ 0, 88, 52 ],
        "translation": [ 0, 2.27, 4.72 ],
        "scale": [ 0.7, 0.7, 0.7 ]
    },
    "head": {
        "rotation": [ 0, 90, 0 ],
        "translation": [ 0, -24, 0 ],
        "scale": [ 1.6, 1.6, 1.6 ]
    },
    "ground": {
        "rotation": [ 0, 0, 0 ],
        "translation": [ 0, 2, 0 ],
        "scale": [ 0.5, 0.5, 0.5 ]
    },
    "fixed": {
        "rotation": [ 0, 180, 0 ],
        "translation": [ 0, -1.51, 0 ],
        "scale": [ 0.8, 0.8, 0.8 ]
    },
    "firstperson_righthand": {
        "rotation": [ 0, 112, 0 ],
        "translation": [ 0, 0, 0 ],
        "scale": [ 1, 1, 1 ]
    },
    "firstperson_lefthand": {
        "rotation": [ 0, -67, 0 ],
        "translation": [ 0, 0, 0 ],
        "scale": [ 1, 1, 1 ]
    },
    "gui": {
        "rotation": [ 30, 225, 0 ],
        "translation": [ 0, 0, 0 ],
        "scale": [ 0.625, 0.625, 0.625 ]
    }
}
}