{
"__comment": "Designed by Rottennugget",
"textures": {
    "texture": "blocks/furniture/bar02",
    "particle": "blocks/furniture/bar02"
},
"elements": [ 
{
    "from": [ -0.5, 16, -0.5 ],
    "to": [ 16.5, 17, 16.5 ],
    "faces": {
        "down":  { "uv": [ 0, 0, 16, 16 ], "texture": "#texture" },
        "up":    { "uv": [ 0, 0, 16, 16 ], "texture": "#texture" },
        "north": { "uv": [ 0, 5.5, 16, 6.5 ], "texture": "#texture" },
        "south": { "uv": [ 0, 15, 16, 16 ], "texture": "#texture" },
        "west":  { "uv": [ 16, 5.5, 0, 6.5 ], "texture": "#texture" },
        "east":  { "uv": [ 0, 5.5, 16, 6.5 ], "texture": "#texture" }
    }
},
{
    "from": [ 0, 17, 0 ],
    "to": [ 16, 17.5, 16 ],
    "faces": {
        "down":  { "uv": [ 0, 0, 16, 16 ], "texture": "#texture" },
        "up":    { "uv": [ 0, 0, 16, 16 ], "texture": "#texture" },
        "north": { "uv": [ 0, 15.5, 16, 16 ], "texture": "#texture" },
        "south": { "uv": [ 0, 15.5, 16, 16 ], "texture": "#texture" },
        "west":  { "uv": [ 0, 15.5, 16, 16 ], "texture": "#texture" },
        "east":  { "uv": [ 0, 15.5, 16, 16 ], "texture": "#texture" }
    }
}
],
"display": {
    "thirdperson_righthand": {
        "rotation": [ 0, 0, 0 ],
        "translation": [ 0, -8.5, 0 ],
        "scale": [ 1, 1, 1 ]
    },
    "thirdperson_lefthand": {
        "rotation": [ 0, 0, 0 ],
        "translation": [ 0, -8.5, 0 ],
        "scale": [ 1, 1, 1 ]
    },
    "head": {
        "rotation": [ 0, 0, 0 ],
        "translation": [ 0, -55.5, 0 ],
        "scale": [ 1.5, 1.5, 1.5 ]
    },
    "ground": {
        "rotation": [ 0, 0, 0 ],
        "translation": [ 0, 0, 0 ],
        "scale": [ 1, 1, 1 ]
    },
    "fixed": {
        "rotation": [ 0, 0, 0 ],
        "translation": [ 0, -9.07, 0 ],
        "scale": [ 1, 1, 1 ]
    },
    "firstperson_righthand": {
        "rotation": [ 0, 0, 0 ],
        "translation": [ 0, 0, 0 ],
        "scale": [ 0.5, 0.5, 0.5 ]
    },
    "firstperson_lefthand": {
        "rotation": [ 0, 0, 0 ],
        "translation": [ 0, 0, 0 ],
        "scale": [ 0.5, 0.5, 0.5 ]
    },
    "gui": {
        "rotation": [ 30, 140, 0 ],
        "translation": [ 0, -4.35, 0 ],
        "scale": [ 0.62, 0.62, 0.62 ]
    }
}
}