{
"__comment": "Designed by Oberdiah",
"textures": {
    "texture": "blocks/furniture/stove_top"
},
"elements": [ 
{
    "from": [ 2, 0, 2 ],
    "to": [ 5, 0.5, 8 ],
    "faces": {
        "down":  { "uv": [ 14, 8, 11, 2 ], "texture": "#texture" },
        "up":    { "uv": [ 2, 2, 5, 8 ], "texture": "#texture" },
        "north": { "uv": [ 11, 15.5, 14, 16 ], "texture": "#texture" },
        "south": { "uv": [ 2, 15.5, 5, 16 ], "texture": "#texture" },
        "west":  { "uv": [ 2, 15.5, 8, 16 ], "texture": "#texture" },
        "east":  { "uv": [ 8, 15.5, 14, 16 ], "texture": "#texture" }
    }
},
{
    "from": [ 1, 0, 2.5 ],
    "to": [ 6, 0.5, 7.5 ],
    "faces": {
        "down":  { "uv": [ 15, 7.5, 10, 2.5 ], "texture": "#texture" },
        "up":    { "uv": [ 1, 2.5, 6, 7.5 ], "texture": "#texture" },
        "north": { "uv": [ 10, 15.5, 15, 16 ], "texture": "#texture" },
        "south": { "uv": [ 1, 15.5, 6, 16 ], "texture": "#texture" },
        "west":  { "uv": [ 2.5, 15.5, 7.5, 16 ], "texture": "#texture" },
        "east":  { "uv": [ 8.5, 15.5, 13.5, 16 ], "texture": "#texture" }
    }
},
{
    "from": [ 0.5, 0, 3.5 ],
    "to": [ 6.5, 0.5, 6.5 ],
    "faces": {
        "down":  { "uv": [ 15.5, 6.5, 9.5, 3.5 ], "texture": "#texture" },
        "up":    { "uv": [ 0.5, 3.5, 6.5, 6.5 ], "texture": "#texture" },
        "north": { "uv": [ 9.5, 15.5, 15.5, 16 ], "texture": "#texture" },
        "south": { "uv": [ 0.5, 15.5, 6.5, 16 ], "texture": "#texture" },
        "west":  { "uv": [ 3.5, 15.5, 6.5, 16 ], "texture": "#texture" },
        "east":  { "uv": [ 9.5, 15.5, 12.5, 16 ], "texture": "#texture" }
    }
},
{
    "from": [ 2, 0.5, 1.5 ],
    "to": [ 5, 1, 2 ],
    "faces": {
        "down":  { "uv": [ 14, 2, 11, 1.5 ], "texture": "#texture" },
        "up":    { "uv": [ 2, 1.5, 5, 2 ], "texture": "#texture" },
        "north": { "uv": [ 11, 15, 14, 15.5 ], "texture": "#texture" },
        "south": { "uv": [ 2, 15, 5, 15.5 ], "texture": "#texture" },
        "west":  { "uv": [ 1.5, 15, 2, 15.5 ], "texture": "#texture" },
        "east":  { "uv": [ 14, 15, 14.5, 15.5 ], "texture": "#texture" }
    }
},
{
    "from": [ 2, 0.5, 8 ],
    "to": [ 5, 1, 8.5 ],
    "faces": {
        "down":  { "uv": [ 14, 8.5, 11, 8 ], "texture": "#texture" },
        "up":    { "uv": [ 2, 8, 5, 8.5 ], "texture": "#texture" },
        "north": { "uv": [ 11, 15, 14, 15.5 ], "texture": "#texture" },
        "south": { "uv": [ 2, 15, 5, 15.5 ], "texture": "#texture" },
        "west":  { "uv": [ 8, 15, 8.5, 15.5 ], "texture": "#texture" },
        "east":  { "uv": [ 7.5, 15, 8, 15.5 ], "texture": "#texture" }
    }
},
{
    "from": [ 0, 0.5, 3.5 ],
    "to": [ 0.5, 1, 6.5 ],
    "faces": {
        "down":  { "uv": [ 16, 6.5, 15.5, 3.5 ], "texture": "#texture" },
        "up":    { "uv": [ 0, 3.5, 0.5, 6.5 ], "texture": "#texture" },
        "north": { "uv": [ 15.5, 15, 16, 15.5 ], "texture": "#texture" },
        "south": { "uv": [ 0, 15, 0.5, 15.5 ], "texture": "#texture" },
        "west":  { "uv": [ 3.5, 15, 6.5, 15.5 ], "texture": "#texture" },
        "east":  { "uv": [ 9.5, 15, 12.5, 15.5 ], "texture": "#texture" }
    }
},
{
    "from": [ 6.5, 0.5, 3.5 ],
    "to": [ 7, 1, 6.5 ],
    "faces": {
        "down":  { "uv": [ 9.5, 6.5, 9, 3.5 ], "texture": "#texture" },
        "up":    { "uv": [ 6.5, 3.5, 7, 6.5 ], "texture": "#texture" },
        "north": { "uv": [ 9, 15, 9.5, 15.5 ], "texture": "#texture" },
        "south": { "uv": [ 6.5, 15, 7, 15.5 ], "texture": "#texture" },
        "west":  { "uv": [ 3.5, 15, 6.5, 15.5 ], "texture": "#texture" },
        "east":  { "uv": [ 9.5, 15, 12.5, 15.5 ], "texture": "#texture" }
    }
},
{
    "from": [ 5, 0.5, 2 ],
    "to": [ 6, 1, 2.5 ],
    "faces": {
        "down":  { "uv": [ 11, 2.5, 10, 2 ], "texture": "#texture" },
        "up":    { "uv": [ 5, 2, 6, 2.5 ], "texture": "#texture" },
        "north": { "uv": [ 10, 15, 11, 15.5 ], "texture": "#texture" },
        "south": { "uv": [ 5, 15, 6, 15.5 ], "texture": "#texture" },
        "west":  { "uv": [ 2, 15, 2.5, 15.5 ], "texture": "#texture" },
        "east":  { "uv": [ 13.5, 15, 14, 15.5 ], "texture": "#texture" }
    }
},
{
    "from": [ 5, 0.5, 7.5 ],
    "to": [ 6, 1, 8 ],
    "faces": {
        "down":  { "uv": [ 11, 8, 10, 7.5 ], "texture": "#texture" },
        "up":    { "uv": [ 5, 7.5, 6, 8 ], "texture": "#texture" },
        "north": { "uv": [ 10, 15, 11, 15.5 ], "texture": "#texture" },
        "south": { "uv": [ 5, 15, 6, 15.5 ], "texture": "#texture" },
        "west":  { "uv": [ 7.5, 15, 8, 15.5 ], "texture": "#texture" },
        "east":  { "uv": [ 8, 15, 8.5, 15.5 ], "texture": "#texture" }
    }
},
{
    "from": [ 1, 0.5, 7.5 ],
    "to": [ 2, 1, 8 ],
    "faces": {
        "down":  { "uv": [ 15, 8, 14, 7.5 ], "texture": "#texture" },
        "up":    { "uv": [ 1, 7.5, 2, 8 ], "texture": "#texture" },
        "north": { "uv": [ 14, 15, 15, 15.5 ], "texture": "#texture" },
        "south": { "uv": [ 1, 15, 2, 15.5 ], "texture": "#texture" },
        "west":  { "uv": [ 7.5, 15, 8, 15.5 ], "texture": "#texture" },
        "east":  { "uv": [ 8, 15, 8.5, 15.5 ], "texture": "#texture" }
    }
},
{
    "from": [ 1, 0.5, 2 ],
    "to": [ 2, 1, 2.5 ],
    "faces": {
        "down":  { "uv": [ 15, 2.5, 14, 2 ], "texture": "#texture" },
        "up":    { "uv": [ 1, 2, 2, 2.5 ], "texture": "#texture" },
        "north": { "uv": [ 14, 15, 15, 15.5 ], "texture": "#texture" },
        "south": { "uv": [ 1, 15, 2, 15.5 ], "texture": "#texture" },
        "west":  { "uv": [ 2, 15, 2.5, 15.5 ], "texture": "#texture" },
        "east":  { "uv": [ 13.5, 15, 14, 15.5 ], "texture": "#texture" }
    }
},
{
    "from": [ 0.5, 0.5, 2.5 ],
    "to": [ 1, 1, 3.5 ],
    "faces": {
        "down":  { "uv": [ 15.5, 3.5, 15, 2.5 ], "texture": "#texture" },
        "up":    { "uv": [ 0.5, 2.5, 1, 3.5 ], "texture": "#texture" },
        "north": { "uv": [ 15, 15, 15.5, 15.5 ], "texture": "#texture" },
        "south": { "uv": [ 0.5, 15, 1, 15.5 ], "texture": "#texture" },
        "west":  { "uv": [ 2.5, 15, 3.5, 15.5 ], "texture": "#texture" },
        "east":  { "uv": [ 12.5, 15, 13.5, 15.5 ], "texture": "#texture" }
    }
},
{
    "from": [ 0.5, 0.5, 6.5 ],
    "to": [ 1, 1, 7.5 ],
    "faces": {
        "down":  { "uv": [ 15.5, 7.5, 15, 6.5 ], "texture": "#texture" },
        "up":    { "uv": [ 0.5, 6.5, 1, 7.5 ], "texture": "#texture" },
        "north": { "uv": [ 15, 15, 15.5, 15.5 ], "texture": "#texture" },
        "south": { "uv": [ 0.5, 15, 1, 15.5 ], "texture": "#texture" },
        "west":  { "uv": [ 6.5, 15, 7.5, 15.5 ], "texture": "#texture" },
        "east":  { "uv": [ 8.5, 15, 9.5, 15.5 ], "texture": "#texture" }
    }
},
{
    "from": [ 6, 0.5, 6.5 ],
    "to": [ 6.5, 1, 7.5 ],
    "faces": {
        "down":  { "uv": [ 10, 7.5, 9.5, 6.5 ], "texture": "#texture" },
        "up":    { "uv": [ 6, 6.5, 6.5, 7.5 ], "texture": "#texture" },
        "north": { "uv": [ 9.5, 15, 10, 15.5 ], "texture": "#texture" },
        "south": { "uv": [ 6, 15, 6.5, 15.5 ], "texture": "#texture" },
        "west":  { "uv": [ 6.5, 15, 7.5, 15.5 ], "texture": "#texture" },
        "east":  { "uv": [ 8.5, 15, 9.5, 15.5 ], "texture": "#texture" }
    }
},
{
    "from": [ 6, 0.5, 2.5 ],
    "to": [ 6.5, 1, 3.5 ],
    "faces": {
        "down":  { "uv": [ 10, 3.5, 9.5, 2.5 ], "texture": "#texture" },
        "up":    { "uv": [ 6, 2.5, 6.5, 3.5 ], "texture": "#texture" },
        "north": { "uv": [ 9.5, 15, 10, 15.5 ], "texture": "#texture" },
        "south": { "uv": [ 6, 15, 6.5, 15.5 ], "texture": "#texture" },
        "west":  { "uv": [ 2.5, 15, 3.5, 15.5 ], "texture": "#texture" },
        "east":  { "uv": [ 12.5, 15, 13.5, 15.5 ], "texture": "#texture" }
    }
},
{
    "from": [ 7, 1, 3.5 ],
    "to": [ 7.5, 2, 6.5 ],
    "faces": {
        "down":  { "uv": [ 9, 6.5, 8.5, 3.5 ], "texture": "#texture" },
        "up":    { "uv": [ 7, 3.5, 7.5, 6.5 ], "texture": "#texture" },
        "north": { "uv": [ 8.5, 14, 9, 15 ], "texture": "#texture" },
        "south": { "uv": [ 7, 14, 7.5, 15 ], "texture": "#texture" },
        "west":  { "uv": [ 3.5, 14, 6.5, 15 ], "texture": "#texture" },
        "east":  { "uv": [ 9.5, 14, 12.5, 15 ], "texture": "#texture" }
    }
},
{
    "from": [ 6.5, 1, 2.5 ],
    "to": [ 7, 2, 3.5 ],
    "faces": {
        "down":  { "uv": [ 9.5, 3.5, 9, 2.5 ], "texture": "#texture" },
        "up":    { "uv": [ 6.5, 2.5, 7, 3.5 ], "texture": "#texture" },
        "north": { "uv": [ 9, 14, 9.5, 15 ], "texture": "#texture" },
        "south": { "uv": [ 6.5, 14, 7, 15 ], "texture": "#texture" },
        "west":  { "uv": [ 2.5, 14, 3.5, 15 ], "texture": "#texture" },
        "east":  { "uv": [ 12.5, 14, 13.5, 15 ], "texture": "#texture" }
    }
},
{
    "from": [ 6.5, 1, 6.5 ],
    "to": [ 7, 2, 7.5 ],
    "faces": {
        "down":  { "uv": [ 9.5, 7.5, 9, 6.5 ], "texture": "#texture" },
        "up":    { "uv": [ 6.5, 6.5, 7, 7.5 ], "texture": "#texture" },
        "north": { "uv": [ 9, 14, 9.5, 15 ], "texture": "#texture" },
        "south": { "uv": [ 6.5, 14, 7, 15 ], "texture": "#texture" },
        "west":  { "uv": [ 6.5, 14, 7.5, 15 ], "texture": "#texture" },
        "east":  { "uv": [ 8.5, 14, 9.5, 15 ], "texture": "#texture" }
    }
},
{
    "from": [ 0, 1, 6.5 ],
    "to": [ 0.5, 2, 7.5 ],
    "faces": {
        "down":  { "uv": [ 16, 7.5, 15.5, 6.5 ], "texture": "#texture" },
        "up":    { "uv": [ 0, 6.5, 0.5, 7.5 ], "texture": "#texture" },
        "north": { "uv": [ 15.5, 14, 16, 15 ], "texture": "#texture" },
        "south": { "uv": [ 0, 14, 0.5, 15 ], "texture": "#texture" },
        "west":  { "uv": [ 6.5, 14, 7.5, 15 ], "texture": "#texture" },
        "east":  { "uv": [ 8.5, 14, 9.5, 15 ], "texture": "#texture" }
    }
},
{
    "from": [ 0, 1, 2.5 ],
    "to": [ 0.5, 2, 3.5 ],
    "faces": {
        "down":  { "uv": [ 16, 3.5, 15.5, 2.5 ], "texture": "#texture" },
        "up":    { "uv": [ 0, 2.5, 0.5, 3.5 ], "texture": "#texture" },
        "north": { "uv": [ 15.5, 14, 16, 15 ], "texture": "#texture" },
        "south": { "uv": [ 0, 14, 0.5, 15 ], "texture": "#texture" },
        "west":  { "uv": [ 2.5, 14, 3.5, 15 ], "texture": "#texture" },
        "east":  { "uv": [ 12.5, 14, 13.5, 15 ], "texture": "#texture" }
    }
},
{
    "from": [ -0.5, 1, 3.5 ],
    "to": [ 0, 2, 6.5 ],
    "faces": {
        "down":  { "uv": [ 16, 6.5, 16, 3.5 ], "texture": "#texture" },
        "up":    { "uv": [ 0, 3.5, 0, 6.5 ], "texture": "#texture" },
        "north": { "uv": [ 16, 14, 16, 15 ], "texture": "#texture" },
        "south": { "uv": [ 0, 14, 0, 15 ], "texture": "#texture" },
        "west":  { "uv": [ 3.5, 14, 6.5, 15 ], "texture": "#texture" },
        "east":  { "uv": [ 9.5, 14, 12.5, 15 ], "texture": "#texture" }
    }
},
{
    "from": [ 5, 1, 8 ],
    "to": [ 6, 2, 8.5 ],
    "faces": {
        "down":  { "uv": [ 11, 8.5, 10, 8 ], "texture": "#texture" },
        "up":    { "uv": [ 5, 8, 6, 8.5 ], "texture": "#texture" },
        "north": { "uv": [ 10, 14, 11, 15 ], "texture": "#texture" },
        "south": { "uv": [ 5, 14, 6, 15 ], "texture": "#texture" },
        "west":  { "uv": [ 8, 14, 8.5, 15 ], "texture": "#texture" },
        "east":  { "uv": [ 7.5, 14, 8, 15 ], "texture": "#texture" }
    }
},
{
    "from": [ 1, 1, 8 ],
    "to": [ 2, 2, 8.5 ],
    "faces": {
        "down":  { "uv": [ 15, 8.5, 14, 8 ], "texture": "#texture" },
        "up":    { "uv": [ 1, 8, 2, 8.5 ], "texture": "#texture" },
        "north": { "uv": [ 14, 14, 15, 15 ], "texture": "#texture" },
        "south": { "uv": [ 1, 14, 2, 15 ], "texture": "#texture" },
        "west":  { "uv": [ 8, 14, 8.5, 15 ], "texture": "#texture" },
        "east":  { "uv": [ 7.5, 14, 8, 15 ], "texture": "#texture" }
    }
},
{
    "from": [ 1, 1, 1.5 ],
    "to": [ 2, 2, 2 ],
    "faces": {
        "down":  { "uv": [ 15, 2, 14, 1.5 ], "texture": "#texture" },
        "up":    { "uv": [ 1, 1.5, 2, 2 ], "texture": "#texture" },
        "north": { "uv": [ 14, 14, 15, 15 ], "texture": "#texture" },
        "south": { "uv": [ 1, 14, 2, 15 ], "texture": "#texture" },
        "west":  { "uv": [ 1.5, 14, 2, 15 ], "texture": "#texture" },
        "east":  { "uv": [ 14, 14, 14.5, 15 ], "texture": "#texture" }
    }
},
{
    "from": [ 5, 1, 1.5 ],
    "to": [ 6, 2, 2 ],
    "faces": {
        "down":  { "uv": [ 11, 2, 10, 1.5 ], "texture": "#texture" },
        "up":    { "uv": [ 5, 1.5, 6, 2 ], "texture": "#texture" },
        "north": { "uv": [ 10, 14, 11, 15 ], "texture": "#texture" },
        "south": { "uv": [ 5, 14, 6, 15 ], "texture": "#texture" },
        "west":  { "uv": [ 1.5, 14, 2, 15 ], "texture": "#texture" },
        "east":  { "uv": [ 14, 14, 14.5, 15 ], "texture": "#texture" }
    }
},
{
    "from": [ 6, 1, 2 ],
    "to": [ 6.5, 2, 2.5 ],
    "faces": {
        "down":  { "uv": [ 10, 2.5, 9.5, 2 ], "texture": "#texture" },
        "up":    { "uv": [ 6, 2, 6.5, 2.5 ], "texture": "#texture" },
        "north": { "uv": [ 9.5, 14, 10, 15 ], "texture": "#texture" },
        "south": { "uv": [ 6, 14, 6.5, 15 ], "texture": "#texture" },
        "west":  { "uv": [ 2, 14, 2.5, 15 ], "texture": "#texture" },
        "east":  { "uv": [ 13.5, 14, 14, 15 ], "texture": "#texture" }
    }
},
{
    "from": [ 6, 1, 7.5 ],
    "to": [ 6.5, 2, 8 ],
    "faces": {
        "down":  { "uv": [ 10, 8, 9.5, 7.5 ], "texture": "#texture" },
        "up":    { "uv": [ 6, 7.5, 6.5, 8 ], "texture": "#texture" },
        "north": { "uv": [ 9.5, 14, 10, 15 ], "texture": "#texture" },
        "south": { "uv": [ 6, 14, 6.5, 15 ], "texture": "#texture" },
        "west":  { "uv": [ 7.5, 14, 8, 15 ], "texture": "#texture" },
        "east":  { "uv": [ 8, 14, 8.5, 15 ], "texture": "#texture" }
    }
},
{
    "from": [ 0.5, 1, 7.5 ],
    "to": [ 1, 2, 8 ],
    "faces": {
        "down":  { "uv": [ 15.5, 8, 15, 7.5 ], "texture": "#texture" },
        "up":    { "uv": [ 0.5, 7.5, 1, 8 ], "texture": "#texture" },
        "north": { "uv": [ 15, 14, 15.5, 15 ], "texture": "#texture" },
        "south": { "uv": [ 0.5, 14, 1, 15 ], "texture": "#texture" },
        "west":  { "uv": [ 7.5, 14, 8, 15 ], "texture": "#texture" },
        "east":  { "uv": [ 8, 14, 8.5, 15 ], "texture": "#texture" }
    }
},
{
    "from": [ 0.5, 1, 2 ],
    "to": [ 1, 2, 2.5 ],
    "faces": {
        "down":  { "uv": [ 15.5, 2.5, 15, 2 ], "texture": "#texture" },
        "up":    { "uv": [ 0.5, 2, 1, 2.5 ], "texture": "#texture" },
        "north": { "uv": [ 15, 14, 15.5, 15 ], "texture": "#texture" },
        "south": { "uv": [ 0.5, 14, 1, 15 ], "texture": "#texture" },
        "west":  { "uv": [ 2, 14, 2.5, 15 ], "texture": "#texture" },
        "east":  { "uv": [ 13.5, 14, 14, 15 ], "texture": "#texture" }
    }
},
{
    "from": [ 2, 1, 1 ],
    "to": [ 5, 2, 1.5 ],
    "faces": {
        "down":  { "uv": [ 14, 1.5, 11, 1 ], "texture": "#texture" },
        "up":    { "uv": [ 2, 1, 5, 1.5 ], "texture": "#texture" },
        "north": { "uv": [ 11, 14, 14, 15 ], "texture": "#texture" },
        "south": { "uv": [ 2, 14, 5, 15 ], "texture": "#texture" },
        "west":  { "uv": [ 1, 14, 1.5, 15 ], "texture": "#texture" },
        "east":  { "uv": [ 14.5, 14, 15, 15 ], "texture": "#texture" }
    }
},
{
    "from": [ 2, 1, 8.5 ],
    "to": [ 5, 2, 9 ],
    "faces": {
        "down":  { "uv": [ 14, 9, 11, 8.5 ], "texture": "#texture" },
        "up":    { "uv": [ 2, 8.5, 5, 9 ], "texture": "#texture" },
        "north": { "uv": [ 11, 14, 14, 15 ], "texture": "#texture" },
        "south": { "uv": [ 2, 14, 5, 15 ], "texture": "#texture" },
        "west":  { "uv": [ 8.5, 14, 9, 15 ], "texture": "#texture" },
        "east":  { "uv": [ 7, 14, 7.5, 15 ], "texture": "#texture" }
    }
},
{
    "from": [ 3, 1.5, 9 ],
    "to": [ 4, 2, 15.5 ],
    "faces": {
        "down":  { "uv": [ 13, 15.5, 12, 9 ], "texture": "#texture" },
        "up":    { "uv": [ 3, 9, 4, 15.5 ], "texture": "#texture" },
        "north": { "uv": [ 12, 14, 13, 14.5 ], "texture": "#texture" },
        "south": { "uv": [ 3, 14, 4, 14.5 ], "texture": "#texture" },
        "west":  { "uv": [ 9, 14, 15.5, 14.5 ], "texture": "#texture" },
        "east":  { "uv": [ 0.5, 14, 7, 14.5 ], "texture": "#texture" }
    }
},
{
    "from": [ 3, 1, 9 ],
    "to": [ 4, 1.5, 11 ],
    "faces": {
        "down":  { "uv": [ 13, 11, 12, 9 ], "texture": "#texture" },
        "up":    { "uv": [ 3, 9, 4, 11 ], "texture": "#texture" },
        "north": { "uv": [ 12, 14.5, 13, 15 ], "texture": "#texture" },
        "south": { "uv": [ 3, 14.5, 4, 15 ], "texture": "#texture" },
        "west":  { "uv": [ 9, 14.5, 11, 15 ], "texture": "#texture" },
        "east":  { "uv": [ 5, 14.5, 7, 15 ], "texture": "#texture" }
    }
},
{
    "from": [ 3, 1, 14.5 ],
    "to": [ 4, 1.5, 15.5 ],
    "faces": {
        "down":  { "uv": [ 13, 15.5, 12, 14.5 ], "texture": "#texture" },
        "up":    { "uv": [ 3, 14.5, 4, 15.5 ], "texture": "#texture" },
        "north": { "uv": [ 12, 14.5, 13, 15 ], "texture": "#texture" },
        "south": { "uv": [ 3, 14.5, 4, 15 ], "texture": "#texture" },
        "west":  { "uv": [ 14.5, 14.5, 15.5, 15 ], "texture": "#texture" },
        "east":  { "uv": [ 0.5, 14.5, 1.5, 15 ], "texture": "#texture" }
    }
},
{
    "from": [ 3, 2, 12 ],
    "to": [ 4, 2.5, 14 ],
    "faces": {
        "down":  { "uv": [ 13, 14, 12, 12 ], "texture": "#texture" },
        "up":    { "uv": [ 3, 12, 4, 14 ], "texture": "#texture" },
        "north": { "uv": [ 12, 13.5, 13, 14 ], "texture": "#texture" },
        "south": { "uv": [ 3, 13.5, 4, 14 ], "texture": "#texture" },
        "west":  { "uv": [ 12, 13.5, 14, 14 ], "texture": "#texture" },
        "east":  { "uv": [ 2, 13.5, 4, 14 ], "texture": "#texture" }
    }
},
{
    "from": [ 12, 0, 10 ],
    "to": [ 15, 0.5, 16 ],
    "faces": {
        "down":  { "uv": [ 4, 16, 1, 10 ], "texture": "#texture" },
        "up":    { "uv": [ 12, 10, 15, 16 ], "texture": "#texture" },
        "north": { "uv": [ 1, 15.5, 4, 16 ], "texture": "#texture" },
        "south": { "uv": [ 12, 15.5, 15, 16 ], "texture": "#texture" },
        "west":  { "uv": [ 10, 15.5, 16, 16 ], "texture": "#texture" },
        "east":  { "uv": [ 0, 15.5, 6, 16 ], "texture": "#texture" }
    }
},
{
    "from": [ 11, 0, 10.5 ],
    "to": [ 16, 0.5, 15.5 ],
    "faces": {
        "down":  { "uv": [ 5, 15.5, 0, 10.5 ], "texture": "#texture" },
        "up":    { "uv": [ 11, 10.5, 16, 15.5 ], "texture": "#texture" },
        "north": { "uv": [ 0, 15.5, 5, 16 ], "texture": "#texture" },
        "south": { "uv": [ 11, 15.5, 16, 16 ], "texture": "#texture" },
        "west":  { "uv": [ 10.5, 15.5, 15.5, 16 ], "texture": "#texture" },
        "east":  { "uv": [ 0.5, 15.5, 5.5, 16 ], "texture": "#texture" }
    }
},
{
    "from": [ 10.5, 0, 11.5 ],
    "to": [ 16.5, 0.5, 14.5 ],
    "faces": {
        "down":  { "uv": [ 5.5, 14.5, 0, 11.5 ], "texture": "#texture" },
        "up":    { "uv": [ 10.5, 11.5, 16, 14.5 ], "texture": "#texture" },
        "north": { "uv": [ 0, 15.5, 5.5, 16 ], "texture": "#texture" },
        "south": { "uv": [ 10.5, 15.5, 16, 16 ], "texture": "#texture" },
        "west":  { "uv": [ 11.5, 15.5, 14.5, 16 ], "texture": "#texture" },
        "east":  { "uv": [ 1.5, 15.5, 4.5, 16 ], "texture": "#texture" }
    }
},
{
    "from": [ 12, 0.5, 9.5 ],
    "to": [ 15, 2, 10 ],
    "faces": {
        "down":  { "uv": [ 4, 10, 1, 9.5 ], "texture": "#texture" },
        "up":    { "uv": [ 12, 9.5, 15, 10 ], "texture": "#texture" },
        "north": { "uv": [ 1, 14, 4, 15.5 ], "texture": "#texture" },
        "south": { "uv": [ 12, 14, 15, 15.5 ], "texture": "#texture" },
        "west":  { "uv": [ 9.5, 14, 10, 15.5 ], "texture": "#texture" },
        "east":  { "uv": [ 6, 14, 6.5, 15.5 ], "texture": "#texture" }
    }
},
{
    "from": [ 12, 0.5, 16 ],
    "to": [ 15, 2, 16.5 ],
    "faces": {
        "down":  { "uv": [ 4, 16, 1, 16 ], "texture": "#texture" },
        "up":    { "uv": [ 12, 16, 15, 16 ], "texture": "#texture" },
        "north": { "uv": [ 1, 14, 4, 15.5 ], "texture": "#texture" },
        "south": { "uv": [ 12, 14, 15, 15.5 ], "texture": "#texture" },
        "west":  { "uv": [ 16, 14, 16, 15.5 ], "texture": "#texture" },
        "east":  { "uv": [ 0, 14, 0, 15.5 ], "texture": "#texture" }
    }
},
{
    "from": [ 10, 0.5, 11.5 ],
    "to": [ 10.5, 2, 14.5 ],
    "faces": {
        "down":  { "uv": [ 6, 14.5, 5.5, 11.5 ], "texture": "#texture" },
        "up":    { "uv": [ 10, 11.5, 10.5, 14.5 ], "texture": "#texture" },
        "north": { "uv": [ 5.5, 14, 6, 15.5 ], "texture": "#texture" },
        "south": { "uv": [ 10, 14, 10.5, 15.5 ], "texture": "#texture" },
        "west":  { "uv": [ 11.5, 14, 14.5, 15.5 ], "texture": "#texture" },
        "east":  { "uv": [ 1.5, 14, 4.5, 15.5 ], "texture": "#texture" }
    }
},
{
    "from": [ 16.5, 0.5, 11.5 ],
    "to": [ 17, 2, 14.5 ],
    "faces": {
        "down":  { "uv": [ 0, 14.5, 0, 11.5 ], "texture": "#texture" },
        "up":    { "uv": [ 16, 11.5, 16, 14.5 ], "texture": "#texture" },
        "north": { "uv": [ 0, 14, 0, 15.5 ], "texture": "#texture" },
        "south": { "uv": [ 16, 14, 16, 15.5 ], "texture": "#texture" },
        "west":  { "uv": [ 11.5, 14, 14.5, 15.5 ], "texture": "#texture" },
        "east":  { "uv": [ 1.5, 14, 4.5, 15.5 ], "texture": "#texture" }
    }
},
{
    "from": [ 16, 0.5, 10.5 ],
    "to": [ 16.5, 2, 11.5 ],
    "faces": {
        "down":  { "uv": [ 0, 11.5, 0, 10.5 ], "texture": "#texture" },
        "up":    { "uv": [ 16, 10.5, 16, 11.5 ], "texture": "#texture" },
        "north": { "uv": [ 0, 14, 0, 15.5 ], "texture": "#texture" },
        "south": { "uv": [ 16, 14, 16, 15.5 ], "texture": "#texture" },
        "west":  { "uv": [ 10.5, 14, 11.5, 15.5 ], "texture": "#texture" },
        "east":  { "uv": [ 4.5, 14, 5.5, 15.5 ], "texture": "#texture" }
    }
},
{
    "from": [ 16, 0.5, 14.5 ],
    "to": [ 16.5, 2, 15.5 ],
    "faces": {
        "down":  { "uv": [ 0, 15.5, 0, 14.5 ], "texture": "#texture" },
        "up":    { "uv": [ 16, 14.5, 16, 15.5 ], "texture": "#texture" },
        "north": { "uv": [ 0, 14, 0, 15.5 ], "texture": "#texture" },
        "south": { "uv": [ 16, 14, 16, 15.5 ], "texture": "#texture" },
        "west":  { "uv": [ 14.5, 14, 15.5, 15.5 ], "texture": "#texture" },
        "east":  { "uv": [ 0.5, 14, 1.5, 15.5 ], "texture": "#texture" }
    }
},
{
    "from": [ 10.5, 0.5, 14.5 ],
    "to": [ 11, 2, 15.5 ],
    "faces": {
        "down":  { "uv": [ 5.5, 15.5, 5, 14.5 ], "texture": "#texture" },
        "up":    { "uv": [ 10.5, 14.5, 11, 15.5 ], "texture": "#texture" },
        "north": { "uv": [ 5, 14, 5.5, 15.5 ], "texture": "#texture" },
        "south": { "uv": [ 10.5, 14, 11, 15.5 ], "texture": "#texture" },
        "west":  { "uv": [ 14.5, 14, 15.5, 15.5 ], "texture": "#texture" },
        "east":  { "uv": [ 0.5, 14, 1.5, 15.5 ], "texture": "#texture" }
    }
},
{
    "from": [ 10.5, 0.5, 10.5 ],
    "to": [ 11, 2, 11.5 ],
    "faces": {
        "down":  { "uv": [ 5.5, 11.5, 5, 10.5 ], "texture": "#texture" },
        "up":    { "uv": [ 10.5, 10.5, 11, 11.5 ], "texture": "#texture" },
        "north": { "uv": [ 5, 14, 5.5, 15.5 ], "texture": "#texture" },
        "south": { "uv": [ 10.5, 14, 11, 15.5 ], "texture": "#texture" },
        "west":  { "uv": [ 10.5, 14, 11.5, 15.5 ], "texture": "#texture" },
        "east":  { "uv": [ 4.5, 14, 5.5, 15.5 ], "texture": "#texture" }
    }
},
{
    "from": [ 11, 0.5, 10 ],
    "to": [ 12, 2, 10.5 ],
    "faces": {
        "down":  { "uv": [ 5, 10.5, 4, 10 ], "texture": "#texture" },
        "up":    { "uv": [ 11, 10, 12, 10.5 ], "texture": "#texture" },
        "north": { "uv": [ 4, 14, 5, 15.5 ], "texture": "#texture" },
        "south": { "uv": [ 11, 14, 12, 15.5 ], "texture": "#texture" },
        "west":  { "uv": [ 10, 14, 10.5, 15.5 ], "texture": "#texture" },
        "east":  { "uv": [ 5.5, 14, 6, 15.5 ], "texture": "#texture" }
    }
},
{
    "from": [ 15, 0.5, 10 ],
    "to": [ 16, 2, 10.5 ],
    "faces": {
        "down":  { "uv": [ 1, 10.5, 0, 10 ], "texture": "#texture" },
        "up":    { "uv": [ 15, 10, 16, 10.5 ], "texture": "#texture" },
        "north": { "uv": [ 0, 14, 1, 15.5 ], "texture": "#texture" },
        "south": { "uv": [ 15, 14, 16, 15.5 ], "texture": "#texture" },
        "west":  { "uv": [ 10, 14, 10.5, 15.5 ], "texture": "#texture" },
        "east":  { "uv": [ 5.5, 14, 6, 15.5 ], "texture": "#texture" }
    }
},
{
    "from": [ 15, 0.5, 15.5 ],
    "to": [ 16, 2, 16 ],
    "faces": {
        "down":  { "uv": [ 1, 16, 0, 15.5 ], "texture": "#texture" },
        "up":    { "uv": [ 15, 15.5, 16, 16 ], "texture": "#texture" },
        "north": { "uv": [ 0, 14, 1, 15.5 ], "texture": "#texture" },
        "south": { "uv": [ 15, 14, 16, 15.5 ], "texture": "#texture" },
        "west":  { "uv": [ 15.5, 14, 16, 15.5 ], "texture": "#texture" },
        "east":  { "uv": [ 0, 14, 0.5, 15.5 ], "texture": "#texture" }
    }
},
{
    "from": [ 11, 0.5, 15.5 ],
    "to": [ 12, 2, 16 ],
    "faces": {
        "down":  { "uv": [ 5, 16, 4, 15.5 ], "texture": "#texture" },
        "up":    { "uv": [ 11, 15.5, 12, 16 ], "texture": "#texture" },
        "north": { "uv": [ 4, 14, 5, 15.5 ], "texture": "#texture" },
        "south": { "uv": [ 11, 14, 12, 15.5 ], "texture": "#texture" },
        "west":  { "uv": [ 15.5, 14, 16, 15.5 ], "texture": "#texture" },
        "east":  { "uv": [ 0, 14, 0.5, 15.5 ], "texture": "#texture" }
    }
},
{
    "from": [ 10, 2, 11 ],
    "to": [ 10.5, 3.5, 15 ],
    "faces": {
        "down":  { "uv": [ 6, 15, 5.5, 11 ], "texture": "#texture" },
        "up":    { "uv": [ 10, 11, 10.5, 15 ], "texture": "#texture" },
        "north": { "uv": [ 5.5, 12.5, 6, 14 ], "texture": "#texture" },
        "south": { "uv": [ 10, 12.5, 10.5, 14 ], "texture": "#texture" },
        "west":  { "uv": [ 11, 12.5, 15, 14 ], "texture": "#texture" },
        "east":  { "uv": [ 1, 12.5, 5, 14 ], "texture": "#texture" }
    }
},
{
    "from": [ 16.5, 2, 11 ],
    "to": [ 17, 3.5, 15 ],
    "faces": {
        "down":  { "uv": [ 0, 15, 0, 11 ], "texture": "#texture" },
        "up":    { "uv": [ 16, 11, 16, 15 ], "texture": "#texture" },
        "north": { "uv": [ 0, 12.5, 0, 14 ], "texture": "#texture" },
        "south": { "uv": [ 16, 12.5, 16, 14 ], "texture": "#texture" },
        "west":  { "uv": [ 11, 12.5, 15, 14 ], "texture": "#texture" },
        "east":  { "uv": [ 1, 12.5, 5, 14 ], "texture": "#texture" }
    }
},
{
    "from": [ 11.5, 2, 9.5 ],
    "to": [ 15.5, 3.5, 10 ],
    "faces": {
        "down":  { "uv": [ 4.5, 10, 0.5, 9.5 ], "texture": "#texture" },
        "up":    { "uv": [ 11.5, 9.5, 15.5, 10 ], "texture": "#texture" },
        "north": { "uv": [ 0.5, 12.5, 4.5, 14 ], "texture": "#texture" },
        "south": { "uv": [ 11.5, 12.5, 15.5, 14 ], "texture": "#texture" },
        "west":  { "uv": [ 9.5, 12.5, 10, 14 ], "texture": "#texture" },
        "east":  { "uv": [ 6, 12.5, 6.5, 14 ], "texture": "#texture" }
    }
},
{
    "from": [ 11.5, 2, 16 ],
    "to": [ 15.5, 3.5, 16.5 ],
    "faces": {
        "down":  { "uv": [ 4.5, 16, 0.5, 16 ], "texture": "#texture" },
        "up":    { "uv": [ 11.5, 16, 15.5, 16 ], "texture": "#texture" },
        "north": { "uv": [ 0.5, 12.5, 4.5, 14 ], "texture": "#texture" },
        "south": { "uv": [ 11.5, 12.5, 15.5, 14 ], "texture": "#texture" },
        "west":  { "uv": [ 16, 12.5, 16, 14 ], "texture": "#texture" },
        "east":  { "uv": [ 0, 12.5, 0, 14 ], "texture": "#texture" }
    }
},
{
    "from": [ 10.5, 2, 15 ],
    "to": [ 11, 3.5, 16 ],
    "faces": {
        "down":  { "uv": [ 5.5, 16, 5, 15 ], "texture": "#texture" },
        "up":    { "uv": [ 10.5, 15, 11, 16 ], "texture": "#texture" },
        "north": { "uv": [ 5, 12.5, 5.5, 14 ], "texture": "#texture" },
        "south": { "uv": [ 10.5, 12.5, 11, 14 ], "texture": "#texture" },
        "west":  { "uv": [ 15, 12.5, 16, 14 ], "texture": "#texture" },
        "east":  { "uv": [ 0, 12.5, 1, 14 ], "texture": "#texture" }
    }
},
{
    "from": [ 10.5, 2, 10 ],
    "to": [ 11, 3.5, 11 ],
    "faces": {
        "down":  { "uv": [ 5.5, 11, 5, 10 ], "texture": "#texture" },
        "up":    { "uv": [ 10.5, 10, 11, 11 ], "texture": "#texture" },
        "north": { "uv": [ 5, 12.5, 5.5, 14 ], "texture": "#texture" },
        "south": { "uv": [ 10.5, 12.5, 11, 14 ], "texture": "#texture" },
        "west":  { "uv": [ 10, 12.5, 11, 14 ], "texture": "#texture" },
        "east":  { "uv": [ 5, 12.5, 6, 14 ], "texture": "#texture" }
    }
},
{
    "from": [ 16, 2, 10 ],
    "to": [ 16.5, 3.5, 11 ],
    "faces": {
        "down":  { "uv": [ 0, 11, 0, 10 ], "texture": "#texture" },
        "up":    { "uv": [ 16, 10, 16, 11 ], "texture": "#texture" },
        "north": { "uv": [ 0, 12.5, 0, 14 ], "texture": "#texture" },
        "south": { "uv": [ 16, 12.5, 16, 14 ], "texture": "#texture" },
        "west":  { "uv": [ 10, 12.5, 11, 14 ], "texture": "#texture" },
        "east":  { "uv": [ 5, 12.5, 6, 14 ], "texture": "#texture" }
    }
},
{
    "from": [ 15.5, 2, 15.5 ],
    "to": [ 16.5, 3.5, 16 ],
    "faces": {
        "down":  { "uv": [ 0.5, 16, 0, 15.5 ], "texture": "#texture" },
        "up":    { "uv": [ 15.5, 15.5, 16, 16 ], "texture": "#texture" },
        "north": { "uv": [ 0, 12.5, 0.5, 14 ], "texture": "#texture" },
        "south": { "uv": [ 15.5, 12.5, 16, 14 ], "texture": "#texture" },
        "west":  { "uv": [ 15.5, 12.5, 16, 14 ], "texture": "#texture" },
        "east":  { "uv": [ 0, 12.5, 0.5, 14 ], "texture": "#texture" }
    }
},
{
    "from": [ 15.5, 2, 10 ],
    "to": [ 16, 3.5, 10.5 ],
    "faces": {
        "down":  { "uv": [ 0.5, 10.5, 0, 10 ], "texture": "#texture" },
        "up":    { "uv": [ 15.5, 10, 16, 10.5 ], "texture": "#texture" },
        "north": { "uv": [ 0, 12.5, 0.5, 14 ], "texture": "#texture" },
        "south": { "uv": [ 15.5, 12.5, 16, 14 ], "texture": "#texture" },
        "west":  { "uv": [ 10, 12.5, 10.5, 14 ], "texture": "#texture" },
        "east":  { "uv": [ 5.5, 12.5, 6, 14 ], "texture": "#texture" }
    }
},
{
    "from": [ 11, 2, 10 ],
    "to": [ 11.5, 3.5, 10.5 ],
    "faces": {
        "down":  { "uv": [ 5, 10.5, 4.5, 10 ], "texture": "#texture" },
        "up":    { "uv": [ 11, 10, 11.5, 10.5 ], "texture": "#texture" },
        "north": { "uv": [ 4.5, 12.5, 5, 14 ], "texture": "#texture" },
        "south": { "uv": [ 11, 12.5, 11.5, 14 ], "texture": "#texture" },
        "west":  { "uv": [ 10, 12.5, 10.5, 14 ], "texture": "#texture" },
        "east":  { "uv": [ 5.5, 12.5, 6, 14 ], "texture": "#texture" }
    }
},
{
    "from": [ 11, 2, 15.5 ],
    "to": [ 11.5, 3.5, 16 ],
    "faces": {
        "down":  { "uv": [ 5, 16, 4.5, 15.5 ], "texture": "#texture" },
        "up":    { "uv": [ 11, 15.5, 11.5, 16 ], "texture": "#texture" },
        "north": { "uv": [ 4.5, 12.5, 5, 14 ], "texture": "#texture" },
        "south": { "uv": [ 11, 12.5, 11.5, 14 ], "texture": "#texture" },
        "west":  { "uv": [ 15.5, 12.5, 16, 14 ], "texture": "#texture" },
        "east":  { "uv": [ 0, 12.5, 0.5, 14 ], "texture": "#texture" }
    }
},
{
    "from": [ 16, 2, 15 ],
    "to": [ 16.5, 3.5, 15.5 ],
    "faces": {
        "down":  { "uv": [ 0, 15.5, 0, 15 ], "texture": "#texture" },
        "up":    { "uv": [ 16, 15, 16, 15.5 ], "texture": "#texture" },
        "north": { "uv": [ 0, 12.5, 0, 14 ], "texture": "#texture" },
        "south": { "uv": [ 16, 12.5, 16, 14 ], "texture": "#texture" },
        "west":  { "uv": [ 15, 12.5, 15.5, 14 ], "texture": "#texture" },
        "east":  { "uv": [ 0.5, 12.5, 1, 14 ], "texture": "#texture" }
    }
},
{
    "from": [ 13, 2.5, 7.5 ],
    "to": [ 14, 3.5, 9.5 ],
    "faces": {
        "down":  { "uv": [ 3, 9.5, 2, 7.5 ], "texture": "#texture" },
        "up":    { "uv": [ 13, 7.5, 14, 9.5 ], "texture": "#texture" },
        "north": { "uv": [ 2, 12.5, 3, 13.5 ], "texture": "#texture" },
        "south": { "uv": [ 13, 12.5, 14, 13.5 ], "texture": "#texture" },
        "west":  { "uv": [ 7.5, 12.5, 9.5, 13.5 ], "texture": "#texture" },
        "east":  { "uv": [ 6.5, 12.5, 8.5, 13.5 ], "texture": "#texture" }
    }
},
{
    "from": [ 13, 3, 4 ],
    "to": [ 14, 4, 7.5 ],
    "faces": {
        "down":  { "uv": [ 3, 7.5, 2, 4 ], "texture": "#texture" },
        "up":    { "uv": [ 13, 4, 14, 7.5 ], "texture": "#texture" },
        "north": { "uv": [ 2, 12, 3, 13 ], "texture": "#texture" },
        "south": { "uv": [ 13, 12, 14, 13 ], "texture": "#texture" },
        "west":  { "uv": [ 4, 12, 7.5, 13 ], "texture": "#texture" },
        "east":  { "uv": [ 8.5, 12, 12, 13 ], "texture": "#texture" }
    }
},
{
    "from": [ 13, 2.5, 2.5 ],
    "to": [ 14, 3.5, 4 ],
    "faces": {
        "down":  { "uv": [ 3, 4, 2, 2.5 ], "texture": "#texture" },
        "up":    { "uv": [ 13, 2.5, 14, 4 ], "texture": "#texture" },
        "north": { "uv": [ 2, 12.5, 3, 13.5 ], "texture": "#texture" },
        "south": { "uv": [ 13, 12.5, 14, 13.5 ], "texture": "#texture" },
        "west":  { "uv": [ 2.5, 12.5, 4, 13.5 ], "texture": "#texture" },
        "east":  { "uv": [ 12, 12.5, 13.5, 13.5 ], "texture": "#texture" }
    }
},
{
    "from": [ 14.5, 0, -4.5 ],
    "to": [ 18.5, 0.5, -0.5 ],
    "faces": {
        "down":  { "uv": [ 1.5, 0, 0, 0 ], "texture": "#texture" },
        "up":    { "uv": [ 14.5, 0, 16, 0 ], "texture": "#texture" },
        "north": { "uv": [ 0, 15.5, 1.5, 16 ], "texture": "#texture" },
        "south": { "uv": [ 14.5, 15.5, 16, 16 ], "texture": "#texture" },
        "west":  { "uv": [ 0, 15.5, 0, 16 ], "texture": "#texture" },
        "east":  { "uv": [ 16, 15.5, 16, 16 ], "texture": "#texture" }
    }
},
{
    "from": [ 15, 0, -5 ],
    "to": [ 18, 0.5, 0 ],
    "faces": {
        "down":  { "uv": [ 1, 0, 0, 0 ], "texture": "#texture" },
        "up":    { "uv": [ 15, 0, 16, 0 ], "texture": "#texture" },
        "north": { "uv": [ 0, 15.5, 1, 16 ], "texture": "#texture" },
        "south": { "uv": [ 15, 15.5, 16, 16 ], "texture": "#texture" },
        "west":  { "uv": [ 0, 15.5, 0, 16 ], "texture": "#texture" },
        "east":  { "uv": [ 16, 15.5, 16, 16 ], "texture": "#texture" }
    }
},
{
    "from": [ 14, 0, -4 ],
    "to": [ 19, 0.5, -1 ],
    "faces": {
        "down":  { "uv": [ 2, 0, 0, 0 ], "texture": "#texture" },
        "up":    { "uv": [ 14, 0, 16, 0 ], "texture": "#texture" },
        "north": { "uv": [ 0, 15.5, 2, 16 ], "texture": "#texture" },
        "south": { "uv": [ 14, 15.5, 16, 16 ], "texture": "#texture" },
        "west":  { "uv": [ 0, 15.5, 0, 16 ], "texture": "#texture" },
        "east":  { "uv": [ 16, 15.5, 16, 16 ], "texture": "#texture" }
    }
},
{
    "from": [ 15, 0.5, -5.5 ],
    "to": [ 18, 4.5, -5 ],
    "faces": {
        "down":  { "uv": [ 1, 0, 0, 0 ], "texture": "#texture" },
        "up":    { "uv": [ 15, 0, 16, 0 ], "texture": "#texture" },
        "north": { "uv": [ 0, 11.5, 1, 15.5 ], "texture": "#texture" },
        "south": { "uv": [ 15, 11.5, 16, 15.5 ], "texture": "#texture" },
        "west":  { "uv": [ 0, 11.5, 0, 15.5 ], "texture": "#texture" },
        "east":  { "uv": [ 16, 11.5, 16, 15.5 ], "texture": "#texture" }
    }
},
{
    "from": [ 15, 0.5, 0 ],
    "to": [ 18, 4.5, 0.5 ],
    "faces": {
        "down":  { "uv": [ 1, 0.5, 0, 0 ], "texture": "#texture" },
        "up":    { "uv": [ 15, 0, 16, 0.5 ], "texture": "#texture" },
        "north": { "uv": [ 0, 11.5, 1, 15.5 ], "texture": "#texture" },
        "south": { "uv": [ 15, 11.5, 16, 15.5 ], "texture": "#texture" },
        "west":  { "uv": [ 0, 11.5, 0.5, 15.5 ], "texture": "#texture" },
        "east":  { "uv": [ 15.5, 11.5, 16, 15.5 ], "texture": "#texture" }
    }
},
{
    "from": [ 13.5, 0.5, -4 ],
    "to": [ 14, 4.5, -1 ],
    "faces": {
        "down":  { "uv": [ 2.5, 0, 2, 0 ], "texture": "#texture" },
        "up":    { "uv": [ 13.5, 0, 14, 0 ], "texture": "#texture" },
        "north": { "uv": [ 2, 11.5, 2.5, 15.5 ], "texture": "#texture" },
        "south": { "uv": [ 13.5, 11.5, 14, 15.5 ], "texture": "#texture" },
        "west":  { "uv": [ 0, 11.5, 0, 15.5 ], "texture": "#texture" },
        "east":  { "uv": [ 16, 11.5, 16, 15.5 ], "texture": "#texture" }
    }
},
{
    "from": [ 14, 0.5, -4.5 ],
    "to": [ 14.5, 4.5, -4 ],
    "faces": {
        "down":  { "uv": [ 2, 0, 1.5, 0 ], "texture": "#texture" },
        "up":    { "uv": [ 14, 0, 14.5, 0 ], "texture": "#texture" },
        "north": { "uv": [ 1.5, 11.5, 2, 15.5 ], "texture": "#texture" },
        "south": { "uv": [ 14, 11.5, 14.5, 15.5 ], "texture": "#texture" },
        "west":  { "uv": [ 0, 11.5, 0, 15.5 ], "texture": "#texture" },
        "east":  { "uv": [ 16, 11.5, 16, 15.5 ], "texture": "#texture" }
    }
},
{
    "from": [ 14.5, 0.5, -5 ],
    "to": [ 15, 4.5, -4.5 ],
    "faces": {
        "down":  { "uv": [ 1.5, 0, 1, 0 ], "texture": "#texture" },
        "up":    { "uv": [ 14.5, 0, 15, 0 ], "texture": "#texture" },
        "north": { "uv": [ 1, 11.5, 1.5, 15.5 ], "texture": "#texture" },
        "south": { "uv": [ 14.5, 11.5, 15, 15.5 ], "texture": "#texture" },
        "west":  { "uv": [ 0, 11.5, 0, 15.5 ], "texture": "#texture" },
        "east":  { "uv": [ 16, 11.5, 16, 15.5 ], "texture": "#texture" }
    }
},
{
    "from": [ 18, 0.5, -5 ],
    "to": [ 18.5, 4.5, -4.5 ],
    "faces": {
        "down":  { "uv": [ 0, 0, 0, 0 ], "texture": "#texture" },
        "up":    { "uv": [ 16, 0, 16, 0 ], "texture": "#texture" },
        "north": { "uv": [ 0, 11.5, 0, 15.5 ], "texture": "#texture" },
        "south": { "uv": [ 16, 11.5, 16, 15.5 ], "texture": "#texture" },
        "west":  { "uv": [ 0, 11.5, 0, 15.5 ], "texture": "#texture" },
        "east":  { "uv": [ 16, 11.5, 16, 15.5 ], "texture": "#texture" }
    }
},
{
    "from": [ 18.5, 0.5, -4.5 ],
    "to": [ 19, 4.5, -4 ],
    "faces": {
        "down":  { "uv": [ 0, 0, 0, 0 ], "texture": "#texture" },
        "up":    { "uv": [ 16, 0, 16, 0 ], "texture": "#texture" },
        "north": { "uv": [ 0, 11.5, 0, 15.5 ], "texture": "#texture" },
        "south": { "uv": [ 16, 11.5, 16, 15.5 ], "texture": "#texture" },
        "west":  { "uv": [ 0, 11.5, 0, 15.5 ], "texture": "#texture" },
        "east":  { "uv": [ 16, 11.5, 16, 15.5 ], "texture": "#texture" }
    }
},
{
    "from": [ 18.5, 0.5, -1 ],
    "to": [ 19, 4.5, -0.5 ],
    "faces": {
        "down":  { "uv": [ 0, 0, 0, 0 ], "texture": "#texture" },
        "up":    { "uv": [ 16, 0, 16, 0 ], "texture": "#texture" },
        "north": { "uv": [ 0, 11.5, 0, 15.5 ], "texture": "#texture" },
        "south": { "uv": [ 16, 11.5, 16, 15.5 ], "texture": "#texture" },
        "west":  { "uv": [ 0, 11.5, 0, 15.5 ], "texture": "#texture" },
        "east":  { "uv": [ 16, 11.5, 16, 15.5 ], "texture": "#texture" }
    }
},
{
    "from": [ 18, 0.5, -0.5 ],
    "to": [ 18.5, 4.5, 0 ],
    "faces": {
        "down":  { "uv": [ 0, 0, 0, 0 ], "texture": "#texture" },
        "up":    { "uv": [ 16, 0, 16, 0 ], "texture": "#texture" },
        "north": { "uv": [ 0, 11.5, 0, 15.5 ], "texture": "#texture" },
        "south": { "uv": [ 16, 11.5, 16, 15.5 ], "texture": "#texture" },
        "west":  { "uv": [ 0, 11.5, 0, 15.5 ], "texture": "#texture" },
        "east":  { "uv": [ 16, 11.5, 16, 15.5 ], "texture": "#texture" }
    }
},
{
    "from": [ 14, 0.5, -1 ],
    "to": [ 14.5, 4.5, -0.5 ],
    "faces": {
        "down":  { "uv": [ 2, 0, 1.5, 0 ], "texture": "#texture" },
        "up":    { "uv": [ 14, 0, 14.5, 0 ], "texture": "#texture" },
        "north": { "uv": [ 1.5, 11.5, 2, 15.5 ], "texture": "#texture" },
        "south": { "uv": [ 14, 11.5, 14.5, 15.5 ], "texture": "#texture" },
        "west":  { "uv": [ 0, 11.5, 0, 15.5 ], "texture": "#texture" },
        "east":  { "uv": [ 16, 11.5, 16, 15.5 ], "texture": "#texture" }
    }
},
{
    "from": [ 14.5, 0.5, -0.5 ],
    "to": [ 15, 4.5, 0 ],
    "faces": {
        "down":  { "uv": [ 1.5, 0, 1, 0 ], "texture": "#texture" },
        "up":    { "uv": [ 14.5, 0, 15, 0 ], "texture": "#texture" },
        "north": { "uv": [ 1, 11.5, 1.5, 15.5 ], "texture": "#texture" },
        "south": { "uv": [ 14.5, 11.5, 15, 15.5 ], "texture": "#texture" },
        "west":  { "uv": [ 0, 11.5, 0, 15.5 ], "texture": "#texture" },
        "east":  { "uv": [ 16, 11.5, 16, 15.5 ], "texture": "#texture" }
    }
},
{
    "from": [ 19, 0.5, -4 ],
    "to": [ 19.5, 4.5, -1 ],
    "faces": {
        "down":  { "uv": [ 0, 0, 0, 0 ], "texture": "#texture" },
        "up":    { "uv": [ 16, 0, 16, 0 ], "texture": "#texture" },
        "north": { "uv": [ 0, 11.5, 0, 15.5 ], "texture": "#texture" },
        "south": { "uv": [ 16, 11.5, 16, 15.5 ], "texture": "#texture" },
        "west":  { "uv": [ 0, 11.5, 0, 15.5 ], "texture": "#texture" },
        "east":  { "uv": [ 16, 11.5, 16, 15.5 ], "texture": "#texture" }
    }
},
{
    "from": [ 19.5, 4, -3 ],
    "to": [ 20.5, 4.5, -2 ],
    "faces": {
        "down":  { "uv": [ 0, 0, 0, 0 ], "texture": "#texture" },
        "up":    { "uv": [ 16, 0, 16, 0 ], "texture": "#texture" },
        "north": { "uv": [ 0, 11.5, 0, 12 ], "texture": "#texture" },
        "south": { "uv": [ 16, 11.5, 16, 12 ], "texture": "#texture" },
        "west":  { "uv": [ 0, 11.5, 0, 12 ], "texture": "#texture" },
        "east":  { "uv": [ 16, 11.5, 16, 12 ], "texture": "#texture" }
    }
},
{
    "from": [ 12.5, 4, -3 ],
    "to": [ 13.5, 4.5, -2 ],
    "faces": {
        "down":  { "uv": [ 3.5, 0, 2.5, 0 ], "texture": "#texture" },
        "up":    { "uv": [ 12.5, 0, 13.5, 0 ], "texture": "#texture" },
        "north": { "uv": [ 2.5, 11.5, 3.5, 12 ], "texture": "#texture" },
        "south": { "uv": [ 12.5, 11.5, 13.5, 12 ], "texture": "#texture" },
        "west":  { "uv": [ 0, 11.5, 0, 12 ], "texture": "#texture" },
        "east":  { "uv": [ 16, 11.5, 16, 12 ], "texture": "#texture" }
    }
},
{
    "from": [ 19.5, 0.5, 3.5 ],
    "to": [ 20, 3.5, 8.5 ],
    "faces": {
        "down":  { "uv": [ 0, 8.5, 0, 3.5 ], "texture": "#texture" },
        "up":    { "uv": [ 16, 3.5, 16, 8.5 ], "texture": "#texture" },
        "north": { "uv": [ 0, 12.5, 0, 15.5 ], "texture": "#texture" },
        "south": { "uv": [ 16, 12.5, 16, 15.5 ], "texture": "#texture" },
        "west":  { "uv": [ 3.5, 12.5, 8.5, 15.5 ], "texture": "#texture" },
        "east":  { "uv": [ 7.5, 12.5, 12.5, 15.5 ], "texture": "#texture" }
    }
},
{
    "from": [ 20, 0.5, 2.5 ],
    "to": [ 20.5, 3.5, 3.5 ],
    "faces": {
        "down":  { "uv": [ 0, 3.5, 0, 2.5 ], "texture": "#texture" },
        "up":    { "uv": [ 16, 2.5, 16, 3.5 ], "texture": "#texture" },
        "north": { "uv": [ 0, 12.5, 0, 15.5 ], "texture": "#texture" },
        "south": { "uv": [ 16, 12.5, 16, 15.5 ], "texture": "#texture" },
        "west":  { "uv": [ 2.5, 12.5, 3.5, 15.5 ], "texture": "#texture" },
        "east":  { "uv": [ 12.5, 12.5, 13.5, 15.5 ], "texture": "#texture" }
    }
},
{
    "from": [ 20.5, 0.5, 2 ],
    "to": [ 21, 3.5, 2.5 ],
    "faces": {
        "down":  { "uv": [ 0, 2.5, 0, 2 ], "texture": "#texture" },
        "up":    { "uv": [ 16, 2, 16, 2.5 ], "texture": "#texture" },
        "north": { "uv": [ 0, 12.5, 0, 15.5 ], "texture": "#texture" },
        "south": { "uv": [ 16, 12.5, 16, 15.5 ], "texture": "#texture" },
        "west":  { "uv": [ 2, 12.5, 2.5, 15.5 ], "texture": "#texture" },
        "east":  { "uv": [ 13.5, 12.5, 14, 15.5 ], "texture": "#texture" }
    }
},
{
    "from": [ 21, 0.5, 1.5 ],
    "to": [ 22, 3.5, 2 ],
    "faces": {
        "down":  { "uv": [ 0, 2, 0, 1.5 ], "texture": "#texture" },
        "up":    { "uv": [ 16, 1.5, 16, 2 ], "texture": "#texture" },
        "north": { "uv": [ 0, 12.5, 0, 15.5 ], "texture": "#texture" },
        "south": { "uv": [ 16, 12.5, 16, 15.5 ], "texture": "#texture" },
        "west":  { "uv": [ 1.5, 12.5, 2, 15.5 ], "texture": "#texture" },
        "east":  { "uv": [ 14, 12.5, 14.5, 15.5 ], "texture": "#texture" }
    }
},
{
    "from": [ 22, 0.5, 1 ],
    "to": [ 27, 3.5, 1.5 ],
    "faces": {
        "down":  { "uv": [ 0, 1.5, 0, 1 ], "texture": "#texture" },
        "up":    { "uv": [ 16, 1, 16, 1.5 ], "texture": "#texture" },
        "north": { "uv": [ 0, 12.5, 0, 15.5 ], "texture": "#texture" },
        "south": { "uv": [ 16, 12.5, 16, 15.5 ], "texture": "#texture" },
        "west":  { "uv": [ 1, 12.5, 1.5, 15.5 ], "texture": "#texture" },
        "east":  { "uv": [ 14.5, 12.5, 15, 15.5 ], "texture": "#texture" }
    }
},
{
    "from": [ 27, 0.5, 1.5 ],
    "to": [ 28, 3.5, 2 ],
    "faces": {
        "down":  { "uv": [ 0, 2, 0, 1.5 ], "texture": "#texture" },
        "up":    { "uv": [ 16, 1.5, 16, 2 ], "texture": "#texture" },
        "north": { "uv": [ 0, 12.5, 0, 15.5 ], "texture": "#texture" },
        "south": { "uv": [ 16, 12.5, 16, 15.5 ], "texture": "#texture" },
        "west":  { "uv": [ 1.5, 12.5, 2, 15.5 ], "texture": "#texture" },
        "east":  { "uv": [ 14, 12.5, 14.5, 15.5 ], "texture": "#texture" }
    }
},
{
    "from": [ 28, 0.5, 2 ],
    "to": [ 28.5, 3.5, 2.5 ],
    "faces": {
        "down":  { "uv": [ 0, 2.5, 0, 2 ], "texture": "#texture" },
        "up":    { "uv": [ 16, 2, 16, 2.5 ], "texture": "#texture" },
        "north": { "uv": [ 0, 12.5, 0, 15.5 ], "texture": "#texture" },
        "south": { "uv": [ 16, 12.5, 16, 15.5 ], "texture": "#texture" },
        "west":  { "uv": [ 2, 12.5, 2.5, 15.5 ], "texture": "#texture" },
        "east":  { "uv": [ 13.5, 12.5, 14, 15.5 ], "texture": "#texture" }
    }
},
{
    "from": [ 28.5, 0.5, 2.5 ],
    "to": [ 29, 3.5, 3.5 ],
    "faces": {
        "down":  { "uv": [ 0, 3.5, 0, 2.5 ], "texture": "#texture" },
        "up":    { "uv": [ 16, 2.5, 16, 3.5 ], "texture": "#texture" },
        "north": { "uv": [ 0, 12.5, 0, 15.5 ], "texture": "#texture" },
        "south": { "uv": [ 16, 12.5, 16, 15.5 ], "texture": "#texture" },
        "west":  { "uv": [ 2.5, 12.5, 3.5, 15.5 ], "texture": "#texture" },
        "east":  { "uv": [ 12.5, 12.5, 13.5, 15.5 ], "texture": "#texture" }
    }
},
{
    "from": [ 29, 0.5, 3.5 ],
    "to": [ 29.5, 3.5, 8.5 ],
    "faces": {
        "down":  { "uv": [ 0, 8.5, 0, 3.5 ], "texture": "#texture" },
        "up":    { "uv": [ 16, 3.5, 16, 8.5 ], "texture": "#texture" },
        "north": { "uv": [ 0, 12.5, 0, 15.5 ], "texture": "#texture" },
        "south": { "uv": [ 16, 12.5, 16, 15.5 ], "texture": "#texture" },
        "west":  { "uv": [ 3.5, 12.5, 8.5, 15.5 ], "texture": "#texture" },
        "east":  { "uv": [ 7.5, 12.5, 12.5, 15.5 ], "texture": "#texture" }
    }
},
{
    "from": [ 28.5, 0.5, 8.5 ],
    "to": [ 29, 3.5, 9.5 ],
    "faces": {
        "down":  { "uv": [ 0, 9.5, 0, 8.5 ], "texture": "#texture" },
        "up":    { "uv": [ 16, 8.5, 16, 9.5 ], "texture": "#texture" },
        "north": { "uv": [ 0, 12.5, 0, 15.5 ], "texture": "#texture" },
        "south": { "uv": [ 16, 12.5, 16, 15.5 ], "texture": "#texture" },
        "west":  { "uv": [ 8.5, 12.5, 9.5, 15.5 ], "texture": "#texture" },
        "east":  { "uv": [ 6.5, 12.5, 7.5, 15.5 ], "texture": "#texture" }
    }
},
{
    "from": [ 20, 0.5, 8.5 ],
    "to": [ 20.5, 3.5, 9.5 ],
    "faces": {
        "down":  { "uv": [ 0, 9.5, 0, 8.5 ], "texture": "#texture" },
        "up":    { "uv": [ 16, 8.5, 16, 9.5 ], "texture": "#texture" },
        "north": { "uv": [ 0, 12.5, 0, 15.5 ], "texture": "#texture" },
        "south": { "uv": [ 16, 12.5, 16, 15.5 ], "texture": "#texture" },
        "west":  { "uv": [ 8.5, 12.5, 9.5, 15.5 ], "texture": "#texture" },
        "east":  { "uv": [ 6.5, 12.5, 7.5, 15.5 ], "texture": "#texture" }
    }
},
{
    "from": [ 20.5, 0.5, 9.5 ],
    "to": [ 21, 3.5, 10 ],
    "faces": {
        "down":  { "uv": [ 0, 10, 0, 9.5 ], "texture": "#texture" },
        "up":    { "uv": [ 16, 9.5, 16, 10 ], "texture": "#texture" },
        "north": { "uv": [ 0, 12.5, 0, 15.5 ], "texture": "#texture" },
        "south": { "uv": [ 16, 12.5, 16, 15.5 ], "texture": "#texture" },
        "west":  { "uv": [ 9.5, 12.5, 10, 15.5 ], "texture": "#texture" },
        "east":  { "uv": [ 6, 12.5, 6.5, 15.5 ], "texture": "#texture" }
    }
},
{
    "from": [ 28, 0.5, 9.5 ],
    "to": [ 28.5, 3.5, 10 ],
    "faces": {
        "down":  { "uv": [ 0, 10, 0, 9.5 ], "texture": "#texture" },
        "up":    { "uv": [ 16, 9.5, 16, 10 ], "texture": "#texture" },
        "north": { "uv": [ 0, 12.5, 0, 15.5 ], "texture": "#texture" },
        "south": { "uv": [ 16, 12.5, 16, 15.5 ], "texture": "#texture" },
        "west":  { "uv": [ 9.5, 12.5, 10, 15.5 ], "texture": "#texture" },
        "east":  { "uv": [ 6, 12.5, 6.5, 15.5 ], "texture": "#texture" }
    }
},
{
    "from": [ 21, 0.5, 10 ],
    "to": [ 22, 3.5, 10.5 ],
    "faces": {
        "down":  { "uv": [ 0, 10.5, 0, 10 ], "texture": "#texture" },
        "up":    { "uv": [ 16, 10, 16, 10.5 ], "texture": "#texture" },
        "north": { "uv": [ 0, 12.5, 0, 15.5 ], "texture": "#texture" },
        "south": { "uv": [ 16, 12.5, 16, 15.5 ], "texture": "#texture" },
        "west":  { "uv": [ 10, 12.5, 10.5, 15.5 ], "texture": "#texture" },
        "east":  { "uv": [ 5.5, 12.5, 6, 15.5 ], "texture": "#texture" }
    }
},
{
    "from": [ 27, 0.5, 10 ],
    "to": [ 28, 3.5, 10.5 ],
    "faces": {
        "down":  { "uv": [ 0, 10.5, 0, 10 ], "texture": "#texture" },
        "up":    { "uv": [ 16, 10, 16, 10.5 ], "texture": "#texture" },
        "north": { "uv": [ 0, 12.5, 0, 15.5 ], "texture": "#texture" },
        "south": { "uv": [ 16, 12.5, 16, 15.5 ], "texture": "#texture" },
        "west":  { "uv": [ 10, 12.5, 10.5, 15.5 ], "texture": "#texture" },
        "east":  { "uv": [ 5.5, 12.5, 6, 15.5 ], "texture": "#texture" }
    }
},
{
    "from": [ 22, 0.5, 10.5 ],
    "to": [ 27, 3.5, 11 ],
    "faces": {
        "down":  { "uv": [ 0, 11, 0, 10.5 ], "texture": "#texture" },
        "up":    { "uv": [ 16, 10.5, 16, 11 ], "texture": "#texture" },
        "north": { "uv": [ 0, 12.5, 0, 15.5 ], "texture": "#texture" },
        "south": { "uv": [ 16, 12.5, 16, 15.5 ], "texture": "#texture" },
        "west":  { "uv": [ 10.5, 12.5, 11, 15.5 ], "texture": "#texture" },
        "east":  { "uv": [ 5, 12.5, 5.5, 15.5 ], "texture": "#texture" }
    }
},
{
    "from": [ 22, 0, 1.5 ],
    "to": [ 27, 0.5, 10.5 ],
    "faces": {
        "down":  { "uv": [ 0, 10.5, 0, 1.5 ], "texture": "#texture" },
        "up":    { "uv": [ 16, 1.5, 16, 10.5 ], "texture": "#texture" },
        "north": { "uv": [ 0, 15.5, 0, 16 ], "texture": "#texture" },
        "south": { "uv": [ 16, 15.5, 16, 16 ], "texture": "#texture" },
        "west":  { "uv": [ 1.5, 15.5, 10.5, 16 ], "texture": "#texture" },
        "east":  { "uv": [ 5.5, 15.5, 14.5, 16 ], "texture": "#texture" }
    }
},
{
    "from": [ 21, 0, 2 ],
    "to": [ 28, 0.5, 10 ],
    "faces": {
        "down":  { "uv": [ 0, 10, 0, 2 ], "texture": "#texture" },
        "up":    { "uv": [ 16, 2, 16, 10 ], "texture": "#texture" },
        "north": { "uv": [ 0, 15.5, 0, 16 ], "texture": "#texture" },
        "south": { "uv": [ 16, 15.5, 16, 16 ], "texture": "#texture" },
        "west":  { "uv": [ 2, 15.5, 10, 16 ], "texture": "#texture" },
        "east":  { "uv": [ 6, 15.5, 14, 16 ], "texture": "#texture" }
    }
},
{
    "from": [ 20.5, 0, 2.5 ],
    "to": [ 28.5, 0.5, 9.5 ],
    "faces": {
        "down":  { "uv": [ 0, 9.5, 0, 2.5 ], "texture": "#texture" },
        "up":    { "uv": [ 16, 2.5, 16, 9.5 ], "texture": "#texture" },
        "north": { "uv": [ 0, 15.5, 0, 16 ], "texture": "#texture" },
        "south": { "uv": [ 16, 15.5, 16, 16 ], "texture": "#texture" },
        "west":  { "uv": [ 2.5, 15.5, 9.5, 16 ], "texture": "#texture" },
        "east":  { "uv": [ 6.5, 15.5, 13.5, 16 ], "texture": "#texture" }
    }
},
{
    "from": [ 20, 0, 3.5 ],
    "to": [ 29, 0.5, 8.5 ],
    "faces": {
        "down":  { "uv": [ 0, 8.5, 0, 3.5 ], "texture": "#texture" },
        "up":    { "uv": [ 16, 3.5, 16, 8.5 ], "texture": "#texture" },
        "north": { "uv": [ 0, 15.5, 0, 16 ], "texture": "#texture" },
        "south": { "uv": [ 16, 15.5, 16, 16 ], "texture": "#texture" },
        "west":  { "uv": [ 3.5, 15.5, 8.5, 16 ], "texture": "#texture" },
        "east":  { "uv": [ 7.5, 15.5, 12.5, 16 ], "texture": "#texture" }
    }
},
{
    "from": [ 29.5, 3, 4.5 ],
    "to": [ 30.5, 3.5, 7.5 ],
    "faces": {
        "down":  { "uv": [ 0, 7.5, 0, 4.5 ], "texture": "#texture" },
        "up":    { "uv": [ 16, 4.5, 16, 7.5 ], "texture": "#texture" },
        "north": { "uv": [ 0, 12.5, 0, 13 ], "texture": "#texture" },
        "south": { "uv": [ 16, 12.5, 16, 13 ], "texture": "#texture" },
        "west":  { "uv": [ 4.5, 12.5, 7.5, 13 ], "texture": "#texture" },
        "east":  { "uv": [ 8.5, 12.5, 11.5, 13 ], "texture": "#texture" }
    }
},
{
    "from": [ 18.5, 3, 4.5 ],
    "to": [ 19.5, 3.5, 7.5 ],
    "faces": {
        "down":  { "uv": [ 0, 7.5, 0, 4.5 ], "texture": "#texture" },
        "up":    { "uv": [ 16, 4.5, 16, 7.5 ], "texture": "#texture" },
        "north": { "uv": [ 0, 12.5, 0, 13 ], "texture": "#texture" },
        "south": { "uv": [ 16, 12.5, 16, 13 ], "texture": "#texture" },
        "west":  { "uv": [ 4.5, 12.5, 7.5, 13 ], "texture": "#texture" },
        "east":  { "uv": [ 8.5, 12.5, 11.5, 13 ], "texture": "#texture" }
    }
},
{
    "from": [ 18, 3, 5 ],
    "to": [ 18.5, 3.5, 7 ],
    "faces": {
        "down":  { "uv": [ 0, 7, 0, 5 ], "texture": "#texture" },
        "up":    { "uv": [ 16, 5, 16, 7 ], "texture": "#texture" },
        "north": { "uv": [ 0, 12.5, 0, 13 ], "texture": "#texture" },
        "south": { "uv": [ 16, 12.5, 16, 13 ], "texture": "#texture" },
        "west":  { "uv": [ 5, 12.5, 7, 13 ], "texture": "#texture" },
        "east":  { "uv": [ 9, 12.5, 11, 13 ], "texture": "#texture" }
    }
},
{
    "from": [ 30.5, 3, 5 ],
    "to": [ 31, 3.5, 7 ],
    "faces": {
        "down":  { "uv": [ 0, 7, 0, 5 ], "texture": "#texture" },
        "up":    { "uv": [ 16, 5, 16, 7 ], "texture": "#texture" },
        "north": { "uv": [ 0, 12.5, 0, 13 ], "texture": "#texture" },
        "south": { "uv": [ 16, 12.5, 16, 13 ], "texture": "#texture" },
        "west":  { "uv": [ 5, 12.5, 7, 13 ], "texture": "#texture" },
        "east":  { "uv": [ 9, 12.5, 11, 13 ], "texture": "#texture" }
    }
},
{
    "from": [ -6.5, 0, -5.5 ],
    "to": [ 0.5, 0.5, -2.5 ],
    "faces": {
        "down":  { "uv": [ 16, 0, 15.5, 0 ], "texture": "#texture" },
        "up":    { "uv": [ 0, 0, 0.5, 0 ], "texture": "#texture" },
        "north": { "uv": [ 15.5, 15.5, 16, 16 ], "texture": "#texture" },
        "south": { "uv": [ 0, 15.5, 0.5, 16 ], "texture": "#texture" },
        "west":  { "uv": [ 0, 15.5, 0, 16 ], "texture": "#texture" },
        "east":  { "uv": [ 16, 15.5, 16, 16 ], "texture": "#texture" }
    }
},
{
    "from": [ -6, 0, -6.5 ],
    "to": [ 0, 0.5, -1.5 ],
    "faces": {
        "down":  { "uv": [ 16, 0, 16, 0 ], "texture": "#texture" },
        "up":    { "uv": [ 0, 0, 0, 0 ], "texture": "#texture" },
        "north": { "uv": [ 16, 15.5, 16, 16 ], "texture": "#texture" },
        "south": { "uv": [ 0, 15.5, 0, 16 ], "texture": "#texture" },
        "west":  { "uv": [ 0, 15.5, 0, 16 ], "texture": "#texture" },
        "east":  { "uv": [ 16, 15.5, 16, 16 ], "texture": "#texture" }
    }
},
{
    "from": [ -4.5, 0, -7.5 ],
    "to": [ -1.5, 0.5, -0.5 ],
    "faces": {
        "down":  { "uv": [ 16, 0, 16, 0 ], "texture": "#texture" },
        "up":    { "uv": [ 0, 0, 0, 0 ], "texture": "#texture" },
        "north": { "uv": [ 16, 15.5, 16, 16 ], "texture": "#texture" },
        "south": { "uv": [ 0, 15.5, 0, 16 ], "texture": "#texture" },
        "west":  { "uv": [ 0, 15.5, 0, 16 ], "texture": "#texture" },
        "east":  { "uv": [ 16, 15.5, 16, 16 ], "texture": "#texture" }
    }
},
{
    "from": [ -5.5, 0, -7 ],
    "to": [ -0.5, 0.5, -1 ],
    "faces": {
        "down":  { "uv": [ 16, 0, 16, 0 ], "texture": "#texture" },
        "up":    { "uv": [ 0, 0, 0, 0 ], "texture": "#texture" },
        "north": { "uv": [ 16, 15.5, 16, 16 ], "texture": "#texture" },
        "south": { "uv": [ 0, 15.5, 0, 16 ], "texture": "#texture" },
        "west":  { "uv": [ 0, 15.5, 0, 16 ], "texture": "#texture" },
        "east":  { "uv": [ 16, 15.5, 16, 16 ], "texture": "#texture" }
    }
},
{
    "from": [ 0.5, 0.5, -5.5 ],
    "to": [ 1, 3.5, -2.5 ],
    "faces": {
        "down":  { "uv": [ 15.5, 0, 15, 0 ], "texture": "#texture" },
        "up":    { "uv": [ 0.5, 0, 1, 0 ], "texture": "#texture" },
        "north": { "uv": [ 15, 12.5, 15.5, 15.5 ], "texture": "#texture" },
        "south": { "uv": [ 0.5, 12.5, 1, 15.5 ], "texture": "#texture" },
        "west":  { "uv": [ 0, 12.5, 0, 15.5 ], "texture": "#texture" },
        "east":  { "uv": [ 16, 12.5, 16, 15.5 ], "texture": "#texture" }
    }
},
{
    "from": [ -7, 0.5, -5.5 ],
    "to": [ -6.5, 3.5, -2.5 ],
    "faces": {
        "down":  { "uv": [ 16, 0, 16, 0 ], "texture": "#texture" },
        "up":    { "uv": [ 0, 0, 0, 0 ], "texture": "#texture" },
        "north": { "uv": [ 16, 12.5, 16, 15.5 ], "texture": "#texture" },
        "south": { "uv": [ 0, 12.5, 0, 15.5 ], "texture": "#texture" },
        "west":  { "uv": [ 0, 12.5, 0, 15.5 ], "texture": "#texture" },
        "east":  { "uv": [ 16, 12.5, 16, 15.5 ], "texture": "#texture" }
    }
},
{
    "from": [ -4.5, 0.5, -0.5 ],
    "to": [ -1.5, 3.5, 0 ],
    "faces": {
        "down":  { "uv": [ 16, 0, 16, 0 ], "texture": "#texture" },
        "up":    { "uv": [ 0, 0, 0, 0 ], "texture": "#texture" },
        "north": { "uv": [ 16, 12.5, 16, 15.5 ], "texture": "#texture" },
        "south": { "uv": [ 0, 12.5, 0, 15.5 ], "texture": "#texture" },
        "west":  { "uv": [ 0, 12.5, 0, 15.5 ], "texture": "#texture" },
        "east":  { "uv": [ 16, 12.5, 16, 15.5 ], "texture": "#texture" }
    }
},
{
    "from": [ -4.5, 0.5, -8 ],
    "to": [ -1.5, 3.5, -7.5 ],
    "faces": {
        "down":  { "uv": [ 16, 0, 16, 0 ], "texture": "#texture" },
        "up":    { "uv": [ 0, 0, 0, 0 ], "texture": "#texture" },
        "north": { "uv": [ 16, 12.5, 16, 15.5 ], "texture": "#texture" },
        "south": { "uv": [ 0, 12.5, 0, 15.5 ], "texture": "#texture" },
        "west":  { "uv": [ 0, 12.5, 0, 15.5 ], "texture": "#texture" },
        "east":  { "uv": [ 16, 12.5, 16, 15.5 ], "texture": "#texture" }
    }
},
{
    "from": [ 0, 0.5, -6.5 ],
    "to": [ 0.5, 3.5, -5.5 ],
    "faces": {
        "down":  { "uv": [ 16, 0, 15.5, 0 ], "texture": "#texture" },
        "up":    { "uv": [ 0, 0, 0.5, 0 ], "texture": "#texture" },
        "north": { "uv": [ 15.5, 12.5, 16, 15.5 ], "texture": "#texture" },
        "south": { "uv": [ 0, 12.5, 0.5, 15.5 ], "texture": "#texture" },
        "west":  { "uv": [ 0, 12.5, 0, 15.5 ], "texture": "#texture" },
        "east":  { "uv": [ 16, 12.5, 16, 15.5 ], "texture": "#texture" }
    }
},
{
    "from": [ 0, 0.5, -2.5 ],
    "to": [ 0.5, 3.5, -1.5 ],
    "faces": {
        "down":  { "uv": [ 16, 0, 15.5, 0 ], "texture": "#texture" },
        "up":    { "uv": [ 0, 0, 0.5, 0 ], "texture": "#texture" },
        "north": { "uv": [ 15.5, 12.5, 16, 15.5 ], "texture": "#texture" },
        "south": { "uv": [ 0, 12.5, 0.5, 15.5 ], "texture": "#texture" },
        "west":  { "uv": [ 0, 12.5, 0, 15.5 ], "texture": "#texture" },
        "east":  { "uv": [ 16, 12.5, 16, 15.5 ], "texture": "#texture" }
    }
},
{
    "from": [ -6.5, 0.5, -2.5 ],
    "to": [ -6, 3.5, -1.5 ],
    "faces": {
        "down":  { "uv": [ 16, 0, 16, 0 ], "texture": "#texture" },
        "up":    { "uv": [ 0, 0, 0, 0 ], "texture": "#texture" },
        "north": { "uv": [ 16, 12.5, 16, 15.5 ], "texture": "#texture" },
        "south": { "uv": [ 0, 12.5, 0, 15.5 ], "texture": "#texture" },
        "west":  { "uv": [ 0, 12.5, 0, 15.5 ], "texture": "#texture" },
        "east":  { "uv": [ 16, 12.5, 16, 15.5 ], "texture": "#texture" }
    }
},
{
    "from": [ -6.5, 0.5, -6.5 ],
    "to": [ -6, 3.5, -5.5 ],
    "faces": {
        "down":  { "uv": [ 16, 0, 16, 0 ], "texture": "#texture" },
        "up":    { "uv": [ 0, 0, 0, 0 ], "texture": "#texture" },
        "north": { "uv": [ 16, 12.5, 16, 15.5 ], "texture": "#texture" },
        "south": { "uv": [ 0, 12.5, 0, 15.5 ], "texture": "#texture" },
        "west":  { "uv": [ 0, 12.5, 0, 15.5 ], "texture": "#texture" },
        "east":  { "uv": [ 16, 12.5, 16, 15.5 ], "texture": "#texture" }
    }
},
{
    "from": [ -5.5, 0.5, -7.5 ],
    "to": [ -4.5, 3.5, -7 ],
    "faces": {
        "down":  { "uv": [ 16, 0, 16, 0 ], "texture": "#texture" },
        "up":    { "uv": [ 0, 0, 0, 0 ], "texture": "#texture" },
        "north": { "uv": [ 16, 12.5, 16, 15.5 ], "texture": "#texture" },
        "south": { "uv": [ 0, 12.5, 0, 15.5 ], "texture": "#texture" },
        "west":  { "uv": [ 0, 12.5, 0, 15.5 ], "texture": "#texture" },
        "east":  { "uv": [ 16, 12.5, 16, 15.5 ], "texture": "#texture" }
    }
},
{
    "from": [ -1.5, 0.5, -7.5 ],
    "to": [ -0.5, 3.5, -7 ],
    "faces": {
        "down":  { "uv": [ 16, 0, 16, 0 ], "texture": "#texture" },
        "up":    { "uv": [ 0, 0, 0, 0 ], "texture": "#texture" },
        "north": { "uv": [ 16, 12.5, 16, 15.5 ], "texture": "#texture" },
        "south": { "uv": [ 0, 12.5, 0, 15.5 ], "texture": "#texture" },
        "west":  { "uv": [ 0, 12.5, 0, 15.5 ], "texture": "#texture" },
        "east":  { "uv": [ 16, 12.5, 16, 15.5 ], "texture": "#texture" }
    }
},
{
    "from": [ -1.5, 0.5, -1 ],
    "to": [ -0.5, 3.5, -0.5 ],
    "faces": {
        "down":  { "uv": [ 16, 0, 16, 0 ], "texture": "#texture" },
        "up":    { "uv": [ 0, 0, 0, 0 ], "texture": "#texture" },
        "north": { "uv": [ 16, 12.5, 16, 15.5 ], "texture": "#texture" },
        "south": { "uv": [ 0, 12.5, 0, 15.5 ], "texture": "#texture" },
        "west":  { "uv": [ 0, 12.5, 0, 15.5 ], "texture": "#texture" },
        "east":  { "uv": [ 16, 12.5, 16, 15.5 ], "texture": "#texture" }
    }
},
{
    "from": [ -5.5, 0.5, -1 ],
    "to": [ -4.5, 3.5, -0.5 ],
    "faces": {
        "down":  { "uv": [ 16, 0, 16, 0 ], "texture": "#texture" },
        "up":    { "uv": [ 0, 0, 0, 0 ], "texture": "#texture" },
        "north": { "uv": [ 16, 12.5, 16, 15.5 ], "texture": "#texture" },
        "south": { "uv": [ 0, 12.5, 0, 15.5 ], "texture": "#texture" },
        "west":  { "uv": [ 0, 12.5, 0, 15.5 ], "texture": "#texture" },
        "east":  { "uv": [ 16, 12.5, 16, 15.5 ], "texture": "#texture" }
    }
},
{
    "from": [ -6, 0.5, -1.5 ],
    "to": [ -5.5, 3.5, -1 ],
    "faces": {
        "down":  { "uv": [ 16, 0, 16, 0 ], "texture": "#texture" },
        "up":    { "uv": [ 0, 0, 0, 0 ], "texture": "#texture" },
        "north": { "uv": [ 16, 12.5, 16, 15.5 ], "texture": "#texture" },
        "south": { "uv": [ 0, 12.5, 0, 15.5 ], "texture": "#texture" },
        "west":  { "uv": [ 0, 12.5, 0, 15.5 ], "texture": "#texture" },
        "east":  { "uv": [ 16, 12.5, 16, 15.5 ], "texture": "#texture" }
    }
},
{
    "from": [ -0.5, 0.5, -1.5 ],
    "to": [ 0, 3.5, -1 ],
    "faces": {
        "down":  { "uv": [ 16, 0, 16, 0 ], "texture": "#texture" },
        "up":    { "uv": [ 0, 0, 0, 0 ], "texture": "#texture" },
        "north": { "uv": [ 16, 12.5, 16, 15.5 ], "texture": "#texture" },
        "south": { "uv": [ 0, 12.5, 0, 15.5 ], "texture": "#texture" },
        "west":  { "uv": [ 0, 12.5, 0, 15.5 ], "texture": "#texture" },
        "east":  { "uv": [ 16, 12.5, 16, 15.5 ], "texture": "#texture" }
    }
},
{
    "from": [ -0.5, 0.5, -7 ],
    "to": [ 0, 3.5, -6.5 ],
    "faces": {
        "down":  { "uv": [ 16, 0, 16, 0 ], "texture": "#texture" },
        "up":    { "uv": [ 0, 0, 0, 0 ], "texture": "#texture" },
        "north": { "uv": [ 16, 12.5, 16, 15.5 ], "texture": "#texture" },
        "south": { "uv": [ 0, 12.5, 0, 15.5 ], "texture": "#texture" },
        "west":  { "uv": [ 0, 12.5, 0, 15.5 ], "texture": "#texture" },
        "east":  { "uv": [ 16, 12.5, 16, 15.5 ], "texture": "#texture" }
    }
},
{
    "from": [ -6, 0.5, -7 ],
    "to": [ -5.5, 3.5, -6.5 ],
    "faces": {
        "down":  { "uv": [ 16, 0, 16, 0 ], "texture": "#texture" },
        "up":    { "uv": [ 0, 0, 0, 0 ], "texture": "#texture" },
        "north": { "uv": [ 16, 12.5, 16, 15.5 ], "texture": "#texture" },
        "south": { "uv": [ 0, 12.5, 0, 15.5 ], "texture": "#texture" },
        "west":  { "uv": [ 0, 12.5, 0, 15.5 ], "texture": "#texture" },
        "east":  { "uv": [ 16, 12.5, 16, 15.5 ], "texture": "#texture" }
    }
}
],
"display": {
    "thirdperson_righthand": {
        "rotation": [ 0, 90, -35 ],
        "translation": [ 0, 1.25, -3.5 ],
        "scale": [ 0.6, 0.6, 0.6 ]
    },
    "thirdperson_lefthand": {
        "rotation": [ 0, 90, -35 ],
        "translation": [ 0, 1.25, -3.5 ],
        "scale": [ 0.6, 0.6, 0.6]
    },
    "head": {
        "rotation": [ 0, 0, 0 ],
        "translation": [ 0, -30.5, 0 ],
        "scale": [ 1.6, 1.6, 1.6 ]
    },
    "ground": {
        "rotation": [ 0, 0, 0 ],
        "translation": [ 0, 0, 0 ],
        "scale": [ 1.6, 1.6, 1.6 ]
    },
    "fixed": {
        "rotation": [ -90, -180, 0 ],
        "translation": [ 0, 0, 6.61 ],
        "scale": [ 0.8, 0.8, 0.8 ]
    },
    "firstperson_righthand": {
        "rotation": [ 0, 0, 0 ],
        "translation": [ 0, 0, 0 ],
        "scale": [ 0.6, 0.6, 0.6 ]
    },
    "firstperson_lefthand": {
        "rotation": [ 0, 0, 0 ],
        "translation": [ 0, 0, 0 ],
        "scale": [ 0.6, 0.6, 0.6]
    },
    "gui": {
        "rotation": [ 41, 17, 10 ],
        "translation": [ 0.76, -3.21, 0 ],
        "scale": [ 0.6, 0.6, 0.6 ]
    }
}
}