{
"__comment": "Designed by Oberdiah",
"textures": {
    "texture": "blocks/planks_oak",
    "bed_feet_top": "blocks/iron_block",
    "glass_blue": "blocks/glass_blue"
},
"elements": [ 
{
    "from": [ 0, 15, 0 ],
    "to": [ 2, 16, 15.5 ],
    "faces": {
        "down":  { "uv": [ 16, 15.5, 14, 0 ], "texture": "#texture" },
        "up":    { "uv": [ 0, 0, 2, 15.5 ], "texture": "#texture" },
        "north": { "uv": [ 14, 0, 16, 1 ], "texture": "#texture" },
        "south": { "uv": [ 0, 0, 2, 1 ], "texture": "#texture" },
        "west":  { "uv": [ 0, 0, 15.5, 1 ], "texture": "#texture" },
        "east":  { "uv": [ 0.5, 0, 16, 1 ], "texture": "#texture" }
    }
},
{
    "from": [ 0, 0, 0 ],
    "to": [ 16, 15, 1 ],
    "faces": {
        "down":  { "uv": [ 16, 1, 0, 0 ], "texture": "#bed_feet_top" },
        "up":    { "uv": [ 0, 0, 16, 1 ], "texture": "#bed_feet_top" },
        "north": { "uv": [ 0, 1, 16, 16 ], "texture": "#bed_feet_top" },
        "south": { "uv": [ 0, 1, 16, 16 ], "texture": "#bed_feet_top" },
        "west":  { "uv": [ 0, 1, 1, 16 ], "texture": "#bed_feet_top" },
        "east":  { "uv": [ 15, 1, 16, 16 ], "texture": "#bed_feet_top" }
    }
},
{
    "from": [ 6, 5.5, 16 ],
    "to": [ 6.5, 10.5, 16.5 ],
    "faces": {
        "down":  { "uv": [ 10, 16, 9.5, 16 ], "texture": "#texture" },
        "up":    { "uv": [ 6, 16, 6.5, 16 ], "texture": "#texture" },
        "north": { "uv": [ 9.5, 5.5, 10, 10.5 ], "texture": "#texture" },
        "south": { "uv": [ 6, 5.5, 6.5, 10.5 ], "texture": "#texture" },
        "west":  { "uv": [ 16, 5.5, 16, 10.5 ], "texture": "#texture" },
        "east":  { "uv": [ 0, 5.5, 0, 10.5 ], "texture": "#texture" }
    }
},
{
    "from": [ 0.25, 2, 15.5 ],
    "to": [ 7.75, 14.75, 16 ],
    "faces": {
        "down":  { "uv": [ 15.75, 16, 8.25, 15.5 ], "texture": "#bed_feet_top" },
        "up":    { "uv": [ 0.25, 15.5, 7.75, 16 ], "texture": "#bed_feet_top" },
        "north": { "uv": [ 8.25, 1.25, 15.75, 14 ], "texture": "#bed_feet_top" },
        "south": { "uv": [ 0.25, 1.25, 7.75, 14 ], "texture": "#bed_feet_top" },
        "west":  { "uv": [ 15.5, 1.25, 16, 14 ], "texture": "#bed_feet_top" },
        "east":  { "uv": [ 0, 1.25, 0.5, 14 ], "texture": "#bed_feet_top" }
    }
},
{
    "from": [ 8.25, 2, 15.5 ],
    "to": [ 15.75, 14.75, 16 ],
    "faces": {
        "down":  { "uv": [ 7.75, 16, 0.25, 15.5 ], "texture": "#bed_feet_top" },
        "up":    { "uv": [ 8.25, 15.5, 15.75, 16 ], "texture": "#bed_feet_top" },
        "north": { "uv": [ 0.25, 1.25, 7.75, 14 ], "texture": "#bed_feet_top" },
        "south": { "uv": [ 8.25, 1.25, 15.75, 14 ], "texture": "#bed_feet_top" },
        "west":  { "uv": [ 15.5, 1.25, 16, 14 ], "texture": "#bed_feet_top" },
        "east":  { "uv": [ 0, 1.25, 0.5, 14 ], "texture": "#bed_feet_top" }
    }
},
{
    "from": [ 9.5, 5.5, 16 ],
    "to": [ 10, 10.5, 16.5 ],
    "faces": {
        "down":  { "uv": [ 6.5, 16, 6, 16 ], "texture": "#texture" },
        "up":    { "uv": [ 9.5, 16, 10, 16 ], "texture": "#texture" },
        "north": { "uv": [ 6, 5.5, 6.5, 10.5 ], "texture": "#texture" },
        "south": { "uv": [ 9.5, 5.5, 10, 10.5 ], "texture": "#texture" },
        "west":  { "uv": [ 16, 5.5, 16, 10.5 ], "texture": "#texture" },
        "east":  { "uv": [ 0, 5.5, 0, 10.5 ], "texture": "#texture" }
    }
},
{
    "from": [ 0, 0, 15.5 ],
    "to": [ 16, 1.5, 16 ],
    "faces": {
        "down":  { "uv": [ 16, 16, 0, 15.5 ], "texture": "#bed_feet_top" },
        "up":    { "uv": [ 0, 15.5, 16, 16 ], "texture": "#bed_feet_top" },
        "north": { "uv": [ 0, 14.5, 16, 16 ], "texture": "#bed_feet_top" },
        "south": { "uv": [ 0, 14.5, 16, 16 ], "texture": "#bed_feet_top" },
        "west":  { "uv": [ 15.5, 14.5, 16, 16 ], "texture": "#bed_feet_top" },
        "east":  { "uv": [ 0, 14.5, 0.5, 16 ], "texture": "#bed_feet_top" }
    }
},
{
    "from": [ 0, 0, 14.5 ],
    "to": [ 16, 15, 15.5 ],
    "faces": {
        "down":  { "uv": [ 16, 15.5, 0, 14.5 ], "texture": "#bed_feet_top" },
        "up":    { "uv": [ 0, 14.5, 16, 15.5 ], "texture": "#bed_feet_top" },
        "north": { "uv": [ 0, 1, 16, 16 ], "texture": "#bed_feet_top" },
        "south": { "uv": [ 0, 1, 16, 16 ], "texture": "#bed_feet_top" },
        "west":  { "uv": [ 14.5, 1, 15.5, 16 ], "texture": "#bed_feet_top" },
        "east":  { "uv": [ 0.5, 1, 1.5, 16 ], "texture": "#bed_feet_top" }
    }
},
{
    "from": [ 0, 0, 1 ],
    "to": [ 16, 1, 14.5 ],
    "faces": {
        "down":  { "uv": [ 16, 14.5, 0, 1 ], "texture": "#bed_feet_top" },
        "up":    { "uv": [ 0, 1, 16, 14.5 ], "texture": "#bed_feet_top" },
        "north": { "uv": [ 0, 15, 16, 16 ], "texture": "#bed_feet_top" },
        "south": { "uv": [ 0, 15, 16, 16 ], "texture": "#bed_feet_top" },
        "west":  { "uv": [ 1, 15, 14.5, 16 ], "texture": "#bed_feet_top" },
        "east":  { "uv": [ 1.5, 15, 15, 16 ], "texture": "#bed_feet_top" }
    }
},
{
    "from": [ 0, 0, 1 ],
    "to": [ 1, 15, 14.5 ],
    "faces": {
        "down":  { "uv": [ 16, 14.5, 15, 1 ], "texture": "#bed_feet_top" },
        "up":    { "uv": [ 0, 1, 1, 14.5 ], "texture": "#bed_feet_top" },
        "north": { "uv": [ 15, 1, 16, 16 ], "texture": "#bed_feet_top" },
        "south": { "uv": [ 0, 1, 1, 16 ], "texture": "#bed_feet_top" },
        "west":  { "uv": [ 1, 1, 14.5, 16 ], "texture": "#bed_feet_top" },
        "east":  { "uv": [ 1.5, 1, 15, 16 ], "texture": "#bed_feet_top" }
    }
},
{
    "from": [ 15, 0, 1 ],
    "to": [ 16, 15, 14.5 ],
    "faces": {
        "down":  { "uv": [ 1, 14.5, 0, 1 ], "texture": "#bed_feet_top" },
        "up":    { "uv": [ 15, 1, 16, 14.5 ], "texture": "#bed_feet_top" },
        "north": { "uv": [ 0, 1, 1, 16 ], "texture": "#bed_feet_top" },
        "south": { "uv": [ 15, 1, 16, 16 ], "texture": "#bed_feet_top" },
        "west":  { "uv": [ 1, 1, 14.5, 16 ], "texture": "#bed_feet_top" },
        "east":  { "uv": [ 1.5, 1, 15, 16 ], "texture": "#bed_feet_top" }
    }
},
{
    "from": [ 14, 15, 0 ],
    "to": [ 16, 16, 15.5 ],
    "faces": {
        "down":  { "uv": [ 2, 15.5, 0, 0 ], "texture": "#texture" },
        "up":    { "uv": [ 14, 0, 16, 15.5 ], "texture": "#texture" },
        "north": { "uv": [ 0, 0, 2, 1 ], "texture": "#texture" },
        "south": { "uv": [ 14, 0, 16, 1 ], "texture": "#texture" },
        "west":  { "uv": [ 0, 0, 15.5, 1 ], "texture": "#texture" },
        "east":  { "uv": [ 0.5, 0, 16, 1 ], "texture": "#texture" }
    }
},
{
    "from": [ 2, 15, 0 ],
    "to": [ 14, 16, 4 ],
    "faces": {
        "down":  { "uv": [ 14, 4, 2, 0 ], "texture": "#texture" },
        "up":    { "uv": [ 2, 0, 14, 4 ], "texture": "#texture" },
        "north": { "uv": [ 2, 0, 14, 1 ], "texture": "#texture" },
        "south": { "uv": [ 2, 0, 14, 1 ], "texture": "#texture" },
        "west":  { "uv": [ 0, 0, 4, 1 ], "texture": "#texture" },
        "east":  { "uv": [ 12, 0, 16, 1 ], "texture": "#texture" }
    }
},
{
    "from": [ 2, 15, 12 ],
    "to": [ 14, 16, 15.5 ],
    "faces": {
        "down":  { "uv": [ 14, 15.5, 2, 12 ], "texture": "#texture" },
        "up":    { "uv": [ 2, 12, 14, 15.5 ], "texture": "#texture" },
        "north": { "uv": [ 2, 0, 14, 1 ], "texture": "#texture" },
        "south": { "uv": [ 2, 0, 14, 1 ], "texture": "#texture" },
        "west":  { "uv": [ 12, 0, 15.5, 1 ], "texture": "#texture" },
        "east":  { "uv": [ 0.5, 0, 4, 1 ], "texture": "#texture" }
    }
},
{
    "from": [ 2, 9.5, 4 ],
    "to": [ 2.5, 15, 12 ],
    "faces": {
        "down":  { "uv": [ 14, 12, 13.5, 4 ], "texture": "#bed_feet_top" },
        "up":    { "uv": [ 2, 4, 2.5, 12 ], "texture": "#bed_feet_top" },
        "north": { "uv": [ 13.5, 1, 14, 6.5 ], "texture": "#bed_feet_top" },
        "south": { "uv": [ 2, 1, 2.5, 6.5 ], "texture": "#bed_feet_top" },
        "west":  { "uv": [ 4, 1, 12, 6.5 ], "texture": "#bed_feet_top" },
        "east":  { "uv": [ 4, 1, 12, 6.5 ], "texture": "#bed_feet_top" }
    }
},
{
    "from": [ 13.5, 9.5, 4 ],
    "to": [ 14, 15, 12 ],
    "faces": {
        "down":  { "uv": [ 2.5, 12, 2, 4 ], "texture": "#bed_feet_top" },
        "up":    { "uv": [ 13.5, 4, 14, 12 ], "texture": "#bed_feet_top" },
        "north": { "uv": [ 2, 1, 2.5, 6.5 ], "texture": "#bed_feet_top" },
        "south": { "uv": [ 13.5, 1, 14, 6.5 ], "texture": "#bed_feet_top" },
        "west":  { "uv": [ 4, 1, 12, 6.5 ], "texture": "#bed_feet_top" },
        "east":  { "uv": [ 4, 1, 12, 6.5 ], "texture": "#bed_feet_top" }
    }
},
{
    "from": [ 2.5, 9.5, 4 ],
    "to": [ 13.5, 15, 4.5 ],
    "faces": {
        "down":  { "uv": [ 13.5, 4.5, 2.5, 4 ], "texture": "#bed_feet_top" },
        "up":    { "uv": [ 2.5, 4, 13.5, 4.5 ], "texture": "#bed_feet_top" },
        "north": { "uv": [ 2.5, 1, 13.5, 6.5 ], "texture": "#bed_feet_top" },
        "south": { "uv": [ 2.5, 1, 13.5, 6.5 ], "texture": "#bed_feet_top" },
        "west":  { "uv": [ 4, 1, 4.5, 6.5 ], "texture": "#bed_feet_top" },
        "east":  { "uv": [ 11.5, 1, 12, 6.5 ], "texture": "#bed_feet_top" }
    }
},
{
    "from": [ 2.5, 9.5, 11.5 ],
    "to": [ 13.5, 15, 12 ],
    "faces": {
        "down":  { "uv": [ 13.5, 12, 2.5, 11.5 ], "texture": "#bed_feet_top" },
        "up":    { "uv": [ 2.5, 11.5, 13.5, 12 ], "texture": "#bed_feet_top" },
        "north": { "uv": [ 2.5, 1, 13.5, 6.5 ], "texture": "#bed_feet_top" },
        "south": { "uv": [ 2.5, 1, 13.5, 6.5 ], "texture": "#bed_feet_top" },
        "west":  { "uv": [ 11.5, 1, 12, 6.5 ], "texture": "#bed_feet_top" },
        "east":  { "uv": [ 4, 1, 4.5, 6.5 ], "texture": "#bed_feet_top" }
    }
},
{
    "from": [ 2.5, 10, 4.5 ],
    "to": [ 13.5, 10.5, 11.5 ],
    "faces": {
        "down":  { "uv": [ 13.5, 11.5, 2.5, 4.5 ], "texture": "#bed_feet_top" },
        "up":    { "uv": [ 2.5, 4.5, 13.5, 11.5 ], "texture": "#bed_feet_top" },
        "north": { "uv": [ 2.5, 5.5, 13.5, 6 ], "texture": "#bed_feet_top" },
        "south": { "uv": [ 2.5, 5.5, 13.5, 6 ], "texture": "#bed_feet_top" },
        "west":  { "uv": [ 4.5, 5.5, 11.5, 6 ], "texture": "#bed_feet_top" },
        "east":  { "uv": [ 4.5, 5.5, 11.5, 6 ], "texture": "#bed_feet_top" }
    }
},
{
    "from": [ 4.5, 16, 1.5 ],
    "to": [ 11.5, 16.5, 3.5 ],
    "faces": {
        "down":  { "uv": [ 11.5, 3.5, 4.5, 1.5 ], "texture": "#bed_feet_top" },
        "up":    { "uv": [ 4.5, 1.5, 11.5, 3.5 ], "texture": "#bed_feet_top" },
        "north": { "uv": [ 4.5, 0, 11.5, 0 ], "texture": "#bed_feet_top" },
        "south": { "uv": [ 4.5, 0, 11.5, 0 ], "texture": "#bed_feet_top" },
        "west":  { "uv": [ 1.5, 0, 3.5, 0 ], "texture": "#bed_feet_top" },
        "east":  { "uv": [ 12.5, 0, 14.5, 0 ], "texture": "#bed_feet_top" }
    }
},
{
    "from": [ 7.5, 16.5, 2.5 ],
    "to": [ 8.5, 19, 3.5 ],
    "faces": {
        "down":  { "uv": [ 8.5, 3.5, 7.5, 2.5 ], "texture": "#bed_feet_top" },
        "up":    { "uv": [ 7.5, 2.5, 8.5, 3.5 ], "texture": "#bed_feet_top" },
        "north": { "uv": [ 7.5, 0, 8.5, 0 ], "texture": "#bed_feet_top" },
        "south": { "uv": [ 7.5, 0, 8.5, 0 ], "texture": "#bed_feet_top" },
        "west":  { "uv": [ 2.5, 0, 3.5, 0 ], "texture": "#bed_feet_top" },
        "east":  { "uv": [ 12.5, 0, 13.5, 0 ], "texture": "#bed_feet_top" }
    }
},
{
    "from": [ 5, 16.5, 2 ],
    "to": [ 6, 17.5, 3 ],
    "faces": {
        "down":  { "uv": [ 11, 3, 10, 2 ], "texture": "#bed_feet_top" },
        "up":    { "uv": [ 5, 2, 6, 3 ], "texture": "#bed_feet_top" },
        "north": { "uv": [ 10, 0, 11, 0 ], "texture": "#bed_feet_top" },
        "south": { "uv": [ 5, 0, 6, 0 ], "texture": "#bed_feet_top" },
        "west":  { "uv": [ 2, 0, 3, 0 ], "texture": "#bed_feet_top" },
        "east":  { "uv": [ 13, 0, 14, 0 ], "texture": "#bed_feet_top" }
    }
},
{
    "from": [ 9.5, 16.5, 2 ],
    "to": [ 10.5, 17.5, 3 ],
    "faces": {
        "down":  { "uv": [ 6.5, 3, 5.5, 2 ], "texture": "#bed_feet_top" },
        "up":    { "uv": [ 9.5, 2, 10.5, 3 ], "texture": "#bed_feet_top" },
        "north": { "uv": [ 5.5, 0, 6.5, 0 ], "texture": "#bed_feet_top" },
        "south": { "uv": [ 9.5, 0, 10.5, 0 ], "texture": "#bed_feet_top" },
        "west":  { "uv": [ 2, 0, 3, 0 ], "texture": "#bed_feet_top" },
        "east":  { "uv": [ 13, 0, 14, 0 ], "texture": "#bed_feet_top" }
    }
},
{
    "from": [ 7.5, 19, 3 ],
    "to": [ 8.5, 20.5, 4 ],
    "faces": {
        "down":  { "uv": [ 8.5, 4, 7.5, 3 ], "texture": "#bed_feet_top" },
        "up":    { "uv": [ 7.5, 3, 8.5, 4 ], "texture": "#bed_feet_top" },
        "north": { "uv": [ 7.5, 0, 8.5, 0 ], "texture": "#bed_feet_top" },
        "south": { "uv": [ 7.5, 0, 8.5, 0 ], "texture": "#bed_feet_top" },
        "west":  { "uv": [ 3, 0, 4, 0 ], "texture": "#bed_feet_top" },
        "east":  { "uv": [ 12, 0, 13, 0 ], "texture": "#bed_feet_top" }
    }
},
{
    "from": [ 7.5, 20.5, 3.5 ],
    "to": [ 8.5, 21.5, 4.5 ],
    "faces": {
        "down":  { "uv": [ 8.5, 4.5, 7.5, 3.5 ], "texture": "#bed_feet_top" },
        "up":    { "uv": [ 7.5, 3.5, 8.5, 4.5 ], "texture": "#bed_feet_top" },
        "north": { "uv": [ 7.5, 0, 8.5, 0 ], "texture": "#bed_feet_top" },
        "south": { "uv": [ 7.5, 0, 8.5, 0 ], "texture": "#bed_feet_top" },
        "west":  { "uv": [ 3.5, 0, 4.5, 0 ], "texture": "#bed_feet_top" },
        "east":  { "uv": [ 11.5, 0, 12.5, 0 ], "texture": "#bed_feet_top" }
    }
},
{
    "from": [ 7.5, 21.5, 4 ],
    "to": [ 8.5, 22.5, 6 ],
    "faces": {
        "down":  { "uv": [ 8.5, 6, 7.5, 4 ], "texture": "#bed_feet_top" },
        "up":    { "uv": [ 7.5, 4, 8.5, 6 ], "texture": "#bed_feet_top" },
        "north": { "uv": [ 7.5, 0, 8.5, 0 ], "texture": "#bed_feet_top" },
        "south": { "uv": [ 7.5, 0, 8.5, 0 ], "texture": "#bed_feet_top" },
        "west":  { "uv": [ 4, 0, 6, 0 ], "texture": "#bed_feet_top" },
        "east":  { "uv": [ 10, 0, 12, 0 ], "texture": "#bed_feet_top" }
    }
},
{
    "from": [ 7.5, 22.5, 5.5 ],
    "to": [ 8.5, 23.5, 8.5 ],
    "faces": {
        "down":  { "uv": [ 8.5, 8.5, 7.5, 5.5 ], "texture": "#bed_feet_top" },
        "up":    { "uv": [ 7.5, 5.5, 8.5, 8.5 ], "texture": "#bed_feet_top" },
        "north": { "uv": [ 7.5, 0, 8.5, 0 ], "texture": "#bed_feet_top" },
        "south": { "uv": [ 7.5, 0, 8.5, 0 ], "texture": "#bed_feet_top" },
        "west":  { "uv": [ 5.5, 0, 8.5, 0 ], "texture": "#bed_feet_top" },
        "east":  { "uv": [ 7.5, 0, 10.5, 0 ], "texture": "#bed_feet_top" }
    }
},
{
    "from": [ 7.5, 22, 7.5 ],
    "to": [ 8.5, 22.5, 8.5 ],
    "faces": {
        "down":  { "uv": [ 8.5, 8.5, 7.5, 7.5 ], "texture": "#bed_feet_top" },
        "up":    { "uv": [ 7.5, 7.5, 8.5, 8.5 ], "texture": "#bed_feet_top" },
        "north": { "uv": [ 7.5, 0, 8.5, 0 ], "texture": "#bed_feet_top" },
        "south": { "uv": [ 7.5, 0, 8.5, 0 ], "texture": "#bed_feet_top" },
        "west":  { "uv": [ 7.5, 0, 8.5, 0 ], "texture": "#bed_feet_top" },
        "east":  { "uv": [ 7.5, 0, 8.5, 0 ], "texture": "#bed_feet_top" }
    }
},
{
    "from": [ 2.5, 12, 4.5 ],
    "to": [ 13.5, 13.5, 11.5 ],
    "faces": {
        "down":  { "uv": [ 13.5, 11.5, 2.5, 4.5 ], "texture": "#glass_blue" },
        "up":    { "uv": [ 2.5, 4.5, 13.5, 11.5 ], "texture": "#glass_blue" },
        "north": { "uv": [ 2.5, 2.5, 13.5, 4 ], "texture": "#glass_blue" },
        "south": { "uv": [ 2.5, 2.5, 13.5, 4 ], "texture": "#glass_blue" },
        "west":  { "uv": [ 4.5, 2.5, 11.5, 4 ], "texture": "#glass_blue" },
        "east":  { "uv": [ 4.5, 2.5, 11.5, 4 ], "texture": "#glass_blue" }
    }
}
],
"display": {
    "thirdperson_righthand": {
        "rotation": [ 24, -43, -14 ],
        "translation": [ 0, 0, 0 ],
        "scale": [ 0.5, 0.5, 0.5 ]
    },
    "thirdperson_lefthand": {
        "rotation": [ 24, -43, -14 ],
        "translation": [ -3.21, 0, -2.08 ],
        "scale": [ 0.5, 0.5, 0.5 ]
    },
    "head": {
        "rotation": [ 0, 180, 0 ],
        "translation": [ 0, -30.5, 0 ],
        "scale": [ 1.6, 1.6, 1.6 ]
    },
    "ground": {
        "rotation": [ 0, 0, 0 ],
        "translation": [ 0, 2, 0 ],
        "scale": [ 0.5, 0.5, 0.5 ]
    },
    "fixed": {
        "rotation": [ 0, 180, 0 ],
        "translation": [ 0, 0, -3.4 ],
        "scale": [ 0.5, 0.5, 0.5 ]
    },
    "firstperson_righthand": {
        "rotation": [ 0, -64, 0 ],
        "translation": [ 0, 0, 0 ],
        "scale": [ 0.5, 0.5, 0.5 ]
    },
    "firstperson_lefthand": {
        "rotation": [ 0, -64, 0 ],
        "translation": [ -1.7, 0, -1.89 ],
        "scale": [ 0.5, 0.5, 0.5 ]
    },
    "gui": {
        "rotation": [ 35, 35, 0 ],
        "translation": [ 0, 0, 0 ],
        "scale": [ 0.62, 0.62, 0.62 ]
    }
}
}