{
"__comment": "Designed by -",
"textures": {
    "texture": "items/banner_overlay",
    "wool_colored_white": "blocks/repeater_off"
},
"elements": [ 
{
    "__comment": "Paper",
    "from": [ 2, 0.40625, 1.5 ],
    "to": [ 14, 0.5, 13.5 ],
    "faces": {
        "down":  { "uv": [ 0, 16, 16, 0 ], "texture": "#texture" },
        "up":    { "uv": [ 0, 0, 16, 16 ], "texture": "#texture" }
    }
},
{
    "__comment": "Paper",
    "from": [ 4.25, 1.40625, -1 ],
    "to": [ 16.25, 1.5, 11 ],
    "rotation": { "origin": [ 4.25, 1.40625, -1 ], "axis": "y", "angle": -22.5 },
    "faces": {
        "down":  { "uv": [ 0, 16, 16, 0 ], "rotation": 270, "texture": "#texture" },
        "up":    { "uv": [ 0, 0, 16, 16 ], "rotation": 90, "texture": "#texture" }
    }
},
{
    "__comment": "Paper",
    "from": [ -0.5, 0.90625, 2.6875 ],
    "to": [ 11.5, 1, 14.6875 ],
    "rotation": { "origin": [ -0.5, 0.90625, 2.6875 ], "axis": "y", "angle": 22.5 },
    "faces": {
        "down":  { "uv": [ 16, 0, 0, 16 ], "texture": "#texture" },
        "up":    { "uv": [ 16, 16, 0, 0 ], "texture": "#texture" }
    }
},
{
    "__comment": "Paper*",
    "from": [ 2, 0.28125, 1.5 ],
    "to": [ 14, 0.375, 13.5 ],
    "faces": {
        "down":  { "uv": [ 0, 16, 16, 0 ], "texture": "#texture" },
        "up":    { "uv": [ 0, 0, 16, 16 ], "texture": "#texture" }
    }
},
{
    "__comment": "Paper*",
    "from": [ 4.25, 1.28125, -1 ],
    "to": [ 16.25, 1.375, 11 ],
    "rotation": { "origin": [ 4.25, 1.28125, -1 ], "axis": "y", "angle": -22.5 },
    "faces": {
        "down":  { "uv": [ 0, 16, 16, 0 ], "rotation": 270, "texture": "#texture" },
        "up":    { "uv": [ 0, 0, 16, 16 ], "rotation": 90, "texture": "#texture" }
    }
},
{
    "__comment": "Paper*",
    "from": [ -0.5, 0.78125, 2.6875 ],
    "to": [ 11.5, 0.875, 14.6875 ],
    "rotation": { "origin": [ -0.5, 0.78125, 2.6875 ], "axis": "y", "angle": 22.5 },
    "faces": {
        "down":  { "uv": [ 16, 0, 0, 16 ], "texture": "#texture" },
        "up":    { "uv": [ 16, 16, 0, 0 ], "texture": "#texture" }
    }
},
{
    "__comment": "Paper*",
    "from": [ 2, 0.15625, 1.5 ],
    "to": [ 14, 0.25, 13.5 ],
    "faces": {
        "down":  { "uv": [ 0, 16, 16, 0 ], "texture": "#texture" },
        "up":    { "uv": [ 0, 0, 16, 16 ], "texture": "#texture" }
    }
},
{
    "__comment": "Paper*",
    "from": [ 4.25, 1.15625, -1 ],
    "to": [ 16.25, 1.25, 11 ],
    "rotation": { "origin": [ 4.25, 1.15625, -1 ], "axis": "y", "angle": -22.5 },
    "faces": {
        "down":  { "uv": [ 0, 16, 16, 0 ], "rotation": 270, "texture": "#texture" },
        "up":    { "uv": [ 0, 0, 16, 16 ], "rotation": 90, "texture": "#texture" }
    }
},
{
    "__comment": "Paper*",
    "from": [ -0.5, 0.65625, 2.6875 ],
    "to": [ 11.5, 0.75, 14.6875 ],
    "rotation": { "origin": [ -0.5, 0.65625, 2.6875 ], "axis": "y", "angle": 22.5 },
    "faces": {
        "down":  { "uv": [ 16, 0, 0, 16 ], "texture": "#texture" },
        "up":    { "uv": [ 16, 16, 0, 0 ], "texture": "#texture" }
    }
},
{
    "__comment": "Paper*",
    "from": [ 2, 0.03125, 1.5 ],
    "to": [ 14, 0.125, 13.5 ],
    "faces": {
        "down":  { "uv": [ 0, 16, 16, 0 ], "texture": "#texture" },
        "up":    { "uv": [ 0, 0, 16, 16 ], "texture": "#texture" }
    }
},
{
    "__comment": "Paper*",
    "from": [ 4.25, 1.03125, -1 ],
    "to": [ 16.25, 1.125, 11 ],
    "rotation": { "origin": [ 4.25, 1.03125, -1 ], "axis": "y", "angle": -22.5 },
    "faces": {
        "down":  { "uv": [ 0, 16, 16, 0 ], "rotation": 270, "texture": "#texture" },
        "up":    { "uv": [ 0, 0, 16, 16 ], "rotation": 90, "texture": "#texture" }
    }
},
{
    "__comment": "Paper*",
    "from": [ -0.5, 0.53125, 2.6875 ],
    "to": [ 11.5, 0.625, 14.6875 ],
    "rotation": { "origin": [ -0.5, 0.53125, 2.6875 ], "axis": "y", "angle": 22.5 },
    "faces": {
        "down":  { "uv": [ 16, 0, 0, 16 ], "texture": "#texture" },
        "up":    { "uv": [ 16, 16, 0, 0 ], "texture": "#texture" }
    }
},
{
    "from": [ 11, 1.5625, 7 ],
    "to": [ 11.5, 1.625, 9 ],
    "rotation": { "origin": [ 11, 1.5625, 7 ], "axis": "y", "angle": -22.5 },
    "faces": {
        "up":    { "uv": [ 11, 7, 11.5, 9 ], "texture": "#wool_colored_white" }
    }
},
{
    "from": [ 10.5, 1.5625, 6.5 ],
    "to": [ 11, 1.625, 11 ],
    "rotation": { "origin": [ 10.5, 1.5625, 6.5 ], "axis": "y", "angle": -22.5 },
    "faces": {
        "up":    { "uv": [ 10.5, 6.5, 11, 11 ], "texture": "#wool_colored_white" }
    }
},
{
    "from": [ 9.5, 1.5625, 6.5 ],
    "to": [ 10, 1.625, 10.5 ],
    "rotation": { "origin": [ 9.5, 1.5625, 6.5 ], "axis": "y", "angle": -22.5 },
    "faces": {
        "up":    { "uv": [ 9.5, 6.5, 10, 10.5 ], "texture": "#wool_colored_white" }
    }
},
{
    "from": [ 8.5, 1.5625, 5.5 ],
    "to": [ 9, 1.625, 10 ],
    "rotation": { "origin": [ 8.5, 1.5625, 5.5 ], "axis": "y", "angle": -22.5 },
    "faces": {
        "up":    { "uv": [ 12, 3.5, 12.5, 8 ], "texture": "#wool_colored_white" }
    }
},
{
    "from": [ 7.5, 1.5625, 5 ],
    "to": [ 8, 1.625, 9.5 ],
    "rotation": { "origin": [ 7.5, 1.5625, 5 ], "axis": "y", "angle": -22.5 },
    "faces": {
        "up":    { "uv": [ 2.5, 1.5, 3, 6 ], "texture": "#wool_colored_white" }
    }
},
{
    "from": [ 5.5, 1.5625, 7.5 ],
    "to": [ 6, 1.625, 9 ],
    "rotation": { "origin": [ 5.5, 1.5625, 7.5 ], "axis": "y", "angle": -22.5 },
    "faces": {
        "up":    { "uv": [ 5.5, 7.5, 6, 9 ], "texture": "#wool_colored_white" }
    }
},
{
    "from": [ 6.8125, 1.5625, 4.625 ],
    "to": [ 7.3125, 1.625, 7.125 ],
    "rotation": { "origin": [ 6.8125, 1.5625, 4.625 ], "axis": "y", "angle": -22.5 },
    "faces": {
        "up":    { "uv": [ 4.5, 5.5, 5, 8 ], "texture": "#wool_colored_white" }
    }
},
{
    "from": [ 5.5, 1.5625, 5.5 ],
    "to": [ 6, 1.625, 8.5 ],
    "rotation": { "origin": [ 5.5, 1.5625, 5.5 ], "axis": "y", "angle": -22.5 },
    "faces": {
        "up":    { "uv": [ 5.5, 5.5, 6, 8.5 ], "texture": "#wool_colored_white" }
    }
}
],
"display": {
    "thirdperson_righthand": {
        "rotation": [ 0, -91, 75 ],
        "translation": [ 0, 4.35, -4.16 ],
        "scale": [ 0.85, 0.85, 0.85 ]
    },
    "thirdperson_lefthand": {
        "rotation": [ 0, -91, 75 ],
        "translation": [ 0, 4.35, -4.16 ],
        "scale": [ 0.85, 0.85, 0.85 ]
    },
    "head": {
        "rotation": [ 0, 180, 0 ],
        "translation": [ 0, -30.5, 0 ],
        "scale": [ 1.6, 1.6, 1.6 ]
    },
    "ground": {
        "rotation": [ 0, 0, 0 ],
        "translation": [ 0, 2, 0 ],
        "scale": [ 0.5, 0.5, 0.5 ]
    },
    "fixed": {
        "rotation": [ 0, 180, 0 ],
        "translation": [ 0, 0, 0 ],
        "scale": [ 1, 1, 1 ]
    },
    "firstperson_righthand": {
        "rotation": [ 67, 160, -81 ],
        "translation": [ -3.02, 1.89, -0.19 ],
        "scale": [ 0.5, 0.5, 0.5 ]
    },
    "firstperson_lefthand": {
        "rotation": [ 67, 160, -81 ],
        "translation": [ -3.02, 1.89, -0.19 ],
        "scale": [ 0.5, 0.5, 0.5 ]
    },
    "gui": {
        "rotation": [ 35, 35, 0 ],
        "translation": [ 0, 0, 0 ],
        "scale": [ 0.62, 0.62, 0.62 ]
    }
}
}