{
"__comment": "Designed by Rottennugget",
"textures": {
    "particle": "blocks/furniture/bed01",
    "texture": "blocks/furniture/bed01",
    "dark_brown": "blocks/furniture/bar01",
    "planks_spruce": "blocks/planks_spruce"
},
"elements": [ 
{
    "from": [ 0.5, 1, 0 ],
    "to": [ 31.5, 15.5, 15 ],
    "faces": {
        "down":  { "uv": [ 0, 3, 16, 12 ], "texture": "#planks_spruce" },
        "up":    { "uv": [ 0, 7, 16, 16 ], "texture": "#planks_spruce" },
        "north": { "uv": [ 0, 6, 16, 16 ], "texture": "#planks_spruce" },
        "south": { "uv": [ 0, 6, 16, 16 ], "texture": "#planks_spruce" },
        "west":  { "uv": [ 0, 6, 11.5, 16 ], "texture": "#planks_spruce" },
        "east":  { "uv": [ 0, 6, 11.5, 16 ], "texture": "#planks_spruce" }
    }
},
{
    "from": [ 0, 15.5, -0.5 ],
    "to": [ 32, 16, 15.5 ],
    "faces": {
        "down":  { "uv": [ 0, 4, 8, 8 ], "texture": "#dark_brown" },
        "up":    { "uv": [ 0, 4, 8, 8 ], "texture": "#dark_brown" },
        "north": { "uv": [ 0, 0, 16, 0.5 ], "texture": "#dark_brown" },
        "south": { "uv": [ 0, 0, 16, 0.5 ], "texture": "#dark_brown" },
        "west":  { "uv": [ 0, 0, 15.5, 0.5 ], "texture": "#dark_brown" },
        "east":  { "uv": [ 0.5, 0, 16, 0.5 ], "texture": "#dark_brown" }
    }
},
{
    "from": [ 0.5, 0, 0 ],
    "to": [ 1.5, 1, 1 ],
    "faces": {
        "down":  { "uv": [ 16, 1, 16, 0 ], "texture": "#texture" },
        "up":    { "uv": [ 0, 0, 0, 1 ], "texture": "#texture" },
        "north": { "uv": [ 16, 15, 16, 16 ], "texture": "#texture" },
        "south": { "uv": [ 0, 15, 0, 16 ], "texture": "#texture" },
        "west":  { "uv": [ 0, 15, 1, 16 ], "texture": "#texture" },
        "east":  { "uv": [ 15, 15, 16, 16 ], "texture": "#texture" }
    }
},
{
    "from": [ 1.0625, -0.0625, 0 ],
    "to": [ 3.5625, 0.9375, 1 ],
    "faces": {
        "down":  { "uv": [ 16, 1, 16, 0 ], "texture": "#texture" },
        "up":    { "uv": [ 0, 0, 0, 1 ], "texture": "#texture" },
        "north": { "uv": [ 16, 15, 16, 16 ], "texture": "#texture" },
        "south": { "uv": [ 0, 15, 0, 16 ], "texture": "#texture" },
        "west":  { "uv": [ 0, 15, 1, 16 ], "texture": "#texture" },
        "east":  { "uv": [ 15, 15, 16, 16 ], "texture": "#texture" }
    }
},
{
    "from": [ 0.5, 0, 14 ],
    "to": [ 1.5, 1, 15 ],
    "faces": {
        "down":  { "uv": [ 16, 1, 16, 0 ], "texture": "#texture" },
        "up":    { "uv": [ 0, 0, 0, 1 ], "texture": "#texture" },
        "north": { "uv": [ 16, 15, 16, 16 ], "texture": "#texture" },
        "south": { "uv": [ 0, 15, 0, 16 ], "texture": "#texture" },
        "west":  { "uv": [ 0, 15, 1, 16 ], "texture": "#texture" },
        "east":  { "uv": [ 15, 15, 16, 16 ], "texture": "#texture" }
    }
},
{
    "from": [ 1, 0, 14 ],
    "to": [ 3.5, 1, 15 ],
    "faces": {
        "down":  { "uv": [ 16, 1, 16, 0 ], "texture": "#texture" },
        "up":    { "uv": [ 0, 0, 0, 1 ], "texture": "#texture" },
        "north": { "uv": [ 16, 15, 16, 16 ], "texture": "#texture" },
        "south": { "uv": [ 0, 15, 0, 16 ], "texture": "#texture" },
        "west":  { "uv": [ 0, 15, 1, 16 ], "texture": "#texture" },
        "east":  { "uv": [ 15, 15, 16, 16 ], "texture": "#texture" }
    }
},
{
    "from": [ 30.5, 0, 14 ],
    "to": [ 31.5, 1, 15 ],
    "faces": {
        "down":  { "uv": [ 16, 1, 16, 0 ], "texture": "#texture" },
        "up":    { "uv": [ 0, 0, 0, 1 ], "texture": "#texture" },
        "north": { "uv": [ 16, 15, 16, 16 ], "texture": "#texture" },
        "south": { "uv": [ 0, 15, 0, 16 ], "texture": "#texture" },
        "west":  { "uv": [ 0, 15, 1, 16 ], "texture": "#texture" },
        "east":  { "uv": [ 15, 15, 16, 16 ], "texture": "#texture" }
    }
},
{
    "from": [ 30.5, 0, 0 ],
    "to": [ 31.5, 1, 1 ],
    "faces": {
        "down":  { "uv": [ 16, 1, 16, 0 ], "texture": "#texture" },
        "up":    { "uv": [ 0, 0, 0, 1 ], "texture": "#texture" },
        "north": { "uv": [ 16, 15, 16, 16 ], "texture": "#texture" },
        "south": { "uv": [ 0, 15, 0, 16 ], "texture": "#texture" },
        "west":  { "uv": [ 0, 15, 1, 16 ], "texture": "#texture" },
        "east":  { "uv": [ 15, 15, 16, 16 ], "texture": "#texture" }
    }
},
{
    "from": [ 28.125, 1.0625, 14 ],
    "to": [ 31.125, 2.0625, 15 ],
    "faces": {
        "down":  { "uv": [ 16, 1, 16, 0 ], "texture": "#texture" },
        "up":    { "uv": [ 0, 0, 0, 1 ], "texture": "#texture" },
        "north": { "uv": [ 16, 15, 16, 16 ], "texture": "#texture" },
        "south": { "uv": [ 0, 15, 0, 16 ], "texture": "#texture" },
        "west":  { "uv": [ 0, 15, 1, 16 ], "texture": "#texture" },
        "east":  { "uv": [ 15, 15, 16, 16 ], "texture": "#texture" }
    }
},
{
    "from": [ 28, 1, 0 ],
    "to": [ 31, 2, 1 ],
    "faces": {
        "down":  { "uv": [ 16, 1, 16, 0 ], "texture": "#texture" },
        "up":    { "uv": [ 0, 0, 0, 1 ], "texture": "#texture" },
        "north": { "uv": [ 16, 15, 16, 16 ], "texture": "#texture" },
        "south": { "uv": [ 0, 15, 0, 16 ], "texture": "#texture" },
        "west":  { "uv": [ 0, 15, 1, 16 ], "texture": "#texture" },
        "east":  { "uv": [ 15, 15, 16, 16 ], "texture": "#texture" }
    }
},
{
    "from": [ 1.5, 11, 14.5 ],
    "to": [ 15.5, 14.5, 15.5 ],
    "faces": {
        "down":  { "uv": [ 8, 12, 16, 12.5 ], "texture": "#dark_brown" },
        "up":    { "uv": [ 8, 12, 16, 12.5 ], "texture": "#dark_brown" },
        "north": { "uv": [ 0, 0.5, 8, 3 ], "texture": "#dark_brown" },
        "south": { "uv": [ 0, 0.5, 8, 3 ], "texture": "#dark_brown" },
        "west":  { "uv": [ 15, 10, 16, 12.5 ], "texture": "#dark_brown" },
        "east":  { "uv": [ 15, 10, 16, 12.5 ], "texture": "#dark_brown" }
    }
},
{
    "from": [ 1.5, 6.5, 14.5 ],
    "to": [ 15.5, 10, 15.5 ],
    "faces": {
        "down":  { "uv": [ 8, 3, 16, 3.5 ], "texture": "#dark_brown" },
        "up":    { "uv": [ 8, 3, 16, 3.5 ], "texture": "#dark_brown" },
        "north": { "uv": [ 0, 3, 8, 5.5 ], "texture": "#dark_brown" },
        "south": { "uv": [ 0, 3, 8, 5.5 ], "texture": "#dark_brown" },
        "west":  { "uv": [ 15, 1.5, 16, 4 ], "texture": "#dark_brown" },
        "east":  { "uv": [ 15, 1.5, 16, 4 ], "texture": "#dark_brown" }
    }
},
{
    "from": [ 1.5, 2, 14.5 ],
    "to": [ 15.5, 5.5, 15.5 ],
    "faces": {
        "down":  { "uv": [ 8, 3, 16, 3.5 ], "texture": "#dark_brown" },
        "up":    { "uv": [ 8, 3, 16, 3.5 ], "texture": "#dark_brown" },
        "north": { "uv": [ 0, 5.5, 8, 8 ], "texture": "#dark_brown" },
        "south": { "uv": [ 0, 5.5, 8, 8 ], "texture": "#dark_brown" },
        "west":  { "uv": [ 15, 1.5, 16, 4 ], "texture": "#dark_brown" },
        "east":  { "uv": [ 15, 1.5, 16, 4 ], "texture": "#dark_brown" }
    }
},
{
    "from": [ 16.5, 11, 14.5 ],
    "to": [ 30.5, 14.5, 15.5 ],
    "faces": {
        "down":  { "uv": [ 8, 11, 16, 11.5 ], "texture": "#dark_brown" },
        "up":    { "uv": [ 8, 11, 16, 11.5 ], "texture": "#dark_brown" },
        "north": { "uv": [ 0, 0.5, 8, 3 ], "texture": "#dark_brown" },
        "south": { "uv": [ 0, 0.5, 8, 3 ], "texture": "#dark_brown" },
        "west":  { "uv": [ 15, 11, 16, 13.5 ], "texture": "#dark_brown" },
        "east":  { "uv": [ 15, 11, 16, 13.5 ], "texture": "#dark_brown" }
    }
},
{
    "from": [ 16.5, 6.5, 14.5 ],
    "to": [ 30.5, 10, 15.5 ],
    "faces": {
        "down":  { "uv": [ 8, 3, 16, 3.5 ], "texture": "#dark_brown" },
        "up":    { "uv": [ 8, 3, 16, 3.5 ], "texture": "#dark_brown" },
        "north": { "uv": [ 0, 3, 8, 5.5 ], "texture": "#dark_brown" },
        "south": { "uv": [ 0, 3, 8, 5.5 ], "texture": "#dark_brown" },
        "west":  { "uv": [ 15, 1.5, 16, 4 ], "texture": "#dark_brown" },
        "east":  { "uv": [ 15, 1.5, 16, 4 ], "texture": "#dark_brown" }
    }
},
{
    "from": [ 16.5, 2, 14.5 ],
    "to": [ 30.5, 5.5, 15.5 ],
    "faces": {
        "down":  { "uv": [ 8, 3, 16, 3.5 ], "texture": "#dark_brown" },
        "up":    { "uv": [ 8, 3, 16, 3.5 ], "texture": "#dark_brown" },
        "north": { "uv": [ 0, 5.5, 8, 8 ], "texture": "#dark_brown" },
        "south": { "uv": [ 0, 5.5, 8, 8 ], "texture": "#dark_brown" },
        "west":  { "uv": [ 15, 1.5, 16, 4 ], "texture": "#dark_brown" },
        "east":  { "uv": [ 15, 1.5, 16, 4 ], "texture": "#dark_brown" }
    }
},
{
    "from": [ 7, 12.5, 15 ],
    "to": [ 10, 13, 16 ],
    "faces": {
        "down":  { "uv": [ 9.5, 7.5, 11.5, 8 ], "texture": "#planks_spruce" },
        "up":    { "uv": [ 9.5, 7.5, 11.5, 8 ], "texture": "#planks_spruce" },
        "north": { "uv": [ 9.5, 7.5, 11.5, 7.5 ], "texture": "#planks_spruce" },
        "south": { "uv": [ 9.5, 7.5, 11.5, 7.5 ], "texture": "#planks_spruce" },
        "west":  { "uv": [ 10, 7.5, 10.5, 7.5 ], "texture": "#planks_spruce" },
        "east":  { "uv": [ 10, 7.5, 10.5, 7.5 ], "texture": "#planks_spruce" }
    }
},
{
    "from": [ 7, 8, 15 ],
    "to": [ 10, 8.5, 16 ],
    "faces": {
        "down":  { "uv": [ 9.5, 7.5, 11.5, 8 ], "texture": "#planks_spruce" },
        "up":    { "uv": [ 9.5, 7.5, 11.5, 8 ], "texture": "#planks_spruce" },
        "north": { "uv": [ 9.5, 7.5, 11.5, 7.5 ], "texture": "#planks_spruce" },
        "south": { "uv": [ 9.5, 7.5, 11.5, 7.5 ], "texture": "#planks_spruce" },
        "west":  { "uv": [ 10, 7.5, 10.5, 7.5 ], "texture": "#planks_spruce" },
        "east":  { "uv": [ 10, 7.5, 10.5, 7.5 ], "texture": "#planks_spruce" }
    }
},
{
    "from": [ 7, 3.5, 15 ],
    "to": [ 10, 4, 16 ],
    "faces": {
        "down":  { "uv": [ 9.5, 7.5, 11.5, 8 ], "texture": "#planks_spruce" },
        "up":    { "uv": [ 9.5, 7.5, 11.5, 8 ], "texture": "#planks_spruce" },
        "north": { "uv": [ 9.5, 7.5, 11.5, 7.5 ], "texture": "#planks_spruce" },
        "south": { "uv": [ 9.5, 7.5, 11.5, 7.5 ], "texture": "#planks_spruce" },
        "west":  { "uv": [ 10, 7.5, 10.5, 7.5 ], "texture": "#planks_spruce" },
        "east":  { "uv": [ 10, 7.5, 10.5, 7.5 ], "texture": "#planks_spruce" }
    }
},
{
    "from": [ 22, 12.5, 15 ],
    "to": [ 25, 13, 16 ],
    "faces": {
        "down":  { "uv": [ 9.5, 7.5, 11.5, 8 ], "texture": "#planks_spruce" },
        "up":    { "uv": [ 9.5, 7.5, 11.5, 8 ], "texture": "#planks_spruce" },
        "north": { "uv": [ 9.5, 7.5, 11.5, 7.5 ], "texture": "#planks_spruce" },
        "south": { "uv": [ 9.5, 7.5, 11.5, 7.5 ], "texture": "#planks_spruce" },
        "west":  { "uv": [ 10, 7.5, 10.5, 7.5 ], "texture": "#planks_spruce" },
        "east":  { "uv": [ 10, 7.5, 10.5, 7.5 ], "texture": "#planks_spruce" }
    }
},
{
    "from": [ 22, 8, 15 ],
    "to": [ 25, 8.5, 16 ],
    "faces": {
        "down":  { "uv": [ 9.5, 7.5, 11.5, 8 ], "texture": "#planks_spruce" },
        "up":    { "uv": [ 9.5, 7.5, 11.5, 8 ], "texture": "#planks_spruce" },
        "north": { "uv": [ 9.5, 7.5, 11.5, 7.5 ], "texture": "#planks_spruce" },
        "south": { "uv": [ 9.5, 7.5, 11.5, 7.5 ], "texture": "#planks_spruce" },
        "west":  { "uv": [ 10, 7.5, 10.5, 7.5 ], "texture": "#planks_spruce" },
        "east":  { "uv": [ 10, 7.5, 10.5, 7.5 ], "texture": "#planks_spruce" }
    }
},
{
    "from": [ 22, 3.5, 15 ],
    "to": [ 25, 4, 16 ],
    "faces": {
        "down":  { "uv": [ 9.5, 7.5, 11.5, 8 ], "texture": "#planks_spruce" },
        "up":    { "uv": [ 9.5, 7.5, 11.5, 8 ], "texture": "#planks_spruce" },
        "north": { "uv": [ 9.5, 7.5, 11.5, 7.5 ], "texture": "#planks_spruce" },
        "south": { "uv": [ 9.5, 7.5, 11.5, 7.5 ], "texture": "#planks_spruce" },
        "west":  { "uv": [ 10, 7.5, 10.5, 7.5 ], "texture": "#planks_spruce" },
        "east":  { "uv": [ 10, 7.5, 10.5, 7.5 ], "texture": "#planks_spruce" }
    }
}
],
"display": {
    "thirdperson_righthand": {
        "rotation": [ 24, -43, -14 ],
        "translation": [ 0, 0, 0 ],
        "scale": [ 0.5, 0.5, 0.5 ]
    },
    "thirdperson_lefthand": {
        "rotation": [ 24, -43, -14 ],
        "translation": [ -3.21, 0, -2.08 ],
        "scale": [ 0.5, 0.5, 0.5 ]
    },
    "head": {
        "rotation": [ 0, 180, 0 ],
        "translation": [ 0, -30.5, 0 ],
        "scale": [ 1.6, 1.6, 1.6 ]
    },
    "ground": {
        "rotation": [ 0, 0, 0 ],
        "translation": [ 0, 2, 0 ],
        "scale": [ 0.5, 0.5, 0.5 ]
    },
    "fixed": {
        "rotation": [ 0, 180, 0 ],
        "translation": [ 0, 0, -3.4 ],
        "scale": [ 0.5, 0.5, 0.5 ]
    },
    "firstperson_righthand": {
        "rotation": [ 0, -64, 0 ],
        "translation": [ 0, 0, 0 ],
        "scale": [ 0.5, 0.5, 0.5 ]
    },
    "firstperson_lefthand": {
        "rotation": [ 0, -64, 0 ],
        "translation": [ -1.7, 0, -1.89 ],
        "scale": [ 0.5, 0.5, 0.5 ]
    },
    "gui": {
        "rotation": [ 35, 35, 0 ],
        "translation": [ 0, 0, 0 ],
        "scale": [ 0.62, 0.62, 0.62 ]
    }
}
}