{
"__comment": "Designed by Monsterfish",
"textures": {
    "particle": "blocks/planks_oak",
    "texture": "blocks/planks_oak"
},
"elements": [ 
{
    "from": [ 0, 15.5, 0 ],
    "to": [ 15, 16.5, 15 ],
    "faces": {
        "down":  { "uv": [ 0, 0, 15, 15 ], "texture": "#texture" },
        "up":    { "uv": [ 0, 0, 15, 15 ], "texture": "#texture" },
        "north": { "uv": [ 0, 0, 15, 1 ], "texture": "#texture" },
        "south": { "uv": [ 0, 0, 15, 1 ], "texture": "#texture" },
        "west":  { "uv": [ 0, 0, 15, 1 ], "texture": "#texture" },
        "east":  { "uv": [ 0, 0, 15, 1 ], "texture": "#texture" }
    }
},
{
    "from": [ -15, 15.5, 0 ],
    "to": [ 0, 16.5, 15 ],
    "faces": {
        "down":  { "uv": [ 0, 0, 15, 15 ], "texture": "#texture" },
        "up":    { "uv": [ 0, 0, 15, 15 ], "texture": "#texture" },
        "north": { "uv": [ 0, 0, 15, 1 ], "texture": "#texture" },
        "south": { "uv": [ 0, 0, 15, 1 ], "texture": "#texture" },
        "west":  { "uv": [ 0, 0, 15, 1 ], "texture": "#texture" },
        "east":  { "uv": [ 0, 0, 15, 1 ], "texture": "#texture" }
    }
},
{
    "from": [ -15, 15.5, -15 ],
    "to": [ 0, 16.5, 0 ],
    "faces": {
        "down":  { "uv": [ 0, 0, 15, 15 ], "texture": "#texture" },
        "up":    { "uv": [ 0, 0, 15, 15 ], "texture": "#texture" },
        "north": { "uv": [ 0, 0, 15, 1 ], "texture": "#texture" },
        "south": { "uv": [ 0, 0, 15, 1 ], "texture": "#texture" },
        "west":  { "uv": [ 0, 0, 15, 1 ], "texture": "#texture" },
        "east":  { "uv": [ 0, 0, 15, 1 ], "texture": "#texture" }
    }
},
{
    "from": [ 0, 15.5, -15 ],
    "to": [ 15, 16.5, 0 ],
    "faces": {
        "down":  { "uv": [ 0, 0, 15, 15 ], "texture": "#texture" },
        "up":    { "uv": [ 0, 0, 15, 15 ], "texture": "#texture" },
        "north": { "uv": [ 0, 0, 15, 1 ], "texture": "#texture" },
        "south": { "uv": [ 0, 0, 15, 1 ], "texture": "#texture" },
        "west":  { "uv": [ 0, 0, 15, 1 ], "texture": "#texture" },
        "east":  { "uv": [ 0, 0, 15, 1 ], "texture": "#texture" }
    }
},
{
    "from": [ 11, 0, 11 ],
    "to": [ 13, 15.5, 13 ],
    "faces": {
        "down":  { "uv": [ 11, 11, 13, 13 ], "texture": "#texture" },
        "up":    { "uv": [ 11, 11, 13, 13 ], "texture": "#texture" },
        "north": { "uv": [ 11, 3, 13, 16 ], "texture": "#texture" },
        "south": { "uv": [ 11, 3, 13, 16 ], "texture": "#texture" },
        "west":  { "uv": [ 11, 3, 13, 16 ], "texture": "#texture" },
        "east":  { "uv": [ 11, 3, 13, 16 ], "texture": "#texture" }
    }
},
{
    "from": [ -13, 0, 11 ],
    "to": [ -11, 15.5, 13 ],
    "faces": {
        "down":  { "uv": [ -13, 11, -11, 13 ], "texture": "#texture" },
        "up":    { "uv": [ 0, 11, 2, 13 ], "texture": "#texture" },
        "north": { "uv": [ 0, 3, 2, 16 ], "texture": "#texture" },
        "south": { "uv": [ 0, 3, 2, 16 ], "texture": "#texture" },
        "west":  { "uv": [ 11, 3, 13, 16 ], "texture": "#texture" },
        "east":  { "uv": [ 11, 3, 13, 16 ], "texture": "#texture" }
    }
},
{
    "from": [ -13, 0, -13 ],
    "to": [ -11, 15.5, -11 ],
    "faces": {
        "down":  { "uv": [ -13, -13, -11, -11 ], "texture": "#texture" },
        "up":    { "uv": [ 0, 0, 2, 2 ], "texture": "#texture" },
        "north": { "uv": [ 0, 3, 2, 16 ], "texture": "#texture" },
        "south": { "uv": [ 0, 3, 2, 16 ], "texture": "#texture" },
        "west":  { "uv": [ 0, 3, 2, 16 ], "texture": "#texture" },
        "east":  { "uv": [ 0, 3, 2, 16 ], "texture": "#texture" }
    }
},
{
    "from": [ 11, 0, -13 ],
    "to": [ 13, 15.5, -11 ],
    "faces": {
        "down":  { "uv": [ 11, -13, 13, -11 ], "texture": "#texture" },
        "up":    { "uv": [ 11, 0, 13, 2 ], "texture": "#texture" },
        "north": { "uv": [ 11, 3, 13, 16 ], "texture": "#texture" },
        "south": { "uv": [ 11, 3, 13, 16 ], "texture": "#texture" },
        "west":  { "uv": [ 0, 3, 2, 16 ], "texture": "#texture" },
        "east":  { "uv": [ 0, 3, 2, 16 ], "texture": "#texture" }
    }
},
{
    "from": [ -11, 13, 11 ],
    "to": [ 0, 15.5, 13 ],
    "faces": {
        "down":  { "uv": [ 0, 11, 11, 13 ], "texture": "#texture" },
        "up":    { "uv": [ 0, 11, 11, 13 ], "texture": "#texture" },
        "north": { "uv": [ 0, 0, 11, 2.5 ], "texture": "#texture" },
        "south": { "uv": [ 0, 0, 11, 2.5 ], "texture": "#texture" },
        "west":  { "uv": [ 11, 0, 13, 2.5 ], "texture": "#texture" },
        "east":  { "uv": [ 11, 0, 13, 2.5 ], "texture": "#texture" }
    }
},
{
    "from": [ -11, 13, -13 ],
    "to": [ 0, 15.5, -11 ],
    "faces": {
        "down":  { "uv": [ 0, 0, 11, 2 ], "texture": "#texture" },
        "up":    { "uv": [ 0, 0, 11, 2 ], "texture": "#texture" },
        "north": { "uv": [ 0, 0, 11, 2.5 ], "texture": "#texture" },
        "south": { "uv": [ 0, 0, 11, 2.5 ], "texture": "#texture" },
        "west":  { "uv": [ 0, 0, 2, 2.5 ], "texture": "#texture" },
        "east":  { "uv": [ 0, 0, 2, 2.5 ], "texture": "#texture" }
    }
},
{
    "from": [ 0, 13, 11 ],
    "to": [ 11, 15.5, 13 ],
    "faces": {
        "down":  { "uv": [ 0, 11, 11, 13 ], "texture": "#texture" },
        "up":    { "uv": [ 0, 11, 11, 13 ], "texture": "#texture" },
        "north": { "uv": [ 0, 0, 11, 2.5 ], "texture": "#texture" },
        "south": { "uv": [ 0, 0, 11, 2.5 ], "texture": "#texture" },
        "west":  { "uv": [ 11, 0, 13, 2.5 ], "texture": "#texture" },
        "east":  { "uv": [ 11, 0, 13, 2.5 ], "texture": "#texture" }
    }
},
{
    "from": [ 0, 13, -13 ],
    "to": [ 11, 15.5, -11 ],
    "faces": {
        "down":  { "uv": [ 0, 0, 11, 2 ], "texture": "#texture" },
        "up":    { "uv": [ 0, 0, 11, 2 ], "texture": "#texture" },
        "north": { "uv": [ 0, 0, 11, 2.5 ], "texture": "#texture" },
        "south": { "uv": [ 0, 0, 11, 2.5 ], "texture": "#texture" },
        "west":  { "uv": [ 0, 0, 2, 2.5 ], "texture": "#texture" },
        "east":  { "uv": [ 0, 0, 2, 2.5 ], "texture": "#texture" }
    }
},
{
    "from": [ -7.5, 15.5, 15 ],
    "to": [ 7.5, 16.5, 16 ],
    "faces": {
        "down":  { "uv": [ 0, 15, 16, 16 ], "texture": "#texture" },
        "up":    { "uv": [ 0, 15, 16, 16 ], "texture": "#texture" },
        "north": { "uv": [ 0, 0, 16, 1 ], "texture": "#texture" },
        "south": { "uv": [ 0, 0, 16, 1 ], "texture": "#texture" },
        "west":  { "uv": [ 15, 0, 16, 1 ], "texture": "#texture" },
        "east":  { "uv": [ 15, 0, 16, 1 ], "texture": "#texture" }
    }
},
{
    "from": [ -8, 15.5, -16 ],
    "to": [ 8, 16.5, -15 ],
    "faces": {
        "down":  { "uv": [ 0, 0, 16, 1 ], "texture": "#texture" },
        "up":    { "uv": [ 0, 0, 16, 1 ], "texture": "#texture" },
        "north": { "uv": [ 0, 0, 16, 1 ], "texture": "#texture" },
        "south": { "uv": [ 0, 0, 16, 1 ], "texture": "#texture" },
        "west":  { "uv": [ 0, 0, 1, 1 ], "texture": "#texture" },
        "east":  { "uv": [ 0, 0, 1, 1 ], "texture": "#texture" }
    }
},
{
    "from": [ 15, 15.5, -7.5 ],
    "to": [ 16, 16.5, 0 ],
    "faces": {
        "down":  { "uv": [ 15, 0, 16, 7.5 ], "texture": "#texture" },
        "up":    { "uv": [ 15, 0, 16, 7.5 ], "texture": "#texture" },
        "north": { "uv": [ 15, 0, 16, 1 ], "texture": "#texture" },
        "south": { "uv": [ 15, 0, 16, 1 ], "texture": "#texture" },
        "west":  { "uv": [ 0, 0, 7.5, 1 ], "texture": "#texture" },
        "east":  { "uv": [ 0, 0, 7.5, 1 ], "texture": "#texture" }
    }
},
{
    "from": [ -12.5, 15.5, 15 ],
    "to": [ -7.5, 16.5, 15.5 ],
    "faces": {
        "down":  { "uv": [ 0, 15, 5, 15.5 ], "texture": "#texture" },
        "up":    { "uv": [ 0, 15, 5, 15.5 ], "texture": "#texture" },
        "north": { "uv": [ 0, 0, 5, 1 ], "texture": "#texture" },
        "south": { "uv": [ 0, 0, 5, 1 ], "texture": "#texture" },
        "west":  { "uv": [ 15, 0, 15.5, 1 ], "texture": "#texture" },
        "east":  { "uv": [ 15, 0, 15.5, 1 ], "texture": "#texture" }
    }
},
{
    "from": [ 7.5, 15.5, 15 ],
    "to": [ 12.5, 16.5, 15.5 ],
    "faces": {
        "down":  { "uv": [ 8.5, 15, 13.5, 15.5 ], "texture": "#texture" },
        "up":    { "uv": [ 8.5, 15, 13.5, 15.5 ], "texture": "#texture" },
        "north": { "uv": [ 8.5, 0, 13.5, 1 ], "texture": "#texture" },
        "south": { "uv": [ 8.5, 0, 13.5, 1 ], "texture": "#texture" },
        "west":  { "uv": [ 15, 0, 15.5, 1 ], "texture": "#texture" },
        "east":  { "uv": [ 15, 0, 15.5, 1 ], "texture": "#texture" }
    }
},
{
    "from": [ 8, 15.5, -15.5 ],
    "to": [ 12.5, 16.5, -15 ],
    "faces": {
        "down":  { "uv": [ 8.5, 15, 13.5, 15.5 ], "texture": "#texture" },
        "up":    { "uv": [ 8.5, 15, 13.5, 15.5 ], "texture": "#texture" },
        "north": { "uv": [ 8.5, 0, 13.5, 1 ], "texture": "#texture" },
        "south": { "uv": [ 8.5, 0, 13.5, 1 ], "texture": "#texture" },
        "west":  { "uv": [ 15, 0, 15.5, 1 ], "texture": "#texture" },
        "east":  { "uv": [ 15, 0, 15.5, 1 ], "texture": "#texture" }
    }
},
{
    "from": [ -12.5, 15.5, -15.5 ],
    "to": [ -8, 16.5, -15 ],
    "faces": {
        "down":  { "uv": [ 8.5, 15, 13.5, 15.5 ], "texture": "#texture" },
        "up":    { "uv": [ 8.5, 15, 13.5, 15.5 ], "texture": "#texture" },
        "north": { "uv": [ 8.5, 0, 13.5, 1 ], "texture": "#texture" },
        "south": { "uv": [ 8.5, 0, 13.5, 1 ], "texture": "#texture" },
        "west":  { "uv": [ 15, 0, 15.5, 1 ], "texture": "#texture" },
        "east":  { "uv": [ 15, 0, 15.5, 1 ], "texture": "#texture" }
    }
},
{
    "from": [ 15, 15.5, -12.5 ],
    "to": [ 15.5, 16.5, -7.5 ],
    "faces": {
        "down":  { "uv": [ 15, 0, 15.5, 5.5 ], "texture": "#texture" },
        "up":    { "uv": [ 15, 0, 15.5, 5.5 ], "texture": "#texture" },
        "north": { "uv": [ 15, 0, 15.5, 1 ], "texture": "#texture" },
        "south": { "uv": [ 15, 0, 15.5, 1 ], "texture": "#texture" },
        "west":  { "uv": [ 0, 0, 5.5, 1 ], "texture": "#texture" },
        "east":  { "uv": [ 0, 0, 5.5, 1 ], "texture": "#texture" }
    }
},
{
    "from": [ 15, 15.5, 7.5 ],
    "to": [ 15.5, 16.5, 12.5 ],
    "faces": {
        "down":  { "uv": [ 15, 7.5, 15.5, 13 ], "texture": "#texture" },
        "up":    { "uv": [ 15, 7.5, 15.5, 13 ], "texture": "#texture" },
        "north": { "uv": [ 15, 0, 15.5, 1 ], "texture": "#texture" },
        "south": { "uv": [ 15, 0, 15.5, 1 ], "texture": "#texture" },
        "west":  { "uv": [ 7.5, 0, 13, 1 ], "texture": "#texture" },
        "east":  { "uv": [ 7.5, 0, 13, 1 ], "texture": "#texture" }
    }
},
{
    "from": [ -15.5, 15.5, 7.5 ],
    "to": [ -15, 16.5, 12.5 ],
    "faces": {
        "down":  { "uv": [ 0, 7.5, 0.5, 13 ], "texture": "#texture" },
        "up":    { "uv": [ 0, 7.5, 0.5, 13 ], "texture": "#texture" },
        "north": { "uv": [ 0, 0, 0.5, 1 ], "texture": "#texture" },
        "south": { "uv": [ 0, 0, 0.5, 1 ], "texture": "#texture" },
        "west":  { "uv": [ 7.5, 0, 13, 1 ], "texture": "#texture" },
        "east":  { "uv": [ 7.5, 0, 13, 1 ], "texture": "#texture" }
    }
},
{
    "from": [ -15.5, 15.5, -12.5 ],
    "to": [ -15, 16.5, -7.5 ],
    "faces": {
        "down":  { "uv": [ -15.5, -12, -15, -6.5 ], "texture": "#texture" },
        "up":    { "uv": [ 0, 0, 0.5, 5.5 ], "texture": "#texture" },
        "north": { "uv": [ 0, 0, 0.5, 1 ], "texture": "#texture" },
        "south": { "uv": [ 0, 0, 0.5, 1 ], "texture": "#texture" },
        "west":  { "uv": [ 0, 0, 5.5, 1 ], "texture": "#texture" },
        "east":  { "uv": [ 0, 0, 5.5, 1 ], "texture": "#texture" }
    }
},
{
    "from": [ 15, 15.5, 0 ],
    "to": [ 16, 16.5, 7.5 ],
    "faces": {
        "down":  { "uv": [ 15, 0, 16, 7.5 ], "texture": "#texture" },
        "up":    { "uv": [ 15, 0, 16, 7.5 ], "texture": "#texture" },
        "north": { "uv": [ 15, 0, 16, 1 ], "texture": "#texture" },
        "south": { "uv": [ 15, 0, 16, 1 ], "texture": "#texture" },
        "west":  { "uv": [ 0, 0, 7.5, 1 ], "texture": "#texture" },
        "east":  { "uv": [ 0, 0, 7.5, 1 ], "texture": "#texture" }
    }
},
{
    "from": [ -16, 15.5, -7.5 ],
    "to": [ -15, 16.5, 0 ],
    "faces": {
        "down":  { "uv": [ 15, 0, 16, 7.5 ], "texture": "#texture" },
        "up":    { "uv": [ 15, 0, 16, 7.5 ], "texture": "#texture" },
        "north": { "uv": [ 15, 0, 16, 1 ], "texture": "#texture" },
        "south": { "uv": [ 15, 0, 16, 1 ], "texture": "#texture" },
        "west":  { "uv": [ 0, 0, 7.5, 1 ], "texture": "#texture" },
        "east":  { "uv": [ 0, 0, 7.5, 1 ], "texture": "#texture" }
    }
},
{
    "from": [ -16, 15.5, 0 ],
    "to": [ -15, 16.5, 7.5 ],
    "faces": {
        "down":  { "uv": [ 15, 0, 16, 7.5 ], "texture": "#texture" },
        "up":    { "uv": [ 15, 0, 16, 7.5 ], "texture": "#texture" },
        "north": { "uv": [ 15, 0, 16, 1 ], "texture": "#texture" },
        "south": { "uv": [ 15, 0, 16, 1 ], "texture": "#texture" },
        "west":  { "uv": [ 0, 0, 7.5, 1 ], "texture": "#texture" },
        "east":  { "uv": [ 0, 0, 7.5, 1 ], "texture": "#texture" }
    }
}
],
"display": {
    "thirdperson_righthand": {
        "rotation": [ 0, -43, 0 ],
        "translation": [ 0, 0, 0 ],
        "scale": [ 0.5, 0.5, 0.5 ]
    },
    "thirdperson_lefthand": {
        "rotation": [ 0, -38, 0 ],
        "translation": [ 0, 0, 0 ],
        "scale": [ 0.5, 0.5, 0.5 ]
    },
    "head": {
        "rotation": [ 0, 0, 0 ],
        "translation": [ 0, -31, 0 ],
        "scale": [ 1.5, 1.5, 1.5 ]
    },
    "ground": {
        "rotation": [ 0, 0, 0 ],
        "translation": [ 0, 2, 0 ],
        "scale": [ 0.5, 0.5, 0.5 ]
    },
    "fixed": {
        "rotation": [ 0, 180, 0 ],
        "translation": [ -3.02, 0, -3.4 ],
        "scale": [ 0.5, 0.5, 0.5 ]
    },
    "firstperson_righthand": {
        "rotation": [ 0, -64, 0 ],
        "translation": [ 0, 0, 0 ],
        "scale": [ 0.5, 0.5, 0.5 ]
    },
    "firstperson_lefthand": {
        "rotation": [ 0, -60, 0 ],
        "translation": [ 0, 0, 0 ],
        "scale": [ 0.5, 0.5, 0.5 ]
    },
    "gui": {
        "rotation": [ 35, 35, 0 ],
        "translation": [ 4.54, 0, 0 ],
        "scale": [ 0.4, 0.4, 0.4 ]
    }
}
}