{
"__comment": "Designed by Zorigami",
"textures": {
    "texture": "blocks/hats/crown_king",
    "crown_king_top": "blocks/hats/crown_king_top",
    "crown_king_bottom": "blocks/hats/crown_king_bottom"
},
"elements": [ 
{
    "from": [ 8, 5, 15 ],
    "to": [ 9, 12, 16 ],
    "faces": {
        "down":  { "uv": [ 7.999, 15.999, 7.001, 15.001 ], "texture": "#crown_king_bottom" },
        "up":    { "uv": [ 8.001, 15.001, 8.999, 15.999 ], "texture": "#crown_king_top" },
        "north": { "uv": [ 7.001, 4.001, 7.999, 10.999 ], "texture": "#texture" },
        "south": { "uv": [ 8.001, 4.001, 8.999, 10.999 ], "texture": "#texture" },
        "west":  { "uv": [ 15.001, 4.001, 15.999, 10.999 ], "texture": "#crown_king_top" },
        "east":  { "uv": [ 0.001, 4.001, 0.999, 10.999 ], "texture": "#texture" }
    }
},
{
    "from": [ 7, 5, 15 ],
    "to": [ 10, 10, 16 ],
    "faces": {
        "down":  { "uv": [ 8.999, 15.999, 6.001, 15.001 ], "texture": "#crown_king_bottom" },
        "up":    { "uv": [ 7.001, 15.001, 9.999, 15.999 ], "texture": "#crown_king_top" },
        "north": { "uv": [ 6.001, 6.001, 8.999, 10.999 ], "texture": "#texture" },
        "south": { "uv": [ 7.001, 6.001, 9.999, 10.999 ], "texture": "#texture" },
        "west":  { "uv": [ 15.001, 6.001, 15.999, 10.999 ], "texture": "#crown_king_top" },
        "east":  { "uv": [ 0.001, 6.001, 0.999, 10.999 ], "texture": "#texture" }
    }
},
{
    "from": [ 4, 4, 14 ],
    "to": [ 12, 7, 16 ],
    "faces": {
        "down":  { "uv": [ 11.999, 15.999, 4.001, 14.001 ], "texture": "#crown_king_bottom" },
        "up":    { "uv": [ 4.001, 14.001, 11.999, 15.999 ], "texture": "#crown_king_top" },
        "north": { "uv": [ 4.001, 13.001, 11.999, 15.999 ], "texture": "#texture" },
        "south": { "uv": [ 4.001, 9.001, 11.999, 11.999 ], "texture": "#texture" },
        "west":  { "uv": [ 14.001, 9.001, 15.999, 11.999 ], "texture": "#crown_king_top" },
        "east":  { "uv": [ 0.001, 9.001, 1.999, 11.999 ], "texture": "#texture" }
    }
},
{
    "from": [ 6, 7, 15 ],
    "to": [ 11, 8, 16 ],
    "faces": {
        "down":  { "uv": [ 9.999, 15.999, 5.001, 15.001 ], "texture": "#crown_king_bottom" },
        "up":    { "uv": [ 6.001, 15.001, 10.999, 15.999 ], "texture": "#crown_king_top" },
        "north": { "uv": [ 5.001, 8.001, 9.999, 8.999 ], "texture": "#texture" },
        "south": { "uv": [ 6.001, 8.001, 10.999, 8.999 ], "texture": "#texture" },
        "west":  { "uv": [ 15.001, 8.001, 15.999, 8.999 ], "texture": "#crown_king_top" },
        "east":  { "uv": [ 0.001, 8.001, 0.999, 8.999 ], "texture": "#texture" }
    }
},
{
    "from": [ 2, 4, 14 ],
    "to": [ 4, 10, 15 ],
    "faces": {
        "down":  { "uv": [ 13.999, 14.999, 12.001, 14.001 ], "texture": "#crown_king_bottom" },
        "up":    { "uv": [ 2.001, 14.001, 3.999, 14.999 ], "texture": "#crown_king_top" },
        "north": { "uv": [ 12.001, 6.001, 13.999, 11.999 ], "texture": "#texture" },
        "south": { "uv": [ 2.001, 6.001, 3.999, 11.999 ], "texture": "#texture" },
        "west":  { "uv": [ 14.001, 6.001, 14.999, 11.999 ], "texture": "#crown_king_top" },
        "east":  { "uv": [ 1.001, 6.001, 1.999, 11.999 ], "texture": "#texture" }
    }
},
{
    "from": [ 1, 4, 12 ],
    "to": [ 2, 8, 14 ],
    "faces": {
        "down":  { "uv": [ 14.999, 13.999, 14.001, 12.001 ], "texture": "#crown_king_bottom" },
        "up":    { "uv": [ 1.001, 12.001, 1.999, 13.999 ], "texture": "#crown_king_top" },
        "north": { "uv": [ 14.001, 8.001, 14.999, 11.999 ], "texture": "#texture" },
        "south": { "uv": [ 1.001, 8.001, 1.999, 11.999 ], "texture": "#texture" },
        "west":  { "uv": [ 12.001, 8.001, 13.999, 11.999 ], "texture": "#crown_king_top" },
        "east":  { "uv": [ 2.001, 8.001, 3.999, 11.999 ], "texture": "#texture" }
    }
},
{
    "from": [ 0, 4, 4 ],
    "to": [ 2, 7, 12 ],
    "faces": {
        "down":  { "uv": [ 15.999, 11.999, 14.001, 4.001 ], "texture": "#crown_king_bottom" },
        "up":    { "uv": [ 0.001, 4.001, 1.999, 11.999 ], "texture": "#crown_king_top" },
        "north": { "uv": [ 14.001, 9.001, 15.999, 11.999 ], "texture": "#texture" },
        "south": { "uv": [ 0.001, 9.001, 1.999, 11.999 ], "texture": "#texture" },
        "west":  { "uv": [ 4.001, 9.001, 11.999, 11.999 ], "texture": "#crown_king_top" },
        "east":  { "uv": [ 4.001, 13.001, 11.999, 15.999 ], "texture": "#texture" }
    }
},
{
    "from": [ 14, 4, 4 ],
    "to": [ 16, 7, 12 ],
    "faces": {
        "down":  { "uv": [ 1.999, 11.999, 0.001, 4.001 ], "texture": "#crown_king_bottom" },
        "up":    { "uv": [ 14.001, 4.001, 15.999, 11.999 ], "texture": "#crown_king_top" },
        "north": { "uv": [ 0.001, 9.001, 1.999, 11.999 ], "texture": "#texture" },
        "south": { "uv": [ 14.001, 9.001, 15.999, 11.999 ], "texture": "#texture" },
        "west":  { "uv": [ 4.001, 13.001, 11.999, 15.999 ], "texture": "#crown_king_top" },
        "east":  { "uv": [ 4.001, 9.001, 11.999, 11.999 ], "texture": "#texture" }
    }
},
{
    "from": [ 12, 4, 14 ],
    "to": [ 14, 8, 15 ],
    "faces": {
        "down":  { "uv": [ 3.999, 14.999, 2.001, 14.001 ], "texture": "#crown_king_bottom" },
        "up":    { "uv": [ 12.001, 14.001, 13.999, 14.999 ], "texture": "#crown_king_top" },
        "north": { "uv": [ 2.001, 8.001, 3.999, 11.999 ], "texture": "#texture" },
        "south": { "uv": [ 12.001, 8.001, 13.999, 11.999 ], "texture": "#texture" },
        "west":  { "uv": [ 14.001, 8.001, 14.999, 11.999 ], "texture": "#crown_king_top" },
        "east":  { "uv": [ 1.001, 8.001, 1.999, 11.999 ], "texture": "#texture" }
    }
},
{
    "from": [ 14, 4, 12 ],
    "to": [ 15, 10, 14 ],
    "faces": {
        "down":  { "uv": [ 1.999, 13.999, 1.001, 12.001 ], "texture": "#crown_king_bottom" },
        "up":    { "uv": [ 14.001, 12.001, 14.999, 13.999 ], "texture": "#crown_king_top" },
        "north": { "uv": [ 1.001, 6.001, 1.999, 11.999 ], "texture": "#texture" },
        "south": { "uv": [ 14.001, 6.001, 14.999, 11.999 ], "texture": "#texture" },
        "west":  { "uv": [ 12.001, 6.001, 13.999, 11.999 ], "texture": "#crown_king_top" },
        "east":  { "uv": [ 2.001, 6.001, 3.999, 11.999 ], "texture": "#texture" }
    }
},
{
    "from": [ 4, 4, 0 ],
    "to": [ 12, 7, 2 ],
    "faces": {
        "down":  { "uv": [ 11.999, 1.999, 4.001, 0.001 ], "texture": "#crown_king_bottom" },
        "up":    { "uv": [ 4.001, 0.001, 11.999, 1.999 ], "texture": "#crown_king_top" },
        "north": { "uv": [ 4.001, 9.001, 11.999, 11.999 ], "texture": "#texture" },
        "south": { "uv": [ 4.001, 13.001, 11.999, 15.999 ], "texture": "#texture" },
        "west":  { "uv": [ 0.001, 9.001, 1.999, 11.999 ], "texture": "#crown_king_top" },
        "east":  { "uv": [ 14.001, 9.001, 15.999, 11.999 ], "texture": "#texture" }
    }
},
{
    "from": [ 1, 4, 2 ],
    "to": [ 2, 10, 4 ],
    "faces": {
        "down":  { "uv": [ 14.999, 3.999, 14.001, 2.001 ], "texture": "#crown_king_bottom" },
        "up":    { "uv": [ 1.001, 2.001, 1.999, 3.999 ], "texture": "#crown_king_top" },
        "north": { "uv": [ 14.001, 6.001, 14.999, 11.999 ], "texture": "#texture" },
        "south": { "uv": [ 1.001, 6.001, 1.999, 11.999 ], "texture": "#texture" },
        "west":  { "uv": [ 2.001, 6.001, 3.999, 11.999 ], "texture": "#crown_king_top" },
        "east":  { "uv": [ 12.001, 6.001, 13.999, 11.999 ], "texture": "#texture" }
    }
},
{
    "from": [ 2, 4, 1 ],
    "to": [ 4, 8, 2 ],
    "faces": {
        "down":  { "uv": [ 13.999, 1.999, 12.001, 1.001 ], "texture": "#crown_king_bottom" },
        "up":    { "uv": [ 2.001, 1.001, 3.999, 1.999 ], "texture": "#crown_king_top" },
        "north": { "uv": [ 12.001, 8.001, 13.999, 11.999 ], "texture": "#texture" },
        "south": { "uv": [ 2.001, 8.001, 3.999, 11.999 ], "texture": "#texture" },
        "west":  { "uv": [ 1.001, 8.001, 1.999, 11.999 ], "texture": "#crown_king_top" },
        "east":  { "uv": [ 14.001, 8.001, 14.999, 11.999 ], "texture": "#texture" }
    }
},
{
    "from": [ 12, 4, 1 ],
    "to": [ 14, 10, 2 ],
    "faces": {
        "down":  { "uv": [ 3.999, 1.999, 2.001, 1.001 ], "texture": "#crown_king_bottom" },
        "up":    { "uv": [ 12.001, 1.001, 13.999, 1.999 ], "texture": "#crown_king_top" },
        "north": { "uv": [ 2.001, 6.001, 3.999, 11.999 ], "texture": "#texture" },
        "south": { "uv": [ 12.001, 6.001, 13.999, 11.999 ], "texture": "#texture" },
        "west":  { "uv": [ 1.001, 6.001, 1.999, 11.999 ], "texture": "#crown_king_top" },
        "east":  { "uv": [ 14.001, 6.001, 14.999, 11.999 ], "texture": "#texture" }
    }
},
{
    "from": [ 14, 4, 2 ],
    "to": [ 15, 8, 4 ],
    "faces": {
        "down":  { "uv": [ 1.999, 3.999, 1.001, 2.001 ], "texture": "#crown_king_bottom" },
        "up":    { "uv": [ 14.001, 2.001, 14.999, 3.999 ], "texture": "#crown_king_top" },
        "north": { "uv": [ 1.001, 8.001, 1.999, 11.999 ], "texture": "#texture" },
        "south": { "uv": [ 14.001, 8.001, 14.999, 11.999 ], "texture": "#texture" },
        "west":  { "uv": [ 2.001, 8.001, 3.999, 11.999 ], "texture": "#crown_king_top" },
        "east":  { "uv": [ 12.001, 8.001, 13.999, 11.999 ], "texture": "#texture" }
    }
},
{
    "from": [ 15, 7, 11 ],
    "to": [ 16, 8, 12 ],
    "faces": {
        "down":  { "uv": [ 0.999, 11.999, 0.001, 11.001 ], "texture": "#crown_king_bottom" },
        "up":    { "uv": [ 15.001, 11.001, 15.999, 11.999 ], "texture": "#crown_king_top" },
        "north": { "uv": [ 0.001, 8.001, 0.999, 8.999 ], "texture": "#texture" },
        "south": { "uv": [ 15.001, 8.001, 15.999, 8.999 ], "texture": "#texture" },
        "west":  { "uv": [ 11.001, 8.001, 11.999, 8.999 ], "texture": "#crown_king_top" },
        "east":  { "uv": [ 4.001, 8.001, 4.999, 8.999 ], "texture": "#texture" }
    }
},
{
    "from": [ 13, 8, 14 ],
    "to": [ 14, 10, 15 ],
    "faces": {
        "down":  { "uv": [ 2.999, 14.999, 2.001, 14.001 ], "texture": "#crown_king_bottom" },
        "up":    { "uv": [ 13.001, 14.001, 13.999, 14.999 ], "texture": "#crown_king_top" },
        "north": { "uv": [ 2.001, 6.001, 2.999, 7.999 ], "texture": "#texture" },
        "south": { "uv": [ 13.001, 6.001, 13.999, 7.999 ], "texture": "#texture" },
        "west":  { "uv": [ 14.001, 6.001, 14.999, 7.999 ], "texture": "#crown_king_top" },
        "east":  { "uv": [ 1.001, 6.001, 1.999, 7.999 ], "texture": "#texture" }
    }
},
{
    "from": [ 14, 10, 13 ],
    "to": [ 15, 12, 14 ],
    "faces": {
        "down":  { "uv": [ 1.999, 13.999, 1.001, 13.001 ], "texture": "#crown_king_bottom" },
        "up":    { "uv": [ 14.001, 13.001, 14.999, 13.999 ], "texture": "#crown_king_top" },
        "north": { "uv": [ 1.001, 4.001, 1.999, 5.999 ], "texture": "#texture" },
        "south": { "uv": [ 14.001, 4.001, 14.999, 5.999 ], "texture": "#texture" },
        "west":  { "uv": [ 13.001, 4.001, 13.999, 5.999 ], "texture": "#crown_king_top" },
        "east":  { "uv": [ 2.001, 4.001, 2.999, 5.999 ], "texture": "#texture" }
    }
},
{
    "from": [ 4, 7, 15 ],
    "to": [ 5, 8, 16 ],
    "faces": {
        "down":  { "uv": [ 11.999, 15.999, 11.001, 15.001 ], "texture": "#crown_king_bottom" },
        "up":    { "uv": [ 4.001, 15.001, 4.999, 15.999 ], "texture": "#crown_king_top" },
        "north": { "uv": [ 11.001, 8.001, 11.999, 8.999 ], "texture": "#texture" },
        "south": { "uv": [ 4.001, 8.001, 4.999, 8.999 ], "texture": "#texture" },
        "west":  { "uv": [ 15.001, 8.001, 15.999, 8.999 ], "texture": "#crown_king_top" },
        "east":  { "uv": [ 0.001, 8.001, 0.999, 8.999 ], "texture": "#texture" }
    }
},
{
    "from": [ 1, 8, 13 ],
    "to": [ 2, 10, 14 ],
    "faces": {
        "down":  { "uv": [ 14.999, 13.999, 14.001, 13.001 ], "texture": "#crown_king_bottom" },
        "up":    { "uv": [ 1.001, 13.001, 1.999, 13.999 ], "texture": "#crown_king_top" },
        "north": { "uv": [ 14.001, 6.001, 14.999, 7.999 ], "texture": "#texture" },
        "south": { "uv": [ 1.001, 6.001, 1.999, 7.999 ], "texture": "#texture" },
        "west":  { "uv": [ 13.001, 6.001, 13.999, 7.999 ], "texture": "#crown_king_top" },
        "east":  { "uv": [ 2.001, 6.001, 2.999, 7.999 ], "texture": "#texture" }
    }
},
{
    "from": [ 2, 10, 14 ],
    "to": [ 3, 12, 15 ],
    "faces": {
        "down":  { "uv": [ 13.999, 14.999, 13.001, 14.001 ], "texture": "#crown_king_bottom" },
        "up":    { "uv": [ 2.001, 14.001, 2.999, 14.999 ], "texture": "#crown_king_top" },
        "north": { "uv": [ 13.001, 4.001, 13.999, 5.999 ], "texture": "#texture" },
        "south": { "uv": [ 2.001, 4.001, 2.999, 5.999 ], "texture": "#texture" },
        "west":  { "uv": [ 14.001, 4.001, 14.999, 5.999 ], "texture": "#crown_king_top" },
        "east":  { "uv": [ 1.001, 4.001, 1.999, 5.999 ], "texture": "#texture" }
    }
},
{
    "from": [ 0, 5, 6 ],
    "to": [ 1, 8, 11 ],
    "faces": {
        "down":  { "uv": [ 15.999, 10.999, 15.001, 6.001 ], "texture": "#crown_king_bottom" },
        "up":    { "uv": [ 0.001, 6.001, 0.999, 10.999 ], "texture": "#crown_king_top" },
        "north": { "uv": [ 15.001, 8.001, 15.999, 10.999 ], "texture": "#texture" },
        "south": { "uv": [ 0.001, 8.001, 0.999, 10.999 ], "texture": "#texture" },
        "west":  { "uv": [ 6.001, 8.001, 10.999, 10.999 ], "texture": "#crown_king_top" },
        "east":  { "uv": [ 5.001, 8.001, 9.999, 10.999 ], "texture": "#texture" }
    }
},
{
    "from": [ 0, 8, 7 ],
    "to": [ 1, 10, 10 ],
    "faces": {
        "down":  { "uv": [ 15.999, 9.999, 15.001, 7.001 ], "texture": "#crown_king_bottom" },
        "up":    { "uv": [ 0.001, 7.001, 0.999, 9.999 ], "texture": "#crown_king_top" },
        "north": { "uv": [ 15.001, 6.001, 15.999, 7.999 ], "texture": "#texture" },
        "south": { "uv": [ 0.001, 6.001, 0.999, 7.999 ], "texture": "#texture" },
        "west":  { "uv": [ 7.001, 6.001, 9.999, 7.999 ], "texture": "#crown_king_top" },
        "east":  { "uv": [ 6.001, 6.001, 8.999, 7.999 ], "texture": "#texture" }
    }
},
{
    "from": [ 0, 10, 8 ],
    "to": [ 1, 12, 9 ],
    "faces": {
        "down":  { "uv": [ 15.999, 8.999, 15.001, 8.001 ], "texture": "#crown_king_bottom" },
        "up":    { "uv": [ 0.001, 8.001, 0.999, 8.999 ], "texture": "#crown_king_top" },
        "north": { "uv": [ 15.001, 4.001, 15.999, 5.999 ], "texture": "#texture" },
        "south": { "uv": [ 0.001, 4.001, 0.999, 5.999 ], "texture": "#texture" },
        "west":  { "uv": [ 8.001, 4.001, 8.999, 5.999 ], "texture": "#crown_king_top" },
        "east":  { "uv": [ 7.001, 4.001, 7.999, 5.999 ], "texture": "#texture" }
    }
},
{
    "from": [ 15, 5, 5 ],
    "to": [ 16, 8, 10 ],
    "faces": {
        "down":  { "uv": [ 0.999, 9.999, 0.001, 5.001 ], "texture": "#crown_king_bottom" },
        "up":    { "uv": [ 15.001, 5.001, 15.999, 9.999 ], "texture": "#crown_king_top" },
        "north": { "uv": [ 0.001, 8.001, 0.999, 10.999 ], "texture": "#texture" },
        "south": { "uv": [ 15.001, 8.001, 15.999, 10.999 ], "texture": "#texture" },
        "west":  { "uv": [ 5.001, 8.001, 9.999, 10.999 ], "texture": "#crown_king_top" },
        "east":  { "uv": [ 6.001, 8.001, 10.999, 10.999 ], "texture": "#texture" }
    }
},
{
    "from": [ 15, 8, 6 ],
    "to": [ 16, 10, 9 ],
    "faces": {
        "down":  { "uv": [ 0.999, 8.999, 0.001, 6.001 ], "texture": "#crown_king_bottom" },
        "up":    { "uv": [ 15.001, 6.001, 15.999, 8.999 ], "texture": "#crown_king_top" },
        "north": { "uv": [ 0.001, 6.001, 0.999, 7.999 ], "texture": "#texture" },
        "south": { "uv": [ 15.001, 6.001, 15.999, 7.999 ], "texture": "#texture" },
        "west":  { "uv": [ 6.001, 6.001, 8.999, 7.999 ], "texture": "#crown_king_top" },
        "east":  { "uv": [ 7.001, 6.001, 9.999, 7.999 ], "texture": "#texture" }
    }
},
{
    "from": [ 15, 10, 7 ],
    "to": [ 16, 12, 8 ],
    "faces": {
        "down":  { "uv": [ 0.999, 7.999, 0.001, 7.001 ], "texture": "#crown_king_bottom" },
        "up":    { "uv": [ 15.001, 7.001, 15.999, 7.999 ], "texture": "#crown_king_top" },
        "north": { "uv": [ 0.001, 4.001, 0.999, 5.999 ], "texture": "#texture" },
        "south": { "uv": [ 15.001, 4.001, 15.999, 5.999 ], "texture": "#texture" },
        "west":  { "uv": [ 7.001, 4.001, 7.999, 5.999 ], "texture": "#crown_king_top" },
        "east":  { "uv": [ 8.001, 4.001, 8.999, 5.999 ], "texture": "#texture" }
    }
},
{
    "from": [ 13, 4, 12 ],
    "to": [ 14, 7, 14 ],
    "faces": {
        "down":  { "uv": [ 2.999, 13.999, 2.001, 12.001 ], "texture": "#crown_king_bottom" },
        "up":    { "uv": [ 13.001, 12.001, 13.999, 13.999 ], "texture": "#crown_king_top" },
        "north": { "uv": [ 2.001, 13.001, 2.999, 15.999 ], "texture": "#texture" },
        "south": { "uv": [ 13.001, 9.001, 13.999, 11.999 ], "texture": "#texture" },
        "west":  { "uv": [ 12.001, 10.001, 13.999, 12.999 ], "texture": "#crown_king_top" },
        "east":  { "uv": [ 2.001, 9.001, 3.999, 11.999 ], "texture": "#texture" }
    }
},
{
    "from": [ 2, 4, 12 ],
    "to": [ 3, 7, 14 ],
    "faces": {
        "down":  { "uv": [ 13.999, 13.999, 13.001, 12.001 ], "texture": "#crown_king_bottom" },
        "up":    { "uv": [ 2.001, 12.001, 2.999, 13.999 ], "texture": "#crown_king_top" },
        "north": { "uv": [ 13.001, 9.001, 13.999, 11.999 ], "texture": "#texture" },
        "south": { "uv": [ 2.001, 9.001, 2.999, 11.999 ], "texture": "#texture" },
        "west":  { "uv": [ 12.001, 9.001, 13.999, 11.999 ], "texture": "#crown_king_top" },
        "east":  { "uv": [ 2.001, 9.001, 3.999, 11.999 ], "texture": "#texture" }
    }
},
{
    "from": [ 2, 4, 2 ],
    "to": [ 3, 7, 4 ],
    "faces": {
        "down":  { "uv": [ 13.999, 3.999, 13.001, 2.001 ], "texture": "#crown_king_bottom" },
        "up":    { "uv": [ 2.001, 2.001, 2.999, 3.999 ], "texture": "#crown_king_top" },
        "north": { "uv": [ 13.001, 9.001, 13.999, 11.999 ], "texture": "#texture" },
        "south": { "uv": [ 2.001, 13.001, 2.999, 15.999 ], "texture": "#texture" },
        "west":  { "uv": [ 2.001, 9.001, 3.999, 11.999 ], "texture": "#crown_king_top" },
        "east":  { "uv": [ 12.001, 9.001, 13.999, 11.999 ], "texture": "#texture" }
    }
},
{
    "from": [ 13, 4, 2 ],
    "to": [ 14, 7, 4 ],
    "faces": {
        "down":  { "uv": [ 2.999, 3.999, 2.001, 2.001 ], "texture": "#crown_king_bottom" },
        "up":    { "uv": [ 13.001, 2.001, 13.999, 3.999 ], "texture": "#crown_king_top" },
        "north": { "uv": [ 2.001, 9.001, 2.999, 11.999 ], "texture": "#texture" },
        "south": { "uv": [ 13.001, 9.001, 13.999, 11.999 ], "texture": "#texture" },
        "west":  { "uv": [ 2.001, 9.001, 3.999, 11.999 ], "texture": "#crown_king_top" },
        "east":  { "uv": [ 12.001, 9.001, 13.999, 11.999 ], "texture": "#texture" }
    }
},
{
    "from": [ 0, 5, 4 ],
    "to": [ 1, 8, 5 ],
    "faces": {
        "down":  { "uv": [ 15.999, 4.999, 15.001, 4.001 ], "texture": "#crown_king_bottom" },
        "up":    { "uv": [ 0.001, 4.001, 0.999, 4.999 ], "texture": "#crown_king_top" },
        "north": { "uv": [ 15.001, 8.001, 15.999, 10.999 ], "texture": "#texture" },
        "south": { "uv": [ 0.001, 8.001, 0.999, 10.999 ], "texture": "#texture" },
        "west":  { "uv": [ 4.001, 8.001, 4.999, 10.999 ], "texture": "#crown_king_top" },
        "east":  { "uv": [ 11.001, 8.001, 11.999, 10.999 ], "texture": "#texture" }
    }
},
{
    "from": [ 2, 8, 1 ],
    "to": [ 3, 10, 2 ],
    "faces": {
        "down":  { "uv": [ 13.999, 1.999, 13.001, 1.001 ], "texture": "#crown_king_bottom" },
        "up":    { "uv": [ 2.001, 1.001, 2.999, 1.999 ], "texture": "#crown_king_top" },
        "north": { "uv": [ 13.001, 6.001, 13.999, 7.999 ], "texture": "#texture" },
        "south": { "uv": [ 2.001, 6.001, 2.999, 7.999 ], "texture": "#texture" },
        "west":  { "uv": [ 1.001, 6.001, 1.999, 7.999 ], "texture": "#crown_king_top" },
        "east":  { "uv": [ 14.001, 6.001, 14.999, 7.999 ], "texture": "#texture" }
    }
},
{
    "from": [ 1, 10, 2 ],
    "to": [ 2, 12, 3 ],
    "faces": {
        "down":  { "uv": [ 14.999, 2.999, 14.001, 2.001 ], "texture": "#crown_king_bottom" },
        "up":    { "uv": [ 1.001, 2.001, 1.999, 2.999 ], "texture": "#crown_king_top" },
        "north": { "uv": [ 14.001, 4.001, 14.999, 5.999 ], "texture": "#texture" },
        "south": { "uv": [ 1.001, 4.001, 1.999, 5.999 ], "texture": "#texture" },
        "west":  { "uv": [ 2.001, 4.001, 2.999, 5.999 ], "texture": "#crown_king_top" },
        "east":  { "uv": [ 13.001, 4.001, 13.999, 5.999 ], "texture": "#texture" }
    }
},
{
    "from": [ 5, 5, 0 ],
    "to": [ 10, 8, 1 ],
    "faces": {
        "down":  { "uv": [ 10.999, 0.999, 6.001, 0.001 ], "texture": "#crown_king_bottom" },
        "up":    { "uv": [ 5.001, 0.001, 9.999, 0.999 ], "texture": "#crown_king_top" },
        "north": { "uv": [ 6.001, 8.001, 10.999, 10.999 ], "texture": "#texture" },
        "south": { "uv": [ 5.001, 8.001, 9.999, 10.999 ], "texture": "#texture" },
        "west":  { "uv": [ 0.001, 8.001, 0.999, 10.999 ], "texture": "#crown_king_top" },
        "east":  { "uv": [ 15.001, 8.001, 15.999, 10.999 ], "texture": "#texture" }
    }
},
{
    "from": [ 6, 5, 0 ],
    "to": [ 9, 10, 1 ],
    "faces": {
        "down":  { "uv": [ 9.999, 0.999, 7.001, 0.001 ], "texture": "#crown_king_bottom" },
        "up":    { "uv": [ 6.001, 0.001, 8.999, 0.999 ], "texture": "#crown_king_top" },
        "north": { "uv": [ 7.001, 6.001, 9.999, 10.999 ], "texture": "#texture" },
        "south": { "uv": [ 6.001, 6.001, 8.999, 10.999 ], "texture": "#texture" },
        "west":  { "uv": [ 0.001, 6.001, 0.999, 10.999 ], "texture": "#crown_king_top" },
        "east":  { "uv": [ 15.001, 6.001, 15.999, 10.999 ], "texture": "#texture" }
    }
},
{
    "from": [ 7, 5, 0 ],
    "to": [ 8, 12, 1 ],
    "faces": {
        "down":  { "uv": [ 8.999, 0.999, 8.001, 0.001 ], "texture": "#crown_king_bottom" },
        "up":    { "uv": [ 7.001, 0.001, 7.999, 0.999 ], "texture": "#crown_king_top" },
        "north": { "uv": [ 8.001, 4.001, 8.999, 10.999 ], "texture": "#texture" },
        "south": { "uv": [ 7.001, 4.001, 7.999, 10.999 ], "texture": "#texture" },
        "west":  { "uv": [ 0.001, 4.001, 0.999, 10.999 ], "texture": "#crown_king_top" },
        "east":  { "uv": [ 15.001, 4.001, 15.999, 10.999 ], "texture": "#texture" }
    }
},
{
    "from": [ 11, 5, 0 ],
    "to": [ 12, 8, 1 ],
    "faces": {
        "down":  { "uv": [ 4.999, 0.999, 4.001, 0.001 ], "texture": "#crown_king_bottom" },
        "up":    { "uv": [ 11.001, 0.001, 11.999, 0.999 ], "texture": "#crown_king_top" },
        "north": { "uv": [ 4.001, 8.001, 4.999, 10.999 ], "texture": "#texture" },
        "south": { "uv": [ 11.001, 8.001, 11.999, 10.999 ], "texture": "#texture" },
        "west":  { "uv": [ 0.001, 8.001, 0.999, 10.999 ], "texture": "#crown_king_top" },
        "east":  { "uv": [ 15.001, 8.001, 15.999, 10.999 ], "texture": "#texture" }
    }
},
{
    "from": [ 14, 5, 2 ],
    "to": [ 15, 10, 3 ],
    "faces": {
        "down":  { "uv": [ 1.999, 2.999, 1.001, 2.001 ], "texture": "#crown_king_bottom" },
        "up":    { "uv": [ 14.001, 2.001, 14.999, 2.999 ], "texture": "#crown_king_top" },
        "north": { "uv": [ 1.001, 6.001, 1.999, 10.999 ], "texture": "#texture" },
        "south": { "uv": [ 14.001, 6.001, 14.999, 10.999 ], "texture": "#texture" },
        "west":  { "uv": [ 2.001, 6.001, 2.999, 10.999 ], "texture": "#crown_king_top" },
        "east":  { "uv": [ 13.001, 6.001, 13.999, 10.999 ], "texture": "#texture" }
    }
},
{
    "from": [ 13, 10, 1 ],
    "to": [ 14, 12, 2 ],
    "faces": {
        "down":  { "uv": [ 2.999, 1.999, 2.001, 1.001 ], "texture": "#crown_king_bottom" },
        "up":    { "uv": [ 13.001, 1.001, 13.999, 1.999 ], "texture": "#crown_king_top" },
        "north": { "uv": [ 2.001, 4.001, 2.999, 5.999 ], "texture": "#texture" },
        "south": { "uv": [ 13.001, 4.001, 13.999, 5.999 ], "texture": "#texture" },
        "west":  { "uv": [ 1.001, 4.001, 1.999, 5.999 ], "texture": "#crown_king_top" },
        "east":  { "uv": [ 14.001, 4.001, 14.999, 5.999 ], "texture": "#texture" }
    }
},
{
    "from": [ 12, 4, 2 ],
    "to": [ 13, 7, 3 ],
    "faces": {
        "down":  { "uv": [ 3.999, 2.999, 3.001, 2.001 ], "texture": "#crown_king_bottom" },
        "up":    { "uv": [ 12.001, 2.001, 12.999, 2.999 ], "texture": "#crown_king_top" },
        "north": { "uv": [ 3.001, 9.001, 3.999, 11.999 ], "texture": "#texture" },
        "south": { "uv": [ 12.001, 9.001, 12.999, 11.999 ], "texture": "#texture" },
        "west":  { "uv": [ 2.001, 13.001, 2.999, 15.999 ], "texture": "#crown_king_top" },
        "east":  { "uv": [ 13.001, 9.001, 13.999, 11.999 ], "texture": "#texture" }
    }
},
{
    "from": [ 3, 4, 2 ],
    "to": [ 4, 7, 3 ],
    "faces": {
        "down":  { "uv": [ 12.999, 2.999, 12.001, 2.001 ], "texture": "#crown_king_bottom" },
        "up":    { "uv": [ 3.001, 2.001, 3.999, 2.999 ], "texture": "#crown_king_top" },
        "north": { "uv": [ 12.001, 9.001, 12.999, 11.999 ], "texture": "#texture" },
        "south": { "uv": [ 3.001, 9.001, 3.999, 11.999 ], "texture": "#texture" },
        "west":  { "uv": [ 2.001, 9.001, 2.999, 11.999 ], "texture": "#crown_king_top" },
        "east":  { "uv": [ 13.001, 9.001, 13.999, 11.999 ], "texture": "#texture" }
    }
},
{
    "from": [ 3, 4, 13 ],
    "to": [ 4, 7, 14 ],
    "faces": {
        "down":  { "uv": [ 12.999, 13.999, 12.001, 13.001 ], "texture": "#crown_king_bottom" },
        "up":    { "uv": [ 3.001, 13.001, 3.999, 13.999 ], "texture": "#crown_king_top" },
        "north": { "uv": [ 12.001, 9.001, 12.999, 11.999 ], "texture": "#texture" },
        "south": { "uv": [ 3.001, 9.001, 3.999, 11.999 ], "texture": "#texture" },
        "west":  { "uv": [ 13.001, 9.001, 13.999, 11.999 ], "texture": "#crown_king_top" },
        "east":  { "uv": [ 2.001, 13.001, 2.999, 15.999 ], "texture": "#texture" }
    }
},
{
    "from": [ 12, 4, 13 ],
    "to": [ 13, 7, 14 ],
    "faces": {
        "down":  { "uv": [ 3.999, 13.999, 3.001, 13.001 ], "texture": "#crown_king_bottom" },
        "up":    { "uv": [ 12.001, 13.001, 12.999, 13.999 ], "texture": "#crown_king_top" },
        "north": { "uv": [ 3.001, 9.001, 3.999, 11.999 ], "texture": "#texture" },
        "south": { "uv": [ 12.001, 9.001, 12.999, 11.999 ], "texture": "#texture" },
        "west":  { "uv": [ 13.001, 9.001, 13.999, 11.999 ], "texture": "#crown_king_top" },
        "east":  { "uv": [ 2.001, 9.001, 2.999, 11.999 ], "texture": "#texture" }
    }
},
{
    "from": [ 1, 7, 8 ],
    "to": [ 2, 9, 9 ],
    "faces": {
        "down":  { "uv": [ 14.999, 8.999, 14.001, 8.001 ], "texture": "#crown_king_bottom" },
        "up":    { "uv": [ 1.001, 8.001, 1.999, 8.999 ], "texture": "#crown_king_top" },
        "north": { "uv": [ 14.001, 7.001, 14.999, 8.999 ], "texture": "#texture" },
        "south": { "uv": [ 1.001, 7.001, 1.999, 8.999 ], "texture": "#texture" },
        "west":  { "uv": [ 8.001, 7.001, 8.999, 8.999 ], "texture": "#crown_king_top" },
        "east":  { "uv": [ 7.001, 7.001, 7.999, 8.999 ], "texture": "#texture" }
    }
},
{
    "from": [ 2, 7, 2 ],
    "to": [ 3, 9, 3 ],
    "faces": {
        "down":  { "uv": [ 13.999, 2.999, 13.001, 2.001 ], "texture": "#crown_king_bottom" },
        "up":    { "uv": [ 2.001, 2.001, 2.999, 2.999 ], "texture": "#crown_king_top" },
        "north": { "uv": [ 13.001, 7.001, 13.999, 8.999 ], "texture": "#texture" },
        "south": { "uv": [ 2.001, 7.001, 2.999, 8.999 ], "texture": "#texture" },
        "west":  { "uv": [ 2.001, 7.001, 2.999, 8.999 ], "texture": "#crown_king_top" },
        "east":  { "uv": [ 13.001, 7.001, 13.999, 8.999 ], "texture": "#texture" }
    }
},
{
    "from": [ 7, 7, 1 ],
    "to": [ 8, 9, 2 ],
    "faces": {
        "down":  { "uv": [ 8.999, 1.999, 8.001, 1.001 ], "texture": "#crown_king_bottom" },
        "up":    { "uv": [ 7.001, 1.001, 7.999, 1.999 ], "texture": "#crown_king_top" },
        "north": { "uv": [ 8.001, 7.001, 8.999, 8.999 ], "texture": "#texture" },
        "south": { "uv": [ 7.001, 7.001, 7.999, 8.999 ], "texture": "#texture" },
        "west":  { "uv": [ 1.001, 7.001, 1.999, 8.999 ], "texture": "#crown_king_top" },
        "east":  { "uv": [ 14.001, 7.001, 14.999, 8.999 ], "texture": "#texture" }
    }
},
{
    "from": [ 13, 7, 2 ],
    "to": [ 14, 9, 3 ],
    "faces": {
        "down":  { "uv": [ 2.999, 2.999, 2.001, 2.001 ], "texture": "#crown_king_bottom" },
        "up":    { "uv": [ 13.001, 2.001, 13.999, 2.999 ], "texture": "#crown_king_top" },
        "north": { "uv": [ 2.001, 7.001, 2.999, 8.999 ], "texture": "#texture" },
        "south": { "uv": [ 13.001, 7.001, 13.999, 8.999 ], "texture": "#texture" },
        "west":  { "uv": [ 2.001, 7.001, 2.999, 8.999 ], "texture": "#crown_king_top" },
        "east":  { "uv": [ 13.001, 7.001, 13.999, 8.999 ], "texture": "#texture" }
    }
},
{
    "from": [ 14, 7, 7 ],
    "to": [ 15, 9, 8 ],
    "faces": {
        "down":  { "uv": [ 1.999, 7.999, 1.001, 7.001 ], "texture": "#crown_king_bottom" },
        "up":    { "uv": [ 14.001, 7.001, 14.999, 7.999 ], "texture": "#crown_king_top" },
        "north": { "uv": [ 1.001, 7.001, 1.999, 8.999 ], "texture": "#texture" },
        "south": { "uv": [ 14.001, 7.001, 14.999, 8.999 ], "texture": "#texture" },
        "west":  { "uv": [ 7.001, 7.001, 7.999, 8.999 ], "texture": "#crown_king_top" },
        "east":  { "uv": [ 8.001, 7.001, 8.999, 8.999 ], "texture": "#texture" }
    }
},
{
    "from": [ 13, 7, 13 ],
    "to": [ 14, 9, 14 ],
    "faces": {
        "down":  { "uv": [ 2.999, 13.999, 2.001, 13.001 ], "texture": "#crown_king_bottom" },
        "up":    { "uv": [ 13.001, 13.001, 13.999, 13.999 ], "texture": "#crown_king_top" },
        "north": { "uv": [ 2.001, 7.001, 2.999, 8.999 ], "texture": "#texture" },
        "south": { "uv": [ 13.001, 7.001, 13.999, 8.999 ], "texture": "#texture" },
        "west":  { "uv": [ 13.001, 7.001, 13.999, 8.999 ], "texture": "#crown_king_top" },
        "east":  { "uv": [ 2.001, 7.001, 2.999, 8.999 ], "texture": "#texture" }
    }
},
{
    "from": [ 8, 7, 14 ],
    "to": [ 9, 9, 15 ],
    "faces": {
        "down":  { "uv": [ 7.999, 14.999, 7.001, 14.001 ], "texture": "#crown_king_bottom" },
        "up":    { "uv": [ 8.001, 14.001, 8.999, 14.999 ], "texture": "#crown_king_top" },
        "north": { "uv": [ 7.001, 7.001, 7.999, 8.999 ], "texture": "#texture" },
        "south": { "uv": [ 8.001, 7.001, 8.999, 8.999 ], "texture": "#texture" },
        "west":  { "uv": [ 14.001, 7.001, 14.999, 8.999 ], "texture": "#crown_king_top" },
        "east":  { "uv": [ 1.001, 7.001, 1.999, 8.999 ], "texture": "#texture" }
    }
},
{
    "from": [ 2, 7, 13 ],
    "to": [ 3, 9, 14 ],
    "faces": {
        "down":  { "uv": [ 13.999, 13.999, 13.001, 13.001 ], "texture": "#crown_king_bottom" },
        "up":    { "uv": [ 2.001, 13.001, 2.999, 13.999 ], "texture": "#crown_king_top" },
        "north": { "uv": [ 13.001, 7.001, 13.999, 8.999 ], "texture": "#texture" },
        "south": { "uv": [ 2.001, 7.001, 2.999, 8.999 ], "texture": "#texture" },
        "west":  { "uv": [ 13.001, 7.001, 13.999, 8.999 ], "texture": "#crown_king_top" },
        "east":  { "uv": [ 2.001, 7.001, 2.999, 8.999 ], "texture": "#texture" }
    }
}
],
"display": {
    "thirdperson_righthand": {
        "rotation": [ 0, 20, -90 ],
        "translation": [ 0, -2.65, -3.59 ],
        "scale": [ 0.5, 0.5, 0.5 ]
    },
    "thirdperson_lefthand": {
        "rotation": [ 0, 20, -90 ],
        "translation": [ 0, -2.65, -3.59 ],
        "scale": [ 0.5, 0.5, 0.5 ]
    },
    "head": {
        "rotation": [ 0, 0, 0 ],
        "translation": [ 0, 8.0, 0 ],
        "scale": [ 1.10, 1.10, 1.10 ]
    },
    "ground": {
        "rotation": [ 0, 0, 0 ],
        "translation": [ 0, 0.76, 0 ],
        "scale": [ 0.4, 0.4, 0.4 ]
    },
    "fixed": {
        "rotation": [ -90, 0, 0 ],
        "translation": [ 0, 0, -3.3 ],
        "scale": [ 0.85, 0.85, 0.85 ]
    },
    "firstperson_righthand": {
        "rotation": [ 0, -55, 0 ],
        "translation": [ 0, 3.78, 0 ],
        "scale": [ 0.4, 0.4, 0.4 ]
    },
    "firstperson_lefthand": {
        "rotation": [ 0, -55, 0 ],
        "translation": [ 0, 3.78, 0 ],
        "scale": [ 0.4, 0.4, 0.4 ]
    },
    "gui": {
        "rotation": [ 18, 135, 0 ],
        "translation": [ 0, 0, 0 ],
        "scale": [ 0.9, 0.9, 0.9 ]
    }
}
}