{
	"__comment": "Designed by Snapy117 with Cubik Studio - https://cubik.studio",
	"textures": {
		"particle": "blocks/hats/mouse_ears_white",
		"texture": "blocks/hats/mouse_ears_white"
	},
	"elements": [
		{
			"__comment": "Voxels",
			"from": [ -5.7833, 5.3333, 7.4667 ],
			"to": [ 0.6167006, 10.66663, 8.533366 ],
			"faces": {
				"down": { "uv": [ 11, 15, 14, 15.5 ], "texture": "#texture" },
				"up": { "uv": [ 11, 16, 14, 15.5 ], "texture": "#texture" },
				"north": { "uv": [ 3, 13.5, 0, 16 ], "texture": "#texture" },
				"south": { "uv": [ 3, 13.5, 6, 16 ], "texture": "#texture" },
				"west": { "uv": [ 2.5, 0.5, 3, 3 ], "texture": "#texture" },
				"east": { "uv": [ 3.5, 4, 3, 6.5 ], "texture": "#texture" }
			}
		},
		{
			"__comment": "Voxels",
			"from": [ -4.7167, 4.2667, 7.4667 ],
			"to": [ 0.6166334, 5.333366, 8.533366 ],
			"faces": {
				"down": { "uv": [ 11, 14.5, 13.5, 15 ], "texture": "#texture" },
				"up": { "uv": [ 11, 14.5, 13.5, 14 ], "texture": "#texture" },
				"north": { "uv": [ 8.5, 13, 6, 13.5 ], "texture": "#texture" },
				"south": { "uv": [ 11, 13.5, 13.5, 14 ], "texture": "#texture" },
				"west": { "uv": [ 7, 8, 7.5, 8.5 ], "texture": "#texture" },
				"east": { "uv": [ 4.5, 0, 4, 0.5 ], "texture": "#texture" }
			}
		},
		{
			"__comment": "Voxels",
			"from": [ -4.7167, 5.3333, 6.4 ],
			"to": [ -2.583367, 6.399966, 7.466666 ],
			"faces": {
				"down": { "uv": [ 15, 12.5, 16, 13 ], "texture": "#texture" },
				"up": { "uv": [ 15, 12, 16, 11.5 ], "texture": "#texture" },
				"north": { "uv": [ 9, 9.5, 8, 10 ], "texture": "#texture" },
				"south": { "uv": [ 9, 9.5, 10, 10 ], "texture": "#texture" },
				"west": { "uv": [ 15.5, 11, 16, 11.5 ], "texture": "#texture" },
				"east": { "uv": [ 5.5, 0, 5, 0.5 ], "texture": "#texture" }
			}
		},
		{
			"__comment": "Voxels",
			"from": [ -4.7167, 5.3333, 8.533299 ],
			"to": [ 0.6166334, 10.66663, 9.599966 ],
			"faces": {
				"down": { "uv": [ 8.5, 13, 11, 13.5 ], "texture": "#texture" },
				"up": { "uv": [ 11, 13.5, 13.5, 13 ], "texture": "#texture" },
				"north": { "uv": [ 8.5, 13.5, 6, 16 ], "texture": "#texture" },
				"south": { "uv": [ 8.5, 13.5, 11, 16 ], "texture": "#texture" },
				"west": { "uv": [ 3, 1.5, 3.5, 4 ], "texture": "#texture" },
				"east": { "uv": [ 4, 10.5, 3.5, 13 ], "texture": "#texture" }
			}
		},
		{
			"__comment": "Voxels",
			"from": [ -4.7167, 6.4, 6.4 ],
			"to": [ -3.650033, 10.66667, 7.466666 ],
			"faces": {
				"down": { "uv": [ 11.5, 9, 12, 9.5 ], "texture": "#texture" },
				"up": { "uv": [ 12, 9.5, 12.5, 9 ], "texture": "#texture" },
				"north": { "uv": [ 4.5, 0.5, 4, 2.5 ], "texture": "#texture" },
				"south": { "uv": [ 0, 0, 0.5, 2 ], "texture": "#texture" },
				"west": { "uv": [ 4.5, 10, 5, 12 ], "texture": "#texture" },
				"east": { "uv": [ 5, 8, 4.5, 10 ], "texture": "#texture" }
			}
		},
		{
			"__comment": "Voxels",
			"from": [ -4.7167, 10.6667, 7.4667 ],
			"to": [ 0.6166334, 11.73337, 8.533366 ],
			"faces": {
				"down": { "uv": [ 3.5, 13, 6, 13.5 ], "texture": "#texture" },
				"up": { "uv": [ 13.5, 13.5, 16, 13 ], "texture": "#texture" },
				"north": { "uv": [ 6.5, 12.5, 4, 13 ], "texture": "#texture" },
				"south": { "uv": [ 6.5, 12.5, 9, 13 ], "texture": "#texture" },
				"west": { "uv": [ 13, 9, 13.5, 9.5 ], "texture": "#texture" },
				"east": { "uv": [ 14, 9, 13.5, 9.5 ], "texture": "#texture" }
			}
		},
		{
			"__comment": "Voxels",
			"from": [ -3.65, 3.2, 7.4667 ],
			"to": [ 0.616667, 4.266666, 8.533366 ],
			"faces": {
				"down": { "uv": [ 10.5, 12, 12.5, 12.5 ], "texture": "#texture" },
				"up": { "uv": [ 12.5, 12.5, 14.5, 12 ], "texture": "#texture" },
				"north": { "uv": [ 16, 15.5, 14, 16 ], "texture": "#texture" },
				"south": { "uv": [ 14, 15, 16, 15.5 ], "texture": "#texture" },
				"west": { "uv": [ 14, 9, 14.5, 9.5 ], "texture": "#texture" },
				"east": { "uv": [ 15, 9, 14.5, 9.5 ], "texture": "#texture" }
			}
		},
		{
			"__comment": "Voxels",
			"from": [ -3.65, 4.2667, 6.4 ],
			"to": [ -1.516666, 5.333366, 7.466666 ],
			"faces": {
				"down": { "uv": [ 14, 9.5, 15, 10 ], "texture": "#texture" },
				"up": { "uv": [ 14, 14, 15, 13.5 ], "texture": "#texture" },
				"north": { "uv": [ 16, 9.5, 15, 10 ], "texture": "#texture" },
				"south": { "uv": [ 5.5, 9, 6.5, 9.5 ], "texture": "#texture" },
				"west": { "uv": [ 11, 8.5, 11.5, 9 ], "texture": "#texture" },
				"east": { "uv": [ 13.5, 8, 13, 8.5 ], "texture": "#texture" }
			}
		},
		{
			"__comment": "Voxels",
			"from": [ -3.65, 4.2667, 8.533299 ],
			"to": [ 0.616667, 5.333366, 9.599966 ],
			"faces": {
				"down": { "uv": [ 11, 12.5, 13, 13 ], "texture": "#texture" },
				"up": { "uv": [ 13, 13, 15, 12.5 ], "texture": "#texture" },
				"north": { "uv": [ 6.5, 12, 4.5, 12.5 ], "texture": "#texture" },
				"south": { "uv": [ 6.5, 12, 8.5, 12.5 ], "texture": "#texture" },
				"west": { "uv": [ 12.5, 8, 13, 8.5 ], "texture": "#texture" },
				"east": { "uv": [ 12.5, 8, 12, 8.5 ], "texture": "#texture" }
			}
		},
		{
			"__comment": "Voxels",
			"from": [ -3.65, 9.599999, 6.4 ],
			"to": [ -2.583333, 11.73333, 7.466666 ],
			"faces": {
				"down": { "uv": [ 10.5, 8, 11, 8.5 ], "texture": "#texture" },
				"up": { "uv": [ 10, 8.5, 10.5, 8 ], "texture": "#texture" },
				"north": { "uv": [ 7, 0, 6.5, 1 ], "texture": "#texture" },
				"south": { "uv": [ 6.5, 1, 7, 2 ], "texture": "#texture" },
				"west": { "uv": [ 6.5, 2, 7, 3 ], "texture": "#texture" },
				"east": { "uv": [ 7, 3, 6.5, 4 ], "texture": "#texture" }
			}
		},
		{
			"__comment": "Voxels",
			"from": [ -3.65, 10.6667, 8.533299 ],
			"to": [ 0.616667, 11.73337, 9.599966 ],
			"faces": {
				"down": { "uv": [ 5, 11.5, 7, 12 ], "texture": "#texture" },
				"up": { "uv": [ 7, 12, 9, 11.5 ], "texture": "#texture" },
				"north": { "uv": [ 11, 11.5, 9, 12 ], "texture": "#texture" },
				"south": { "uv": [ 11, 11.5, 13, 12 ], "texture": "#texture" },
				"west": { "uv": [ 7, 0.5, 7.5, 1 ], "texture": "#texture" },
				"east": { "uv": [ 14, 8, 13.5, 8.5 ], "texture": "#texture" }
			}
		},
		{
			"__comment": "Voxels",
			"from": [ -3.65, 11.7333, 7.4667 ],
			"to": [ 0.616667, 12.79997, 8.533366 ],
			"faces": {
				"down": { "uv": [ 13, 11.5, 15, 12 ], "texture": "#texture" },
				"up": { "uv": [ 5, 11.5, 7, 11 ], "texture": "#texture" },
				"north": { "uv": [ 9, 11, 7, 11.5 ], "texture": "#texture" },
				"south": { "uv": [ 9, 11, 11, 11.5 ], "texture": "#texture" },
				"west": { "uv": [ 7, 1, 7.5, 1.5 ], "texture": "#texture" },
				"east": { "uv": [ 15.5, 8.5, 15, 9 ], "texture": "#texture" }
			}
		},
		{
			"__comment": "Voxels",
			"from": [ -2.5833, 2.1333, 7.4667 ],
			"to": [ 0.6167004, 3.199966, 8.533366 ],
			"faces": {
				"down": { "uv": [ 6.5, 9.5, 8, 10 ], "texture": "#texture" },
				"up": { "uv": [ 14.5, 12.5, 16, 12 ], "texture": "#texture" },
				"north": { "uv": [ 12.5, 11, 11, 11.5 ], "texture": "#texture" },
				"south": { "uv": [ 12.5, 11, 14, 11.5 ], "texture": "#texture" },
				"west": { "uv": [ 14.5, 8.5, 15, 9 ], "texture": "#texture" },
				"east": { "uv": [ 14.5, 8.5, 14, 9 ], "texture": "#texture" }
			}
		},
		{
			"__comment": "Voxels",
			"from": [ -2.5833, 3.2, 6.4 ],
			"to": [ 0.6167004, 4.266666, 7.466666 ],
			"faces": {
				"down": { "uv": [ 14, 11, 15.5, 11.5 ], "texture": "#texture" },
				"up": { "uv": [ 5, 11, 6.5, 10.5 ], "texture": "#texture" },
				"north": { "uv": [ 8, 10.5, 6.5, 11 ], "texture": "#texture" },
				"south": { "uv": [ 5, 9.5, 6.5, 10 ], "texture": "#texture" },
				"west": { "uv": [ 12.5, 9, 13, 9.5 ], "texture": "#texture" },
				"east": { "uv": [ 14, 14.5, 13.5, 15 ], "texture": "#texture" }
			}
		},
		{
			"__comment": "Voxels",
			"from": [ -2.5833, 3.2, 8.533299 ],
			"to": [ 0.6167004, 4.266666, 9.599966 ],
			"faces": {
				"down": { "uv": [ 8, 10.5, 9.5, 11 ], "texture": "#texture" },
				"up": { "uv": [ 9.5, 11, 11, 10.5 ], "texture": "#texture" },
				"north": { "uv": [ 12.5, 10.5, 11, 11 ], "texture": "#texture" },
				"south": { "uv": [ 12.5, 10.5, 14, 11 ], "texture": "#texture" },
				"west": { "uv": [ 3.5, 0, 4, 0.5 ], "texture": "#texture" },
				"east": { "uv": [ 10, 8, 9.5, 8.5 ], "texture": "#texture" }
			}
		},
		{
			"__comment": "Voxels",
			"from": [ -2.5833, 10.6667, 6.4 ],
			"to": [ -1.516633, 12.80003, 7.466666 ],
			"faces": {
				"down": { "uv": [ 9, 8, 9.5, 8.5 ], "texture": "#texture" },
				"up": { "uv": [ 7.5, 8.5, 8, 8 ], "texture": "#texture" },
				"north": { "uv": [ 3.5, 0.5, 3, 1.5 ], "texture": "#texture" },
				"south": { "uv": [ 2, 0, 2.5, 1 ], "texture": "#texture" },
				"west": { "uv": [ 1.5, 0, 2, 1 ], "texture": "#texture" },
				"east": { "uv": [ 2, 1, 1.5, 2 ], "texture": "#texture" }
			}
		},
		{
			"__comment": "Voxels",
			"from": [ -2.5833, 11.7333, 8.533299 ],
			"to": [ 0.6167004, 12.79997, 9.599966 ],
			"faces": {
				"down": { "uv": [ 14, 10.5, 15.5, 11 ], "texture": "#texture" },
				"up": { "uv": [ 5, 10.5, 6.5, 10 ], "texture": "#texture" },
				"north": { "uv": [ 8, 10, 6.5, 10.5 ], "texture": "#texture" },
				"south": { "uv": [ 8, 10, 9.5, 10.5 ], "texture": "#texture" },
				"west": { "uv": [ 7, 0, 7.5, 0.5 ], "texture": "#texture" },
				"east": { "uv": [ 7.5, 6.5, 7, 7 ], "texture": "#texture" }
			}
		},
		{
			"__comment": "Voxels",
			"from": [ -2.5833, 12.8, 7.4667 ],
			"to": [ 0.6167004, 13.86667, 8.533366 ],
			"faces": {
				"down": { "uv": [ 9.5, 10, 11, 10.5 ], "texture": "#texture" },
				"up": { "uv": [ 11, 10.5, 12.5, 10 ], "texture": "#texture" },
				"north": { "uv": [ 14, 10, 12.5, 10.5 ], "texture": "#texture" },
				"south": { "uv": [ 14, 10, 15.5, 10.5 ], "texture": "#texture" },
				"west": { "uv": [ 7, 7, 7.5, 7.5 ], "texture": "#texture" },
				"east": { "uv": [ 7.5, 7.5, 7, 8 ], "texture": "#texture" }
			}
		},
		{
			"__comment": "Voxels",
			"from": [ -1.5167, 2.1333, 6.4 ],
			"to": [ 0.6166335, 3.199966, 7.466666 ],
			"faces": {
				"down": { "uv": [ 5.5, 8.5, 6.5, 9 ], "texture": "#texture" },
				"up": { "uv": [ 5.5, 8.5, 6.5, 8 ], "texture": "#texture" },
				"north": { "uv": [ 6.5, 7.5, 5.5, 8 ], "texture": "#texture" },
				"south": { "uv": [ 5.5, 7, 6.5, 7.5 ], "texture": "#texture" },
				"west": { "uv": [ 11.5, 8.5, 12, 9 ], "texture": "#texture" },
				"east": { "uv": [ 12.5, 8.5, 12, 9 ], "texture": "#texture" }
			}
		},
		{
			"__comment": "Voxels",
			"from": [ -1.5167, 11.7333, 6.4 ],
			"to": [ 0.6166335, 12.79997, 7.466666 ],
			"faces": {
				"down": { "uv": [ 5.5, 5.5, 6.5, 6 ], "texture": "#texture" },
				"up": { "uv": [ 5.5, 5.5, 6.5, 5 ], "texture": "#texture" },
				"north": { "uv": [ 6.5, 4.5, 5.5, 5 ], "texture": "#texture" },
				"south": { "uv": [ 5.5, 4, 6.5, 4.5 ], "texture": "#texture" },
				"west": { "uv": [ 12.5, 8.5, 13, 9 ], "texture": "#texture" },
				"east": { "uv": [ 16, 8.5, 15.5, 9 ], "texture": "#texture" }
			}
		},
		{
			"__comment": "Voxels",
			"from": [ 0.605, 2.1333, 6.4 ],
			"to": [ 1.671667, 4.266633, 8.533333 ],
			"faces": {
				"down": { "uv": [ 5, 8.5, 5.5, 9.5 ], "texture": "#texture" },
				"up": { "uv": [ 5, 6.5, 5.5, 5.5 ], "texture": "#texture" },
				"north": { "uv": [ 5.5, 4.5, 5, 5.5 ], "texture": "#texture" },
				"south": { "uv": [ 5, 3.5, 5.5, 4.5 ], "texture": "#texture" },
				"west": { "uv": [ 0.5, 1, 1.5, 2 ], "texture": "#texture" },
				"east": { "uv": [ 16, 14, 15, 15 ], "texture": "#texture" }
			}
		},
		{
			"__comment": "Voxels",
			"from": [ 0.605, 3.2, 8.533299 ],
			"to": [ 2.738333, 12.8, 9.599966 ],
			"faces": {
				"down": { "uv": [ 15, 13.5, 16, 14 ], "texture": "#texture" },
				"up": { "uv": [ 10, 10, 11, 9.5 ], "texture": "#texture" },
				"north": { "uv": [ 1, 2, 0, 6.5 ], "texture": "#texture" },
				"south": { "uv": [ 1, 2, 2, 6.5 ], "texture": "#texture" },
				"west": { "uv": [ 2, 9, 2.5, 13.5 ], "texture": "#texture" },
				"east": { "uv": [ 2.5, 4.5, 2, 9 ], "texture": "#texture" }
			}
		},
		{
			"__comment": "Voxels",
			"from": [ 0.605, 4.2667, 7.4667 ],
			"to": [ 4.871667, 11.73337, 8.533366 ],
			"faces": {
				"down": { "uv": [ 8.5, 12, 10.5, 12.5 ], "texture": "#texture" },
				"up": { "uv": [ 9, 13, 11, 12.5 ], "texture": "#texture" },
				"north": { "uv": [ 2, 6.5, 0, 10 ], "texture": "#texture" },
				"south": { "uv": [ 0, 10, 2, 13.5 ], "texture": "#texture" },
				"west": { "uv": [ 3, 6.5, 3.5, 10 ], "texture": "#texture" },
				"east": { "uv": [ 3.5, 10, 3, 13.5 ], "texture": "#texture" }
			}
		},
		{
			"__comment": "Voxels",
			"from": [ 0.605, 11.7333, 6.4 ],
			"to": [ 2.738333, 12.79997, 8.533333 ],
			"faces": {
				"down": { "uv": [ 0.5, 0, 1.5, 1 ], "texture": "#texture" },
				"up": { "uv": [ 14, 15, 15, 14 ], "texture": "#texture" },
				"north": { "uv": [ 6.5, 3.5, 5.5, 4 ], "texture": "#texture" },
				"south": { "uv": [ 5.5, 3, 6.5, 3.5 ], "texture": "#texture" },
				"west": { "uv": [ 5.5, 2.5, 6.5, 3 ], "texture": "#texture" },
				"east": { "uv": [ 12, 9.5, 11, 10 ], "texture": "#texture" }
			}
		},
		{
			"__comment": "Voxels",
			"from": [ 0.605, 12.8, 7.4667 ],
			"to": [ 2.738333, 13.86667, 8.533366 ],
			"faces": {
				"down": { "uv": [ 12, 9.5, 13, 10 ], "texture": "#texture" },
				"up": { "uv": [ 13, 10, 14, 9.5 ], "texture": "#texture" },
				"north": { "uv": [ 6.5, 6.5, 5.5, 7 ], "texture": "#texture" },
				"south": { "uv": [ 5.5, 6, 6.5, 6.5 ], "texture": "#texture" },
				"west": { "uv": [ 13.5, 14, 14, 14.5 ], "texture": "#texture" },
				"east": { "uv": [ 14, 13.5, 13.5, 14 ], "texture": "#texture" }
			}
		},
		{
			"__comment": "Voxels",
			"from": [ 1.6717, 2.1333, 7.4667 ],
			"to": [ 2.738367, 4.266633, 8.533366 ],
			"faces": {
				"down": { "uv": [ 2.5, 0, 3, 0.5 ], "texture": "#texture" },
				"up": { "uv": [ 3, 0.5, 3.5, 0 ], "texture": "#texture" },
				"north": { "uv": [ 5.5, 6.5, 5, 7.5 ], "texture": "#texture" },
				"south": { "uv": [ 5, 7.5, 5.5, 8.5 ], "texture": "#texture" },
				"west": { "uv": [ 5, 2.5, 5.5, 3.5 ], "texture": "#texture" },
				"east": { "uv": [ 5.5, 1.5, 5, 2.5 ], "texture": "#texture" }
			}
		},
		{
			"__comment": "Voxels",
			"from": [ 1.6717, 3.2, 6.4 ],
			"to": [ 2.738367, 5.333333, 7.466666 ],
			"faces": {
				"down": { "uv": [ 15.5, 10.5, 16, 11 ], "texture": "#texture" },
				"up": { "uv": [ 15.5, 10.5, 16, 10 ], "texture": "#texture" },
				"north": { "uv": [ 5.5, 0.5, 5, 1.5 ], "texture": "#texture" },
				"south": { "uv": [ 5.5, 1.5, 6, 2.5 ], "texture": "#texture" },
				"west": { "uv": [ 6, 1.5, 6.5, 2.5 ], "texture": "#texture" },
				"east": { "uv": [ 7, 4, 6.5, 5 ], "texture": "#texture" }
			}
		},
		{
			"__comment": "Voxels",
			"from": [ 1.6717, 10.6667, 6.4 ],
			"to": [ 3.805033, 11.73337, 7.466666 ],
			"faces": {
				"down": { "uv": [ 5.5, 1, 6.5, 1.5 ], "texture": "#texture" },
				"up": { "uv": [ 5.5, 1, 6.5, 0.5 ], "texture": "#texture" },
				"north": { "uv": [ 6.5, 0, 5.5, 0.5 ], "texture": "#texture" },
				"south": { "uv": [ 6.5, 9, 7.5, 9.5 ], "texture": "#texture" },
				"west": { "uv": [ 15, 9, 15.5, 9.5 ], "texture": "#texture" },
				"east": { "uv": [ 16, 9, 15.5, 9.5 ], "texture": "#texture" }
			}
		},
		{
			"__comment": "Voxels",
			"from": [ 2.7383, 3.2, 7.4667 ],
			"to": [ 3.804966, 4.266666, 8.533366 ],
			"faces": {
				"down": { "uv": [ 7, 8.5, 7.5, 9 ], "texture": "#texture" },
				"up": { "uv": [ 7.5, 9, 8, 8.5 ], "texture": "#texture" },
				"north": { "uv": [ 8.5, 8.5, 8, 9 ], "texture": "#texture" },
				"south": { "uv": [ 8.5, 8.5, 9, 9 ], "texture": "#texture" },
				"west": { "uv": [ 9, 8.5, 9.5, 9 ], "texture": "#texture" },
				"east": { "uv": [ 10, 8.5, 9.5, 9 ], "texture": "#texture" }
			}
		},
		{
			"__comment": "Voxels",
			"from": [ 2.7383, 4.2667, 6.4 ],
			"to": [ 3.804966, 6.400033, 7.466666 ],
			"faces": {
				"down": { "uv": [ 10, 8.5, 10.5, 9 ], "texture": "#texture" },
				"up": { "uv": [ 10.5, 9, 11, 8.5 ], "texture": "#texture" },
				"north": { "uv": [ 7, 8, 6.5, 9 ], "texture": "#texture" },
				"south": { "uv": [ 6.5, 7, 7, 8 ], "texture": "#texture" },
				"west": { "uv": [ 6.5, 6, 7, 7 ], "texture": "#texture" },
				"east": { "uv": [ 7, 5, 6.5, 6 ], "texture": "#texture" }
			}
		},
		{
			"__comment": "Voxels",
			"from": [ 2.7383, 4.2667, 8.533299 ],
			"to": [ 3.804966, 11.73337, 9.599966 ],
			"faces": {
				"down": { "uv": [ 13, 8.5, 13.5, 9 ], "texture": "#texture" },
				"up": { "uv": [ 13.5, 9, 14, 8.5 ], "texture": "#texture" },
				"north": { "uv": [ 3, 10, 2.5, 13.5 ], "texture": "#texture" },
				"south": { "uv": [ 2, 1, 2.5, 4.5 ], "texture": "#texture" },
				"west": { "uv": [ 2.5, 3, 3, 6.5 ], "texture": "#texture" },
				"east": { "uv": [ 3, 6.5, 2.5, 10 ], "texture": "#texture" }
			}
		},
		{
			"__comment": "Voxels",
			"from": [ 2.7383, 9.599999, 6.4 ],
			"to": [ 4.871634, 10.66667, 7.466666 ],
			"faces": {
				"down": { "uv": [ 8.5, 9, 9.5, 9.5 ], "texture": "#texture" },
				"up": { "uv": [ 9.5, 9.5, 10.5, 9 ], "texture": "#texture" },
				"north": { "uv": [ 8.5, 9, 7.5, 9.5 ], "texture": "#texture" },
				"south": { "uv": [ 10.5, 9, 11.5, 9.5 ], "texture": "#texture" },
				"west": { "uv": [ 7, 6, 7.5, 6.5 ], "texture": "#texture" },
				"east": { "uv": [ 7.5, 5.5, 7, 6 ], "texture": "#texture" }
			}
		},
		{
			"__comment": "Voxels",
			"from": [ 2.7383, 11.7333, 7.4667 ],
			"to": [ 3.804966, 12.79997, 8.533366 ],
			"faces": {
				"down": { "uv": [ 7, 5, 7.5, 5.5 ], "texture": "#texture" },
				"up": { "uv": [ 7, 5, 7.5, 4.5 ], "texture": "#texture" },
				"north": { "uv": [ 7.5, 4, 7, 4.5 ], "texture": "#texture" },
				"south": { "uv": [ 7, 3.5, 7.5, 4 ], "texture": "#texture" },
				"west": { "uv": [ 7, 3, 7.5, 3.5 ], "texture": "#texture" },
				"east": { "uv": [ 7.5, 2.5, 7, 3 ], "texture": "#texture" }
			}
		},
		{
			"__comment": "Voxels",
			"from": [ 3.805, 5.3333, 6.4 ],
			"to": [ 4.871666, 9.599966, 7.466666 ],
			"faces": {
				"down": { "uv": [ 7, 2, 7.5, 2.5 ], "texture": "#texture" },
				"up": { "uv": [ 7, 2, 7.5, 1.5 ], "texture": "#texture" },
				"north": { "uv": [ 5, 0, 4.5, 2 ], "texture": "#texture" },
				"south": { "uv": [ 4.5, 2, 5, 4 ], "texture": "#texture" },
				"west": { "uv": [ 4.5, 4, 5, 6 ], "texture": "#texture" },
				"east": { "uv": [ 5, 6, 4.5, 8 ], "texture": "#texture" }
			}
		},
		{
			"__comment": "Voxels",
			"from": [ 3.805, 5.3333, 8.533299 ],
			"to": [ 4.871666, 10.66663, 9.599966 ],
			"faces": {
				"down": { "uv": [ 8, 8, 8.5, 8.5 ], "texture": "#texture" },
				"up": { "uv": [ 8.5, 8.5, 9, 8 ], "texture": "#texture" },
				"north": { "uv": [ 4.5, 2.5, 4, 5 ], "texture": "#texture" },
				"south": { "uv": [ 4, 5, 4.5, 7.5 ], "texture": "#texture" },
				"west": { "uv": [ 4, 7.5, 4.5, 10 ], "texture": "#texture" },
				"east": { "uv": [ 4.5, 10, 4, 12.5 ], "texture": "#texture" }
			}
		},
		{
			"__comment": "Voxels",
			"from": [ 4.8717, 5.3333, 7.4667 ],
			"to": [ 5.938366, 10.66663, 8.533366 ],
			"faces": {
				"down": { "uv": [ 11, 8, 11.5, 8.5 ], "texture": "#texture" },
				"up": { "uv": [ 11.5, 8.5, 12, 8 ], "texture": "#texture" },
				"north": { "uv": [ 4, 0.5, 3.5, 3 ], "texture": "#texture" },
				"south": { "uv": [ 3.5, 3, 4, 5.5 ], "texture": "#texture" },
				"west": { "uv": [ 3.5, 5.5, 4, 8 ], "texture": "#texture" },
				"east": { "uv": [ 4, 8, 3.5, 10.5 ], "texture": "#texture" }
			}
		},
		{
			"__comment": "Voxels",
			"from": [ 10.125, 5.5, 7.5 ],
			"to": [ 16.525, 10.83333, 8.566667 ],
			"faces": {
				"down": { "uv": [ 11, 15, 14, 15.5 ], "texture": "#texture" },
				"up": { "uv": [ 11, 16, 14, 15.5 ], "texture": "#texture" },
				"north": { "uv": [ 3, 13.5, 0, 16 ], "texture": "#texture" },
				"south": { "uv": [ 3, 13.5, 6, 16 ], "texture": "#texture" },
				"west": { "uv": [ 2.5, 0.5, 3, 3 ], "texture": "#texture" },
				"east": { "uv": [ 3.5, 4, 3, 6.5 ], "texture": "#texture" }
			}
		},
		{
			"__comment": "Voxels",
			"from": [ 11.1917, 4.4333, 7.5 ],
			"to": [ 16.52503, 5.499967, 8.566667 ],
			"faces": {
				"down": { "uv": [ 11, 14.5, 13.5, 15 ], "texture": "#texture" },
				"up": { "uv": [ 11, 14.5, 13.5, 14 ], "texture": "#texture" },
				"north": { "uv": [ 8.5, 13, 6, 13.5 ], "texture": "#texture" },
				"south": { "uv": [ 11, 13.5, 13.5, 14 ], "texture": "#texture" },
				"west": { "uv": [ 7, 8, 7.5, 8.5 ], "texture": "#texture" },
				"east": { "uv": [ 4.5, 0, 4, 0.5 ], "texture": "#texture" }
			}
		},
		{
			"__comment": "Voxels",
			"from": [ 11.1917, 5.5, 6.4333 ],
			"to": [ 13.32503, 6.566667, 7.499967 ],
			"faces": {
				"down": { "uv": [ 15, 12.5, 16, 13 ], "texture": "#texture" },
				"up": { "uv": [ 15, 12, 16, 11.5 ], "texture": "#texture" },
				"north": { "uv": [ 9, 9.5, 8, 10 ], "texture": "#texture" },
				"south": { "uv": [ 9, 9.5, 10, 10 ], "texture": "#texture" },
				"west": { "uv": [ 15.5, 11, 16, 11.5 ], "texture": "#texture" },
				"east": { "uv": [ 5.5, 0, 5, 0.5 ], "texture": "#texture" }
			}
		},
		{
			"__comment": "Voxels",
			"from": [ 11.1917, 5.5, 8.5667 ],
			"to": [ 16.52503, 10.83333, 9.633367 ],
			"faces": {
				"down": { "uv": [ 8.5, 13, 11, 13.5 ], "texture": "#texture" },
				"up": { "uv": [ 11, 13.5, 13.5, 13 ], "texture": "#texture" },
				"north": { "uv": [ 8.5, 13.5, 6, 16 ], "texture": "#texture" },
				"south": { "uv": [ 8.5, 13.5, 11, 16 ], "texture": "#texture" },
				"west": { "uv": [ 3, 1.5, 3.5, 4 ], "texture": "#texture" },
				"east": { "uv": [ 4, 10.5, 3.5, 13 ], "texture": "#texture" }
			}
		},
		{
			"__comment": "Voxels",
			"from": [ 11.1917, 6.5667, 6.4333 ],
			"to": [ 12.25837, 10.83337, 7.499967 ],
			"faces": {
				"down": { "uv": [ 11.5, 9, 12, 9.5 ], "texture": "#texture" },
				"up": { "uv": [ 12, 9.5, 12.5, 9 ], "texture": "#texture" },
				"north": { "uv": [ 4.5, 0.5, 4, 2.5 ], "texture": "#texture" },
				"south": { "uv": [ 0, 0, 0.5, 2 ], "texture": "#texture" },
				"west": { "uv": [ 4.5, 10, 5, 12 ], "texture": "#texture" },
				"east": { "uv": [ 5, 8, 4.5, 10 ], "texture": "#texture" }
			}
		},
		{
			"__comment": "Voxels",
			"from": [ 11.1917, 10.8333, 7.5 ],
			"to": [ 16.52503, 11.89997, 8.566667 ],
			"faces": {
				"down": { "uv": [ 3.5, 13, 6, 13.5 ], "texture": "#texture" },
				"up": { "uv": [ 13.5, 13.5, 16, 13 ], "texture": "#texture" },
				"north": { "uv": [ 6.5, 12.5, 4, 13 ], "texture": "#texture" },
				"south": { "uv": [ 6.5, 12.5, 9, 13 ], "texture": "#texture" },
				"west": { "uv": [ 13, 9, 13.5, 9.5 ], "texture": "#texture" },
				"east": { "uv": [ 14, 9, 13.5, 9.5 ], "texture": "#texture" }
			}
		},
		{
			"__comment": "Voxels",
			"from": [ 12.2583, 3.3667, 7.5 ],
			"to": [ 16.52497, 4.433367, 8.566667 ],
			"faces": {
				"down": { "uv": [ 10.5, 12, 12.5, 12.5 ], "texture": "#texture" },
				"up": { "uv": [ 12.5, 12.5, 14.5, 12 ], "texture": "#texture" },
				"north": { "uv": [ 16, 15.5, 14, 16 ], "texture": "#texture" },
				"south": { "uv": [ 14, 15, 16, 15.5 ], "texture": "#texture" },
				"west": { "uv": [ 14, 9, 14.5, 9.5 ], "texture": "#texture" },
				"east": { "uv": [ 15, 9, 14.5, 9.5 ], "texture": "#texture" }
			}
		},
		{
			"__comment": "Voxels",
			"from": [ 12.2583, 4.4333, 6.4333 ],
			"to": [ 14.39163, 5.499967, 7.499967 ],
			"faces": {
				"down": { "uv": [ 14, 9.5, 15, 10 ], "texture": "#texture" },
				"up": { "uv": [ 14, 14, 15, 13.5 ], "texture": "#texture" },
				"north": { "uv": [ 16, 9.5, 15, 10 ], "texture": "#texture" },
				"south": { "uv": [ 5.5, 9, 6.5, 9.5 ], "texture": "#texture" },
				"west": { "uv": [ 11, 8.5, 11.5, 9 ], "texture": "#texture" },
				"east": { "uv": [ 13.5, 8, 13, 8.5 ], "texture": "#texture" }
			}
		},
		{
			"__comment": "Voxels",
			"from": [ 12.2583, 4.4333, 8.5667 ],
			"to": [ 16.52497, 5.499967, 9.633367 ],
			"faces": {
				"down": { "uv": [ 11, 12.5, 13, 13 ], "texture": "#texture" },
				"up": { "uv": [ 13, 13, 15, 12.5 ], "texture": "#texture" },
				"north": { "uv": [ 6.5, 12, 4.5, 12.5 ], "texture": "#texture" },
				"south": { "uv": [ 6.5, 12, 8.5, 12.5 ], "texture": "#texture" },
				"west": { "uv": [ 12.5, 8, 13, 8.5 ], "texture": "#texture" },
				"east": { "uv": [ 12.5, 8, 12, 8.5 ], "texture": "#texture" }
			}
		},
		{
			"__comment": "Voxels",
			"from": [ 12.2583, 9.7667, 6.4333 ],
			"to": [ 13.32497, 11.90003, 7.499967 ],
			"faces": {
				"down": { "uv": [ 10.5, 8, 11, 8.5 ], "texture": "#texture" },
				"up": { "uv": [ 10, 8.5, 10.5, 8 ], "texture": "#texture" },
				"north": { "uv": [ 7, 0, 6.5, 1 ], "texture": "#texture" },
				"south": { "uv": [ 6.5, 1, 7, 2 ], "texture": "#texture" },
				"west": { "uv": [ 6.5, 2, 7, 3 ], "texture": "#texture" },
				"east": { "uv": [ 7, 3, 6.5, 4 ], "texture": "#texture" }
			}
		},
		{
			"__comment": "Voxels",
			"from": [ 12.2583, 10.8333, 8.5667 ],
			"to": [ 16.52497, 11.89997, 9.633367 ],
			"faces": {
				"down": { "uv": [ 5, 11.5, 7, 12 ], "texture": "#texture" },
				"up": { "uv": [ 7, 12, 9, 11.5 ], "texture": "#texture" },
				"north": { "uv": [ 11, 11.5, 9, 12 ], "texture": "#texture" },
				"south": { "uv": [ 11, 11.5, 13, 12 ], "texture": "#texture" },
				"west": { "uv": [ 7, 0.5, 7.5, 1 ], "texture": "#texture" },
				"east": { "uv": [ 14, 8, 13.5, 8.5 ], "texture": "#texture" }
			}
		},
		{
			"__comment": "Voxels",
			"from": [ 12.2583, 11.9, 7.5 ],
			"to": [ 16.52497, 12.96667, 8.566667 ],
			"faces": {
				"down": { "uv": [ 13, 11.5, 15, 12 ], "texture": "#texture" },
				"up": { "uv": [ 5, 11.5, 7, 11 ], "texture": "#texture" },
				"north": { "uv": [ 9, 11, 7, 11.5 ], "texture": "#texture" },
				"south": { "uv": [ 9, 11, 11, 11.5 ], "texture": "#texture" },
				"west": { "uv": [ 7, 1, 7.5, 1.5 ], "texture": "#texture" },
				"east": { "uv": [ 15.5, 8.5, 15, 9 ], "texture": "#texture" }
			}
		},
		{
			"__comment": "Voxels",
			"from": [ 13.325, 2.3, 7.5 ],
			"to": [ 16.525, 3.366667, 8.566667 ],
			"faces": {
				"down": { "uv": [ 6.5, 9.5, 8, 10 ], "texture": "#texture" },
				"up": { "uv": [ 14.5, 12.5, 16, 12 ], "texture": "#texture" },
				"north": { "uv": [ 12.5, 11, 11, 11.5 ], "texture": "#texture" },
				"south": { "uv": [ 12.5, 11, 14, 11.5 ], "texture": "#texture" },
				"west": { "uv": [ 14.5, 8.5, 15, 9 ], "texture": "#texture" },
				"east": { "uv": [ 14.5, 8.5, 14, 9 ], "texture": "#texture" }
			}
		},
		{
			"__comment": "Voxels",
			"from": [ 13.325, 3.3667, 6.4333 ],
			"to": [ 16.525, 4.433367, 7.499967 ],
			"faces": {
				"down": { "uv": [ 14, 11, 15.5, 11.5 ], "texture": "#texture" },
				"up": { "uv": [ 5, 11, 6.5, 10.5 ], "texture": "#texture" },
				"north": { "uv": [ 8, 10.5, 6.5, 11 ], "texture": "#texture" },
				"south": { "uv": [ 5, 9.5, 6.5, 10 ], "texture": "#texture" },
				"west": { "uv": [ 12.5, 9, 13, 9.5 ], "texture": "#texture" },
				"east": { "uv": [ 14, 14.5, 13.5, 15 ], "texture": "#texture" }
			}
		},
		{
			"__comment": "Voxels",
			"from": [ 13.325, 3.3667, 8.5667 ],
			"to": [ 16.525, 4.433367, 9.633367 ],
			"faces": {
				"down": { "uv": [ 8, 10.5, 9.5, 11 ], "texture": "#texture" },
				"up": { "uv": [ 9.5, 11, 11, 10.5 ], "texture": "#texture" },
				"north": { "uv": [ 12.5, 10.5, 11, 11 ], "texture": "#texture" },
				"south": { "uv": [ 12.5, 10.5, 14, 11 ], "texture": "#texture" },
				"west": { "uv": [ 3.5, 0, 4, 0.5 ], "texture": "#texture" },
				"east": { "uv": [ 10, 8, 9.5, 8.5 ], "texture": "#texture" }
			}
		},
		{
			"__comment": "Voxels",
			"from": [ 13.325, 10.8333, 6.4333 ],
			"to": [ 14.39167, 12.96663, 7.499967 ],
			"faces": {
				"down": { "uv": [ 9, 8, 9.5, 8.5 ], "texture": "#texture" },
				"up": { "uv": [ 7.5, 8.5, 8, 8 ], "texture": "#texture" },
				"north": { "uv": [ 3.5, 0.5, 3, 1.5 ], "texture": "#texture" },
				"south": { "uv": [ 2, 0, 2.5, 1 ], "texture": "#texture" },
				"west": { "uv": [ 1.5, 0, 2, 1 ], "texture": "#texture" },
				"east": { "uv": [ 2, 1, 1.5, 2 ], "texture": "#texture" }
			}
		},
		{
			"__comment": "Voxels",
			"from": [ 13.325, 11.9, 8.5667 ],
			"to": [ 16.525, 12.96667, 9.633367 ],
			"faces": {
				"down": { "uv": [ 14, 10.5, 15.5, 11 ], "texture": "#texture" },
				"up": { "uv": [ 5, 10.5, 6.5, 10 ], "texture": "#texture" },
				"north": { "uv": [ 8, 10, 6.5, 10.5 ], "texture": "#texture" },
				"south": { "uv": [ 8, 10, 9.5, 10.5 ], "texture": "#texture" },
				"west": { "uv": [ 7, 0, 7.5, 0.5 ], "texture": "#texture" },
				"east": { "uv": [ 7.5, 6.5, 7, 7 ], "texture": "#texture" }
			}
		},
		{
			"__comment": "Voxels",
			"from": [ 13.325, 12.9667, 7.5 ],
			"to": [ 16.525, 14.03337, 8.566667 ],
			"faces": {
				"down": { "uv": [ 9.5, 10, 11, 10.5 ], "texture": "#texture" },
				"up": { "uv": [ 11, 10.5, 12.5, 10 ], "texture": "#texture" },
				"north": { "uv": [ 14, 10, 12.5, 10.5 ], "texture": "#texture" },
				"south": { "uv": [ 14, 10, 15.5, 10.5 ], "texture": "#texture" },
				"west": { "uv": [ 7, 7, 7.5, 7.5 ], "texture": "#texture" },
				"east": { "uv": [ 7.5, 7.5, 7, 8 ], "texture": "#texture" }
			}
		},
		{
			"__comment": "Voxels",
			"from": [ 14.3917, 2.3, 6.4333 ],
			"to": [ 16.52503, 3.366667, 7.499967 ],
			"faces": {
				"down": { "uv": [ 5.5, 8.5, 6.5, 9 ], "texture": "#texture" },
				"up": { "uv": [ 5.5, 8.5, 6.5, 8 ], "texture": "#texture" },
				"north": { "uv": [ 6.5, 7.5, 5.5, 8 ], "texture": "#texture" },
				"south": { "uv": [ 5.5, 7, 6.5, 7.5 ], "texture": "#texture" },
				"west": { "uv": [ 11.5, 8.5, 12, 9 ], "texture": "#texture" },
				"east": { "uv": [ 12.5, 8.5, 12, 9 ], "texture": "#texture" }
			}
		},
		{
			"__comment": "Voxels",
			"from": [ 14.3917, 11.9, 6.4333 ],
			"to": [ 16.52503, 12.96667, 7.499967 ],
			"faces": {
				"down": { "uv": [ 5.5, 5.5, 6.5, 6 ], "texture": "#texture" },
				"up": { "uv": [ 5.5, 5.5, 6.5, 5 ], "texture": "#texture" },
				"north": { "uv": [ 6.5, 4.5, 5.5, 5 ], "texture": "#texture" },
				"south": { "uv": [ 5.5, 4, 6.5, 4.5 ], "texture": "#texture" },
				"west": { "uv": [ 12.5, 8.5, 13, 9 ], "texture": "#texture" },
				"east": { "uv": [ 16, 8.5, 15.5, 9 ], "texture": "#texture" }
			}
		},
		{
			"__comment": "Voxels",
			"from": [ 16.5133, 2.3, 6.4333 ],
			"to": [ 17.57997, 4.433333, 8.566633 ],
			"faces": {
				"down": { "uv": [ 5, 8.5, 5.5, 9.5 ], "texture": "#texture" },
				"up": { "uv": [ 5, 6.5, 5.5, 5.5 ], "texture": "#texture" },
				"north": { "uv": [ 5.5, 4.5, 5, 5.5 ], "texture": "#texture" },
				"south": { "uv": [ 5, 3.5, 5.5, 4.5 ], "texture": "#texture" },
				"west": { "uv": [ 0.5, 1, 1.5, 2 ], "texture": "#texture" },
				"east": { "uv": [ 16, 14, 15, 15 ], "texture": "#texture" }
			}
		},
		{
			"__comment": "Voxels",
			"from": [ 16.5133, 3.3667, 8.5667 ],
			"to": [ 18.64663, 12.9667, 9.633367 ],
			"faces": {
				"down": { "uv": [ 15, 13.5, 16, 14 ], "texture": "#texture" },
				"up": { "uv": [ 10, 10, 11, 9.5 ], "texture": "#texture" },
				"north": { "uv": [ 1, 2, 0, 6.5 ], "texture": "#texture" },
				"south": { "uv": [ 1, 2, 2, 6.5 ], "texture": "#texture" },
				"west": { "uv": [ 2, 9, 2.5, 13.5 ], "texture": "#texture" },
				"east": { "uv": [ 2.5, 4.5, 2, 9 ], "texture": "#texture" }
			}
		},
		{
			"__comment": "Voxels",
			"from": [ 16.5133, 4.4333, 7.5 ],
			"to": [ 20.77997, 11.89997, 8.566667 ],
			"faces": {
				"down": { "uv": [ 8.5, 12, 10.5, 12.5 ], "texture": "#texture" },
				"up": { "uv": [ 9, 13, 11, 12.5 ], "texture": "#texture" },
				"north": { "uv": [ 2, 6.5, 0, 10 ], "texture": "#texture" },
				"south": { "uv": [ 0, 10, 2, 13.5 ], "texture": "#texture" },
				"west": { "uv": [ 3, 6.5, 3.5, 10 ], "texture": "#texture" },
				"east": { "uv": [ 3.5, 10, 3, 13.5 ], "texture": "#texture" }
			}
		},
		{
			"__comment": "Voxels",
			"from": [ 16.5133, 11.9, 6.4333 ],
			"to": [ 18.64663, 12.96667, 8.566633 ],
			"faces": {
				"down": { "uv": [ 0.5, 0, 1.5, 1 ], "texture": "#texture" },
				"up": { "uv": [ 14, 15, 15, 14 ], "texture": "#texture" },
				"north": { "uv": [ 6.5, 3.5, 5.5, 4 ], "texture": "#texture" },
				"south": { "uv": [ 5.5, 3, 6.5, 3.5 ], "texture": "#texture" },
				"west": { "uv": [ 5.5, 2.5, 6.5, 3 ], "texture": "#texture" },
				"east": { "uv": [ 12, 9.5, 11, 10 ], "texture": "#texture" }
			}
		},
		{
			"__comment": "Voxels",
			"from": [ 16.5133, 12.9667, 7.5 ],
			"to": [ 18.64663, 14.03337, 8.566667 ],
			"faces": {
				"down": { "uv": [ 12, 9.5, 13, 10 ], "texture": "#texture" },
				"up": { "uv": [ 13, 10, 14, 9.5 ], "texture": "#texture" },
				"north": { "uv": [ 6.5, 6.5, 5.5, 7 ], "texture": "#texture" },
				"south": { "uv": [ 5.5, 6, 6.5, 6.5 ], "texture": "#texture" },
				"west": { "uv": [ 13.5, 14, 14, 14.5 ], "texture": "#texture" },
				"east": { "uv": [ 14, 13.5, 13.5, 14 ], "texture": "#texture" }
			}
		},
		{
			"__comment": "Voxels",
			"from": [ 17.58, 2.3, 7.5 ],
			"to": [ 18.64667, 4.433333, 8.566667 ],
			"faces": {
				"down": { "uv": [ 2.5, 0, 3, 0.5 ], "texture": "#texture" },
				"up": { "uv": [ 3, 0.5, 3.5, 0 ], "texture": "#texture" },
				"north": { "uv": [ 5.5, 6.5, 5, 7.5 ], "texture": "#texture" },
				"south": { "uv": [ 5, 7.5, 5.5, 8.5 ], "texture": "#texture" },
				"west": { "uv": [ 5, 2.5, 5.5, 3.5 ], "texture": "#texture" },
				"east": { "uv": [ 5.5, 1.5, 5, 2.5 ], "texture": "#texture" }
			}
		},
		{
			"__comment": "Voxels",
			"from": [ 17.58, 3.3667, 6.4333 ],
			"to": [ 18.64667, 5.500033, 7.499967 ],
			"faces": {
				"down": { "uv": [ 15.5, 10.5, 16, 11 ], "texture": "#texture" },
				"up": { "uv": [ 15.5, 10.5, 16, 10 ], "texture": "#texture" },
				"north": { "uv": [ 5.5, 0.5, 5, 1.5 ], "texture": "#texture" },
				"south": { "uv": [ 5.5, 1.5, 6, 2.5 ], "texture": "#texture" },
				"west": { "uv": [ 6, 1.5, 6.5, 2.5 ], "texture": "#texture" },
				"east": { "uv": [ 7, 4, 6.5, 5 ], "texture": "#texture" }
			}
		},
		{
			"__comment": "Voxels",
			"from": [ 17.58, 10.8333, 6.4333 ],
			"to": [ 19.71333, 11.89997, 7.499967 ],
			"faces": {
				"down": { "uv": [ 5.5, 1, 6.5, 1.5 ], "texture": "#texture" },
				"up": { "uv": [ 5.5, 1, 6.5, 0.5 ], "texture": "#texture" },
				"north": { "uv": [ 6.5, 0, 5.5, 0.5 ], "texture": "#texture" },
				"south": { "uv": [ 6.5, 9, 7.5, 9.5 ], "texture": "#texture" },
				"west": { "uv": [ 15, 9, 15.5, 9.5 ], "texture": "#texture" },
				"east": { "uv": [ 16, 9, 15.5, 9.5 ], "texture": "#texture" }
			}
		},
		{
			"__comment": "Voxels",
			"from": [ 18.6467, 3.3667, 7.5 ],
			"to": [ 19.71337, 4.433367, 8.566667 ],
			"faces": {
				"down": { "uv": [ 7, 8.5, 7.5, 9 ], "texture": "#texture" },
				"up": { "uv": [ 7.5, 9, 8, 8.5 ], "texture": "#texture" },
				"north": { "uv": [ 8.5, 8.5, 8, 9 ], "texture": "#texture" },
				"south": { "uv": [ 8.5, 8.5, 9, 9 ], "texture": "#texture" },
				"west": { "uv": [ 9, 8.5, 9.5, 9 ], "texture": "#texture" },
				"east": { "uv": [ 10, 8.5, 9.5, 9 ], "texture": "#texture" }
			}
		},
		{
			"__comment": "Voxels",
			"from": [ 18.6467, 4.4333, 6.4333 ],
			"to": [ 19.71337, 6.566633, 7.499967 ],
			"faces": {
				"down": { "uv": [ 10, 8.5, 10.5, 9 ], "texture": "#texture" },
				"up": { "uv": [ 10.5, 9, 11, 8.5 ], "texture": "#texture" },
				"north": { "uv": [ 7, 8, 6.5, 9 ], "texture": "#texture" },
				"south": { "uv": [ 6.5, 7, 7, 8 ], "texture": "#texture" },
				"west": { "uv": [ 6.5, 6, 7, 7 ], "texture": "#texture" },
				"east": { "uv": [ 7, 5, 6.5, 6 ], "texture": "#texture" }
			}
		},
		{
			"__comment": "Voxels",
			"from": [ 18.6467, 4.4333, 8.5667 ],
			"to": [ 19.71337, 11.89997, 9.633367 ],
			"faces": {
				"down": { "uv": [ 13, 8.5, 13.5, 9 ], "texture": "#texture" },
				"up": { "uv": [ 13.5, 9, 14, 8.5 ], "texture": "#texture" },
				"north": { "uv": [ 3, 10, 2.5, 13.5 ], "texture": "#texture" },
				"south": { "uv": [ 2, 1, 2.5, 4.5 ], "texture": "#texture" },
				"west": { "uv": [ 2.5, 3, 3, 6.5 ], "texture": "#texture" },
				"east": { "uv": [ 3, 6.5, 2.5, 10 ], "texture": "#texture" }
			}
		},
		{
			"__comment": "Voxels",
			"from": [ 18.6467, 9.7667, 6.4333 ],
			"to": [ 20.78003, 10.83337, 7.499967 ],
			"faces": {
				"down": { "uv": [ 8.5, 9, 9.5, 9.5 ], "texture": "#texture" },
				"up": { "uv": [ 9.5, 9.5, 10.5, 9 ], "texture": "#texture" },
				"north": { "uv": [ 8.5, 9, 7.5, 9.5 ], "texture": "#texture" },
				"south": { "uv": [ 10.5, 9, 11.5, 9.5 ], "texture": "#texture" },
				"west": { "uv": [ 7, 6, 7.5, 6.5 ], "texture": "#texture" },
				"east": { "uv": [ 7.5, 5.5, 7, 6 ], "texture": "#texture" }
			}
		},
		{
			"__comment": "Voxels",
			"from": [ 18.6467, 11.9, 7.5 ],
			"to": [ 19.71337, 12.96667, 8.566667 ],
			"faces": {
				"down": { "uv": [ 7, 5, 7.5, 5.5 ], "texture": "#texture" },
				"up": { "uv": [ 7, 5, 7.5, 4.5 ], "texture": "#texture" },
				"north": { "uv": [ 7.5, 4, 7, 4.5 ], "texture": "#texture" },
				"south": { "uv": [ 7, 3.5, 7.5, 4 ], "texture": "#texture" },
				"west": { "uv": [ 7, 3, 7.5, 3.5 ], "texture": "#texture" },
				"east": { "uv": [ 7.5, 2.5, 7, 3 ], "texture": "#texture" }
			}
		},
		{
			"__comment": "Voxels",
			"from": [ 19.7133, 5.5, 6.4333 ],
			"to": [ 20.77997, 9.766666, 7.499967 ],
			"faces": {
				"down": { "uv": [ 7, 2, 7.5, 2.5 ], "texture": "#texture" },
				"up": { "uv": [ 7, 2, 7.5, 1.5 ], "texture": "#texture" },
				"north": { "uv": [ 5, 0, 4.5, 2 ], "texture": "#texture" },
				"south": { "uv": [ 4.5, 2, 5, 4 ], "texture": "#texture" },
				"west": { "uv": [ 4.5, 4, 5, 6 ], "texture": "#texture" },
				"east": { "uv": [ 5, 6, 4.5, 8 ], "texture": "#texture" }
			}
		},
		{
			"__comment": "Voxels",
			"from": [ 19.7133, 5.5, 8.5667 ],
			"to": [ 20.77997, 10.83333, 9.633367 ],
			"faces": {
				"down": { "uv": [ 8, 8, 8.5, 8.5 ], "texture": "#texture" },
				"up": { "uv": [ 8.5, 8.5, 9, 8 ], "texture": "#texture" },
				"north": { "uv": [ 4.5, 2.5, 4, 5 ], "texture": "#texture" },
				"south": { "uv": [ 4, 5, 4.5, 7.5 ], "texture": "#texture" },
				"west": { "uv": [ 4, 7.5, 4.5, 10 ], "texture": "#texture" },
				"east": { "uv": [ 4.5, 10, 4, 12.5 ], "texture": "#texture" }
			}
		},
		{
			"__comment": "Voxels",
			"from": [ 20.78, 5.5, 7.5 ],
			"to": [ 21.84667, 10.83333, 8.566667 ],
			"faces": {
				"down": { "uv": [ 11, 8, 11.5, 8.5 ], "texture": "#texture" },
				"up": { "uv": [ 11.5, 8.5, 12, 8 ], "texture": "#texture" },
				"north": { "uv": [ 4, 0.5, 3.5, 3 ], "texture": "#texture" },
				"south": { "uv": [ 3.5, 3, 4, 5.5 ], "texture": "#texture" },
				"west": { "uv": [ 3.5, 5.5, 4, 8 ], "texture": "#texture" },
				"east": { "uv": [ 4, 8, 3.5, 10.5 ], "texture": "#texture" }
			}
		}
	],
	"display": {
		"thirdperson_righthand": {
			"rotation":  [ -90, 90, 0 ],
			"translation":  [ 0, -2.2, 0.19 ],
			"scale":  [ 0.4, 0.4, 0.4 ]
		},
		"thirdperson_lefthand": {
			"rotation":  [ -90, 90, 0 ],
			"translation":  [ 0, -2.2, 0.19 ],
			"scale":  [ 0.4, 0.4, 0.4 ]
		},
		"firstperson_righthand": {
			"rotation":  [ 0, -75, 0 ],
			"translation":  [ 0, 2.7, 0 ],
			"scale":  [ 0.4, 0.4, 0.4 ]
		},
		"firstperson_lefthand": {
			"rotation":  [ 0, -75, 0 ],
			"translation":  [ 0, 2.7, 0 ],
			"scale":  [ 0.4, 0.4, 0.4 ]
		},
		"gui": {
			"rotation":  [ 0, 180, 0 ],
			"translation":  [ 0, 0, 0 ],
			"scale":  [ 0.5, 0.5, 0.5 ]
		},
		"head": {
			"rotation":  [ 0, 0, 0 ],
			"translation":  [ 0, 8.50, -1.5 ],
			"scale":  [ 0.65, 0.65, 0.65 ]
		},
		"ground": {
			"translation":  [ 0, -1.5, 0 ],
			"scale":  [ 0.5, 0.5, 0.5 ]
		},
		"fixed": {
			"rotation":  [ 0, 180, 0 ],
			"translation":  [ 0, -2.4, -1.3 ]
		}
	}
}