{
"__comment": "Designed by Legofreak107 with BDcraft Cubik PRO 0.96 Beta - http://bdcraft.net",
"textures": {
    "texture": "blocks/hardened_clay_stained_white",
    "wheel": "blocks/wool_colored_black",
    "glass": "blocks/glass",
    "iron_block": "blocks/coal_block",
    "wing": "blocks/wool_colored_black"
},
"elements": [ 
{
    "from": [ -14, 6, 6 ],
    "to": [ -13, 10, 10 ],
    "faces": {
        "down":  { "uv": [ 16, 10, 16, 6 ], "texture": "#texture", "tintindex": 0 },
        "up":    { "uv": [ 0, 6, 0, 10 ], "texture": "#texture", "tintindex": 0 },
        "north": { "uv": [ 16, 6, 16, 10 ], "texture": "#texture", "tintindex": 0 },
        "south": { "uv": [ 0, 6, 0, 10 ], "texture": "#texture", "tintindex": 0 },
        "west":  { "uv": [ 6, 6, 10, 10 ], "texture": "#texture", "tintindex": 0 },
        "east":  { "uv": [ 6, 6, 10, 10 ], "texture": "#texture", "tintindex": 0 }
    }
},
{
    "from": [ -13, 5, 5 ],
    "to": [ -12, 11, 11 ],
    "faces": {
        "down":  { "uv": [ 16, 11, 16, 5 ], "texture": "#texture", "tintindex": 0 },
        "up":    { "uv": [ 0, 5, 0, 11 ], "texture": "#texture", "tintindex": 0 },
        "north": { "uv": [ 16, 5, 16, 11 ], "texture": "#texture", "tintindex": 0 },
        "south": { "uv": [ 0, 5, 0, 11 ], "texture": "#texture", "tintindex": 0 },
        "west":  { "uv": [ 5, 5, 11, 11 ], "texture": "#texture", "tintindex": 0 },
        "east":  { "uv": [ 5, 5, 11, 11 ], "texture": "#texture", "tintindex": 0 }
    }
},
{
    "from": [ -12, 4.5, 4 ],
    "to": [ 1, 11.5, 12 ],
    "faces": {
        "down":  { "uv": [ 16, 12, 15, 4 ], "texture": "#texture", "tintindex": 0 },
        "up":    { "uv": [ 0, 4, 1, 12 ], "texture": "#texture", "tintindex": 0 },
        "north": { "uv": [ 15, 4.5, 16, 11.5 ], "texture": "#texture", "tintindex": 0 },
        "south": { "uv": [ 0, 4.5, 1, 11.5 ], "texture": "#texture", "tintindex": 0 },
        "west":  { "uv": [ 4, 4.5, 12, 11.5 ], "texture": "#texture", "tintindex": 0 },
        "east":  { "uv": [ 4, 4.5, 12, 11.5 ], "texture": "#texture", "tintindex": 0 }
    }
},
{
    "from": [ 1, 4.5, 4 ],
    "to": [ 7.5, 5.5, 12 ],
    "faces": {
        "down":  { "uv": [ 15, 12, 8.5, 4 ], "texture": "#texture", "tintindex": 0 },
        "up":    { "uv": [ 1, 4, 7.5, 12 ], "texture": "#texture", "tintindex": 0 },
        "north": { "uv": [ 8.5, 10.5, 15, 11.5 ], "texture": "#texture", "tintindex": 0 },
        "south": { "uv": [ 1, 10.5, 7.5, 11.5 ], "texture": "#texture", "tintindex": 0 },
        "west":  { "uv": [ 4, 10.5, 12, 11.5 ], "texture": "#texture", "tintindex": 0 },
        "east":  { "uv": [ 4, 10.5, 12, 11.5 ], "texture": "#texture", "tintindex": 0 }
    }
},
{
    "from": [ 1, 5.5, 4 ],
    "to": [ 7.5, 11.5, 5 ],
    "faces": {
        "down":  { "uv": [ 15, 5, 8.5, 4 ], "texture": "#texture", "tintindex": 0 },
        "up":    { "uv": [ 1, 4, 7.5, 5 ], "texture": "#texture", "tintindex": 0 },
        "north": { "uv": [ 8.5, 4.5, 15, 10.5 ], "texture": "#texture", "tintindex": 0 },
        "south": { "uv": [ 1, 4.5, 7.5, 10.5 ], "texture": "#texture", "tintindex": 0 },
        "west":  { "uv": [ 4, 4.5, 5, 10.5 ], "texture": "#texture", "tintindex": 0 },
        "east":  { "uv": [ 11, 4.5, 12, 10.5 ], "texture": "#texture", "tintindex": 0 }
    }
},
{
    "from": [ 1, 5.5, 11 ],
    "to": [ 7.5, 11.5, 12 ],
    "faces": {
        "down":  { "uv": [ 15, 12, 8.5, 11 ], "texture": "#texture", "tintindex": 0 },
        "up":    { "uv": [ 1, 11, 7.5, 12 ], "texture": "#texture", "tintindex": 0 },
        "north": { "uv": [ 8.5, 4.5, 15, 10.5 ], "texture": "#texture", "tintindex": 0 },
        "south": { "uv": [ 1, 4.5, 7.5, 10.5 ], "texture": "#texture", "tintindex": 0 },
        "west":  { "uv": [ 11, 4.5, 12, 10.5 ], "texture": "#texture", "tintindex": 0 },
        "east":  { "uv": [ 4, 4.5, 5, 10.5 ], "texture": "#texture", "tintindex": 0 }
    }
},
{
    "from": [ 7.5, 5, 4.5 ],
    "to": [ 13.5, 11.5, 11.5 ],
    "faces": {
        "down":  { "uv": [ 8.5, 11.5, 2.5, 4.5 ], "texture": "#texture", "tintindex": 0 },
        "up":    { "uv": [ 7.5, 4.5, 13.5, 11.5 ], "texture": "#texture", "tintindex": 0 },
        "north": { "uv": [ 2.5, 4.5, 8.5, 11 ], "texture": "#texture", "tintindex": 0 },
        "south": { "uv": [ 7.5, 4.5, 13.5, 11 ], "texture": "#texture", "tintindex": 0 },
        "west":  { "uv": [ 4.5, 4.5, 11.5, 11 ], "texture": "#texture", "tintindex": 0 },
        "east":  { "uv": [ 4.5, 4.5, 11.5, 11 ], "texture": "#texture", "tintindex": 0 }
    }
},
{
    "from": [ 13.5, 5.5, 5 ],
    "to": [ 19.5, 11.5, 11 ],
    "faces": {
        "down":  { "uv": [ 2.5, 11, 0, 5 ], "texture": "#texture", "tintindex": 0 },
        "up":    { "uv": [ 13.5, 5, 16, 11 ], "texture": "#texture", "tintindex": 0 },
        "north": { "uv": [ 0, 4.5, 2.5, 10.5 ], "texture": "#texture", "tintindex": 0 },
        "south": { "uv": [ 13.5, 4.5, 16, 10.5 ], "texture": "#texture", "tintindex": 0 },
        "west":  { "uv": [ 5, 4.5, 11, 10.5 ], "texture": "#texture", "tintindex": 0 },
        "east":  { "uv": [ 5, 4.5, 11, 10.5 ], "texture": "#texture", "tintindex": 0 }
    }
},
{
    "from": [ 19.5, 6, 5.5 ],
    "to": [ 25.5, 11.5, 10.5 ],
    "faces": {
        "down":  { "uv": [ 0, 10.5, 0, 5.5 ], "texture": "#texture", "tintindex": 0 },
        "up":    { "uv": [ 16, 5.5, 16, 10.5 ], "texture": "#texture", "tintindex": 0 },
        "north": { "uv": [ 0, 4.5, 0, 10 ], "texture": "#texture", "tintindex": 0 },
        "south": { "uv": [ 16, 4.5, 16, 10 ], "texture": "#texture", "tintindex": 0 },
        "west":  { "uv": [ 5.5, 4.5, 10.5, 10 ], "texture": "#texture", "tintindex": 0 },
        "east":  { "uv": [ 5.5, 4.5, 10.5, 10 ], "texture": "#texture", "tintindex": 0 }
    }
},
{
    "from": [ 25.5, 6.5, 6 ],
    "to": [ 31.5, 11.5, 10 ],
    "faces": {
        "down":  { "uv": [ 0, 10, 0, 6 ], "texture": "#texture", "tintindex": 0 },
        "up":    { "uv": [ 16, 6, 16, 10 ], "texture": "#texture", "tintindex": 0 },
        "north": { "uv": [ 0, 4.5, 0, 9.5 ], "texture": "#texture", "tintindex": 0 },
        "south": { "uv": [ 16, 4.5, 16, 9.5 ], "texture": "#texture", "tintindex": 0 },
        "west":  { "uv": [ 6, 4.5, 10, 9.5 ], "texture": "#texture", "tintindex": 0 },
        "east":  { "uv": [ 6, 4.5, 10, 9.5 ], "texture": "#texture", "tintindex": 0 }
    }
},
{
    "from": [ 30.4375, 9.6875, 7.5 ],
    "to": [ 31.4375, 15.6875, 8.5 ],
    "rotation": { "origin": [ 30.4375, 15.6875, 7.5 ], "axis": "z", "angle": -45 },
    "faces": {
        "down":  { "uv": [ 0, 10, 0, 6 ], "texture": "#wing" },
        "up":    { "uv": [ 16, 6, 16, 10 ], "texture": "#wing" },
        "north": { "uv": [ 0, 0, 0, 4.5 ], "texture": "#wing" },
        "south": { "uv": [ 16, 0, 16, 4.5 ], "texture": "#wing" },
        "west":  { "uv": [ 6, 0, 10, 4.5 ], "texture": "#wing" },
        "east":  { "uv": [ 6, 0, 10, 4.5 ], "texture": "#wing" }
    }
},
{
    "from": [ 30, 11.5, 7.5 ],
    "to": [ 31, 15, 8.5 ],
    "faces": {
        "down":  { "uv": [ 0, 10, 0, 6 ], "texture": "#wing" },
        "up":    { "uv": [ 16, 6, 16, 10 ], "texture": "#wing" },
        "north": { "uv": [ 0, 0, 0, 4.5 ], "texture": "#wing" },
        "south": { "uv": [ 16, 0, 16, 4.5 ], "texture": "#wing" },
        "west":  { "uv": [ 6, 0, 10, 4.5 ], "texture": "#wing" },
        "east":  { "uv": [ 6, 0, 10, 4.5 ], "texture": "#wing" }
    }
},
{
    "from": [ 29, 11.5, 7.5 ],
    "to": [ 30, 14, 8.5 ],
    "faces": {
        "down":  { "uv": [ 0, 10, 0, 6 ], "texture": "#wing" },
        "up":    { "uv": [ 16, 6, 16, 10 ], "texture": "#wing" },
        "north": { "uv": [ 0, 0, 0, 4.5 ], "texture": "#wing" },
        "south": { "uv": [ 16, 0, 16, 4.5 ], "texture": "#wing" },
        "west":  { "uv": [ 6, 0, 10, 4.5 ], "texture": "#wing" },
        "east":  { "uv": [ 6, 0, 10, 4.5 ], "texture": "#wing" }
    }
},
{
    "from": [ 28, 11.5, 7.5 ],
    "to": [ 29, 13, 8.5 ],
    "faces": {
        "down":  { "uv": [ 0, 10, 0, 6 ], "texture": "#wing" },
        "up":    { "uv": [ 16, 6, 16, 10 ], "texture": "#wing" },
        "north": { "uv": [ 0, 0, 0, 4.5 ], "texture": "#wing" },
        "south": { "uv": [ 16, 0, 16, 4.5 ], "texture": "#wing" },
        "west":  { "uv": [ 6, 0, 10, 4.5 ], "texture": "#wing" },
        "east":  { "uv": [ 6, 0, 10, 4.5 ], "texture": "#wing" }
    }
},
{
    "from": [ 27, 11.5, 7.5 ],
    "to": [ 28, 12, 8.5 ],
    "faces": {
        "down":  { "uv": [ 0, 10, 0, 6 ], "texture": "#wing" },
        "up":    { "uv": [ 16, 6, 16, 10 ], "texture": "#wing" },
        "north": { "uv": [ 0, 0, 0, 4.5 ], "texture": "#wing" },
        "south": { "uv": [ 16, 0, 16, 4.5 ], "texture": "#wing" },
        "west":  { "uv": [ 6, 0, 10, 4.5 ], "texture": "#wing" },
        "east":  { "uv": [ 6, 0, 10, 4.5 ], "texture": "#wing" }
    }
},
{
    "from": [ 1, 10.5, 12 ],
    "to": [ 7.5, 11.5, 31 ],
    "faces": {
        "down":  { "uv": [ 15, 16, 8.5, 12 ], "texture": "#wing" },
        "up":    { "uv": [ 1, 12, 7.5, 16 ], "texture": "#wing" },
        "north": { "uv": [ 8.5, 4.5, 15, 5.5 ], "texture": "#wing" },
        "south": { "uv": [ 1, 4.5, 7.5, 5.5 ], "texture": "#wing" },
        "west":  { "uv": [ 12, 4.5, 16, 5.5 ], "texture": "#wing" },
        "east":  { "uv": [ 0, 4.5, 4, 5.5 ], "texture": "#wing" }
    }
},
{
    "from": [ 1, 10.5, -15 ],
    "to": [ 7.5, 11.5, 4 ],
    "faces": {
        "down":  { "uv": [ 15, 4, 8.5, 0 ], "texture": "#wing" },
        "up":    { "uv": [ 1, 0, 7.5, 4 ], "texture": "#wing" },
        "north": { "uv": [ 8.5, 4.5, 15, 5.5 ], "texture": "#wing" },
        "south": { "uv": [ 1, 4.5, 7.5, 5.5 ], "texture": "#wing" },
        "west":  { "uv": [ 0, 4.5, 4, 5.5 ], "texture": "#wing" },
        "east":  { "uv": [ 12, 4.5, 16, 5.5 ], "texture": "#wing" }
    }
},
{
    "from": [ -0.5, 17.5, -16 ],
    "to": [ 6, 18.5, 32 ],
    "faces": {
        "down":  { "uv": [ 16, 16, 10, 0 ], "texture": "#wing" },
        "up":    { "uv": [ 0, 0, 6, 16 ], "texture": "#wing" },
        "north": { "uv": [ 10, 0, 16, 0 ], "texture": "#wing" },
        "south": { "uv": [ 0, 0, 6, 0 ], "texture": "#wing" },
        "west":  { "uv": [ 0, 0, 16, 0 ], "texture": "#wing" },
        "east":  { "uv": [ 0, 0, 16, 0 ], "texture": "#wing" }
    }
},
{
    "from": [ 0.5, 16, 0 ],
    "to": [ 5, 17.5, 1 ],
    "faces": {
        "down":  { "uv": [ 16, 5, 11.5, 4 ], "texture": "#texture", "tintindex": 0 },
        "up":    { "uv": [ 0, 4, 4.5, 5 ], "texture": "#texture", "tintindex": 0 },
        "north": { "uv": [ 11.5, 0, 16, 5.5 ], "texture": "#texture", "tintindex": 0 },
        "south": { "uv": [ 0, 0, 4.5, 5.5 ], "texture": "#texture", "tintindex": 0 },
        "west":  { "uv": [ 4, 0, 5, 5.5 ], "texture": "#texture", "tintindex": 0 },
        "east":  { "uv": [ 11, 0, 12, 5.5 ], "texture": "#texture", "tintindex": 0 }
    }
},
{
    "from": [ 1, 14.5, 0.5 ],
    "to": [ 5.5, 16, 1.5 ],
    "faces": {
        "down":  { "uv": [ 16, 5, 11.5, 4 ], "texture": "#texture", "tintindex": 0 },
        "up":    { "uv": [ 0, 4, 4.5, 5 ], "texture": "#texture", "tintindex": 0 },
        "north": { "uv": [ 11.5, 0, 16, 5.5 ], "texture": "#texture", "tintindex": 0 },
        "south": { "uv": [ 0, 0, 4.5, 5.5 ], "texture": "#texture", "tintindex": 0 },
        "west":  { "uv": [ 4, 0, 5, 5.5 ], "texture": "#texture", "tintindex": 0 },
        "east":  { "uv": [ 11, 0, 12, 5.5 ], "texture": "#texture", "tintindex": 0 }
    }
},
{
    "from": [ 1.5, 13, 1 ],
    "to": [ 6, 14.5, 2 ],
    "faces": {
        "down":  { "uv": [ 16, 5, 11.5, 4 ], "texture": "#texture", "tintindex": 0 },
        "up":    { "uv": [ 0, 4, 4.5, 5 ], "texture": "#texture", "tintindex": 0 },
        "north": { "uv": [ 11.5, 0, 16, 5.5 ], "texture": "#texture", "tintindex": 0 },
        "south": { "uv": [ 0, 0, 4.5, 5.5 ], "texture": "#texture", "tintindex": 0 },
        "west":  { "uv": [ 4, 0, 5, 5.5 ], "texture": "#texture", "tintindex": 0 },
        "east":  { "uv": [ 11, 0, 12, 5.5 ], "texture": "#texture", "tintindex": 0 }
    }
},
{
    "from": [ 2, 11.5, 1.5 ],
    "to": [ 6.5, 13, 2.5 ],
    "faces": {
        "down":  { "uv": [ 16, 5, 11.5, 4 ], "texture": "#texture", "tintindex": 0 },
        "up":    { "uv": [ 0, 4, 4.5, 5 ], "texture": "#texture", "tintindex": 0 },
        "north": { "uv": [ 11.5, 0, 16, 5.5 ], "texture": "#texture", "tintindex": 0 },
        "south": { "uv": [ 0, 0, 4.5, 5.5 ], "texture": "#texture", "tintindex": 0 },
        "west":  { "uv": [ 4, 0, 5, 5.5 ], "texture": "#texture", "tintindex": 0 },
        "east":  { "uv": [ 11, 0, 12, 5.5 ], "texture": "#texture", "tintindex": 0 }
    }
},
{
    "from": [ 2, 11.5, 13.5 ],
    "to": [ 6.5, 13, 14.5 ],
    "faces": {
        "down":  { "uv": [ 16, 5, 11.5, 4 ], "texture": "#texture", "tintindex": 0 },
        "up":    { "uv": [ 0, 4, 4.5, 5 ], "texture": "#texture", "tintindex": 0 },
        "north": { "uv": [ 11.5, 0, 16, 5.5 ], "texture": "#texture", "tintindex": 0 },
        "south": { "uv": [ 0, 0, 4.5, 5.5 ], "texture": "#texture", "tintindex": 0 },
        "west":  { "uv": [ 4, 0, 5, 5.5 ], "texture": "#texture", "tintindex": 0 },
        "east":  { "uv": [ 11, 0, 12, 5.5 ], "texture": "#texture", "tintindex": 0 }
    }
},
{
    "from": [ 1.5, 13, 14 ],
    "to": [ 6, 14.5, 15 ],
    "faces": {
        "down":  { "uv": [ 16, 5, 11.5, 4 ], "texture": "#texture", "tintindex": 0 },
        "up":    { "uv": [ 0, 4, 4.5, 5 ], "texture": "#texture", "tintindex": 0 },
        "north": { "uv": [ 11.5, 0, 16, 5.5 ], "texture": "#texture", "tintindex": 0 },
        "south": { "uv": [ 0, 0, 4.5, 5.5 ], "texture": "#texture", "tintindex": 0 },
        "west":  { "uv": [ 4, 0, 5, 5.5 ], "texture": "#texture", "tintindex": 0 },
        "east":  { "uv": [ 11, 0, 12, 5.5 ], "texture": "#texture", "tintindex": 0 }
    }
},
{
    "from": [ 1, 14.5, 14.5 ],
    "to": [ 5.5, 16, 15.5 ],
    "faces": {
        "down":  { "uv": [ 16, 5, 11.5, 4 ], "texture": "#texture", "tintindex": 0 },
        "up":    { "uv": [ 0, 4, 4.5, 5 ], "texture": "#texture", "tintindex": 0 },
        "north": { "uv": [ 11.5, 0, 16, 5.5 ], "texture": "#texture", "tintindex": 0 },
        "south": { "uv": [ 0, 0, 4.5, 5.5 ], "texture": "#texture", "tintindex": 0 },
        "west":  { "uv": [ 4, 0, 5, 5.5 ], "texture": "#texture", "tintindex": 0 },
        "east":  { "uv": [ 11, 0, 12, 5.5 ], "texture": "#texture", "tintindex": 0 }
    }
},
{
    "from": [ 0.5, 16, 15 ],
    "to": [ 5, 17.5, 16 ],
    "faces": {
        "down":  { "uv": [ 16, 5, 11.5, 4 ], "texture": "#texture", "tintindex": 0 },
        "up":    { "uv": [ 0, 4, 4.5, 5 ], "texture": "#texture", "tintindex": 0 },
        "north": { "uv": [ 11.5, 0, 16, 5.5 ], "texture": "#texture", "tintindex": 0 },
        "south": { "uv": [ 0, 0, 4.5, 5.5 ], "texture": "#texture", "tintindex": 0 },
        "west":  { "uv": [ 4, 0, 5, 5.5 ], "texture": "#texture", "tintindex": 0 },
        "east":  { "uv": [ 11, 0, 12, 5.5 ], "texture": "#texture", "tintindex": 0 }
    }
},
{
    "from": [ -15, 7.5, 7.5 ],
    "to": [ -14, 8.5, 8.5 ],
    "faces": {
        "down":  { "uv": [ 16, 5, 11.5, 4 ], "texture": "#texture", "tintindex": 0 },
        "up":    { "uv": [ 0, 4, 4.5, 5 ], "texture": "#texture", "tintindex": 0 },
        "north": { "uv": [ 11.5, 0, 16, 5.5 ], "texture": "#texture", "tintindex": 0 },
        "south": { "uv": [ 0, 0, 4.5, 5.5 ], "texture": "#texture", "tintindex": 0 },
        "west":  { "uv": [ 4, 0, 5, 5.5 ], "texture": "#texture", "tintindex": 0 },
        "east":  { "uv": [ 11, 0, 12, 5.5 ], "texture": "#texture", "tintindex": 0 }
    }
},
{
    "from": [ -16, 3.625, 3.6875 ],
    "to": [ -15, 4.625, 14.6875 ],
    "rotation": { "origin": [ -16, 4.625, 3.6875 ], "axis": "x", "angle": -45 },
    "faces": {
        "down":  { "uv": [ 16, 5, 11.5, 4 ], "texture": "#iron_block" },
        "up":    { "uv": [ 0, 4, 4.5, 5 ], "texture": "#iron_block" },
        "north": { "uv": [ 11.5, 0, 16, 5.5 ], "texture": "#iron_block" },
        "south": { "uv": [ 0, 0, 4.5, 5.5 ], "texture": "#iron_block" },
        "west":  { "uv": [ 4, 0, 5, 5.5 ], "texture": "#iron_block" },
        "east":  { "uv": [ 11, 0, 12, 5.5 ], "texture": "#iron_block" }
    }
},
{
    "from": [ -16, 0.75, 3.8125 ],
    "to": [ -15, 11.75, 4.8125 ],
    "rotation": { "origin": [ -16, 11.75, 3.8125 ], "axis": "x", "angle": -45 },
    "faces": {
        "down":  { "uv": [ 16, 5, 11.5, 4 ], "texture": "#iron_block" },
        "up":    { "uv": [ 0, 4, 4.5, 5 ], "texture": "#iron_block" },
        "north": { "uv": [ 11.5, 0, 16, 5.5 ], "texture": "#iron_block" },
        "south": { "uv": [ 0, 0, 4.5, 5.5 ], "texture": "#iron_block" },
        "west":  { "uv": [ 4, 0, 5, 5.5 ], "texture": "#iron_block" },
        "east":  { "uv": [ 11, 0, 12, 5.5 ], "texture": "#iron_block" }
    }
},
{
    "from": [ 1.5, 10, 4 ],
    "to": [ 2.5, 14.5, 12 ],
    "rotation": { "origin": [ 1.5, 14.5, 4 ], "axis": "z", "angle": -45 },
    "faces": {
        "down":  { "uv": [ 0, 0, 16, 16 ], "texture": "#glass" },
        "up":    { "uv": [ 0, 0, 16, 16 ], "texture": "#glass" },
        "north": { "uv": [ 0, 0, 16, 16 ], "texture": "#glass" },
        "south": { "uv": [ 0, 0, 16, 16 ], "texture": "#glass" },
        "west":  { "uv": [ 0, 0, 16, 16 ], "texture": "#glass" },
        "east":  { "uv": [ 0, 0, 16, 16 ], "texture": "#glass" }
    }
},
{
    "from": [ -4.5, 0.6875, 9 ],
    "to": [ -3.5, 4.6875, 10 ],
    "rotation": { "origin": [ -4.5, 4.6875, 9 ], "axis": "x", "angle": -22.5 },
    "faces": {
        "down":  { "uv": [ 13.5, 10, 12.5, 9 ], "texture": "#texture", "tintindex": 0 },
        "up":    { "uv": [ 2.5, 9, 3.5, 10 ], "texture": "#texture", "tintindex": 0 },
        "north": { "uv": [ 12.5, 11.5, 13.5, 15.5 ], "texture": "#texture", "tintindex": 0 },
        "south": { "uv": [ 2.5, 11.5, 3.5, 15.5 ], "texture": "#texture", "tintindex": 0 },
        "west":  { "uv": [ 9, 11.5, 10, 15.5 ], "texture": "#texture", "tintindex": 0 },
        "east":  { "uv": [ 6, 11.5, 7, 15.5 ], "texture": "#texture", "tintindex": 0 }
    }
},
{
    "from": [ -4.5, 1, 6.5 ],
    "to": [ -3.5, 5, 7.5 ],
    "rotation": { "origin": [ -4.5, 5, 6.5 ], "axis": "x", "angle": 22.5 },
    "faces": {
        "down":  { "uv": [ 13.5, 10, 12.5, 9 ], "texture": "#texture", "tintindex": 0 },
        "up":    { "uv": [ 2.5, 9, 3.5, 10 ], "texture": "#texture", "tintindex": 0 },
        "north": { "uv": [ 12.5, 11.5, 13.5, 15.5 ], "texture": "#texture", "tintindex": 0 },
        "south": { "uv": [ 2.5, 11.5, 3.5, 15.5 ], "texture": "#texture", "tintindex": 0 },
        "west":  { "uv": [ 9, 11.5, 10, 15.5 ], "texture": "#texture", "tintindex": 0 },
        "east":  { "uv": [ 6, 11.5, 7, 15.5 ], "texture": "#texture", "tintindex": 0 }
    }
},
{
    "from": [ -5, 0, 4.5 ],
    "to": [ -3, 2, 5.5 ],
    "faces": {
        "down":  { "uv": [ 16, 5.5, 16, 4.5 ], "texture": "#wheel" },
        "up":    { "uv": [ 0, 4.5, 0, 5.5 ], "texture": "#wheel" },
        "north": { "uv": [ 16, 14, 16, 16 ], "texture": "#wheel" },
        "south": { "uv": [ 0, 14, 0, 16 ], "texture": "#wheel" },
        "west":  { "uv": [ 4.5, 14, 5.5, 16 ], "texture": "#wheel" },
        "east":  { "uv": [ 10.5, 14, 11.5, 16 ], "texture": "#wheel" }
    }
},
{
    "from": [ -5, 2, 4.5 ],
    "to": [ -3, 2.5, 5.5 ],
    "faces": {
        "down":  { "uv": [ 16, 5.5, 16, 4.5 ], "texture": "#wheel" },
        "up":    { "uv": [ 0, 4.5, 0, 5.5 ], "texture": "#wheel" },
        "north": { "uv": [ 16, 13.5, 16, 14 ], "texture": "#wheel" },
        "south": { "uv": [ 0, 13.5, 0, 14 ], "texture": "#wheel" },
        "west":  { "uv": [ 4.5, 13.5, 5.5, 14 ], "texture": "#wheel" },
        "east":  { "uv": [ 10.5, 13.5, 11.5, 14 ], "texture": "#wheel" }
    }
},
{
    "from": [ -5, -0.5, 4.5 ],
    "to": [ -3, 0, 5.5 ],
    "faces": {
        "down":  { "uv": [ 16, 5.5, 16, 4.5 ], "texture": "#wheel" },
        "up":    { "uv": [ 0, 4.5, 0, 5.5 ], "texture": "#wheel" },
        "north": { "uv": [ 16, 16, 16, 16 ], "texture": "#wheel" },
        "south": { "uv": [ 0, 16, 0, 16 ], "texture": "#wheel" },
        "west":  { "uv": [ 4.5, 16, 5.5, 16 ], "texture": "#wheel" },
        "east":  { "uv": [ 10.5, 16, 11.5, 16 ], "texture": "#wheel" }
    }
},
{
    "from": [ -3, 0, 4.5 ],
    "to": [ -2.5, 2, 5.5 ],
    "faces": {
        "down":  { "uv": [ 16, 5.5, 16, 4.5 ], "texture": "#wheel" },
        "up":    { "uv": [ 0, 4.5, 0, 5.5 ], "texture": "#wheel" },
        "north": { "uv": [ 16, 14, 16, 16 ], "texture": "#wheel" },
        "south": { "uv": [ 0, 14, 0, 16 ], "texture": "#wheel" },
        "west":  { "uv": [ 4.5, 14, 5.5, 16 ], "texture": "#wheel" },
        "east":  { "uv": [ 10.5, 14, 11.5, 16 ], "texture": "#wheel" }
    }
},
{
    "from": [ -5.5, 0, 4.5 ],
    "to": [ -5, 2, 5.5 ],
    "faces": {
        "down":  { "uv": [ 16, 5.5, 16, 4.5 ], "texture": "#wheel" },
        "up":    { "uv": [ 0, 4.5, 0, 5.5 ], "texture": "#wheel" },
        "north": { "uv": [ 16, 14, 16, 16 ], "texture": "#wheel" },
        "south": { "uv": [ 0, 14, 0, 16 ], "texture": "#wheel" },
        "west":  { "uv": [ 4.5, 14, 5.5, 16 ], "texture": "#wheel" },
        "east":  { "uv": [ 10.5, 14, 11.5, 16 ], "texture": "#wheel" }
    }
},
{
    "from": [ -5, 2, 11 ],
    "to": [ -3, 2.5, 12 ],
    "faces": {
        "down":  { "uv": [ 16, 12, 16, 11 ], "texture": "#wheel" },
        "up":    { "uv": [ 0, 11, 0, 12 ], "texture": "#wheel" },
        "north": { "uv": [ 16, 13.5, 16, 14 ], "texture": "#wheel" },
        "south": { "uv": [ 0, 13.5, 0, 14 ], "texture": "#wheel" },
        "west":  { "uv": [ 11, 13.5, 12, 14 ], "texture": "#wheel" },
        "east":  { "uv": [ 4, 13.5, 5, 14 ], "texture": "#wheel" }
    }
},
{
    "from": [ -3, 0, 11 ],
    "to": [ -2.5, 2, 12 ],
    "faces": {
        "down":  { "uv": [ 16, 12, 16, 11 ], "texture": "#wheel" },
        "up":    { "uv": [ 0, 11, 0, 12 ], "texture": "#wheel" },
        "north": { "uv": [ 16, 14, 16, 16 ], "texture": "#wheel" },
        "south": { "uv": [ 0, 14, 0, 16 ], "texture": "#wheel" },
        "west":  { "uv": [ 11, 14, 12, 16 ], "texture": "#wheel" },
        "east":  { "uv": [ 4, 14, 5, 16 ], "texture": "#wheel" }
    }
},
{
    "from": [ -5, -0.5, 11 ],
    "to": [ -3, 0, 12 ],
    "faces": {
        "down":  { "uv": [ 16, 12, 16, 11 ], "texture": "#wheel" },
        "up":    { "uv": [ 0, 11, 0, 12 ], "texture": "#wheel" },
        "north": { "uv": [ 16, 16, 16, 16 ], "texture": "#wheel" },
        "south": { "uv": [ 0, 16, 0, 16 ], "texture": "#wheel" },
        "west":  { "uv": [ 11, 16, 12, 16 ], "texture": "#wheel" },
        "east":  { "uv": [ 4, 16, 5, 16 ], "texture": "#wheel" }
    }
},
{
    "from": [ -5, 0, 11 ],
    "to": [ -3, 2, 12 ],
    "faces": {
        "down":  { "uv": [ 16, 12, 16, 11 ], "texture": "#wheel" },
        "up":    { "uv": [ 0, 11, 0, 12 ], "texture": "#wheel" },
        "north": { "uv": [ 16, 14, 16, 16 ], "texture": "#wheel" },
        "south": { "uv": [ 0, 14, 0, 16 ], "texture": "#wheel" },
        "west":  { "uv": [ 11, 14, 12, 16 ], "texture": "#wheel" },
        "east":  { "uv": [ 4, 14, 5, 16 ], "texture": "#wheel" }
    }
},
{
    "from": [ -5.5, 0, 11 ],
    "to": [ -5, 2, 12 ],
    "faces": {
        "down":  { "uv": [ 16, 12, 16, 11 ], "texture": "#wheel" },
        "up":    { "uv": [ 0, 11, 0, 12 ], "texture": "#wheel" },
        "north": { "uv": [ 16, 14, 16, 16 ], "texture": "#wheel" },
        "south": { "uv": [ 0, 14, 0, 16 ], "texture": "#wheel" },
        "west":  { "uv": [ 11, 14, 12, 16 ], "texture": "#wheel" },
        "east":  { "uv": [ 4, 14, 5, 16 ], "texture": "#wheel" }
    }
},
{
    "from": [ 26, 8, -1.5 ],
    "to": [ 30.5, 9, 18 ],
    "faces": {
        "down":  { "uv": [ 0, 16, 0, 0 ], "texture": "#wing" },
        "up":    { "uv": [ 16, 0, 16, 16 ], "texture": "#wing" },
        "north": { "uv": [ 0, 7, 0, 8 ], "texture": "#wing" },
        "south": { "uv": [ 16, 7, 16, 8 ], "texture": "#wing" },
        "west":  { "uv": [ 0, 7, 16, 8 ], "texture": "#wing" },
        "east":  { "uv": [ 0, 7, 16, 8 ], "texture": "#wing" }
    }
},
{
    "from": [ 0.5, 9.5, 7.5 ],
    "to": [ 1.5, 10.5, 8.5 ],
    "faces": {
        "down":  { "uv": [ 16, 5, 11.5, 4 ], "texture": "#wheel" },
        "up":    { "uv": [ 0, 4, 4.5, 5 ], "texture": "#wheel" },
        "north": { "uv": [ 11.5, 0, 16, 5.5 ], "texture": "#wheel" },
        "south": { "uv": [ 0, 0, 4.5, 5.5 ], "texture": "#wheel" },
        "west":  { "uv": [ 4, 0, 5, 5.5 ], "texture": "#wheel" },
        "east":  { "uv": [ 11, 0, 12, 5.5 ], "texture": "#wheel" }
    }
},
{
    "from": [ 1.5, 9.5, 6.5 ],
    "to": [ 2, 10.5, 9.5 ],
    "faces": {
        "down":  { "uv": [ 16, 5, 11.5, 4 ], "texture": "#wheel" },
        "up":    { "uv": [ 0, 4, 4.5, 5 ], "texture": "#wheel" },
        "north": { "uv": [ 11.5, 0, 16, 5.5 ], "texture": "#wheel" },
        "south": { "uv": [ 0, 0, 4.5, 5.5 ], "texture": "#wheel" },
        "west":  { "uv": [ 4, 0, 5, 5.5 ], "texture": "#wheel" },
        "east":  { "uv": [ 11, 0, 12, 5.5 ], "texture": "#wheel" }
    }
},
{
    "from": [ 1.5, 8.5, 6 ],
    "to": [ 2, 11.5, 6.5 ],
    "faces": {
        "down":  { "uv": [ 16, 5, 11.5, 4 ], "texture": "#wheel" },
        "up":    { "uv": [ 0, 4, 4.5, 5 ], "texture": "#wheel" },
        "north": { "uv": [ 11.5, 0, 16, 5.5 ], "texture": "#wheel" },
        "south": { "uv": [ 0, 0, 4.5, 5.5 ], "texture": "#wheel" },
        "west":  { "uv": [ 4, 0, 5, 5.5 ], "texture": "#wheel" },
        "east":  { "uv": [ 11, 0, 12, 5.5 ], "texture": "#wheel" }
    }
},
{
    "from": [ 1.5, 8.5, 9.5 ],
    "to": [ 2, 11.5, 10 ],
    "faces": {
        "down":  { "uv": [ 16, 5, 11.5, 4 ], "texture": "#wheel" },
        "up":    { "uv": [ 0, 4, 4.5, 5 ], "texture": "#wheel" },
        "north": { "uv": [ 11.5, 0, 16, 5.5 ], "texture": "#wheel" },
        "south": { "uv": [ 0, 0, 4.5, 5.5 ], "texture": "#wheel" },
        "west":  { "uv": [ 4, 0, 5, 5.5 ], "texture": "#wheel" },
        "east":  { "uv": [ 11, 0, 12, 5.5 ], "texture": "#wheel" }
    }
},
{
    "from": [ 1.5, 9, 10 ],
    "to": [ 2, 11, 10.5 ],
    "faces": {
        "down":  { "uv": [ 16, 5, 11.5, 4 ], "texture": "#wheel" },
        "up":    { "uv": [ 0, 4, 4.5, 5 ], "texture": "#wheel" },
        "north": { "uv": [ 11.5, 0, 16, 5.5 ], "texture": "#wheel" },
        "south": { "uv": [ 0, 0, 4.5, 5.5 ], "texture": "#wheel" },
        "west":  { "uv": [ 4, 0, 5, 5.5 ], "texture": "#wheel" },
        "east":  { "uv": [ 11, 0, 12, 5.5 ], "texture": "#wheel" }
    }
},
{
    "from": [ 1.5, 9, 5.5 ],
    "to": [ 2, 11, 6 ],
    "faces": {
        "down":  { "uv": [ 16, 5, 11.5, 4 ], "texture": "#wheel" },
        "up":    { "uv": [ 0, 4, 4.5, 5 ], "texture": "#wheel" },
        "north": { "uv": [ 11.5, 0, 16, 5.5 ], "texture": "#wheel" },
        "south": { "uv": [ 0, 0, 4.5, 5.5 ], "texture": "#wheel" },
        "west":  { "uv": [ 4, 0, 5, 5.5 ], "texture": "#wheel" },
        "east":  { "uv": [ 11, 0, 12, 5.5 ], "texture": "#wheel" }
    }
}
],
"display": {
    "thirdperson_righthand": {
        "rotation": [ 0, 0, 0 ],
        "translation": [ 0, 0, 0 ],
        "scale": [ 4, 4, 4 ]
    },
    "head": {
        "rotation": [ 0, -90, 0 ],
        "translation": [ 0, -10, 13.61 ],
        "scale": [ 4, 4, 4 ]
    }
}
}