{
	"credit": "Made with Blockbench",
	"textures": {
		"interiour": "blocks/concrete_black",
		"details": "blocks/concrete_white",
		"taillights": "blocks/concrete_red"
	},
	"elements": [
		{
			"name": "Box804",
			"from": [8.25, 7.25, 7.25],
			"to": [8.75, 9.25, 9.25],
			"faces": {
				"north": {"uv": [11, 6.75, 11.5, 8.75], "texture": "#details"},
				"east": {"uv": [6.75, 6.75, 8.75, 8.75], "texture": "#details"},
				"south": {"uv": [4.5, 6.75, 5, 8.75], "texture": "#details"},
				"west": {"uv": [7.25, 6.75, 9.25, 8.75], "texture": "#details"},
				"up": {"uv": [4.5, 7.25, 5, 9.25], "texture": "#details"},
				"down": {"uv": [4.5, 6.75, 5, 8.75], "texture": "#details"}
			}
		},
		{
			"name": "Box804",
			"from": [8.25, 7.25, 9.25],
			"to": [8.75, 9.25, 9.5],
			"faces": {
				"north": {"uv": [11, 6.75, 11.5, 8.75], "texture": "#details"},
				"east": {"uv": [6.5, 6.75, 6.75, 8.75], "texture": "#details"},
				"south": {"uv": [4.5, 6.75, 5, 8.75], "texture": "#details"},
				"west": {"uv": [9.25, 6.75, 9.5, 8.75], "texture": "#details"},
				"up": {"uv": [4.5, 9.25, 5, 9.5], "texture": "#details"},
				"down": {"uv": [4.5, 6.5, 5, 6.75], "texture": "#details"}
			}
		},
		{
			"name": "Box804",
			"from": [8.25, 9.25, 7.25],
			"to": [8.75, 9.5, 9.25],
			"faces": {
				"north": {"uv": [11, 6.5, 11.5, 6.75], "texture": "#details"},
				"east": {"uv": [6.75, 6.5, 8.75, 6.75], "texture": "#details"},
				"south": {"uv": [4.5, 6.5, 5, 6.75], "texture": "#details"},
				"west": {"uv": [7.25, 6.5, 9.25, 6.75], "texture": "#details"},
				"up": {"uv": [4.5, 7.25, 5, 9.25], "texture": "#details"},
				"down": {"uv": [4.5, 6.75, 5, 8.75], "texture": "#details"}
			}
		},
		{
			"name": "Box804",
			"from": [8.25, 7, 7.25],
			"to": [8.75, 7.25, 9.25],
			"faces": {
				"north": {"uv": [11, 8.75, 11.5, 9], "texture": "#details"},
				"east": {"uv": [6.75, 8.75, 8.75, 9], "texture": "#details"},
				"south": {"uv": [4.5, 8.75, 5, 9], "texture": "#details"},
				"west": {"uv": [7.25, 8.75, 9.25, 9], "texture": "#details"},
				"up": {"uv": [4.5, 7.25, 5, 9.25], "texture": "#details"},
				"down": {"uv": [4.5, 6.75, 5, 8.75], "texture": "#details"}
			}
		},
		{
			"name": "Box804",
			"from": [8.25, 9.5, 7.75],
			"to": [8.75, 9.75, 8.75],
			"faces": {
				"north": {"uv": [11, 6.25, 11.5, 6.5], "texture": "#details"},
				"east": {"uv": [7.25, 6.25, 8.25, 6.5], "texture": "#details"},
				"south": {"uv": [4.5, 6.25, 5, 6.5], "texture": "#details"},
				"west": {"uv": [7.75, 6.25, 8.75, 6.5], "texture": "#details"},
				"up": {"uv": [4.5, 7.75, 5, 8.75], "texture": "#details"},
				"down": {"uv": [4.5, 7.25, 5, 8.25], "texture": "#details"}
			}
		},
		{
			"name": "Box804",
			"from": [8.25, 6.75, 7.75],
			"to": [8.75, 7, 8.75],
			"faces": {
				"north": {"uv": [11, 9, 11.5, 9.25], "texture": "#details"},
				"east": {"uv": [7.25, 9, 8.25, 9.25], "texture": "#details"},
				"south": {"uv": [4.5, 9, 5, 9.25], "texture": "#details"},
				"west": {"uv": [7.75, 9, 8.75, 9.25], "texture": "#details"},
				"up": {"uv": [4.5, 7.75, 5, 8.75], "texture": "#details"},
				"down": {"uv": [4.5, 7.25, 5, 8.25], "texture": "#details"}
			}
		},
		{
			"name": "Box804",
			"from": [8.25, 7.75, 9.5],
			"to": [8.75, 8.75, 9.75],
			"faces": {
				"north": {"uv": [11, 7.25, 11.5, 8.25], "texture": "#details"},
				"east": {"uv": [6.25, 7.25, 6.5, 8.25], "texture": "#details"},
				"south": {"uv": [4.5, 7.25, 5, 8.25], "texture": "#details"},
				"west": {"uv": [9.5, 7.25, 9.75, 8.25], "texture": "#details"},
				"up": {"uv": [4.5, 9.5, 5, 9.75], "texture": "#details"},
				"down": {"uv": [4.5, 6.25, 5, 6.5], "texture": "#details"}
			}
		},
		{
			"name": "Box813",
			"from": [8, 7.75, 6.5],
			"to": [9, 8.75, 7.5],
			"faces": {
				"north": {"uv": [10.75, 7.25, 11.75, 8.25], "texture": "#taillights"},
				"east": {"uv": [8.5, 7.25, 9.5, 8.25], "texture": "#taillights"},
				"south": {"uv": [4.25, 7.25, 5.25, 8.25], "texture": "#taillights"},
				"west": {"uv": [6.5, 7.25, 7.5, 8.25], "texture": "#taillights"},
				"up": {"uv": [4.25, 6.5, 5.25, 7.5], "texture": "#taillights"},
				"down": {"uv": [4.25, 8.5, 5.25, 9.5], "texture": "#taillights"}
			}
		},
		{
			"name": "Box813",
			"from": [8, 8.75, 6.75],
			"to": [9, 9.25, 7.75],
			"faces": {
				"north": {"uv": [7, 6.75, 8, 7.25], "texture": "#taillights"},
				"east": {"uv": [8.25, 6.75, 9.25, 7.25], "texture": "#taillights"},
				"south": {"uv": [8, 6.75, 9, 7.25], "texture": "#taillights"},
				"west": {"uv": [6.75, 6.75, 7.75, 7.25], "texture": "#taillights"},
				"up": {"uv": [8, 6.75, 9, 7.75], "texture": "#taillights"},
				"down": {"uv": [8, 8.25, 9, 9.25], "texture": "#taillights"}
			}
		},
		{
			"name": "Box813",
			"from": [8, 7.25, 6.75],
			"to": [9, 7.75, 7.75],
			"faces": {
				"north": {"uv": [10.75, 8.25, 11.75, 8.75], "texture": "#taillights"},
				"east": {"uv": [8.25, 8.25, 9.25, 8.75], "texture": "#taillights"},
				"south": {"uv": [4.25, 8.25, 5.25, 8.75], "texture": "#taillights"},
				"west": {"uv": [6.75, 8.25, 7.75, 8.75], "texture": "#taillights"},
				"up": {"uv": [4.25, 6.75, 5.25, 7.75], "texture": "#taillights"},
				"down": {"uv": [4.25, 8.25, 5.25, 9.25], "texture": "#taillights"}
			}
		},
		{
			"name": "Box813",
			"from": [8, 7, 7],
			"to": [9, 7.25, 7.75],
			"faces": {
				"north": {"uv": [10.75, 8.75, 11.75, 9], "texture": "#taillights"},
				"east": {"uv": [8.25, 8.75, 9, 9], "texture": "#taillights"},
				"south": {"uv": [4.25, 8.75, 5.25, 9], "texture": "#taillights"},
				"west": {"uv": [7, 8.75, 7.75, 9], "texture": "#taillights"},
				"up": {"uv": [4.25, 7, 5.25, 7.75], "texture": "#taillights"},
				"down": {"uv": [4.25, 8.25, 5.25, 9], "texture": "#taillights"}
			}
		},
		{
			"name": "Box813",
			"from": [8, 9.25, 7],
			"to": [9, 9.5, 7.75],
			"faces": {
				"north": {"uv": [10.75, 6.5, 11.75, 6.75], "texture": "#taillights"},
				"east": {"uv": [8.25, 6.5, 9, 6.75], "texture": "#taillights"},
				"south": {"uv": [4.25, 6.5, 5.25, 6.75], "texture": "#taillights"},
				"west": {"uv": [7, 6.5, 7.75, 6.75], "texture": "#taillights"},
				"up": {"uv": [4.25, 7, 5.25, 7.75], "texture": "#taillights"},
				"down": {"uv": [4.25, 8.25, 5.25, 9], "texture": "#taillights"}
			}
		},
		{
			"name": "Box817",
			"from": [7, 10.5, 6.5],
			"to": [9.5, 10.75, 10],
			"faces": {
				"north": {"uv": [6.5, 5.25, 9, 5.5], "texture": "#interiour"},
				"east": {"uv": [6, 5.25, 9.5, 5.5], "texture": "#interiour"},
				"south": {"uv": [7, 5.25, 9.5, 5.5], "texture": "#interiour"},
				"west": {"uv": [6.5, 5.25, 10, 5.5], "texture": "#interiour"},
				"up": {"uv": [7, 6.5, 9.5, 10], "texture": "#interiour"},
				"down": {"uv": [7, 6, 9.5, 9.5], "texture": "#interiour"}
			}
		},
		{
			"name": "Box817",
			"from": [7, 10.75, 7],
			"to": [9.5, 11, 9.5],
			"faces": {
				"north": {"uv": [6.5, 5, 9, 5.25], "texture": "#interiour"},
				"east": {"uv": [6.5, 5, 9, 5.25], "texture": "#interiour"},
				"south": {"uv": [7, 5, 9.5, 5.25], "texture": "#interiour"},
				"west": {"uv": [7, 5, 9.5, 5.25], "texture": "#interiour"},
				"up": {"uv": [7, 7, 9.5, 9.5], "texture": "#interiour"},
				"down": {"uv": [7, 6.5, 9.5, 9], "texture": "#interiour"}
			}
		},
		{
			"name": "Box817",
			"from": [7, 11, 7.75],
			"to": [9.5, 11.25, 8.75],
			"faces": {
				"north": {"uv": [6.5, 4.75, 9, 5], "texture": "#interiour"},
				"east": {"uv": [7.25, 4.75, 8.25, 5], "texture": "#interiour"},
				"south": {"uv": [7, 4.75, 9.5, 5], "texture": "#interiour"},
				"west": {"uv": [7.75, 4.75, 8.75, 5], "texture": "#interiour"},
				"up": {"uv": [7, 7.75, 9.5, 8.75], "texture": "#interiour"},
				"down": {"uv": [7, 7.25, 9.5, 8.25], "texture": "#interiour"}
			}
		},
		{
			"name": "Box817",
			"from": [7, 5.75, 6.5],
			"to": [9.5, 6, 10],
			"faces": {
				"north": {"uv": [6.5, 10, 9, 10.25], "texture": "#interiour"},
				"east": {"uv": [6, 10, 9.5, 10.25], "texture": "#interiour"},
				"south": {"uv": [7, 10, 9.5, 10.25], "texture": "#interiour"},
				"west": {"uv": [6.5, 10, 10, 10.25], "texture": "#interiour"},
				"up": {"uv": [7, 6.5, 9.5, 10], "texture": "#interiour"},
				"down": {"uv": [7, 6, 9.5, 9.5], "texture": "#interiour"}
			}
		},
		{
			"name": "Box817",
			"from": [7, 5.5, 7],
			"to": [9.5, 5.75, 9.5],
			"faces": {
				"north": {"uv": [6.5, 10.25, 9, 10.5], "texture": "#interiour"},
				"east": {"uv": [6.5, 10.25, 9, 10.5], "texture": "#interiour"},
				"south": {"uv": [7, 10.25, 9.5, 10.5], "texture": "#interiour"},
				"west": {"uv": [7, 10.25, 9.5, 10.5], "texture": "#interiour"},
				"up": {"uv": [7, 7, 9.5, 9.5], "texture": "#interiour"},
				"down": {"uv": [7, 6.5, 9.5, 9], "texture": "#interiour"}
			}
		},
		{
			"name": "Box817",
			"from": [7, 5.25, 7.75],
			"to": [9.5, 5.5, 8.75],
			"faces": {
				"north": {"uv": [6.5, 10.5, 9, 10.75], "texture": "#interiour"},
				"east": {"uv": [7.25, 10.5, 8.25, 10.75], "texture": "#interiour"},
				"south": {"uv": [7, 10.5, 9.5, 10.75], "texture": "#interiour"},
				"west": {"uv": [7.75, 10.5, 8.75, 10.75], "texture": "#interiour"},
				"up": {"uv": [7, 7.75, 9.5, 8.75], "texture": "#interiour"},
				"down": {"uv": [7, 7.25, 9.5, 8.25], "texture": "#interiour"}
			}
		},
		{
			"name": "Box817",
			"from": [7, 6.5, 10.5],
			"to": [9.5, 10, 10.75],
			"faces": {
				"north": {"uv": [6.5, 6, 9, 9.5], "texture": "#interiour"},
				"east": {"uv": [5.25, 6, 5.5, 9.5], "texture": "#interiour"},
				"south": {"uv": [7, 6, 9.5, 9.5], "texture": "#interiour"},
				"west": {"uv": [10.5, 6, 10.75, 9.5], "texture": "#interiour"},
				"up": {"uv": [7, 10.5, 9.5, 10.75], "texture": "#interiour"},
				"down": {"uv": [7, 5.25, 9.5, 5.5], "texture": "#interiour"}
			}
		},
		{
			"name": "Box817",
			"from": [7, 7, 10.75],
			"to": [9.5, 9.5, 11],
			"faces": {
				"north": {"uv": [6.5, 6.5, 9, 9], "texture": "#interiour"},
				"east": {"uv": [5, 6.5, 5.25, 9], "texture": "#interiour"},
				"south": {"uv": [7, 6.5, 9.5, 9], "texture": "#interiour"},
				"west": {"uv": [10.75, 6.5, 11, 9], "texture": "#interiour"},
				"up": {"uv": [7, 10.75, 9.5, 11], "texture": "#interiour"},
				"down": {"uv": [7, 5, 9.5, 5.25], "texture": "#interiour"}
			}
		},
		{
			"name": "Box817",
			"from": [7, 7.75, 11],
			"to": [9.5, 8.75, 11.25],
			"faces": {
				"north": {"uv": [6.5, 7.25, 9, 8.25], "texture": "#interiour"},
				"east": {"uv": [4.75, 7.25, 5, 8.25], "texture": "#interiour"},
				"south": {"uv": [7, 7.25, 9.5, 8.25], "texture": "#interiour"},
				"west": {"uv": [11, 7.25, 11.25, 8.25], "texture": "#interiour"},
				"up": {"uv": [7, 11, 9.5, 11.25], "texture": "#interiour"},
				"down": {"uv": [7, 4.75, 9.5, 5], "texture": "#interiour"}
			}
		},
		{
			"name": "Box817",
			"from": [7, 7.75, 5.25],
			"to": [9.5, 8.75, 5.5],
			"faces": {
				"north": {"uv": [6.5, 7.25, 9, 8.25], "texture": "#interiour"},
				"east": {"uv": [10.5, 7.25, 10.75, 8.25], "texture": "#interiour"},
				"south": {"uv": [7, 7.25, 9.5, 8.25], "texture": "#interiour"},
				"west": {"uv": [5.25, 7.25, 5.5, 8.25], "texture": "#interiour"},
				"up": {"uv": [7, 5.25, 9.5, 5.5], "texture": "#interiour"},
				"down": {"uv": [7, 10.5, 9.5, 10.75], "texture": "#interiour"}
			}
		},
		{
			"name": "Box817",
			"from": [7, 7, 5.5],
			"to": [9.5, 9.5, 5.75],
			"faces": {
				"north": {"uv": [6.5, 6.5, 9, 9], "texture": "#interiour"},
				"east": {"uv": [10.25, 6.5, 10.5, 9], "texture": "#interiour"},
				"south": {"uv": [7, 6.5, 9.5, 9], "texture": "#interiour"},
				"west": {"uv": [5.5, 6.5, 5.75, 9], "texture": "#interiour"},
				"up": {"uv": [7, 5.5, 9.5, 5.75], "texture": "#interiour"},
				"down": {"uv": [7, 10.25, 9.5, 10.5], "texture": "#interiour"}
			}
		},
		{
			"name": "Box817",
			"from": [7, 6.5, 5.75],
			"to": [9.5, 10, 6],
			"faces": {
				"north": {"uv": [6.5, 6, 9, 9.5], "texture": "#interiour"},
				"east": {"uv": [10, 6, 10.25, 9.5], "texture": "#interiour"},
				"south": {"uv": [7, 6, 9.5, 9.5], "texture": "#interiour"},
				"west": {"uv": [5.75, 6, 6, 9.5], "texture": "#interiour"},
				"up": {"uv": [7, 5.75, 9.5, 6], "texture": "#interiour"},
				"down": {"uv": [7, 10, 9.5, 10.25], "texture": "#interiour"}
			}
		},
		{
			"name": "Box817",
			"from": [7, 10.25, 6.25],
			"to": [9.5, 10.5, 10.25],
			"faces": {
				"north": {"uv": [6.5, 5.5, 9, 5.75], "texture": "#interiour"},
				"east": {"uv": [5.75, 5.5, 9.75, 5.75], "texture": "#interiour"},
				"south": {"uv": [7, 5.5, 9.5, 5.75], "texture": "#interiour"},
				"west": {"uv": [6.25, 5.5, 10.25, 5.75], "texture": "#interiour"},
				"up": {"uv": [7, 6.25, 9.5, 10.25], "texture": "#interiour"},
				"down": {"uv": [7, 5.75, 9.5, 9.75], "texture": "#interiour"}
			}
		},
		{
			"name": "Box817",
			"from": [7, 10, 6],
			"to": [9.5, 10.25, 7.25],
			"faces": {
				"north": {"uv": [6.5, 5.75, 9, 6], "texture": "#interiour"},
				"east": {"uv": [8.75, 5.75, 10, 6], "texture": "#interiour"},
				"south": {"uv": [7, 5.75, 9.5, 6], "texture": "#interiour"},
				"west": {"uv": [6, 5.75, 7.25, 6], "texture": "#interiour"},
				"up": {"uv": [7, 6, 9.5, 7.25], "texture": "#interiour"},
				"down": {"uv": [7, 8.75, 9.5, 10], "texture": "#interiour"}
			}
		},
		{
			"name": "Box817",
			"from": [7, 6, 6.25],
			"to": [9.5, 6.25, 10.25],
			"faces": {
				"north": {"uv": [6.5, 9.75, 9, 10], "texture": "#interiour"},
				"east": {"uv": [5.75, 9.75, 9.75, 10], "texture": "#interiour"},
				"south": {"uv": [7, 9.75, 9.5, 10], "texture": "#interiour"},
				"west": {"uv": [6.25, 9.75, 10.25, 10], "texture": "#interiour"},
				"up": {"uv": [7, 6.25, 9.5, 10.25], "texture": "#interiour"},
				"down": {"uv": [7, 5.75, 9.5, 9.75], "texture": "#interiour"}
			}
		},
		{
			"name": "Box817",
			"from": [7, 6.25, 6],
			"to": [9.5, 6.5, 7.25],
			"faces": {
				"north": {"uv": [6.5, 9.5, 9, 9.75], "texture": "#interiour"},
				"east": {"uv": [8.75, 9.5, 10, 9.75], "texture": "#interiour"},
				"south": {"uv": [7, 9.5, 9.5, 9.75], "texture": "#interiour"},
				"west": {"uv": [6, 9.5, 7.25, 9.75], "texture": "#interiour"},
				"up": {"uv": [7, 6, 9.5, 7.25], "texture": "#interiour"},
				"down": {"uv": [7, 8.75, 9.5, 10], "texture": "#interiour"}
			}
		},
		{
			"name": "Box817",
			"from": [7, 6.5, 6],
			"to": [9.5, 10, 6.25],
			"faces": {
				"north": {"uv": [6.5, 6, 9, 9.5], "texture": "#interiour"},
				"east": {"uv": [9.75, 6, 10, 9.5], "texture": "#interiour"},
				"south": {"uv": [7, 6, 9.5, 9.5], "texture": "#interiour"},
				"west": {"uv": [6, 6, 6.25, 9.5], "texture": "#interiour"},
				"up": {"uv": [7, 6, 9.5, 6.25], "texture": "#interiour"},
				"down": {"uv": [7, 9.75, 9.5, 10], "texture": "#interiour"}
			}
		},
		{
			"name": "Box817",
			"from": [7, 6.5, 10.25],
			"to": [9.5, 10, 10.5],
			"faces": {
				"north": {"uv": [6.5, 6, 9, 9.5], "texture": "#interiour"},
				"east": {"uv": [5.5, 6, 5.75, 9.5], "texture": "#interiour"},
				"south": {"uv": [7, 6, 9.5, 9.5], "texture": "#interiour"},
				"west": {"uv": [10.25, 6, 10.5, 9.5], "texture": "#interiour"},
				"up": {"uv": [7, 10.25, 9.5, 10.5], "texture": "#interiour"},
				"down": {"uv": [7, 5.5, 9.5, 5.75], "texture": "#interiour"}
			}
		},
		{
			"name": "Box817",
			"from": [7, 9.75, 6.5],
			"to": [9.5, 10, 7.001],
			"faces": {
				"north": {"uv": [6.5, 6, 9, 6.25], "texture": "#interiour"},
				"east": {"uv": [8.999, 6, 9.5, 6.25], "texture": "#interiour"},
				"south": {"uv": [7, 6, 9.5, 6.25], "texture": "#interiour"},
				"west": {"uv": [6.5, 6, 7.001, 6.25], "texture": "#interiour"},
				"up": {"uv": [7, 6.5, 9.5, 7.001], "texture": "#interiour"},
				"down": {"uv": [7, 8.999, 9.5, 9.5], "texture": "#interiour"}
			}
		},
		{
			"name": "Box817",
			"from": [7, 9.75, 9.5],
			"to": [9.5, 10, 10.001],
			"faces": {
				"north": {"uv": [6.5, 6, 9, 6.25], "texture": "#interiour"},
				"east": {"uv": [5.999, 6, 6.5, 6.25], "texture": "#interiour"},
				"south": {"uv": [7, 6, 9.5, 6.25], "texture": "#interiour"},
				"west": {"uv": [9.5, 6, 10.001, 6.25], "texture": "#interiour"},
				"up": {"uv": [7, 9.5, 9.5, 10.001], "texture": "#interiour"},
				"down": {"uv": [7, 5.999, 9.5, 6.5], "texture": "#interiour"}
			}
		},
		{
			"name": "Box817",
			"from": [7, 6.5, 9.5],
			"to": [9.5, 6.75, 10.001],
			"faces": {
				"north": {"uv": [6.5, 9.25, 9, 9.5], "texture": "#interiour"},
				"east": {"uv": [5.999, 9.25, 6.5, 9.5], "texture": "#interiour"},
				"south": {"uv": [7, 9.25, 9.5, 9.5], "texture": "#interiour"},
				"west": {"uv": [9.5, 9.25, 10.001, 9.5], "texture": "#interiour"},
				"up": {"uv": [7, 9.5, 9.5, 10.001], "texture": "#interiour"},
				"down": {"uv": [7, 5.999, 9.5, 6.5], "texture": "#interiour"}
			}
		},
		{
			"name": "Box817",
			"from": [7, 6.5, 6.5],
			"to": [9.5, 6.75, 7.001],
			"faces": {
				"north": {"uv": [6.5, 9.25, 9, 9.5], "texture": "#interiour"},
				"east": {"uv": [8.999, 9.25, 9.5, 9.5], "texture": "#interiour"},
				"south": {"uv": [7, 9.25, 9.5, 9.5], "texture": "#interiour"},
				"west": {"uv": [6.5, 9.25, 7.001, 9.5], "texture": "#interiour"},
				"up": {"uv": [7, 6.5, 9.5, 7.001], "texture": "#interiour"},
				"down": {"uv": [7, 8.999, 9.5, 9.5], "texture": "#interiour"}
			}
		},
		{
			"name": "Box817",
			"from": [7, 6.75, 6.5],
			"to": [9.5, 7, 6.751],
			"faces": {
				"north": {"uv": [6.5, 9, 9, 9.25], "texture": "#interiour"},
				"east": {"uv": [9.249, 9, 9.5, 9.25], "texture": "#interiour"},
				"south": {"uv": [7, 9, 9.5, 9.25], "texture": "#interiour"},
				"west": {"uv": [6.5, 9, 6.751, 9.25], "texture": "#interiour"},
				"up": {"uv": [7, 6.5, 9.5, 6.751], "texture": "#interiour"},
				"down": {"uv": [7, 9.249, 9.5, 9.5], "texture": "#interiour"}
			}
		},
		{
			"name": "Box817",
			"from": [7, 6.75, 9.75],
			"to": [9.5, 7, 10.001],
			"faces": {
				"north": {"uv": [6.5, 9, 9, 9.25], "texture": "#interiour"},
				"east": {"uv": [5.999, 9, 6.25, 9.25], "texture": "#interiour"},
				"south": {"uv": [7, 9, 9.5, 9.25], "texture": "#interiour"},
				"west": {"uv": [9.75, 9, 10.001, 9.25], "texture": "#interiour"},
				"up": {"uv": [7, 9.75, 9.5, 10.001], "texture": "#interiour"},
				"down": {"uv": [7, 5.999, 9.5, 6.25], "texture": "#interiour"}
			}
		},
		{
			"name": "Box817",
			"from": [7, 9.5, 9.75],
			"to": [9.5, 9.75, 10.001],
			"faces": {
				"north": {"uv": [6.5, 6.25, 9, 6.5], "texture": "#interiour"},
				"east": {"uv": [5.999, 6.25, 6.25, 6.5], "texture": "#interiour"},
				"south": {"uv": [7, 6.25, 9.5, 6.5], "texture": "#interiour"},
				"west": {"uv": [9.75, 6.25, 10.001, 6.5], "texture": "#interiour"},
				"up": {"uv": [7, 9.75, 9.5, 10.001], "texture": "#interiour"},
				"down": {"uv": [7, 5.999, 9.5, 6.25], "texture": "#interiour"}
			}
		},
		{
			"name": "Box817",
			"from": [7, 9.5, 6.5],
			"to": [9.5, 9.75, 6.751],
			"faces": {
				"north": {"uv": [6.5, 6.25, 9, 6.5], "texture": "#interiour"},
				"east": {"uv": [9.249, 6.25, 9.5, 6.5], "texture": "#interiour"},
				"south": {"uv": [7, 6.25, 9.5, 6.5], "texture": "#interiour"},
				"west": {"uv": [6.5, 6.25, 6.751, 6.5], "texture": "#interiour"},
				"up": {"uv": [7, 6.5, 9.5, 6.751], "texture": "#interiour"},
				"down": {"uv": [7, 9.249, 9.5, 9.5], "texture": "#interiour"}
			}
		},
		{
			"name": "Box817",
			"from": [7, 9.25, 6.5],
			"to": [9.5, 9.5, 6.751],
			"faces": {
				"north": {"uv": [6.5, 6.5, 9, 6.75], "texture": "#details", "tintindex": 0},
				"east": {"uv": [9.249, 6.5, 9.5, 6.75], "texture": "#details", "tintindex": 0},
				"south": {"uv": [7, 6.5, 9.5, 6.75], "texture": "#details", "tintindex": 0},
				"west": {"uv": [6.5, 6.5, 6.751, 6.75], "texture": "#details", "tintindex": 0},
				"up": {"uv": [7, 6.5, 9.5, 6.751], "texture": "#details", "tintindex": 0},
				"down": {"uv": [7, 9.249, 9.5, 9.5], "texture": "#details", "tintindex": 0}
			}
		},
		{
			"name": "Box817",
			"from": [7, 9.5, 6.75],
			"to": [9.5, 9.75, 7.001],
			"faces": {
				"north": {"uv": [6.5, 6.25, 9, 6.5], "texture": "#details", "tintindex": 0},
				"east": {"uv": [8.999, 6.25, 9.25, 6.5], "texture": "#details", "tintindex": 0},
				"south": {"uv": [7, 6.25, 9.5, 6.5], "texture": "#details", "tintindex": 0},
				"west": {"uv": [6.75, 6.25, 7.001, 6.5], "texture": "#details", "tintindex": 0},
				"up": {"uv": [7, 6.75, 9.5, 7.001], "texture": "#details", "tintindex": 0},
				"down": {"uv": [7, 8.999, 9.5, 9.25], "texture": "#details", "tintindex": 0}
			}
		},
		{
			"name": "Box817",
			"from": [7, 9.75, 7],
			"to": [9.5, 10, 7.251],
			"faces": {
				"north": {"uv": [6.5, 6, 9, 6.25], "texture": "#details", "tintindex": 0},
				"east": {"uv": [8.749, 6, 9, 6.25], "texture": "#details", "tintindex": 0},
				"south": {"uv": [7, 6, 9.5, 6.25], "texture": "#details", "tintindex": 0},
				"west": {"uv": [7, 6, 7.251, 6.25], "texture": "#details", "tintindex": 0},
				"up": {"uv": [7, 7, 9.5, 7.251], "texture": "#details", "tintindex": 0},
				"down": {"uv": [7, 8.749, 9.5, 9], "texture": "#details", "tintindex": 0}
			}
		},
		{
			"name": "Box817",
			"from": [7, 9.75, 9.25],
			"to": [9.5, 10, 9.501],
			"faces": {
				"north": {"uv": [6.5, 6, 9, 6.25], "texture": "#details", "tintindex": 0},
				"east": {"uv": [6.499, 6, 6.75, 6.25], "texture": "#details", "tintindex": 0},
				"south": {"uv": [7, 6, 9.5, 6.25], "texture": "#details", "tintindex": 0},
				"west": {"uv": [9.25, 6, 9.501, 6.25], "texture": "#details", "tintindex": 0},
				"up": {"uv": [7, 9.25, 9.5, 9.501], "texture": "#details", "tintindex": 0},
				"down": {"uv": [7, 6.499, 9.5, 6.75], "texture": "#details", "tintindex": 0}
			}
		},
		{
			"name": "Box817",
			"from": [7, 9.5, 9.5],
			"to": [9.5, 9.75, 9.751],
			"faces": {
				"north": {"uv": [6.5, 6.25, 9, 6.5], "texture": "#details", "tintindex": 0},
				"east": {"uv": [6.249, 6.25, 6.5, 6.5], "texture": "#details", "tintindex": 0},
				"south": {"uv": [7, 6.25, 9.5, 6.5], "texture": "#details", "tintindex": 0},
				"west": {"uv": [9.5, 6.25, 9.751, 6.5], "texture": "#details", "tintindex": 0},
				"up": {"uv": [7, 9.5, 9.5, 9.751], "texture": "#details", "tintindex": 0},
				"down": {"uv": [7, 6.249, 9.5, 6.5], "texture": "#details", "tintindex": 0}
			}
		},
		{
			"name": "Box817",
			"from": [7, 9.25, 9.75],
			"to": [9.5, 9.5, 10.001],
			"faces": {
				"north": {"uv": [6.5, 6.5, 9, 6.75], "texture": "#details", "tintindex": 0},
				"east": {"uv": [5.999, 6.5, 6.25, 6.75], "texture": "#details", "tintindex": 0},
				"south": {"uv": [7, 6.5, 9.5, 6.75], "texture": "#details", "tintindex": 0},
				"west": {"uv": [9.75, 6.5, 10.001, 6.75], "texture": "#details", "tintindex": 0},
				"up": {"uv": [7, 9.75, 9.5, 10.001], "texture": "#details", "tintindex": 0},
				"down": {"uv": [7, 5.999, 9.5, 6.25], "texture": "#details", "tintindex": 0}
			}
		},
		{
			"name": "Box817",
			"from": [7, 7, 9.75],
			"to": [9.5, 7.25, 10.001],
			"faces": {
				"north": {"uv": [6.5, 8.75, 9, 9], "texture": "#details", "tintindex": 0},
				"east": {"uv": [5.999, 8.75, 6.25, 9], "texture": "#details", "tintindex": 0},
				"south": {"uv": [7, 8.75, 9.5, 9], "texture": "#details", "tintindex": 0},
				"west": {"uv": [9.75, 8.75, 10.001, 9], "texture": "#details", "tintindex": 0},
				"up": {"uv": [7, 9.75, 9.5, 10.001], "texture": "#details", "tintindex": 0},
				"down": {"uv": [7, 5.999, 9.5, 6.25], "texture": "#details", "tintindex": 0}
			}
		},
		{
			"name": "Box817",
			"from": [7, 6.75, 9.5],
			"to": [9.5, 7, 9.751],
			"faces": {
				"north": {"uv": [6.5, 9, 9, 9.25], "texture": "#details", "tintindex": 0},
				"east": {"uv": [6.249, 9, 6.5, 9.25], "texture": "#details", "tintindex": 0},
				"south": {"uv": [7, 9, 9.5, 9.25], "texture": "#details", "tintindex": 0},
				"west": {"uv": [9.5, 9, 9.751, 9.25], "texture": "#details", "tintindex": 0},
				"up": {"uv": [7, 9.5, 9.5, 9.751], "texture": "#details", "tintindex": 0},
				"down": {"uv": [7, 6.249, 9.5, 6.5], "texture": "#details", "tintindex": 0}
			}
		},
		{
			"name": "Box817",
			"from": [7, 6.5, 9.25],
			"to": [9.5, 6.75, 9.501],
			"faces": {
				"north": {"uv": [6.5, 9.25, 9, 9.5], "texture": "#details", "tintindex": 0},
				"east": {"uv": [6.499, 9.25, 6.75, 9.5], "texture": "#details", "tintindex": 0},
				"south": {"uv": [7, 9.25, 9.5, 9.5], "texture": "#details", "tintindex": 0},
				"west": {"uv": [9.25, 9.25, 9.501, 9.5], "texture": "#details", "tintindex": 0},
				"up": {"uv": [7, 9.25, 9.5, 9.501], "texture": "#details", "tintindex": 0},
				"down": {"uv": [7, 6.499, 9.5, 6.75], "texture": "#details", "tintindex": 0}
			}
		},
		{
			"name": "Box817",
			"from": [7, 6.5, 7],
			"to": [9.5, 6.75, 7.251],
			"faces": {
				"north": {"uv": [6.5, 9.25, 9, 9.5], "texture": "#details", "tintindex": 0},
				"east": {"uv": [8.749, 9.25, 9, 9.5], "texture": "#details", "tintindex": 0},
				"south": {"uv": [7, 9.25, 9.5, 9.5], "texture": "#details", "tintindex": 0},
				"west": {"uv": [7, 9.25, 7.251, 9.5], "texture": "#details", "tintindex": 0},
				"up": {"uv": [7, 7, 9.5, 7.251], "texture": "#details", "tintindex": 0},
				"down": {"uv": [7, 8.749, 9.5, 9], "texture": "#details", "tintindex": 0}
			}
		},
		{
			"name": "Box817",
			"from": [7, 6.75, 6.75],
			"to": [9.5, 7, 7.001],
			"faces": {
				"north": {"uv": [6.5, 9, 9, 9.25], "texture": "#details", "tintindex": 0},
				"east": {"uv": [8.999, 9, 9.25, 9.25], "texture": "#details", "tintindex": 0},
				"south": {"uv": [7, 9, 9.5, 9.25], "texture": "#details", "tintindex": 0},
				"west": {"uv": [6.75, 9, 7.001, 9.25], "texture": "#details", "tintindex": 0},
				"up": {"uv": [7, 6.75, 9.5, 7.001], "texture": "#details", "tintindex": 0},
				"down": {"uv": [7, 8.999, 9.5, 9.25], "texture": "#details", "tintindex": 0}
			}
		},
		{
			"name": "Box817",
			"from": [7, 7, 6.5],
			"to": [9.5, 7.25, 6.751],
			"faces": {
				"north": {"uv": [6.5, 8.75, 9, 9], "texture": "#details", "tintindex": 0},
				"east": {"uv": [9.249, 8.75, 9.5, 9], "texture": "#details", "tintindex": 0},
				"south": {"uv": [7, 8.75, 9.5, 9], "texture": "#details", "tintindex": 0},
				"west": {"uv": [6.5, 8.75, 6.751, 9], "texture": "#details", "tintindex": 0},
				"up": {"uv": [7, 6.5, 9.5, 6.751], "texture": "#details", "tintindex": 0},
				"down": {"uv": [7, 9.249, 9.5, 9.5], "texture": "#details", "tintindex": 0}
			}
		},
		{
			"name": "Box854",
			"from": [7.25, 6.25, 9],
			"to": [7.5, 10.5, 9.25],
			"rotation": {"angle": -22.5, "axis": "x", "origin": [7.25, 6.25, 9]},
			"faces": {
				"north": {"uv": [8.5, 6, 9.5, 9], "texture": "#details", "tintindex": 0},
				"east": {"uv": [7.75, 6, 8, 9], "texture": "#details", "tintindex": 0},
				"south": {"uv": [6.5, 6, 7.5, 9], "texture": "#details", "tintindex": 0},
				"west": {"uv": [8, 6, 8.25, 9], "texture": "#details", "tintindex": 0},
				"up": {"uv": [6.5, 8, 7.5, 8.25], "texture": "#details", "tintindex": 0},
				"down": {"uv": [6.5, 7.75, 7.5, 8], "texture": "#details", "tintindex": 0}
			}
		},
		{
			"name": "Box854",
			"from": [7.25, 6.25, 7.25],
			"to": [7.5, 10.5, 7.5],
			"rotation": {"angle": 22.5, "axis": "x", "origin": [7.25, 6.25, 7.25]},
			"faces": {
				"north": {"uv": [8.5, 6, 9.5, 9], "texture": "#details", "tintindex": 0},
				"east": {"uv": [7.75, 6, 8, 9], "texture": "#details", "tintindex": 0},
				"south": {"uv": [6.5, 6, 7.5, 9], "texture": "#details", "tintindex": 0},
				"west": {"uv": [8, 6, 8.25, 9], "texture": "#details", "tintindex": 0},
				"up": {"uv": [6.5, 8, 7.5, 8.25], "texture": "#details", "tintindex": 0},
				"down": {"uv": [6.5, 7.75, 7.5, 8], "texture": "#details", "tintindex": 0}
			}
		},
		{
			"name": "Box854",
			"from": [7.25, 7.25, 6.25],
			"to": [7.5, 7.501, 11],
			"rotation": {"angle": -22.5, "axis": "x", "origin": [7.25, 7.25, 6.25]},
			"faces": {
				"north": {"uv": [8.5, 6, 9.5, 9], "texture": "#details", "tintindex": 0},
				"east": {"uv": [7.75, 6, 8, 9], "texture": "#details", "tintindex": 0},
				"south": {"uv": [6.5, 6, 7.5, 9], "texture": "#details", "tintindex": 0},
				"west": {"uv": [8, 6, 8.25, 9], "texture": "#details", "tintindex": 0},
				"up": {"uv": [6.5, 8, 7.5, 8.25], "texture": "#details", "tintindex": 0},
				"down": {"uv": [6.5, 7.75, 7.5, 8], "texture": "#details", "tintindex": 0}
			}
		},
		{
			"name": "Box854",
			"from": [7.25, 9, 6],
			"to": [7.5, 9.251, 10.75],
			"rotation": {"angle": 22.5, "axis": "x", "origin": [7.25, 9, 6]},
			"faces": {
				"north": {"uv": [8.5, 6, 9.5, 9], "texture": "#details", "tintindex": 0},
				"east": {"uv": [7.75, 6, 8, 9], "texture": "#details", "tintindex": 0},
				"south": {"uv": [6.5, 6, 7.5, 9], "texture": "#details", "tintindex": 0},
				"west": {"uv": [8, 6, 8.25, 9], "texture": "#details", "tintindex": 0},
				"up": {"uv": [6.5, 8, 7.5, 8.25], "texture": "#details", "tintindex": 0},
				"down": {"uv": [6.5, 7.75, 7.5, 8], "texture": "#details", "tintindex": 0}
			}
		},
		{
			"name": "Box854",
			"from": [7.25, 9.75, 6.5],
			"to": [7.5, 10.001, 11.25],
			"rotation": {"angle": 45, "axis": "x", "origin": [7.25, 9.75, 6.5]},
			"faces": {
				"north": {"uv": [8.5, 6, 9.5, 9], "texture": "#details", "tintindex": 0},
				"east": {"uv": [7.75, 6, 8, 9], "texture": "#details", "tintindex": 0},
				"south": {"uv": [6.5, 6, 7.5, 9], "texture": "#details", "tintindex": 0},
				"west": {"uv": [8, 6, 8.25, 9], "texture": "#details", "tintindex": 0},
				"up": {"uv": [6.5, 8, 7.5, 8.25], "texture": "#details", "tintindex": 0},
				"down": {"uv": [6.5, 7.75, 7.5, 8], "texture": "#details", "tintindex": 0}
			}
		},
		{
			"name": "Box854",
			"from": [7.25, 6.5, 6.75],
			"to": [7.5, 6.751, 11.5],
			"rotation": {"angle": -45, "axis": "x", "origin": [7.25, 6.5, 6.75]},
			"faces": {
				"north": {"uv": [8.5, 6, 9.5, 9], "texture": "#details", "tintindex": 0},
				"east": {"uv": [7.75, 6, 8, 9], "texture": "#details", "tintindex": 0},
				"south": {"uv": [6.5, 6, 7.5, 9], "texture": "#details", "tintindex": 0},
				"west": {"uv": [8, 6, 8.25, 9], "texture": "#details", "tintindex": 0},
				"up": {"uv": [6.5, 8, 7.5, 8.25], "texture": "#details", "tintindex": 0},
				"down": {"uv": [6.5, 7.75, 7.5, 8], "texture": "#details", "tintindex": 0}
			}
		},
		{
			"name": "Box854",
			"from": [7.25, 8.125, 6.5],
			"to": [7.5, 8.375, 10],
			"faces": {
				"north": {"uv": [8.5, 6, 9.5, 9], "texture": "#details", "tintindex": 0},
				"east": {"uv": [7.75, 6, 8, 9], "texture": "#details", "tintindex": 0},
				"south": {"uv": [6.5, 6, 7.5, 9], "texture": "#details", "tintindex": 0},
				"west": {"uv": [8, 6, 8.25, 9], "texture": "#details", "tintindex": 0},
				"up": {"uv": [6.5, 8, 7.5, 8.25], "texture": "#details", "tintindex": 0},
				"down": {"uv": [6.5, 7.75, 7.5, 8], "texture": "#details", "tintindex": 0}
			}
		},
		{
			"name": "Box854",
			"from": [7.25, 6.5, 8.125],
			"to": [7.5, 10.001, 8.376],
			"faces": {
				"north": {"uv": [8.5, 6, 9.5, 9], "texture": "#details", "tintindex": 0},
				"east": {"uv": [7.75, 6, 8, 9], "texture": "#details", "tintindex": 0},
				"south": {"uv": [6.5, 6, 7.5, 9], "texture": "#details", "tintindex": 0},
				"west": {"uv": [8, 6, 8.25, 9], "texture": "#details", "tintindex": 0},
				"up": {"uv": [6.5, 8, 7.5, 8.25], "texture": "#details", "tintindex": 0},
				"down": {"uv": [6.5, 7.75, 7.5, 8], "texture": "#details", "tintindex": 0}
			}
		},
		{
			"name": "Box817",
			"from": [7, 6.25, 9.25],
			"to": [9.5, 6.5, 10.5],
			"faces": {
				"north": {"uv": [6.5, 9.5, 9, 9.75], "texture": "#interiour"},
				"east": {"uv": [5.5, 9.5, 6.75, 9.75], "texture": "#interiour"},
				"south": {"uv": [7, 9.5, 9.5, 9.75], "texture": "#interiour"},
				"west": {"uv": [9.25, 9.5, 10.5, 9.75], "texture": "#interiour"},
				"up": {"uv": [7, 9.25, 9.5, 10.5], "texture": "#interiour"},
				"down": {"uv": [7, 5.5, 9.5, 6.75], "texture": "#interiour"}
			}
		},
		{
			"name": "Box817",
			"from": [7, 6.25, 7.25],
			"to": [9.5, 6.5, 9.25],
			"faces": {
				"north": {"uv": [6.5, 9.5, 9, 9.75], "texture": "#details", "tintindex": 0},
				"east": {"uv": [6.75, 9.5, 8.75, 9.75], "texture": "#details", "tintindex": 0},
				"south": {"uv": [7, 9.5, 9.5, 9.75], "texture": "#details", "tintindex": 0},
				"west": {"uv": [7.25, 9.5, 9.25, 9.75], "texture": "#details", "tintindex": 0},
				"up": {"uv": [7, 7.25, 9.5, 9.25], "texture": "#details", "tintindex": 0},
				"down": {"uv": [7, 6.75, 9.5, 8.75], "texture": "#details", "tintindex": 0}
			}
		},
		{
			"name": "Box817",
			"from": [7, 6.5, 10],
			"to": [9.5, 7.25, 10.25],
			"faces": {
				"north": {"uv": [6.5, 8.75, 9, 9.5], "texture": "#interiour"},
				"east": {"uv": [5.75, 8.75, 6, 9.5], "texture": "#interiour"},
				"south": {"uv": [7, 8.75, 9.5, 9.5], "texture": "#interiour"},
				"west": {"uv": [10, 8.75, 10.25, 9.5], "texture": "#interiour"},
				"up": {"uv": [7, 10, 9.5, 10.25], "texture": "#interiour"},
				"down": {"uv": [7, 5.75, 9.5, 6], "texture": "#interiour"}
			}
		},
		{
			"name": "Box817",
			"from": [7, 9.25, 10],
			"to": [9.5, 10, 10.25],
			"faces": {
				"north": {"uv": [6.5, 6, 9, 6.75], "texture": "#interiour"},
				"east": {"uv": [5.75, 6, 6, 6.75], "texture": "#interiour"},
				"south": {"uv": [7, 6, 9.5, 6.75], "texture": "#interiour"},
				"west": {"uv": [10, 6, 10.25, 6.75], "texture": "#interiour"},
				"up": {"uv": [7, 10, 9.5, 10.25], "texture": "#interiour"},
				"down": {"uv": [7, 5.75, 9.5, 6], "texture": "#interiour"}
			}
		},
		{
			"name": "Box817",
			"from": [7, 7.25, 10],
			"to": [9.5, 9.25, 10.25],
			"faces": {
				"north": {"uv": [6.5, 6.75, 9, 8.75], "texture": "#details", "tintindex": 0},
				"east": {"uv": [5.75, 6.75, 6, 8.75], "texture": "#details", "tintindex": 0},
				"south": {"uv": [7, 6.75, 9.5, 8.75], "texture": "#details", "tintindex": 0},
				"west": {"uv": [10, 6.75, 10.25, 8.75], "texture": "#details", "tintindex": 0},
				"up": {"uv": [7, 10, 9.5, 10.25], "texture": "#details", "tintindex": 0},
				"down": {"uv": [7, 5.75, 9.5, 6], "texture": "#details", "tintindex": 0}
			}
		},
		{
			"name": "Box817",
			"from": [7, 10, 9.25],
			"to": [9.5, 10.25, 10.5],
			"faces": {
				"north": {"uv": [6.5, 5.75, 9, 6], "texture": "#interiour"},
				"east": {"uv": [5.5, 5.75, 6.75, 6], "texture": "#interiour"},
				"south": {"uv": [7, 5.75, 9.5, 6], "texture": "#interiour"},
				"west": {"uv": [9.25, 5.75, 10.5, 6], "texture": "#interiour"},
				"up": {"uv": [7, 9.25, 9.5, 10.5], "texture": "#interiour"},
				"down": {"uv": [7, 5.5, 9.5, 6.75], "texture": "#interiour"}
			}
		},
		{
			"name": "Box817",
			"from": [7, 10, 7.25],
			"to": [9.5, 10.25, 9.25],
			"faces": {
				"north": {"uv": [6.5, 5.75, 9, 6], "texture": "#details", "tintindex": 0},
				"east": {"uv": [6.75, 5.75, 8.75, 6], "texture": "#details", "tintindex": 0},
				"south": {"uv": [7, 5.75, 9.5, 6], "texture": "#details", "tintindex": 0},
				"west": {"uv": [7.25, 5.75, 9.25, 6], "texture": "#details", "tintindex": 0},
				"up": {"uv": [7, 7.25, 9.5, 9.25], "texture": "#details", "tintindex": 0},
				"down": {"uv": [7, 6.75, 9.5, 8.75], "texture": "#details", "tintindex": 0}
			}
		},
		{
			"name": "Box817",
			"from": [7, 6.5, 6.25],
			"to": [9.5, 7.25, 6.5],
			"faces": {
				"north": {"uv": [6.5, 8.75, 9, 9.5], "texture": "#interiour"},
				"east": {"uv": [9.5, 8.75, 9.75, 9.5], "texture": "#interiour"},
				"south": {"uv": [7, 8.75, 9.5, 9.5], "texture": "#interiour"},
				"west": {"uv": [6.25, 8.75, 6.5, 9.5], "texture": "#interiour"},
				"up": {"uv": [7, 6.25, 9.5, 6.5], "texture": "#interiour"},
				"down": {"uv": [7, 9.5, 9.5, 9.75], "texture": "#interiour"}
			}
		},
		{
			"name": "Box817",
			"from": [7, 9.25, 6.25],
			"to": [9.5, 10, 6.5],
			"faces": {
				"north": {"uv": [6.5, 6, 9, 6.75], "texture": "#interiour"},
				"east": {"uv": [9.5, 6, 9.75, 6.75], "texture": "#interiour"},
				"south": {"uv": [7, 6, 9.5, 6.75], "texture": "#interiour"},
				"west": {"uv": [6.25, 6, 6.5, 6.75], "texture": "#interiour"},
				"up": {"uv": [7, 6.25, 9.5, 6.5], "texture": "#interiour"},
				"down": {"uv": [7, 9.5, 9.5, 9.75], "texture": "#interiour"}
			}
		},
		{
			"name": "Box817",
			"from": [7, 7.25, 6.25],
			"to": [9.5, 9.25, 6.5],
			"faces": {
				"north": {"uv": [6.5, 6.75, 9, 8.75], "texture": "#details", "tintindex": 0},
				"east": {"uv": [9.5, 6.75, 9.75, 8.75], "texture": "#details", "tintindex": 0},
				"south": {"uv": [7, 6.75, 9.5, 8.75], "texture": "#details", "tintindex": 0},
				"west": {"uv": [6.25, 6.75, 6.5, 8.75], "texture": "#details", "tintindex": 0},
				"up": {"uv": [7, 6.25, 9.5, 6.5], "texture": "#details", "tintindex": 0},
				"down": {"uv": [7, 9.5, 9.5, 9.75], "texture": "#details", "tintindex": 0}
			}
		}
	],
	"display": {
		"gui": {
			"rotation": [25, 53, 0],
			"translation": [-1.391, -0.695, 0],
			"scale": [2, 2, 2]
		},
		"head": {
			"translation": [0.0026, -32.92, -0.693],
			"scale": [3.8, 3.8, 3.8]
		}
	}
}