{
"__comment": "Designed by Jugbot",
"textures": {
    "texture": "blocks/planks_birch",
    "iron": "blocks/iron_block"
},
"elements": [ 
{
    "from": [ 7, 0, 7 ],
    "to": [ 8, 16, 8 ],
    "faces": {
        "down":  { "uv": [ 8, 5, 7, 4 ], "texture": "#texture" },
        "up":    { "uv": [ 8, 4, 9, 5 ], "texture": "#texture" },
        "north": { "uv": [ 0, 12, 16, 13 ], "rotation": 90, "texture": "#texture" },
        "south": { "uv": [ 0, 5, 16, 6 ], "rotation": 90, "texture": "#texture" },
        "west":  { "uv": [ 0, 1, 16, 2 ], "rotation": 90, "texture": "#texture" },
        "east":  { "uv": [ 0, 14, 16, 15 ], "texture": "#texture" }
    }
},
{
    "from": [ 7, 16, 7 ],
    "to": [ 8, 17, 8 ],
    "faces": {
        "down":  { "uv": [ 9, 8, 8, 7 ], "texture": "#texture" },
        "up":    { "uv": [ 7, 7, 8, 8 ], "texture": "#texture" },
        "north": { "uv": [ 8, 15, 9, 16 ], "texture": "#texture" },
        "south": { "uv": [ 7, 15, 8, 16 ], "texture": "#texture" },
        "west":  { "uv": [ 7, 15, 8, 16 ], "texture": "#texture" },
        "east":  { "uv": [ 8, 15, 9, 16 ], "texture": "#texture" }
    }
},
{
    "from": [ 5, 17, 7 ],
    "to": [ 10, 18, 8 ],
    "faces": {
        "down":  { "uv": [ 11, 8, 6, 7 ], "texture": "#iron" },
        "up":    { "uv": [ 5, 7, 10, 8 ], "texture": "#iron" },
        "north": { "uv": [ 6, 14, 11, 15 ], "texture": "#iron" },
        "south": { "uv": [ 5, 14, 10, 15 ], "texture": "#iron" },
        "west":  { "uv": [ 7, 14, 8, 15 ], "texture": "#iron" },
        "east":  { "uv": [ 8, 14, 9, 15 ], "texture": "#iron" }
    }
},
{
    "from": [ 4, 18, 7 ],
    "to": [ 5, 24, 8 ],
    "faces": {
        "down":  { "uv": [ 12, 9, 11, 8 ], "texture": "#iron" },
        "up":    { "uv": [ 4, 8, 5, 9 ], "texture": "#iron" },
        "north": { "uv": [ 6, 13, 12, 14 ], "rotation": 90, "texture": "#iron" },
        "south": { "uv": [ 4, 8, 10, 9 ], "rotation": 90, "texture": "#iron" },
        "west":  { "uv": [ 7, 2, 13, 3 ], "rotation": 90, "texture": "#iron" },
        "east":  { "uv": [ 8, 13, 14, 14 ], "texture": "#iron" }
    }
},
{
    "from": [ 6, 18, 7 ],
    "to": [ 7, 24, 8 ],
    "faces": {
        "down":  { "uv": [ 12, 9, 11, 8 ], "texture": "#iron" },
        "up":    { "uv": [ 4, 8, 5, 9 ], "texture": "#iron" },
        "north": { "uv": [ 9, 5, 15, 6 ], "rotation": 90, "texture": "#iron" },
        "south": { "uv": [ 7, 5, 13, 6 ], "rotation": 90, "texture": "#iron" },
        "west":  { "uv": [ 2, 6, 8, 7 ], "rotation": 90, "texture": "#iron" },
        "east":  { "uv": [ 4, 13, 10, 14 ], "texture": "#iron" }
    }
},
{
    "from": [ 8, 18, 7 ],
    "to": [ 9, 24, 8 ],
    "faces": {
        "down":  { "uv": [ 12, 9, 11, 8 ], "texture": "#iron" },
        "up":    { "uv": [ 4, 8, 5, 9 ], "texture": "#iron" },
        "north": { "uv": [ 6, 10, 12, 11 ], "rotation": 90, "texture": "#iron" },
        "south": { "uv": [ 0, 8, 6, 9 ], "rotation": 90, "texture": "#iron" },
        "west":  { "uv": [ 2, 2, 8, 3 ], "rotation": 90, "texture": "#iron" },
        "east":  { "uv": [ 1, 10, 7, 11 ], "texture": "#iron" }
    }
},
{
    "from": [ 10, 18, 7 ],
    "to": [ 11, 24, 8 ],
    "faces": {
        "down":  { "uv": [ 12, 9, 11, 8 ], "texture": "#iron" },
        "up":    { "uv": [ 4, 8, 5, 9 ], "texture": "#iron" },
        "north": { "uv": [ 2, 2, 8, 3 ], "rotation": 90, "texture": "#iron" },
        "south": { "uv": [ 8, 13, 14, 14 ], "rotation": 90, "texture": "#iron" },
        "west":  { "uv": [ 5, 5, 11, 6 ], "rotation": 90, "texture": "#iron" },
        "east":  { "uv": [ 5, 14, 11, 15 ], "texture": "#iron" }
    }
},
{
    "from": [ 9.3125, 16.6875, 7.0625 ],
    "to": [ 10.75, 17.6875, 7.9625 ],
    "rotation": { "origin": [ 9.3125, 17.6875, 7.0625 ], "axis": "z", "angle": 45 },
    "faces": {
        "down":  { "uv": [ 0, 4, 1, 5 ], "texture": "#iron" },
        "up":    { "uv": [ 0, 4, 1, 5 ], "texture": "#iron" },
        "north": { "uv": [ 0, 0, 1, 1 ], "texture": "#iron" },
        "south": { "uv": [ 0, 0, 1, 1 ], "texture": "#iron" },
        "west":  { "uv": [ 4, 0, 5, 1 ], "texture": "#iron" },
        "east":  { "uv": [ 4, 0, 5, 1 ], "texture": "#iron" }
    }
},
{
    "from": [ 4.6875, 17.6875, 7.0625 ],
    "to": [ 6.125, 18.6875, 7.9625 ],
    "rotation": { "origin": [ 4.6875, 18.6875, 7.0625 ], "axis": "z", "angle": -45 },
    "faces": {
        "down":  { "uv": [ 0, 4, 1, 5 ], "texture": "#iron" },
        "up":    { "uv": [ 0, 4, 1, 5 ], "texture": "#iron" },
        "north": { "uv": [ 0, 0, 1, 1 ], "texture": "#iron" },
        "south": { "uv": [ 0, 0, 1, 1 ], "texture": "#iron" },
        "west":  { "uv": [ 4, 0, 5, 1 ], "texture": "#iron" },
        "east":  { "uv": [ 4, 0, 5, 1 ], "texture": "#iron" }
    }
}
],
"display": {
    "thirdperson_righthand": {
        "rotation": [ 0, 82, 0 ],
        "translation": [ 0, -4.54, 0 ],
        "scale": [ 1, 1, 1 ]
    },
    "thirdperson_lefthand": {
        "rotation": [ 0, 82, 0 ],
        "translation": [ 0.57, -4.54, 1.89 ],
        "scale": [ 1, 1, 1 ]
    },
    "head": {
        "rotation": [ 0, 180, 0 ],
        "translation": [ 0, -30.5, 0 ],
        "scale": [ 1.6, 1.6, 1.6 ]
    },
    "ground": {
        "rotation": [ 0, 0, 0 ],
        "translation": [ 0, 2, 0 ],
        "scale": [ 0.5, 0.5, 0.5 ]
    },
    "fixed": {
        "rotation": [ 0, 180, 0 ],
        "translation": [ 0, -3.4, 0 ],
        "scale": [ 0.8, 0.8, 0.8 ]
    },
    "firstperson_righthand": {
        "rotation": [ 0, 96, -16 ],
        "translation": [ -0.94, 0.94, 1.12 ],
        "scale": [ 0.68, 0.68, 0.68 ]
    },
    "firstperson_lefthand": {
        "rotation": [ 0, 96, -16 ],
        "translation": [ -0.94, 0.94, 1.12 ],
        "scale": [ 0.68, 0.68, 0.68 ]
    },
    "gui": {
        "rotation": [ 35, 35, 0 ],
        "translation": [ 0, -2.08, 0 ],
        "scale": [ 0.62, 0.62, 0.62 ]
    }
}
}