{
"__comment": "Designed by MasterianoX",
"textures": {
    "particle": "blocks/props/open_book",
    "texture": "blocks/props/open_book",
    "pages": "blocks/props/pages"
},
"elements": [ 
{
    "from": [ 2.75, 0.25, 8.75 ],
    "to": [ 13.25, 0.75, 15.5 ],
    "rotation": { "origin": [ 2.75, 0.75, 8.75 ], "axis": "x", "angle": -22.5 },
    "faces": {
        "down":  { "uv": [ 0, 0, 7, 11 ], "rotation": 90, "texture": "#texture" },
        "up":    { "uv": [ 0, 0, 7, 11 ], "rotation": 270, "texture": "#texture" },
        "north": { "uv": [ 6.5, 0, 7, 11 ], "rotation": 90, "texture": "#texture" },
        "south": { "uv": [ 0, 0, 0.5, 11 ], "rotation": 90, "texture": "#texture" },
        "west":  { "uv": [ 7, 0, 0, 0.5 ], "texture": "#texture" },
        "east":  { "uv": [ 0, 10.5, 7, 11 ], "texture": "#texture" }
    }
},
{
    "from": [ 3, 0, 7 ],
    "to": [ 13, 0.75, 9 ],
    "faces": {
        "down":  { "uv": [ 7, 0, 9, 11 ], "rotation": 90, "texture": "#texture" },
        "up":    { "uv": [ 7, 0, 9, 11 ], "rotation": 270, "texture": "#texture" },
        "north": { "uv": [ 7, 0, 7.5, 11 ], "rotation": 90, "texture": "#texture" },
        "south": { "uv": [ 8.5, 0, 9, 11 ], "rotation": 90, "texture": "#texture" },
        "west":  { "uv": [ 7, 0, 9, 0.5 ], "texture": "#texture" },
        "east":  { "uv": [ 7, 10.5, 9, 11 ], "texture": "#texture" }
    }
},
{
    "from": [ 2.75, 2.75, 1 ],
    "to": [ 13.25, 3.25, 7.75 ],
    "rotation": { "origin": [ 2.75, 3.25, 1 ], "axis": "x", "angle": 22.5 },
    "faces": {
        "down":  { "uv": [ 9, 0, 16, 11 ], "rotation": 90, "texture": "#texture" },
        "up":    { "uv": [ 9, 0, 16, 11 ], "rotation": 270, "texture": "#texture" },
        "north": { "uv": [ 15.5, 0, 16, 11 ], "rotation": 90, "texture": "#texture" },
        "south": { "uv": [ 9, 0, 9.5, 11 ], "rotation": 90, "texture": "#texture" },
        "west":  { "uv": [ 16, 0, 9, 0.5 ], "texture": "#texture" },
        "east":  { "uv": [ 9, 10.5, 16, 11 ], "texture": "#texture" }
    }
},
{
    "from": [ 3.25, 0.25, 7.75 ],
    "to": [ 12.75, 1.25, 15 ],
    "rotation": { "origin": [ 3.25, 1.25, 7.75 ], "axis": "x", "angle": -22.5 },
    "faces": {
        "down":  { "uv": [ 8.5, 1, 15.5, 10 ], "rotation": 90, "texture": "#pages" },
        "up":    { "uv": [ 8.5, 1, 15.5, 10 ], "rotation": 90, "texture": "#pages" },
        "north": { "uv": [ 8.5, 1, 9, 10 ], "rotation": 90, "texture": "#pages" },
        "south": { "uv": [ 15, 1, 16, 10 ], "rotation": 90, "texture": "#pages" },
        "west":  { "uv": [ 8.5, 1.5, 15.5, 0.5 ], "texture": "#pages" },
        "east":  { "uv": [ 8.5, 9.5, 15.5, 10.5 ], "texture": "#pages" }
    }
},
{
    "from": [ 3.25, 1.5625, 8.4375 ],
    "to": [ 12.75, 2.0625, 13.6875 ],
    "rotation": { "origin": [ 3.25, 2.0625, 8.4375 ], "axis": "x", "angle": -22.5 },
    "faces": {
        "down":  { "uv": [ 9.5, 1, 14.5, 10 ], "rotation": 90, "texture": "#pages" },
        "up":    { "uv": [ 9.5, 1, 14.5, 10 ], "rotation": 90, "texture": "#pages" },
        "north": { "uv": [ 9.5, 10, 10, 1 ], "rotation": 90, "texture": "#pages" },
        "south": { "uv": [ 14, 1, 14.5, 10 ], "rotation": 90, "texture": "#pages" },
        "west":  { "uv": [ 9.5, 9.5, 14.5, 10 ], "texture": "#pages" },
        "east":  { "uv": [ 14.5, 1, 9.5, 1.5 ], "texture": "#pages" }
    }
},
{
    "from": [ 3.25, 3, 1.5 ],
    "to": [ 12.75, 3.5, 8.75 ],
    "rotation": { "origin": [ 3.25, 3.5, 1.5 ], "axis": "x", "angle": 22.5 },
    "faces": {
        "down":  { "uv": [ 0.5, 1, 7.5, 10 ], "rotation": 90, "texture": "#pages" },
        "up":    { "uv": [ 0.5, 1, 7.5, 10 ], "rotation": 90, "texture": "#pages" },
        "north": { "uv": [ 0.5, 1, 1, 10 ], "texture": "#pages" },
        "south": { "uv": [ 7, 1, 7.5, 10 ], "texture": "#pages" },
        "west":  { "uv": [ 0.5, 1, 7.5, 1.5 ], "texture": "#pages" },
        "east":  { "uv": [ 7.5, 9.5, 0.5, 10 ], "texture": "#pages" }
    }
},
{
    "from": [ 3.25, 3.0625, 2.625 ],
    "to": [ 12.75, 3.5625, 7.875 ],
    "rotation": { "origin": [ 3.25, 3.5625, 2.625 ], "axis": "x", "angle": 22.5 },
    "faces": {
        "down":  { "uv": [ 1.5, 1, 6.5, 10 ], "rotation": 90, "texture": "#pages" },
        "up":    { "uv": [ 1.5, 1, 6.5, 10 ], "rotation": 90, "texture": "#pages" },
        "north": { "uv": [ 1.5, 10, 2, 1 ], "rotation": 90, "texture": "#pages" },
        "south": { "uv": [ 6, 1, 6.5, 10 ], "rotation": 90, "texture": "#pages" },
        "west":  { "uv": [ 1.5, 9.5, 6.5, 10 ], "texture": "#pages" },
        "east":  { "uv": [ 6.5, 1, 1.5, 1.5 ], "texture": "#pages" }
    }
}
],
"display": {
    "thirdperson_righthand": {
        "rotation": [ 0, 90, 99 ],
        "translation": [ 0, 3.59, 6.8 ],
        "scale": [ 1, 1, 1 ]
    },
    "thirdperson_lefthand": {
        "rotation": [ 0, -90, -94 ],
        "translation": [ 0, 3.59, 6.8 ],
        "scale": [ 1, 1, 1 ]
    },
    "ground": {
        "rotation": [ 0, 0, 0 ],
        "translation": [ 0, 6.99, 0 ],
        "scale": [ 1, 1, 1 ]
    },
    "fixed": {
        "rotation": [ 0, -90, 69 ],
        "translation": [ 0, 2.08, -8.13 ],
        "scale": [ 1, 1, 1 ]
    },
    "firstperson_righthand": {
        "rotation": [ 0, 68, 30 ],
        "translation": [ 0, 6.05, 0 ],
        "scale": [ 1, 1, 1 ]
    },
    "firstperson_lefthand": {
        "rotation": [ 0, 68, 30 ],
        "translation": [ 0, 6.05, 0 ],
        "scale": [ 1, 1, 1 ]
    },
    "gui": {
        "rotation": [ 48, 135, 0 ],
        "translation": [ 0, 2.65, 0 ],
        "scale": [ 0.75, 0.75, 0.75 ]
    }
}
}