{
"__comment": "Designed by Tomshalev01",
"textures": {
    "0": "blocks/obsidian",
    "1": "blocks/glass_black",
    "2": "blocks/glass_white"
},
"elements": [ 
{
    "from": [ 5.25, -0.5625, 6.4375 ],
    "to": [ 5.55, 1.4375, 6.7375 ],
    "faces": {
        "down":  { "uv": [ 0.001, 0.001, 0.299, 0.299 ], "texture": "#0" },
        "up":    { "uv": [ 0.001, 0.001, 0.299, 0.299 ], "texture": "#0" },
        "north": { "uv": [ 0.001, 0.001, 0.299, 1.999 ], "texture": "#0" },
        "south": { "uv": [ 0.001, 0.001, 0.299, 1.999 ], "texture": "#0" },
        "west":  { "uv": [ 0.001, 0.001, 0.299, 1.999 ], "texture": "#0" },
        "east":  { "uv": [ 0.001, 0.001, 0.299, 1.999 ], "texture": "#0" }
    }
},
{
    "from": [ 5.2, 1.1, 6.4 ],
    "to": [ 5.5, 1.4, 7.7 ],
    "faces": {
        "down":  { "uv": [ 0.001, 0.001, 0.299, 1.299 ], "texture": "#0" },
        "up":    { "uv": [ 0.001, 0.001, 0.299, 1.299 ], "texture": "#0" },
        "north": { "uv": [ 0.001, 0.001, 0.299, 0.299 ], "texture": "#0" },
        "south": { "uv": [ 0.001, 0.001, 0.299, 0.299 ], "texture": "#0" },
        "west":  { "uv": [ 0.001, 0.001, 1.299, 0.299 ], "texture": "#0" },
        "east":  { "uv": [ 0.001, 0.001, 1.299, 0.299 ], "texture": "#0" }
    }
},
{
    "from": [ 5.3, 1.2, 7.7 ],
    "to": [ 5.4, 1.3, 11 ],
    "faces": {
        "down":  { "uv": [ 0.001, 0.001, 0.099, 3.299 ], "texture": "#0" },
        "up":    { "uv": [ 0.001, 0.001, 0.099, 3.299 ], "texture": "#0" },
        "north": { "uv": [ 0.001, 0.001, 0.099, 0.099 ], "texture": "#0" },
        "south": { "uv": [ 0.001, 0.001, 0.099, 0.099 ], "texture": "#0" },
        "west":  { "uv": [ 0.001, 0.001, 3.299, 0.099 ], "texture": "#0" },
        "east":  { "uv": [ 0.001, 0.001, 3.299, 0.099 ], "texture": "#0" }
    }
},
{
    "from": [ 5.3, 1.15, 10.9 ],
    "to": [ 5.5, 1.35, 11.2 ],
    "faces": {
        "down":  { "uv": [ 0.001, 0.001, 0.199, 0.299 ], "texture": "#0" },
        "up":    { "uv": [ 0.001, 0.001, 0.199, 0.299 ], "texture": "#0" },
        "north": { "uv": [ 0.001, 0.001, 0.199, 0.199 ], "texture": "#0" },
        "south": { "uv": [ 0.001, 0.001, 0.199, 0.199 ], "texture": "#0" },
        "west":  { "uv": [ 0.001, 0.001, 0.299, 0.199 ], "texture": "#0" },
        "east":  { "uv": [ 0.001, 0.001, 0.299, 0.199 ], "texture": "#0" }
    }
},
{
    "from": [ 10.5, -0.625, 6.375 ],
    "to": [ 10.8, 1.375, 6.675 ],
    "faces": {
        "down":  { "uv": [ 0.001, 0.001, 0.299, 0.299 ], "texture": "#0" },
        "up":    { "uv": [ 0.001, 0.001, 0.299, 0.299 ], "texture": "#0" },
        "north": { "uv": [ 0.001, 0.001, 0.299, 1.999 ], "texture": "#0" },
        "south": { "uv": [ 0.001, 0.001, 0.299, 1.999 ], "texture": "#0" },
        "west":  { "uv": [ 0.001, 0.001, 0.299, 1.999 ], "texture": "#0" },
        "east":  { "uv": [ 0.001, 0.001, 0.299, 1.999 ], "texture": "#0" }
    }
},
{
    "from": [ 10.5, 1.1, 6.4 ],
    "to": [ 10.8, 1.4, 7.7 ],
    "faces": {
        "down":  { "uv": [ 0.001, 0.001, 0.299, 1.299 ], "texture": "#0" },
        "up":    { "uv": [ 0.001, 0.001, 0.299, 1.299 ], "texture": "#0" },
        "north": { "uv": [ 0.001, 0.001, 0.299, 0.299 ], "texture": "#0" },
        "south": { "uv": [ 0.001, 0.001, 0.299, 0.299 ], "texture": "#0" },
        "west":  { "uv": [ 0.001, 0.001, 1.299, 0.299 ], "texture": "#0" },
        "east":  { "uv": [ 0.001, 0.001, 1.299, 0.299 ], "texture": "#0" }
    }
},
{
    "from": [ 10.6, 1.2, 7.7 ],
    "to": [ 10.7, 1.3, 11 ],
    "faces": {
        "down":  { "uv": [ 0.001, 0.001, 0.099, 3.299 ], "texture": "#0" },
        "up":    { "uv": [ 0.001, 0.001, 0.099, 3.299 ], "texture": "#0" },
        "north": { "uv": [ 0.001, 0.001, 0.099, 0.099 ], "texture": "#0" },
        "south": { "uv": [ 0.001, 0.001, 0.099, 0.099 ], "texture": "#0" },
        "west":  { "uv": [ 0.001, 0.001, 3.299, 0.099 ], "texture": "#0" },
        "east":  { "uv": [ 0.001, 0.001, 3.299, 0.099 ], "texture": "#0" }
    }
},
{
    "from": [ 10.5, 1.15, 11 ],
    "to": [ 10.7, 1.35, 11.1 ],
    "faces": {
        "down":  { "uv": [ 0.001, 0.001, 0.199, 0.099 ], "texture": "#0" },
        "up":    { "uv": [ 0.001, 0.001, 0.199, 0.099 ], "texture": "#0" },
        "north": { "uv": [ 0.001, 0.001, 0.199, 0.199 ], "texture": "#0" },
        "south": { "uv": [ 0.001, 0.001, 0.199, 0.199 ], "texture": "#0" },
        "west":  { "uv": [ 0.001, 0.001, 0.099, 0.199 ], "texture": "#0" },
        "east":  { "uv": [ 0.001, 0.001, 0.099, 0.199 ], "texture": "#0" }
    }
},
{
    "from": [ 5.5, 0.1, 11 ],
    "to": [ 7.4, 2, 11.1 ],
    "faces": {
        "down":  { "uv": [ 0.001, 0.001, 1.899, 0.099 ], "texture": "#1" },
        "up":    { "uv": [ 0.001, 0.001, 1.899, 0.099 ], "texture": "#1" },
        "north": { "uv": [ 1.001, 1.001, 14.899, 14.899 ], "texture": "#1" },
        "south": { "uv": [ 1.001, 1.001, 14.899, 14.899 ], "texture": "#1" },
        "west":  { "uv": [ 0.001, 0.001, 0.099, 1.899 ], "texture": "#1" },
        "east":  { "uv": [ 0.001, 0.001, 0.099, 1.899 ], "texture": "#1" }
    }
},
{
    "from": [ 5.5, 2, 11 ],
    "to": [ 7.4, 2.1, 11.1 ],
    "faces": {
        "down":  { "uv": [ 0.001, 0.001, 1.899, 0.099 ], "texture": "#0" },
        "up":    { "uv": [ 0.001, 0.001, 1.899, 0.099 ], "texture": "#0" },
        "north": { "uv": [ 0.001, 0.001, 1.899, 0.099 ], "texture": "#0" },
        "south": { "uv": [ 0.001, 0.001, 1.899, 0.099 ], "texture": "#0" },
        "west":  { "uv": [ 0.001, 0.001, 0.099, 0.099 ], "texture": "#0" },
        "east":  { "uv": [ 0.001, 0.001, 0.099, 0.099 ], "texture": "#0" }
    }
},
{
    "from": [ 5.5, 0, 11 ],
    "to": [ 7.4, 0.1, 11.1 ],
    "faces": {
        "down":  { "uv": [ 0.001, 0.001, 1.899, 0.099 ], "texture": "#0" },
        "up":    { "uv": [ 0.001, 0.001, 1.899, 0.099 ], "texture": "#0" },
        "north": { "uv": [ 0.001, 0.001, 1.899, 0.099 ], "texture": "#0" },
        "south": { "uv": [ 0.001, 0.001, 1.899, 0.099 ], "texture": "#0" },
        "west":  { "uv": [ 0.001, 0.001, 0.099, 0.099 ], "texture": "#0" },
        "east":  { "uv": [ 0.001, 0.001, 0.099, 0.099 ], "texture": "#0" }
    }
},
{
    "from": [ 5.4, 0, 11 ],
    "to": [ 5.5, 2.1, 11.1 ],
    "faces": {
        "down":  { "uv": [ 0.001, 0.001, 0.099, 0.099 ], "texture": "#0" },
        "up":    { "uv": [ 0.001, 0.001, 0.099, 0.099 ], "texture": "#0" },
        "north": { "uv": [ 0.001, 0.001, 0.099, 2.099 ], "texture": "#0" },
        "south": { "uv": [ 0.001, 0.001, 0.099, 2.099 ], "texture": "#0" },
        "west":  { "uv": [ 0.001, 0.001, 0.099, 2.099 ], "texture": "#0" },
        "east":  { "uv": [ 0.001, 0.001, 0.099, 2.099 ], "texture": "#0" }
    }
},
{
    "from": [ 7.4, 0, 11 ],
    "to": [ 7.5, 2.1, 11.1 ],
    "faces": {
        "down":  { "uv": [ 0.001, 0.001, 0.099, 0.099 ], "texture": "#0" },
        "up":    { "uv": [ 0.001, 0.001, 0.099, 0.099 ], "texture": "#0" },
        "north": { "uv": [ 0.001, 0.001, 0.099, 2.099 ], "texture": "#0" },
        "south": { "uv": [ 0.001, 0.001, 0.099, 2.099 ], "texture": "#0" },
        "west":  { "uv": [ 0.001, 0.001, 0.099, 2.099 ], "texture": "#0" },
        "east":  { "uv": [ 0.001, 0.001, 0.099, 2.099 ], "texture": "#0" }
    }
},
{
    "from": [ 8.6, 0.1, 11 ],
    "to": [ 10.5, 2, 11.1 ],
    "faces": {
        "down":  { "uv": [ 0.001, 0.001, 1.899, 0.099 ], "texture": "#1" },
        "up":    { "uv": [ 0.001, 0.001, 1.899, 0.099 ], "texture": "#1" },
        "north": { "uv": [ 1.001, 1.001, 14.899, 14.899 ], "texture": "#1" },
        "south": { "uv": [ 1.001, 1.001, 14.899, 14.899 ], "texture": "#1" },
        "west":  { "uv": [ 0.001, 0.001, 0.099, 1.899 ], "texture": "#1" },
        "east":  { "uv": [ 0.001, 0.001, 0.099, 1.899 ], "texture": "#1" }
    }
},
{
    "from": [ 8.6, 2, 11 ],
    "to": [ 10.5, 2.1, 11.1 ],
    "faces": {
        "down":  { "uv": [ 0.001, 0.001, 1.899, 0.099 ], "texture": "#0" },
        "up":    { "uv": [ 0.001, 0.001, 1.899, 0.099 ], "texture": "#0" },
        "north": { "uv": [ 0.001, 0.001, 1.899, 0.099 ], "texture": "#0" },
        "south": { "uv": [ 0.001, 0.001, 1.899, 0.099 ], "texture": "#0" },
        "west":  { "uv": [ 0.001, 0.001, 0.099, 0.099 ], "texture": "#0" },
        "east":  { "uv": [ 0.001, 0.001, 0.099, 0.099 ], "texture": "#0" }
    }
},
{
    "from": [ 8.6, 0, 11 ],
    "to": [ 10.5, 0.1, 11.1 ],
    "faces": {
        "down":  { "uv": [ 0.001, 0.001, 1.899, 0.099 ], "texture": "#0" },
        "up":    { "uv": [ 0.001, 0.001, 1.899, 0.099 ], "texture": "#0" },
        "north": { "uv": [ 0.001, 0.001, 1.899, 0.099 ], "texture": "#0" },
        "south": { "uv": [ 0.001, 0.001, 1.899, 0.099 ], "texture": "#0" },
        "west":  { "uv": [ 0.001, 0.001, 0.099, 0.099 ], "texture": "#0" },
        "east":  { "uv": [ 0.001, 0.001, 0.099, 0.099 ], "texture": "#0" }
    }
},
{
    "from": [ 8.5, 0, 11 ],
    "to": [ 8.6, 2.1, 11.1 ],
    "faces": {
        "down":  { "uv": [ 0.001, 0.001, 0.099, 0.099 ], "texture": "#0" },
        "up":    { "uv": [ 0.001, 0.001, 0.099, 0.099 ], "texture": "#0" },
        "north": { "uv": [ 0.001, 0.001, 0.099, 2.099 ], "texture": "#0" },
        "south": { "uv": [ 0.001, 0.001, 0.099, 2.099 ], "texture": "#0" },
        "west":  { "uv": [ 0.001, 0.001, 0.099, 2.099 ], "texture": "#0" },
        "east":  { "uv": [ 0.001, 0.001, 0.099, 2.099 ], "texture": "#0" }
    }
},
{
    "from": [ 10.5, 0, 11 ],
    "to": [ 10.6, 2.1, 11.1 ],
    "faces": {
        "down":  { "uv": [ 0.001, 0.001, 0.099, 0.099 ], "texture": "#0" },
        "up":    { "uv": [ 0.001, 0.001, 0.099, 0.099 ], "texture": "#0" },
        "north": { "uv": [ 0.001, 0.001, 0.099, 2.099 ], "texture": "#0" },
        "south": { "uv": [ 0.001, 0.001, 0.099, 2.099 ], "texture": "#0" },
        "west":  { "uv": [ 0.001, 0.001, 0.099, 2.099 ], "texture": "#0" },
        "east":  { "uv": [ 0.001, 0.001, 0.099, 2.099 ], "texture": "#0" }
    }
},
{
    "from": [ 7.1, 2.1, 11 ],
    "to": [ 8.9, 2.2, 11.1 ],
    "faces": {
        "down":  { "uv": [ 0.001, 0.001, 1.799, 0.099 ], "texture": "#0" },
        "up":    { "uv": [ 0.001, 0.001, 1.799, 0.099 ], "texture": "#0" },
        "north": { "uv": [ 0.001, 0.001, 1.799, 0.099 ], "texture": "#0" },
        "south": { "uv": [ 0.001, 0.001, 1.799, 0.099 ], "texture": "#0" },
        "west":  { "uv": [ 0.001, 0.001, 0.099, 0.099 ], "texture": "#0" },
        "east":  { "uv": [ 0.001, 0.001, 0.099, 0.099 ], "texture": "#0" }
    }
},
{
    "from": [ 7.5, 1.1, 11 ],
    "to": [ 7.7, 1.2, 11.1 ],
    "faces": {
        "down":  { "uv": [ 0.001, 0.001, 0.199, 0.099 ], "texture": "#0" },
        "up":    { "uv": [ 0.001, 0.001, 0.199, 0.099 ], "texture": "#0" },
        "north": { "uv": [ 0.001, 0.001, 0.199, 0.099 ], "texture": "#0" },
        "south": { "uv": [ 0.001, 0.001, 0.199, 0.099 ], "texture": "#0" },
        "west":  { "uv": [ 0.001, 0.001, 0.099, 0.099 ], "texture": "#0" },
        "east":  { "uv": [ 0.001, 0.001, 0.099, 0.099 ], "texture": "#0" }
    }
},
{
    "from": [ 8.3, 1.1, 11 ],
    "to": [ 8.5, 1.2, 11.1 ],
    "faces": {
        "down":  { "uv": [ 0.001, 0.001, 0.199, 0.099 ], "texture": "#0" },
        "up":    { "uv": [ 0.001, 0.001, 0.199, 0.099 ], "texture": "#0" },
        "north": { "uv": [ 0.001, 0.001, 0.199, 0.099 ], "texture": "#0" },
        "south": { "uv": [ 0.001, 0.001, 0.199, 0.099 ], "texture": "#0" },
        "west":  { "uv": [ 0.001, 0.001, 0.099, 0.099 ], "texture": "#0" },
        "east":  { "uv": [ 0.001, 0.001, 0.099, 0.099 ], "texture": "#0" }
    }
},
{
    "from": [ 7.6, 1.2, 11 ],
    "to": [ 7.7, 1.5, 11.1 ],
    "faces": {
        "down":  { "uv": [ 0.001, 0.001, 0.099, 0.099 ], "texture": "#0" },
        "up":    { "uv": [ 0.001, 0.001, 0.099, 0.099 ], "texture": "#0" },
        "north": { "uv": [ 0.001, 0.001, 0.099, 0.299 ], "texture": "#0" },
        "south": { "uv": [ 0.001, 0.001, 0.099, 0.299 ], "texture": "#0" },
        "west":  { "uv": [ 0.001, 0.001, 0.099, 0.299 ], "texture": "#0" },
        "east":  { "uv": [ 0.001, 0.001, 0.099, 0.299 ], "texture": "#0" }
    }
},
{
    "from": [ 8.3, 1.2, 11 ],
    "to": [ 8.4, 1.5, 11.1 ],
    "faces": {
        "down":  { "uv": [ 0.001, 0.001, 0.099, 0.099 ], "texture": "#0" },
        "up":    { "uv": [ 0.001, 0.001, 0.099, 0.099 ], "texture": "#0" },
        "north": { "uv": [ 0.001, 0.001, 0.099, 0.299 ], "texture": "#0" },
        "south": { "uv": [ 0.001, 0.001, 0.099, 0.299 ], "texture": "#0" },
        "west":  { "uv": [ 0.001, 0.001, 0.099, 0.299 ], "texture": "#0" },
        "east":  { "uv": [ 0.001, 0.001, 0.099, 0.299 ], "texture": "#0" }
    }
},
{
    "from": [ 7.6, 1.5, 11 ],
    "to": [ 8.4, 1.6, 11.1 ],
    "faces": {
        "down":  { "uv": [ 0.001, 0.001, 0.799, 0.099 ], "texture": "#0" },
        "up":    { "uv": [ 0.001, 0.001, 0.799, 0.099 ], "texture": "#0" },
        "north": { "uv": [ 0.001, 0.001, 0.799, 0.099 ], "texture": "#0" },
        "south": { "uv": [ 0.001, 0.001, 0.799, 0.099 ], "texture": "#0" },
        "west":  { "uv": [ 0.001, 0.001, 0.099, 0.099 ], "texture": "#0" },
        "east":  { "uv": [ 0.001, 0.001, 0.099, 0.099 ], "texture": "#0" }
    }
},
{
    "from": [ 7.1, 1.1, 10.9 ],
    "to": [ 7.6, 1.2, 11 ],
    "faces": {
        "down":  { "uv": [ 0.001, 0.001, 0.499, 0.099 ], "texture": "#0" },
        "up":    { "uv": [ 0.001, 0.001, 0.499, 0.099 ], "texture": "#0" },
        "north": { "uv": [ 0.001, 0.001, 0.499, 0.099 ], "texture": "#0" },
        "south": { "uv": [ 0.001, 0.001, 0.499, 0.099 ], "texture": "#0" },
        "west":  { "uv": [ 0.001, 0.001, 0.099, 0.099 ], "texture": "#0" },
        "east":  { "uv": [ 0.001, 0.001, 0.099, 0.099 ], "texture": "#0" }
    }
},
{
    "from": [ 7.1, 1.1, 10.7 ],
    "to": [ 7.2, 1.2, 10.9 ],
    "faces": {
        "down":  { "uv": [ 0.001, 0.001, 0.099, 0.199 ], "texture": "#0" },
        "up":    { "uv": [ 0.001, 0.001, 0.099, 0.199 ], "texture": "#0" },
        "north": { "uv": [ 0.001, 0.001, 0.099, 0.099 ], "texture": "#0" },
        "south": { "uv": [ 0.001, 0.001, 0.099, 0.099 ], "texture": "#0" },
        "west":  { "uv": [ 0.001, 0.001, 0.199, 0.099 ], "texture": "#0" },
        "east":  { "uv": [ 0.001, 0.001, 0.199, 0.099 ], "texture": "#0" }
    }
},
{
    "from": [ 7.1, 1, 10.6 ],
    "to": [ 7.3, 1.3, 10.7 ],
    "faces": {
        "down":  { "uv": [ 0.001, 0.001, 0.199, 0.099 ], "texture": "#2" },
        "up":    { "uv": [ 0.001, 0.001, 0.199, 0.099 ], "texture": "#2" },
        "north": { "uv": [ 0.001, 0.001, 0.199, 0.299 ], "texture": "#2" },
        "south": { "uv": [ 0.001, 0.001, 0.199, 0.299 ], "texture": "#2" },
        "west":  { "uv": [ 0.001, 0.001, 0.099, 0.299 ], "texture": "#2" },
        "east":  { "uv": [ 0.001, 0.001, 0.099, 0.299 ], "texture": "#2" }
    }
},
{
    "from": [ 8.4, 1.1, 10.9 ],
    "to": [ 8.9, 1.2, 11 ],
    "faces": {
        "down":  { "uv": [ 0.001, 0.001, 0.499, 0.099 ], "texture": "#0" },
        "up":    { "uv": [ 0.001, 0.001, 0.499, 0.099 ], "texture": "#0" },
        "north": { "uv": [ 0.001, 0.001, 0.499, 0.099 ], "texture": "#0" },
        "south": { "uv": [ 0.001, 0.001, 0.499, 0.099 ], "texture": "#0" },
        "west":  { "uv": [ 0.001, 0.001, 0.099, 0.099 ], "texture": "#0" },
        "east":  { "uv": [ 0.001, 0.001, 0.099, 0.099 ], "texture": "#0" }
    }
},
{
    "from": [ 8.8, 1.1, 10.7 ],
    "to": [ 8.9, 1.2, 10.9 ],
    "faces": {
        "down":  { "uv": [ 0.001, 0.001, 0.099, 0.199 ], "texture": "#0" },
        "up":    { "uv": [ 0.001, 0.001, 0.099, 0.199 ], "texture": "#0" },
        "north": { "uv": [ 0.001, 0.001, 0.099, 0.099 ], "texture": "#0" },
        "south": { "uv": [ 0.001, 0.001, 0.099, 0.099 ], "texture": "#0" },
        "west":  { "uv": [ 0.001, 0.001, 0.199, 0.099 ], "texture": "#0" },
        "east":  { "uv": [ 0.001, 0.001, 0.199, 0.099 ], "texture": "#0" }
    }
},
{
    "from": [ 8.7, 1, 10.6 ],
    "to": [ 8.9, 1.3, 10.7 ],
    "faces": {
        "down":  { "uv": [ 0.001, 0.001, 0.199, 0.099 ], "texture": "#2" },
        "up":    { "uv": [ 0.001, 0.001, 0.199, 0.099 ], "texture": "#2" },
        "north": { "uv": [ 0.001, 0.001, 0.199, 0.299 ], "texture": "#2" },
        "south": { "uv": [ 0.001, 0.001, 0.199, 0.299 ], "texture": "#2" },
        "west":  { "uv": [ 0.001, 0.001, 0.099, 0.299 ], "texture": "#2" },
        "east":  { "uv": [ 0.001, 0.001, 0.099, 0.299 ], "texture": "#2" }
    }
}
],
"display": {
    "thirdperson_righthand": {
        "rotation": [ 61, -133, 50 ],
        "translation": [ 3.78, 5.29, 0.94 ],
        "scale": [ 1, 1, 1 ]
    },
    "thirdperson_lefthand": {
        "rotation": [ 61, -133, 50 ],
        "translation": [ 3.78, 5.29, 0.94 ],
        "scale": [ 1, 1, 1 ]
    },
    "head": {
        "rotation": [ 0, 180, 0 ],
        "translation": [ 0, -30.5, 0 ],
        "scale": [ 1.6, 1.6, 1.6 ]
    },
    "ground": {
        "rotation": [ 0, -72, 0 ],
        "translation": [ 0, 2, 0 ],
        "scale": [ 0.5, 0.5, 0.5 ]
    },
    "fixed": {
        "rotation": [ 0, 180, 0 ],
        "translation": [ 0, 0, 0 ],
        "scale": [ 1, 1, 1 ]
    },
    "firstperson_righthand": {
        "rotation": [ -6, 180, -17 ],
        "translation": [ -0.19, 5.29, 0.38 ],
        "scale": [ 1, 1, 1 ]
    },
    "firstperson_lefthand": {
        "rotation": [ -6, 180, -17 ],
        "translation": [ -0.19, 5.29, 0.38 ],
        "scale": [ 1, 1, 1 ]
    },
    "gui": {
        "rotation": [ 35, 35, 0 ],
        "translation": [ 0, 3.78, 0 ],
        "scale": [ 1, 1, 1 ]
    }
}
}