{
"__comment": "Designed by Jugbot",
"textures": {
    "texture": "blocks/iron_block",
    "hardened_clay_stained_lime": "blocks/hardened_clay_stained_lime"
},
"elements": [ 
{
    "from": [ 4.125, 10.0625, 8 ],
    "to": [ 20.125, 11.0625, 9 ],
    "rotation": { "origin": [ 4.125, 11.0625, 8 ], "axis": "z", "angle": 45 },
    "faces": {
        "down":  { "uv": [ 11, 9, 0, 8 ], "texture": "#hardened_clay_stained_lime" },
        "up":    { "uv": [ 5, 8, 16, 9 ], "texture": "#hardened_clay_stained_lime" },
        "north": { "uv": [ 0, 5, 11, 6 ], "texture": "#hardened_clay_stained_lime" },
        "south": { "uv": [ 5, 5, 16, 6 ], "texture": "#hardened_clay_stained_lime" },
        "west":  { "uv": [ 8, 5, 9, 6 ], "texture": "#hardened_clay_stained_lime" },
        "east":  { "uv": [ 7, 5, 8, 6 ], "texture": "#hardened_clay_stained_lime" }
    }
},
{
    "from": [ 5, 9, 7 ],
    "to": [ 21, 10, 8 ],
    "faces": {
        "down":  { "uv": [ 11, 8, 0, 7 ], "texture": "#hardened_clay_stained_lime" },
        "up":    { "uv": [ 5, 7, 16, 8 ], "texture": "#hardened_clay_stained_lime" },
        "north": { "uv": [ 0, 6, 11, 7 ], "texture": "#hardened_clay_stained_lime" },
        "south": { "uv": [ 5, 6, 16, 7 ], "texture": "#hardened_clay_stained_lime" },
        "west":  { "uv": [ 7, 6, 8, 7 ], "texture": "#hardened_clay_stained_lime" },
        "east":  { "uv": [ 8, 6, 9, 7 ], "texture": "#hardened_clay_stained_lime" }
    }
},
{
    "from": [ 4, 9, 7 ],
    "to": [ 5, 11, 8 ],
    "faces": {
        "down":  { "uv": [ 12, 8, 11, 7 ], "texture": "#texture" },
        "up":    { "uv": [ 4, 7, 5, 8 ], "texture": "#texture" },
        "north": { "uv": [ 11, 5, 12, 7 ], "texture": "#texture" },
        "south": { "uv": [ 4, 5, 5, 7 ], "texture": "#texture" },
        "west":  { "uv": [ 7, 5, 8, 7 ], "texture": "#texture" },
        "east":  { "uv": [ 8, 5, 9, 7 ], "texture": "#texture" }
    }
},
{
    "from": [ 1.3125, 5.8125, 7.5 ],
    "to": [ 6.3125, 6.8125, 8.5 ],
    "rotation": { "origin": [ 1.3125, 6.8125, 7.5 ], "axis": "z", "angle": 45 },
    "faces": {
        "down":  { "uv": [ 16, 8.5, 11, 7.5 ], "texture": "#texture" },
        "up":    { "uv": [ 0, 7.5, 5, 8.5 ], "texture": "#texture" },
        "north": { "uv": [ 11, 6, 16, 7 ], "texture": "#texture" },
        "south": { "uv": [ 0, 6, 5, 7 ], "texture": "#texture" },
        "west":  { "uv": [ 7.5, 6, 8.5, 7 ], "texture": "#texture" },
        "east":  { "uv": [ 7.5, 6, 8.5, 7 ], "texture": "#texture" }
    }
},
{
    "from": [ 3.4375, 8.375, 8 ],
    "to": [ 4.4375, 10.375, 9 ],
    "rotation": { "origin": [ 3.4375, 10.375, 8 ], "axis": "z", "angle": 45 },
    "faces": {
        "down":  { "uv": [ 12, 9, 11, 8 ], "texture": "#texture" },
        "up":    { "uv": [ 4, 8, 5, 9 ], "texture": "#texture" },
        "north": { "uv": [ 11, 5, 12, 7 ], "texture": "#texture" },
        "south": { "uv": [ 4, 5, 5, 7 ], "texture": "#texture" },
        "west":  { "uv": [ 8, 5, 9, 7 ], "texture": "#texture" },
        "east":  { "uv": [ 7, 5, 8, 7 ], "texture": "#texture" }
    }
},
{
    "from": [ 0, 10, 7.5 ],
    "to": [ 5, 11, 8.5 ],
    "faces": {
        "down":  { "uv": [ 16, 8.5, 11, 7.5 ], "texture": "#texture" },
        "up":    { "uv": [ 0, 7.5, 5, 8.5 ], "texture": "#texture" },
        "north": { "uv": [ 11, 5, 16, 6 ], "texture": "#texture" },
        "south": { "uv": [ 0, 5, 5, 6 ], "texture": "#texture" },
        "west":  { "uv": [ 7.5, 5, 8.5, 6 ], "texture": "#texture" },
        "east":  { "uv": [ 7.5, 5, 8.5, 6 ], "texture": "#texture" }
    }
}
],
"display": {
    "thirdperson_righthand": {
        "rotation": [ 166, -180, 74 ],
        "translation": [ -10.39, 8.88, -0.57 ],
        "scale": [ 1, 1, 1 ]
    },
    "thirdperson_lefthand": {
        "rotation": [ 166, 180, -68 ],
        "translation": [ -2.65, 8.88, -0.56 ],
        "scale": [ 1, 1, 1 ]
    },
    "head": {
        "rotation": [ 90, 180, 0 ],
        "translation": [ 0, -41, -11.8 ],
        "scale": [ 1.6, 1.6, 1.6 ]
    },
    "ground": {
        "rotation": [ 0, 0, 0 ],
        "translation": [ 0, 0, 0 ],
        "scale": [ 0.5, 0.5, 0.5 ]
    },
    "fixed": {
        "rotation": [ 0, 0, 0 ],
        "translation": [ 0, -3, -1 ],
        "scale": [ 0.75, 0.75, 0.75 ]
    },
    "firstperson_righthand": {
        "rotation": [ -51, 171, -89 ],
        "translation": [ -0.94, 4.16, -2.08 ],
        "scale": [ 1, 1, 1 ]
    },
    "firstperson_lefthand": {
        "rotation": [ -51, 171, 145 ],
        "translation": [ -4.35, 3.4, -5.48 ],
        "scale": [ 1, 1, 1 ]
    },
    "gui": {
        "rotation": [ 0, 0, -45 ],
        "translation": [ -3.7, -0.19, 0 ],
        "scale": [ 0.75, 0.75, 0.75 ]
    }
}
}