{
"__comment": "Designed by Oberdiah",
"textures": {
    "texture": "blocks/furniture/locker",
    "wool_colored_blue": "blocks/quartz_block_top",
    "wood": "blocks/planks_big_oak",
    "fridge": "blocks/furniture/fridge"
},
"elements": [ 
{
    "from": [ 4.5, 0, 6 ],
    "to": [ 5, 5.5, 7 ],
    "faces": {
        "down":  { "uv": [ 11.5, 7, 11, 6 ], "texture": "#texture" },
        "up":    { "uv": [ 4.5, 6, 5, 7 ], "texture": "#texture" },
        "north": { "uv": [ 11, 10.5, 11.5, 16 ], "texture": "#texture" },
        "south": { "uv": [ 4.5, 10.5, 5, 16 ], "texture": "#texture" },
        "west":  { "uv": [ 6, 10.5, 7, 16 ], "texture": "#texture" },
        "east":  { "uv": [ 9, 10.5, 10, 16 ], "texture": "#texture" }
    }
},
{
    "from": [ 5, 0, 5.5 ],
    "to": [ 6, 5.5, 6 ],
    "faces": {
        "down":  { "uv": [ 11, 6, 10, 5.5 ], "texture": "#texture" },
        "up":    { "uv": [ 5, 5.5, 6, 6 ], "texture": "#texture" },
        "north": { "uv": [ 10, 10.5, 11, 16 ], "texture": "#texture" },
        "south": { "uv": [ 5, 10.5, 6, 16 ], "texture": "#texture" },
        "west":  { "uv": [ 5.5, 10.5, 6, 16 ], "texture": "#texture" },
        "east":  { "uv": [ 10, 10.5, 10.5, 16 ], "texture": "#texture" }
    }
},
{
    "from": [ 9, 0, 6 ],
    "to": [ 9.5, 5.5, 7 ],
    "faces": {
        "down":  { "uv": [ 7, 7, 6.5, 6 ], "texture": "#texture" },
        "up":    { "uv": [ 9, 6, 9.5, 7 ], "texture": "#texture" },
        "north": { "uv": [ 6.5, 10.5, 7, 16 ], "texture": "#texture" },
        "south": { "uv": [ 9, 10.5, 9.5, 16 ], "texture": "#texture" },
        "west":  { "uv": [ 6, 10.5, 7, 16 ], "texture": "#texture" },
        "east":  { "uv": [ 9, 10.5, 10, 16 ], "texture": "#texture" }
    }
},
{
    "from": [ 6, 0, 5 ],
    "to": [ 8, 5.5, 5.5 ],
    "faces": {
        "down":  { "uv": [ 10, 5.5, 8, 5 ], "texture": "#texture" },
        "up":    { "uv": [ 6, 5, 8, 5.5 ], "texture": "#texture" },
        "north": { "uv": [ 8, 10.5, 10, 16 ], "texture": "#texture" },
        "south": { "uv": [ 6, 10.5, 8, 16 ], "texture": "#texture" },
        "west":  { "uv": [ 5, 10.5, 5.5, 16 ], "texture": "#texture" },
        "east":  { "uv": [ 10.5, 10.5, 11, 16 ], "texture": "#texture" }
    }
},
{
    "from": [ 6, 0, 10.5 ],
    "to": [ 8, 5.5, 11 ],
    "faces": {
        "down":  { "uv": [ 10, 11, 8, 10.5 ], "texture": "#texture" },
        "up":    { "uv": [ 6, 10.5, 8, 11 ], "texture": "#texture" },
        "north": { "uv": [ 8, 10.5, 10, 16 ], "texture": "#texture" },
        "south": { "uv": [ 6, 10.5, 8, 16 ], "texture": "#texture" },
        "west":  { "uv": [ 10.5, 10.5, 11, 16 ], "texture": "#texture" },
        "east":  { "uv": [ 5, 10.5, 5.5, 16 ], "texture": "#texture" }
    }
},
{
    "from": [ 9.5, 0, 7 ],
    "to": [ 10, 5.5, 9 ],
    "faces": {
        "down":  { "uv": [ 6.5, 9, 6, 7 ], "texture": "#texture" },
        "up":    { "uv": [ 9.5, 7, 10, 9 ], "texture": "#texture" },
        "north": { "uv": [ 6, 10.5, 6.5, 16 ], "texture": "#texture" },
        "south": { "uv": [ 9.5, 10.5, 10, 16 ], "texture": "#texture" },
        "west":  { "uv": [ 7, 10.5, 9, 16 ], "texture": "#texture" },
        "east":  { "uv": [ 7, 10.5, 9, 16 ], "texture": "#texture" }
    }
},
{
    "from": [ 4, 0, 7 ],
    "to": [ 4.5, 5.5, 9 ],
    "faces": {
        "down":  { "uv": [ 12, 9, 11.5, 7 ], "texture": "#texture" },
        "up":    { "uv": [ 4, 7, 4.5, 9 ], "texture": "#texture" },
        "north": { "uv": [ 11.5, 10.5, 12, 16 ], "texture": "#texture" },
        "south": { "uv": [ 4, 10.5, 4.5, 16 ], "texture": "#texture" },
        "west":  { "uv": [ 7, 10.5, 9, 16 ], "texture": "#texture" },
        "east":  { "uv": [ 7, 10.5, 9, 16 ], "texture": "#texture" }
    }
},
{
    "from": [ 5, 0, 6 ],
    "to": [ 9, 0.5, 10 ],
    "faces": {
        "down":  { "uv": [ 11, 10, 7, 6 ], "texture": "#texture" },
        "up":    { "uv": [ 5, 6, 9, 10 ], "texture": "#texture" },
        "north": { "uv": [ 7, 15.5, 11, 16 ], "texture": "#texture" },
        "south": { "uv": [ 5, 15.5, 9, 16 ], "texture": "#texture" },
        "west":  { "uv": [ 6, 15.5, 10, 16 ], "texture": "#texture" },
        "east":  { "uv": [ 6, 15.5, 10, 16 ], "texture": "#texture" }
    }
},
{
    "from": [ 9, 0, 9 ],
    "to": [ 9.5, 5.5, 10 ],
    "faces": {
        "down":  { "uv": [ 7, 10, 6.5, 9 ], "texture": "#texture" },
        "up":    { "uv": [ 9, 9, 9.5, 10 ], "texture": "#texture" },
        "north": { "uv": [ 6.5, 10.5, 7, 16 ], "texture": "#texture" },
        "south": { "uv": [ 9, 10.5, 9.5, 16 ], "texture": "#texture" },
        "west":  { "uv": [ 9, 10.5, 10, 16 ], "texture": "#texture" },
        "east":  { "uv": [ 6, 10.5, 7, 16 ], "texture": "#texture" }
    }
},
{
    "from": [ 4.5, 0, 9 ],
    "to": [ 5, 5.5, 10 ],
    "faces": {
        "down":  { "uv": [ 11.5, 10, 11, 9 ], "texture": "#texture" },
        "up":    { "uv": [ 4.5, 9, 5, 10 ], "texture": "#texture" },
        "north": { "uv": [ 11, 10.5, 11.5, 16 ], "texture": "#texture" },
        "south": { "uv": [ 4.5, 10.5, 5, 16 ], "texture": "#texture" },
        "west":  { "uv": [ 9, 10.5, 10, 16 ], "texture": "#texture" },
        "east":  { "uv": [ 6, 10.5, 7, 16 ], "texture": "#texture" }
    }
},
{
    "from": [ 8, 0, 10 ],
    "to": [ 9, 5.5, 10.5 ],
    "faces": {
        "down":  { "uv": [ 8, 10.5, 7, 10 ], "texture": "#texture" },
        "up":    { "uv": [ 8, 10, 9, 10.5 ], "texture": "#texture" },
        "north": { "uv": [ 7, 10.5, 8, 16 ], "texture": "#texture" },
        "south": { "uv": [ 8, 10.5, 9, 16 ], "texture": "#texture" },
        "west":  { "uv": [ 10, 10.5, 10.5, 16 ], "texture": "#texture" },
        "east":  { "uv": [ 5.5, 10.5, 6, 16 ], "texture": "#texture" }
    }
},
{
    "from": [ 8, 0, 5.5 ],
    "to": [ 9, 5.5, 6 ],
    "faces": {
        "down":  { "uv": [ 8, 6, 7, 5.5 ], "texture": "#texture" },
        "up":    { "uv": [ 8, 5.5, 9, 6 ], "texture": "#texture" },
        "north": { "uv": [ 7, 10.5, 8, 16 ], "texture": "#texture" },
        "south": { "uv": [ 8, 10.5, 9, 16 ], "texture": "#texture" },
        "west":  { "uv": [ 5.5, 10.5, 6, 16 ], "texture": "#texture" },
        "east":  { "uv": [ 10, 10.5, 10.5, 16 ], "texture": "#texture" }
    }
},
{
    "from": [ 6, 0, 5.5 ],
    "to": [ 8, 0.5, 10.5 ],
    "faces": {
        "down":  { "uv": [ 10, 10.5, 8, 5.5 ], "texture": "#texture" },
        "up":    { "uv": [ 6, 5.5, 8, 10.5 ], "texture": "#texture" },
        "north": { "uv": [ 8, 15.5, 10, 16 ], "texture": "#texture" },
        "south": { "uv": [ 6, 15.5, 8, 16 ], "texture": "#texture" },
        "west":  { "uv": [ 5.5, 15.5, 10.5, 16 ], "texture": "#texture" },
        "east":  { "uv": [ 5.5, 15.5, 10.5, 16 ], "texture": "#texture" }
    }
},
{
    "from": [ 4.5, 0, 7 ],
    "to": [ 9.5, 0.5, 9 ],
    "faces": {
        "down":  { "uv": [ 11.5, 9, 6.5, 7 ], "texture": "#texture" },
        "up":    { "uv": [ 4.5, 7, 9.5, 9 ], "texture": "#texture" },
        "north": { "uv": [ 6.5, 15.5, 11.5, 16 ], "texture": "#texture" },
        "south": { "uv": [ 4.5, 15.5, 9.5, 16 ], "texture": "#texture" },
        "west":  { "uv": [ 7, 15.5, 9, 16 ], "texture": "#texture" },
        "east":  { "uv": [ 7, 15.5, 9, 16 ], "texture": "#texture" }
    }
},
{
    "from": [ 5, 0, 10 ],
    "to": [ 6, 5.5, 10.5 ],
    "faces": {
        "down":  { "uv": [ 11, 10.5, 10, 10 ], "texture": "#texture" },
        "up":    { "uv": [ 5, 10, 6, 10.5 ], "texture": "#texture" },
        "north": { "uv": [ 10, 10.5, 11, 16 ], "texture": "#texture" },
        "south": { "uv": [ 5, 10.5, 6, 16 ], "texture": "#texture" },
        "west":  { "uv": [ 10, 10.5, 10.5, 16 ], "texture": "#texture" },
        "east":  { "uv": [ 5.5, 10.5, 6, 16 ], "texture": "#texture" }
    }
},
{
    "from": [ 6.5, 4.5, 11 ],
    "to": [ 7.5, 5, 12 ],
    "faces": {
        "down":  { "uv": [ 9.5, 12, 8.5, 11 ], "texture": "#texture" },
        "up":    { "uv": [ 6.5, 11, 7.5, 12 ], "texture": "#texture" },
        "north": { "uv": [ 8.5, 11, 9.5, 11.5 ], "texture": "#texture" },
        "south": { "uv": [ 6.5, 11, 7.5, 11.5 ], "texture": "#texture" },
        "west":  { "uv": [ 11, 11, 12, 11.5 ], "texture": "#texture" },
        "east":  { "uv": [ 4, 11, 5, 11.5 ], "texture": "#texture" }
    }
},
{
    "from": [ 6.5, 0.5, 11 ],
    "to": [ 7.5, 1, 12 ],
    "faces": {
        "down":  { "uv": [ 9.5, 12, 8.5, 11 ], "texture": "#texture" },
        "up":    { "uv": [ 6.5, 11, 7.5, 12 ], "texture": "#texture" },
        "north": { "uv": [ 8.5, 15, 9.5, 15.5 ], "texture": "#texture" },
        "south": { "uv": [ 6.5, 15, 7.5, 15.5 ], "texture": "#texture" },
        "west":  { "uv": [ 11, 15, 12, 15.5 ], "texture": "#texture" },
        "east":  { "uv": [ 4, 15, 5, 15.5 ], "texture": "#texture" }
    }
},
{
    "from": [ 6.5, 1.5, 12.5 ],
    "to": [ 7.5, 4, 13 ],
    "faces": {
        "down":  { "uv": [ 9.5, 13, 8.5, 12.5 ], "texture": "#texture" },
        "up":    { "uv": [ 6.5, 12.5, 7.5, 13 ], "texture": "#texture" },
        "north": { "uv": [ 8.5, 12, 9.5, 14.5 ], "texture": "#texture" },
        "south": { "uv": [ 6.5, 12, 7.5, 14.5 ], "texture": "#texture" },
        "west":  { "uv": [ 12.5, 12, 13, 14.5 ], "texture": "#texture" },
        "east":  { "uv": [ 3, 12, 3.5, 14.5 ], "texture": "#texture" }
    }
},
{
    "from": [ 6.5, 1, 12 ],
    "to": [ 7.5, 1.5, 12.5 ],
    "faces": {
        "down":  { "uv": [ 9.5, 12.5, 8.5, 12 ], "texture": "#texture" },
        "up":    { "uv": [ 6.5, 12, 7.5, 12.5 ], "texture": "#texture" },
        "north": { "uv": [ 8.5, 14.5, 9.5, 15 ], "texture": "#texture" },
        "south": { "uv": [ 6.5, 14.5, 7.5, 15 ], "texture": "#texture" },
        "west":  { "uv": [ 12, 14.5, 12.5, 15 ], "texture": "#texture" },
        "east":  { "uv": [ 3.5, 14.5, 4, 15 ], "texture": "#texture" }
    }
},
{
    "from": [ 6.5, 4, 12 ],
    "to": [ 7.5, 4.5, 12.5 ],
    "faces": {
        "down":  { "uv": [ 9.5, 12.5, 8.5, 12 ], "texture": "#texture" },
        "up":    { "uv": [ 6.5, 12, 7.5, 12.5 ], "texture": "#texture" },
        "north": { "uv": [ 8.5, 11.5, 9.5, 12 ], "texture": "#texture" },
        "south": { "uv": [ 6.5, 11.5, 7.5, 12 ], "texture": "#texture" },
        "west":  { "uv": [ 12, 11.5, 12.5, 12 ], "texture": "#texture" },
        "east":  { "uv": [ 3.5, 11.5, 4, 12 ], "texture": "#texture" }
    }
},
{
    "from": [ 5, 0.5, 6 ],
    "to": [ 9, 4.5, 10 ],
    "faces": {
        "down":  { "uv": [ 11, 10, 7, 6 ], "texture": "#wood" },
        "up":    { "uv": [ 5, 6, 9, 10 ], "texture": "#wood" },
        "north": { "uv": [ 7, 11.5, 11, 15.5 ], "texture": "#wood" },
        "south": { "uv": [ 5, 11.5, 9, 15.5 ], "texture": "#wood" },
        "west":  { "uv": [ 6, 11.5, 10, 15.5 ], "texture": "#wood" },
        "east":  { "uv": [ 6, 11.5, 10, 15.5 ], "texture": "#wood" }
    }
},
{
    "from": [ 6, 0.5, 5.5 ],
    "to": [ 8, 4.5, 10.5 ],
    "faces": {
        "down":  { "uv": [ 10, 10.5, 8, 5.5 ], "texture": "#wood" },
        "up":    { "uv": [ 6, 5.5, 8, 10.5 ], "texture": "#wood" },
        "north": { "uv": [ 8, 11.5, 10, 15.5 ], "texture": "#wood" },
        "south": { "uv": [ 6, 11.5, 8, 15.5 ], "texture": "#wood" },
        "west":  { "uv": [ 5.5, 11.5, 10.5, 15.5 ], "texture": "#wood" },
        "east":  { "uv": [ 5.5, 11.5, 10.5, 15.5 ], "texture": "#wood" }
    }
},
{
    "from": [ 4.5, 0.5, 7 ],
    "to": [ 9.5, 4.5, 9 ],
    "faces": {
        "down":  { "uv": [ 11.5, 9, 6.5, 7 ], "texture": "#wood" },
        "up":    { "uv": [ 4.5, 7, 9.5, 9 ], "texture": "#wood" },
        "north": { "uv": [ 6.5, 11.5, 11.5, 15.5 ], "texture": "#wood" },
        "south": { "uv": [ 4.5, 11.5, 9.5, 15.5 ], "texture": "#wood" },
        "west":  { "uv": [ 7, 11.5, 9, 15.5 ], "texture": "#wood" },
        "east":  { "uv": [ 7, 11.5, 9, 15.5 ], "texture": "#wood" }
    }
}
],
"display": {
    "thirdperson_righthand": {
        "rotation": [ 0, 90, 0 ],
        "translation": [ 0, 1.25, -2 ],
        "scale": [ 0.6, 0.6, 0.6 ]
    },
    "thirdperson_lefthand": {
        "rotation": [ 0, 90, 0 ],
        "translation": [ 0, 1.25, -2 ],
        "scale": [ 0.6, 0.6, 0.6 ]
    },
    "head": {
        "rotation": [ 0, 0, 0 ],
        "translation": [ 0, -30.5, 0 ],
        "scale": [ 1.6, 1.6, 1.6 ]
    },
    "ground": {
        "rotation": [ 0, 0, 0 ],
        "translation": [ 0, 0, 0 ],
        "scale": [ 1.6, 1.6, 1.6 ]
    },
    "fixed": {
        "rotation": [ -90, -180, 0 ],
        "translation": [ 0, 0, 6.61 ],
        "scale": [ 0.8, 0.8, 0.8 ]
    },
    "firstperson_righthand": {
        "rotation": [ 0, 0, 0 ],
        "translation": [ 0, 0, 0 ],
        "scale": [ 0.6, 0.6, 0.6 ]
    },
    "firstperson_lefthand": {
        "rotation": [ 0, 0, 0 ],
        "translation": [ 0, 0, 0 ],
        "scale": [ 0.6, 0.6, 0.6]
    },
    "gui": {
        "rotation": [ 41, 17, 10 ],
        "translation": [ 0.76, -3.21, 0 ],
        "scale": [ 0.6, 0.6, 0.6 ]
    }
}
}