{
"__comment": "Designed by -",
"textures": {
    "texture": "blocks/bed_feet_top",
    "planks_oak": "blocks/planks_oak",
    "bed_head_top": "blocks/bed_head_top"
},
"elements": [ 
{
    "__comment": "ArmSideL",
    "from": [ -3, 1, 0 ],
    "to": [ 0, 11, 16 ],
    "faces": {
        "down":  { "uv": [ 13, 0, 16, 16 ], "texture": "#texture" },
        "north": { "uv": [ 0, 5, 3, 15 ], "texture": "#texture" },
        "south": { "uv": [ 0, 5, 3, 15 ], "texture": "#texture" },
        "west":  { "uv": [ 0, 5, 16, 15 ], "texture": "#texture" }
    }
},
{
    "__comment": "ArmTopL",
    "from": [ -4, 11, 0 ],
    "to": [ 1, 15, 16 ],
    "faces": {
        "down":  { "uv": [ 5, 0, 0, 16 ], "texture": "#texture" },
        "up":    { "uv": [ 0, 0, 5, 16 ], "texture": "#texture" },
        "north": { "uv": [ 0, 1, 5, 5 ], "texture": "#texture" },
        "west":  { "uv": [ 16, 1, 0, 5 ], "texture": "#texture" },
        "east":  { "uv": [ 16, 1, 0, 5 ], "texture": "#texture" }
    }
},
{
    "__comment": "ArmCapL",
    "from": [ -3, 15, 16 ],
    "to": [ 1, 16, 17 ],
    "faces": {
        "up":    { "uv": [ 12, 15, 16, 16 ], "texture": "#texture" },
        "south": { "uv": [ 12, 0, 16, 1 ], "texture": "#texture" },
        "west":  { "uv": [ 15, 0, 16, 1 ], "texture": "#texture" },
        "east":  { "uv": [ 15, 0, 16, 1 ], "texture": "#texture" }
    }
},
{
    "__comment": "CouchBottomL",
    "from": [ 0, 1, 0 ],
    "to": [ 16, 11, 16 ],
    "faces": {
        "down":  { "uv": [ -16, 0, 0, 16 ], "texture": "#planks_oak" },
        "up":    { "uv": [ 0, 0, 16, 16 ], "texture": "#texture" },
        "north": { "uv": [ 0, 5, 16, 15 ], "texture": "#texture" },
        "south": { "uv": [ 0, 5, 16, 15 ], "texture": "#texture" }
    }
},
{
    "__comment": "CouchTopR",
    "from": [ 15, 16, 0 ],
    "to": [ 16, 23, 6 ],
    "faces": {
        "up":    { "uv": [ 0, 0, 6, 1 ], "rotation": 90, "texture": "#texture" },
        "north": { "uv": [ 0, 0, 1, 7 ], "texture": "#texture" },
        "south": { "uv": [ 0, 0, 1, 7 ], "texture": "#texture" },
        "east":  { "uv": [ 0, 0, 6, 7 ], "texture": "#texture" }
    }
},
{
    "__comment": "CouchTopL",
    "from": [ 0, 16, 0 ],
    "to": [ 1, 23, 6 ],
    "faces": {
        "up":    { "uv": [ 0, 0, 1, 6 ], "texture": "#texture" },
        "north": { "uv": [ 0, 0, 1, 7 ], "texture": "#texture" },
        "south": { "uv": [ 0, 0, 1, 7 ], "texture": "#texture" },
        "west":  { "uv": [ 6, 0, 0, 7 ], "texture": "#texture" }
    }
},
{
    "__comment": "ArmSideR",
    "from": [ 16, 1, 0 ],
    "to": [ 19, 11, 16 ],
    "faces": {
        "down":  { "uv": [ 0, 0, 3, 16 ], "texture": "#texture" },
        "north": { "uv": [ 3, 5, 0, 15 ], "texture": "#texture" },
        "south": { "uv": [ 3, 5, 0, 15 ], "texture": "#texture" },
        "east":  { "uv": [ 16, 5, 0, 15 ], "texture": "#texture" }
    }
},
{
    "__comment": "ArmTopR",
    "from": [ 15, 11, 0 ],
    "to": [ 20, 15, 16 ],
    "faces": {
        "down":  { "uv": [ 0, 0, 5, 16 ], "texture": "#texture" },
        "up":    { "uv": [ 5, 0, 0, 16 ], "texture": "#texture" },
        "north": { "uv": [ 0, 1, 5, 5 ], "texture": "#texture" },
        "west":  { "uv": [ 0, 1, 16, 5 ], "texture": "#texture" },
        "east":  { "uv": [ 0, 1, 16, 5 ], "texture": "#texture" }
    }
},
{
    "__comment": "ArmCapR",
    "from": [ 15, 11, 16 ],
    "to": [ 20, 15, 17 ],
    "faces": {
        "down":  { "uv": [ 0, 0, 5, 1 ], "texture": "#texture" },
        "up":    { "uv": [ 0, 0, 5, 1 ], "texture": "#texture" },
        "south": { "uv": [ 5, 0, 0, 4 ], "texture": "#texture" },
        "west":  { "uv": [ 15, 1, 16, 5 ], "texture": "#texture" },
        "east":  { "uv": [ 0, 1, 1, 5 ], "texture": "#texture" }
    }
},
{
    "__comment": "CouchCap*",
    "from": [ 0, 7, 16 ],
    "to": [ 16, 11, 17 ],
    "faces": {
        "down":  { "uv": [ 0, 0, 16, 1 ], "texture": "#texture" },
        "up":    { "uv": [ 0, 0, 16, 1 ], "texture": "#texture" },
        "south": { "uv": [ 4, 0, 8, 16 ], "rotation": 90, "texture": "#bed_head_top" },
        "west":  { "uv": [ 0, 0, 1, 4 ], "texture": "#texture" },
        "east":  { "uv": [ 0, 0, 1, 4 ], "texture": "#texture" }
    }
},
{
    "__comment": "Feets*",
    "from": [ -2, 0, 12 ],
    "to": [ 1, 1, 15 ],
    "faces": {
        "down":  { "uv": [ -18, 12, -15, 15 ], "texture": "#planks_oak" },
        "up":    { "uv": [ 0, 12, 3, 15 ], "texture": "#planks_oak" },
        "north": { "uv": [ 0, 15, 3, 16 ], "texture": "#planks_oak" },
        "south": { "uv": [ 0, 15, 3, 16 ], "texture": "#planks_oak" },
        "west":  { "uv": [ 12, 15, 15, 16 ], "texture": "#planks_oak" },
        "east":  { "uv": [ 12, 15, 15, 16 ], "texture": "#planks_oak" }
    }
},
{
    "__comment": "Feets*",
    "from": [ 15, 0, 12 ],
    "to": [ 18, 1, 15 ],
    "faces": {
        "down":  { "uv": [ -5, 12, -2, 15 ], "texture": "#planks_oak" },
        "up":    { "uv": [ 0, 12, 3, 15 ], "texture": "#planks_oak" },
        "north": { "uv": [ 0, 15, 3, 16 ], "texture": "#planks_oak" },
        "south": { "uv": [ 0, 15, 3, 16 ], "texture": "#planks_oak" },
        "west":  { "uv": [ 12, 15, 15, 16 ], "texture": "#planks_oak" },
        "east":  { "uv": [ 12, 15, 15, 16 ], "texture": "#planks_oak" }
    }
},
{
    "__comment": "Feets*",
    "from": [ -2, 0, 0 ],
    "to": [ 1, 1, 3 ],
    "faces": {
        "down":  { "uv": [ -18, 0, -15, 3 ], "texture": "#planks_oak" },
        "up":    { "uv": [ 0, 0, 3, 3 ], "texture": "#planks_oak" },
        "north": { "uv": [ 0, 15, 3, 16 ], "texture": "#planks_oak" },
        "south": { "uv": [ 0, 15, 3, 16 ], "texture": "#planks_oak" },
        "west":  { "uv": [ 0, 15, 3, 16 ], "texture": "#planks_oak" },
        "east":  { "uv": [ 0, 15, 3, 16 ], "texture": "#planks_oak" }
    }
},
{
    "__comment": "Feets*",
    "from": [ 15, 0, 0 ],
    "to": [ 18, 1, 3 ],
    "faces": {
        "down":  { "uv": [ -5, 0, -2, 3 ], "texture": "#planks_oak" },
        "up":    { "uv": [ 0, 0, 3, 3 ], "texture": "#planks_oak" },
        "north": { "uv": [ 0, 15, 3, 16 ], "texture": "#planks_oak" },
        "south": { "uv": [ 0, 15, 3, 16 ], "texture": "#planks_oak" },
        "west":  { "uv": [ 0, 15, 3, 16 ], "texture": "#planks_oak" },
        "east":  { "uv": [ 0, 15, 3, 16 ], "texture": "#planks_oak" }
    }
},
{
    "__comment": "CouchTopL*",
    "from": [ 1, 11, 0 ],
    "to": [ 15, 24, 6 ],
    "faces": {
        "up":    { "uv": [ 0, 0, 15, 6 ], "texture": "#texture" },
        "north": { "uv": [ 1, 0, 15, 13 ], "texture": "#texture" },
        "south": { "uv": [ 1, 0, 15, 13 ], "texture": "#texture" },
        "west":  { "uv": [ 0, 0, 6, 13 ], "texture": "#texture" },
        "east":  { "uv": [ 0, 0, 6, 13 ], "texture": "#texture" }
    }
},
{
    "__comment": "ArmCapL*",
    "from": [ -4, 11, 16 ],
    "to": [ 1, 15, 17 ],
    "faces": {
        "down":  { "uv": [ 1, 15, 6, 16 ], "texture": "#texture" },
        "up":    { "uv": [ 1, 15, 6, 16 ], "texture": "#texture" },
        "south": { "uv": [ 0, 0, 5, 4 ], "texture": "#texture" },
        "west":  { "uv": [ 0, 1, 1, 5 ], "texture": "#texture" },
        "east":  { "uv": [ 15, 1, 16, 5 ], "texture": "#texture" }
    }
},
{
    "__comment": "ArmCapR*",
    "from": [ 15, 15, 16 ],
    "to": [ 19, 16, 17 ],
    "faces": {
        "up":    { "uv": [ 12, 15, 16, 16 ], "texture": "#texture" },
        "south": { "uv": [ 12, 0, 16, 1 ], "texture": "#texture" },
        "west":  { "uv": [ 15, 0, 16, 1 ], "texture": "#texture" },
        "east":  { "uv": [ 15, 0, 16, 1 ], "texture": "#texture" }
    }
},
{
    "__comment": "ArmTopL*",
    "from": [ -3, 15, 0 ],
    "to": [ 1, 16, 16 ],
    "faces": {
        "up":    { "uv": [ 0, 0, 4, 16 ], "texture": "#texture" },
        "north": { "uv": [ 0, 0, 4, 1 ], "texture": "#texture" },
        "west":  { "uv": [ 0, 0, 16, 1 ], "texture": "#texture" },
        "east":  { "uv": [ 0, 0, 16, 1 ], "texture": "#texture" }
    }
},
{
    "__comment": "ArmTopR*",
    "from": [ 15, 15, 0 ],
    "to": [ 19, 16, 16 ],
    "faces": {
        "up":    { "uv": [ 0, 0, 4, 16 ], "texture": "#texture" },
        "north": { "uv": [ 0, 0, 4, 1 ], "texture": "#texture" },
        "west":  { "uv": [ 0, 0, 1, 16 ], "rotation": 90, "texture": "#texture" },
        "east":  { "uv": [ 0, 0, 1, 16 ], "texture": "#texture" }
    }
}
],
"display": {
    "thirdperson_righthand": {
        "rotation": [ 0, -43, 0 ],
        "translation": [ 0, 0, 0 ],
        "scale": [ 0.4, 0.4, 0.4 ]
    },
    "thirdperson_lefthand": {
        "rotation": [ 0, -43, 0 ],
        "translation": [ 0, 0, 0 ],
        "scale": [ 0.4, 0.4, 0.4 ]
    },
    "head": {
        "rotation": [ 0, 180, 0 ],
        "translation": [ 0, -30.5, 0 ],
        "scale": [ 1.6, 1.6, 1.6 ]
    },
    "ground": {
        "rotation": [ 0, 0, 0 ],
        "translation": [ 0, 2, 0 ],
        "scale": [ 0.5, 0.5, 0.5 ]
    },
    "fixed": {
        "rotation": [ 0, 180, 0 ],
        "translation": [ -4.35, -3.4, -3.4 ],
        "scale": [ 0.5, 0.5, 0.5 ]
    },
    "firstperson_righthand": {
        "rotation": [ 0, -64, 0 ],
        "translation": [ 0, 0, 1.13 ],
        "scale": [ 0.5, 0.5, 0.5 ]
    },
    "firstperson_lefthand": {
        "rotation": [ 0, -64, 0 ],
        "translation": [ 0, 0, 1.13 ],
        "scale": [ 0.5, 0.5, 0.5 ]
    },
    "gui": {
        "rotation": [ 35, 35, 0 ],
        "translation": [ -0.19, -0.38, 0 ],
        "scale": [ 0.3, 0.3, 0.3 ]
    }
}
}