{
"__comment": "Designed by Jugbot",
"textures": {
    "texture": "blocks/hardened_clay_stained_white",
    "wool_colored_white": "blocks/wool_colored_white",
    "bed_feet_top": "blocks/bed_feet_top",
    "hardened_clay_stained_black": "blocks/hardened_clay_stained_black",
    "hardened_clay_stained_blue": "blocks/hardened_clay_stained_light_blue",
    "hardened_clay": "blocks/hardened_clay",
    "hardened_clay_stained_lime": "blocks/hardened_clay_stained_lime"
},
"elements": [ 
{
    "from": [ 3, 3, 3 ],
    "to": [ 6, 4, 5 ],
    "faces": {
        "north": { "uv": [ 10, 12, 13, 13 ], "texture": "#hardened_clay_stained_blue" },
        "west":  { "uv": [ 3, 12, 5, 13 ], "texture": "#hardened_clay_stained_blue" },
        "east":  { "uv": [ 11, 12, 13, 13 ], "texture": "#hardened_clay_stained_blue" }
    }
},
{
    "__comment": "Hands",
    "from": [ 6, 2, 4 ],
    "to": [ 7, 3, 5 ],
    "faces": {
        "down":  { "uv": [ 10, 5, 9, 4 ], "texture": "#texture" },
        "north": { "uv": [ 9, 13, 10, 14 ], "texture": "#texture" },
        "south": { "uv": [ 6, 13, 7, 14 ], "texture": "#texture" },
        "east":  { "uv": [ 11, 13, 12, 14 ], "texture": "#texture" }
    }
},
{
    "from": [ 6, 3, 4 ],
    "to": [ 7, 4, 5 ],
    "faces": {
        "up":    { "uv": [ 6, 4, 7, 5 ], "texture": "#hardened_clay_stained_blue" },
        "north": { "uv": [ 9, 12, 10, 13 ], "texture": "#hardened_clay_stained_blue" },
        "south": { "uv": [ 6, 12, 7, 13 ], "texture": "#hardened_clay_stained_blue" },
        "east":  { "uv": [ 11, 12, 12, 13 ], "texture": "#hardened_clay_stained_blue" }
    }
},
{
    "from": [ 2, 3, 4 ],
    "to": [ 3, 4, 5 ],
    "faces": {
        "up":    { "uv": [ 2, 4, 3, 5 ], "texture": "#hardened_clay_stained_blue" },
        "north": { "uv": [ 13, 12, 14, 13 ], "texture": "#hardened_clay_stained_blue" },
        "south": { "uv": [ 2, 12, 3, 13 ], "texture": "#hardened_clay_stained_blue" },
        "west":  { "uv": [ 4, 12, 5, 13 ], "texture": "#hardened_clay_stained_blue" }
    }
},
{
    "__comment": "Hat",
    "from": [ 4, 8, 3.5 ],
    "to": [ 5, 9, 4.5 ],
    "faces": {
        "up":    { "uv": [ 5, 3, 6, 4 ], "texture": "#bed_feet_top" },
        "north": { "uv": [ 10, 7, 11, 8 ], "texture": "#bed_feet_top" },
        "south": { "uv": [ 5, 7, 6, 8 ], "texture": "#bed_feet_top" },
        "west":  { "uv": [ 3, 7, 4, 8 ], "texture": "#bed_feet_top" },
        "east":  { "uv": [ 12, 7, 13, 8 ], "texture": "#bed_feet_top" }
    }
},
{
    "__comment": "Hat",
    "from": [ 3.5, 7, 3 ],
    "to": [ 5.5, 8, 5 ],
    "faces": {
        "up":    { "uv": [ 4, 3, 6, 5 ], "texture": "#bed_feet_top" },
        "north": { "uv": [ 10, 8, 12, 9 ], "texture": "#bed_feet_top" },
        "south": { "uv": [ 4, 8, 6, 9 ], "texture": "#bed_feet_top" },
        "west":  { "uv": [ 3, 8, 5, 9 ], "texture": "#bed_feet_top" },
        "east":  { "uv": [ 11, 8, 13, 9 ], "texture": "#bed_feet_top" }
    }
},
{
    "__comment": "Beard",
    "from": [ 4, 1, 5 ],
    "to": [ 5, 2, 6 ],
    "faces": {
        "down":  { "uv": [ 12, 6, 11, 5 ], "texture": "#hardened_clay_stained_blue" },
        "south": { "uv": [ 4, 14, 5, 15 ], "texture": "#wool_colored_white" }
    }
},
{
    "__comment": "Feets",
    "from": [ 5, 0, 4 ],
    "to": [ 6, 1, 5 ],
    "faces": {
        "down":  { "uv": [ 11, 5, 10, 4 ], "texture": "#hardened_clay_stained_black" },
        "north": { "uv": [ 10, 15, 11, 16 ], "texture": "#hardened_clay_stained_black" },
        "south": { "uv": [ 5, 15, 6, 16 ], "texture": "#hardened_clay_stained_black" },
        "west":  { "uv": [ 4, 15, 5, 16 ], "texture": "#hardened_clay_stained_black" },
        "east":  { "uv": [ 11, 15, 12, 16 ], "texture": "#hardened_clay_stained_black" }
    }
},
{
    "__comment": "Feets",
    "from": [ 3, 0, 4 ],
    "to": [ 4, 1, 5 ],
    "faces": {
        "down":  { "uv": [ 13, 5, 12, 4 ], "texture": "#hardened_clay_stained_black" },
        "north": { "uv": [ 12, 15, 13, 16 ], "texture": "#hardened_clay_stained_black" },
        "south": { "uv": [ 3, 15, 4, 16 ], "texture": "#hardened_clay_stained_black" },
        "west":  { "uv": [ 4, 15, 5, 16 ], "texture": "#hardened_clay_stained_black" },
        "east":  { "uv": [ 11, 15, 12, 16 ], "texture": "#hardened_clay_stained_black" }
    }
},
{
    "__comment": "Head",
    "from": [ 4, 4, 5 ],
    "to": [ 5, 5, 6 ],
    "faces": {
        "up":    { "uv": [ 4, 5, 5, 6 ], "texture": "#texture" },
        "south": { "uv": [ 4, 11, 5, 12 ], "texture": "#texture" },
        "west":  { "uv": [ 5, 11, 6, 12 ], "texture": "#texture" },
        "east":  { "uv": [ 10, 11, 11, 12 ], "texture": "#texture" }
    }
},
{
    "__comment": "Head",
    "from": [ 3, 4, 3 ],
    "to": [ 6, 6, 5 ],
    "faces": {
        "north": { "uv": [ 10, 10, 13, 12 ], "texture": "#texture" },
        "south": { "uv": [ 3, 10, 6, 12 ], "texture": "#texture" },
        "west":  { "uv": [ 3, 10, 5, 12 ], "texture": "#texture" },
        "east":  { "uv": [ 11, 10, 13, 12 ], "texture": "#texture" }
    }
},
{
    "from": [ 5, 1, 5 ],
    "to": [ 6, 2, 6 ],
    "faces": {
        "down":  { "uv": [ 11, 6, 10, 5 ], "texture": "#hardened_clay_stained_blue" },
        "south": { "uv": [ 5, 14, 6, 15 ], "texture": "#hardened_clay_stained_blue" },
        "east":  { "uv": [ 10, 14, 11, 15 ], "texture": "#hardened_clay_stained_blue" }
    }
},
{
    "__comment": "Beard",
    "from": [ 3, 2, 5 ],
    "to": [ 6, 4, 6 ],
    "faces": {
        "down":  { "uv": [ 13, 6, 10, 5 ], "texture": "#wool_colored_white" },
        "up":    { "uv": [ 3, 5, 6, 6 ], "texture": "#wool_colored_white" },
        "south": { "uv": [ 3, 12, 6, 14 ], "texture": "#wool_colored_white" },
        "west":  { "uv": [ 5, 12, 6, 14 ], "texture": "#wool_colored_white" },
        "east":  { "uv": [ 10, 12, 11, 14 ], "texture": "#wool_colored_white" }
    }
},
{
    "from": [ 3, 1, 5 ],
    "to": [ 4, 2, 6 ],
    "faces": {
        "down":  { "uv": [ 13, 6, 12, 5 ], "texture": "#hardened_clay_stained_blue" },
        "south": { "uv": [ 3, 14, 4, 15 ], "texture": "#hardened_clay_stained_blue" },
        "west":  { "uv": [ 5, 14, 6, 15 ], "texture": "#hardened_clay_stained_blue" }
    }
},
{
    "__comment": "Hat",
    "from": [ 3, 6, 2.5 ],
    "to": [ 6, 7, 5.5 ],
    "faces": {
        "down":  { "uv": [ 13, 5, 10, 2 ], "texture": "#bed_feet_top" },
        "up":    { "uv": [ 3, 2, 6, 5 ], "texture": "#bed_feet_top" },
        "north": { "uv": [ 10, 9, 13, 10 ], "texture": "#bed_feet_top" },
        "south": { "uv": [ 3, 9, 6, 10 ], "texture": "#bed_feet_top" },
        "west":  { "uv": [ 2, 9, 5, 10 ], "texture": "#bed_feet_top" },
        "east":  { "uv": [ 10, 9, 13, 10 ], "texture": "#bed_feet_top" }
    }
},
{
    "__comment": "Hands",
    "from": [ 2, 2, 4 ],
    "to": [ 3, 3, 5 ],
    "faces": {
        "down":  { "uv": [ 14, 5, 13, 4 ], "texture": "#texture" },
        "north": { "uv": [ 13, 13, 14, 14 ], "texture": "#texture" },
        "south": { "uv": [ 2, 13, 3, 14 ], "texture": "#texture" },
        "west":  { "uv": [ 4, 13, 5, 14 ], "texture": "#texture" }
    }
},
{
    "from": [ 10, 0, 3 ],
    "to": [ 13, 2, 6 ],
    "faces": {
        "down":  { "uv": [ 6, 6, 3, 3 ], "texture": "#hardened_clay_stained_blue" },
        "north": { "uv": [ 3, 14, 6, 16 ], "texture": "#hardened_clay_stained_blue" },
        "south": { "uv": [ 10, 14, 13, 16 ], "texture": "#hardened_clay_stained_blue" },
        "west":  { "uv": [ 3, 14, 6, 16 ], "texture": "#hardened_clay_stained_blue" },
        "east":  { "uv": [ 10, 14, 13, 16 ], "texture": "#hardened_clay_stained_blue" }
    }
},
{
    "from": [ 10, 4, 3 ],
    "to": [ 13, 6, 4 ],
    "faces": {
        "north": { "uv": [ 3, 10, 6, 12 ], "texture": "#hardened_clay_stained_blue" },
        "west":  { "uv": [ 3, 10, 4, 12 ], "texture": "#hardened_clay_stained_blue" },
        "east":  { "uv": [ 12, 10, 13, 12 ], "texture": "#hardened_clay_stained_blue" }
    }
},
{
    "__comment": "Head*",
    "from": [ 11, 4, 5 ],
    "to": [ 12, 5, 6 ],
    "faces": {
        "up":    { "uv": [ 11, 5, 12, 6 ], "texture": "#texture" },
        "south": { "uv": [ 11, 11, 12, 12 ], "texture": "#texture" },
        "west":  { "uv": [ 5, 11, 6, 12 ], "texture": "#texture" },
        "east":  { "uv": [ 10, 11, 11, 12 ], "texture": "#texture" }
    }
},
{
    "__comment": "Head*",
    "from": [ 10, 4, 4 ],
    "to": [ 13, 6, 5 ],
    "faces": {
        "south": { "uv": [ 10, 10, 13, 12 ], "texture": "#texture" },
        "west":  { "uv": [ 4, 10, 5, 12 ], "texture": "#texture" },
        "east":  { "uv": [ 11, 10, 12, 12 ], "texture": "#texture" }
    }
},
{
    "__comment": "Hat*",
    "from": [ 11, 8, 3.5 ],
    "to": [ 12, 9, 4.5 ],
    "faces": {
        "up":    { "uv": [ 5, 3, 6, 4 ], "texture": "#bed_feet_top" },
        "north": { "uv": [ 10, 7, 11, 8 ], "texture": "#bed_feet_top" },
        "south": { "uv": [ 5, 7, 6, 8 ], "texture": "#bed_feet_top" },
        "west":  { "uv": [ 3, 7, 4, 8 ], "texture": "#bed_feet_top" },
        "east":  { "uv": [ 12, 7, 13, 8 ], "texture": "#bed_feet_top" }
    }
},
{
    "__comment": "Hat*",
    "from": [ 10.5, 7, 3 ],
    "to": [ 12.5, 8, 5 ],
    "faces": {
        "up":    { "uv": [ 4, 3, 6, 5 ], "texture": "#bed_feet_top" },
        "north": { "uv": [ 10, 8, 12, 9 ], "texture": "#bed_feet_top" },
        "south": { "uv": [ 4, 8, 6, 9 ], "texture": "#bed_feet_top" },
        "west":  { "uv": [ 3, 8, 5, 9 ], "texture": "#bed_feet_top" },
        "east":  { "uv": [ 11, 8, 13, 9 ], "texture": "#bed_feet_top" }
    }
},
{
    "__comment": "Hat*",
    "from": [ 10, 6, 2.5 ],
    "to": [ 13, 7, 5.5 ],
    "faces": {
        "down":  { "uv": [ 13, 5, 10, 2 ], "texture": "#bed_feet_top" },
        "up":    { "uv": [ 3, 2, 6, 5 ], "texture": "#bed_feet_top" },
        "north": { "uv": [ 10, 9, 13, 10 ], "texture": "#bed_feet_top" },
        "south": { "uv": [ 3, 9, 6, 10 ], "texture": "#bed_feet_top" },
        "west":  { "uv": [ 2, 9, 5, 10 ], "texture": "#bed_feet_top" },
        "east":  { "uv": [ 10, 9, 13, 10 ], "texture": "#bed_feet_top" }
    }
},
{
    "__comment": "Hands*",
    "from": [ 13, 2, 4 ],
    "to": [ 14, 3, 5 ],
    "faces": {
        "down":  { "uv": [ 3, 5, 2, 4 ], "texture": "#texture" },
        "north": { "uv": [ 2, 13, 3, 14 ], "texture": "#texture" },
        "south": { "uv": [ 13, 13, 14, 14 ], "texture": "#texture" },
        "east":  { "uv": [ 11, 13, 12, 14 ], "texture": "#texture" }
    }
},
{
    "__comment": "Hands*",
    "from": [ 9, 2, 4 ],
    "to": [ 10, 3, 5 ],
    "faces": {
        "down":  { "uv": [ 7, 5, 6, 4 ], "texture": "#texture" },
        "north": { "uv": [ 6, 13, 7, 14 ], "texture": "#texture" },
        "south": { "uv": [ 9, 13, 10, 14 ], "texture": "#texture" },
        "west":  { "uv": [ 4, 13, 5, 14 ], "texture": "#texture" }
    }
},
{
    "from": [ 10, 1, 3 ],
    "to": [ 13, 2, 5 ],
    "faces": {
        "down":  { "uv": [ 6, 5, 3, 3 ], "texture": "#hardened_clay_stained_blue" },
        "north": { "uv": [ 3, 14, 6, 15 ], "texture": "#hardened_clay_stained_blue" },
        "south": { "uv": [ 10, 14, 13, 15 ], "texture": "#hardened_clay_stained_blue" },
        "west":  { "uv": [ 3, 14, 5, 15 ], "texture": "#hardened_clay_stained_blue" },
        "east":  { "uv": [ 11, 14, 13, 15 ], "texture": "#hardened_clay_stained_blue" }
    }
},
{
    "from": [ 13, 3, 4 ],
    "to": [ 14, 4, 5 ],
    "faces": {
        "up":    { "uv": [ 13, 4, 14, 5 ], "texture": "#hardened_clay_stained_blue" },
        "north": { "uv": [ 2, 12, 3, 13 ], "texture": "#hardened_clay_stained_blue" },
        "south": { "uv": [ 13, 12, 14, 13 ], "texture": "#hardened_clay_stained_blue" },
        "east":  { "uv": [ 11, 12, 12, 13 ], "texture": "#hardened_clay_stained_blue" }
    }
},
{
    "from": [ 9, 3, 4 ],
    "to": [ 10, 4, 5 ],
    "faces": {
        "up":    { "uv": [ 9, 4, 10, 5 ], "texture": "#hardened_clay_stained_blue" },
        "north": { "uv": [ 6, 12, 7, 13 ], "texture": "#hardened_clay_stained_blue" },
        "south": { "uv": [ 9, 12, 10, 13 ], "texture": "#hardened_clay_stained_blue" },
        "west":  { "uv": [ 4, 12, 5, 13 ], "texture": "#hardened_clay_stained_blue" }
    }
},
{
    "__comment": "Beard*",
    "from": [ 10, 2, 3 ],
    "to": [ 13, 4, 6 ],
    "faces": {
        "up":    { "uv": [ 10, 3, 13, 6 ], "texture": "#hardened_clay_stained_lime" },
        "north": { "uv": [ 3, 12, 6, 14 ], "texture": "#hardened_clay_stained_lime" },
        "south": { "uv": [ 10, 12, 13, 14 ], "texture": "#hardened_clay_stained_lime" },
        "west":  { "uv": [ 3, 12, 6, 14 ], "texture": "#hardened_clay_stained_lime" },
        "east":  { "uv": [ 10, 12, 13, 14 ], "texture": "#hardened_clay_stained_lime" }
    }
},
{
    "from": [ 3, 1, 3 ],
    "to": [ 6, 2, 5 ],
    "faces": {
        "down":  { "uv": [ 13, 5, 10, 3 ], "texture": "#hardened_clay_stained_blue" },
        "north": { "uv": [ 10, 14, 13, 15 ], "texture": "#hardened_clay_stained_blue" },
        "south": { "uv": [ 3, 14, 6, 15 ], "texture": "#hardened_clay_stained_blue" },
        "west":  { "uv": [ 3, 14, 5, 15 ], "texture": "#hardened_clay_stained_blue" },
        "east":  { "uv": [ 11, 14, 13, 15 ], "texture": "#hardened_clay_stained_blue" }
    }
},
{
    "from": [ 3, 2, 3 ],
    "to": [ 6, 3, 5 ],
    "faces": {
        "north": { "uv": [ 10, 13, 13, 14 ], "texture": "#hardened_clay" },
        "west":  { "uv": [ 3, 13, 5, 14 ], "texture": "#hardened_clay" },
        "east":  { "uv": [ 11, 13, 13, 14 ], "texture": "#hardened_clay" }
    }
}
],
"display": {
    "thirdperson_righthand": {
        "rotation": [ -3, 27, -18 ],
        "translation": [ 0.19, 0.94, 2.27 ],
        "scale": [ 0.5, 0.5, 0.5 ]
    },
    "thirdperson_lefthand": {
        "rotation": [ -3, 27, -18 ],
        "translation": [ 0.19, 0.94, 2.27 ],
        "scale": [ 0.5, 0.5, 0.5 ]
    },
    "head": {
        "rotation": [ 0, 180, 0 ],
        "translation": [ 0, -30.5, 0 ],
        "scale": [ 1.6, 1.6, 1.6 ]
    },
    "ground": {
        "rotation": [ 0, 0, 0 ],
        "translation": [ 0, 2, 0 ],
        "scale": [ 0.5, 0.5, 0.5 ]
    },
    "fixed": {
        "rotation": [ 0, 180, 0 ],
        "translation": [ 0, 0, -4.54 ],
        "scale": [ 1, 1, 1 ]
    },
    "firstperson_righthand": {
        "rotation": [ 0, 0, 0 ],
        "translation": [ 0, 0, 0 ],
        "scale": [ 1, 1, 1 ]
    },
    "firstperson_lefthand": {
        "rotation": [ 0, 0, 0 ],
        "translation": [ 0, 0, 0 ],
        "scale": [ 1, 1, 1 ]
    }
}
}