{
"__comment": "Designed by Jugbot",
"textures": {
    "texture": "blocks/hardened_clay_stained_green",
    "water_still": "blocks/water_still"
},
"elements": [ 
{
    "from": [ 5, 0, 6 ],
    "to": [ 11, 1, 10 ],
    "faces": {
        "down":  { "uv": [ 11, 10, 5, 6 ], "texture": "#texture" },
        "up":    { "uv": [ 5, 6, 11, 10 ], "texture": "#texture" },
        "north": { "uv": [ 5, 15, 11, 16 ], "texture": "#texture" },
        "south": { "uv": [ 5, 15, 11, 16 ], "texture": "#texture" },
        "west":  { "uv": [ 6, 15, 10, 16 ], "texture": "#texture" },
        "east":  { "uv": [ 6, 15, 10, 16 ], "texture": "#texture" }
    }
},
{
    "from": [ 4, 0, 6 ],
    "to": [ 5, 7, 10 ],
    "faces": {
        "down":  { "uv": [ 12, 10, 11, 6 ], "texture": "#texture" },
        "up":    { "uv": [ 4, 6, 5, 10 ], "texture": "#texture" },
        "north": { "uv": [ 11, 9, 12, 16 ], "texture": "#texture" },
        "south": { "uv": [ 4, 9, 5, 16 ], "texture": "#texture" },
        "west":  { "uv": [ 6, 9, 10, 16 ], "texture": "#texture" },
        "east":  { "uv": [ 6, 9, 10, 16 ], "texture": "#texture" }
    }
},
{
    "from": [ 11, 0, 7 ],
    "to": [ 12, 1, 9 ],
    "faces": {
        "down":  { "uv": [ 5, 9, 4, 7 ], "texture": "#texture" },
        "up":    { "uv": [ 11, 7, 12, 9 ], "texture": "#texture" },
        "north": { "uv": [ 4, 15, 5, 16 ], "texture": "#texture" },
        "south": { "uv": [ 11, 15, 12, 16 ], "texture": "#texture" },
        "west":  { "uv": [ 7, 15, 9, 16 ], "texture": "#texture" },
        "east":  { "uv": [ 7, 15, 9, 16 ], "texture": "#texture" }
    }
},
{
    "from": [ 11, 1, 6 ],
    "to": [ 12, 6, 10 ],
    "faces": {
        "down":  { "uv": [ 5, 10, 4, 6 ], "texture": "#texture" },
        "up":    { "uv": [ 11, 6, 12, 10 ], "texture": "#texture" },
        "north": { "uv": [ 4, 10, 5, 15 ], "texture": "#texture" },
        "south": { "uv": [ 11, 10, 12, 15 ], "texture": "#texture" },
        "west":  { "uv": [ 6, 10, 10, 15 ], "texture": "#texture" },
        "east":  { "uv": [ 6, 10, 10, 15 ], "texture": "#texture" }
    }
},
{
    "from": [ 5, 1, 10 ],
    "to": [ 11, 7, 11 ],
    "faces": {
        "down":  { "uv": [ 11, 11, 5, 10 ], "texture": "#texture" },
        "up":    { "uv": [ 5, 10, 11, 11 ], "texture": "#texture" },
        "north": { "uv": [ 5, 9, 11, 15 ], "texture": "#texture" },
        "south": { "uv": [ 5, 9, 11, 15 ], "texture": "#texture" },
        "west":  { "uv": [ 10, 9, 11, 15 ], "texture": "#texture" },
        "east":  { "uv": [ 5, 9, 6, 15 ], "texture": "#texture" }
    }
},
{
    "from": [ 5, 1, 5 ],
    "to": [ 11, 7, 6 ],
    "faces": {
        "down":  { "uv": [ 11, 6, 5, 5 ], "texture": "#texture" },
        "up":    { "uv": [ 5, 5, 11, 6 ], "texture": "#texture" },
        "north": { "uv": [ 5, 9, 11, 15 ], "texture": "#texture" },
        "south": { "uv": [ 5, 9, 11, 15 ], "texture": "#texture" },
        "west":  { "uv": [ 5, 9, 6, 15 ], "texture": "#texture" },
        "east":  { "uv": [ 10, 9, 11, 15 ], "texture": "#texture" }
    }
},
{
    "from": [ 10.5625, 0.4375, 7 ],
    "to": [ 16.5625, 2.4375, 9 ],
    "rotation": { "origin": [ 10.5625, 2.4375, 7 ], "axis": "z", "angle": 45 },
    "faces": {
        "down":  { "uv": [ 10, 7, 16, 9 ], "texture": "#texture" },
        "up":    { "uv": [ 10, 7, 16, 9 ], "texture": "#texture" },
        "north": { "uv": [ 10, 14, 16, 16 ], "texture": "#texture" },
        "south": { "uv": [ 10, 14, 16, 16 ], "texture": "#texture" },
        "west":  { "uv": [ 7, 14, 9, 16 ], "texture": "#texture" },
        "east":  { "uv": [ 7, 14, 9, 16 ], "texture": "#texture" }
    }
},
{
    "from": [ 8, 6, 6 ],
    "to": [ 12, 7, 10 ],
    "faces": {
        "down":  { "uv": [ 8, 10, 4, 6 ], "texture": "#texture" },
        "up":    { "uv": [ 8, 6, 12, 10 ], "texture": "#texture" },
        "north": { "uv": [ 4, 9, 8, 10 ], "texture": "#texture" },
        "south": { "uv": [ 8, 9, 12, 10 ], "texture": "#texture" },
        "west":  { "uv": [ 6, 9, 10, 10 ], "texture": "#texture" },
        "east":  { "uv": [ 6, 9, 10, 10 ], "texture": "#texture" }
    }
},
{
    "from": [ 3, 3, 7 ],
    "to": [ 4, 6, 9 ],
    "faces": {
        "down":  { "uv": [ 13, 9, 12, 7 ], "texture": "#texture" },
        "up":    { "uv": [ 3, 7, 4, 9 ], "texture": "#texture" },
        "north": { "uv": [ 12, 10, 13, 13 ], "texture": "#texture" },
        "south": { "uv": [ 3, 10, 4, 13 ], "texture": "#texture" },
        "west":  { "uv": [ 7, 10, 9, 13 ], "texture": "#texture" },
        "east":  { "uv": [ 7, 10, 9, 13 ], "texture": "#texture" }
    }
},
{
    "from": [ 2, 6, 7 ],
    "to": [ 3, 9, 9 ],
    "faces": {
        "down":  { "uv": [ 14, 9, 13, 7 ], "texture": "#texture" },
        "up":    { "uv": [ 2, 7, 3, 9 ], "texture": "#texture" },
        "north": { "uv": [ 13, 7, 14, 10 ], "texture": "#texture" },
        "south": { "uv": [ 2, 7, 3, 10 ], "texture": "#texture" },
        "west":  { "uv": [ 7, 7, 9, 10 ], "texture": "#texture" },
        "east":  { "uv": [ 7, 7, 9, 10 ], "texture": "#texture" }
    }
},
{
    "from": [ 3, 9, 7 ],
    "to": [ 4, 10, 9 ],
    "faces": {
        "down":  { "uv": [ 13, 9, 12, 7 ], "texture": "#texture" },
        "up":    { "uv": [ 3, 7, 4, 9 ], "texture": "#texture" },
        "north": { "uv": [ 12, 6, 13, 7 ], "texture": "#texture" },
        "south": { "uv": [ 3, 6, 4, 7 ], "texture": "#texture" },
        "west":  { "uv": [ 7, 6, 9, 7 ], "texture": "#texture" },
        "east":  { "uv": [ 7, 6, 9, 7 ], "texture": "#texture" }
    }
},
{
    "from": [ 4, 10, 7 ],
    "to": [ 6, 11, 9 ],
    "faces": {
        "down":  { "uv": [ 12, 9, 10, 7 ], "texture": "#texture" },
        "up":    { "uv": [ 4, 7, 6, 9 ], "texture": "#texture" },
        "north": { "uv": [ 10, 5, 12, 6 ], "texture": "#texture" },
        "south": { "uv": [ 4, 5, 6, 6 ], "texture": "#texture" },
        "west":  { "uv": [ 7, 5, 9, 6 ], "texture": "#texture" },
        "east":  { "uv": [ 7, 5, 9, 6 ], "texture": "#texture" }
    }
},
{
    "from": [ 6, 9, 7 ],
    "to": [ 8, 10, 9 ],
    "faces": {
        "down":  { "uv": [ 10, 9, 8, 7 ], "texture": "#texture" },
        "up":    { "uv": [ 6, 7, 8, 9 ], "texture": "#texture" },
        "north": { "uv": [ 8, 6, 10, 7 ], "texture": "#texture" },
        "south": { "uv": [ 6, 6, 8, 7 ], "texture": "#texture" },
        "west":  { "uv": [ 7, 6, 9, 7 ], "texture": "#texture" },
        "east":  { "uv": [ 7, 6, 9, 7 ], "texture": "#texture" }
    }
},
{
    "from": [ 8, 7, 7 ],
    "to": [ 9, 9, 9 ],
    "faces": {
        "down":  { "uv": [ 8, 9, 7, 7 ], "texture": "#texture" },
        "up":    { "uv": [ 8, 7, 9, 9 ], "texture": "#texture" },
        "north": { "uv": [ 7, 7, 8, 9 ], "texture": "#texture" },
        "south": { "uv": [ 8, 7, 9, 9 ], "texture": "#texture" },
        "west":  { "uv": [ 7, 7, 9, 9 ], "texture": "#texture" },
        "east":  { "uv": [ 7, 7, 9, 9 ], "texture": "#texture" }
    }
},
{
    "from": [ 5, 4.9375, 6 ],
    "to": [ 11, 5, 10 ],
    "faces": {
        "down":  { "uv": [ 11, 10, 5, 6 ], "texture": "#water_still" },
        "up":    { "uv": [ 5, 6, 11, 10 ], "texture": "#water_still" }
    }
}
],
"display": {
    "thirdperson_righthand": {
        "rotation": [ 18, 90, 47 ],
        "translation": [ 0, -0.76, -1.32 ],
        "scale": [ 0.8, 0.8, 0.8 ]
    },
    "thirdperson_lefthand": {
        "rotation": [ 18, 90, 47 ],
        "translation": [ 0, -0.76, -1.32 ],
        "scale": [ 0.8, 0.8, 0.8 ]
    },
    "head": {
        "rotation": [ 0, 90, 0 ],
        "translation": [ 0, -30, 0 ],
        "scale": [ 1.6, 1.6, 1.6 ]
    },
    "ground": {
        "rotation": [ 0, 0, 0 ],
        "translation": [ 0, 2, 0 ],
        "scale": [ 0.5, 0.5, 0.5 ]
    },
    "fixed": {
        "rotation": [ 0, 0, 0 ],
        "translation": [ 0, 0, 0 ],
        "scale": [ 1, 1, 1 ]
    },
    "firstperson_righthand": {
        "rotation": [ 0, 102, 0 ],
        "translation": [ 0, 0, 0 ],
        "scale": [ 1, 1, 1 ]
    },
    "firstperson_lefthand": {
        "rotation": [ 0, -75, 0 ],
        "translation": [ 0, 0, 0 ],
        "scale": [ 1, 1, 1 ]
    },
    "gui": {
        "rotation": [ 35, -33, 0 ],
        "translation": [ 0, 0, 0 ],
        "scale": [ 0.62, 0.62, 0.62 ]
    }
}
}