{
"__comment": "Designed by Monsterfish",
"textures": {
    "texture": "blocks/planks_oak"
},
"elements": [ 
{
    "from": [ 3, 31, 3 ],
    "to": [ 13, 32, 13 ],
    "faces": {
        "down":  { "uv": [ 3, 3, 13, 13 ], "texture": "#texture" },
        "up":    { "uv": [ 3, 3, 13, 13 ], "texture": "#texture" },
        "north": { "uv": [ 3, 0, 13, 1 ], "texture": "#texture" },
        "south": { "uv": [ 3, 0, 13, 1 ], "texture": "#texture" },
        "west":  { "uv": [ 3, 0, 13, 1 ], "texture": "#texture" },
        "east":  { "uv": [ 3, 0, 13, 1 ], "texture": "#texture" }
    }
},
{
    "from": [ 4, 30, 4 ],
    "to": [ 12, 31, 12 ],
    "faces": {
        "down":  { "uv": [ 4, 4, 12, 12 ], "texture": "#texture" },
        "up":    { "uv": [ 4, 4, 12, 12 ], "texture": "#texture" },
        "north": { "uv": [ 4, 0, 12, 1 ], "texture": "#texture" },
        "south": { "uv": [ 4, 0, 12, 1 ], "texture": "#texture" },
        "west":  { "uv": [ 4, 0, 12, 1 ], "texture": "#texture" },
        "east":  { "uv": [ 4, 0, 12, 1 ], "texture": "#texture" }
    }
},
{
    "from": [ 5, 16, 5 ],
    "to": [ 11, 30, 11 ],
    "faces": {
        "down":  { "uv": [ 11, 11, 5, 5 ], "texture": "#texture" },
        "up":    { "uv": [ 5, 5, 11, 11 ], "texture": "#texture" },
        "north": { "uv": [ 0, 0, 13, 5.5 ], "rotation": 90, "texture": "#texture" },
        "south": { "uv": [ 0, 0, 13, 5.5 ], "rotation": 90, "texture": "#texture" },
        "west":  { "uv": [ 0, 0, 13.5, 5.5 ], "rotation": 90, "texture": "#texture" },
        "east":  { "uv": [ 0, 0, 13.5, 5.5 ], "rotation": 90, "texture": "#texture" }
    }
},
{
    "from": [ 5, 2, 5 ],
    "to": [ 11, 16, 11 ],
    "faces": {
        "down":  { "uv": [ 11, 11, 5, 5 ], "texture": "#texture" },
        "up":    { "uv": [ 5, 5, 11, 11 ], "texture": "#texture" },
        "north": { "uv": [ 0, 0, 13, 5.5 ], "rotation": 90, "texture": "#texture" },
        "south": { "uv": [ 0, 0, 13, 5.5 ], "rotation": 90, "texture": "#texture" },
        "west":  { "uv": [ 0, 0, 13.5, 5.5 ], "rotation": 90, "texture": "#texture" },
        "east":  { "uv": [ 0, 0, 13.5, 5.5 ], "rotation": 90, "texture": "#texture" }
    }
},
{
    "from": [ 4, 1, 4 ],
    "to": [ 12, 2, 12 ],
    "faces": {
        "down":  { "uv": [ 4, 4, 12, 12 ], "texture": "#texture" },
        "up":    { "uv": [ 4, 4, 12, 12 ], "texture": "#texture" },
        "north": { "uv": [ 4, 14, 12, 15 ], "texture": "#texture" },
        "south": { "uv": [ 4, 14, 12, 15 ], "texture": "#texture" },
        "west":  { "uv": [ 4, 14, 12, 15 ], "texture": "#texture" },
        "east":  { "uv": [ 4, 14, 12, 15 ], "texture": "#texture" }
    }
},
{
    "from": [ 3, 0, 3 ],
    "to": [ 13, 1, 13 ],
    "faces": {
        "down":  { "uv": [ 3, 3, 13, 13 ], "texture": "#texture" },
        "up":    { "uv": [ 3, 3, 13, 13 ], "texture": "#texture" },
        "north": { "uv": [ 3, 15, 13, 16 ], "texture": "#texture" },
        "south": { "uv": [ 3, 15, 13, 16 ], "texture": "#texture" },
        "west":  { "uv": [ 3, 15, 13, 16 ], "texture": "#texture" },
        "east":  { "uv": [ 3, 15, 13, 16 ], "texture": "#texture" }
    }
}
],
"display": {
    "thirdperson_righthand": {
        "rotation": [ 0, -43, 0 ],
        "translation": [ 0, 0, 0 ],
        "scale": [ 0.5, 0.5, 0.5 ]
    },
    "thirdperson_lefthand": {
        "rotation": [ 0, -43, 0 ],
        "translation": [ 0, 0, 0 ],
        "scale": [ 0.5, 0.5, 0.5 ]
    },
    "head": {
        "rotation": [ 0, 0, 0 ],
        "translation": [ 0, -31, 0 ],
        "scale": [ 1.6, 1.6, 1.6 ]
    },
    "ground": {
        "rotation": [ 0, 0, 0 ],
        "translation": [ 0, 2, 0 ],
        "scale": [ 0.5, 0.5, 0.5 ]
    },
    "fixed": {
        "rotation": [ 0, 180, 0 ],
        "translation": [ 0, -3.4, -0.38 ],
        "scale": [ 0.5, 0.5, 0.5 ]
    },
    "firstperson_righthand": {
        "rotation": [ 0, -64, 0 ],
        "translation": [ 0, 0, 0 ],
        "scale": [ 0.5, 0.5, 0.5 ]
    },
    "firstperson_lefthand": {
        "rotation": [ 0, -64, 0 ],
        "translation": [ 0, 0, 0 ],
        "scale": [ 0.5, 0.5, 0.5 ]
    },
    "gui": {
        "rotation": [ 35, 35, 0 ],
        "translation": [ 0, -2.65, 0 ],
        "scale": [ 0.4, 0.4, 0.4 ]
    }
}
}