{
"__comment": "Designed by Monsterfish",
"textures": {
    "texture": "blocks/planks_oak",
    "planks_spruce": "blocks/planks_spruce",
    "iron_block": "blocks/iron_block"
},
"elements": [ 
{
    "from": [ 0, 15, 0 ],
    "to": [ 16, 16, 16 ],
    "faces": {
        "down":  { "uv": [ 0, 0, 16, 16 ], "texture": "#texture" },
        "up":    { "uv": [ 0, 0, 16, 16 ], "texture": "#texture" },
        "north": { "uv": [ 0, 0, 16, 1 ], "texture": "#texture" },
        "south": { "uv": [ 0, 0, 16, 1 ], "texture": "#texture" },
        "west":  { "uv": [ 0, 0, 16, 1 ], "texture": "#texture" },
        "east":  { "uv": [ 0, 0, 16, 1 ], "texture": "#texture" }
    }
},
{
    "from": [ 0.5, 1, 0.5 ],
    "to": [ 12, 15, 15 ],
    "faces": {
        "down":  { "uv": [ 0.5, 0.5, 12, 15 ], "texture": "#texture" },
        "up":    { "uv": [ 0.5, 0.5, 12, 15 ], "texture": "#texture" },
        "north": { "uv": [ 0.5, 1, 12, 15 ], "texture": "#texture" },
        "south": { "uv": [ 0.5, 1, 12, 15 ], "texture": "#texture" },
        "west":  { "uv": [ 0.5, 1, 15, 15 ], "texture": "#texture" },
        "east":  { "uv": [ 0.5, 1, 15, 15 ], "texture": "#texture" }
    }
},
{
    "from": [ 12, 1, 0.5 ],
    "to": [ 23, 15, 1 ],
    "faces": {
        "down":  { "uv": [ -4, 0.5, 7, 1 ], "texture": "#texture" },
        "up":    { "uv": [ 0, 0.5, 11, 1 ], "texture": "#texture" },
        "north": { "uv": [ 0, 1, 11, 15 ], "texture": "#texture" },
        "south": { "uv": [ 0, 1, 11, 15 ], "texture": "#planks_spruce" },
        "west":  { "uv": [ 0.5, 1, 1, 15 ], "texture": "#texture" },
        "east":  { "uv": [ 0.5, 1, 1, 15 ], "texture": "#texture" }
    }
},
{
    "from": [ 1.5, 11, 15 ],
    "to": [ 11, 14.5, 15.5 ],
    "faces": {
        "down":  { "uv": [ 1.5, 15, 11, 15.5 ], "texture": "#planks_spruce" },
        "up":    { "uv": [ 1.5, 15, 11, 15.5 ], "texture": "#planks_spruce" },
        "north": { "uv": [ 1.5, 1.5, 11, 5 ], "texture": "#planks_spruce" },
        "south": { "uv": [ 1.5, 1.5, 11, 5 ], "texture": "#planks_spruce" },
        "west":  { "uv": [ 15, 1.5, 15.5, 5 ], "texture": "#planks_spruce" },
        "east":  { "uv": [ 15, 1.5, 15.5, 5 ], "texture": "#planks_spruce" }
    }
},
{
    "from": [ 1.5, 6.5, 15 ],
    "to": [ 11, 10, 15.5 ],
    "faces": {
        "down":  { "uv": [ 1.5, 15, 11, 15.5 ], "texture": "#planks_spruce" },
        "up":    { "uv": [ 1.5, 15, 11, 15.5 ], "texture": "#planks_spruce" },
        "north": { "uv": [ 1.5, 6, 11, 9.5 ], "texture": "#planks_spruce" },
        "south": { "uv": [ 1.5, 6, 11, 9.5 ], "texture": "#planks_spruce" },
        "west":  { "uv": [ 15, 6, 15.5, 9.5 ], "texture": "#planks_spruce" },
        "east":  { "uv": [ 15, 6, 15.5, 9.5 ], "texture": "#planks_spruce" }
    }
},
{
    "from": [ 1.5, 2, 15 ],
    "to": [ 11, 5.5, 15.5 ],
    "faces": {
        "down":  { "uv": [ 1.5, 15, 11, 15.5 ], "texture": "#planks_spruce" },
        "up":    { "uv": [ 1.5, 15, 11, 15.5 ], "texture": "#planks_spruce" },
        "north": { "uv": [ 1.5, 10.5, 11, 14 ], "texture": "#planks_spruce" },
        "south": { "uv": [ 1.5, 10.5, 11, 14 ], "texture": "#planks_spruce" },
        "west":  { "uv": [ 15, 10.5, 15.5, 14 ], "texture": "#planks_spruce" },
        "east":  { "uv": [ 15, 10.5, 15.5, 14 ], "texture": "#planks_spruce" }
    }
},
{
    "from": [ 0.5, 0, 14 ],
    "to": [ 1.5, 1, 15 ],
    "faces": {
        "down":  { "uv": [ 0.5, 14, 1.5, 15 ], "texture": "#texture" },
        "up":    { "uv": [ 0.5, 14, 1.5, 15 ], "texture": "#texture" },
        "north": { "uv": [ 0.5, 15, 1.5, 16 ], "texture": "#texture" },
        "south": { "uv": [ 0.5, 15, 1.5, 16 ], "texture": "#texture" },
        "west":  { "uv": [ 14, 15, 15, 16 ], "texture": "#texture" },
        "east":  { "uv": [ 14, 15, 15, 16 ], "texture": "#texture" }
    }
},
{
    "from": [ 0.5, 0, 0.5 ],
    "to": [ 1.5, 1, 1.5 ],
    "faces": {
        "down":  { "uv": [ 0.5, 0.5, 1.5, 1.5 ], "texture": "#texture" },
        "up":    { "uv": [ 0.5, 0.5, 1.5, 1.5 ], "texture": "#texture" },
        "north": { "uv": [ 0.5, 15, 1.5, 16 ], "texture": "#texture" },
        "south": { "uv": [ 0.5, 15, 1.5, 16 ], "texture": "#texture" },
        "west":  { "uv": [ 0.5, 15, 1.5, 16 ], "texture": "#texture" },
        "east":  { "uv": [ 0.5, 15, 1.5, 16 ], "texture": "#texture" }
    }
},
{
    "from": [ 11, 0, 14 ],
    "to": [ 12, 1, 15 ],
    "faces": {
        "down":  { "uv": [ 11, 14, 12, 15 ], "texture": "#texture" },
        "up":    { "uv": [ 11, 14, 12, 15 ], "texture": "#texture" },
        "north": { "uv": [ 11, 15, 12, 16 ], "texture": "#texture" },
        "south": { "uv": [ 11, 15, 12, 16 ], "texture": "#texture" },
        "west":  { "uv": [ 14, 15, 15, 16 ], "texture": "#texture" },
        "east":  { "uv": [ 14, 15, 15, 16 ], "texture": "#texture" }
    }
},
{
    "from": [ 30.5, 0, 14 ],
    "to": [ 31.5, 1, 15 ],
    "faces": {
        "down":  { "uv": [ 14.5, 14, 15.5, 15 ], "texture": "#texture" },
        "up":    { "uv": [ 14.5, 14, 15.5, 15 ], "texture": "#texture" },
        "north": { "uv": [ 14.5, 15, 15.5, 16 ], "texture": "#texture" },
        "south": { "uv": [ 14.5, 15, 15.5, 16 ], "texture": "#texture" },
        "west":  { "uv": [ 14, 15, 15, 16 ], "texture": "#texture" },
        "east":  { "uv": [ 14, 15, 15, 16 ], "texture": "#texture" }
    }
},
{
    "from": [ 11, 0, 0.5 ],
    "to": [ 12, 1, 1.5 ],
    "faces": {
        "down":  { "uv": [ 11, 0.5, 12, 1.5 ], "texture": "#texture" },
        "up":    { "uv": [ 11, 0.5, 12, 1.5 ], "texture": "#texture" },
        "north": { "uv": [ 11, 15, 12, 16 ], "texture": "#texture" },
        "south": { "uv": [ 11, 15, 12, 16 ], "texture": "#texture" },
        "west":  { "uv": [ 0.5, 15, 1.5, 16 ], "texture": "#texture" },
        "east":  { "uv": [ 0.5, 15, 1.5, 16 ], "texture": "#texture" }
    }
},
{
    "from": [ 30.5, 0, 0.5 ],
    "to": [ 31.5, 1, 1.5 ],
    "faces": {
        "down":  { "uv": [ 14.5, 0.5, 15.5, 1.5 ], "texture": "#texture" },
        "up":    { "uv": [ 14.5, 0.5, 15.5, 1.5 ], "texture": "#texture" },
        "north": { "uv": [ 14.5, 15, 15.5, 16 ], "texture": "#texture" },
        "south": { "uv": [ 14.5, 15, 15.5, 16 ], "texture": "#texture" },
        "west":  { "uv": [ 0.5, 15, 1.5, 16 ], "texture": "#texture" },
        "east":  { "uv": [ 0.5, 15, 1.5, 16 ], "texture": "#texture" }
    }
},
{
    "from": [ 30.5, 1, 0.5 ],
    "to": [ 31.5, 15, 15 ],
    "faces": {
        "down":  { "uv": [ 14.5, 0.5, 15.5, 15 ], "texture": "#texture" },
        "up":    { "uv": [ 14.5, 0.5, 15.5, 15 ], "texture": "#texture" },
        "north": { "uv": [ 14.5, 1, 15.5, 15 ], "texture": "#texture" },
        "south": { "uv": [ 14.5, 1, 15.5, 15 ], "texture": "#texture" },
        "west":  { "uv": [ 0.5, 1, 15, 15 ], "texture": "#texture" },
        "east":  { "uv": [ 0.5, 1, 15, 15 ], "texture": "#texture" }
    }
},
{
    "from": [ 23, 1, 0.5 ],
    "to": [ 30.5, 15, 1 ],
    "faces": {
        "down":  { "uv": [ 7, 0.5, 14.5, 1 ], "texture": "#texture" },
        "up":    { "uv": [ 7, 0.5, 14.5, 1 ], "texture": "#texture" },
        "north": { "uv": [ 7, 1, 14.5, 15 ], "texture": "#texture" },
        "south": { "uv": [ 7, 1, 14.5, 15 ], "texture": "#planks_spruce" },
        "west":  { "uv": [ 0.5, 1, 1, 15 ], "texture": "#texture" },
        "east":  { "uv": [ 0.5, 1, 1, 15 ], "texture": "#texture" }
    }
},
{
    "from": [ 3, 13.5, 15.5 ],
    "to": [ 9.5, 14, 16 ],
    "faces": {
        "down":  { "uv": [ 3, 15.5, 9.5, 16 ], "texture": "#iron_block" },
        "up":    { "uv": [ 3, 15.5, 9.5, 16 ], "texture": "#iron_block" },
        "north": { "uv": [ 3, 2, 9.5, 2.5 ], "texture": "#iron_block" },
        "south": { "uv": [ 3, 2, 9.5, 2.5 ], "texture": "#iron_block" },
        "west":  { "uv": [ 15.5, 2, 16, 2.5 ], "texture": "#iron_block" },
        "east":  { "uv": [ 15.5, 2, 16, 2.5 ], "texture": "#iron_block" }
    }
},
{
    "from": [ 3, 9, 15.5 ],
    "to": [ 9.5, 9.5, 16 ],
    "faces": {
        "down":  { "uv": [ 3, 15.5, 9.5, 16 ], "texture": "#iron_block" },
        "up":    { "uv": [ 3, 15.5, 9.5, 16 ], "texture": "#iron_block" },
        "north": { "uv": [ 3, 6.5, 9.5, 7 ], "texture": "#iron_block" },
        "south": { "uv": [ 3, 6.5, 9.5, 7 ], "texture": "#iron_block" },
        "west":  { "uv": [ 15.5, 6.5, 16, 7 ], "texture": "#iron_block" },
        "east":  { "uv": [ 15.5, 6.5, 16, 7 ], "texture": "#iron_block" }
    }
},
{
    "from": [ 3, 4.5, 15.5 ],
    "to": [ 9.5, 5, 16 ],
    "faces": {
        "down":  { "uv": [ 3, 15.5, 9.5, 16 ], "texture": "#iron_block" },
        "up":    { "uv": [ 3, 15.5, 9.5, 16 ], "texture": "#iron_block" },
        "north": { "uv": [ 3, 11, 9.5, 11.5 ], "texture": "#iron_block" },
        "south": { "uv": [ 3, 11, 9.5, 11.5 ], "texture": "#iron_block" },
        "west":  { "uv": [ 15.5, 11, 16, 11.5 ], "texture": "#iron_block" },
        "east":  { "uv": [ 15.5, 11, 16, 11.5 ], "texture": "#iron_block" }
    }
},
{
    "from": [ 16, 15, 0 ],
    "to": [ 32, 16, 16 ],
    "faces": {
        "down":  { "uv": [ 0, 0, 16, 16 ], "texture": "#texture" },
        "up":    { "uv": [ 0, 0, 16, 16 ], "texture": "#texture" },
        "north": { "uv": [ 0, 0, 16, 1 ], "texture": "#texture" },
        "south": { "uv": [ 0, 0, 16, 1 ], "texture": "#texture" },
        "west":  { "uv": [ 0, 0, 16, 1 ], "texture": "#texture" },
        "east":  { "uv": [ 0, 0, 16, 1 ], "texture": "#texture" }
    }
}
],
"display": {
    "thirdperson_righthand": {
        "rotation": [ 40, -177, 0 ],
        "translation": [ 0, 0, 0 ],
        "scale": [ 0.5, 0.5, 0.5 ]
    },
    "thirdperson_lefthand": {
        "rotation": [ 40, -177, 0 ],
        "translation": [ -10.2, 0, 0 ],
        "scale": [ 0.5, 0.5, 0.5 ]
    },
    "head": {
        "rotation": [ 0, 180, 0 ],
        "translation": [ 0, -30.5, 0 ],
        "scale": [ 1.6, 1.6, 1.6 ]
    },
    "ground": {
        "rotation": [ 0, 0, 0 ],
        "translation": [ -2.83, 2, 0 ],
        "scale": [ 0.5, 0.5, 0.5 ]
    },
    "fixed": {
        "rotation": [ 0, 180, 0 ],
        "translation": [ 3.02, 0, -3.4 ],
        "scale": [ 0.5, 0.5, 0.5 ]
    },
    "firstperson_righthand": {
        "rotation": [ 0, -64, 0 ],
        "translation": [ 0, 0, 0 ],
        "scale": [ 0.5, 0.5, 0.5 ]
    },
    "firstperson_lefthand": {
        "rotation": [ 0, -64, 0 ],
        "translation": [ 0, 0, 0 ],
        "scale": [ 0.5, 0.5, 0.5 ]
    },
    "gui": {
        "rotation": [ 35, 35, 0 ],
        "translation": [ -2.83, -0.38, 0 ],
        "scale": [ 0.4, 0.4, 0.4 ]
    }
}
}