{
"__comment": "Designed by Monsterfish",
"ambientocclusion": false,
"textures": {
    "texture": "blocks/planks_oak",
    "bookshelf": "blocks/bookshelf",
    "sapling_oak": "blocks/sapling_oak",
    "flower_pot": "blocks/flower_pot",
    "iron_block": "blocks/iron_block",
    "planks_birch": "blocks/planks_birch"
},
"elements": [ 
{
    "from": [ 15, 0, 0 ],
    "to": [ 16, 16, 16 ],
    "faces": {
        "down":  { "uv": [ 16, 16, 15, 0 ], "rotation": 180, "texture": "#texture" },
        "north": { "uv": [ 0, 0, 1, 16 ], "texture": "#texture" },
        "south": { "uv": [ 15, 0, 16, 16 ], "texture": "#texture" },
        "west":  { "uv": [ 0, 0, 16, 16 ], "texture": "#texture" },
        "east":  { "uv": [ 0, 0, 16, 16 ], "texture": "#texture" }
    }
},
{
    "from": [ 15, 16, 0 ],
    "to": [ 16, 31, 16 ],
    "faces": {
        "north": { "uv": [ 0, 0, 1, 15 ], "texture": "#texture" },
        "south": { "uv": [ 0, 0, 1, 15 ], "texture": "#texture" },
        "west":  { "uv": [ 0, 0, 16, 15 ], "texture": "#texture" },
        "east":  { "uv": [ 0, 0, 16, 15 ], "texture": "#texture" }
    }
},
{
    "from": [ 5, 0, 15 ],
    "to": [ 15, 16, 16 ],
    "faces": {
        "down":  { "uv": [ 15, 1, 5, 0 ], "rotation": 180, "texture": "#texture" },
        "north": { "uv": [ 1, 0, 11, 16 ], "texture": "#texture" },
        "south": { "uv": [ 5, 0, 15, 16 ], "texture": "#texture" },
        "west":  { "uv": [ 15, 0, 16, 16 ], "texture": "#texture" }
    }
},
{
    "from": [ 5, 0, 0 ],
    "to": [ 15, 16, 1 ],
    "faces": {
        "down":  { "uv": [ 15, 16, 5, 15 ], "rotation": 180, "texture": "#texture" },
        "north": { "uv": [ 1, 0, 11, 16 ], "texture": "#texture" },
        "south": { "uv": [ 5, 0, 15, 16 ], "texture": "#texture" },
        "west":  { "uv": [ 0, 0, 1, 16 ], "texture": "#texture" }
    }
},
{
    "from": [ 4, 2, 0 ],
    "to": [ 5, 13, 16 ],
    "faces": {
        "down":  { "uv": [ 5, 16, 4, 0 ], "rotation": 180, "texture": "#texture" },
        "up":    { "uv": [ 11, 0, 12, 16 ], "rotation": 180, "texture": "#texture" },
        "north": { "uv": [ 11, 3, 12, 14 ], "texture": "#texture" },
        "south": { "uv": [ 4, 3, 5, 14 ], "texture": "#texture" },
        "west":  { "uv": [ 0, 3, 16, 14 ], "texture": "#texture" },
        "east":  { "uv": [ 0, 3, 16, 14 ], "texture": "#texture" }
    }
},
{
    "from": [ 5, 16, 0 ],
    "to": [ 15, 31, 1 ],
    "faces": {
        "north": { "uv": [ 1, 0, 11, 15 ], "texture": "#texture" },
        "south": { "uv": [ 1, 0, 11, 15 ], "texture": "#texture" }
    }
},
{
    "from": [ 5, 16, 15 ],
    "to": [ 15, 31, 16 ],
    "faces": {
        "north": { "uv": [ 1, 0, 11, 15 ], "texture": "#texture" },
        "south": { "uv": [ 1, 0, 11, 15 ], "texture": "#texture" }
    }
},
{
    "from": [ 3.5, 0, -0.5 ],
    "to": [ 16.5, 2, 0 ],
    "shade": false,
    "faces": {
        "down":  { "uv": [ 3, 15.5, 16, 16 ], "rotation": 180, "texture": "#texture" },
        "up":    { "uv": [ 3, 15.5, 16, 16 ], "rotation": 180, "texture": "#texture" },
        "north": { "uv": [ 1.5, 14, 14.5, 16 ], "texture": "#texture" },
        "south": { "uv": [ 1.5, 14, 14.5, 16 ], "texture": "#texture" },
        "west":  { "uv": [ 15, 14, 15.5, 16 ], "texture": "#texture" },
        "east":  { "uv": [ 15, 14, 15.5, 16 ], "texture": "#texture" }
    }
},
{
    "from": [ 3.5, 0, 16 ],
    "to": [ 16.5, 2, 16.5 ],
    "faces": {
        "down":  { "uv": [ 0, 0, 13, 0.5 ], "rotation": 180, "texture": "#texture" },
        "up":    { "uv": [ 0, 0, 13, 0.5 ], "rotation": 180, "texture": "#texture" },
        "north": { "uv": [ 0, 14, 13, 16 ], "texture": "#texture" },
        "south": { "uv": [ 0, 14, 13, 16 ], "texture": "#texture" },
        "west":  { "uv": [ 0, 14, 0.5, 16 ], "texture": "#texture" },
        "east":  { "uv": [ 0, 14, 0.5, 16 ], "texture": "#texture" }
    }
},
{
    "from": [ 16, 0, 0 ],
    "to": [ 16.5, 2, 16 ],
    "faces": {
        "down":  { "uv": [ 0, 0, 0.5, 16 ], "rotation": 180, "texture": "#texture" },
        "up":    { "uv": [ 0, 0, 0.5, 16 ], "rotation": 180, "texture": "#texture" },
        "east":  { "uv": [ 0, 14, 16, 16 ], "texture": "#texture" }
    }
},
{
    "from": [ 3.5, 0, 0 ],
    "to": [ 4, 2, 16 ],
    "faces": {
        "down":  { "uv": [ 12, 0, 12.5, 16 ], "rotation": 180, "texture": "#texture" },
        "up":    { "uv": [ 12, 0, 12.5, 16 ], "rotation": 180, "texture": "#texture" },
        "west":  { "uv": [ 0, 14, 16, 16 ], "texture": "#texture" },
        "east":  { "uv": [ 0, 14, 16, 16 ], "texture": "#texture" }
    }
},
{
    "from": [ 3.5, 3, 1 ],
    "to": [ 4, 12, 7.5 ],
    "faces": {
        "down":  { "uv": [ 4, 15, 3.5, 8.5 ], "rotation": 180, "texture": "#planks_birch" },
        "up":    { "uv": [ 12, 8.5, 12.5, 15 ], "rotation": 180, "texture": "#planks_birch" },
        "north": { "uv": [ 12, 4, 12.5, 13 ], "texture": "#planks_birch" },
        "south": { "uv": [ 3.5, 4, 4, 13 ], "texture": "#planks_birch" },
        "west":  { "uv": [ 1, 4, 7.5, 13 ], "texture": "#planks_birch" }
    }
},
{
    "from": [ 4, 16, 14.5 ],
    "to": [ 5, 31, 16 ],
    "faces": {
        "north": { "uv": [ 11, 0, 12, 15 ], "texture": "#texture" },
        "south": { "uv": [ 11, 0, 12, 15 ], "texture": "#texture" },
        "west":  { "uv": [ 0, 0, 2.5, 15 ], "texture": "#texture" },
        "east":  { "uv": [ 0, 0, 2.5, 15 ], "texture": "#texture" }
    }
},
{
    "from": [ 4, 16, 0 ],
    "to": [ 5, 31, 2 ],
    "faces": {
        "north": { "uv": [ 11, 0, 12, 15 ], "texture": "#texture" },
        "south": { "uv": [ 11, 0, 12, 15 ], "texture": "#texture" },
        "west":  { "uv": [ 13.5, 0, 16, 15 ], "texture": "#texture" },
        "east":  { "uv": [ 13.5, 0, 16, 15 ], "texture": "#texture" }
    }
},
{
    "from": [ 4, 0, 0 ],
    "to": [ 16, 1, 16 ],
    "faces": {
        "down":  { "uv": [ 16, 16, 4, 0 ], "rotation": 180, "texture": "#texture" },
        "up":    { "uv": [ 0, 0, 12, 16 ], "rotation": 180, "texture": "#texture" }
    }
},
{
    "from": [ 5, 12, 0.5 ],
    "to": [ 15, 13, 15.5 ],
    "faces": {
        "down":  { "uv": [ 15, 15.5, 5, 0.5 ], "rotation": 180, "texture": "#texture" },
        "up":    { "uv": [ 1, 0.5, 11, 15.5 ], "rotation": 180, "texture": "#texture" },
        "north": { "uv": [ 1, 3, 11, 4 ], "texture": "#texture" },
        "south": { "uv": [ 5, 3, 15, 4 ], "texture": "#texture" }
    }
},
{
    "from": [ 4, 31, 0 ],
    "to": [ 16, 32, 16 ],
    "faces": {
        "down":  { "uv": [ 0, 0, 12, 16 ], "rotation": 180, "texture": "#texture" },
        "up":    { "uv": [ 0, 0, 12, 16 ], "rotation": 180, "texture": "#texture" }
    }
},
{
    "from": [ 4, 12.5, 0 ],
    "to": [ 5, 16, 2 ],
    "faces": {
        "down":  { "uv": [ 5, 16, 4, 14 ], "rotation": 180, "texture": "#texture" },
        "north": { "uv": [ 11, 0, 12, 3.5 ], "texture": "#texture" },
        "south": { "uv": [ 4, 0, 5, 3.5 ], "texture": "#texture" },
        "west":  { "uv": [ 0, 0, 2, 3.5 ], "texture": "#texture" },
        "east":  { "uv": [ 14, 0, 16, 3.5 ], "texture": "#texture" }
    }
},
{
    "from": [ 4, 12.5, 14.5 ],
    "to": [ 5, 16, 16 ],
    "faces": {
        "down":  { "uv": [ 5, 1.5, 4, 0 ], "rotation": 180, "texture": "#texture" },
        "north": { "uv": [ 11, 0, 12, 3.5 ], "texture": "#texture" },
        "south": { "uv": [ 4, 0, 5, 3.5 ], "texture": "#texture" },
        "west":  { "uv": [ 14.5, 0, 16, 3.5 ], "texture": "#texture" },
        "east":  { "uv": [ 0, 0, 1.5, 3.5 ], "texture": "#texture" }
    }
},
{
    "from": [ 3.5, 30, -0.5 ],
    "to": [ 16.5, 32, 0 ],
    "faces": {
        "down":  { "uv": [ 3, 0, 16, 0.5 ], "texture": "#texture" },
        "up":    { "uv": [ 3, 0, 16, 0.5 ], "texture": "#texture" },
        "north": { "uv": [ 3, 0, 16, 2 ], "texture": "#texture" },
        "south": { "uv": [ 3, 0, 16, 2 ], "texture": "#texture" },
        "west":  { "uv": [ 0, 0, 0.5, 2 ], "texture": "#texture" },
        "east":  { "uv": [ 0, 0, 0.5, 2 ], "texture": "#texture" }
    }
},
{
    "from": [ 3.5, 30, 16 ],
    "to": [ 16.5, 32, 16.5 ],
    "faces": {
        "down":  { "uv": [ 0, 0, 13, 0.5 ], "rotation": 180, "texture": "#texture" },
        "up":    { "uv": [ 0, 0, 13, 0.5 ], "rotation": 180, "texture": "#texture" },
        "north": { "uv": [ 0, 0, 13, 2 ], "texture": "#texture" },
        "south": { "uv": [ 0, 0, 13, 2 ], "texture": "#texture" },
        "west":  { "uv": [ 0, 0, 0.5, 2 ], "texture": "#texture" },
        "east":  { "uv": [ 0, 0, 0.5, 2 ], "texture": "#texture" }
    }
},
{
    "from": [ 3.5, 30, 0 ],
    "to": [ 4, 32, 16 ],
    "faces": {
        "down":  { "uv": [ 12, 0, 12.5, 16 ], "rotation": 180, "texture": "#texture" },
        "up":    { "uv": [ 12, 0, 12.5, 16 ], "rotation": 180, "texture": "#texture" },
        "west":  { "uv": [ 0, 0, 16, 2 ], "texture": "#texture" },
        "east":  { "uv": [ 0, 0, 16, 2 ], "texture": "#texture" }
    }
},
{
    "from": [ 16, 30, 0 ],
    "to": [ 16.5, 32, 16 ],
    "faces": {
        "down":  { "uv": [ 0, 0, 0.5, 16 ], "rotation": 180, "texture": "#texture" },
        "up":    { "uv": [ 0, 0, 0.5, 16 ], "rotation": 180, "texture": "#texture" },
        "west":  { "uv": [ 0, 0, 16, 2 ], "texture": "#texture" },
        "east":  { "uv": [ 0, 0, 16, 2 ], "texture": "#texture" }
    }
},
{
    "from": [ 5, 18.5, 0.5 ],
    "to": [ 15, 19.5, 15.5 ],
    "faces": {
        "down":  { "uv": [ 1, 0.5, 11, 15.5 ], "rotation": 180, "texture": "#texture" },
        "up":    { "uv": [ 1, 0.5, 11, 15.5 ], "rotation": 180, "texture": "#texture" },
        "north": { "uv": [ 1, 0, 11, 1 ], "texture": "#texture" },
        "south": { "uv": [ 1, 0, 11, 1 ], "texture": "#texture" },
        "west":  { "uv": [ 0.5, 0, 15.5, 1 ], "texture": "#texture" }
    }
},
{
    "from": [ 5, 25, 0.5 ],
    "to": [ 15, 26, 15.5 ],
    "faces": {
        "down":  { "uv": [ 1, 0.5, 11, 15.5 ], "rotation": 180, "texture": "#texture" },
        "up":    { "uv": [ 1, 0.5, 11, 15.5 ], "rotation": 180, "texture": "#texture" },
        "north": { "uv": [ 1, 0, 11, 1 ], "texture": "#texture" },
        "south": { "uv": [ 1, 0, 11, 1 ], "texture": "#texture" },
        "west":  { "uv": [ 0.5, 0, 15.5, 1 ], "texture": "#texture" }
    }
},
{
    "from": [ 3.5, 15, 4.5 ],
    "to": [ 4, 29, 5 ],
    "faces": {
        "north": { "uv": [ 12, 0, 12.5, 15 ], "texture": "#planks_birch" },
        "south": { "uv": [ 12, 0, 12.5, 15 ], "texture": "#planks_birch" },
        "west":  { "uv": [ 11, 0, 11.5, 15 ], "texture": "#planks_birch" },
        "east":  { "uv": [ 11, 0, 11.5, 15 ], "texture": "#texture" }
    }
},
{
    "from": [ 3.5, 15, 11 ],
    "to": [ 4, 29, 11.5 ],
    "faces": {
        "north": { "uv": [ 12, 0, 12.5, 15 ], "texture": "#planks_birch" },
        "south": { "uv": [ 12, 0, 12.5, 15 ], "texture": "#planks_birch" },
        "west":  { "uv": [ 4.5, 0, 5, 15 ], "texture": "#planks_birch" },
        "east":  { "uv": [ 4.5, 0, 5, 15 ], "texture": "#texture" }
    }
},
{
    "from": [ 3.5, 19.5, 13.5 ],
    "to": [ 4.5, 30, 14.5 ],
    "faces": {
        "up":    { "uv": [ 11, 0, 12, 2.5 ], "rotation": 180, "texture": "#planks_birch" },
        "north": { "uv": [ 11, 0, 12, 15 ], "texture": "#planks_birch" },
        "south": { "uv": [ 11, 0, 12, 15 ], "texture": "#planks_birch" },
        "west":  { "uv": [ 0, 0, 2.5, 15 ], "texture": "#planks_birch" },
        "east":  { "uv": [ 0, 0, 2.5, 15 ], "texture": "#texture" }
    }
},
{
    "from": [ 3.5, 13, 13.5 ],
    "to": [ 4.5, 19.5, 14.5 ],
    "faces": {
        "down":  { "uv": [ 3.5, 13.5, 4.5, 14.5 ], "texture": "#planks_birch" },
        "north": { "uv": [ 3.5, 0, 4.5, 6.5 ], "texture": "#planks_birch" },
        "south": { "uv": [ 3.5, 0, 4.5, 6.5 ], "texture": "#planks_birch" },
        "west":  { "uv": [ 13.5, 0, 14.5, 6.5 ], "texture": "#planks_birch" },
        "east":  { "uv": [ 13.5, 0, 14.5, 6.5 ], "texture": "#texture" }
    }
},
{
    "from": [ 3.5, 19.5, 1.5 ],
    "to": [ 4.5, 30, 2.5 ],
    "faces": {
        "up":    { "uv": [ 11.5, 13.5, 12.5, 14.5 ], "rotation": 180, "texture": "#planks_birch" },
        "north": { "uv": [ 11.5, 0, 12.5, 10.5 ], "texture": "#planks_birch" },
        "south": { "uv": [ 11.5, 0, 12.5, 10.5 ], "texture": "#planks_birch" },
        "west":  { "uv": [ 13.5, 0, 14.5, 10.5 ], "texture": "#planks_birch" },
        "east":  { "uv": [ 13.5, 0, 14.5, 10.5 ], "texture": "#texture" }
    }
},
{
    "from": [ 3.5, 13, 1.5 ],
    "to": [ 4.5, 19.5, 2.5 ],
    "faces": {
        "down":  { "uv": [ 11.5, 13.5, 12.5, 14.5 ], "rotation": 180, "texture": "#planks_birch" },
        "north": { "uv": [ 11.5, 0, 12.5, 6.5 ], "texture": "#planks_birch" },
        "south": { "uv": [ 11.5, 0, 12.5, 6.5 ], "texture": "#planks_birch" },
        "west":  { "uv": [ 13.5, 0, 14.5, 6.5 ], "texture": "#planks_birch" },
        "east":  { "uv": [ 13.5, 0, 14.5, 6.5 ], "texture": "#texture" }
    }
},
{
    "from": [ 3.5, 19.5, 8 ],
    "to": [ 4.5, 30, 9 ],
    "faces": {
        "up":    { "uv": [ 11.5, 7, 12.5, 8 ], "rotation": 180, "texture": "#planks_birch" },
        "south": { "uv": [ 11.5, 0, 12.5, 10.5 ], "texture": "#planks_birch" },
        "west":  { "uv": [ 7, 0, 8, 10.5 ], "texture": "#planks_birch" },
        "east":  { "uv": [ 7, 0, 8, 10.5 ], "texture": "#texture" }
    }
},
{
    "from": [ 3.5, 19.5, 7 ],
    "to": [ 4.5, 30, 8 ],
    "faces": {
        "up":    { "uv": [ 11.5, 8, 12.5, 9 ], "rotation": 180, "texture": "#planks_birch" },
        "north": { "uv": [ 11.5, 0, 12.5, 10.5 ], "texture": "#planks_birch" },
        "west":  { "uv": [ 8, 0, 9, 10.5 ], "texture": "#planks_birch" },
        "east":  { "uv": [ 8, 0, 9, 10.5 ], "texture": "#texture" }
    }
},
{
    "from": [ 3.5, 13, 7 ],
    "to": [ 4.5, 19.5, 8 ],
    "faces": {
        "down":  { "uv": [ 11.5, 8, 12.5, 9 ], "rotation": 180, "texture": "#planks_birch" },
        "north": { "uv": [ 11.5, 0, 12.5, 6.5 ], "texture": "#planks_birch" },
        "west":  { "uv": [ 8, 0, 9, 6.5 ], "texture": "#planks_birch" },
        "east":  { "uv": [ 8, 0, 9, 6.5 ], "texture": "#texture" }
    }
},
{
    "from": [ 3.5, 13, 8 ],
    "to": [ 4.5, 19.5, 9 ],
    "faces": {
        "down":  { "uv": [ 11.5, 7, 12.5, 8 ], "rotation": 180, "texture": "#planks_birch" },
        "south": { "uv": [ 11.5, 0, 12.5, 6.5 ], "texture": "#planks_birch" },
        "west":  { "uv": [ 7, 0, 8, 6.5 ], "texture": "#planks_birch" },
        "east":  { "uv": [ 7, 0, 8, 6.5 ], "texture": "#texture" }
    }
},
{
    "from": [ 3.5, 13, 4.5 ],
    "to": [ 4, 15, 5 ],
    "faces": {
        "down":  { "uv": [ 12, 11, 12.5, 11.5 ], "rotation": 180, "texture": "#planks_birch" },
        "north": { "uv": [ 12, 1, 12.5, 3 ], "texture": "#planks_birch" },
        "south": { "uv": [ 12, 1, 12.5, 3 ], "texture": "#planks_birch" },
        "west":  { "uv": [ 11, 1, 11.5, 3 ], "texture": "#planks_birch" },
        "east":  { "uv": [ 11, 1, 11.5, 3 ], "texture": "#texture" }
    }
},
{
    "from": [ 3.5, 13, 11 ],
    "to": [ 4, 15, 11.5 ],
    "faces": {
        "down":  { "uv": [ 12, 4.5, 12.5, 5 ], "rotation": 180, "texture": "#planks_birch" },
        "north": { "uv": [ 12, 1, 12.5, 3 ], "texture": "#planks_birch" },
        "south": { "uv": [ 12, 1, 12.5, 3 ], "texture": "#planks_birch" },
        "west":  { "uv": [ 4.5, 1, 5, 3 ], "texture": "#planks_birch" },
        "east":  { "uv": [ 4.5, 1, 5, 3 ], "texture": "#texture" }
    }
},
{
    "from": [ 3.5, 31, -1 ],
    "to": [ 16.5, 32, -0.5 ],
    "faces": {
        "down":  { "uv": [ 3, 0, 16, 0.5 ], "texture": "#texture" },
        "up":    { "uv": [ 3, 0, 16, 0.5 ], "texture": "#texture" },
        "north": { "uv": [ 3, 0, 16, 1 ], "texture": "#texture" }
    }
},
{
    "from": [ 3.5, 31, 16.5 ],
    "to": [ 16.5, 32, 17 ],
    "faces": {
        "down":  { "uv": [ 0, 0, 13, 0.5 ], "rotation": 180, "texture": "#texture" },
        "up":    { "uv": [ 0, 0, 13, 0.5 ], "rotation": 180, "texture": "#texture" },
        "south": { "uv": [ 0, 0, 13, 1 ], "texture": "#texture" }
    }
},
{
    "from": [ 3, 31, 1 ],
    "to": [ 3.5, 32, 17 ],
    "faces": {
        "down":  { "uv": [ 12.5, 0, 13, 16 ], "rotation": 180, "texture": "#texture" },
        "up":    { "uv": [ 12.5, 0, 13, 16 ], "rotation": 180, "texture": "#texture" },
        "north": { "uv": [ 12.5, 0, 13, 1 ], "texture": "#texture" },
        "south": { "uv": [ 12.5, 0, 13, 1 ], "texture": "#texture" },
        "west":  { "uv": [ 0, 0, 16, 1 ], "texture": "#texture" },
        "east":  { "uv": [ 0, 0, 16, 1 ], "texture": "#texture" }
    }
},
{
    "from": [ 7, 19.5, 2 ],
    "to": [ 12, 24.5, 6.5 ],
    "faces": {
        "up":    { "uv": [ 4, 9.5, 9, 14 ], "rotation": 180, "texture": "#bookshelf" },
        "north": { "uv": [ 3.5, 2, 8.5, 7 ], "texture": "#bookshelf" },
        "west":  { "uv": [ 10, 1.5, 14.5, 6.5 ], "texture": "#bookshelf" },
        "east":  { "uv": [ 6, 1.5, 10.5, 6.5 ], "texture": "#bookshelf" }
    }
},
{
    "from": [ 8.5, 25.5, 9 ],
    "to": [ 13.5, 30.5, 13.5 ],
    "faces": {
        "down":  { "uv": [ 2.5, 2.5, 7.5, 7 ], "rotation": 180, "texture": "#bookshelf" },
        "up":    { "uv": [ 2.5, 2.5, 7.5, 7 ], "rotation": 180, "texture": "#bookshelf" },
        "north": { "uv": [ 2.5, 1, 7.5, 6 ], "texture": "#bookshelf" },
        "south": { "uv": [ 2, 1, 7, 6 ], "texture": "#bookshelf" },
        "west":  { "uv": [ 2.5, 1.5, 7, 6.5 ], "texture": "#bookshelf" },
        "east":  { "uv": [ 2.5, 2, 7, 7 ], "texture": "#bookshelf" }
    }
},
{
    "from": [ 7, 19.5, 6.5 ],
    "to": [ 12, 24.5, 11 ],
    "faces": {
        "up":    { "uv": [ 4, 2.5, 9, 7 ], "rotation": 180, "texture": "#bookshelf" },
        "south": { "uv": [ 4, 1.5, 9, 6.5 ], "texture": "#bookshelf" },
        "west":  { "uv": [ 5, 1.5, 9.5, 6.5 ], "texture": "#bookshelf" },
        "east":  { "uv": [ 4.5, 1.5, 9, 6.5 ], "texture": "#bookshelf" }
    }
},
{
    "from": [ 9.5, 26, 3.5 ],
    "to": [ 13, 28, 7 ],
    "faces": {
        "up":    { "uv": [ 5, 5, 11, 11 ], "rotation": 180, "texture": "#flower_pot" },
        "north": { "uv": [ 5, 11, 11, 16 ], "texture": "#flower_pot" },
        "south": { "uv": [ 5, 11, 11, 16 ], "texture": "#flower_pot" },
        "west":  { "uv": [ 5, 11, 11, 16 ], "texture": "#flower_pot" },
        "east":  { "uv": [ 5, 11, 11, 16 ], "texture": "#flower_pot" }
    }
},
{
    "from": [ 7, 27, 2 ],
    "to": [ 7.0625, 31, 9.5 ],
    "rotation": { "origin": [ 7, 27, 2 ], "axis": "y", "angle": 45 },
    "faces": {
        "west":  { "uv": [ 0, 0, 16, 16 ], "texture": "#sapling_oak" },
        "east":  { "uv": [ 0, 0, 16, 16 ], "texture": "#sapling_oak" }
    }
},
{
    "from": [ 12.4375, 26.5, 3 ],
    "to": [ 12.5, 30.5, 10 ],
    "rotation": { "origin": [ 12.4375, 26.5, 3 ], "axis": "y", "angle": -45 },
    "faces": {
        "west":  { "uv": [ 0, 0, 16, 16 ], "texture": "#sapling_oak" },
        "east":  { "uv": [ 0, 0, 16, 16 ], "texture": "#sapling_oak" }
    }
},
{
    "from": [ 7, 13, 3 ],
    "to": [ 12, 18, 7.5 ],
    "faces": {
        "up":    { "uv": [ 5.5, 8.5, 10.5, 13 ], "rotation": 180, "texture": "#bookshelf" },
        "north": { "uv": [ 3, 9, 8, 14 ], "texture": "#bookshelf" },
        "south": { "uv": [ 3, 9, 8, 14 ], "texture": "#bookshelf" },
        "west":  { "uv": [ 4, 1.5, 8.5, 6.5 ], "texture": "#bookshelf" },
        "east":  { "uv": [ 5, 9, 9.5, 14 ], "texture": "#bookshelf" }
    }
},
{
    "from": [ 3.5, 13, 2.5 ],
    "to": [ 4.5, 14, 7 ],
    "faces": {
        "down":  { "uv": [ 11.5, 9, 12.5, 13.5 ], "rotation": 180, "texture": "#planks_birch" },
        "up":    { "uv": [ 11.5, 9, 12.5, 13.5 ], "rotation": 180, "texture": "#planks_birch" },
        "west":  { "uv": [ 9, 2, 13.5, 3 ], "texture": "#planks_birch" },
        "east":  { "uv": [ 9, 2, 13.5, 3 ], "texture": "#texture" }
    }
},
{
    "from": [ 3.5, 13, 9 ],
    "to": [ 4.5, 14, 13.5 ],
    "faces": {
        "down":  { "uv": [ 11.5, 2.5, 12.5, 7 ], "rotation": 180, "texture": "#planks_birch" },
        "up":    { "uv": [ 11.5, 2.5, 12.5, 7 ], "rotation": 180, "texture": "#planks_birch" },
        "west":  { "uv": [ 2.5, 2, 7, 3 ], "texture": "#planks_birch" },
        "east":  { "uv": [ 2.5, 2, 7, 3 ], "texture": "#texture" }
    }
},
{
    "from": [ 3.5, 29, 9 ],
    "to": [ 4.5, 30, 13.5 ],
    "faces": {
        "down":  { "uv": [ 11.5, 2.5, 12.5, 7 ], "rotation": 180, "texture": "#planks_birch" },
        "up":    { "uv": [ 11.5, 2.5, 12.5, 7 ], "rotation": 180, "texture": "#planks_birch" },
        "west":  { "uv": [ 2.5, 0, 7, 1 ], "texture": "#planks_birch" },
        "east":  { "uv": [ 2.5, 0, 7, 1 ], "texture": "#texture" }
    }
},
{
    "from": [ 3.5, 29, 2.5 ],
    "to": [ 4.5, 30, 7 ],
    "faces": {
        "down":  { "uv": [ 11.5, 9, 12.5, 13.5 ], "rotation": 180, "texture": "#planks_birch" },
        "up":    { "uv": [ 11.5, 9, 12.5, 13.5 ], "rotation": 180, "texture": "#planks_birch" },
        "west":  { "uv": [ 9, 0, 13.5, 1 ], "texture": "#planks_birch" },
        "east":  { "uv": [ 9, 0, 13.5, 1 ], "texture": "#texture" }
    }
},
{
    "from": [ 3, 20, 8.5 ],
    "to": [ 3.5, 20.5, 9 ],
    "faces": {
        "down":  { "uv": [ 15, 5.5, 15.5, 6 ], "rotation": 180, "texture": "#iron_block" },
        "up":    { "uv": [ 15, 5.5, 15.5, 6 ], "rotation": 180, "texture": "#iron_block" },
        "north": { "uv": [ 15, 0, 15.5, 1 ], "texture": "#iron_block" },
        "south": { "uv": [ 15, 0, 15.5, 1 ], "texture": "#iron_block" },
        "west":  { "uv": [ 5.5, 0, 6, 1 ], "texture": "#iron_block" },
        "east":  { "uv": [ 5.5, 0, 6, 1 ], "texture": "#iron_block" }
    }
},
{
    "from": [ 3, 20, 7.5 ],
    "to": [ 3.5, 20.5, 8 ],
    "faces": {
        "down":  { "uv": [ 15, 5.5, 15.5, 6 ], "rotation": 180, "texture": "#iron_block" },
        "up":    { "uv": [ 15, 5.5, 15.5, 6 ], "rotation": 180, "texture": "#iron_block" },
        "north": { "uv": [ 15, 0, 15.5, 1 ], "texture": "#iron_block" },
        "south": { "uv": [ 15, 0, 15.5, 1 ], "texture": "#iron_block" },
        "west":  { "uv": [ 5.5, 0, 6, 1 ], "texture": "#iron_block" },
        "east":  { "uv": [ 5.5, 0, 6, 1 ], "texture": "#iron_block" }
    }
},
{
    "from": [ 3, 7, 6.5 ],
    "to": [ 3.5, 7.5, 7 ],
    "faces": {
        "down":  { "uv": [ 15, 5.5, 15.5, 6 ], "rotation": 180, "texture": "#iron_block" },
        "up":    { "uv": [ 15, 5.5, 15.5, 6 ], "rotation": 180, "texture": "#iron_block" },
        "north": { "uv": [ 15, 0, 15.5, 1 ], "texture": "#iron_block" },
        "south": { "uv": [ 15, 0, 15.5, 1 ], "texture": "#iron_block" },
        "west":  { "uv": [ 5.5, 0, 6, 1 ], "texture": "#iron_block" },
        "east":  { "uv": [ 5.5, 0, 6, 1 ], "texture": "#iron_block" }
    }
},
{
    "from": [ 3, 31, -1 ],
    "to": [ 3.5, 32, 1 ],
    "faces": {
        "down":  { "uv": [ 3, -1, 3.5, 1 ], "texture": "#texture" },
        "up":    { "uv": [ 3, 0, 3.5, 2 ], "texture": "#texture" },
        "north": { "uv": [ 3, 0, 3.5, 1 ], "texture": "#texture" },
        "south": { "uv": [ 3, 0, 3.5, 1 ], "texture": "#texture" },
        "west":  { "uv": [ 0, 0, 2, 1 ], "texture": "#texture" },
        "east":  { "uv": [ 0, 0, 2, 1 ], "texture": "#texture" }
    }
},
{
    "from": [ 16.5, 31, 1 ],
    "to": [ 17, 32, 17 ],
    "faces": {
        "down":  { "uv": [ 12.5, 0, 13, 16 ], "rotation": 180, "texture": "#texture" },
        "up":    { "uv": [ 12.5, 0, 13, 16 ], "rotation": 180, "texture": "#texture" },
        "north": { "uv": [ 12.5, 0, 13, 1 ], "texture": "#texture" },
        "south": { "uv": [ 12.5, 0, 13, 1 ], "texture": "#texture" },
        "west":  { "uv": [ 0, 0, 16, 1 ], "texture": "#texture" },
        "east":  { "uv": [ 0, 0, 16, 1 ], "texture": "#texture" }
    }
},
{
    "from": [ 16.5, 31, -1 ],
    "to": [ 17, 32, 1 ],
    "faces": {
        "down":  { "uv": [ 15.5, 0, 16, 2 ], "texture": "#texture" },
        "up":    { "uv": [ 15.5, 0, 16, 2 ], "texture": "#texture" },
        "north": { "uv": [ 15.5, 0, 16, 1 ], "texture": "#texture" },
        "south": { "uv": [ 15.5, 0, 16, 1 ], "texture": "#texture" },
        "west":  { "uv": [ 14, 0, 16, 1 ], "texture": "#texture" },
        "east":  { "uv": [ 14, 0, 16, 1 ], "texture": "#texture" }
    }
},
{
    "from": [ 3, 7, 9 ],
    "to": [ 3.5, 7.5, 9.5 ],
    "faces": {
        "down":  { "uv": [ 15, 5.5, 15.5, 6 ], "rotation": 180, "texture": "#iron_block" },
        "up":    { "uv": [ 15, 5.5, 15.5, 6 ], "rotation": 180, "texture": "#iron_block" },
        "north": { "uv": [ 15, 0, 15.5, 1 ], "texture": "#iron_block" },
        "south": { "uv": [ 15, 0, 15.5, 1 ], "texture": "#iron_block" },
        "west":  { "uv": [ 5.5, 0, 6, 1 ], "texture": "#iron_block" },
        "east":  { "uv": [ 5.5, 0, 6, 1 ], "texture": "#iron_block" }
    }
},
{
    "from": [ 3.5, 3, 8.5 ],
    "to": [ 4, 12, 15 ],
    "faces": {
        "down":  { "uv": [ 4, 15, 3.5, 8.5 ], "rotation": 180, "texture": "#planks_birch" },
        "up":    { "uv": [ 12, 8.5, 12.5, 15 ], "rotation": 180, "texture": "#planks_birch" },
        "north": { "uv": [ 12, 4, 12.5, 13 ], "texture": "#planks_birch" },
        "south": { "uv": [ 3.5, 4, 4, 13 ], "texture": "#planks_birch" },
        "west":  { "uv": [ 1, 4, 7.5, 13 ], "texture": "#planks_birch" }
    }
}
],
"display": {
    "thirdperson_righthand": {
        "rotation": [ 0, 18, 0 ],
        "translation": [ 0, 0, 0 ],
        "scale": [ 0.5, 0.5, 0.5 ]
    },
    "thirdperson_lefthand": {
        "rotation": [ 0, -157, 0 ],
        "translation": [ 0, 0, 0 ],
        "scale": [ 0.5, 0.5, 0.5 ]
    },
    "head": {
        "rotation": [ 0, -90, 0 ],
        "translation": [ 0, -30.5, 0 ],
        "scale": [ 1.6, 1.6, 1.6 ]
    },
    "ground": {
        "rotation": [ 0, 0, 0 ],
        "translation": [ 0, 2, 0 ],
        "scale": [ 0.5, 0.5, 0.5 ]
    },
    "fixed": {
        "rotation": [ 0, -91, 0 ],
        "translation": [ 0, -2.83, -3.4 ],
        "scale": [ 0.5, 0.5, 0.5 ]
    },
    "firstperson_righthand": {
        "rotation": [ 0, 27, 0 ],
        "translation": [ 0, 0, 0 ],
        "scale": [ 0.5, 0.5, 0.5 ]
    },
    "firstperson_lefthand": {
        "rotation": [ 0, -162, 0 ],
        "translation": [ 0, 0, 0 ],
        "scale": [ 0.5, 0.5, 0.5 ]
    },
    "gui": {
        "rotation": [ 35, 35, 0 ],
        "translation": [ 0, -2.46, 0 ],
        "scale": [ 0.4, 0.4, 0.4 ]
    }
}
}