{
	"parent": "item/handheld",
	"textures": {
		"layer0": "items/iron_hoe"
	},
"overrides": [
{ "predicate": {"damaged": 0, "damage": 0}, "model": "item/iron_hoe"},
{ "predicate": {"damaged": 0, "damage": 0.00398406374501992}, "model": "item/props/wooden_bat"},
{ "predicate": {"damaged": 0, "damage": 0.00796812749003984}, "model": "item/props/wooden_cane"},
{ "predicate": {"damaged": 0, "damage": 0.01195219123505976}, "model": "item/props/heart_staff"},
{ "predicate": {"damaged": 0, "damage": 0.01593625498007968}, "model": "item/props/easter2018/easter_basket"},
{ "predicate": {"damaged": 0, "damage": 0.0199203187250996}, "model": "item/props/flower_bouquet"},
{ "predicate": {"damaged": 0, "damage": 0.02390438247011952}, "model": "item/props/leather_bag"},
{ "predicate": {"damaged": 0, "damage": 0.027888446215139442}, "model": "item/props/handcuffs"},
{ "predicate": {"damaged": 0, "damage": 0.03187250996015936}, "model": "item/props/scepter_gold"},
{ "predicate": {"damaged": 0, "damage": 0.03585657370517928}, "model": "item/props/knife"},
{ "predicate": {"damaged": 0, "damage": 0.0398406374501992}, "model": "item/props/saber"},
{ "predicate": {"damaged": 0, "damage": 0.043824701195219126}, "model": "item/props/hayfork"},
{ "predicate": {"damaged": 0, "damage": 0.04780876494023904}, "model": "item/props/scepter_iron"},
{ "predicate": {"damaged": 0, "damage": 0.05179282868525896}, "model": "item/props/racquet"},
{ "predicate": {"damaged": 0, "damage": 0.055776892430278883}, "model": "item/props/walky_talky"},
{ "predicate": {"damaged": 0, "damage": 0.05976095617529881}, "model": "item/props/wool_bag_pink"},
{ "predicate": {"damaged": 0, "damage": 0.06374501992031872}, "model": "item/props/school_rucksack"},
{ "predicate": {"damaged": 0, "damage": 0.06772908366533864}, "model": "item/props/wool_bag_white"},
{ "predicate": {"damaged": 0, "damage": 0.07171314741035856}, "model": "item/food/avocado"},
{ "predicate": {"damaged": 0, "damage": 0.07569721115537849}, "model": "item/props/wool_bag_black"},
{ "predicate": {"damaged": 0, "damage": 0.0796812749003984}, "model": "item/props/plush_bear"},
{ "predicate": {"damaged": 0, "damage": 0.08366533864541832}, "model": "item/props/plush_bunny"},
{ "predicate": {"damaged": 0, "damage": 0.08764940239043825}, "model": "item/props/dumbell"},
{ "predicate": {"damaged": 0, "damage": 0.09163346613545817}, "model": ""},
{ "predicate": {"damaged": 0, "damage": 0.09561752988047809}, "model": ""},
{ "predicate": {"damaged": 0, "damage": 0.099601593625498}, "model": ""},
{ "predicate": {"damaged": 0, "damage": 0.10358565737051792}, "model": ""},
{ "predicate": {"damaged": 0, "damage": 0.10756972111553785}, "model": "item/food/sushi"},
{ "predicate": {"damaged": 0, "damage": 0.11155378486055777}, "model": "item/props/game_gadget"},
{ "predicate": {"damaged": 0, "damage": 0.11553784860557768}, "model": "item/props/gun"},
{ "predicate": {"damaged": 0, "damage": 0.11952191235059761}, "model": ""},
{ "predicate": {"damaged": 0, "damage": 0.12350597609561753}, "model": ""},
{ "predicate": {"damaged": 0, "damage": 0.12749003984063745}, "model": "item/props/light_saber"},
{ "predicate": {"damaged": 0, "damage": 0.13147410358565736}, "model": "item/food/lunch_box"},
{ "predicate": {"damaged": 0, "damage": 0.13545816733067728}, "model": "item/props/purse1"},
{ "predicate": {"damaged": 0, "damage": 0.1394422310756972}, "model": "item/props/purse2"},
{ "predicate": {"damaged": 0, "damage": 0.14342629482071712}, "model": "item/props/purse3"},
{ "predicate": {"damaged": 0, "damage": 0.14741035856573706}, "model": "item/props/sunglasses"},
{ "predicate": {"damaged": 0, "damage": 0.15139442231075698}, "model": "item/props/tablet"},
{ "predicate": {"damaged": 0, "damage": 0.1553784860557769}, "model": ""},
{ "predicate": {"damaged": 0, "damage": 0.1593625498007968}, "model": ""},
{ "predicate": {"damaged": 0, "damage": 0.16334661354581673}, "model": "item/props/rose"},
{ "predicate": {"damaged": 0, "damage": 0.16733067729083664}, "model": "item/props/tea_cup"},
{ "predicate": {"damaged": 0, "damage": 0.17131474103585656}, "model": "item/props/open_book"},
{ "predicate": {"damaged": 0, "damage": 0.1752988047808765}, "model": "item/props/tea_pot"},

{ "predicate": {"damaged": 0, "damage": 0.17928286852589642}, "model": "item/props/summer_props/cocktail"},
{ "predicate": {"damaged": 0, "damage": 0.18326693227091634}, "model": "item/props/summer_props/flag_usa"},
{ "predicate": {"damaged": 0, "damage": 0.18725099601593626}, "model": "item/props/summer_props/harpoon"},
{ "predicate": {"damaged": 0, "damage": 0.19123505976095617}, "model": "item/props/summer_props/hook"},
{ "predicate": {"damaged": 0, "damage": 0.1952191235059761}, "model": "item/props/summer_props/leaningsurf"},
{ "predicate": {"damaged": 0, "damage": 0.199203187250996}, "model": "item/props/summer_props/masterball"},
{ "predicate": {"damaged": 0, "damage": 0.20318725099601592}, "model": "item/props/summer_props/mastersword"},
{ "predicate": {"damaged": 0, "damage": 0.20717131474103584}, "model": "item/props/summer_props/pokedex"},
{ "predicate": {"damaged": 0, "damage": 0.21115537848605578}, "model": "item/props/summer_props/rescue"},
{ "predicate": {"damaged": 0, "damage": 0.2151394422310757}, "model": "item/props/summer_props/shield"},
{ "predicate": {"damaged": 0, "damage": 0.21912350597609562}, "model": "item/props/summer_props/surf"},
{ "predicate": {"damaged": 0, "damage": 0.22310756972111553}, "model": "item/props/summer_props/surf_green"},
{ "predicate": {"damaged": 0, "damage": 0.22709163346613545}, "model": "item/props/summer_props/surf_orange"},
{ "predicate": {"damaged": 0, "damage": 0.23107569721115537}, "model": "item/props/summer_props/surf_pink"},
{ "predicate": {"damaged": 0, "damage": 0.23505976095617528}, "model": "item/props/summer_props/surf_red"},
{ "predicate": {"damaged": 0, "damage": 0.23904382470119523}, "model": "item/props/summer_props/umbrella"},
{ "predicate": {"damaged": 0, "damage": 0.24302788844621515}, "model": "item/props/summer_props/umbrella_green"},
{ "predicate": {"damaged": 0, "damage": 0.24701195219123506}, "model": "item/props/summer_props/umbrella_orange"},
{ "predicate": {"damaged": 0, "damage": 0.250996015936255}, "model": "item/props/summer_props/umbrella_pink"},
{ "predicate": {"damaged": 0, "damage": 0.2549800796812749}, "model": "item/props/summer_props/umbrella_red"},
{ "predicate": {"damaged": 0, "damage": 0.2589641434262948}, "model": "item/props/summer_props/vertical_surf"},
{ "predicate": {"damaged": 0, "damage": 0.26294820717131473}, "model": "item/props/christmas2017/gingerbreadman"},
{ "predicate": {"damaged": 0, "damage": 0.26693227091633465}, "model": "item/props/christmas2017/hottochoco"},
{ "predicate": {"damaged": 0, "damage": 0.27091633466135456}, "model": "item/props/christmas2017/lantern"},
{ "predicate": {"damaged": 0, "damage": 0.2749003984063745}, "model": "item/props/christmas2017/sled"},
{ "predicate": {"damaged": 0, "damage": 0.2788844621513944}, "model": "item/props/christmas2017/teddy"},
{ "predicate": {"damaged": 0, "damage": 0.2828685258964143}, "model": "item/props/christmas2017/candy_cane"},
{ "predicate": {"damaged": 0, "damage": 0.28685258964143423}, "model": "item/props/christmas2017/present1"},
{ "predicate": {"damaged": 0, "damage": 0.2908366533864542}, "model": "item/props/christmas2017/present2"},
{ "predicate": {"damaged": 0, "damage": 0.2948207171314741}, "model": "item/props/christmas2017/present3"},
{ "predicate": {"damaged": 0, "damage": 0.29880478087649404}, "model": "item/props/easter2018/blue_flower"},
{ "predicate": {"damaged": 0, "damage": 0.30278884462151395}, "model": "item/props/easter2018/bunny_plush"},
{ "predicate": {"damaged": 0, "damage": 0.30677290836653387}, "model": "item/iron_hoe76"},
{ "predicate": {"damaged": 0, "damage": 0.3107569721115538}, "model": "item/iron_hoe77"},
{ "predicate": {"damaged": 0, "damage": 0.3147410358565737}, "model": "item/iron_hoe78"},
{ "predicate": {"damaged": 0, "damage": 0.3187250996015936}, "model": "item/iron_hoe79"},
{ "predicate": {"damaged": 0, "damage": 0.32270916334661354}, "model": "item/iron_hoe80"},
{ "predicate": {"damaged": 0, "damage": 0.32669322709163345}, "model": "item/iron_hoe81"},
{ "predicate": {"damaged": 0, "damage": 0.33067729083665337}, "model": "item/iron_hoe82"},
{ "predicate": {"damaged": 0, "damage": 0.3346613545816733}, "model": "item/iron_hoe83"},
{ "predicate": {"damaged": 0, "damage": 0.3386454183266932}, "model": "item/iron_hoe84"},
{ "predicate": {"damaged": 0, "damage": 0.3426294820717131}, "model": "item/iron_hoe85"},
{ "predicate": {"damaged": 0, "damage": 0.34661354581673304}, "model": "item/iron_hoe86"},
{ "predicate": {"damaged": 0, "damage": 0.350597609561753}, "model": "item/iron_hoe87"},
{ "predicate": {"damaged": 0, "damage": 0.3545816733067729}, "model": "item/iron_hoe88"},
{ "predicate": {"damaged": 0, "damage": 0.35856573705179284}, "model": "item/iron_hoe89"},
{ "predicate": {"damaged": 0, "damage": 0.36254980079681276}, "model": "item/iron_hoe90"},
{ "predicate": {"damaged": 0, "damage": 0.3665338645418327}, "model": "item/iron_hoe91"},
{ "predicate": {"damaged": 0, "damage": 0.3705179282868526}, "model": "item/iron_hoe92"},
{ "predicate": {"damaged": 0, "damage": 0.3745019920318725}, "model": "item/iron_hoe93"},
{ "predicate": {"damaged": 0, "damage": 0.3784860557768924}, "model": "item/iron_hoe94"},
{ "predicate": {"damaged": 0, "damage": 0.38247011952191234}, "model": "item/iron_hoe95"},
{ "predicate": {"damaged": 0, "damage": 0.38645418326693226}, "model": "item/iron_hoe96"},
{ "predicate": {"damaged": 0, "damage": 0.3904382470119522}, "model": "item/iron_hoe97"},
{ "predicate": {"damaged": 0, "damage": 0.3944223107569721}, "model": "item/iron_hoe98"},
{ "predicate": {"damaged": 0, "damage": 0.398406374501992}, "model": "item/iron_hoe99"},
{ "predicate": {"damaged": 0, "damage": 0.40239043824701193}, "model": "item/iron_hoe100"},
{ "predicate": {"damaged": 0, "damage": 0.40637450199203184}, "model": "item/iron_hoe101"},
{ "predicate": {"damaged": 0, "damage": 0.41035856573705176}, "model": "item/iron_hoe102"},
{ "predicate": {"damaged": 0, "damage": 0.4143426294820717}, "model": "item/iron_hoe103"},
{ "predicate": {"damaged": 0, "damage": 0.41832669322709165}, "model": "item/iron_hoe104"},
{ "predicate": {"damaged": 0, "damage": 0.42231075697211157}, "model": "item/iron_hoe105"},
{ "predicate": {"damaged": 0, "damage": 0.4262948207171315}, "model": "item/iron_hoe106"},
{ "predicate": {"damaged": 0, "damage": 0.4302788844621514}, "model": "item/iron_hoe107"},
{ "predicate": {"damaged": 0, "damage": 0.4342629482071713}, "model": "item/iron_hoe108"},
{ "predicate": {"damaged": 0, "damage": 0.43824701195219123}, "model": "item/iron_hoe109"},
{ "predicate": {"damaged": 0, "damage": 0.44223107569721115}, "model": "item/iron_hoe110"},
{ "predicate": {"damaged": 0, "damage": 0.44621513944223107}, "model": "item/iron_hoe111"},
{ "predicate": {"damaged": 0, "damage": 0.450199203187251}, "model": "item/iron_hoe112"},
{ "predicate": {"damaged": 0, "damage": 0.4541832669322709}, "model": "item/iron_hoe113"},
{ "predicate": {"damaged": 0, "damage": 0.4581673306772908}, "model": "item/iron_hoe114"},
{ "predicate": {"damaged": 0, "damage": 0.46215139442231074}, "model": "item/iron_hoe115"},
{ "predicate": {"damaged": 0, "damage": 0.46613545816733065}, "model": "item/iron_hoe116"},
{ "predicate": {"damaged": 0, "damage": 0.47011952191235057}, "model": "item/iron_hoe117"},
{ "predicate": {"damaged": 0, "damage": 0.4741035856573705}, "model": "item/iron_hoe118"},
{ "predicate": {"damaged": 0, "damage": 0.47808764940239046}, "model": "item/iron_hoe119"},
{ "predicate": {"damaged": 0, "damage": 0.4820717131474104}, "model": "item/iron_hoe120"},
{ "predicate": {"damaged": 0, "damage": 0.4860557768924303}, "model": "item/iron_hoe121"},
{ "predicate": {"damaged": 0, "damage": 0.4900398406374502}, "model": "item/iron_hoe122"},
{ "predicate": {"damaged": 0, "damage": 0.4940239043824701}, "model": "item/iron_hoe123"},
{ "predicate": {"damaged": 0, "damage": 0.49800796812749004}, "model": "item/iron_hoe124"},
{ "predicate": {"damaged": 0, "damage": 0.50199203187251}, "model": "item/iron_hoe125"},
{ "predicate": {"damaged": 0, "damage": 0.5059760956175299}, "model": "item/iron_hoe126"},
{ "predicate": {"damaged": 0, "damage": 0.5099601593625498}, "model": "item/iron_hoe127"},
{ "predicate": {"damaged": 0, "damage": 0.5139442231075697}, "model": "item/iron_hoe128"},
{ "predicate": {"damaged": 0, "damage": 0.5179282868525896}, "model": "item/iron_hoe129"},
{ "predicate": {"damaged": 0, "damage": 0.5219123505976095}, "model": "item/iron_hoe130"},
{ "predicate": {"damaged": 0, "damage": 0.5258964143426295}, "model": "item/iron_hoe131"},
{ "predicate": {"damaged": 0, "damage": 0.5298804780876494}, "model": "item/iron_hoe132"},
{ "predicate": {"damaged": 0, "damage": 0.5338645418326693}, "model": "item/iron_hoe133"},
{ "predicate": {"damaged": 0, "damage": 0.5378486055776892}, "model": "item/iron_hoe134"},
{ "predicate": {"damaged": 0, "damage": 0.5418326693227091}, "model": "item/iron_hoe135"},
{ "predicate": {"damaged": 0, "damage": 0.545816733067729}, "model": "item/iron_hoe136"},
{ "predicate": {"damaged": 0, "damage": 0.549800796812749}, "model": "item/iron_hoe137"},
{ "predicate": {"damaged": 0, "damage": 0.5537848605577689}, "model": "item/iron_hoe138"},
{ "predicate": {"damaged": 0, "damage": 0.5577689243027888}, "model": "item/iron_hoe139"},
{ "predicate": {"damaged": 0, "damage": 0.5617529880478087}, "model": "item/iron_hoe140"},
{ "predicate": {"damaged": 0, "damage": 0.5657370517928286}, "model": "item/iron_hoe141"},
{ "predicate": {"damaged": 0, "damage": 0.5697211155378485}, "model": "item/iron_hoe142"},
{ "predicate": {"damaged": 0, "damage": 0.5737051792828685}, "model": "item/iron_hoe143"},
{ "predicate": {"damaged": 0, "damage": 0.5776892430278885}, "model": "item/iron_hoe144"},
{ "predicate": {"damaged": 0, "damage": 0.5816733067729084}, "model": "item/iron_hoe145"},
{ "predicate": {"damaged": 0, "damage": 0.5856573705179283}, "model": "item/iron_hoe146"},
{ "predicate": {"damaged": 0, "damage": 0.5896414342629482}, "model": "item/iron_hoe147"},
{ "predicate": {"damaged": 0, "damage": 0.5936254980079682}, "model": "item/iron_hoe148"},
{ "predicate": {"damaged": 0, "damage": 0.5976095617529881}, "model": "item/iron_hoe149"},
{ "predicate": {"damaged": 0, "damage": 0.601593625498008}, "model": "item/iron_hoe150"},
{ "predicate": {"damaged": 0, "damage": 0.6055776892430279}, "model": "item/iron_hoe151"},
{ "predicate": {"damaged": 0, "damage": 0.6095617529880478}, "model": "item/iron_hoe152"},
{ "predicate": {"damaged": 0, "damage": 0.6135458167330677}, "model": "item/iron_hoe153"},
{ "predicate": {"damaged": 0, "damage": 0.6175298804780877}, "model": "item/iron_hoe154"},
{ "predicate": {"damaged": 0, "damage": 0.6215139442231076}, "model": "item/iron_hoe155"},
{ "predicate": {"damaged": 0, "damage": 0.6254980079681275}, "model": "item/iron_hoe156"},
{ "predicate": {"damaged": 0, "damage": 0.6294820717131474}, "model": "item/iron_hoe157"},
{ "predicate": {"damaged": 0, "damage": 0.6334661354581673}, "model": "item/iron_hoe158"},
{ "predicate": {"damaged": 0, "damage": 0.6374501992031872}, "model": "item/iron_hoe159"},
{ "predicate": {"damaged": 0, "damage": 0.6414342629482072}, "model": "item/iron_hoe160"},
{ "predicate": {"damaged": 0, "damage": 0.6454183266932271}, "model": "item/iron_hoe161"},
{ "predicate": {"damaged": 0, "damage": 0.649402390438247}, "model": "item/iron_hoe162"},
{ "predicate": {"damaged": 0, "damage": 0.6533864541832669}, "model": "item/iron_hoe163"},
{ "predicate": {"damaged": 0, "damage": 0.6573705179282868}, "model": "item/iron_hoe164"},
{ "predicate": {"damaged": 0, "damage": 0.6613545816733067}, "model": "item/iron_hoe165"},
{ "predicate": {"damaged": 0, "damage": 0.6653386454183267}, "model": "item/iron_hoe166"},
{ "predicate": {"damaged": 0, "damage": 0.6693227091633466}, "model": "item/iron_hoe167"},
{ "predicate": {"damaged": 0, "damage": 0.6733067729083665}, "model": "item/iron_hoe168"},
{ "predicate": {"damaged": 0, "damage": 0.6772908366533864}, "model": "item/iron_hoe169"},
{ "predicate": {"damaged": 0, "damage": 0.6812749003984063}, "model": "item/iron_hoe170"},
{ "predicate": {"damaged": 0, "damage": 0.6852589641434262}, "model": "item/iron_hoe171"},
{ "predicate": {"damaged": 0, "damage": 0.6892430278884462}, "model": "item/iron_hoe172"},
{ "predicate": {"damaged": 0, "damage": 0.6932270916334661}, "model": "item/iron_hoe173"},
{ "predicate": {"damaged": 0, "damage": 0.697211155378486}, "model": "item/iron_hoe174"},
{ "predicate": {"damaged": 0, "damage": 0.701195219123506}, "model": "item/iron_hoe175"},
{ "predicate": {"damaged": 0, "damage": 0.7051792828685259}, "model": "item/iron_hoe176"},
{ "predicate": {"damaged": 0, "damage": 0.7091633466135459}, "model": "item/iron_hoe177"},
{ "predicate": {"damaged": 0, "damage": 0.7131474103585658}, "model": "item/iron_hoe178"},
{ "predicate": {"damaged": 0, "damage": 0.7171314741035857}, "model": "item/iron_hoe179"},
{ "predicate": {"damaged": 0, "damage": 0.7211155378486056}, "model": "item/iron_hoe180"},
{ "predicate": {"damaged": 0, "damage": 0.7250996015936255}, "model": "item/iron_hoe181"},
{ "predicate": {"damaged": 0, "damage": 0.7290836653386454}, "model": "item/iron_hoe182"},
{ "predicate": {"damaged": 0, "damage": 0.7330677290836654}, "model": "item/iron_hoe183"},
{ "predicate": {"damaged": 0, "damage": 0.7370517928286853}, "model": "item/iron_hoe184"},
{ "predicate": {"damaged": 0, "damage": 0.7410358565737052}, "model": "item/iron_hoe185"},
{ "predicate": {"damaged": 0, "damage": 0.7450199203187251}, "model": "item/iron_hoe186"},
{ "predicate": {"damaged": 0, "damage": 0.749003984063745}, "model": "item/iron_hoe187"},
{ "predicate": {"damaged": 0, "damage": 0.7529880478087649}, "model": "item/iron_hoe188"},
{ "predicate": {"damaged": 0, "damage": 0.7569721115537849}, "model": "item/iron_hoe189"},
{ "predicate": {"damaged": 0, "damage": 0.7609561752988048}, "model": "item/iron_hoe190"},
{ "predicate": {"damaged": 0, "damage": 0.7649402390438247}, "model": "item/iron_hoe191"},
{ "predicate": {"damaged": 0, "damage": 0.7689243027888446}, "model": "item/iron_hoe192"},
{ "predicate": {"damaged": 0, "damage": 0.7729083665338645}, "model": "item/iron_hoe193"},
{ "predicate": {"damaged": 0, "damage": 0.7768924302788844}, "model": "item/iron_hoe194"},
{ "predicate": {"damaged": 0, "damage": 0.7808764940239044}, "model": "item/iron_hoe195"},
{ "predicate": {"damaged": 0, "damage": 0.7848605577689243}, "model": "item/iron_hoe196"},
{ "predicate": {"damaged": 0, "damage": 0.7888446215139442}, "model": "item/iron_hoe197"},
{ "predicate": {"damaged": 0, "damage": 0.7928286852589641}, "model": "item/iron_hoe198"},
{ "predicate": {"damaged": 0, "damage": 0.796812749003984}, "model": "item/iron_hoe199"},
{ "predicate": {"damaged": 0, "damage": 0.8007968127490039}, "model": "item/iron_hoe200"},
{ "predicate": {"damaged": 0, "damage": 0.8047808764940239}, "model": "item/iron_hoe201"},
{ "predicate": {"damaged": 0, "damage": 0.8087649402390438}, "model": "item/iron_hoe202"},
{ "predicate": {"damaged": 0, "damage": 0.8127490039840637}, "model": "item/iron_hoe203"},
{ "predicate": {"damaged": 0, "damage": 0.8167330677290836}, "model": "item/iron_hoe204"},
{ "predicate": {"damaged": 0, "damage": 0.8207171314741035}, "model": "item/iron_hoe205"},
{ "predicate": {"damaged": 0, "damage": 0.8247011952191234}, "model": "item/iron_hoe206"},
{ "predicate": {"damaged": 0, "damage": 0.8286852589641434}, "model": "item/iron_hoe207"},
{ "predicate": {"damaged": 0, "damage": 0.8326693227091634}, "model": "item/iron_hoe208"},
{ "predicate": {"damaged": 0, "damage": 0.8366533864541833}, "model": "item/iron_hoe209"},
{ "predicate": {"damaged": 0, "damage": 0.8406374501992032}, "model": "item/iron_hoe210"},
{ "predicate": {"damaged": 0, "damage": 0.8446215139442231}, "model": "item/iron_hoe211"},
{ "predicate": {"damaged": 0, "damage": 0.848605577689243}, "model": "item/iron_hoe212"},
{ "predicate": {"damaged": 0, "damage": 0.852589641434263}, "model": "item/iron_hoe213"},
{ "predicate": {"damaged": 0, "damage": 0.8565737051792829}, "model": "item/iron_hoe214"},
{ "predicate": {"damaged": 0, "damage": 0.8605577689243028}, "model": "item/iron_hoe215"},
{ "predicate": {"damaged": 0, "damage": 0.8645418326693227}, "model": "item/iron_hoe216"},
{ "predicate": {"damaged": 0, "damage": 0.8685258964143426}, "model": "item/iron_hoe217"},
{ "predicate": {"damaged": 0, "damage": 0.8725099601593626}, "model": "item/iron_hoe218"},
{ "predicate": {"damaged": 0, "damage": 0.8764940239043825}, "model": "item/iron_hoe219"},
{ "predicate": {"damaged": 0, "damage": 0.8804780876494024}, "model": "item/iron_hoe220"},
{ "predicate": {"damaged": 0, "damage": 0.8844621513944223}, "model": "item/iron_hoe221"},
{ "predicate": {"damaged": 0, "damage": 0.8884462151394422}, "model": "item/iron_hoe222"},
{ "predicate": {"damaged": 0, "damage": 0.8924302788844621}, "model": "item/iron_hoe223"},
{ "predicate": {"damaged": 0, "damage": 0.896414342629482}, "model": "item/iron_hoe224"},
{ "predicate": {"damaged": 0, "damage": 0.900398406374502}, "model": "item/iron_hoe225"},
{ "predicate": {"damaged": 0, "damage": 0.9043824701195219}, "model": "item/iron_hoe226"},
{ "predicate": {"damaged": 0, "damage": 0.9083665338645418}, "model": "item/iron_hoe227"},
{ "predicate": {"damaged": 0, "damage": 0.9123505976095617}, "model": "item/iron_hoe228"},
{ "predicate": {"damaged": 0, "damage": 0.9163346613545816}, "model": "item/iron_hoe229"},
{ "predicate": {"damaged": 0, "damage": 0.9203187250996016}, "model": "item/iron_hoe230"},
{ "predicate": {"damaged": 0, "damage": 0.9243027888446215}, "model": "item/iron_hoe231"},
{ "predicate": {"damaged": 0, "damage": 0.9282868525896414}, "model": "item/iron_hoe232"},
{ "predicate": {"damaged": 0, "damage": 0.9322709163346613}, "model": "item/iron_hoe233"},
{ "predicate": {"damaged": 0, "damage": 0.9362549800796812}, "model": "item/iron_hoe234"},
{ "predicate": {"damaged": 0, "damage": 0.9402390438247011}, "model": "item/iron_hoe235"},
{ "predicate": {"damaged": 0, "damage": 0.944223107569721}, "model": "item/iron_hoe236"},
{ "predicate": {"damaged": 0, "damage": 0.948207171314741}, "model": "item/iron_hoe237"},
{ "predicate": {"damaged": 0, "damage": 0.9521912350597609}, "model": "item/iron_hoe238"},
{ "predicate": {"damaged": 0, "damage": 0.9561752988047809}, "model": "item/iron_hoe239"},
{ "predicate": {"damaged": 0, "damage": 0.9601593625498008}, "model": "item/iron_hoe240"},
{ "predicate": {"damaged": 0, "damage": 0.9641434262948207}, "model": "item/iron_hoe241"},
{ "predicate": {"damaged": 0, "damage": 0.9681274900398407}, "model": "item/iron_hoe242"},
{ "predicate": {"damaged": 0, "damage": 0.9721115537848606}, "model": "item/iron_hoe243"},
{ "predicate": {"damaged": 0, "damage": 0.9760956175298805}, "model": "item/iron_hoe244"},
{ "predicate": {"damaged": 0, "damage": 0.9800796812749004}, "model": "item/iron_hoe245"},
{ "predicate": {"damaged": 0, "damage": 0.9840637450199203}, "model": "item/iron_hoe246"},
{ "predicate": {"damaged": 0, "damage": 0.9880478087649402}, "model": "item/iron_hoe247"},
{ "predicate": {"damaged": 0, "damage": 0.9920318725099602}, "model": "item/iron_hoe248"},
{ "predicate": {"damaged": 1, "damage": 0.9960159362549801}, "model": "item/iron_hoe249"}
]
}