{
"__comment": "Designed by Tomshalev01",
"textures": {
    "0": "blocks/wool_colored_yellow",
    "1": "blocks/food_unwraps/lunch",
    "2": "blocks/iron_block"
},
"elements": [ 
{
    "from": [ 5, 0, 6 ],
    "to": [ 11, 5, 8 ],
    "faces": {
        "down":  { "uv": [ 0.001, 0.001, 5.999, 1.999 ], "texture": "#0" },
        "up":    { "uv": [ 0.001, 0.001, 5.999, 1.999 ], "texture": "#0" },
        "north": { "uv": [ 0.001, 0.001, 5.999, 4.999 ], "texture": "#0" },
        "south": { "uv": [ 0.001, 0.001, 5.999, 4.999 ], "texture": "#0" },
        "west":  { "uv": [ 0.001, 0.001, 1.999, 4.999 ], "texture": "#0" },
        "east":  { "uv": [ 0.001, 0.001, 1.999, 4.999 ], "texture": "#0" }
    }
},
{
    "from": [ 5, 0, 8.1 ],
    "to": [ 11, 5, 9 ],
    "faces": {
        "down":  { "uv": [ 0.001, 0.001, 5.999, 0.899 ], "texture": "#0" },
        "up":    { "uv": [ 0.001, 0.001, 5.999, 0.899 ], "texture": "#0" },
        "north": { "uv": [ 0.001, 0.001, 5.999, 4.999 ], "texture": "#0" },
        "south": { "uv": [ 0.001, 0.001, 15.999, 15.999 ], "texture": "#1" },
        "west":  { "uv": [ 0.001, 0.001, 0.899, 4.999 ], "texture": "#0" },
        "east":  { "uv": [ 0.001, 0.001, 0.899, 4.999 ], "texture": "#0" }
    }
},
{
    "from": [ 5.1, 0, 8 ],
    "to": [ 10.9, 4.8, 8.1 ],
    "faces": {
        "down":  { "uv": [ 0.001, 0.001, 5.799, 0.099 ], "texture": "#0" },
        "up":    { "uv": [ 0.001, 0.001, 5.799, 0.099 ], "texture": "#0" },
        "north": { "uv": [ 0.001, 0.001, 5.799, 4.799 ], "texture": "#0" },
        "south": { "uv": [ 0.001, 0.001, 5.799, 4.799 ], "texture": "#0" },
        "west":  { "uv": [ 0.001, 0.001, 0.099, 4.799 ], "texture": "#0" },
        "east":  { "uv": [ 0.001, 0.001, 0.099, 4.799 ], "texture": "#0" }
    }
},
{
    "from": [ 6, 5, 7 ],
    "to": [ 6.5, 6, 7.5 ],
    "faces": {
        "down":  { "uv": [ 0.001, 0.001, 0.499, 0.499 ], "texture": "#2" },
        "up":    { "uv": [ 0.001, 0.001, 0.499, 0.499 ], "texture": "#2" },
        "north": { "uv": [ 0.001, 0.001, 0.499, 0.999 ], "texture": "#2" },
        "south": { "uv": [ 0.001, 0.001, 0.499, 0.999 ], "texture": "#2" },
        "west":  { "uv": [ 0.001, 0.001, 0.499, 0.999 ], "texture": "#2" },
        "east":  { "uv": [ 0.001, 0.001, 0.499, 0.999 ], "texture": "#2" }
    }
},
{
    "from": [ 9.5, 5, 7 ],
    "to": [ 10, 6, 7.5 ],
    "faces": {
        "down":  { "uv": [ 0.001, 0.001, 0.499, 0.499 ], "texture": "#2" },
        "up":    { "uv": [ 0.001, 0.001, 0.499, 0.499 ], "texture": "#2" },
        "north": { "uv": [ 0.001, 0.001, 0.499, 0.999 ], "texture": "#2" },
        "south": { "uv": [ 0.001, 0.001, 0.499, 0.999 ], "texture": "#2" },
        "west":  { "uv": [ 0.001, 0.001, 0.499, 0.999 ], "texture": "#2" },
        "east":  { "uv": [ 0.001, 0.001, 0.499, 0.999 ], "texture": "#2" }
    }
},
{
    "from": [ 6, 6, 7 ],
    "to": [ 10, 6.5, 7.5 ],
    "faces": {
        "down":  { "uv": [ 0.001, 0.001, 3.999, 0.499 ], "texture": "#2" },
        "up":    { "uv": [ 0.001, 0.001, 3.999, 0.499 ], "texture": "#2" },
        "north": { "uv": [ 0.001, 0.001, 3.999, 0.499 ], "texture": "#2" },
        "south": { "uv": [ 0.001, 0.001, 3.999, 0.499 ], "texture": "#2" },
        "west":  { "uv": [ 0.001, 0.001, 0.499, 0.499 ], "texture": "#2" },
        "east":  { "uv": [ 0.001, 0.001, 0.499, 0.499 ], "texture": "#2" }
    }
}
],
"display": {
    "thirdperson_righthand": {
        "rotation": [ 61, 92, -1 ],
        "translation": [ 1.51, 0.38, 2.46 ],
        "scale": [ 1, 1, 1 ]
    },
    "thirdperson_lefthand": {
        "rotation": [ 61, 92, -1 ],
        "translation": [ 1.51, 0.38, 2.46 ],
        "scale": [ 1, 1, 1 ]
    },
    "head": {
        "rotation": [ 0, 180, 0 ],
        "translation": [ 0, -30.5, 0 ],
        "scale": [ 1.8, 1.8, 1.8 ]
    },
    "ground": {
        "rotation": [ 0, -72, 0 ],
        "translation": [ 0, 2, 0 ],
        "scale": [ 0.5, 0.5, 0.5 ]
    },
    "fixed": {
        "rotation": [ 0, 180, 0 ],
        "translation": [ 0, 0, 0 ],
        "scale": [ 1.3, 1.3, 1.3 ]
    },
    "firstperson_righthand": {
        "rotation": [ -6, -68, -9 ],
        "translation": [ 0.94, 7.97, 0.38 ],
        "scale": [ 1, 1, 1 ]
    },
    "firstperson_lefthand": {
        "rotation": [ -6, -68, -9 ],
        "translation": [ 0.94, 7.97, 0.38 ],
        "scale": [ 1, 1, 1 ]
    },
    "gui": {
        "rotation": [ 35, 35, 0 ],
        "translation": [ 0, 7.60, 1 ],
        "scale": [ 1.8, 1.8, 1.8 ]
    }
}
}