{
	"parent": "item/handheld",
	"textures": {
		"layer0": "items/wooden_hoe"
},
"overrides": [
{ "predicate": {"damaged": 0, "damage": 0}, "model": "item/wooden_hoe"},
{ "predicate": {"damaged": 0, "damage": 0.016666666666666666}, "model": "item/packs/small_wooden_pack"},
{ "predicate": {"damaged": 0, "damage": 0.03333333333333333}, "model": "item/packs/small_standard_pack"},
{ "predicate": {"damaged": 0, "damage": 0.05}, "model": "item/packs/small_kitchen_pack"},
{ "predicate": {"damaged": 0, "damage": 0.06666666666666667}, "model": "item/packs/small_prop_pack"},
{ "predicate": {"damaged": 0, "damage": 0.08333333333333333}, "model": "item/packs/medium_wooden_pack"},
{ "predicate": {"damaged": 0, "damage": 0.1}, "model": "item/packs/medium_standard_pack"},
{ "predicate": {"damaged": 0, "damage": 0.11666666666666667}, "model": "item/packs/medium_kitchen_pack"},
{ "predicate": {"damaged": 0, "damage": 0.13333333333333333}, "model": "item/packs/large_wooden_pack"},
{ "predicate": {"damaged": 0, "damage": 0.15}, "model": "item/packs/large_standard_pack"},
{ "predicate": {"damaged": 0, "damage": 0.16666666666666666}, "model": "item/packs/large_kitchen_pack"},
{ "predicate": {"damaged": 0, "damage": 0.18333333333333332}, "model": "item/packs/large_prop_pack"},
{ "predicate": {"damaged": 0, "damage": 0.2}, "model": "item/wood_hoe11"},
{ "predicate": {"damaged": 0, "damage": 0.21666666666666667}, "model": "item/wood_hoe12"},
{ "predicate": {"damaged": 0, "damage": 0.23333333333333334}, "model": "item/wood_hoe13"},
{ "predicate": {"damaged": 0, "damage": 0.25}, "model": "item/wood_hoe14"},
{ "predicate": {"damaged": 0, "damage": 0.26666666666666666}, "model": "item/wood_hoe15"},
{ "predicate": {"damaged": 0, "damage": 0.2833333333333333}, "model": "item/wood_hoe16"},
{ "predicate": {"damaged": 0, "damage": 0.3}, "model": "item/wood_hoe17"},
{ "predicate": {"damaged": 0, "damage": 0.31666666666666665}, "model": "item/wood_hoe18"},
{ "predicate": {"damaged": 0, "damage": 0.3333333333333333}, "model": "item/wood_hoe19"},
{ "predicate": {"damaged": 0, "damage": 0.35}, "model": "item/wood_hoe20"},
{ "predicate": {"damaged": 0, "damage": 0.36666666666666664}, "model": "item/wood_hoe21"},
{ "predicate": {"damaged": 0, "damage": 0.3833333333333333}, "model": "item/wood_hoe22"},
{ "predicate": {"damaged": 0, "damage": 0.4}, "model": "item/wood_hoe23"},
{ "predicate": {"damaged": 0, "damage": 0.4166666666666667}, "model": "item/wood_hoe24"},
{ "predicate": {"damaged": 0, "damage": 0.43333333333333335}, "model": "item/wood_hoe25"},
{ "predicate": {"damaged": 0, "damage": 0.45}, "model": "item/wood_hoe26"},
{ "predicate": {"damaged": 0, "damage": 0.4666666666666667}, "model": "item/wood_hoe27"},
{ "predicate": {"damaged": 0, "damage": 0.48333333333333334}, "model": "item/wood_hoe28"},
{ "predicate": {"damaged": 0, "damage": 0.5}, "model": "item/wood_hoe29"},
{ "predicate": {"damaged": 0, "damage": 0.5166666666666666}, "model": "item/wood_hoe30"},
{ "predicate": {"damaged": 0, "damage": 0.5333333333333333}, "model": "item/wood_hoe31"},
{ "predicate": {"damaged": 0, "damage": 0.55}, "model": "item/wood_hoe32"},
{ "predicate": {"damaged": 0, "damage": 0.5666666666666667}, "model": "item/wood_hoe33"},
{ "predicate": {"damaged": 0, "damage": 0.5833333333333334}, "model": "item/wood_hoe34"},
{ "predicate": {"damaged": 0, "damage": 0.6}, "model": "item/wood_hoe35"},
{ "predicate": {"damaged": 0, "damage": 0.6166666666666667}, "model": "item/wood_hoe36"},
{ "predicate": {"damaged": 0, "damage": 0.6333333333333333}, "model": "item/wood_hoe37"},
{ "predicate": {"damaged": 0, "damage": 0.65}, "model": "item/wood_hoe38"},
{ "predicate": {"damaged": 0, "damage": 0.6666666666666666}, "model": "item/wood_hoe39"},
{ "predicate": {"damaged": 0, "damage": 0.6833333333333333}, "model": "item/wood_hoe40"},
{ "predicate": {"damaged": 0, "damage": 0.7}, "model": "item/wood_hoe41"},
{ "predicate": {"damaged": 0, "damage": 0.7166666666666667}, "model": "item/wood_hoe42"},
{ "predicate": {"damaged": 0, "damage": 0.7333333333333333}, "model": "item/wood_hoe43"},
{ "predicate": {"damaged": 0, "damage": 0.75}, "model": "item/wood_hoe44"},
{ "predicate": {"damaged": 0, "damage": 0.7666666666666666}, "model": "item/wood_hoe45"},
{ "predicate": {"damaged": 0, "damage": 0.7833333333333333}, "model": "item/wood_hoe46"},
{ "predicate": {"damaged": 0, "damage": 0.8}, "model": "item/wood_hoe47"},
{ "predicate": {"damaged": 0, "damage": 0.8166666666666667}, "model": "item/wood_hoe48"},
{ "predicate": {"damaged": 0, "damage": 0.8333333333333334}, "model": "item/wood_hoe49"},
{ "predicate": {"damaged": 0, "damage": 0.85}, "model": "item/wood_hoe50"},
{ "predicate": {"damaged": 0, "damage": 0.8666666666666667}, "model": "item/wood_hoe51"},
{ "predicate": {"damaged": 0, "damage": 0.8833333333333333}, "model": "item/wood_hoe52"},
{ "predicate": {"damaged": 0, "damage": 0.9}, "model": "item/wood_hoe53"},
{ "predicate": {"damaged": 0, "damage": 0.9166666666666666}, "model": "item/wood_hoe54"},
{ "predicate": {"damaged": 0, "damage": 0.9333333333333333}, "model": "item/wood_hoe55"},
{ "predicate": {"damaged": 0, "damage": 0.95}, "model": "item/wood_hoe56"},
{ "predicate": {"damaged": 0, "damage": 0.9666666666666667}, "model": "item/wood_hoe57"},
{ "predicate": {"damaged": 1, "damage": 0.9833333333333333}, "model": "item/wood_hoe58"}
]
}