{
	"credit": "Made with Blockbench",
	"textures": {
		"2": "blocks/concrete_powder_pink",
		"3": "blocks/concrete_powder_brown",
		"particle": "entity/rabbit/brown"
	},
	"elements": [
		{
			"from": [13, 12.5, 1.5],
			"to": [14, 16.5, 2.5],
			"rotation": {"angle": 0, "axis": "y", "origin": [21, 20, 8]},
			"faces": {
				"north": {"uv": [6.5, 5.25, 7.5, 7.25], "texture": "#3"},
				"east": {"uv": [6.5, 5.25, 7.5, 7.25], "texture": "#3"},
				"south": {"uv": [6.5, 5.25, 7.5, 7.25], "texture": "#3"},
				"west": {"uv": [6.5, 5.25, 7.5, 7.25], "texture": "#3"},
				"up": {"uv": [6.5, 5.25, 7.5, 7.25], "texture": "#3"},
				"down": {"uv": [6.5, 5.25, 7.5, 7.25], "texture": "#3"}
			}
		},
		{
			"from": [11, 12.5, 1.5],
			"to": [12, 16.5, 2.5],
			"rotation": {"angle": 0, "axis": "y", "origin": [19, 20, 8]},
			"faces": {
				"north": {"uv": [6.5, 5.25, 7.5, 7.25], "texture": "#3"},
				"east": {"uv": [6.5, 5.25, 7.5, 7.25], "texture": "#3"},
				"south": {"uv": [6.5, 5.25, 7.5, 7.25], "texture": "#3"},
				"west": {"uv": [6.5, 5.25, 7.5, 7.25], "texture": "#3"},
				"up": {"uv": [6.5, 5.25, 7.5, 7.25], "texture": "#3"},
				"down": {"uv": [6.5, 5.25, 7.5, 7.25], "texture": "#3"}
			}
		},
		{
			"from": [4, 12.5, 1.5],
			"to": [5, 16.5, 2.5],
			"rotation": {"angle": 0, "axis": "y", "origin": [12, 20, 8]},
			"faces": {
				"north": {"uv": [6.5, 5.25, 7.5, 7.25], "texture": "#3"},
				"east": {"uv": [6.5, 5.25, 7.5, 7.25], "texture": "#3"},
				"south": {"uv": [6.5, 5.25, 7.5, 7.25], "texture": "#3"},
				"west": {"uv": [6.5, 5.25, 7.5, 7.25], "texture": "#3"},
				"up": {"uv": [6.5, 5.25, 7.5, 7.25], "texture": "#3"},
				"down": {"uv": [6.5, 5.25, 7.5, 7.25], "texture": "#3"}
			}
		},
		{
			"from": [2, 12.5, 1.5],
			"to": [3, 16.5, 2.5],
			"rotation": {"angle": 0, "axis": "y", "origin": [10, 20, 8]},
			"faces": {
				"north": {"uv": [6.5, 5.25, 7.5, 7.25], "texture": "#3"},
				"east": {"uv": [6.5, 5.25, 7.5, 7.25], "texture": "#3"},
				"south": {"uv": [6.5, 5.25, 7.5, 7.25], "texture": "#3"},
				"west": {"uv": [6.5, 5.25, 7.5, 7.25], "texture": "#3"},
				"up": {"uv": [6.5, 5.25, 7.5, 7.25], "texture": "#3"},
				"down": {"uv": [6.5, 5.25, 7.5, 7.25], "texture": "#3"}
			}
		},
		{
			"from": [12, 12.5, 1.5],
			"to": [13, 16.5, 2.5],
			"rotation": {"angle": 0, "axis": "y", "origin": [20, 20, 9]},
			"faces": {
				"north": {"uv": [7, 3, 8.25, 5.5], "texture": "#2"},
				"east": {"uv": [6.5, 5.25, 7.5, 7.25], "texture": "#3"},
				"south": {"uv": [6.5, 5.25, 7.5, 7.25], "texture": "#3"},
				"west": {"uv": [6.5, 5.25, 7.5, 7.25], "texture": "#3"},
				"up": {"uv": [6.5, 5.25, 7.5, 7.25], "texture": "#3"},
				"down": {"uv": [1, 0, 7, 7], "texture": "#3"}
			}
		},
		{
			"from": [3, 12.5, 1.5],
			"to": [4, 16.5, 2.5],
			"rotation": {"angle": 0, "axis": "y", "origin": [11, 20, 9]},
			"faces": {
				"north": {"uv": [7, 3, 8.25, 5.5], "texture": "#2"},
				"east": {"uv": [6.5, 5.25, 7.5, 7.25], "texture": "#3"},
				"south": {"uv": [6.5, 5.25, 7.5, 7.25], "texture": "#3"},
				"west": {"uv": [6.5, 5.25, 7.5, 7.25], "texture": "#3"},
				"up": {"uv": [6.5, 5.25, 7.5, 7.25], "texture": "#3"},
				"down": {"uv": [1, 0, 7, 7], "texture": "#3"}
			}
		},
		{
			"from": [3, 16.5, 1.5],
			"to": [4, 17.5, 2.5],
			"rotation": {"angle": 0, "axis": "y", "origin": [11, 24, 8]},
			"faces": {
				"north": {"uv": [8.25, 2.5, 9.25, 4.5], "texture": "#3"},
				"east": {"uv": [8.25, 2.5, 9.25, 4.5], "texture": "#3"},
				"south": {"uv": [8.25, 2.5, 9.25, 4.5], "texture": "#3"},
				"west": {"uv": [8.25, 2.5, 9.25, 4.5], "texture": "#3"},
				"up": {"uv": [8.25, 2.5, 9.25, 4.5], "texture": "#3"},
				"down": {"uv": [8.25, 2.5, 9.25, 4.5], "texture": "#3"}
			}
		},
		{
			"from": [12, 16.5, 1.5],
			"to": [13, 17.5, 2.5],
			"rotation": {"angle": 0, "axis": "y", "origin": [20, 24, 8]},
			"faces": {
				"north": {"uv": [8.25, 2.5, 9.25, 4.5], "texture": "#3"},
				"east": {"uv": [8.25, 2.5, 9.25, 4.5], "texture": "#3"},
				"south": {"uv": [8.25, 2.5, 9.25, 4.5], "texture": "#3"},
				"west": {"uv": [8.25, 2.5, 9.25, 4.5], "texture": "#3"},
				"up": {"uv": [8.25, 2.5, 9.25, 4.5], "texture": "#3"},
				"down": {"uv": [8.25, 2.5, 9.25, 4.5], "texture": "#3"}
			}
		}
	]
}