{
"__comment": "Designed by Mickyp123",
"textures": {
    "particle": "blocks/obsidian",
    "texture": "blocks/furniture/piano_black",
    "gray 2": "blocks/furniture/light02",
    "white": "blocks/glowstone",
    "ender_pearl": "items/ender_pearl",
    "bed02": "blocks/furniture/bed02"
},
"elements": [ 
{
    "from": [ 7.75, 0, 5 ],
    "to": [ 10.75, 4, 11.5 ],
    "faces": {
        "down":  { "uv": [ 7.75, 5, 10.75, 11.5 ], "texture": "#texture" },
        "up":    { "uv": [ 7.75, 5, 10.75, 11.5 ], "texture": "#texture" },
        "north": { "uv": [ 7.75, 12, 10.75, 16 ], "texture": "#texture" },
        "south": { "uv": [ 7.75, 12, 10.75, 16 ], "texture": "#texture" },
        "west":  { "uv": [ 5, 12, 11.5, 16 ], "texture": "#texture" },
        "east":  { "uv": [ 5, 12, 11.5, 16 ], "texture": "#texture" }
    }
},
{
    "from": [ 8, 4, 7.5 ],
    "to": [ 9.5, 5, 9 ],
    "faces": {
        "down":  { "uv": [ 8, 7.5, 9.5, 9 ], "texture": "#gray 2" },
        "up":    { "uv": [ 8, 7.5, 9.5, 9 ], "texture": "#gray 2" },
        "north": { "uv": [ 8, 11, 9.5, 12 ], "texture": "#gray 2" },
        "south": { "uv": [ 8, 11, 9.5, 12 ], "texture": "#gray 2" },
        "west":  { "uv": [ 6.5, 7, 8, 8 ], "texture": "#white" },
        "east":  { "uv": [ 7.5, 11, 9, 12 ], "texture": "#gray 2" }
    }
},
{
    "from": [ 6.74, 1.415, 8.26812 ],
    "to": [ 8.74, 2.625, 9.17563 ],
    "faces": {
        "down":  { "uv": [ 12.5, 10, 11.5, 7 ], "texture": "#texture" },
        "up":    { "uv": [ 3.5, 7, 4.5, 10 ], "texture": "#texture" },
        "north": { "uv": [ 11.5, 3, 12.5, 5 ], "texture": "#texture" },
        "south": { "uv": [ 3.5, 3, 4.5, 5 ], "texture": "#texture" },
        "west":  { "uv": [ 7, 3, 10, 5 ], "texture": "#texture" },
        "east":  { "uv": [ 6, 3, 9, 5 ], "texture": "#texture" }
    }
},
{
    "from": [ 7.1875, 2.8125, 5.75 ],
    "to": [ 8.0625, 3.8125, 6.6875 ],
    "rotation": { "origin": [ 7.1875, 3.8125, 5.75 ], "axis": "z", "angle": 22.5 },
    "faces": {
        "down":  { "uv": [ 6.9375, 5.5, 7.9375, 7 ], "texture": "#bed02" },
        "up":    { "uv": [ 6.9375, 5.5, 7.9375, 7 ], "texture": "#bed02" },
        "north": { "uv": [ 6.9375, 11.8125, 7.9375, 12.8125 ], "texture": "#bed02" },
        "south": { "uv": [ 6.9375, 11.8125, 7.9375, 12.8125 ], "texture": "#bed02" },
        "west":  { "uv": [ 5.5, 11.8125, 7, 12.8125 ], "texture": "#bed02" },
        "east":  { "uv": [ 5.5, 11.8125, 7, 12.8125 ], "texture": "#bed02" }
    }
},
{
    "from": [ 6, 0.5, 5 ],
    "to": [ 7.75, 3, 7.375 ],
    "faces": {
        "down":  { "uv": [ 6, 5, 7.75, 7.375 ], "texture": "#gray 2" },
        "up":    { "uv": [ 6, 5, 7.75, 7.375 ], "texture": "#gray 2" },
        "north": { "uv": [ 6, 13, 7.75, 15.5 ], "texture": "#gray 2" },
        "south": { "uv": [ 6, 13, 7.75, 15.5 ], "texture": "#gray 2" },
        "west":  { "uv": [ 5, 13, 7.375, 15.5 ], "texture": "#gray 2" },
        "east":  { "uv": [ 5, 13, 7.375, 15.5 ], "texture": "#gray 2" }
    }
},
{
    "from": [ 8.5, 4, 10 ],
    "to": [ 9.5, 4.5, 11 ],
    "faces": {
        "down":  { "uv": [ 12, 11.5, 11, 10.5 ], "texture": "#gray 2" },
        "up":    { "uv": [ 4, 10.5, 5, 11.5 ], "texture": "#gray 2" },
        "north": { "uv": [ 11, 1.5, 12, 2 ], "texture": "#gray 2" },
        "south": { "uv": [ 4, 1.5, 5, 2 ], "texture": "#gray 2" },
        "west":  { "uv": [ 10.5, 1.5, 11.5, 2 ], "texture": "#gray 2" },
        "east":  { "uv": [ 4.5, 1.5, 5.5, 2 ], "texture": "#gray 2" }
    }
},
{
    "from": [ 7.5, 2, 7.5 ],
    "to": [ 8, 3, 8 ],
    "faces": {
        "down":  { "uv": [ 12.5, 6, 12, 5.5 ], "texture": "#gray 2" },
        "up":    { "uv": [ 3.5, 5.5, 4, 6 ], "texture": "#gray 2" },
        "north": { "uv": [ 12, 4.5, 12.5, 5.5 ], "texture": "#gray 2" },
        "south": { "uv": [ 3.5, 4.5, 4, 5.5 ], "texture": "#gray 2" },
        "west":  { "uv": [ 5.5, 4.5, 6, 5.5 ], "texture": "#gray 2" },
        "east":  { "uv": [ 10, 4.5, 10.5, 5.5 ], "texture": "#gray 2" }
    }
},
{
    "from": [ 8.5625, 4, 5.375 ],
    "to": [ 9.5625, 4.5, 6.375 ],
    "faces": {
        "down":  { "uv": [ 12, 4, 11, 3 ], "texture": "#texture" },
        "up":    { "uv": [ 4, 3, 5, 4 ], "texture": "#texture" },
        "north": { "uv": [ 11, 1.5, 12, 2 ], "texture": "#texture" },
        "south": { "uv": [ 4, 1.5, 5, 2 ], "texture": "#texture" },
        "west":  { "uv": [ 3, 1.5, 4, 2 ], "texture": "#texture" },
        "east":  { "uv": [ 12, 1.5, 13, 2 ], "texture": "#texture" }
    }
},
{
    "from": [ 8.5, 4, 6.6875 ],
    "to": [ 9.5, 4.5, 7.1875 ],
    "faces": {
        "down":  { "uv": [ 12, 5, 11, 4.5 ], "texture": "#texture" },
        "up":    { "uv": [ 4, 4.5, 5, 5 ], "texture": "#texture" },
        "north": { "uv": [ 11, 1.5, 12, 2 ], "texture": "#texture" },
        "south": { "uv": [ 4, 1.5, 5, 2 ], "texture": "#texture" },
        "west":  { "uv": [ 4.5, 1.5, 5, 2 ], "texture": "#texture" },
        "east":  { "uv": [ 11, 1.5, 11.5, 2 ], "texture": "#texture" }
    }
},
{
    "from": [ 6.74, 1.415, 10.2344 ],
    "to": [ 8.74, 2.625, 11.1419 ],
    "faces": {
        "down":  { "uv": [ 5.6875, 10.1875, 7.6875, 11.0625 ], "texture": "#texture" },
        "up":    { "uv": [ 5.6875, 10.1875, 7.6875, 11.0625 ], "texture": "#texture" },
        "north": { "uv": [ 5.6875, 13.375, 7.6875, 14.5625 ], "texture": "#texture" },
        "south": { "uv": [ 5.6875, 13.375, 7.6875, 14.5625 ], "texture": "#texture" },
        "west":  { "uv": [ 10.1875, 13.375, 11.0625, 14.5625 ], "texture": "#texture" },
        "east":  { "uv": [ 10.1875, 13.375, 11.0625, 14.5625 ], "texture": "#texture" }
    }
},
{
    "from": [ 6.74, 2.54938, 9.1 ],
    "to": [ 8.74, 3.45688, 10.31 ],
    "faces": {
        "down":  { "uv": [ 5.6875, 9.0625, 7.6875, 10.25 ], "texture": "#texture" },
        "up":    { "uv": [ 5.6875, 9.0625, 7.6875, 10.25 ], "texture": "#texture" },
        "north": { "uv": [ 5.6875, 12.5, 7.6875, 13.375 ], "texture": "#texture" },
        "south": { "uv": [ 5.6875, 12.5, 7.6875, 13.375 ], "texture": "#texture" },
        "west":  { "uv": [ 9.0625, 12.5, 10.25, 13.375 ], "texture": "#texture" },
        "east":  { "uv": [ 9.0625, 12.5, 10.25, 13.375 ], "texture": "#texture" }
    }
},
{
    "from": [ 6.74, 0.885625, 9.1 ],
    "to": [ 8.74, 1.79313, 10.31 ],
    "faces": {
        "down":  { "uv": [ 5.6875, 9.0625, 7.6875, 10.25 ], "texture": "#texture" },
        "up":    { "uv": [ 5.6875, 9.0625, 7.6875, 10.25 ], "texture": "#texture" },
        "north": { "uv": [ 5.6875, 14.1875, 7.6875, 15.0625 ], "texture": "#texture" },
        "south": { "uv": [ 5.6875, 14.1875, 7.6875, 15.0625 ], "texture": "#texture" },
        "west":  { "uv": [ 9.0625, 14.1875, 10.25, 15.0625 ], "texture": "#texture" },
        "east":  { "uv": [ 9.0625, 14.1875, 10.25, 15.0625 ], "texture": "#texture" }
    }
},
{
    "from": [ 6.8125, 1.02, 10.25 ],
    "to": [ 8.8125, 1.625, 10.855 ],
    "faces": {
        "down":  { "uv": [ 5.75, 10.25, 7.75, 10.8125 ], "texture": "#texture" },
        "up":    { "uv": [ 5.75, 10.25, 7.75, 10.8125 ], "texture": "#texture" },
        "north": { "uv": [ 5.75, 14.625, 7.75, 15.1875 ], "texture": "#texture" },
        "south": { "uv": [ 5.75, 14.625, 7.75, 15.1875 ], "texture": "#texture" },
        "west":  { "uv": [ 10.25, 14.625, 10.8125, 15.1875 ], "texture": "#texture" },
        "east":  { "uv": [ 10.25, 14.625, 10.8125, 15.1875 ], "texture": "#texture" }
    }
},
{
    "from": [ 6.74, 2.625, 10.31 ],
    "to": [ 8.74, 3.23, 10.915 ],
    "faces": {
        "down":  { "uv": [ 5.6875, 10.25, 7.6875, 10.8125 ], "texture": "#texture" },
        "up":    { "uv": [ 5.6875, 10.25, 7.6875, 10.8125 ], "texture": "#texture" },
        "north": { "uv": [ 5.6875, 12.75, 7.6875, 13.3125 ], "texture": "#texture" },
        "south": { "uv": [ 5.6875, 12.75, 7.6875, 13.3125 ], "texture": "#texture" },
        "west":  { "uv": [ 10.25, 12.75, 10.8125, 13.3125 ], "texture": "#texture" },
        "east":  { "uv": [ 10.25, 12.75, 10.8125, 13.3125 ], "texture": "#texture" }
    }
},
{
    "from": [ 6.74, 2.625, 8.495 ],
    "to": [ 8.74, 3.23, 9.1 ],
    "faces": {
        "down":  { "uv": [ 12.5, 10, 11.5, 7 ], "texture": "#texture" },
        "up":    { "uv": [ 3.5, 7, 4.5, 10 ], "texture": "#texture" },
        "north": { "uv": [ 11.5, 3, 12.5, 5 ], "texture": "#texture" },
        "south": { "uv": [ 3.5, 3, 4.5, 5 ], "texture": "#texture" },
        "west":  { "uv": [ 7, 3, 10, 5 ], "texture": "#texture" },
        "east":  { "uv": [ 6, 3, 9, 5 ], "texture": "#texture" }
    }
},
{
    "from": [ 6.74, 0.81, 8.495 ],
    "to": [ 8.74, 1.415, 9.1 ],
    "faces": {
        "down":  { "uv": [ 12.5, 10, 11.5, 7 ], "texture": "#texture" },
        "up":    { "uv": [ 3.5, 7, 4.5, 10 ], "texture": "#texture" },
        "north": { "uv": [ 11.5, 3, 12.5, 5 ], "texture": "#texture" },
        "south": { "uv": [ 3.5, 3, 4.5, 5 ], "texture": "#texture" },
        "west":  { "uv": [ 7, 3, 10, 5 ], "texture": "#texture" },
        "east":  { "uv": [ 6, 3, 9, 5 ], "texture": "#texture" }
    }
},
{
    "from": [ 7.5, 0.5, 7.5 ],
    "to": [ 8, 1.5, 8 ],
    "faces": {
        "down":  { "uv": [ 12.5, 6, 12, 5.5 ], "texture": "#gray 2" },
        "up":    { "uv": [ 3.5, 5.5, 4, 6 ], "texture": "#gray 2" },
        "north": { "uv": [ 12, 4.5, 12.5, 5.5 ], "texture": "#gray 2" },
        "south": { "uv": [ 3.5, 4.5, 4, 5.5 ], "texture": "#gray 2" },
        "west":  { "uv": [ 5.5, 4.5, 6, 5.5 ], "texture": "#gray 2" },
        "east":  { "uv": [ 10, 4.5, 10.5, 5.5 ], "texture": "#gray 2" }
    }
},
{
    "from": [ 6.0625, 2.0625, 5.0625 ],
    "to": [ 8.125, 3.0625, 7.3125 ],
    "rotation": { "origin": [ 6.0625, 3.0625, 5.0625 ], "axis": "z", "angle": 22.5 },
    "faces": {
        "down":  { "uv": [ 6.0625, 5.0625, 8.125, 7.3125 ], "texture": "#gray 2" },
        "up":    { "uv": [ 6.0625, 5.0625, 8.125, 7.3125 ], "texture": "#gray 2" },
        "north": { "uv": [ 6.0625, 12.9375, 8.125, 13.9375 ], "texture": "#gray 2" },
        "south": { "uv": [ 6.0625, 12.9375, 8.125, 13.9375 ], "texture": "#gray 2" },
        "west":  { "uv": [ 5.0625, 12.9375, 7.3125, 13.9375 ], "texture": "#gray 2" },
        "east":  { "uv": [ 5.0625, 12.9375, 7.3125, 13.9375 ], "texture": "#gray 2" }
    }
},
{
    "from": [ 5.5, 1.625, 8.75 ],
    "to": [ 9, 2.625, 9.25 ],
    "faces": {
        "down":  { "uv": [ 4.5, 8.5625, 8, 9.3125 ], "texture": "#texture" },
        "up":    { "uv": [ 4.5, 8.5625, 8, 9.3125 ], "texture": "#texture" },
        "north": { "uv": [ 4.5, 13.5, 8, 14.5 ], "texture": "#texture" },
        "south": { "uv": [ 4.5, 13.5, 8, 14.5 ], "texture": "#texture" },
        "west":  { "uv": [ 8.5625, 13.5, 9.3125, 14.5 ], "texture": "#texture" },
        "east":  { "uv": [ 8.5625, 13.5, 9.3125, 14.5 ], "texture": "#texture" }
    }
},
{
    "from": [ 5.5, 1.75, 10.25 ],
    "to": [ 8.75, 2.75, 10.75 ],
    "faces": {
        "down":  { "uv": [ 4.5, 10.1875, 7.75, 10.9375 ], "texture": "#texture" },
        "up":    { "uv": [ 4.5, 10.1875, 7.75, 10.9375 ], "texture": "#texture" },
        "north": { "uv": [ 4.5, 13.5, 7.75, 14.5 ], "texture": "#texture" },
        "south": { "uv": [ 4.5, 13.5, 7.75, 14.5 ], "texture": "#texture" },
        "west":  { "uv": [ 10.1875, 13.5, 10.9375, 14.5 ], "texture": "#texture" },
        "east":  { "uv": [ 10.1875, 13.5, 10.9375, 14.5 ], "texture": "#texture" }
    }
},
{
    "from": [ 5.5, 2.6875, 9.3 ],
    "to": [ 8.75, 3.1875, 10.3 ],
    "faces": {
        "down":  { "uv": [ 4.5, 9.25, 7.75, 10.25 ], "texture": "#texture" },
        "up":    { "uv": [ 4.5, 9.25, 7.75, 10.25 ], "texture": "#texture" },
        "north": { "uv": [ 4.5, 12.8125, 7.75, 13.5625 ], "texture": "#texture" },
        "south": { "uv": [ 4.5, 12.8125, 7.75, 13.5625 ], "texture": "#texture" },
        "west":  { "uv": [ 9.25, 12.8125, 10.25, 13.5625 ], "texture": "#texture" },
        "east":  { "uv": [ 9.25, 12.8125, 10.25, 13.5625 ], "texture": "#texture" }
    }
},
{
    "from": [ 5.5, 1, 9.25 ],
    "to": [ 9, 1.5, 10.25 ],
    "faces": {
        "down":  { "uv": [ 12.5, 10, 11.5, 7 ], "texture": "#texture" },
        "up":    { "uv": [ 3.5, 7, 4.5, 10 ], "texture": "#texture" },
        "north": { "uv": [ 11.5, 3, 12.5, 5 ], "texture": "#texture" },
        "south": { "uv": [ 3.5, 3, 4.5, 5 ], "texture": "#texture" },
        "west":  { "uv": [ 7, 3, 10, 5 ], "texture": "#texture" },
        "east":  { "uv": [ 6, 3, 9, 5 ], "texture": "#texture" }
    }
},
{
    "from": [ 5.5, 1.25, 10.0625 ],
    "to": [ 9, 1.75, 10.5625 ],
    "faces": {
        "down":  { "uv": [ 4.5, 10.25, 8, 10.75 ], "texture": "#texture" },
        "up":    { "uv": [ 4.5, 10.25, 8, 10.75 ], "texture": "#texture" },
        "north": { "uv": [ 4.5, 14.5, 8, 15 ], "texture": "#texture" },
        "south": { "uv": [ 4.5, 14.5, 8, 15 ], "texture": "#texture" },
        "west":  { "uv": [ 10.25, 14.5, 10.75, 15 ], "texture": "#texture" },
        "east":  { "uv": [ 10.25, 14.5, 10.75, 15 ], "texture": "#texture" }
    }
},
{
    "from": [ 5.5, 2.375, 10.125 ],
    "to": [ 8.75, 2.875, 10.625 ],
    "faces": {
        "down":  { "uv": [ 4.5, 10.25, 7.75, 10.75 ], "texture": "#texture" },
        "up":    { "uv": [ 4.5, 10.25, 7.75, 10.75 ], "texture": "#texture" },
        "north": { "uv": [ 4.5, 13, 7.75, 13.5 ], "texture": "#texture" },
        "south": { "uv": [ 4.5, 13, 7.75, 13.5 ], "texture": "#texture" },
        "west":  { "uv": [ 10.25, 13, 10.75, 13.5 ], "texture": "#texture" },
        "east":  { "uv": [ 10.25, 13, 10.75, 13.5 ], "texture": "#texture" }
    }
},
{
    "from": [ 5.5, 2.4375, 8.9375 ],
    "to": [ 8.75, 2.9375, 9.4375 ],
    "faces": {
        "down":  { "uv": [ 4.5, 8.75, 7.75, 9.25 ], "texture": "#texture" },
        "up":    { "uv": [ 4.5, 8.75, 7.75, 9.25 ], "texture": "#texture" },
        "north": { "uv": [ 4.5, 13, 7.75, 13.5 ], "texture": "#texture" },
        "south": { "uv": [ 4.5, 13, 7.75, 13.5 ], "texture": "#texture" },
        "west":  { "uv": [ 8.75, 13, 9.25, 13.5 ], "texture": "#texture" },
        "east":  { "uv": [ 8.75, 13, 9.25, 13.5 ], "texture": "#texture" }
    }
},
{
    "from": [ 5.5, 1.25, 8.9375 ],
    "to": [ 9, 1.75, 9.4375 ],
    "faces": {
        "down":  { "uv": [ 4.5, 8.75, 8, 9.25 ], "texture": "#texture" },
        "up":    { "uv": [ 4.5, 8.75, 8, 9.25 ], "texture": "#texture" },
        "north": { "uv": [ 4.5, 14.5, 8, 15 ], "texture": "#texture" },
        "south": { "uv": [ 4.5, 14.5, 8, 15 ], "texture": "#texture" },
        "west":  { "uv": [ 8.75, 14.5, 9.25, 15 ], "texture": "#texture" },
        "east":  { "uv": [ 8.75, 14.5, 9.25, 15 ], "texture": "#texture" }
    }
},
{
    "from": [ 10.5, 1, 7.5 ],
    "to": [ 11, 3, 11 ],
    "faces": {
        "down":  { "uv": [ 10.5, 7.5, 11, 11 ], "texture": "#texture" },
        "up":    { "uv": [ 10.5, 7.5, 11, 11 ], "texture": "#texture" },
        "north": { "uv": [ 10.5, 13, 11, 15 ], "texture": "#texture" },
        "south": { "uv": [ 10.5, 13, 11, 15 ], "texture": "#texture" },
        "west":  { "uv": [ 4, 7.5, 7.5, 9.5 ], "texture": "#white" },
        "east":  { "uv": [ 4, 7.5, 7.5, 9.5 ], "texture": "#white" }
    }
},
{
    "from": [ 5.5625, 1.125, 8.875 ],
    "to": [ 5.625, 2.9375, 10.625 ],
    "faces": {
        "west":  { "uv": [ 2.5, 2.5, 13.5, 14 ], "texture": "#ender_pearl" },
        "east":  { "uv": [ 2.5, 2.5, 13.5, 14 ], "texture": "#ender_pearl" }
    }
}
],
"display": {
    "thirdperson_righthand": {
        "rotation": [ 0, -43, 0 ],
        "translation": [ 0, 0, 0 ],
        "scale": [ 0.5, 0.5, 0.5 ]
    },
    "thirdperson_lefthand": {
        "rotation": [ 0, -43, 0 ],
        "translation": [ 0, 0, 0 ],
        "scale": [ 0.5, 0.5, 0.5 ]
    },
    "head": {
        "rotation": [ 0, -90, 0 ],
        "translation": [ 0, -30.5, 0 ],
        "scale": [ 1.6, 1.6, 1.6 ]
    },
    "ground": {
        "rotation": [ 0, 0, 0 ],
        "translation": [ 0, 2, 0 ],
        "scale": [ 0.5, 0.5, 0.5 ]
    },
    "fixed": {
        "rotation": [ 0, 180, 0 ],
        "translation": [ 0, 0, -3.4 ],
        "scale": [ 0.5, 0.5, 0.5 ]
    },
    "firstperson_righthand": {
        "rotation": [ 0, -64, 0 ],
        "translation": [ 0, 0, 0 ],
        "scale": [ 0.5, 0.5, 0.5 ]
    },
    "firstperson_lefthand": {
        "rotation": [ 0, -64, 0 ],
        "translation": [ 0, 0, 0 ],
        "scale": [ 0.5, 0.5, 0.5 ]
    },
    "gui": {
        "rotation": [ 35, 35, 0 ],
        "translation": [ 0, 0, 0 ],
        "scale": [ 0.62, 0.62, 0.62 ]
    }
}
}