{
"__comment": "Designed by Tomshalev01",
"textures": {
    "0": "blocks/obsidian",
    "1": "blocks/iron_block"
},
"elements": [ 
{
    "from": [ 2, 0, 5 ],
    "to": [ 4, 6, 11 ],
    "faces": {
        "down":  { "uv": [ 0.001, 0.001, 1.999, 5.999 ], "texture": "#0" },
        "up":    { "uv": [ 0.001, 0.001, 1.999, 5.999 ], "texture": "#0" },
        "north": { "uv": [ 0.001, 0.001, 1.999, 5.999 ], "texture": "#0" },
        "south": { "uv": [ 0.001, 0.001, 1.999, 5.999 ], "texture": "#0" },
        "west":  { "uv": [ 0.001, 0.001, 5.999, 5.999 ], "texture": "#0" },
        "east":  { "uv": [ 0.001, 0.001, 5.999, 5.999 ], "texture": "#0" }
    }
},
{
    "from": [ 4.5, 0.5, 5.5 ],
    "to": [ 5.5, 5.5, 10.5 ],
    "faces": {
        "down":  { "uv": [ 0.001, 0.001, 0.999, 4.999 ], "texture": "#0" },
        "up":    { "uv": [ 0.001, 0.001, 0.999, 4.999 ], "texture": "#0" },
        "north": { "uv": [ 0.001, 0.001, 0.999, 4.999 ], "texture": "#0" },
        "south": { "uv": [ 0.001, 0.001, 0.999, 4.999 ], "texture": "#0" },
        "west":  { "uv": [ 0.001, 0.001, 4.999, 4.999 ], "texture": "#0" },
        "east":  { "uv": [ 0.001, 0.001, 4.999, 4.999 ], "texture": "#0" }
    }
},
{
    "from": [ 12, 0, 5 ],
    "to": [ 14, 6, 11 ],
    "faces": {
        "down":  { "uv": [ 0.001, 0.001, 1.999, 5.999 ], "texture": "#0" },
        "up":    { "uv": [ 0.001, 0.001, 1.999, 5.999 ], "texture": "#0" },
        "north": { "uv": [ 0.001, 0.001, 1.999, 5.999 ], "texture": "#0" },
        "south": { "uv": [ 0.001, 0.001, 1.999, 5.999 ], "texture": "#0" },
        "west":  { "uv": [ 0.001, 0.001, 5.999, 5.999 ], "texture": "#0" },
        "east":  { "uv": [ 0.001, 0.001, 5.999, 5.999 ], "texture": "#0" }
    }
},
{
    "from": [ 10.5, 0.5, 5.5 ],
    "to": [ 11.5, 5.5, 10.5 ],
    "faces": {
        "down":  { "uv": [ 0.001, 0.001, 0.999, 4.999 ], "texture": "#0" },
        "up":    { "uv": [ 0.001, 0.001, 0.999, 4.999 ], "texture": "#0" },
        "north": { "uv": [ 0.001, 0.001, 0.999, 4.999 ], "texture": "#0" },
        "south": { "uv": [ 0.001, 0.001, 0.999, 4.999 ], "texture": "#0" },
        "west":  { "uv": [ 0.001, 0.001, 4.999, 4.999 ], "texture": "#0" },
        "east":  { "uv": [ 0.001, 0.001, 4.999, 4.999 ], "texture": "#0" }
    }
},
{
    "from": [ 1, 2.5, 7.5 ],
    "to": [ 15, 3.5, 8.5 ],
    "faces": {
        "down":  { "uv": [ 0.001, 0.001, 13.999, 0.999 ], "texture": "#1" },
        "up":    { "uv": [ 0.001, 0.001, 13.999, 0.999 ], "texture": "#1" },
        "north": { "uv": [ 0.001, 0.001, 13.999, 0.999 ], "texture": "#1" },
        "south": { "uv": [ 0.001, 0.001, 13.999, 0.999 ], "texture": "#1" },
        "west":  { "uv": [ 0.001, 0.001, 0.999, 0.999 ], "texture": "#1" },
        "east":  { "uv": [ 0.001, 0.001, 0.999, 0.999 ], "texture": "#1" }
    }
}
],
"display": {
    "thirdperson_righthand": {
        "rotation": [ 0, 0, 0 ],
        "translation": [ 0, 3.21, 0 ],
        "scale": [ 1, 1, 1 ]
    },
    "thirdperson_lefthand": {
        "rotation": [ 0, 0, 0 ],
        "translation": [ 0, 3.21, 0 ],
        "scale": [ 1, 1, 1 ]
    },
    "head": {
        "rotation": [ 0, 180, 0 ],
        "translation": [ 0, -34.5, 0 ],
        "scale": [ 1, 1, 1 ]
    },
    "ground": {
        "rotation": [ 0, 0, 0 ],
        "translation": [ 0, 2, 0 ],
        "scale": [ 0.5, 0.5, 0.5 ]
    },
    "fixed": {
        "rotation": [ 0, 0, 0 ],
        "translation": [ 0, 0, 0 ],
        "scale": [ 0.5, 0.5, 0.5 ]
    },
    "firstperson_righthand": {
        "rotation": [ 0, 0, 0 ],
        "translation": [ -1.12, 3.97, -0.76 ],
        "scale": [ 1, 1, 1 ]
    },
    "firstperson_lefthand": {
        "rotation": [ 0, 0, 0 ],
        "translation": [ -1.12, 3.97, -0.76 ],
        "scale": [ 1, 1, 1 ]
    },
    "gui": {
        "rotation": [ 35, 35, 0 ],
        "translation": [ 0, 0, 0 ],
        "scale": [ 0.62, 0.62, 0.62 ]
    }
}
}