{
"__comment": "Designed by Jugbot",
"textures": {
    "texture": "blocks/wool_colored_pink",
    "wool_colored_white": "blocks/wool_colored_white",
    "particles": "particle/particles"
},
"elements": [ 
{
    "from": [ 7, 0, 7 ],
    "to": [ 8, 11, 8 ],
    "faces": {
        "down":  { "uv": [ 7, 7, 8, 8 ], "texture": "#texture" },
        "up":    { "uv": [ 7, 7, 8, 8 ], "texture": "#texture" },
        "north": { "uv": [ 7, 5, 8, 16 ], "texture": "#texture" },
        "south": { "uv": [ 7, 5, 8, 16 ], "texture": "#texture" },
        "west":  { "uv": [ 7, 5, 8, 16 ], "texture": "#texture" },
        "east":  { "uv": [ 7, 5, 8, 16 ], "texture": "#texture" }
    }
},
{
    "from": [ 7, 11, 7 ],
    "to": [ 8, 12, 8 ],
    "faces": {
        "down":  { "uv": [ 9, 8, 8, 7 ], "texture": "#wool_colored_white" },
        "up":    { "uv": [ 7, 7, 8, 8 ], "texture": "#wool_colored_white" },
        "north": { "uv": [ 8, 4, 9, 5 ], "texture": "#wool_colored_white" },
        "south": { "uv": [ 7, 4, 8, 5 ], "texture": "#wool_colored_white" },
        "west":  { "uv": [ 7, 4, 8, 5 ], "texture": "#wool_colored_white" },
        "east":  { "uv": [ 8, 4, 9, 5 ], "texture": "#wool_colored_white" }
    }
},
{
    "from": [ 5.5, 12, 7.375 ],
    "to": [ 9.5, 16, 7.4375 ],
    "faces": {
        "north": { "uv": [ 0, 5, 1, 6 ], "texture": "#particles" },
        "south": { "uv": [ 0, 5, 1, 6 ], "texture": "#particles" }
    }
},
{
    "from": [ 5.5, 12, 8 ],
    "to": [ 9.5, 16, 8.0625 ],
    "faces": {
        "north": { "uv": [ 0, 5, 1, 6 ], "texture": "#particles" },
        "south": { "uv": [ 0, 5, 1, 6 ], "texture": "#particles" }
    }
},
{
    "from": [ 5.5, 12, 7.875 ],
    "to": [ 9.5, 16, 7.9375 ],
    "faces": {
        "north": { "uv": [ 0, 5, 1, 6 ], "texture": "#particles" },
        "south": { "uv": [ 0, 5, 1, 6 ], "texture": "#particles" }
    }
},
{
    "from": [ 5.5, 12, 7.75 ],
    "to": [ 9.5, 16, 7.8125 ],
    "faces": {
        "north": { "uv": [ 0, 5, 1, 6 ], "texture": "#particles" },
        "south": { "uv": [ 0, 5, 1, 6 ], "texture": "#particles" }
    }
},
{
    "from": [ 5.5, 12, 7.625 ],
    "to": [ 9.5, 16, 7.6875 ],
    "faces": {
        "north": { "uv": [ 0, 5, 1, 6 ], "texture": "#particles" },
        "south": { "uv": [ 0, 5, 1, 6 ], "texture": "#particles" }
    }
},
{
    "from": [ 5.5, 12, 7 ],
    "to": [ 9.5, 16, 7.0625 ],
    "faces": {
        "north": { "uv": [ 0, 5, 1, 6 ], "texture": "#particles" },
        "south": { "uv": [ 0, 5, 1, 6 ], "texture": "#particles" }
    }
},
{
    "from": [ 5.5, 12, 7.125 ],
    "to": [ 9.5, 16, 7.1875 ],
    "faces": {
        "north": { "uv": [ 0, 5, 1, 6 ], "texture": "#particles" },
        "south": { "uv": [ 0, 5, 1, 6 ], "texture": "#particles" }
    }
},
{
    "from": [ 5.5, 12, 7.25 ],
    "to": [ 9.5, 16, 7.3125 ],
    "faces": {
        "north": { "uv": [ 0, 5, 1, 6 ], "texture": "#particles" },
        "south": { "uv": [ 0, 5, 1, 6 ], "texture": "#particles" }
    }
},
{
    "from": [ 5.5, 12, 7.5 ],
    "to": [ 9.5, 16, 7.5625 ],
    "faces": {
        "north": { "uv": [ 0, 5, 1, 6 ], "texture": "#particles" },
        "south": { "uv": [ 0, 5, 1, 6 ], "texture": "#particles" }
    }
}
],
"display": {
    "thirdperson_righthand": {
        "rotation": [ 0, 0, 0 ],
        "translation": [ 0, 0, 0 ],
        "scale": [ 1, 1, 1 ]
    },
    "thirdperson_lefthand": {
        "rotation": [ 0, 0, 0 ],
        "translation": [ 0, 0, 0 ],
        "scale": [ 1, 1, 1 ]
    },
    "head": {
        "rotation": [ 0, 180, 0 ],
        "translation": [ 0, -30.5, 0 ],
        "scale": [ 1.6, 1.6, 1.6 ]
    },
    "ground": {
        "rotation": [ 0, 0, 0 ],
        "translation": [ 0, 2, 0 ],
        "scale": [ 0.5, 0.5, 0.5 ]
    },
    "fixed": {
        "rotation": [ 0, 180, 0 ],
        "translation": [ 0, 0, -3.4 ],
        "scale": [ 0.5, 0.5, 0.5 ]
    },
    "firstperson_righthand": {
        "rotation": [ 0, -64, 0 ],
        "translation": [ 0, 2.08, 0 ],
        "scale": [ 0.5, 0.5, 0.5 ]
    },
    "firstperson_lefthand": {
        "rotation": [ 0, -64, 0 ],
        "translation": [ 0, 2.08, 0 ],
        "scale": [ 0.5, 0.5, 0.5 ]
    },
    "gui": {
        "rotation": [ 35, 35, 0 ],
        "translation": [ 0, 0, 0 ],
        "scale": [ 0.62, 0.62, 0.62 ]
    }
}
}