{
"__comment": "Designed by Tomshalev01",
"textures": {
    "0": "blocks/wool_colored_brown",
    "1": "blocks/wool_colored_pink",
    "2": "blocks/obsidian"
},
"elements": [ 
{
    "from": [ 4, 0, 7 ],
    "to": [ 7, 3, 12 ],
    "faces": {
        "down":  { "uv": [ 0, 0, 3, 5 ], "texture": "#0" },
        "up":    { "uv": [ 0, 0, 3, 4 ], "texture": "#0" },
        "north": { "uv": [ 0, 0, 3, 3 ], "texture": "#0" },
        "south": { "uv": [ 0, 0, 3, 3 ], "texture": "#0" },
        "west":  { "uv": [ 0, 0, 5, 3 ], "texture": "#0" },
        "east":  { "uv": [ 0, 0, 5, 3 ], "texture": "#0" }
    }
},
{
    "from": [ 4, 3, 9 ],
    "to": [ 7, 4, 12 ],
    "faces": {
        "down":  { "uv": [ 0, 0, 3, 3 ], "texture": "#0" },
        "up":    { "uv": [ 0, 0, 3, 4 ], "texture": "#0" },
        "north": { "uv": [ 0, 0, 3, 1 ], "texture": "#0" },
        "south": { "uv": [ 0, 0, 3, 1 ], "texture": "#0" },
        "west":  { "uv": [ 0, 0, 3, 1 ], "texture": "#0" },
        "east":  { "uv": [ 0, 0, 3, 1 ], "texture": "#0" }
    }
},
{
    "from": [ 9, 0, 7 ],
    "to": [ 12, 3, 12 ],
    "faces": {
        "down":  { "uv": [ 0, 0, 3, 5 ], "texture": "#0" },
        "up":    { "uv": [ 0, 0, 3, 4 ], "texture": "#0" },
        "north": { "uv": [ 0, 0, 3, 3 ], "texture": "#0" },
        "south": { "uv": [ 0, 0, 3, 3 ], "texture": "#0" },
        "west":  { "uv": [ 0, 0, 5, 3 ], "texture": "#0" },
        "east":  { "uv": [ 0, 0, 5, 3 ], "texture": "#0" }
    }
},
{
    "from": [ 9, 3, 9 ],
    "to": [ 12, 4, 12 ],
    "faces": {
        "down":  { "uv": [ 0, 0, 3, 3 ], "texture": "#0" },
        "up":    { "uv": [ 0, 0, 3, 4 ], "texture": "#0" },
        "north": { "uv": [ 0, 0, 3, 1 ], "texture": "#0" },
        "south": { "uv": [ 0, 0, 3, 1 ], "texture": "#0" },
        "west":  { "uv": [ 0, 0, 3, 1 ], "texture": "#0" },
        "east":  { "uv": [ 0, 0, 3, 1 ], "texture": "#0" }
    }
},
{
    "from": [ 3.5, 0, 3 ],
    "to": [ 12.5, 10, 7 ],
    "faces": {
        "down":  { "uv": [ 0, 0, 9, 4 ], "texture": "#0" },
        "up":    { "uv": [ 0, 0, 9, 4 ], "texture": "#0" },
        "north": { "uv": [ 0, 0, 9, 10 ], "texture": "#0" },
        "south": { "uv": [ 0, 0, 9, 10 ], "texture": "#0" },
        "west":  { "uv": [ 0, 0, 4, 10 ], "texture": "#0" },
        "east":  { "uv": [ 0, 0, 4, 10 ], "texture": "#0" }
    }
},
{
    "from": [ 0.5, 7, 3.5 ],
    "to": [ 3.5, 10, 6.5 ],
    "faces": {
        "down":  { "uv": [ 0, 0, 3, 3 ], "texture": "#0" },
        "up":    { "uv": [ 0, 0, 3, 4 ], "texture": "#0" },
        "north": { "uv": [ 0, 0, 3, 3 ], "texture": "#0" },
        "south": { "uv": [ 0, 0, 3, 3 ], "texture": "#0" },
        "west":  { "uv": [ 0, 0, 3, 3 ], "texture": "#0" },
        "east":  { "uv": [ 0, 0, 3, 3 ], "texture": "#0" }
    }
},
{
    "from": [ 0.5, 1, 3.5 ],
    "to": [ 3, 7, 6.5 ],
    "faces": {
        "down":  { "uv": [ 0, 0, 2.5, 3 ], "texture": "#0" },
        "up":    { "uv": [ 0, 0, 3, 4 ], "texture": "#0" },
        "north": { "uv": [ 0, 0, 2.5, 6 ], "texture": "#0" },
        "south": { "uv": [ 0, 0, 2.5, 6 ], "texture": "#0" },
        "west":  { "uv": [ 0, 0, 3, 6 ], "texture": "#0" },
        "east":  { "uv": [ 0, 0, 3, 6 ], "texture": "#0" }
    }
},
{
    "from": [ 12.5, 7, 3.5 ],
    "to": [ 15.5, 10, 6.5 ],
    "faces": {
        "down":  { "uv": [ 0, 0, 3, 3 ], "texture": "#0" },
        "up":    { "uv": [ 0, 0, 3, 4 ], "texture": "#0" },
        "north": { "uv": [ 0, 0, 3, 3 ], "texture": "#0" },
        "south": { "uv": [ 0, 0, 3, 3 ], "texture": "#0" },
        "west":  { "uv": [ 0, 0, 3, 3 ], "texture": "#0" },
        "east":  { "uv": [ 0, 0, 3, 3 ], "texture": "#0" }
    }
},
{
    "from": [ 13, 1, 3.5 ],
    "to": [ 15.5, 7, 6.5 ],
    "faces": {
        "down":  { "uv": [ 0, 0, 2.5, 3 ], "texture": "#0" },
        "up":    { "uv": [ 0, 0, 3, 4 ], "texture": "#0" },
        "north": { "uv": [ 0, 0, 2.5, 6 ], "texture": "#0" },
        "south": { "uv": [ 0, 0, 2.5, 6 ], "texture": "#0" },
        "west":  { "uv": [ 0, 0, 3, 6 ], "texture": "#0" },
        "east":  { "uv": [ 0, 0, 3, 6 ], "texture": "#0" }
    }
},
{
    "from": [ 4.5, 10, 1.5 ],
    "to": [ 11.5, 17, 8.5 ],
    "faces": {
        "down":  { "uv": [ 0, 0, 7, 7 ], "texture": "#0" },
        "up":    { "uv": [ 0, 0, 7, 7 ], "texture": "#0" },
        "north": { "uv": [ 0, 0, 7, 7 ], "texture": "#0" },
        "south": { "uv": [ 0, 0, 7, 7 ], "texture": "#0" },
        "west":  { "uv": [ 0, 0, 7, 7 ], "texture": "#0" },
        "east":  { "uv": [ 0, 0, 7, 7 ], "texture": "#0" }
    }
},
{
    "from": [ 5.5, 10, 8.5 ],
    "to": [ 10.5, 13, 9 ],
    "faces": {
        "down":  { "uv": [ 0, 0, 5, 0.5 ], "texture": "#1" },
        "up":    { "uv": [ 0, 0, 5, 0.5 ], "texture": "#1" },
        "north": { "uv": [ 0, 0, 5, 3 ], "texture": "#0" },
        "south": { "uv": [ 0, 0, 5, 3 ], "texture": "#1" },
        "west":  { "uv": [ 0, 0, 0.5, 3 ], "texture": "#1" },
        "east":  { "uv": [ 0, 0, 0.5, 3 ], "texture": "#1" }
    }
},
{
    "from": [ 5.5, 14, 8.5 ],
    "to": [ 6.5, 15, 8.7 ],
    "faces": {
        "down":  { "uv": [ 0, 0, 1, 0.2 ], "texture": "#2" },
        "up":    { "uv": [ 0, 0, 1, 0.20000000298023224 ], "texture": "#2" },
        "north": { "uv": [ 0, 0, 1, 1 ], "texture": "#2" },
        "south": { "uv": [ 0, 0, 1, 1 ], "texture": "#2" },
        "west":  { "uv": [ 0, 0, 0.20000000298023224, 1 ], "texture": "#2" },
        "east":  { "uv": [ 0, 0, 0.20000000298023224, 1 ], "texture": "#2" }
    }
},
{
    "from": [ 9.5, 14, 8.5 ],
    "to": [ 10.5, 15, 8.7 ],
    "faces": {
        "down":  { "uv": [ 0, 0, 1, 0.2 ], "texture": "#2" },
        "up":    { "uv": [ 0, 0, 1, 0.20000000298023224 ], "texture": "#2" },
        "north": { "uv": [ 0, 0, 1, 1 ], "texture": "#2" },
        "south": { "uv": [ 0, 0, 1, 1 ], "texture": "#2" },
        "west":  { "uv": [ 0, 0, 0.20000000298023224, 1 ], "texture": "#2" },
        "east":  { "uv": [ 0, 0, 0.20000000298023224, 1 ], "texture": "#2" }
    }
},
{
    "from": [ 3, 16, 2 ],
    "to": [ 6, 19, 2.2 ],
    "faces": {
        "down":  { "uv": [ 0, 0, 3, 0.2 ], "texture": "#1" },
        "up":    { "uv": [ 0, 0, 3, 0.20000000298023224 ], "texture": "#2" },
        "north": { "uv": [ 0, 0, 3, 3 ], "texture": "#1" },
        "south": { "uv": [ 0, 0, 3, 3 ], "texture": "#1" },
        "west":  { "uv": [ 0, 0, 0.20000000298023224, 3 ], "texture": "#1" },
        "east":  { "uv": [ 0, 0, 0.20000000298023224, 3 ], "texture": "#1" }
    }
},
{
    "from": [ 10, 16, 2 ],
    "to": [ 13, 19, 2.2 ],
    "faces": {
        "down":  { "uv": [ 0, 0, 3, 0.2 ], "texture": "#1" },
        "up":    { "uv": [ 0, 0, 3, 0.20000000298023224 ], "texture": "#2" },
        "north": { "uv": [ 0, 0, 3, 3 ], "texture": "#1" },
        "south": { "uv": [ 0, 0, 3, 3 ], "texture": "#1" },
        "west":  { "uv": [ 0, 0, 0.20000000298023224, 3 ], "texture": "#1" },
        "east":  { "uv": [ 0, 0, 0.20000000298023224, 3 ], "texture": "#1" }
    }
}
],
"display": {
    "thirdperson_righthand": {
        "rotation": [ 0, -43, 0 ],
        "translation": [ 0, 0, 0 ],
        "scale": [ 0.5, 0.5, 0.5 ]
    },
    "thirdperson_lefthand": {
        "rotation": [ 0, -43, 0 ],
        "translation": [ 0, 0, 0 ],
        "scale": [ 0.5, 0.5, 0.5 ]
    },
    "head": {
        "rotation": [ 0, 180, 0 ],
        "translation": [ 0, -35.5, 0 ],
        "scale": [ 1, 1, 1 ]
    },
    "ground": {
        "rotation": [ 0, 0, 0 ],
        "translation": [ 0, 2, 0 ],
        "scale": [ 0.5, 0.5, 0.5 ]
    },
    "fixed": {
        "rotation": [ 0, 180, 0 ],
        "translation": [ 0, -1.7, -4.91 ],
        "scale": [ 0.8, 0.8, 0.8 ]
    },
    "firstperson_righthand": {
        "rotation": [ 0, -64, 0 ],
        "translation": [ 0, 0, 0 ],
        "scale": [ 0.5, 0.5, 0.5 ]
    },
    "firstperson_lefthand": {
        "rotation": [ 0, -64, 0 ],
        "translation": [ 0, 0, 0 ],
        "scale": [ 0.5, 0.5, 0.5 ]
    },
    "gui": {
        "rotation": [ 35, 35, 0 ],
        "translation": [ 0, -1.51, 0 ],
        "scale": [ 0.62, 0.62, 0.62 ]
    }
}
}