{
"__comment": "Designed by Jugbot",
"textures": {
    "wool_colored_silver": "blocks/wool_colored_silver",
    "texture": "blocks/hardened_clay_stained_lime",
    "quartz_block_bottom": "blocks/quartz_block_bottom"
},
"elements": [ 
{
    "from": [ 7, 1, 7 ],
    "to": [ 8, 4, 8 ],
    "faces": {
        "down":  { "uv": [ 7, 7, 8, 8 ], "texture": "#wool_colored_silver" },
        "up":    { "uv": [ 7, 7, 8, 8 ], "texture": "#wool_colored_silver" },
        "north": { "uv": [ 7, 11, 8, 14 ], "texture": "#wool_colored_silver" },
        "south": { "uv": [ 7, 11, 8, 14 ], "texture": "#wool_colored_silver" },
        "west":  { "uv": [ 7, 11, 8, 14 ], "texture": "#wool_colored_silver" },
        "east":  { "uv": [ 7, 11, 8, 14 ], "texture": "#wool_colored_silver" }
    }
},
{
    "from": [ 6, 4, 7 ],
    "to": [ 9, 5, 8 ],
    "faces": {
        "down":  { "uv": [ 10, 8, 7, 7 ], "texture": "#texture" },
        "up":    { "uv": [ 6, 7, 9, 8 ], "texture": "#texture" },
        "north": { "uv": [ 7, 11, 10, 12 ], "texture": "#texture" },
        "south": { "uv": [ 6, 11, 9, 12 ], "texture": "#texture" },
        "west":  { "uv": [ 7, 11, 8, 12 ], "texture": "#texture" },
        "east":  { "uv": [ 8, 11, 9, 12 ], "texture": "#texture" }
    }
},
{
    "from": [ 5, 5, 7 ],
    "to": [ 6, 7, 8 ],
    "faces": {
        "down":  { "uv": [ 11, 8, 10, 7 ], "texture": "#texture" },
        "up":    { "uv": [ 5, 7, 6, 8 ], "texture": "#texture" },
        "north": { "uv": [ 10, 9, 11, 11 ], "texture": "#texture" },
        "south": { "uv": [ 5, 9, 6, 11 ], "texture": "#texture" },
        "west":  { "uv": [ 7, 9, 8, 11 ], "texture": "#texture" },
        "east":  { "uv": [ 8, 9, 9, 11 ], "texture": "#texture" }
    }
},
{
    "from": [ 4, 7, 7 ],
    "to": [ 5, 11, 8 ],
    "faces": {
        "down":  { "uv": [ 12, 8, 11, 7 ], "texture": "#texture" },
        "up":    { "uv": [ 4, 7, 5, 8 ], "texture": "#texture" },
        "north": { "uv": [ 11, 5, 12, 9 ], "texture": "#texture" },
        "south": { "uv": [ 4, 5, 5, 9 ], "texture": "#texture" },
        "west":  { "uv": [ 7, 5, 8, 9 ], "texture": "#texture" },
        "east":  { "uv": [ 8, 5, 9, 9 ], "texture": "#texture" }
    }
},
{
    "from": [ 5, 11, 7 ],
    "to": [ 6, 12, 8 ],
    "faces": {
        "down":  { "uv": [ 11, 8, 10, 7 ], "texture": "#texture" },
        "up":    { "uv": [ 5, 7, 6, 8 ], "texture": "#texture" },
        "north": { "uv": [ 10, 4, 11, 5 ], "texture": "#texture" },
        "south": { "uv": [ 5, 4, 6, 5 ], "texture": "#texture" },
        "west":  { "uv": [ 7, 4, 8, 5 ], "texture": "#texture" },
        "east":  { "uv": [ 8, 4, 9, 5 ], "texture": "#texture" }
    }
},
{
    "from": [ 9, 5, 7 ],
    "to": [ 10, 7, 8 ],
    "faces": {
        "down":  { "uv": [ 7, 8, 6, 7 ], "texture": "#texture" },
        "up":    { "uv": [ 9, 7, 10, 8 ], "texture": "#texture" },
        "north": { "uv": [ 6, 9, 7, 11 ], "texture": "#texture" },
        "south": { "uv": [ 9, 9, 10, 11 ], "texture": "#texture" },
        "west":  { "uv": [ 7, 9, 8, 11 ], "texture": "#texture" },
        "east":  { "uv": [ 8, 9, 9, 11 ], "texture": "#texture" }
    }
},
{
    "from": [ 10, 7, 7 ],
    "to": [ 11, 11, 8 ],
    "faces": {
        "down":  { "uv": [ 6, 8, 5, 7 ], "texture": "#texture" },
        "up":    { "uv": [ 10, 7, 11, 8 ], "texture": "#texture" },
        "north": { "uv": [ 5, 5, 6, 9 ], "texture": "#texture" },
        "south": { "uv": [ 10, 5, 11, 9 ], "texture": "#texture" },
        "west":  { "uv": [ 7, 5, 8, 9 ], "texture": "#texture" },
        "east":  { "uv": [ 8, 5, 9, 9 ], "texture": "#texture" }
    }
},
{
    "from": [ 6, 12, 7 ],
    "to": [ 9, 13, 8 ],
    "faces": {
        "down":  { "uv": [ 10, 8, 7, 7 ], "texture": "#texture" },
        "up":    { "uv": [ 6, 7, 9, 8 ], "texture": "#texture" },
        "north": { "uv": [ 7, 3, 10, 4 ], "texture": "#texture" },
        "south": { "uv": [ 6, 3, 9, 4 ], "texture": "#texture" },
        "west":  { "uv": [ 7, 3, 8, 4 ], "texture": "#texture" },
        "east":  { "uv": [ 8, 3, 9, 4 ], "texture": "#texture" }
    }
},
{
    "from": [ 9, 11, 7 ],
    "to": [ 10, 12, 8 ],
    "faces": {
        "down":  { "uv": [ 7, 8, 6, 7 ], "texture": "#texture" },
        "up":    { "uv": [ 9, 7, 10, 8 ], "texture": "#texture" },
        "north": { "uv": [ 6, 4, 7, 5 ], "texture": "#texture" },
        "south": { "uv": [ 9, 4, 10, 5 ], "texture": "#texture" },
        "west":  { "uv": [ 7, 4, 8, 5 ], "texture": "#texture" },
        "east":  { "uv": [ 8, 4, 9, 5 ], "texture": "#texture" }
    }
},
{
    "from": [ 7, 0, 7 ],
    "to": [ 8, 1, 8 ],
    "faces": {
        "down":  { "uv": [ 9, 8, 8, 7 ], "texture": "#texture" },
        "up":    { "uv": [ 7, 7, 8, 8 ], "texture": "#texture" },
        "north": { "uv": [ 8, 15, 9, 16 ], "texture": "#texture" },
        "south": { "uv": [ 7, 15, 8, 16 ], "texture": "#texture" },
        "west":  { "uv": [ 7, 15, 8, 16 ], "texture": "#texture" },
        "east":  { "uv": [ 8, 15, 9, 16 ], "texture": "#texture" }
    }
},
{
    "from": [ 6.25, 5, 7.5 ],
    "to": [ 6.5, 12, 7.5625 ],
    "faces": {
        "north": { "uv": [ 9.5, 4, 9.75, 11 ], "texture": "#quartz_block_bottom" },
        "south": { "uv": [ 6.25, 4, 6.5, 11 ], "texture": "#quartz_block_bottom" }
    }
},
{
    "from": [ 5.5, 7, 7.5 ],
    "to": [ 5.75, 11, 7.5625 ],
    "faces": {
        "north": { "uv": [ 10.25, 5, 10.5, 9 ], "texture": "#quartz_block_bottom" },
        "south": { "uv": [ 5.5, 5, 5.75, 9 ], "texture": "#quartz_block_bottom" }
    }
},
{
    "from": [ 8.5, 5, 7.5 ],
    "to": [ 8.75, 12, 7.5625 ],
    "faces": {
        "north": { "uv": [ 7.25, 4, 7.5, 11 ], "texture": "#quartz_block_bottom" },
        "south": { "uv": [ 8.5, 4, 8.75, 11 ], "texture": "#quartz_block_bottom" }
    }
},
{
    "from": [ 7.75, 5, 7.5 ],
    "to": [ 8, 12, 7.5625 ],
    "faces": {
        "north": { "uv": [ 8, 4, 8.25, 11 ], "texture": "#quartz_block_bottom" },
        "south": { "uv": [ 7.75, 4, 8, 11 ], "texture": "#quartz_block_bottom" }
    }
},
{
    "from": [ 7, 5, 7.5 ],
    "to": [ 7.25, 12, 7.5625 ],
    "faces": {
        "north": { "uv": [ 8.75, 4, 9, 11 ], "texture": "#quartz_block_bottom" },
        "south": { "uv": [ 7, 4, 7.25, 11 ], "texture": "#quartz_block_bottom" }
    }
},
{
    "from": [ 9.25, 7, 7.5 ],
    "to": [ 9.5, 11, 7.5625 ],
    "faces": {
        "north": { "uv": [ 6.5, 5, 6.75, 9 ], "texture": "#quartz_block_bottom" },
        "south": { "uv": [ 9.25, 5, 9.5, 9 ], "texture": "#quartz_block_bottom" }
    }
},
{
    "from": [ 6, 5.25, 7.5 ],
    "to": [ 9, 5.5, 7.5625 ],
    "faces": {
        "north": { "uv": [ 7, 10.5, 10, 10.75 ], "texture": "#quartz_block_bottom" },
        "south": { "uv": [ 6, 10.5, 9, 10.75 ], "texture": "#quartz_block_bottom" }
    }
},
{
    "from": [ 6, 11.25, 7.5 ],
    "to": [ 9, 11.5, 7.5625 ],
    "faces": {
        "north": { "uv": [ 7, 4.5, 10, 4.75 ], "texture": "#quartz_block_bottom" },
        "south": { "uv": [ 6, 4.5, 9, 4.75 ], "texture": "#quartz_block_bottom" }
    }
},
{
    "from": [ 6, 6, 7.5 ],
    "to": [ 9, 6.25, 7.5625 ],
    "faces": {
        "north": { "uv": [ 7, 9.75, 10, 10 ], "texture": "#quartz_block_bottom" },
        "south": { "uv": [ 6, 9.75, 9, 10 ], "texture": "#quartz_block_bottom" }
    }
},
{
    "from": [ 6, 6.75, 7.5 ],
    "to": [ 9, 7, 7.5625 ],
    "faces": {
        "north": { "uv": [ 7, 9, 10, 9.25 ], "texture": "#quartz_block_bottom" },
        "south": { "uv": [ 6, 9, 9, 9.25 ], "texture": "#quartz_block_bottom" }
    }
},
{
    "from": [ 5, 7.5, 7.5 ],
    "to": [ 10, 7.75, 7.5625 ],
    "faces": {
        "north": { "uv": [ 6, 8.25, 11, 8.5 ], "texture": "#quartz_block_bottom" },
        "south": { "uv": [ 5, 8.25, 10, 8.5 ], "texture": "#quartz_block_bottom" }
    }
},
{
    "from": [ 5, 8.25, 7.5 ],
    "to": [ 10, 8.5, 7.5625 ],
    "faces": {
        "north": { "uv": [ 6, 7.5, 11, 7.75 ], "texture": "#quartz_block_bottom" },
        "south": { "uv": [ 5, 7.5, 10, 7.75 ], "texture": "#quartz_block_bottom" }
    }
},
{
    "from": [ 5, 9, 7.5 ],
    "to": [ 10, 9.25, 7.5625 ],
    "faces": {
        "north": { "uv": [ 6, 6.75, 11, 7 ], "texture": "#quartz_block_bottom" },
        "south": { "uv": [ 5, 6.75, 10, 7 ], "texture": "#quartz_block_bottom" }
    }
},
{
    "from": [ 5, 9.75, 7.5 ],
    "to": [ 10, 10, 7.5625 ],
    "faces": {
        "north": { "uv": [ 6, 6, 11, 6.25 ], "texture": "#quartz_block_bottom" },
        "south": { "uv": [ 5, 6, 10, 6.25 ], "texture": "#quartz_block_bottom" }
    }
},
{
    "from": [ 5, 10.5, 7.5 ],
    "to": [ 10, 10.75, 7.5625 ],
    "faces": {
        "north": { "uv": [ 6, 5.25, 11, 5.5 ], "texture": "#quartz_block_bottom" },
        "south": { "uv": [ 5, 5.25, 10, 5.5 ], "texture": "#quartz_block_bottom" }
    }
}
],
"display": {
    "thirdperson_righthand": {
        "rotation": [ 0, 82, 0 ],
        "translation": [ 0, 5.1, 0 ],
        "scale": [ 1, 1, 1 ]
    },
    "thirdperson_lefthand": {
        "rotation": [ 0, 82, 0 ],
        "translation": [ 0, 5.1, 0 ],
        "scale": [ 1, 1, 1 ]
    },
    "head": {
        "rotation": [ 0, 180, 0 ],
        "translation": [ 0, -30.5, 0 ],
        "scale": [ 1.7, 1.7, 1.7 ]
    },
    "ground": {
        "rotation": [ 0, 0, 0 ],
        "translation": [ 0, 2, 0 ],
        "scale": [ 0.5, 0.5, 0.5 ]
    },
    "fixed": {
        "rotation": [ 0, 180, 0 ],
        "translation": [ 0, -3.4, 0 ],
        "scale": [ 0.8, 0.8, 0.8 ]
    },
    "firstperson_righthand": {
        "rotation": [ 0, 96, -16 ],
        "translation": [ -0.94, 5.48, 1.12 ],
        "scale": [ 0.78, 0.78, 0.78 ]
    },
    "firstperson_lefthand": {
        "rotation": [ 0, 96, -16 ],
        "translation": [ -0.94, 5.48, 1.12 ],
        "scale": [ 0.78, 0.78, 0.78 ]
    },
    "gui": {
        "rotation": [ 35, 35, 0 ],
        "translation": [ 0, -2.08, 0 ],
        "scale": [ 0.62, 0.62, 0.62 ]
    }
}
}