{
"__comment": "Designed by Tomshalev01",
"textures": {
    "0": "blocks/coal_block",
    "1": "blocks/iron_block",
    "2": "blocks/glass",
    "3": "blocks/food_unwraps/screen"
},
"elements": [ 
{
    "from": [ 4, 0, 5 ],
    "to": [ 12, 0.1, 11 ],
    "faces": {
        "down":  { "uv": [ 0, 0, 8, 6 ], "texture": "#0" },
        "up":    { "uv": [ 0, 0, 16, 12 ], "texture": "#1" },
        "north": { "uv": [ 0, 0, 8, 0.10000000149011612 ], "texture": "#0" },
        "south": { "uv": [ 0, 0, 8, 0.10000000149011612 ], "texture": "#0" },
        "west":  { "uv": [ 0, 0, 6, 0.10000000149011612 ], "texture": "#0" },
        "east":  { "uv": [ 0, 0, 6, 0.10000000149011612 ], "texture": "#0" }
    }
},
{
    "from": [ 4, 0.1, 5 ],
    "to": [ 12, 0.2, 5.2 ],
    "faces": {
        "down":  { "uv": [ 0, 0, 8, 0.2 ], "texture": "#2" },
        "up":    { "uv": [ 0, 0, 8, 0.20000000298023224 ], "texture": "#2" },
        "north": { "uv": [ 0, 0, 8, 0.10000000149011612 ], "texture": "#2" },
        "south": { "uv": [ 0, 0, 8, 0.10000000149011612 ], "texture": "#2" },
        "west":  { "uv": [ 0, 0, 0.20000000298023224, 0.10000000149011612 ], "texture": "#2" },
        "east":  { "uv": [ 0, 0, 0.20000000298023224, 0.10000000149011612 ], "texture": "#2" }
    }
},
{
    "from": [ 4, 0.1, 10.8 ],
    "to": [ 12, 0.2, 11 ],
    "faces": {
        "down":  { "uv": [ 0, 0, 8, 0.2 ], "texture": "#2" },
        "up":    { "uv": [ 0, 0, 8, 0.20000000298023224 ], "texture": "#2" },
        "north": { "uv": [ 0, 0, 8, 0.10000000149011612 ], "texture": "#2" },
        "south": { "uv": [ 0, 0, 8, 0.10000000149011612 ], "texture": "#2" },
        "west":  { "uv": [ 0, 0, 0.20000000298023224, 0.10000000149011612 ], "texture": "#2" },
        "east":  { "uv": [ 0, 0, 0.20000000298023224, 0.10000000149011612 ], "texture": "#2" }
    }
},
{
    "from": [ 4, 0.1, 5.2 ],
    "to": [ 4.4, 0.2, 10.8 ],
    "faces": {
        "down":  { "uv": [ 0, 0, 0.4, 5.6 ], "texture": "#2" },
        "up":    { "uv": [ 0, 0, 0.40000000596046448, 5.5999999046325684 ], "texture": "#2" },
        "north": { "uv": [ 0, 0, 0.40000000596046448, 0.10000000149011612 ], "texture": "#2" },
        "south": { "uv": [ 0, 0, 0.40000000596046448, 0.10000000149011612 ], "texture": "#2" },
        "west":  { "uv": [ 0, 0, 5.5999999046325684, 0.10000000149011612 ], "texture": "#2" },
        "east":  { "uv": [ 0, 0, 5.5999999046325684, 0.10000000149011612 ], "texture": "#2" }
    }
},
{
    "from": [ 4.8, 0.1, 5.2 ],
    "to": [ 5.2, 0.2, 10.8 ],
    "faces": {
        "down":  { "uv": [ 0, 0, 0.4, 5.6 ], "texture": "#2" },
        "up":    { "uv": [ 0, 0, 0.40000000596046448, 5.5999999046325684 ], "texture": "#2" },
        "north": { "uv": [ 0, 0, 0.40000000596046448, 0.10000000149011612 ], "texture": "#2" },
        "south": { "uv": [ 0, 0, 0.40000000596046448, 0.10000000149011612 ], "texture": "#2" },
        "west":  { "uv": [ 0, 0, 5.5999999046325684, 0.10000000149011612 ], "texture": "#2" },
        "east":  { "uv": [ 0, 0, 5.5999999046325684, 0.10000000149011612 ], "texture": "#2" }
    }
},
{
    "from": [ 4.4, 0.1, 5.2 ],
    "to": [ 4.8, 0.2, 7.8 ],
    "faces": {
        "down":  { "uv": [ 0, 0, 0.4, 2.6 ], "texture": "#2" },
        "up":    { "uv": [ 0, 0, 0.40000000596046448, 2.5999999046325684 ], "texture": "#2" },
        "north": { "uv": [ 0, 0, 0.40000000596046448, 0.10000000149011612 ], "texture": "#2" },
        "south": { "uv": [ 0, 0, 0.40000000596046448, 0.10000000149011612 ], "texture": "#2" },
        "west":  { "uv": [ 0, 0, 2.5999999046325684, 0.10000000149011612 ], "texture": "#2" },
        "east":  { "uv": [ 0, 0, 2.5999999046325684, 0.10000000149011612 ], "texture": "#2" }
    }
},
{
    "from": [ 4.4, 0.1, 8.2 ],
    "to": [ 4.8, 0.2, 10.8 ],
    "faces": {
        "down":  { "uv": [ 0, 0, 0.4, 2.6 ], "texture": "#2" },
        "up":    { "uv": [ 0, 0, 0.40000000596046448, 2.5999999046325684 ], "texture": "#2" },
        "north": { "uv": [ 0, 0, 0.40000000596046448, 0.10000000149011612 ], "texture": "#2" },
        "south": { "uv": [ 0, 0, 0.40000000596046448, 0.10000000149011612 ], "texture": "#2" },
        "west":  { "uv": [ 0, 0, 2.5999999046325684, 0.10000000149011612 ], "texture": "#2" },
        "east":  { "uv": [ 0, 0, 2.5999999046325684, 0.10000000149011612 ], "texture": "#2" }
    }
},
{
    "from": [ 11.6, 0.1, 5.2 ],
    "to": [ 12, 0.2, 10.8 ],
    "faces": {
        "down":  { "uv": [ 0, 0, 0.4, 5.6 ], "texture": "#2" },
        "up":    { "uv": [ 0, 0, 0.40000000596046448, 5.5999999046325684 ], "texture": "#2" },
        "north": { "uv": [ 0, 0, 0.40000000596046448, 0.10000000149011612 ], "texture": "#2" },
        "south": { "uv": [ 0, 0, 0.40000000596046448, 0.10000000149011612 ], "texture": "#2" },
        "west":  { "uv": [ 0, 0, 5.5999999046325684, 0.10000000149011612 ], "texture": "#2" },
        "east":  { "uv": [ 0, 0, 5.5999999046325684, 0.10000000149011612 ], "texture": "#2" }
    }
},
{
    "from": [ 5.2, 0.1, 5.2 ],
    "to": [ 11.6, 0.1625, 10.8 ],
    "faces": {
        "up":    { "uv": [ 2.4000000953674316, 0, 16, 12 ], "texture": "#3" }
    }
},
{
    "from": [ 4.2, 0.1, 7.2 ],
    "to": [ 5.2, 0.1625, 8.8 ],
    "faces": {
        "up":    { "uv": [ 2.4000000953674316, 0, 3.4000000953674316, 1.6000000238418579 ], "texture": "#0" }
    }
},
{
    "from": [ 3.9, 0, 5.2 ],
    "to": [ 4, 0.1, 10.8 ],
    "faces": {
        "down":  { "uv": [ 0, 0, 0.4, 5.6 ], "texture": "#1" },
        "up":    { "uv": [ 0, 0, 0.40000000596046448, 5.5999999046325684 ], "texture": "#1" },
        "north": { "uv": [ 0, 0, 0.40000000596046448, 0.10000000149011612 ], "texture": "#1" },
        "south": { "uv": [ 0, 0, 0.40000000596046448, 0.10000000149011612 ], "texture": "#1" },
        "west":  { "uv": [ 0, 0, 5.5999999046325684, 0.10000000149011612 ], "texture": "#1" },
        "east":  { "uv": [ 0, 0, 5.5999999046325684, 0.10000000149011612 ], "texture": "#1" }
    }
},
{
    "from": [ 12, 0, 5.2 ],
    "to": [ 12.1, 0.1, 10.8 ],
    "faces": {
        "down":  { "uv": [ 0, 0, 0.4, 5.6 ], "texture": "#1" },
        "up":    { "uv": [ 0, 0, 0.40000000596046448, 5.5999999046325684 ], "texture": "#1" },
        "north": { "uv": [ 0, 0, 0.40000000596046448, 0.10000000149011612 ], "texture": "#1" },
        "south": { "uv": [ 0, 0, 0.40000000596046448, 0.10000000149011612 ], "texture": "#1" },
        "west":  { "uv": [ 0, 0, 5.5999999046325684, 0.10000000149011612 ], "texture": "#1" },
        "east":  { "uv": [ 0, 0, 5.5999999046325684, 0.10000000149011612 ], "texture": "#1" }
    }
}
],
"display": {
    "thirdperson_righthand": {
        "rotation": [ 0, 92, 86 ],
        "translation": [ 0.38, 2.27, 4.16 ],
        "scale": [ 0.5, 0.5, 0.5 ]
    },
    "thirdperson_lefthand": {
        "rotation": [ 0, -86, -82 ],
        "translation": [ 0.38, 2.27, 4.16 ],
        "scale": [ 0.5, 0.5, 0.5 ]
    },
    "head": {
        "rotation": [ 0, 180, 0 ],
        "translation": [ 0, -30.5, 0 ],
        "scale": [ 1.6, 1.6, 1.6 ]
    },
    "ground": {
        "rotation": [ 0, 0, 0 ],
        "translation": [ 0, 2, 0 ],
        "scale": [ 0.5, 0.5, 0.5 ]
    },
    "fixed": {
        "rotation": [ 0, -90, 90 ],
        "translation": [ 0, 0, -9.26 ],
        "scale": [ 1, 1, 1 ]
    },
    "firstperson_righthand": {
        "rotation": [ 0, 90, 68 ],
        "translation": [ -8.13, 3.78, 3.4 ],
        "scale": [ 0.8, 0.8, 0.8 ]
    },
    "firstperson_lefthand": {
        "rotation": [ 167, -91, 84 ],
        "translation": [ -8.13, 3.21, 5.29 ],
        "scale": [ 0.8, 0.8, 0.8 ]
    },
    "gui": {
        "rotation": [ 90, 90, 0 ],
        "translation": [ 0, 0, 0 ],
        "scale": [ 1, 1, 1 ]
    }
}
}