{
"__comment": "Designed by Monsterfish",
"textures": {
    "texture": "items/valuables/point"
},
"elements": [ 
{
    "from": [ 0, 0, 7 ],
    "to": [ 16, 16, 7.0625 ],
    "faces": {
        "north": { "uv": [ 0, 0, 16, 16 ], "texture": "#texture" },
        "south": { "uv": [ 0, 0, 16, 16 ], "texture": "#texture" }
    }
},
{
    "from": [ 0, 0, 9 ],
    "to": [ 16, 16, 9.0625 ],
    "faces": {
        "north": { "uv": [ 0, 0, 16, 16 ], "texture": "#texture" },
        "south": { "uv": [ 0, 0, 16, 16 ], "texture": "#texture" }
    }
},
{
    "from": [ 11, 0, 7 ],
    "to": [ 11.0625, 16, 9 ],
    "faces": {
        "west":  { "uv": [ 7, 0, 9, 16 ], "texture": "#texture" },
        "east":  { "uv": [ 7, 0, 9, 16 ], "texture": "#texture" }
    }
},
{
    "from": [ 11, 0, 7 ],
    "to": [ 11.0625, 16, 9 ],
    "faces": {
        "west":  { "uv": [ 7, 0, 9, 16 ], "texture": "#texture" },
        "east":  { "uv": [ 7, 0, 9, 16 ], "texture": "#texture" }
    }
},
{
    "from": [ 5, 0, 7 ],
    "to": [ 5.0625, 16, 9 ],
    "faces": {
        "west":  { "uv": [ 7, 0, 9, 16 ], "texture": "#texture" },
        "east":  { "uv": [ 7, 0, 9, 16 ], "texture": "#texture" }
    }
},
{
    "from": [ 0, 4.9375, 7 ],
    "to": [ 16, 5, 9 ],
    "faces": {
        "down":  { "uv": [ 0, 7, 16, 9 ], "texture": "#texture" },
        "up":    { "uv": [ 0, 7, 16, 9 ], "texture": "#texture" }
    }
},
{
    "from": [ 0, 10.9375, 7 ],
    "to": [ 16, 11, 9 ],
    "faces": {
        "down":  { "uv": [ 0, 7, 16, 9 ], "texture": "#texture" },
        "up":    { "uv": [ 0, 7, 16, 9 ], "texture": "#texture" }
    }
},
{
    "from": [ 0, 2.9375, 7 ],
    "to": [ 16, 3, 9 ],
    "faces": {
        "down":  { "uv": [ 16, 13, 0, 11 ], "texture": "#texture" },
        "up":    { "uv": [ 0, 11, 16, 13 ], "texture": "#texture" }
    }
},
{
    "from": [ 0, 12.9375, 7 ],
    "to": [ 16, 13, 9 ],
    "faces": {
        "down":  { "uv": [ 16, 13, 0, 11 ], "texture": "#texture" },
        "up":    { "uv": [ 0, 11, 16, 13 ], "texture": "#texture" }
    }
},
{
    "from": [ 14, 0, 7 ],
    "to": [ 14.0625, 16, 9 ],
    "faces": {
        "west":  { "uv": [ 13, 0, 14, 16 ], "texture": "#texture" },
        "east":  { "uv": [ 13, 0, 14, 16 ], "texture": "#texture" }
    }
},
{
    "from": [ 2, 0, 7 ],
    "to": [ 2.0625, 16, 9 ],
    "faces": {
        "west":  { "uv": [ 13, 0, 14, 16 ], "texture": "#texture" },
        "east":  { "uv": [ 13, 0, 14, 16 ], "texture": "#texture" }
    }
},
{
    "from": [ 13, 0, 7 ],
    "to": [ 13.0625, 16, 9 ],
    "faces": {
        "west":  { "uv": [ 11, 0, 13, 16 ], "texture": "#texture" },
        "east":  { "uv": [ 11, 0, 13, 16 ], "texture": "#texture" }
    }
},
{
    "from": [ 3, 0, 7 ],
    "to": [ 3.0625, 16, 9 ],
    "faces": {
        "west":  { "uv": [ 11, 0, 13, 16 ], "texture": "#texture" },
        "east":  { "uv": [ 11, 0, 13, 16 ], "texture": "#texture" }
    }
},
{
    "from": [ 0, 13.9375, 7 ],
    "to": [ 16, 14, 9 ],
    "faces": {
        "down":  { "uv": [ 0, 13, 16, 14 ], "texture": "#texture" },
        "up":    { "uv": [ 0, 13, 16, 14 ], "texture": "#texture" }
    }
},
{
    "from": [ 0, 1.9375, 7 ],
    "to": [ 16, 2, 9 ],
    "faces": {
        "down":  { "uv": [ 0, 13, 16, 14 ], "texture": "#texture" },
        "up":    { "uv": [ 0, 13, 16, 14 ], "texture": "#texture" }
    }
}
],
"display": {
    "thirdperson_righthand": {
        "rotation": [ 0, -43, 0 ],
        "translation": [ 0, 0, 0 ],
        "scale": [ 0.5, 0.5, 0.5 ]
    },
    "thirdperson_lefthand": {
        "rotation": [ 0, -43, 0 ],
        "translation": [ 0, 0, 0 ],
        "scale": [ 0.5, 0.5, 0.5 ]
    },
    "head": {
        "rotation": [ 0, 180, 0 ],
        "translation": [ 0, -30.5, 8 ],
        "scale": [ 1.6, 1.6, 1.6 ]
    },
    "ground": {
        "rotation": [ 0, 0, 0 ],
        "translation": [ 0, 2, 0 ],
        "scale": [ 0.5, 0.5, 0.5 ]
    },
    "fixed": {
        "rotation": [ 0, 0, 0 ],
        "translation": [ 0, 0, 0 ],
        "scale": [ 1, 1, 1 ]
    },
    "firstperson_righthand": {
        "rotation": [ 0, -64, 0 ],
        "translation": [ 0, 2.08, 0 ],
        "scale": [ 0.5, 0.5, 0.5 ]
    },
    "firstperson_lefthand": {
        "rotation": [ 0, -64, 0 ],
        "translation": [ 0, 2.08, 0 ],
        "scale": [ 0.5, 0.5, 0.5 ]
    },
    "gui": {
        "rotation": [ 0, 0, 0 ],
        "translation": [ 0, 0, 0 ],
        "scale": [ 1, 1, 1 ]
    }
}
}