{
	"__comment": "Designed by Snapy117 with Cubik Studio - https://cubik.studio",
	"textures": {
		"particle": "blocks/hats/bear_ears_brown",
		"texture": "blocks/hats/bear_ears_brown"
	},
	"elements": [
		{
			"__comment": "Voxels",
			"from": [ 1, 1, -1 ],
			"to": [ 2, 4, 1 ],
			"faces": {
				"down": { "uv": [ 4.5, 14, 4, 14.5 ], "texture": "#texture" },
				"up": { "uv": [ 4.5, 12.5, 4, 13 ], "texture": "#texture" },
				"north": { "uv": [ 4.5, 12.5, 4, 14.5 ], "texture": "#texture" },
				"south": { "uv": [ 4.5, 12.5, 4, 14.5 ], "texture": "#texture" },
				"west": { "uv": [ 4.5, 12.5, 4, 14.5 ], "texture": "#texture" },
				"east": { "uv": [ 4.5, 12.5, 4, 14.5 ], "texture": "#texture" }
			}
		},
		{
			"__comment": "Voxels",
			"from": [ 2, 0, -1 ],
			"to": [ 5, 1, 1 ],
			"faces": {
				"down": { "uv": [ 4, 14.5, 2, 15 ], "texture": "#texture" },
				"up": { "uv": [ 4, 14.5, 2, 15 ], "texture": "#texture" },
				"north": { "uv": [ 4, 14.5, 2, 15 ], "texture": "#texture" },
				"south": { "uv": [ 4, 14.5, 2, 15 ], "texture": "#texture" },
				"west": { "uv": [ 2.5, 14.5, 2, 15 ], "texture": "#texture" },
				"east": { "uv": [ 4, 14.5, 3.5, 15 ], "texture": "#texture" }
			}
		},
		{
			"__comment": "Voxels",
			"from": [ 2, 1, 0 ],
			"to": [ 5, 4, 1 ],
			"faces": {
				"down": { "uv": [ 2, 14, 4, 14.5 ], "texture": "#texture" },
				"up": { "uv": [ 2, 12.5, 4, 13 ], "texture": "#texture" },
				"north": { "uv": [ 2, 12.5, 4, 14.5 ], "texture": "#texture" },
				"south": { "uv": [ 2, 12.5, 4, 14.5 ], "texture": "#texture" },
				"west": { "uv": [ 2, 12.5, 2.5, 14.5 ], "texture": "#texture" },
				"east": { "uv": [ 3.5, 12.5, 4, 14.5 ], "texture": "#texture" }
			}
		},
		{
			"__comment": "Voxels",
			"from": [ 2, 1, 1 ],
			"to": [ 5, 4, 2 ],
			"faces": {
				"down": { "uv": [ 8, 14, 10, 14.5 ], "texture": "#texture" },
				"up": { "uv": [ 8, 12.5, 10, 13 ], "texture": "#texture" },
				"north": { "uv": [ 8, 12.5, 10, 14.5 ], "texture": "#texture" },
				"south": { "uv": [ 8, 12.5, 10, 14.5 ], "texture": "#texture" },
				"west": { "uv": [ 8, 12.5, 8.5, 14.5 ], "texture": "#texture" },
				"east": { "uv": [ 9.5, 12.5, 10, 14.5 ], "texture": "#texture" }
			}
		},
		{
			"__comment": "Voxels",
			"from": [ 2, 4, -1 ],
			"to": [ 5, 5, 1 ],
			"faces": {
				"down": { "uv": [ 4, 12, 2, 12.5 ], "texture": "#texture" },
				"up": { "uv": [ 4, 12, 2, 12.5 ], "texture": "#texture" },
				"north": { "uv": [ 4, 12, 2, 12.5 ], "texture": "#texture" },
				"south": { "uv": [ 4, 12, 2, 12.5 ], "texture": "#texture" },
				"west": { "uv": [ 2.5, 12, 2, 12.5 ], "texture": "#texture" },
				"east": { "uv": [ 4, 12, 3.5, 12.5 ], "texture": "#texture" }
			}
		},
		{
			"__comment": "Voxels",
			"from": [ 5, 1, -1 ],
			"to": [ 6, 4, 1 ],
			"faces": {
				"down": { "uv": [ 2, 14, 1.5, 14.5 ], "texture": "#texture" },
				"up": { "uv": [ 2, 12.5, 1.5, 13 ], "texture": "#texture" },
				"north": { "uv": [ 2, 12.5, 1.5, 14.5 ], "texture": "#texture" },
				"south": { "uv": [ 2, 12.5, 1.5, 14.5 ], "texture": "#texture" },
				"west": { "uv": [ 2, 12.5, 1.5, 14.5 ], "texture": "#texture" },
				"east": { "uv": [ 2, 12.5, 1.5, 14.5 ], "texture": "#texture" }
			}
		},
		{
			"__comment": "Voxels",
			"from": [ 10, 1, -1 ],
			"to": [ 11, 4, 1 ],
			"faces": {
				"down": { "uv": [ 4.5, 14, 4, 14.5 ], "texture": "#texture" },
				"up": { "uv": [ 4.5, 12.5, 4, 13 ], "texture": "#texture" },
				"north": { "uv": [ 4.5, 12.5, 4, 14.5 ], "texture": "#texture" },
				"south": { "uv": [ 4.5, 12.5, 4, 14.5 ], "texture": "#texture" },
				"west": { "uv": [ 4.5, 12.5, 4, 14.5 ], "texture": "#texture" },
				"east": { "uv": [ 4.5, 12.5, 4, 14.5 ], "texture": "#texture" }
			}
		},
		{
			"__comment": "Voxels",
			"from": [ 11, 0, -1 ],
			"to": [ 14, 1, 1 ],
			"faces": {
				"down": { "uv": [ 4, 14.5, 2, 15 ], "texture": "#texture" },
				"up": { "uv": [ 4, 14.5, 2, 15 ], "texture": "#texture" },
				"north": { "uv": [ 4, 14.5, 2, 15 ], "texture": "#texture" },
				"south": { "uv": [ 4, 14.5, 2, 15 ], "texture": "#texture" },
				"west": { "uv": [ 2.5, 14.5, 2, 15 ], "texture": "#texture" },
				"east": { "uv": [ 4, 14.5, 3.5, 15 ], "texture": "#texture" }
			}
		},
		{
			"__comment": "Voxels",
			"from": [ 11, 1, 0 ],
			"to": [ 14, 4, 1 ],
			"faces": {
				"down": { "uv": [ 2, 14, 4, 14.5 ], "texture": "#texture" },
				"up": { "uv": [ 2, 12.5, 4, 13 ], "texture": "#texture" },
				"north": { "uv": [ 2, 12.5, 4, 14.5 ], "texture": "#texture" },
				"south": { "uv": [ 2, 12.5, 4, 14.5 ], "texture": "#texture" },
				"west": { "uv": [ 2, 12.5, 2.5, 14.5 ], "texture": "#texture" },
				"east": { "uv": [ 3.5, 12.5, 4, 14.5 ], "texture": "#texture" }
			}
		},
		{
			"__comment": "Voxels",
			"from": [ 11, 1, 1 ],
			"to": [ 14, 4, 2 ],
			"faces": {
				"down": { "uv": [ 8, 14, 10, 14.5 ], "texture": "#texture" },
				"up": { "uv": [ 8, 12.5, 10, 13 ], "texture": "#texture" },
				"north": { "uv": [ 8, 12.5, 10, 14.5 ], "texture": "#texture" },
				"south": { "uv": [ 8, 12.5, 10, 14.5 ], "texture": "#texture" },
				"west": { "uv": [ 8, 12.5, 8.5, 14.5 ], "texture": "#texture" },
				"east": { "uv": [ 9.5, 12.5, 10, 14.5 ], "texture": "#texture" }
			}
		},
		{
			"__comment": "Voxels",
			"from": [ 11, 4, -1 ],
			"to": [ 14, 5, 1 ],
			"faces": {
				"down": { "uv": [ 4, 12, 2, 12.5 ], "texture": "#texture" },
				"up": { "uv": [ 4, 12, 2, 12.5 ], "texture": "#texture" },
				"north": { "uv": [ 4, 12, 2, 12.5 ], "texture": "#texture" },
				"south": { "uv": [ 4, 12, 2, 12.5 ], "texture": "#texture" },
				"west": { "uv": [ 2.5, 12, 2, 12.5 ], "texture": "#texture" },
				"east": { "uv": [ 4, 12, 3.5, 12.5 ], "texture": "#texture" }
			}
		},
		{
			"__comment": "Voxels",
			"from": [ 14, 1, -1 ],
			"to": [ 15, 4, 1 ],
			"faces": {
				"down": { "uv": [ 2, 14, 1.5, 14.5 ], "texture": "#texture" },
				"up": { "uv": [ 2, 12.5, 1.5, 13 ], "texture": "#texture" },
				"north": { "uv": [ 2, 12.5, 1.5, 14.5 ], "texture": "#texture" },
				"south": { "uv": [ 2, 12.5, 1.5, 14.5 ], "texture": "#texture" },
				"west": { "uv": [ 2, 12.5, 1.5, 14.5 ], "texture": "#texture" },
				"east": { "uv": [ 2, 12.5, 1.5, 14.5 ], "texture": "#texture" }
			}
		}
	],
	"display": {
		"thirdperson_righthand": {
			"rotation":  [ -90, 90, 0 ],
			"translation":  [ 0, -2.2, 0.19 ],
			"scale":  [ 0.4, 0.4, 0.4 ]
		},
		"thirdperson_lefthand": {
			"rotation":  [ -90, 90, 0 ],
			"translation":  [ 0, -2.2, 0.19 ],
			"scale":  [ 0.4, 0.4, 0.4 ]
		},
		"firstperson_righthand": {
			"rotation":  [ 0, -75, 0 ],
			"translation":  [ 0, 2.7, 0 ],
			"scale":  [ 0.4, 0.4, 0.4 ]
		},
		"firstperson_lefthand": {
			"rotation":  [ 0, -75, 0 ],
			"translation":  [ 0, 2.7, 0 ],
			"scale":  [ 0.4, 0.4, 0.4 ]
		},
		"gui": {
			"rotation":  [ 0, 180, 0 ],
			"translation":  [ 0, 5, 0 ],
			"scale":  [ 1, 1, 1 ]
		},
		"head": {
			"rotation":  [ 0, 0, 0 ],
			"translation":  [ 0, 14.50, 7 ],
			"scale":  [ 1.2, 1.2, 1.2 ]
		},
		"ground": {
			"translation":  [ 0, -1.5, 0 ],
			"scale":  [ 0.5, 0.5, 0.5 ]
		},
		"fixed": {
			"rotation":  [ 0, 180, 0 ],
			"translation":  [ 0, -2.4, -1.3 ]
		}
	}
}