{
"__comment": "Designed by Zorigami",
"textures": {
    "particle": "blocks/hats/bunny_ears",
    "texture": "blocks/hats/bunny_ears",
    "bunnyearsback": "blocks/hats/bunny_ears_back"
},
"elements": [ 
{
    "from": [ 4, 0, 6.5 ],
    "to": [ 6, 9, 8.5 ],
    "faces": {
        "down":  { "uv": [ 4.001, 15.001, 5.999, 15.999 ], "texture": "#bunnyearsback" },
        "up":    { "uv": [ 4.001, 7.001, 5.999, 7.999 ], "texture": "#bunnyearsback" },
        "north": { "uv": [ 5.999, 7.001, 4.001, 15.999 ], "texture": "#bunnyearsback" },
        "south": { "uv": [ 4.001, 7.001, 5.999, 15.999 ], "texture": "#texture" },
        "west":  { "uv": [ 4.001, 7.001, 4.999, 15.999 ], "texture": "#bunnyearsback" },
        "east":  { "uv": [ 5.001, 7.001, 5.999, 15.999 ], "texture": "#bunnyearsback" }
    }
},
{
    "from": [ 3, 6, 6.5 ],
    "to": [ 5, 12, 8.5 ],
    "faces": {
        "down":  { "uv": [ 3.001, 9.001, 4.999, 9.999 ], "texture": "#bunnyearsback" },
        "up":    { "uv": [ 3.001, 4.001, 4.999, 4.999 ], "texture": "#bunnyearsback" },
        "north": { "uv": [ 4.999, 4.001, 3.001, 9.999 ], "texture": "#bunnyearsback" },
        "south": { "uv": [ 3.001, 4.001, 4.999, 9.999 ], "texture": "#texture" },
        "west":  { "uv": [ 3.001, 4.001, 3.999, 9.999 ], "texture": "#bunnyearsback" },
        "east":  { "uv": [ 4.001, 4.001, 4.999, 9.999 ], "texture": "#bunnyearsback" }
    }
},
{
    "from": [ 2, 8, 6.5 ],
    "to": [ 4, 13, 8.5 ],
    "faces": {
        "down":  { "uv": [ 2.001, 7.001, 3.999, 7.999 ], "texture": "#bunnyearsback" },
        "up":    { "uv": [ 2.001, 3.001, 3.999, 3.999 ], "texture": "#bunnyearsback" },
        "north": { "uv": [ 3.999, 3.001, 2.001, 7.999 ], "texture": "#bunnyearsback" },
        "south": { "uv": [ 2.001, 3.001, 3.999, 7.999 ], "texture": "#texture" },
        "west":  { "uv": [ 2.001, 3.001, 2.999, 7.999 ], "texture": "#bunnyearsback" },
        "east":  { "uv": [ 3.001, 3.001, 3.999, 7.999 ], "texture": "#bunnyearsback" }
    }
},
{
    "from": [ 1, 7, 7.5 ],
    "to": [ 2, 14, 9.5 ],
    "faces": {
        "down":  { "uv": [ 1.001, 8.001, 1.999, 8.999 ], "texture": "#bunnyearsback" },
        "up":    { "uv": [ 1.001, 2.001, 1.999, 2.999 ], "texture": "#bunnyearsback" },
        "north": { "uv": [ 1.999, 2.001, 1.001, 8.999 ], "texture": "#bunnyearsback" },
        "south": { "uv": [ 1.001, 2.001, 1.999, 8.999 ], "texture": "#texture" },
        "west":  { "uv": [ 1.001, 2.001, 1.999, 8.999 ], "texture": "#bunnyearsback" },
        "east":  { "uv": [ 1.001, 2.001, 1.999, 8.999 ], "texture": "#bunnyearsback" }
    }
},
{
    "from": [ 2, 13, 7.5 ],
    "to": [ 5, 14, 9.5 ],
    "faces": {
        "down":  { "uv": [ 2.001, 2.001, 4.999, 2.999 ], "texture": "#bunnyearsback" },
        "up":    { "uv": [ 2.001, 2.001, 4.999, 2.999 ], "texture": "#bunnyearsback" },
        "north": { "uv": [ 4.999, 2.001, 2.001, 2.999 ], "texture": "#bunnyearsback" },
        "south": { "uv": [ 2.001, 2.001, 4.999, 2.999 ], "texture": "#texture" },
        "west":  { "uv": [ 2.001, 2.001, 2.999, 2.999 ], "texture": "#bunnyearsback" },
        "east":  { "uv": [ 4.001, 2.001, 4.999, 2.999 ], "texture": "#bunnyearsback" }
    }
},
{
    "from": [ 4, 12, 7.5 ],
    "to": [ 6, 13, 9.5 ],
    "faces": {
        "down":  { "uv": [ 4.001, 3.001, 5.999, 3.999 ], "texture": "#bunnyearsback" },
        "up":    { "uv": [ 4.001, 3.001, 5.999, 3.999 ], "texture": "#bunnyearsback" },
        "north": { "uv": [ 5.999, 3.001, 4.001, 3.999 ], "texture": "#bunnyearsback" },
        "south": { "uv": [ 4.001, 3.001, 5.999, 3.999 ], "texture": "#texture" },
        "west":  { "uv": [ 4.001, 3.001, 4.999, 3.999 ], "texture": "#bunnyearsback" },
        "east":  { "uv": [ 5.001, 3.001, 5.999, 3.999 ], "texture": "#bunnyearsback" }
    }
},
{
    "from": [ 5, 9, 7.5 ],
    "to": [ 6, 12, 9.5 ],
    "faces": {
        "down":  { "uv": [ 5.001, 6.001, 5.999, 6.999 ], "texture": "#bunnyearsback" },
        "up":    { "uv": [ 5.001, 4.001, 5.999, 4.999 ], "texture": "#bunnyearsback" },
        "north": { "uv": [ 5.999, 4.001, 5.001, 6.999 ], "texture": "#bunnyearsback" },
        "south": { "uv": [ 5.001, 4.001, 5.999, 6.999 ], "texture": "#texture" },
        "west":  { "uv": [ 5.001, 4.001, 5.999, 6.999 ], "texture": "#bunnyearsback" },
        "east":  { "uv": [ 5.001, 4.001, 5.999, 6.999 ], "texture": "#bunnyearsback" }
    }
},
{
    "from": [ 6, 0, 7.5 ],
    "to": [ 7, 10, 9.5 ],
    "faces": {
        "down":  { "uv": [ 6.001, 15.001, 6.999, 15.999 ], "texture": "#bunnyearsback" },
        "up":    { "uv": [ 6.001, 6.001, 6.999, 6.999 ], "texture": "#bunnyearsback" },
        "north": { "uv": [ 6.999, 6.001, 6.001, 15.999 ], "texture": "#bunnyearsback" },
        "south": { "uv": [ 6.001, 6.001, 6.999, 15.999 ], "texture": "#texture" },
        "west":  { "uv": [ 6.001, 6.001, 6.999, 15.999 ], "texture": "#bunnyearsback" },
        "east":  { "uv": [ 6.001, 6.001, 6.999, 15.999 ], "texture": "#bunnyearsback" }
    }
},
{
    "from": [ 1, 14, 8.5 ],
    "to": [ 4, 15, 9.5 ],
    "faces": {
        "down":  { "uv": [ 1.001, 1.001, 3.999, 1.999 ], "texture": "#bunnyearsback" },
        "up":    { "uv": [ 1.001, 1.001, 3.999, 1.999 ], "texture": "#bunnyearsback" },
        "north": { "uv": [ 3.999, 1.001, 1.001, 1.999 ], "texture": "#bunnyearsback" },
        "south": { "uv": [ 1.001, 1.001, 3.999, 1.999 ], "texture": "#texture" },
        "west":  { "uv": [ 1.001, 1.001, 1.999, 1.999 ], "texture": "#bunnyearsback" },
        "east":  { "uv": [ 3.001, 1.001, 3.999, 1.999 ], "texture": "#bunnyearsback" }
    }
},
{
    "from": [ 2, 5, 7.5 ],
    "to": [ 3, 8, 9.5 ],
    "faces": {
        "down":  { "uv": [ 2.001, 10.001, 2.999, 10.999 ], "texture": "#bunnyearsback" },
        "up":    { "uv": [ 2.001, 8.001, 2.999, 8.999 ], "texture": "#bunnyearsback" },
        "north": { "uv": [ 2.999, 8.001, 2.001, 10.999 ], "texture": "#bunnyearsback" },
        "south": { "uv": [ 2.001, 8.001, 2.999, 10.999 ], "texture": "#texture" },
        "west":  { "uv": [ 2.001, 8.001, 2.999, 10.999 ], "texture": "#bunnyearsback" },
        "east":  { "uv": [ 2.001, 8.001, 2.999, 10.999 ], "texture": "#bunnyearsback" }
    }
},
{
    "from": [ 3, 0, 7.5 ],
    "to": [ 4, 6, 9.5 ],
    "faces": {
        "down":  { "uv": [ 3.001, 15.001, 3.999, 15.999 ], "texture": "#bunnyearsback" },
        "up":    { "uv": [ 3.001, 10.001, 3.999, 10.999 ], "texture": "#bunnyearsback" },
        "north": { "uv": [ 3.999, 10.001, 3.001, 15.999 ], "texture": "#bunnyearsback" },
        "south": { "uv": [ 3.001, 10.001, 3.999, 15.999 ], "texture": "#texture" },
        "west":  { "uv": [ 3.001, 10.001, 3.999, 15.999 ], "texture": "#bunnyearsback" },
        "east":  { "uv": [ 3.001, 10.001, 3.999, 15.999 ], "texture": "#bunnyearsback" }
    }
},
{
    "from": [ 10, 0, 6.5 ],
    "to": [ 12, 9, 8.5 ],
    "faces": {
        "down":  { "uv": [ 10.001, 15.001, 11.999, 15.999 ], "texture": "#bunnyearsback" },
        "up":    { "uv": [ 10.001, 7.001, 11.999, 7.999 ], "texture": "#bunnyearsback" },
        "north": { "uv": [ 11.999, 7.001, 10.001, 15.999 ], "texture": "#bunnyearsback" },
        "south": { "uv": [ 10.001, 7.001, 11.999, 15.999 ], "texture": "#texture" },
        "west":  { "uv": [ 10.001, 7.001, 10.999, 15.999 ], "texture": "#bunnyearsback" },
        "east":  { "uv": [ 11.001, 7.001, 11.999, 15.999 ], "texture": "#bunnyearsback" }
    }
},
{
    "from": [ 11, 6, 6.5 ],
    "to": [ 13, 12, 8.5 ],
    "faces": {
        "down":  { "uv": [ 11.001, 9.001, 12.999, 9.999 ], "texture": "#bunnyearsback" },
        "up":    { "uv": [ 11.001, 4.001, 12.999, 4.999 ], "texture": "#bunnyearsback" },
        "north": { "uv": [ 12.999, 4.001, 11.001, 9.999 ], "texture": "#bunnyearsback" },
        "south": { "uv": [ 11.001, 4.001, 12.999, 9.999 ], "texture": "#texture" },
        "west":  { "uv": [ 11.001, 4.001, 11.999, 9.999 ], "texture": "#bunnyearsback" },
        "east":  { "uv": [ 12.001, 4.001, 12.999, 9.999 ], "texture": "#bunnyearsback" }
    }
},
{
    "from": [ 12, 8, 6.5 ],
    "to": [ 14, 13, 8.5 ],
    "faces": {
        "down":  { "uv": [ 12.001, 7.001, 13.999, 7.999 ], "texture": "#bunnyearsback" },
        "up":    { "uv": [ 12.001, 3.001, 13.999, 3.999 ], "texture": "#bunnyearsback" },
        "north": { "uv": [ 13.999, 3.001, 12.001, 7.999 ], "texture": "#bunnyearsback" },
        "south": { "uv": [ 12.001, 3.001, 13.999, 7.999 ], "texture": "#texture" },
        "west":  { "uv": [ 12.001, 3.001, 12.999, 7.999 ], "texture": "#bunnyearsback" },
        "east":  { "uv": [ 13.001, 3.001, 13.999, 7.999 ], "texture": "#bunnyearsback" }
    }
},
{
    "from": [ 9, 0, 7.5 ],
    "to": [ 10, 10, 9.5 ],
    "faces": {
        "down":  { "uv": [ 9.001, 15.001, 9.999, 15.999 ], "texture": "#bunnyearsback" },
        "up":    { "uv": [ 9.001, 6.001, 9.999, 6.999 ], "texture": "#bunnyearsback" },
        "north": { "uv": [ 9.999, 6.001, 9.001, 15.999 ], "texture": "#bunnyearsback" },
        "south": { "uv": [ 9.001, 6.001, 9.999, 15.999 ], "texture": "#texture" },
        "west":  { "uv": [ 9.001, 6.001, 9.999, 15.999 ], "texture": "#bunnyearsback" },
        "east":  { "uv": [ 9.001, 6.001, 9.999, 15.999 ], "texture": "#bunnyearsback" }
    }
},
{
    "from": [ 10, 9, 7.5 ],
    "to": [ 11, 12, 9.5 ],
    "faces": {
        "down":  { "uv": [ 10.001, 6.001, 10.999, 6.999 ], "texture": "#bunnyearsback" },
        "up":    { "uv": [ 10.001, 4.001, 10.999, 4.999 ], "texture": "#bunnyearsback" },
        "north": { "uv": [ 10.999, 4.001, 10.001, 6.999 ], "texture": "#bunnyearsback" },
        "south": { "uv": [ 10.001, 4.001, 10.999, 6.999 ], "texture": "#texture" },
        "west":  { "uv": [ 10.001, 4.001, 10.999, 6.999 ], "texture": "#bunnyearsback" },
        "east":  { "uv": [ 10.001, 4.001, 10.999, 6.999 ], "texture": "#bunnyearsback" }
    }
},
{
    "from": [ 10, 12, 7.5 ],
    "to": [ 12, 13, 9.5 ],
    "faces": {
        "down":  { "uv": [ 10.001, 3.001, 11.999, 3.999 ], "texture": "#bunnyearsback" },
        "up":    { "uv": [ 10.001, 3.001, 11.999, 3.999 ], "texture": "#bunnyearsback" },
        "north": { "uv": [ 11.999, 3.001, 10.001, 3.999 ], "texture": "#bunnyearsback" },
        "south": { "uv": [ 10.001, 3.001, 11.999, 3.999 ], "texture": "#texture" },
        "west":  { "uv": [ 10.001, 3.001, 10.999, 3.999 ], "texture": "#bunnyearsback" },
        "east":  { "uv": [ 11.001, 3.001, 11.999, 3.999 ], "texture": "#bunnyearsback" }
    }
},
{
    "from": [ 11, 13, 7.5 ],
    "to": [ 14, 14, 9.5 ],
    "faces": {
        "down":  { "uv": [ 11.001, 2.001, 13.999, 2.999 ], "texture": "#bunnyearsback" },
        "up":    { "uv": [ 11.001, 2.001, 13.999, 2.999 ], "texture": "#bunnyearsback" },
        "north": { "uv": [ 13.999, 2.001, 11.001, 2.999 ], "texture": "#bunnyearsback" },
        "south": { "uv": [ 11.001, 2.001, 13.999, 2.999 ], "texture": "#texture" },
        "west":  { "uv": [ 11.001, 2.001, 11.999, 2.999 ], "texture": "#bunnyearsback" },
        "east":  { "uv": [ 13.001, 2.001, 13.999, 2.999 ], "texture": "#bunnyearsback" }
    }
},
{
    "from": [ 12, 14, 8.5 ],
    "to": [ 15, 15, 9.5 ],
    "faces": {
        "down":  { "uv": [ 12.001, 1.001, 14.999, 1.999 ], "texture": "#bunnyearsback" },
        "up":    { "uv": [ 12.001, 1.001, 14.999, 1.999 ], "texture": "#bunnyearsback" },
        "north": { "uv": [ 14.999, 1.001, 12.001, 1.999 ], "texture": "#bunnyearsback" },
        "south": { "uv": [ 12.001, 1.001, 14.999, 1.999 ], "texture": "#texture" },
        "west":  { "uv": [ 12.001, 1.001, 12.999, 1.999 ], "texture": "#bunnyearsback" },
        "east":  { "uv": [ 14.001, 1.001, 14.999, 1.999 ], "texture": "#bunnyearsback" }
    }
},
{
    "from": [ 14, 7, 7.5 ],
    "to": [ 15, 14, 9.5 ],
    "faces": {
        "down":  { "uv": [ 14.001, 8.001, 14.999, 8.999 ], "texture": "#bunnyearsback" },
        "up":    { "uv": [ 14.001, 2.001, 14.999, 2.999 ], "texture": "#bunnyearsback" },
        "north": { "uv": [ 14.999, 2.001, 14.001, 8.999 ], "texture": "#bunnyearsback" },
        "south": { "uv": [ 14.001, 2.001, 14.999, 8.999 ], "texture": "#texture" },
        "west":  { "uv": [ 14.001, 2.001, 14.999, 8.999 ], "texture": "#bunnyearsback" },
        "east":  { "uv": [ 14.001, 2.001, 14.999, 8.999 ], "texture": "#bunnyearsback" }
    }
},
{
    "from": [ 13, 5, 7.5 ],
    "to": [ 14, 8, 9.5 ],
    "faces": {
        "down":  { "uv": [ 13.001, 10.001, 13.999, 10.999 ], "texture": "#bunnyearsback" },
        "up":    { "uv": [ 13.001, 8.001, 13.999, 8.999 ], "texture": "#bunnyearsback" },
        "north": { "uv": [ 13.999, 8.001, 13.001, 10.999 ], "texture": "#bunnyearsback" },
        "south": { "uv": [ 13.001, 8.001, 13.999, 10.999 ], "texture": "#texture" },
        "west":  { "uv": [ 13.001, 8.001, 13.999, 10.999 ], "texture": "#bunnyearsback" },
        "east":  { "uv": [ 13.001, 8.001, 13.999, 10.999 ], "texture": "#bunnyearsback" }
    }
},
{
    "from": [ 12, 0, 7.5 ],
    "to": [ 13, 6, 9.5 ],
    "faces": {
        "down":  { "uv": [ 12.001, 15.001, 12.999, 15.999 ], "texture": "#bunnyearsback" },
        "up":    { "uv": [ 12.001, 10.001, 12.999, 10.999 ], "texture": "#bunnyearsback" },
        "north": { "uv": [ 12.999, 10.001, 12.001, 15.999 ], "texture": "#bunnyearsback" },
        "south": { "uv": [ 12.001, 10.001, 12.999, 15.999 ], "texture": "#texture" },
        "west":  { "uv": [ 12.001, 10.001, 12.999, 15.999 ], "texture": "#bunnyearsback" },
        "east":  { "uv": [ 12.001, 10.001, 12.999, 15.999 ], "texture": "#bunnyearsback" }
    }
}
],
"display": {
    "thirdperson_righthand": {
        "rotation": [ 0, 90, -90 ],
        "translation": [ 0, -2.15, -3.59 ],
        "scale": [ 0.5, 0.5, 0.5 ]
    },
    "thirdperson_lefthand": {
        "rotation": [ 0, 90, -90 ],
        "translation": [ 0, -2.15, -3.59 ],
        "scale": [ 0.5, 0.5, 0.5 ]
    },
    "head": {
        "rotation": [ 0, 180, 0 ],
        "translation": [ 0, 14.7, 0 ],
        "scale": [ 1.1, 1.1, 1.1 ]
    },
    "ground": {
        "rotation": [ 0, 0, 0 ],
        "translation": [ 0, 3.2, 0 ],
        "scale": [ 0.6, 0.6, 0.6 ]
    },
    "fixed": {
        "rotation": [ 0, 180, 0 ],
        "translation": [ 0, 0.5, -1.3 ],
        "scale": [ 1, 1, 1 ]
    },
    "firstperson_righthand": {
        "rotation": [ 0, -75, 0 ],
        "translation": [ -0.19, 3.21, -0.38 ],
        "scale": [ 0.4, 0.4, 0.4 ]
    },
    "firstperson_lefthand": {
        "rotation": [ 0, -75, 0 ],
        "translation": [ -0.19, 3.21, -0.38 ],
        "scale": [ 0.4, 0.4, 0.4 ]
    },
    "gui": {
        "rotation": [ 30, -45, 0 ],
        "translation": [ -0.95, 0, 0 ],
        "scale": [ 1.0, 1.0, 1.0 ]
    }
}
}