{
"__comment": "Designed by Zorigami",
"textures": {
    "texture": "blocks/hats/cap_base5"
},
"elements": [ 
{
    "__comment": "Top",
    "from": [ 5.5, 7, 7 ],
    "to": [ 6, 9, 9 ],
    "faces": {
        "down":  { "uv": [ 5.501, 4.501, 5.999, 4.999 ], "texture": "#texture" },
        "up":    { "uv": [ 5.501, 7.001, 5.999, 7.499 ], "texture": "#texture" },
        "north": { "uv": [ 5.999, 7.001, 5.501, 8.999 ], "texture": "#texture" },
        "south": { "uv": [ 5.501, 7.001, 5.999, 8.999 ], "texture": "#texture" },
        "west":  { "uv": [ 5.501, 7.001, 5.999, 8.999 ], "texture": "#texture" },
        "east":  { "uv": [ 5.501, 3.001, 5.999, 4.999 ], "texture": "#texture" }
    }
},
{
    "__comment": "Top",
    "from": [ 7, 7, 5.5 ],
    "to": [ 9, 9, 6 ],
    "faces": {
        "down":  { "uv": [ 7.001, 4.501, 8.999, 4.999 ], "texture": "#texture" },
        "up":    { "uv": [ 7.001, 7.001, 8.999, 7.499 ], "texture": "#texture" },
        "north": { "uv": [ 8.999, 7.001, 7.001, 8.999 ], "texture": "#texture" },
        "south": { "uv": [ 7.001, 3.001, 8.999, 4.999 ], "texture": "#texture" },
        "west":  { "uv": [ 7.001, 7.001, 7.499, 8.999 ], "texture": "#texture" },
        "east":  { "uv": [ 8.501, 7.001, 8.999, 8.999 ], "texture": "#texture" }
    }
},
{
    "__comment": "Top",
    "from": [ 6, 9, 6.5 ],
    "to": [ 10, 9.5, 9.5 ],
    "faces": {
        "down":  { "uv": [ 6.001, 2.501, 9.999, 2.999 ], "texture": "#texture" },
        "up":    { "uv": [ 6.001, 6.501, 9.999, 6.999 ], "texture": "#texture" },
        "north": { "uv": [ 9.999, 6.501, 6.001, 6.999 ], "texture": "#texture" },
        "south": { "uv": [ 6.001, 6.501, 9.999, 6.999 ], "texture": "#texture" },
        "west":  { "uv": [ 6.001, 6.501, 6.499, 6.999 ], "texture": "#texture" },
        "east":  { "uv": [ 9.501, 6.501, 9.999, 6.999 ], "texture": "#texture" }
    }
},
{
    "__comment": "Top",
    "from": [ 6.5, 9, 6.5 ],
    "to": [ 9.5, 10, 9.5 ],
    "faces": {
        "down":  { "uv": [ 6.501, 2.501, 9.499, 2.999 ], "texture": "#texture" },
        "up":    { "uv": [ 6.501, 6.001, 9.499, 6.499 ], "texture": "#texture" },
        "north": { "uv": [ 9.499, 6.001, 6.501, 6.999 ], "texture": "#texture" },
        "south": { "uv": [ 6.501, 6.001, 9.499, 6.999 ], "texture": "#texture" },
        "west":  { "uv": [ 6.501, 6.001, 6.999, 6.999 ], "texture": "#texture" },
        "east":  { "uv": [ 9.001, 6.001, 9.499, 6.999 ], "texture": "#texture" }
    }
},
{
    "__comment": "Top",
    "from": [ 6.5, 9, 6 ],
    "to": [ 9.5, 9.5, 10 ],
    "faces": {
        "down":  { "uv": [ 6.501, 2.501, 9.499, 2.999 ], "texture": "#texture" },
        "up":    { "uv": [ 6.501, 6.501, 9.499, 6.999 ], "texture": "#texture" },
        "north": { "uv": [ 9.499, 6.501, 6.501, 6.999 ], "texture": "#texture" },
        "south": { "uv": [ 6.501, 6.501, 9.499, 6.999 ], "texture": "#texture" },
        "west":  { "uv": [ 6.501, 6.501, 6.999, 6.999 ], "texture": "#texture" },
        "east":  { "uv": [ 9.001, 6.501, 9.499, 6.999 ], "texture": "#texture" }
    }
},
{
    "__comment": "Top",
    "from": [ 7, 10, 7 ],
    "to": [ 9, 10.5, 9 ],
    "faces": {
        "down":  { "uv": [ 7.001, 5.501, 8.999, 5.999 ], "texture": "#texture" },
        "up":    { "uv": [ 7.001, 5.501, 8.999, 5.999 ], "texture": "#texture" },
        "north": { "uv": [ 8.999, 5.501, 7.001, 5.999 ], "texture": "#texture" },
        "south": { "uv": [ 7.001, 5.501, 8.999, 5.999 ], "texture": "#texture" },
        "west":  { "uv": [ 7.001, 5.501, 7.499, 5.999 ], "texture": "#texture" },
        "east":  { "uv": [ 8.501, 5.501, 8.999, 5.999 ], "texture": "#texture" }
    }
},
{
    "__comment": "Top",
    "from": [ 6, 9.5, 7.5 ],
    "to": [ 10, 10, 8.5 ],
    "faces": {
        "down":  { "uv": [ 6.001, 6.001, 9.999, 6.499 ], "texture": "#texture" },
        "up":    { "uv": [ 6.001, 6.001, 9.999, 6.499 ], "texture": "#texture" },
        "north": { "uv": [ 9.999, 6.001, 6.001, 6.499 ], "texture": "#texture" },
        "south": { "uv": [ 6.001, 6.001, 9.999, 6.499 ], "texture": "#texture" },
        "west":  { "uv": [ 6.001, 6.001, 6.499, 6.499 ], "texture": "#texture" },
        "east":  { "uv": [ 9.501, 6.001, 9.999, 6.499 ], "texture": "#texture" }
    }
},
{
    "__comment": "Top",
    "from": [ 7.5, 9.5, 6 ],
    "to": [ 8.5, 10, 10 ],
    "faces": {
        "down":  { "uv": [ 7.501, 6.001, 8.499, 6.499 ], "texture": "#texture" },
        "up":    { "uv": [ 7.501, 6.001, 8.499, 6.499 ], "texture": "#texture" },
        "north": { "uv": [ 8.499, 6.001, 7.501, 6.499 ], "texture": "#texture" },
        "south": { "uv": [ 7.501, 6.001, 8.499, 6.499 ], "texture": "#texture" },
        "west":  { "uv": [ 7.501, 6.001, 7.999, 6.499 ], "texture": "#texture" },
        "east":  { "uv": [ 8.001, 6.001, 8.499, 6.499 ], "texture": "#texture" }
    }
},
{
    "__comment": "Top*",
    "from": [ 10, 7, 7 ],
    "to": [ 10.5, 9, 9 ],
    "faces": {
        "down":  { "uv": [ 10.001, 4.501, 10.499, 4.999 ], "texture": "#texture" },
        "up":    { "uv": [ 10.001, 7.001, 10.499, 7.499 ], "texture": "#texture" },
        "north": { "uv": [ 10.499, 7.001, 10.001, 8.999 ], "texture": "#texture" },
        "south": { "uv": [ 10.001, 7.001, 10.499, 8.999 ], "texture": "#texture" },
        "west":  { "uv": [ 10.001, 3.001, 10.499, 4.999 ], "texture": "#texture" },
        "east":  { "uv": [ 10.001, 7.001, 10.499, 8.999 ], "texture": "#texture" }
    }
},
{
    "__comment": "Top*",
    "from": [ 6, 7, 9 ],
    "to": [ 6.5, 9, 10 ],
    "faces": {
        "down":  { "uv": [ 6.001, 4.501, 6.499, 4.999 ], "texture": "#texture" },
        "up":    { "uv": [ 6.001, 7.001, 6.499, 7.499 ], "texture": "#texture" },
        "north": { "uv": [ 6.499, 3.001, 6.001, 4.999 ], "texture": "#texture" },
        "south": { "uv": [ 6.001, 7.001, 6.499, 8.999 ], "texture": "#texture" },
        "west":  { "uv": [ 6.001, 7.001, 6.499, 8.999 ], "texture": "#texture" },
        "east":  { "uv": [ 6.001, 3.001, 6.499, 4.999 ], "texture": "#texture" }
    }
},
{
    "__comment": "Top*",
    "from": [ 9.5, 7, 9 ],
    "to": [ 10, 9, 10 ],
    "faces": {
        "down":  { "uv": [ 9.501, 4.501, 9.999, 4.999 ], "texture": "#texture" },
        "up":    { "uv": [ 9.501, 7.001, 9.999, 7.499 ], "texture": "#texture" },
        "north": { "uv": [ 9.999, 3.001, 9.501, 4.999 ], "texture": "#texture" },
        "south": { "uv": [ 9.501, 7.001, 9.999, 8.999 ], "texture": "#texture" },
        "west":  { "uv": [ 9.501, 3.001, 9.999, 4.999 ], "texture": "#texture" },
        "east":  { "uv": [ 9.501, 7.001, 9.999, 8.999 ], "texture": "#texture" }
    }
},
{
    "__comment": "Top*",
    "from": [ 7, 7, 9.75 ],
    "to": [ 9, 9, 10.25 ],
    "faces": {
        "down":  { "uv": [ 7.001, 4.501, 8.999, 4.999 ], "texture": "#texture" },
        "up":    { "uv": [ 0.001, 0.001, 3.999, 0.499 ], "texture": "#texture" },
        "north": { "uv": [ 8.999, 3.001, 7.001, 4.999 ], "texture": "#texture" },
        "south": { "uv": [ 0.001, 0.001, 3.999, 3.999 ], "texture": "#texture" },
        "west":  { "uv": [ 0.001, 0.001, 0.499, 3.999 ], "texture": "#texture" },
        "east":  { "uv": [ 3.501, 0.001, 3.999, 3.999 ], "texture": "#texture" }
    }
},
{
    "__comment": "Top*",
    "from": [ 9, 7, 9.5 ],
    "to": [ 9.5, 9, 10 ],
    "faces": {
        "down":  { "uv": [ 9.001, 4.501, 9.499, 4.999 ], "texture": "#texture" },
        "up":    { "uv": [ 9.001, 7.001, 9.499, 7.499 ], "texture": "#texture" },
        "north": { "uv": [ 9.499, 3.001, 9.001, 4.999 ], "texture": "#texture" },
        "south": { "uv": [ 9.001, 7.001, 9.499, 8.999 ], "texture": "#texture" },
        "west":  { "uv": [ 9.001, 3.001, 9.499, 4.999 ], "texture": "#texture" },
        "east":  { "uv": [ 9.001, 7.001, 9.499, 8.999 ], "texture": "#texture" }
    }
},
{
    "__comment": "Top*",
    "from": [ 6.5, 7, 9.5 ],
    "to": [ 7, 9, 10 ],
    "faces": {
        "down":  { "uv": [ 6.501, 4.501, 6.999, 4.999 ], "texture": "#texture" },
        "up":    { "uv": [ 6.501, 7.001, 6.999, 7.499 ], "texture": "#texture" },
        "north": { "uv": [ 6.999, 3.001, 6.501, 4.999 ], "texture": "#texture" },
        "south": { "uv": [ 6.501, 7.001, 6.999, 8.999 ], "texture": "#texture" },
        "west":  { "uv": [ 6.501, 7.001, 6.999, 8.999 ], "texture": "#texture" },
        "east":  { "uv": [ 6.501, 3.001, 6.999, 4.999 ], "texture": "#texture" }
    }
},
{
    "__comment": "Top*",
    "from": [ 9.5, 7, 6 ],
    "to": [ 10, 9, 7 ],
    "faces": {
        "down":  { "uv": [ 9.501, 4.501, 9.999, 4.999 ], "texture": "#texture" },
        "up":    { "uv": [ 9.501, 7.001, 9.999, 7.499 ], "texture": "#texture" },
        "north": { "uv": [ 9.999, 7.001, 9.501, 8.999 ], "texture": "#texture" },
        "south": { "uv": [ 9.501, 3.001, 9.999, 4.999 ], "texture": "#texture" },
        "west":  { "uv": [ 9.501, 3.001, 9.999, 4.999 ], "texture": "#texture" },
        "east":  { "uv": [ 9.501, 7.001, 9.999, 8.999 ], "texture": "#texture" }
    }
},
{
    "__comment": "Top*",
    "from": [ 9, 7, 6 ],
    "to": [ 9.5, 9, 6.5 ],
    "faces": {
        "down":  { "uv": [ 9.001, 4.501, 9.499, 4.999 ], "texture": "#texture" },
        "up":    { "uv": [ 9.001, 7.001, 9.499, 7.499 ], "texture": "#texture" },
        "north": { "uv": [ 9.499, 7.001, 9.001, 8.999 ], "texture": "#texture" },
        "south": { "uv": [ 9.001, 3.001, 9.499, 4.999 ], "texture": "#texture" },
        "west":  { "uv": [ 9.001, 3.001, 9.499, 4.999 ], "texture": "#texture" },
        "east":  { "uv": [ 9.001, 7.001, 9.499, 8.999 ], "texture": "#texture" }
    }
},
{
    "__comment": "Top*",
    "from": [ 6.5, 7, 6 ],
    "to": [ 7, 9, 6.5 ],
    "faces": {
        "down":  { "uv": [ 6.501, 4.501, 6.999, 4.999 ], "texture": "#texture" },
        "up":    { "uv": [ 6.501, 7.001, 6.999, 7.499 ], "texture": "#texture" },
        "north": { "uv": [ 6.999, 7.001, 6.501, 8.999 ], "texture": "#texture" },
        "south": { "uv": [ 6.501, 3.001, 6.999, 4.999 ], "texture": "#texture" },
        "west":  { "uv": [ 6.501, 7.001, 6.999, 8.999 ], "texture": "#texture" },
        "east":  { "uv": [ 6.501, 3.001, 6.999, 4.999 ], "texture": "#texture" }
    }
},
{
    "__comment": "Top*",
    "from": [ 6, 7, 6 ],
    "to": [ 6.5, 9, 7 ],
    "faces": {
        "down":  { "uv": [ 6.001, 4.501, 6.499, 4.999 ], "texture": "#texture" },
        "up":    { "uv": [ 6.001, 7.001, 6.499, 7.499 ], "texture": "#texture" },
        "north": { "uv": [ 6.499, 7.001, 6.001, 8.999 ], "texture": "#texture" },
        "south": { "uv": [ 6.001, 3.001, 6.499, 4.999 ], "texture": "#texture" },
        "west":  { "uv": [ 6.001, 7.001, 6.499, 8.999 ], "texture": "#texture" },
        "east":  { "uv": [ 6.001, 3.001, 6.499, 4.999 ], "texture": "#texture" }
    }
},
{
    "__comment": "Brim",
    "from": [ 6, 7, 10.25 ],
    "to": [ 10, 7.5, 12 ],
    "faces": {
        "down":  { "uv": [ 6.001, 12.999, 9.999, 11.251 ], "texture": "#texture" },
        "up":    { "uv": [ 6.001, 11.251, 9.999, 12.999 ], "texture": "#texture" },
        "north": { "uv": [ 9.999, 11.001, 6.001, 11.499 ], "texture": "#texture" },
        "south": { "uv": [ 6.001, 12.501, 9.999, 12.999 ], "texture": "#texture" },
        "west":  { "uv": [ 6.001, 11.251, 6.499, 12.999 ], "rotation": 270, "texture": "#texture" },
        "east":  { "uv": [ 9.501, 11.251, 9.999, 12.999 ], "rotation": 90, "texture": "#texture" }
    }
},
{
    "__comment": "Brim",
    "from": [ 7, 7, 12 ],
    "to": [ 9, 7.5, 12.5 ],
    "faces": {
        "down":  { "uv": [ 7.001, 13.001, 8.999, 13.499 ], "texture": "#texture" },
        "up":    { "uv": [ 7.001, 13.001, 8.999, 13.499 ], "texture": "#texture" },
        "north": { "uv": [ 8.999, 13.001, 7.001, 13.499 ], "texture": "#texture" },
        "south": { "uv": [ 7.001, 13.001, 8.999, 13.499 ], "texture": "#texture" },
        "west":  { "uv": [ 7.001, 13.001, 7.499, 13.499 ], "rotation": 270, "texture": "#texture" },
        "east":  { "uv": [ 8.501, 13.001, 8.999, 13.499 ], "rotation": 90, "texture": "#texture" }
    }
},
{
    "__comment": "Brim",
    "from": [ 10, 7, 9 ],
    "to": [ 10.5, 7.5, 11 ],
    "faces": {
        "down":  { "uv": [ 10.001, 11.999, 10.499, 10.001 ], "texture": "#texture" },
        "up":    { "uv": [ 10.001, 10.001, 10.499, 11.999 ], "texture": "#texture" },
        "north": { "uv": [ 10.499, 10.001, 10.001, 10.499 ], "texture": "#texture" },
        "south": { "uv": [ 10.001, 11.501, 10.499, 11.999 ], "texture": "#texture" },
        "west":  { "uv": [ 10.001, 10.001, 10.499, 11.999 ], "rotation": 270, "texture": "#texture" },
        "east":  { "uv": [ 10.001, 10.001, 10.499, 11.999 ], "rotation": 90, "texture": "#texture" }
    }
},
{
    "__comment": "Brim",
    "from": [ 5.5, 7, 9 ],
    "to": [ 6, 7.5, 11 ],
    "faces": {
        "down":  { "uv": [ 6.001, 10.001, 6.499, 11.999 ], "texture": "#texture" },
        "up":    { "uv": [ 5.501, 10.001, 5.999, 11.999 ], "texture": "#texture" },
        "north": { "uv": [ 5.999, 10.001, 5.501, 10.499 ], "texture": "#texture" },
        "south": { "uv": [ 5.501, 11.501, 5.999, 11.999 ], "texture": "#texture" },
        "west":  { "uv": [ 5.501, 10.001, 5.999, 11.999 ], "rotation": 270, "texture": "#texture" },
        "east":  { "uv": [ 5.501, 10.001, 5.999, 11.999 ], "rotation": 90, "texture": "#texture" }
    }
},
{
    "__comment": "Brim",
    "from": [ 6, 7, 10 ],
    "to": [ 7, 7.5, 10.5 ],
    "faces": {
        "down":  { "uv": [ 6.001, 11.001, 6.999, 11.499 ], "texture": "#texture" },
        "up":    { "uv": [ 6.001, 11.001, 6.999, 11.499 ], "texture": "#texture" },
        "north": { "uv": [ 6.999, 11.001, 6.001, 11.499 ], "texture": "#texture" },
        "south": { "uv": [ 6.001, 11.001, 6.999, 11.499 ], "texture": "#texture" },
        "west":  { "uv": [ 6.001, 11.001, 6.499, 11.499 ], "rotation": 270, "texture": "#texture" },
        "east":  { "uv": [ 6.501, 11.001, 6.999, 11.499 ], "rotation": 90, "texture": "#texture" }
    }
},
{
    "__comment": "Brim",
    "from": [ 9, 7, 10 ],
    "to": [ 10, 7.5, 10.5 ],
    "faces": {
        "down":  { "uv": [ 9.001, 11.001, 9.999, 11.499 ], "texture": "#texture" },
        "up":    { "uv": [ 9.001, 11.001, 9.999, 11.499 ], "texture": "#texture" },
        "north": { "uv": [ 9.999, 11.001, 9.001, 11.499 ], "texture": "#texture" },
        "south": { "uv": [ 9.001, 11.001, 9.999, 11.499 ], "texture": "#texture" },
        "west":  { "uv": [ 9.001, 11.001, 9.499, 11.499 ], "rotation": 270, "texture": "#texture" },
        "east":  { "uv": [ 9.501, 11.001, 9.999, 11.499 ], "rotation": 90, "texture": "#texture" }
    }
}
],
"display": {
    "thirdperson_righthand": {
        "rotation": [ -150, 180, 90 ],
        "translation": [ 0.94, -0.38, -5.29 ],
        "scale": [ 1.4, 1.4, 1.4 ]
    },
    "thirdperson_lefthand": {
        "rotation": [ -150, 180, 90 ],
        "translation": [ 0.94, -0.38, -5.29 ],
        "scale": [ -1.4, 1.4, 1.4 ]
    },
    "head": {
        "rotation": [ 0, 180, 0 ],
        "translation": [ 0, 5.5, 0 ],
        "scale": [ 3.61, 3.61, 3.61 ]
    },
    "ground": {
        "rotation": [ 0, 0, 0 ],
        "translation": [ 0, -2.27, 0 ],
        "scale": [ 1, 1, 1 ]
    },
    "fixed": {
        "rotation": [ -24, 180, 0 ],
        "translation": [ 0, 0, -3.3 ],
        "scale": [ 1.5, 1.5, 1.5 ]
    },
    "firstperson_righthand": {
        "rotation": [ 0, -65, 0 ],
        "translation": [ -0.57, 3.21, 0 ],
        "scale": [ 0.8, 0.8, 0.8 ]
    },
    "firstperson_lefthand": {
        "rotation": [ 0, -65, 0 ],
        "translation": [ -0.57, 3.21, 0 ],
        "scale": [ 0.8, 0.8, 0.8 ]
    },
    "gui": {
        "rotation": [ 30, -45, 0 ],
        "translation": [ 1.1, 0.2, 0 ],
        "scale": [ 2, 2, 2 ]
    }
}
}