{
"__comment": "Designed by Jugbot",
"textures": {
    "texture": "blocks/planks_oak",
    "gravel": "blocks/cobblestone_mossy",
    "water_still": "blocks/water_still",
    "waterlily": "blocks/reeds",
    "sapling_jungle": "blocks/sapling_jungle"
},
"elements": [ 
{
    "__comment": "2",
    "from": [ 0, 0, -15 ],
    "to": [ 16, 16, -13 ],
    "faces": {
        "down":  { "uv": [ 16, 2, 0, 0 ], "texture": "#texture" },
        "up":    { "uv": [ 0, 0, 16, 2 ], "texture": "#texture" },
        "north": { "uv": [ 0, 0, 16, 16 ], "texture": "#texture" },
        "south": { "uv": [ 0, 0, 16, 16 ], "texture": "#texture" },
        "west":  { "uv": [ 0, 0, 2, 16 ], "texture": "#texture" },
        "east":  { "uv": [ 14, 0, 16, 16 ], "texture": "#texture" }
    }
},
{
    "__comment": "6",
    "from": [ -15, 0, 0 ],
    "to": [ -13, 16, 16 ],
    "faces": {
        "down":  { "uv": [ 0, 2, 16, 0 ], "rotation": 90, "texture": "#texture" },
        "up":    { "uv": [ 0, 0, 16, 2 ], "rotation": 90, "texture": "#texture" },
        "north": { "uv": [ 14, 0, 16, 16 ], "texture": "#texture" },
        "south": { "uv": [ 0, 0, 2, 16 ], "texture": "#texture" },
        "west":  { "uv": [ 0, 0, 16, 16 ], "texture": "#texture" },
        "east":  { "uv": [ 0, 0, 16, 16 ], "texture": "#texture" }
    }
},
{
    "__comment": "2",
    "from": [ 0, 0, 29 ],
    "to": [ 16, 16, 31 ],
    "faces": {
        "down":  { "uv": [ 16, 2, 0, 0 ], "texture": "#texture" },
        "up":    { "uv": [ 0, 0, 16, 2 ], "texture": "#texture" },
        "north": { "uv": [ 0, 0, 16, 16 ], "texture": "#texture" },
        "south": { "uv": [ 0, 0, 16, 16 ], "texture": "#texture" },
        "west":  { "uv": [ 0, 0, 2, 16 ], "texture": "#texture" },
        "east":  { "uv": [ 14, 0, 16, 16 ], "texture": "#texture" }
    }
},
{
    "from": [ 29, 0, -15 ],
    "to": [ 31, 16, 0 ],
    "faces": {
        "down":  { "uv": [ 16, 15, 1, 13 ], "rotation": 90, "texture": "#texture" },
        "up":    { "uv": [ 0, 1, 15, 3 ], "rotation": 90, "texture": "#texture" },
        "north": { "uv": [ 14, 0, 16, 16 ], "texture": "#texture" },
        "south": { "uv": [ 0, 0, 2, 16 ], "texture": "#texture" },
        "west":  { "uv": [ 1, 0, 16, 16 ], "texture": "#texture" },
        "east":  { "uv": [ 0, 0, 15, 16 ], "texture": "#texture" }
    }
},
{
    "__comment": "6",
    "from": [ 29, 0, 0 ],
    "to": [ 31, 16, 16 ],
    "faces": {
        "down":  { "uv": [ 0, 2, 16, 0 ], "rotation": 90, "texture": "#texture" },
        "up":    { "uv": [ 0, 0, 16, 2 ], "rotation": 90, "texture": "#texture" },
        "north": { "uv": [ 14, 0, 16, 16 ], "texture": "#texture" },
        "south": { "uv": [ 0, 0, 2, 16 ], "texture": "#texture" },
        "west":  { "uv": [ 0, 0, 16, 16 ], "texture": "#texture" },
        "east":  { "uv": [ 0, 0, 16, 16 ], "texture": "#texture" }
    }
},
{
    "from": [ -15, 0, -15 ],
    "to": [ -13, 16, 0 ],
    "faces": {
        "down":  { "uv": [ 16, 15, 1, 13 ], "rotation": 90, "texture": "#texture" },
        "up":    { "uv": [ 0, 1, 15, 3 ], "rotation": 90, "texture": "#texture" },
        "north": { "uv": [ 14, 0, 16, 16 ], "texture": "#texture" },
        "south": { "uv": [ 0, 0, 2, 16 ], "texture": "#texture" },
        "west":  { "uv": [ 1, 0, 16, 16 ], "texture": "#texture" },
        "east":  { "uv": [ 0, 0, 15, 16 ], "texture": "#texture" }
    }
},
{
    "from": [ 29, 0, 16 ],
    "to": [ 31, 16, 31 ],
    "faces": {
        "down":  { "uv": [ 16, 15, 1, 13 ], "rotation": 90, "texture": "#texture" },
        "up":    { "uv": [ 0, 0, 15, 2 ], "rotation": 90, "texture": "#texture" },
        "north": { "uv": [ 14, 0, 16, 16 ], "texture": "#texture" },
        "south": { "uv": [ 0, 0, 2, 16 ], "texture": "#texture" },
        "west":  { "uv": [ 0, 0, 15, 16 ], "texture": "#texture" },
        "east":  { "uv": [ 1, 0, 16, 16 ], "texture": "#texture" }
    }
},
{
    "from": [ -15, 0, 16 ],
    "to": [ -13, 16, 31 ],
    "faces": {
        "down":  { "uv": [ 16, 15, 1, 13 ], "rotation": 90, "texture": "#texture" },
        "up":    { "uv": [ 0, 0, 15, 2 ], "rotation": 90, "texture": "#texture" },
        "north": { "uv": [ 14, 0, 16, 16 ], "texture": "#texture" },
        "south": { "uv": [ 0, 0, 2, 16 ], "texture": "#texture" },
        "west":  { "uv": [ 0, 0, 15, 16 ], "texture": "#texture" },
        "east":  { "uv": [ 1, 0, 16, 16 ], "texture": "#texture" }
    }
},
{
    "from": [ -13, 0, 29 ],
    "to": [ 0, 16, 31 ],
    "faces": {
        "down":  { "uv": [ 13, 2, 0, 0 ], "texture": "#texture" },
        "up":    { "uv": [ 3, 0, 16, 2 ], "texture": "#texture" },
        "north": { "uv": [ 0, 0, 13, 16 ], "texture": "#texture" },
        "south": { "uv": [ 3, 0, 16, 16 ], "texture": "#texture" },
        "west":  { "uv": [ 0, 0, 2, 16 ], "texture": "#texture" },
        "east":  { "uv": [ 14, 0, 16, 16 ], "texture": "#texture" }
    }
},
{
    "from": [ 16, 0, 29 ],
    "to": [ 29, 16, 31 ],
    "faces": {
        "down":  { "uv": [ 16, 2, 3, 0 ], "texture": "#texture" },
        "up":    { "uv": [ 0, 0, 13, 2 ], "texture": "#texture" },
        "north": { "uv": [ 3, 0, 16, 16 ], "texture": "#texture" },
        "south": { "uv": [ 0, 0, 13, 16 ], "texture": "#texture" },
        "west":  { "uv": [ 0, 0, 2, 16 ], "texture": "#texture" },
        "east":  { "uv": [ 14, 0, 16, 16 ], "texture": "#texture" }
    }
},
{
    "from": [ -13, 0, -15 ],
    "to": [ 0, 16, -13 ],
    "faces": {
        "down":  { "uv": [ 13, 2, 0, 0 ], "texture": "#texture" },
        "up":    { "uv": [ 3, 0, 16, 2 ], "texture": "#texture" },
        "north": { "uv": [ 0, 0, 13, 16 ], "texture": "#texture" },
        "south": { "uv": [ 3, 0, 16, 16 ], "texture": "#texture" },
        "west":  { "uv": [ 0, 0, 2, 16 ], "texture": "#texture" },
        "east":  { "uv": [ 14, 0, 16, 16 ], "texture": "#texture" }
    }
},
{
    "from": [ 16, 0, -15 ],
    "to": [ 29, 16, -13 ],
    "faces": {
        "down":  { "uv": [ 16, 2, 3, 0 ], "texture": "#texture" },
        "up":    { "uv": [ 0, 0, 13, 2 ], "texture": "#texture" },
        "north": { "uv": [ 3, 0, 16, 16 ], "texture": "#texture" },
        "south": { "uv": [ 0, 0, 13, 16 ], "texture": "#texture" },
        "west":  { "uv": [ 0, 0, 2, 16 ], "texture": "#texture" },
        "east":  { "uv": [ 14, 0, 16, 16 ], "texture": "#texture" }
    }
},
{
    "__comment": "Corner",
    "from": [ -16, 13, -15 ],
    "to": [ -15, 16, -13 ],
    "faces": {
        "down":  { "uv": [ 16, 3, 15, 1 ], "texture": "#texture" },
        "up":    { "uv": [ 0, 1, 1, 3 ], "texture": "#texture" },
        "north": { "uv": [ 15, 0, 16, 3 ], "texture": "#texture" },
        "south": { "uv": [ 0, 0, 1, 3 ], "texture": "#texture" },
        "west":  { "uv": [ 1, 0, 3, 3 ], "texture": "#texture" },
        "east":  { "uv": [ 13, 0, 15, 3 ], "texture": "#texture" }
    }
},
{
    "__comment": "Corner",
    "from": [ -15, 9, -16 ],
    "to": [ -13, 12, -15 ],
    "faces": {
        "down":  { "uv": [ 15, 1, 13, 0 ], "texture": "#texture" },
        "up":    { "uv": [ 1, 0, 3, 1 ], "texture": "#texture" },
        "north": { "uv": [ 13, 4, 15, 7 ], "texture": "#texture" },
        "south": { "uv": [ 1, 4, 3, 7 ], "texture": "#texture" },
        "west":  { "uv": [ 0, 4, 1, 7 ], "texture": "#texture" },
        "east":  { "uv": [ 15, 4, 16, 7 ], "texture": "#texture" }
    }
},
{
    "__comment": "Corner*",
    "from": [ -16, 5, -15 ],
    "to": [ -15, 8, -13 ],
    "faces": {
        "down":  { "uv": [ 16, 3, 15, 1 ], "texture": "#texture" },
        "up":    { "uv": [ 0, 1, 1, 3 ], "texture": "#texture" },
        "north": { "uv": [ 15, 8, 16, 11 ], "texture": "#texture" },
        "south": { "uv": [ 0, 8, 1, 11 ], "texture": "#texture" },
        "west":  { "uv": [ 1, 8, 3, 11 ], "texture": "#texture" },
        "east":  { "uv": [ 13, 8, 15, 11 ], "texture": "#texture" }
    }
},
{
    "__comment": "Corner*",
    "from": [ -15, 1, -16 ],
    "to": [ -13, 4, -15 ],
    "faces": {
        "down":  { "uv": [ 15, 1, 13, 0 ], "texture": "#texture" },
        "up":    { "uv": [ 1, 0, 3, 1 ], "texture": "#texture" },
        "north": { "uv": [ 13, 12, 15, 15 ], "texture": "#texture" },
        "south": { "uv": [ 1, 12, 3, 15 ], "texture": "#texture" },
        "west":  { "uv": [ 0, 12, 1, 15 ], "texture": "#texture" },
        "east":  { "uv": [ 15, 12, 16, 15 ], "texture": "#texture" }
    }
},
{
    "__comment": "Corner*",
    "from": [ 29, 5, -16 ],
    "to": [ 31, 8, -15 ],
    "faces": {
        "down":  { "uv": [ 16, 3, 15, 1 ], "rotation": 270, "texture": "#texture" },
        "up":    { "uv": [ 0, 1, 1, 3 ], "rotation": 90, "texture": "#texture" },
        "north": { "uv": [ 1, 8, 3, 11 ], "texture": "#texture" },
        "south": { "uv": [ 13, 8, 15, 11 ], "texture": "#texture" },
        "west":  { "uv": [ 0, 8, 1, 11 ], "texture": "#texture" },
        "east":  { "uv": [ 15, 8, 16, 11 ], "texture": "#texture" }
    }
},
{
    "__comment": "Corner*",
    "from": [ 31, 1, -15 ],
    "to": [ 32, 4, -13 ],
    "faces": {
        "down":  { "uv": [ 15, 1, 13, 0 ], "rotation": 270, "texture": "#texture" },
        "up":    { "uv": [ 1, 0, 3, 1 ], "rotation": 90, "texture": "#texture" },
        "north": { "uv": [ 0, 12, 1, 15 ], "texture": "#texture" },
        "south": { "uv": [ 15, 12, 16, 15 ], "texture": "#texture" },
        "west":  { "uv": [ 1, 12, 3, 15 ], "texture": "#texture" },
        "east":  { "uv": [ 13, 12, 15, 15 ], "texture": "#texture" }
    }
},
{
    "__comment": "Corner*",
    "from": [ 29, 13, -16 ],
    "to": [ 31, 16, -15 ],
    "faces": {
        "down":  { "uv": [ 16, 3, 15, 1 ], "rotation": 270, "texture": "#texture" },
        "up":    { "uv": [ 0, 1, 1, 3 ], "rotation": 90, "texture": "#texture" },
        "north": { "uv": [ 1, 0, 3, 3 ], "texture": "#texture" },
        "south": { "uv": [ 13, 0, 15, 3 ], "texture": "#texture" },
        "west":  { "uv": [ 0, 0, 1, 3 ], "texture": "#texture" },
        "east":  { "uv": [ 15, 0, 16, 3 ], "texture": "#texture" }
    }
},
{
    "__comment": "Corner*",
    "from": [ 31, 9, -15 ],
    "to": [ 32, 12, -13 ],
    "faces": {
        "down":  { "uv": [ 15, 1, 13, 0 ], "rotation": 270, "texture": "#texture" },
        "up":    { "uv": [ 1, 0, 3, 1 ], "rotation": 90, "texture": "#texture" },
        "north": { "uv": [ 0, 4, 1, 7 ], "texture": "#texture" },
        "south": { "uv": [ 15, 4, 16, 7 ], "texture": "#texture" },
        "west":  { "uv": [ 1, 4, 3, 7 ], "texture": "#texture" },
        "east":  { "uv": [ 13, 4, 15, 7 ], "texture": "#texture" }
    }
},
{
    "__comment": "Corner*",
    "from": [ 31, 5, 29 ],
    "to": [ 32, 8, 31 ],
    "faces": {
        "down":  { "uv": [ 16, 3, 15, 1 ], "rotation": 180, "texture": "#texture" },
        "up":    { "uv": [ 0, 1, 1, 3 ], "rotation": 180, "texture": "#texture" },
        "north": { "uv": [ 0, 8, 1, 11 ], "texture": "#texture" },
        "south": { "uv": [ 15, 8, 16, 11 ], "texture": "#texture" },
        "west":  { "uv": [ 13, 8, 15, 11 ], "texture": "#texture" },
        "east":  { "uv": [ 1, 8, 3, 11 ], "texture": "#texture" }
    }
},
{
    "__comment": "Corner*",
    "from": [ 29, 1, 31 ],
    "to": [ 31, 4, 32 ],
    "faces": {
        "down":  { "uv": [ 15, 1, 13, 0 ], "rotation": 180, "texture": "#texture" },
        "up":    { "uv": [ 1, 0, 3, 1 ], "rotation": 180, "texture": "#texture" },
        "north": { "uv": [ 1, 12, 3, 15 ], "texture": "#texture" },
        "south": { "uv": [ 13, 12, 15, 15 ], "texture": "#texture" },
        "west":  { "uv": [ 15, 12, 16, 15 ], "texture": "#texture" },
        "east":  { "uv": [ 0, 12, 1, 15 ], "texture": "#texture" }
    }
},
{
    "__comment": "Corner*",
    "from": [ 31, 13, 29 ],
    "to": [ 32, 16, 31 ],
    "faces": {
        "down":  { "uv": [ 16, 3, 15, 1 ], "rotation": 180, "texture": "#texture" },
        "up":    { "uv": [ 0, 1, 1, 3 ], "rotation": 180, "texture": "#texture" },
        "north": { "uv": [ 0, 0, 1, 3 ], "texture": "#texture" },
        "south": { "uv": [ 15, 0, 16, 3 ], "texture": "#texture" },
        "west":  { "uv": [ 13, 0, 15, 3 ], "texture": "#texture" },
        "east":  { "uv": [ 1, 0, 3, 3 ], "texture": "#texture" }
    }
},
{
    "__comment": "Corner*",
    "from": [ 29, 9, 31 ],
    "to": [ 31, 12, 32 ],
    "faces": {
        "down":  { "uv": [ 15, 1, 13, 0 ], "rotation": 180, "texture": "#texture" },
        "up":    { "uv": [ 1, 0, 3, 1 ], "rotation": 180, "texture": "#texture" },
        "north": { "uv": [ 1, 4, 3, 7 ], "texture": "#texture" },
        "south": { "uv": [ 13, 4, 15, 7 ], "texture": "#texture" },
        "west":  { "uv": [ 15, 4, 16, 7 ], "texture": "#texture" },
        "east":  { "uv": [ 0, 4, 1, 7 ], "texture": "#texture" }
    }
},
{
    "__comment": "Corner*",
    "from": [ -15, 5, 31 ],
    "to": [ -13, 8, 32 ],
    "faces": {
        "down":  { "uv": [ 16, 3, 15, 1 ], "rotation": 90, "texture": "#texture" },
        "up":    { "uv": [ 0, 1, 1, 3 ], "rotation": 270, "texture": "#texture" },
        "north": { "uv": [ 13, 8, 15, 11 ], "texture": "#texture" },
        "south": { "uv": [ 1, 8, 3, 11 ], "texture": "#texture" },
        "west":  { "uv": [ 15, 8, 16, 11 ], "texture": "#texture" },
        "east":  { "uv": [ 0, 8, 1, 11 ], "texture": "#texture" }
    }
},
{
    "__comment": "Corner*",
    "from": [ -16, 1, 29 ],
    "to": [ -15, 4, 31 ],
    "faces": {
        "down":  { "uv": [ 15, 1, 13, 0 ], "rotation": 90, "texture": "#texture" },
        "up":    { "uv": [ 1, 0, 3, 1 ], "rotation": 270, "texture": "#texture" },
        "north": { "uv": [ 15, 12, 16, 15 ], "texture": "#texture" },
        "south": { "uv": [ 0, 12, 1, 15 ], "texture": "#texture" },
        "west":  { "uv": [ 13, 12, 15, 15 ], "texture": "#texture" },
        "east":  { "uv": [ 1, 12, 3, 15 ], "texture": "#texture" }
    }
},
{
    "__comment": "Corner*",
    "from": [ -15, 13, 31 ],
    "to": [ -13, 16, 32 ],
    "faces": {
        "down":  { "uv": [ 16, 3, 15, 1 ], "rotation": 90, "texture": "#texture" },
        "up":    { "uv": [ 0, 1, 1, 3 ], "rotation": 270, "texture": "#texture" },
        "north": { "uv": [ 13, 0, 15, 3 ], "texture": "#texture" },
        "south": { "uv": [ 1, 0, 3, 3 ], "texture": "#texture" },
        "west":  { "uv": [ 15, 0, 16, 3 ], "texture": "#texture" },
        "east":  { "uv": [ 0, 0, 1, 3 ], "texture": "#texture" }
    }
},
{
    "__comment": "Corner*",
    "from": [ -16, 9, 29 ],
    "to": [ -15, 12, 31 ],
    "faces": {
        "down":  { "uv": [ 15, 1, 13, 0 ], "rotation": 90, "texture": "#texture" },
        "up":    { "uv": [ 1, 0, 3, 1 ], "rotation": 270, "texture": "#texture" },
        "north": { "uv": [ 15, 4, 16, 7 ], "texture": "#texture" },
        "south": { "uv": [ 0, 4, 1, 7 ], "texture": "#texture" },
        "west":  { "uv": [ 13, 4, 15, 7 ], "texture": "#texture" },
        "east":  { "uv": [ 1, 4, 3, 7 ], "texture": "#texture" }
    }
},
{
    "__comment": "Plane",
    "from": [ 0, 0, 0 ],
    "to": [ 16, 1, 16 ],
    "faces": {
        "down":  { "uv": [ 16, 16, 0, 0 ], "texture": "#texture" },
        "up":    { "uv": [ 0, 0, 16, 16 ], "texture": "#gravel" },
        "north": { "uv": [ 0, 15, 16, 16 ], "texture": "#gravel" },
        "south": { "uv": [ 0, 15, 16, 16 ], "texture": "#gravel" },
        "west":  { "uv": [ 0, 15, 16, 16 ], "texture": "#gravel" },
        "east":  { "uv": [ 0, 15, 16, 16 ], "texture": "#gravel" }
    }
},
{
    "__comment": "Plane",
    "from": [ 16, 0, 0 ],
    "to": [ 29, 1, 16 ],
    "faces": {
        "down":  { "uv": [ 16, 16, 3, 0 ], "texture": "#texture" },
        "up":    { "uv": [ 0, 0, 13, 16 ], "texture": "#gravel" },
        "north": { "uv": [ 3, 15, 16, 16 ], "texture": "#gravel" },
        "south": { "uv": [ 0, 15, 13, 16 ], "texture": "#gravel" },
        "west":  { "uv": [ 0, 15, 16, 16 ], "texture": "#gravel" },
        "east":  { "uv": [ 0, 15, 16, 16 ], "texture": "#gravel" }
    }
},
{
    "__comment": "Plane",
    "from": [ -13, 0, 0 ],
    "to": [ 0, 1, 16 ],
    "faces": {
        "down":  { "uv": [ 13, 16, 0, 0 ], "texture": "#texture" },
        "up":    { "uv": [ 3, 0, 16, 16 ], "texture": "#gravel" },
        "north": { "uv": [ 0, 15, 13, 16 ], "texture": "#gravel" },
        "south": { "uv": [ 3, 15, 16, 16 ], "texture": "#gravel" },
        "west":  { "uv": [ 0, 15, 16, 16 ], "texture": "#gravel" },
        "east":  { "uv": [ 0, 15, 16, 16 ], "texture": "#gravel" }
    }
},
{
    "__comment": "Plane",
    "from": [ 0, 0, -13 ],
    "to": [ 16, 1, 0 ],
    "faces": {
        "down":  { "uv": [ 16, 16, 0, 3 ], "texture": "#texture" },
        "up":    { "uv": [ 0, 3, 16, 16 ], "texture": "#gravel" },
        "north": { "uv": [ 0, 15, 16, 16 ], "texture": "#gravel" },
        "south": { "uv": [ 0, 15, 16, 16 ], "texture": "#gravel" },
        "west":  { "uv": [ 3, 15, 16, 16 ], "texture": "#gravel" },
        "east":  { "uv": [ 0, 15, 13, 16 ], "texture": "#gravel" }
    }
},
{
    "__comment": "Plane",
    "from": [ 0, 0, 16 ],
    "to": [ 16, 1, 29 ],
    "faces": {
        "down":  { "uv": [ 16, 13, 0, 0 ], "texture": "#texture" },
        "up":    { "uv": [ 0, 0, 16, 13 ], "texture": "#gravel" },
        "north": { "uv": [ 0, 15, 16, 16 ], "texture": "#gravel" },
        "south": { "uv": [ 0, 15, 16, 16 ], "texture": "#gravel" },
        "west":  { "uv": [ 0, 15, 13, 16 ], "texture": "#gravel" },
        "east":  { "uv": [ 3, 15, 16, 16 ], "texture": "#gravel" }
    }
},
{
    "__comment": "Plane",
    "from": [ 16, 0, 16 ],
    "to": [ 29, 1, 29 ],
    "faces": {
        "down":  { "uv": [ 16, 13, 3, 0 ], "texture": "#texture" },
        "up":    { "uv": [ 0, 0, 13, 13 ], "texture": "#gravel" },
        "north": { "uv": [ 3, 15, 16, 16 ], "texture": "#gravel" },
        "south": { "uv": [ 0, 15, 13, 16 ], "texture": "#gravel" },
        "west":  { "uv": [ 0, 15, 13, 16 ], "texture": "#gravel" },
        "east":  { "uv": [ 3, 15, 16, 16 ], "texture": "#gravel" }
    }
},
{
    "__comment": "Plane",
    "from": [ -13, 0, 16 ],
    "to": [ 0, 1, 29 ],
    "faces": {
        "down":  { "uv": [ 13, 13, 0, 0 ], "texture": "#texture" },
        "up":    { "uv": [ 3, 0, 16, 13 ], "texture": "#gravel" },
        "north": { "uv": [ 0, 15, 13, 16 ], "texture": "#gravel" },
        "south": { "uv": [ 3, 15, 16, 16 ], "texture": "#gravel" },
        "west":  { "uv": [ 0, 15, 13, 16 ], "texture": "#gravel" },
        "east":  { "uv": [ 3, 15, 16, 16 ], "texture": "#gravel" }
    }
},
{
    "__comment": "Plane",
    "from": [ -13, 0, -13 ],
    "to": [ 0, 1, 0 ],
    "faces": {
        "down":  { "uv": [ 13, 16, 0, 3 ], "texture": "#texture" },
        "up":    { "uv": [ 3, 3, 16, 16 ], "texture": "#gravel" },
        "north": { "uv": [ 0, 15, 13, 16 ], "texture": "#gravel" },
        "south": { "uv": [ 3, 15, 16, 16 ], "texture": "#gravel" },
        "west":  { "uv": [ 3, 15, 16, 16 ], "texture": "#gravel" },
        "east":  { "uv": [ 0, 15, 13, 16 ], "texture": "#gravel" }
    }
},
{
    "__comment": "Plane",
    "from": [ 16, 0, -13 ],
    "to": [ 29, 1, 0 ],
    "faces": {
        "down":  { "uv": [ 16, 16, 3, 3 ], "texture": "#texture" },
        "up":    { "uv": [ 0, 3, 13, 16 ], "texture": "#gravel" },
        "north": { "uv": [ 3, 15, 16, 16 ], "texture": "#gravel" },
        "south": { "uv": [ 0, 15, 13, 16 ], "texture": "#gravel" },
        "west":  { "uv": [ 3, 15, 16, 16 ], "texture": "#gravel" },
        "east":  { "uv": [ 0, 15, 13, 16 ], "texture": "#gravel" }
    }
},
{
    "__comment": "Plane*",
    "from": [ 0, 12, 0 ],
    "to": [ 16, 13, 16 ],
    "faces": {
        "up":    { "uv": [ 0, 0, 16, 16 ], "texture": "#water_still" }
    }
},
{
    "__comment": "Plane*",
    "from": [ 16, 12, 0 ],
    "to": [ 29, 13, 16 ],
    "faces": {
        "up":    { "uv": [ 0, 0, 13, 16 ], "texture": "#water_still" }
    }
},
{
    "__comment": "Plane*",
    "from": [ -13, 12, 0 ],
    "to": [ 0, 13, 16 ],
    "faces": {
        "up":    { "uv": [ 3, 0, 16, 16 ], "texture": "#water_still" }
    }
},
{
    "__comment": "Plane*",
    "from": [ 0, 12, -13 ],
    "to": [ 16, 13, 0 ],
    "faces": {
        "up":    { "uv": [ 0, 3, 16, 16 ], "texture": "#water_still" }
    }
},
{
    "__comment": "Plane*",
    "from": [ 0, 12, 16 ],
    "to": [ 16, 13, 29 ],
    "faces": {
        "up":    { "uv": [ 0, 0, 16, 13 ], "texture": "#water_still" }
    }
},
{
    "__comment": "Plane*",
    "from": [ 16, 12, 16 ],
    "to": [ 29, 13, 29 ],
    "faces": {
        "up":    { "uv": [ 0, 0, 13, 13 ], "texture": "#water_still" }
    }
},
{
    "__comment": "Plane*",
    "from": [ -13, 12, 16 ],
    "to": [ 0, 13, 29 ],
    "faces": {
        "up":    { "uv": [ 3, 0, 16, 13 ], "texture": "#water_still" }
    }
},
{
    "__comment": "Plane*",
    "from": [ -13, 12, -13 ],
    "to": [ 0, 13, 0 ],
    "faces": {
        "up":    { "uv": [ 3, 3, 16, 16 ], "texture": "#water_still" }
    }
},
{
    "__comment": "Plane*",
    "from": [ 16, 12, -13 ],
    "to": [ 29, 13, 0 ],
    "faces": {
        "up":    { "uv": [ 0, 3, 13, 16 ], "texture": "#water_still" }
    }
},
{
    "__comment": "Reeds",
    "from": [ -1.5, 0, 10 ],
    "to": [ 14.5, 16, 10.0625 ],
    "rotation": { "origin": [ -1.5, 0, 10 ], "axis": "y", "angle": -22.5 },
    "faces": {
        "north": { "uv": [ 0, 0, 16, 16 ], "texture": "#waterlily" },
        "south": { "uv": [ 0, 0, 16, 16 ], "texture": "#waterlily" }
    }
},
{
    "__comment": "Reeds",
    "from": [ 1.5, 0, -7 ],
    "to": [ 1.5625, 16, 9 ],
    "rotation": { "origin": [ 1.5, 0, -7 ], "axis": "y", "angle": -45 },
    "faces": {
        "west":  { "uv": [ 0, 0, 16, 16 ], "texture": "#waterlily" },
        "east":  { "uv": [ 0, 0, 16, 16 ], "texture": "#waterlily" }
    }
},
{
    "__comment": "Reeds",
    "from": [ 2, 0, 17.5 ],
    "to": [ 18, 16, 17.5625 ],
    "rotation": { "origin": [ 2, 0, 17.5 ], "axis": "y", "angle": -22.5 },
    "faces": {
        "north": { "uv": [ 0, 0, 16, 16 ], "texture": "#waterlily" },
        "south": { "uv": [ 0, 0, 16, 16 ], "texture": "#waterlily" }
    }
},
{
    "__comment": "Reeds",
    "from": [ 4, 0, 14 ],
    "to": [ 4.0625, 16, 30 ],
    "rotation": { "origin": [ 4, 0, 14 ], "axis": "y", "angle": -45 },
    "faces": {
        "west":  { "uv": [ 0, 0, 16, 16 ], "texture": "#waterlily" },
        "east":  { "uv": [ 0, 0, 16, 16 ], "texture": "#waterlily" }
    }
},
{
    "__comment": "Reeds",
    "from": [ -4, 0, 26 ],
    "to": [ 12, 16, 26.0625 ],
    "faces": {
        "north": { "uv": [ 0, 0, 16, 16 ], "texture": "#waterlily" },
        "south": { "uv": [ 0, 0, 16, 16 ], "texture": "#waterlily" }
    }
},
{
    "__comment": "Reeds",
    "from": [ -2.5, 0, 1 ],
    "to": [ -2.4375, 16, 17 ],
    "rotation": { "origin": [ -2.5, 0, 1 ], "axis": "y", "angle": -22.5 },
    "faces": {
        "west":  { "uv": [ 1, 0, 16, 16 ], "texture": "#waterlily" },
        "east":  { "uv": [ 0, 0, 15, 16 ], "texture": "#waterlily" }
    }
},
{
    "__comment": "Reeds",
    "from": [ 9, 0, 13 ],
    "to": [ 25, 16, 13.0625 ],
    "rotation": { "origin": [ 9, 0, 13 ], "axis": "y", "angle": 45 },
    "faces": {
        "north": { "uv": [ 0, 0, 16, 16 ], "texture": "#waterlily" },
        "south": { "uv": [ 0, 0, 16, 16 ], "texture": "#waterlily" }
    }
},
{
    "__comment": "Reeds",
    "from": [ 15.5, 0, 10.5 ],
    "to": [ 15.5625, 16, 26.5 ],
    "rotation": { "origin": [ 15.5, 0, 10.5 ], "axis": "y", "angle": 22.5 },
    "faces": {
        "west":  { "uv": [ 0, 0, 16, 16 ], "texture": "#waterlily" },
        "east":  { "uv": [ 0, 0, 16, 16 ], "texture": "#waterlily" }
    }
},
{
    "__comment": "Rock",
    "from": [ 2, 13, -2 ],
    "to": [ 11, 17, 5 ],
    "faces": {
        "down":  { "uv": [ 14, 10, 5, 3 ], "texture": "#gravel" },
        "up":    { "uv": [ 2, 3, 11, 10 ], "texture": "#gravel" },
        "north": { "uv": [ 5, 0, 14, 4 ], "texture": "#gravel" },
        "south": { "uv": [ 2, 0, 11, 4 ], "texture": "#gravel" },
        "west":  { "uv": [ 3, 0, 10, 4 ], "texture": "#gravel" },
        "east":  { "uv": [ 6, 0, 13, 4 ], "texture": "#gravel" }
    }
},
{
    "__comment": "Rock",
    "from": [ 1, 10, -2 ],
    "to": [ 3, 14, 3 ],
    "faces": {
        "down":  { "uv": [ 15, 8, 13, 3 ], "texture": "#gravel" },
        "up":    { "uv": [ 1, 3, 3, 8 ], "texture": "#gravel" },
        "north": { "uv": [ 13, 2, 15, 6 ], "texture": "#gravel" },
        "south": { "uv": [ 1, 2, 3, 6 ], "texture": "#gravel" },
        "west":  { "uv": [ 3, 2, 8, 6 ], "texture": "#gravel" },
        "east":  { "uv": [ 8, 2, 13, 6 ], "texture": "#gravel" }
    }
},
{
    "__comment": "Rock",
    "from": [ 1, 0, 8 ],
    "to": [ 10, 4.5, 15 ],
    "faces": {
        "down":  { "uv": [ 15, 15, 6, 8 ], "texture": "#gravel" },
        "up":    { "uv": [ 1, 8, 10, 15 ], "texture": "#gravel" },
        "north": { "uv": [ 6, 11.5, 15, 16 ], "texture": "#gravel" },
        "south": { "uv": [ 1, 11.5, 10, 16 ], "texture": "#gravel" },
        "west":  { "uv": [ 8, 11.5, 15, 16 ], "texture": "#gravel" },
        "east":  { "uv": [ 1, 11.5, 8, 16 ], "texture": "#gravel" }
    }
},
{
    "__comment": "Rock",
    "from": [ 3, 10, -3 ],
    "to": [ 12, 15, 1 ],
    "faces": {
        "down":  { "uv": [ 13, 6, 4, 2 ], "texture": "#gravel" },
        "up":    { "uv": [ 3, 2, 12, 6 ], "texture": "#gravel" },
        "north": { "uv": [ 4, 1, 13, 6 ], "texture": "#gravel" },
        "south": { "uv": [ 3, 1, 12, 6 ], "texture": "#gravel" },
        "west":  { "uv": [ 2, 1, 6, 6 ], "texture": "#gravel" },
        "east":  { "uv": [ 10, 1, 14, 6 ], "texture": "#gravel" }
    }
},
{
    "__comment": "Rock",
    "from": [ 1, 0, -3 ],
    "to": [ 13, 10, 5 ],
    "faces": {
        "down":  { "uv": [ 15, 10, 3, 2 ], "texture": "#gravel" },
        "up":    { "uv": [ 1, 2, 13, 10 ], "texture": "#gravel" },
        "north": { "uv": [ 3, 6, 15, 16 ], "texture": "#gravel" },
        "south": { "uv": [ 1, 6, 13, 16 ], "texture": "#gravel" },
        "west":  { "uv": [ 2, 6, 10, 16 ], "texture": "#gravel" },
        "east":  { "uv": [ 6, 6, 14, 16 ], "texture": "#gravel" }
    }
},
{
    "__comment": "Rock",
    "from": [ 5, 0, -5 ],
    "to": [ 14, 6, 2 ],
    "faces": {
        "down":  { "uv": [ 11, 7, 2, 0 ], "texture": "#gravel" },
        "up":    { "uv": [ 5, 0, 14, 7 ], "texture": "#gravel" },
        "north": { "uv": [ 2, 10, 11, 16 ], "texture": "#gravel" },
        "south": { "uv": [ 5, 10, 14, 16 ], "texture": "#gravel" },
        "west":  { "uv": [ 0, 10, 7, 16 ], "texture": "#gravel" },
        "east":  { "uv": [ 9, 10, 16, 16 ], "texture": "#gravel" }
    }
},
{
    "__comment": "Rock",
    "from": [ 2, 0, 11 ],
    "to": [ 8, 6.5, 16 ],
    "faces": {
        "down":  { "uv": [ 14, 16, 8, 11 ], "texture": "#gravel" },
        "up":    { "uv": [ 2, 11, 8, 16 ], "texture": "#gravel" },
        "north": { "uv": [ 8, 9.5, 14, 16 ], "texture": "#gravel" },
        "south": { "uv": [ 2, 9.5, 8, 16 ], "texture": "#gravel" },
        "west":  { "uv": [ 11, 9.5, 16, 16 ], "texture": "#gravel" },
        "east":  { "uv": [ 0, 9.5, 5, 16 ], "texture": "#gravel" }
    }
},
{
    "__comment": "Rock",
    "from": [ 0, 0, 1 ],
    "to": [ 12, 12.5, 8 ],
    "faces": {
        "down":  { "uv": [ 16, 13, 4, 6 ], "texture": "#gravel" },
        "up":    { "uv": [ 0, 6, 12, 13 ], "texture": "#gravel" },
        "north": { "uv": [ 4, 3.5, 16, 16 ], "texture": "#gravel" },
        "south": { "uv": [ 0, 3.5, 12, 16 ], "texture": "#gravel" },
        "west":  { "uv": [ 6, 3.5, 13, 16 ], "texture": "#gravel" },
        "east":  { "uv": [ 3, 3.5, 10, 16 ], "texture": "#gravel" }
    }
},
{
    "__comment": "Tree",
    "from": [ 10.9387, 16, -4.6875 ],
    "to": [ 11.0012, 32, 11.3125 ],
    "rotation": { "origin": [ 10.9387, 16, -4.6875 ], "axis": "y", "angle": -45 },
    "faces": {
        "west":  { "uv": [ 0, 0, 16, 16 ], "texture": "#sapling_jungle" },
        "east":  { "uv": [ 0, 0, 16, 16 ], "texture": "#sapling_jungle" }
    }
},
{
    "__comment": "Tree",
    "from": [ -0.0183058, 16, -4.6875 ],
    "to": [ 15.9817, 32, -4.625 ],
    "rotation": { "origin": [ -0.0183058, 16, -4.6875 ], "axis": "y", "angle": -45 },
    "faces": {
        "north": { "uv": [ 0, 0, 16, 16 ], "texture": "#sapling_jungle" },
        "south": { "uv": [ 0, 0, 16, 16 ], "texture": "#sapling_jungle" }
    }
},
{
    "__comment": "Reeds*",
    "from": [ -1.5, 16, 10 ],
    "to": [ 14.5, 24, 10.0625 ],
    "rotation": { "origin": [ -1.5, 16, 10 ], "axis": "y", "angle": -22.5 },
    "faces": {
        "north": { "uv": [ 0, 8, 16, 16 ], "texture": "#waterlily" },
        "south": { "uv": [ 0, 8, 16, 16 ], "texture": "#waterlily" }
    }
},
{
    "__comment": "Reeds*",
    "from": [ 1.5, 16, -7 ],
    "to": [ 1.5625, 19, 9 ],
    "rotation": { "origin": [ 1.5, 16, -7 ], "axis": "y", "angle": -45 },
    "faces": {
        "west":  { "uv": [ 0, 13, 16, 16 ], "texture": "#waterlily" },
        "east":  { "uv": [ 0, 13, 16, 16 ], "texture": "#waterlily" }
    }
},
{
    "__comment": "Reeds*",
    "from": [ 2, 16, 17.5 ],
    "to": [ 18, 26, 17.5625 ],
    "rotation": { "origin": [ 2, 16, 17.5 ], "axis": "y", "angle": -22.5 },
    "faces": {
        "north": { "uv": [ 0, 6, 16, 16 ], "texture": "#waterlily" },
        "south": { "uv": [ 0, 6, 16, 16 ], "texture": "#waterlily" }
    }
},
{
    "__comment": "Reeds*",
    "from": [ 4, 16, 14 ],
    "to": [ 4.0625, 21, 30 ],
    "rotation": { "origin": [ 4, 16, 14 ], "axis": "y", "angle": -45 },
    "faces": {
        "west":  { "uv": [ 0, 11, 16, 16 ], "texture": "#waterlily" },
        "east":  { "uv": [ 0, 11, 16, 16 ], "texture": "#waterlily" }
    }
},
{
    "__comment": "Reeds*",
    "from": [ 9, 16, 13 ],
    "to": [ 25, 22, 13.0625 ],
    "rotation": { "origin": [ 9, 16, 13 ], "axis": "y", "angle": 45 },
    "faces": {
        "north": { "uv": [ 0, 10, 16, 16 ], "texture": "#waterlily" },
        "south": { "uv": [ 0, 10, 16, 16 ], "texture": "#waterlily" }
    }
},
{
    "__comment": "Reeds*",
    "from": [ 15.5, 16, 10.5 ],
    "to": [ 15.5625, 30, 26.5 ],
    "rotation": { "origin": [ 15.5, 16, 10.5 ], "axis": "y", "angle": 22.5 },
    "faces": {
        "west":  { "uv": [ 0, 2, 16, 16 ], "texture": "#waterlily" },
        "east":  { "uv": [ 0, 2, 16, 16 ], "texture": "#waterlily" }
    }
},
{
    "__comment": "Rock 2",
    "from": [ 21, 11, 5 ],
    "to": [ 26, 16, 13 ],
    "faces": {
        "down":  { "uv": [ 13, 10, 8, 2 ], "texture": "#gravel" },
        "up":    { "uv": [ 3, 2, 8, 10 ], "texture": "#gravel" },
        "north": { "uv": [ 8, 0, 13, 5 ], "texture": "#gravel" },
        "south": { "uv": [ 3, 0, 8, 5 ], "texture": "#gravel" },
        "west":  { "uv": [ 2, 0, 10, 5 ], "texture": "#gravel" },
        "east":  { "uv": [ 6, 0, 14, 5 ], "texture": "#gravel" }
    }
},
{
    "__comment": "Rock 2",
    "from": [ 21, 16, 6 ],
    "to": [ 26, 17, 11 ],
    "faces": {
        "down":  { "uv": [ 13, 8, 8, 3 ], "texture": "#gravel" },
        "up":    { "uv": [ 3, 3, 8, 8 ], "texture": "#gravel" },
        "north": { "uv": [ 8, 15, 13, 16 ], "texture": "#gravel" },
        "south": { "uv": [ 3, 15, 8, 16 ], "texture": "#gravel" },
        "west":  { "uv": [ 3, 15, 8, 16 ], "texture": "#gravel" },
        "east":  { "uv": [ 8, 15, 13, 16 ], "texture": "#gravel" }
    }
},
{
    "__comment": "Rock 2",
    "from": [ 26, 11, 6 ],
    "to": [ 27, 14, 9 ],
    "faces": {
        "down":  { "uv": [ 8, 6, 7, 3 ], "texture": "#gravel" },
        "up":    { "uv": [ 8, 3, 9, 6 ], "texture": "#gravel" },
        "north": { "uv": [ 7, 2, 8, 5 ], "texture": "#gravel" },
        "south": { "uv": [ 8, 2, 9, 5 ], "texture": "#gravel" },
        "west":  { "uv": [ 3, 2, 6, 5 ], "texture": "#gravel" },
        "east":  { "uv": [ 10, 2, 13, 5 ], "texture": "#gravel" }
    }
},
{
    "__comment": "Rock 2",
    "from": [ 18, 0, 3 ],
    "to": [ 27, 11, 14 ],
    "faces": {
        "down":  { "uv": [ 16, 11, 7, 0 ], "texture": "#gravel" },
        "up":    { "uv": [ 0, 0, 9, 11 ], "texture": "#gravel" },
        "north": { "uv": [ 7, 5, 16, 16 ], "texture": "#gravel" },
        "south": { "uv": [ 0, 5, 9, 16 ], "texture": "#gravel" },
        "west":  { "uv": [ 0, 5, 11, 16 ], "texture": "#gravel" },
        "east":  { "uv": [ 5, 5, 16, 16 ], "texture": "#gravel" }
    }
},
{
    "__comment": "Rock 2",
    "from": [ 27, 0, 6 ],
    "to": [ 29, 9, 12 ],
    "faces": {
        "down":  { "uv": [ 7, 9, 5, 3 ], "texture": "#gravel" },
        "up":    { "uv": [ 9, 3, 11, 9 ], "texture": "#gravel" },
        "north": { "uv": [ 5, 7, 7, 16 ], "texture": "#gravel" },
        "south": { "uv": [ 9, 7, 11, 16 ], "texture": "#gravel" },
        "west":  { "uv": [ 3, 7, 9, 16 ], "texture": "#gravel" },
        "east":  { "uv": [ 7, 7, 13, 16 ], "texture": "#gravel" }
    }
},
{
    "__comment": "Rock 2",
    "from": [ 20, 0, 12 ],
    "to": [ 28, 7, 15 ],
    "faces": {
        "down":  { "uv": [ 14, 12, 6, 9 ], "texture": "#gravel" },
        "up":    { "uv": [ 2, 9, 10, 12 ], "texture": "#gravel" },
        "north": { "uv": [ 6, 9, 14, 16 ], "texture": "#gravel" },
        "south": { "uv": [ 2, 9, 10, 16 ], "texture": "#gravel" },
        "west":  { "uv": [ 9, 9, 12, 16 ], "texture": "#gravel" },
        "east":  { "uv": [ 4, 9, 7, 16 ], "texture": "#gravel" }
    }
}
],
"display": {
    "thirdperson_righthand": {
        "rotation": [ 0, -43, 0 ],
        "translation": [ 0, 0, 0 ],
        "scale": [ 0.2, 0.2, 0.2 ]
    },
    "thirdperson_lefthand": {
        "rotation": [ 0, -43, 0 ],
        "translation": [ 0, 0, 0 ],
        "scale": [ 0.2, 0.2, 0.2 ]
    },
    "head": {
        "rotation": [ 0, 180, 0 ],
        "translation": [ 0, -30.5, 0 ],
        "scale": [ 1.6, 1.6, 1.6 ]
    },
    "ground": {
        "rotation": [ 0, 0, 0 ],
        "translation": [ 0, 3, 0 ],
        "scale": [ 0.25, 0.25, 0.25 ]
    },
    "fixed": {
        "rotation": [ 0, 180, 0 ],
        "translation": [ 0, 0, -3.4 ],
        "scale": [ 0.2, 0.2, 0.5 ]
    },
    "firstperson_righthand": {
        "rotation": [ 0, -64, 0 ],
        "translation": [ 0, 0, 0 ],
        "scale": [ 0.2, 0.2, 0.2 ]
    },
    "firstperson_lefthand": {
        "rotation": [ 0, -64, 0 ],
        "translation": [ 0, 0, 0 ],
        "scale": [ 0.2, 0.2, 0.2 ]
    },
    "gui": {
        "rotation": [ 35, 35, 0 ],
        "translation": [ 0, 0, 0 ],
        "scale": [ 0.2, 0.2, 0.2 ]
    }
}
}