{
"__comment": "Designed by Jugbot",
"textures": {
    "texture": "blocks/planks_birch",
    "door_wood_lower": "blocks/door_birch_lower",
    "door_wood_upper": "blocks/door_birch_upper",
    "hardened_clay_stained_black": "blocks/hardened_clay_stained_brown"
},
"elements": [ 
{
    "from": [ 0, 0, 0 ],
    "to": [ 16, 16, 1 ],
    "faces": {
        "down":  { "uv": [ 16, 1, 0, 0 ], "texture": "#texture" },
        "up":    { "uv": [ 0, 0, 16, 1 ], "texture": "#texture" },
        "north": { "uv": [ 0, 0, 16, 16 ], "texture": "#texture" },
        "south": { "uv": [ 0, 0, 16, 16 ], "texture": "#texture" },
        "west":  { "uv": [ 0, 0, 1, 16 ], "texture": "#texture" },
        "east":  { "uv": [ 15, 0, 16, 16 ], "texture": "#texture" }
    }
},
{
    "from": [ 23, -16, 1 ],
    "to": [ 24, 0, 15 ],
    "faces": {
        "down":  { "uv": [ 16, 15, 15, 1 ], "texture": "#texture" },
        "up":    { "uv": [ 0, 1, 1, 15 ], "texture": "#texture" },
        "north": { "uv": [ 15, 0, 16, 16 ], "texture": "#texture" },
        "south": { "uv": [ 0, 0, 1, 16 ], "texture": "#texture" },
        "west":  { "uv": [ 1, 0, 15, 16 ], "texture": "#texture" },
        "east":  { "uv": [ 1, 0, 15, 16 ], "texture": "#texture" }
    }
},
{
    "from": [ 0, -16, 0 ],
    "to": [ 16, 0, 1 ],
    "faces": {
        "down":  { "uv": [ 16, 1, 0, 0 ], "texture": "#texture" },
        "up":    { "uv": [ 0, 0, 16, 1 ], "texture": "#texture" },
        "north": { "uv": [ 0, 0, 16, 16 ], "texture": "#texture" },
        "south": { "uv": [ 0, 0, 16, 16 ], "texture": "#texture" },
        "west":  { "uv": [ 0, 0, 1, 16 ], "texture": "#texture" },
        "east":  { "uv": [ 15, 0, 16, 16 ], "texture": "#texture" }
    }
},
{
    "from": [ -8, -16, 1 ],
    "to": [ -7, 0, 15 ],
    "faces": {
        "down":  { "uv": [ 1, 15, 0, 1 ], "texture": "#texture" },
        "up":    { "uv": [ 0, 1, 1, 15 ], "texture": "#texture" },
        "north": { "uv": [ 15, 0, 16, 16 ], "texture": "#texture" },
        "south": { "uv": [ 0, 0, 1, 16 ], "texture": "#texture" },
        "west":  { "uv": [ 1, 0, 15, 16 ], "texture": "#texture" },
        "east":  { "uv": [ 1, 0, 15, 16 ], "texture": "#texture" }
    }
},
{
    "from": [ 23, 0, 1 ],
    "to": [ 24, 16, 15 ],
    "faces": {
        "down":  { "uv": [ 16, 15, 15, 1 ], "texture": "#texture" },
        "up":    { "uv": [ 0, 1, 1, 15 ], "texture": "#texture" },
        "north": { "uv": [ 15, 0, 16, 16 ], "texture": "#texture" },
        "south": { "uv": [ 0, 0, 1, 16 ], "texture": "#texture" },
        "west":  { "uv": [ 1, 0, 15, 16 ], "texture": "#texture" },
        "east":  { "uv": [ 1, 0, 15, 16 ], "texture": "#texture" }
    }
},
{
    "from": [ -8, 0, 1 ],
    "to": [ -7, 16, 15 ],
    "faces": {
        "down":  { "uv": [ 16, 15, 15, 1 ], "texture": "#texture" },
        "up":    { "uv": [ 0, 1, 1, 15 ], "texture": "#texture" },
        "north": { "uv": [ 15, 0, 16, 16 ], "texture": "#texture" },
        "south": { "uv": [ 0, 0, 1, 16 ], "texture": "#texture" },
        "west":  { "uv": [ 1, 0, 15, 16 ], "texture": "#texture" },
        "east":  { "uv": [ 1, 0, 15, 16 ], "texture": "#texture" }
    }
},
{
    "from": [ 16, -16, 15 ],
    "to": [ 24, 0, 16 ],
    "faces": {
        "down":  { "uv": [ 16, 15, 8, 14 ], "texture": "#texture" },
        "up":    { "uv": [ 0, 14, 8, 15 ], "texture": "#texture" },
        "north": { "uv": [ 8, 0, 16, 16 ], "texture": "#texture" },
        "south": { "uv": [ 0, 0, 8, 16 ], "texture": "#texture" },
        "west":  { "uv": [ 14, 0, 15, 16 ], "texture": "#texture" },
        "east":  { "uv": [ 1, 0, 2, 16 ], "texture": "#texture" }
    }
},
{
    "from": [ 16, 0, 15 ],
    "to": [ 24, 16, 16 ],
    "faces": {
        "down":  { "uv": [ 16, 15, 8, 14 ], "texture": "#texture" },
        "up":    { "uv": [ 0, 14, 8, 15 ], "texture": "#texture" },
        "north": { "uv": [ 8, 0, 16, 16 ], "texture": "#texture" },
        "south": { "uv": [ 0, 0, 8, 16 ], "texture": "#texture" },
        "west":  { "uv": [ 14, 0, 15, 16 ], "texture": "#texture" },
        "east":  { "uv": [ 1, 0, 2, 16 ], "texture": "#texture" }
    }
},
{
    "from": [ -8, 0, 15 ],
    "to": [ 0, 16, 16 ],
    "faces": {
        "down":  { "uv": [ 16, 15, 8, 14 ], "texture": "#texture" },
        "up":    { "uv": [ 0, 14, 8, 15 ], "texture": "#texture" },
        "north": { "uv": [ 8, 0, 16, 16 ], "texture": "#texture" },
        "south": { "uv": [ 0, 0, 8, 16 ], "texture": "#texture" },
        "west":  { "uv": [ 14, 0, 15, 16 ], "texture": "#texture" },
        "east":  { "uv": [ 1, 0, 2, 16 ], "texture": "#texture" }
    }
},
{
    "from": [ -8, -16, 15 ],
    "to": [ 0, 0, 16 ],
    "faces": {
        "down":  { "uv": [ 16, 15, 8, 14 ], "texture": "#texture" },
        "up":    { "uv": [ 0, 14, 8, 15 ], "texture": "#texture" },
        "north": { "uv": [ 8, 0, 16, 16 ], "texture": "#texture" },
        "south": { "uv": [ 0, 0, 8, 16 ], "texture": "#texture" },
        "west":  { "uv": [ 14, 0, 15, 16 ], "texture": "#texture" },
        "east":  { "uv": [ 1, 0, 2, 16 ], "texture": "#texture" }
    }
},
{
    "from": [ 16, -16, 0 ],
    "to": [ 24, 0, 1 ],
    "faces": {
        "down":  { "uv": [ 16, 15, 8, 14 ], "texture": "#texture" },
        "up":    { "uv": [ 0, 14, 8, 15 ], "texture": "#texture" },
        "north": { "uv": [ 8, 0, 16, 16 ], "texture": "#texture" },
        "south": { "uv": [ 0, 0, 8, 16 ], "texture": "#texture" },
        "west":  { "uv": [ 14, 0, 15, 16 ], "texture": "#texture" },
        "east":  { "uv": [ 1, 0, 2, 16 ], "texture": "#texture" }
    }
},
{
    "from": [ 16, 0, 0 ],
    "to": [ 24, 16, 1 ],
    "faces": {
        "down":  { "uv": [ 16, 15, 8, 14 ], "texture": "#texture" },
        "up":    { "uv": [ 0, 14, 8, 15 ], "texture": "#texture" },
        "north": { "uv": [ 8, 0, 16, 16 ], "texture": "#texture" },
        "south": { "uv": [ 0, 0, 8, 16 ], "texture": "#texture" },
        "west":  { "uv": [ 14, 0, 15, 16 ], "texture": "#texture" },
        "east":  { "uv": [ 1, 0, 2, 16 ], "texture": "#texture" }
    }
},
{
    "from": [ -8, 0, 0 ],
    "to": [ 0, 16, 1 ],
    "faces": {
        "down":  { "uv": [ 16, 15, 8, 14 ], "texture": "#texture" },
        "up":    { "uv": [ 0, 14, 8, 15 ], "texture": "#texture" },
        "north": { "uv": [ 8, 0, 16, 16 ], "texture": "#texture" },
        "south": { "uv": [ 0, 0, 8, 16 ], "texture": "#texture" },
        "west":  { "uv": [ 14, 0, 15, 16 ], "texture": "#texture" },
        "east":  { "uv": [ 1, 0, 2, 16 ], "texture": "#texture" }
    }
},
{
    "from": [ -8, -16, 0 ],
    "to": [ 0, 0, 1 ],
    "faces": {
        "down":  { "uv": [ 16, 15, 8, 14 ], "texture": "#texture" },
        "up":    { "uv": [ 0, 14, 8, 15 ], "texture": "#texture" },
        "north": { "uv": [ 8, 0, 16, 16 ], "texture": "#texture" },
        "south": { "uv": [ 0, 0, 8, 16 ], "texture": "#texture" },
        "west":  { "uv": [ 14, 0, 15, 16 ], "texture": "#texture" },
        "east":  { "uv": [ 1, 0, 2, 16 ], "texture": "#texture" }
    }
},
{
    "from": [ 0, -16, 14.9375 ],
    "to": [ 16, 0, 15 ],
    "faces": {
        "north": { "uv": [ 0, 0, 16, 16 ], "texture": "#door_wood_lower" },
        "south": { "uv": [ 0, 0, 16, 16 ], "texture": "#door_wood_lower" }
    }
},
{
    "from": [ 0, 0, 14.9375 ],
    "to": [ 16, 16, 15 ],
    "faces": {
        "north": { "uv": [ 0, 0, 16, 16 ], "texture": "#door_wood_upper" },
        "south": { "uv": [ 0, 0, 16, 16 ], "texture": "#door_wood_upper" }
    }
},
{
    "__comment": "Floor",
    "from": [ 8, -16, 1 ],
    "to": [ 23, -15, 15 ],
    "faces": {
        "down":  { "uv": [ 15, 15, 0, 1 ], "texture": "#texture" },
        "up":    { "uv": [ 1, 1, 16, 15 ], "texture": "#texture" },
        "north": { "uv": [ 0, 16, 15, 16 ], "texture": "#texture" },
        "west":  { "uv": [ 1, 16, 15, 16 ], "texture": "#texture" },
        "east":  { "uv": [ 1, 16, 15, 16 ], "texture": "#texture" }
    }
},
{
    "__comment": "Floor",
    "from": [ -7, -16, 1 ],
    "to": [ 8, -15, 15 ],
    "faces": {
        "down":  { "uv": [ 16, 15, 1, 1 ], "texture": "#texture" },
        "up":    { "uv": [ 0, 1, 15, 15 ], "texture": "#texture" },
        "north": { "uv": [ 1, 16, 16, 16 ], "texture": "#texture" },
        "west":  { "uv": [ 1, 16, 15, 16 ], "texture": "#texture" },
        "east":  { "uv": [ 1, 16, 15, 16 ], "texture": "#texture" }
    }
},
{
    "__comment": "Roof",
    "from": [ 17.25, 18.6875, 0 ],
    "to": [ 27.25, 19.6875, 16 ],
    "rotation": { "origin": [ 17.25, 19.6875, 0 ], "axis": "z", "angle": -22.5 },
    "faces": {
        "down":  { "uv": [ 16, 16, 6, 0 ], "texture": "#hardened_clay_stained_black" },
        "up":    { "uv": [ 0, 0, 10, 16 ], "texture": "#hardened_clay_stained_black" },
        "north": { "uv": [ 8, 0, 16, 1 ], "texture": "#hardened_clay_stained_black" },
        "south": { "uv": [ 0, 0, 8, 1 ], "texture": "#hardened_clay_stained_black" },
        "west":  { "uv": [ 0, 0, 16, 1 ], "texture": "#hardened_clay_stained_black" },
        "east":  { "uv": [ 0, 0, 16, 1 ], "texture": "#hardened_clay_stained_black" }
    }
},
{
    "__comment": "Roof",
    "from": [ -10.5, 14.875, 0 ],
    "to": [ -0.5, 15.875, 16 ],
    "rotation": { "origin": [ -10.5, 15.875, 0 ], "axis": "z", "angle": 22.5 },
    "faces": {
        "down":  { "uv": [ 16, 16, 6, 0 ], "texture": "#hardened_clay_stained_black" },
        "up":    { "uv": [ 0, 0, 10, 16 ], "texture": "#hardened_clay_stained_black" },
        "north": { "uv": [ 8, 0, 16, 1 ], "texture": "#hardened_clay_stained_black" },
        "south": { "uv": [ 0, 0, 8, 1 ], "texture": "#hardened_clay_stained_black" },
        "west":  { "uv": [ 0, 0, 16, 1 ], "texture": "#hardened_clay_stained_black" },
        "east":  { "uv": [ 0, 0, 16, 1 ], "texture": "#hardened_clay_stained_black" }
    }
},
{
    "__comment": "Roof",
    "from": [ 8, 22.5, 0 ],
    "to": [ 18, 23.5, 16 ],
    "rotation": { "origin": [ 8, 23.5, 0 ], "axis": "z", "angle": -22.5 },
    "faces": {
        "down":  { "uv": [ 16, 16, 6, 0 ], "texture": "#hardened_clay_stained_black" },
        "up":    { "uv": [ 0, 0, 10, 16 ], "texture": "#hardened_clay_stained_black" },
        "north": { "uv": [ 8, 0, 16, 1 ], "texture": "#hardened_clay_stained_black" },
        "south": { "uv": [ 0, 0, 8, 1 ], "texture": "#hardened_clay_stained_black" },
        "west":  { "uv": [ 0, 0, 16, 1 ], "texture": "#hardened_clay_stained_black" },
        "east":  { "uv": [ 0, 0, 16, 1 ], "texture": "#hardened_clay_stained_black" }
    }
},
{
    "__comment": "Roof",
    "from": [ -1.25, 18.6875, 0 ],
    "to": [ 8.75, 19.6875, 16 ],
    "rotation": { "origin": [ -1.25, 19.6875, 0 ], "axis": "z", "angle": 22.5 },
    "faces": {
        "down":  { "uv": [ 16, 16, 6, 0 ], "texture": "#hardened_clay_stained_black" },
        "up":    { "uv": [ 0, 0, 10, 16 ], "texture": "#hardened_clay_stained_black" },
        "north": { "uv": [ 8, 0, 16, 1 ], "texture": "#hardened_clay_stained_black" },
        "south": { "uv": [ 0, 0, 8, 1 ], "texture": "#hardened_clay_stained_black" },
        "west":  { "uv": [ 0, 0, 16, 1 ], "texture": "#hardened_clay_stained_black" },
        "east":  { "uv": [ 0, 0, 16, 1 ], "texture": "#hardened_clay_stained_black" }
    }
},
{
    "__comment": "Roof",
    "from": [ 17.25, 18.6875, -1 ],
    "to": [ 27.25, 19.6875, 0 ],
    "rotation": { "origin": [ 17.25, 19.6875, -1 ], "axis": "z", "angle": -22.5 },
    "faces": {
        "down":  { "uv": [ 16, 16, 6, 15 ], "texture": "#hardened_clay_stained_black" },
        "up":    { "uv": [ 0, 0, 10, 1 ], "texture": "#hardened_clay_stained_black" },
        "north": { "uv": [ 8, 0, 16, 1 ], "texture": "#hardened_clay_stained_black" },
        "south": { "uv": [ 0, 0, 8, 1 ], "texture": "#hardened_clay_stained_black" },
        "west":  { "uv": [ 0, 0, 1, 1 ], "texture": "#hardened_clay_stained_black" },
        "east":  { "uv": [ 0, 0, 1, 1 ], "texture": "#hardened_clay_stained_black" }
    }
},
{
    "__comment": "Roof",
    "from": [ -10.5, 14.875, -1 ],
    "to": [ -0.5, 15.875, 0 ],
    "rotation": { "origin": [ -10.5, 15.875, -1 ], "axis": "z", "angle": 22.5 },
    "faces": {
        "down":  { "uv": [ 16, 16, 6, 15 ], "texture": "#hardened_clay_stained_black" },
        "up":    { "uv": [ 0, 0, 10, 1 ], "texture": "#hardened_clay_stained_black" },
        "north": { "uv": [ 8, 0, 16, 1 ], "texture": "#hardened_clay_stained_black" },
        "south": { "uv": [ 0, 0, 8, 1 ], "texture": "#hardened_clay_stained_black" },
        "west":  { "uv": [ 0, 0, 1, 1 ], "texture": "#hardened_clay_stained_black" },
        "east":  { "uv": [ 0, 0, 1, 1 ], "texture": "#hardened_clay_stained_black" }
    }
},
{
    "__comment": "Roof",
    "from": [ 8, 22.5, -1 ],
    "to": [ 18, 23.5, 0 ],
    "rotation": { "origin": [ 8, 23.5, -1 ], "axis": "z", "angle": -22.5 },
    "faces": {
        "down":  { "uv": [ 16, 16, 6, 15 ], "texture": "#hardened_clay_stained_black" },
        "up":    { "uv": [ 0, 0, 10, 1 ], "texture": "#hardened_clay_stained_black" },
        "north": { "uv": [ 8, 0, 16, 1 ], "texture": "#hardened_clay_stained_black" },
        "south": { "uv": [ 0, 0, 8, 1 ], "texture": "#hardened_clay_stained_black" },
        "west":  { "uv": [ 0, 0, 1, 1 ], "texture": "#hardened_clay_stained_black" },
        "east":  { "uv": [ 0, 0, 1, 1 ], "texture": "#hardened_clay_stained_black" }
    }
},
{
    "__comment": "Roof",
    "from": [ -1.25, 18.6875, -1 ],
    "to": [ 8.75, 19.6875, 0 ],
    "rotation": { "origin": [ -1.25, 19.6875, -1 ], "axis": "z", "angle": 22.5 },
    "faces": {
        "down":  { "uv": [ 16, 16, 6, 15 ], "texture": "#hardened_clay_stained_black" },
        "up":    { "uv": [ 0, 0, 10, 1 ], "texture": "#hardened_clay_stained_black" },
        "north": { "uv": [ 8, 0, 16, 1 ], "texture": "#hardened_clay_stained_black" },
        "south": { "uv": [ 0, 0, 8, 1 ], "texture": "#hardened_clay_stained_black" },
        "west":  { "uv": [ 0, 0, 1, 1 ], "texture": "#hardened_clay_stained_black" },
        "east":  { "uv": [ 0, 0, 1, 1 ], "texture": "#hardened_clay_stained_black" }
    }
},
{
    "__comment": "Roof",
    "from": [ 17.25, 18.6875, 16 ],
    "to": [ 27.25, 19.6875, 17 ],
    "rotation": { "origin": [ 17.25, 19.6875, 16 ], "axis": "z", "angle": -22.5 },
    "faces": {
        "down":  { "uv": [ 16, 16, 6, 15 ], "texture": "#hardened_clay_stained_black" },
        "up":    { "uv": [ 0, 0, 10, 1 ], "texture": "#hardened_clay_stained_black" },
        "north": { "uv": [ 8, 0, 16, 1 ], "texture": "#hardened_clay_stained_black" },
        "south": { "uv": [ 0, 0, 8, 1 ], "texture": "#hardened_clay_stained_black" },
        "west":  { "uv": [ 0, 0, 1, 1 ], "texture": "#hardened_clay_stained_black" },
        "east":  { "uv": [ 0, 0, 1, 1 ], "texture": "#hardened_clay_stained_black" }
    }
},
{
    "__comment": "Roof",
    "from": [ -10.5, 14.875, 16 ],
    "to": [ -0.5, 15.875, 17 ],
    "rotation": { "origin": [ -10.5, 15.875, 16 ], "axis": "z", "angle": 22.5 },
    "faces": {
        "down":  { "uv": [ 16, 16, 6, 15 ], "texture": "#hardened_clay_stained_black" },
        "up":    { "uv": [ 0, 0, 10, 1 ], "texture": "#hardened_clay_stained_black" },
        "north": { "uv": [ 8, 0, 16, 1 ], "texture": "#hardened_clay_stained_black" },
        "south": { "uv": [ 0, 0, 8, 1 ], "texture": "#hardened_clay_stained_black" },
        "west":  { "uv": [ 0, 0, 1, 1 ], "texture": "#hardened_clay_stained_black" },
        "east":  { "uv": [ 0, 0, 1, 1 ], "texture": "#hardened_clay_stained_black" }
    }
},
{
    "__comment": "Roof",
    "from": [ 8, 22.5, 16 ],
    "to": [ 18, 23.5, 17 ],
    "rotation": { "origin": [ 8, 23.5, 16 ], "axis": "z", "angle": -22.5 },
    "faces": {
        "down":  { "uv": [ 16, 16, 6, 15 ], "texture": "#hardened_clay_stained_black" },
        "up":    { "uv": [ 0, 0, 10, 1 ], "texture": "#hardened_clay_stained_black" },
        "north": { "uv": [ 8, 0, 16, 1 ], "texture": "#hardened_clay_stained_black" },
        "south": { "uv": [ 0, 0, 8, 1 ], "texture": "#hardened_clay_stained_black" },
        "west":  { "uv": [ 0, 0, 1, 1 ], "texture": "#hardened_clay_stained_black" },
        "east":  { "uv": [ 0, 0, 1, 1 ], "texture": "#hardened_clay_stained_black" }
    }
},
{
    "__comment": "Roof",
    "from": [ -1.25, 18.6875, 16 ],
    "to": [ 8.75, 19.6875, 17 ],
    "rotation": { "origin": [ -1.25, 19.6875, 16 ], "axis": "z", "angle": 22.5 },
    "faces": {
        "down":  { "uv": [ 16, 16, 6, 15 ], "texture": "#hardened_clay_stained_black" },
        "up":    { "uv": [ 0, 0, 10, 1 ], "texture": "#hardened_clay_stained_black" },
        "north": { "uv": [ 8, 0, 16, 1 ], "texture": "#hardened_clay_stained_black" },
        "south": { "uv": [ 0, 0, 8, 1 ], "texture": "#hardened_clay_stained_black" },
        "west":  { "uv": [ 0, 0, 1, 1 ], "texture": "#hardened_clay_stained_black" },
        "east":  { "uv": [ 0, 0, 1, 1 ], "texture": "#hardened_clay_stained_black" }
    }
},
{
    "__comment": "SideRoof",
    "from": [ -7.5, 16, 0 ],
    "to": [ 8, 17, 1 ],
    "faces": {
        "down":  { "uv": [ 15.5, 16, 0, 15 ], "texture": "#texture" },
        "up":    { "uv": [ 0.5, 15, 16, 16 ], "texture": "#texture" },
        "north": { "uv": [ 0, 15, 15.5, 16 ], "texture": "#texture" },
        "south": { "uv": [ 0.5, 15, 16, 16 ], "texture": "#texture" },
        "west":  { "uv": [ 15, 15, 16, 16 ], "texture": "#texture" },
        "east":  { "uv": [ 0, 15, 1, 16 ], "texture": "#texture" }
    }
},
{
    "__comment": "SideRoof",
    "from": [ -5, 17, 0 ],
    "to": [ 8, 18, 1 ],
    "faces": {
        "down":  { "uv": [ 13, 16, 0, 15 ], "texture": "#texture" },
        "up":    { "uv": [ 3, 15, 16, 16 ], "texture": "#texture" },
        "north": { "uv": [ 0, 14, 13, 15 ], "texture": "#texture" },
        "south": { "uv": [ 3, 14, 16, 15 ], "texture": "#texture" },
        "west":  { "uv": [ 15, 14, 16, 15 ], "texture": "#texture" },
        "east":  { "uv": [ 0, 14, 1, 15 ], "texture": "#texture" }
    }
},
{
    "__comment": "SideRoof",
    "from": [ -2.5, 18, 0 ],
    "to": [ 8, 19, 1 ],
    "faces": {
        "down":  { "uv": [ 10.5, 16, 0, 15 ], "texture": "#texture" },
        "up":    { "uv": [ 5.5, 15, 16, 16 ], "texture": "#texture" },
        "north": { "uv": [ 0, 13, 10.5, 14 ], "texture": "#texture" },
        "south": { "uv": [ 5.5, 13, 16, 14 ], "texture": "#texture" },
        "west":  { "uv": [ 15, 13, 16, 14 ], "texture": "#texture" },
        "east":  { "uv": [ 0, 13, 1, 14 ], "texture": "#texture" }
    }
},
{
    "__comment": "SideRoof",
    "from": [ 0, 19, 0 ],
    "to": [ 8, 20, 1 ],
    "faces": {
        "down":  { "uv": [ 8, 16, 0, 15 ], "texture": "#texture" },
        "up":    { "uv": [ 8, 15, 16, 16 ], "texture": "#texture" },
        "north": { "uv": [ 0, 12, 8, 13 ], "texture": "#texture" },
        "south": { "uv": [ 8, 12, 16, 13 ], "texture": "#texture" },
        "west":  { "uv": [ 15, 12, 16, 13 ], "texture": "#texture" },
        "east":  { "uv": [ 0, 12, 1, 13 ], "texture": "#texture" }
    }
},
{
    "__comment": "SideRoof",
    "from": [ 2.5, 20, 0 ],
    "to": [ 8, 21, 1 ],
    "faces": {
        "down":  { "uv": [ 5.5, 16, 0, 15 ], "texture": "#texture" },
        "up":    { "uv": [ 10.5, 15, 16, 16 ], "texture": "#texture" },
        "north": { "uv": [ 0, 11, 5.5, 12 ], "texture": "#texture" },
        "south": { "uv": [ 10.5, 11, 16, 12 ], "texture": "#texture" },
        "west":  { "uv": [ 15, 11, 16, 12 ], "texture": "#texture" },
        "east":  { "uv": [ 0, 11, 1, 12 ], "texture": "#texture" }
    }
},
{
    "__comment": "SideRoof",
    "from": [ 4.5, 21, 0 ],
    "to": [ 8, 22, 1 ],
    "faces": {
        "down":  { "uv": [ 3.5, 16, 0, 15 ], "texture": "#texture" },
        "up":    { "uv": [ 12.5, 15, 16, 16 ], "texture": "#texture" },
        "north": { "uv": [ 0, 10, 3.5, 11 ], "texture": "#texture" },
        "south": { "uv": [ 12.5, 10, 16, 11 ], "texture": "#texture" },
        "west":  { "uv": [ 15, 10, 16, 11 ], "texture": "#texture" },
        "east":  { "uv": [ 0, 10, 1, 11 ], "texture": "#texture" }
    }
},
{
    "__comment": "SideRoof",
    "from": [ 7, 22, 0 ],
    "to": [ 8, 23, 1 ],
    "faces": {
        "down":  { "uv": [ 1, 16, 0, 15 ], "texture": "#texture" },
        "up":    { "uv": [ 15, 15, 16, 16 ], "texture": "#texture" },
        "north": { "uv": [ 0, 9, 1, 10 ], "texture": "#texture" },
        "south": { "uv": [ 15, 9, 16, 10 ], "texture": "#texture" },
        "west":  { "uv": [ 15, 9, 16, 10 ], "texture": "#texture" },
        "east":  { "uv": [ 0, 9, 1, 10 ], "texture": "#texture" }
    }
},
{
    "__comment": "SideRoof",
    "from": [ 2, 20, 0 ],
    "to": [ 2.5, 20.5, 1 ],
    "faces": {
        "down":  { "uv": [ 6, 16, 5.5, 15 ], "texture": "#texture" },
        "up":    { "uv": [ 10, 15, 10.5, 16 ], "texture": "#texture" },
        "north": { "uv": [ 5.5, 11.5, 6, 12 ], "texture": "#texture" },
        "south": { "uv": [ 10, 11.5, 10.5, 12 ], "texture": "#texture" },
        "west":  { "uv": [ 15, 11.5, 16, 12 ], "texture": "#texture" },
        "east":  { "uv": [ 0, 11.5, 1, 12 ], "texture": "#texture" }
    }
},
{
    "__comment": "SideRoof",
    "from": [ -0.5, 19, 0 ],
    "to": [ 0, 19.5, 1 ],
    "faces": {
        "down":  { "uv": [ 8.5, 16, 8, 15 ], "texture": "#texture" },
        "up":    { "uv": [ 7.5, 15, 8, 16 ], "texture": "#texture" },
        "north": { "uv": [ 8, 12.5, 8.5, 13 ], "texture": "#texture" },
        "south": { "uv": [ 7.5, 12.5, 8, 13 ], "texture": "#texture" },
        "west":  { "uv": [ 15, 12.5, 16, 13 ], "texture": "#texture" },
        "east":  { "uv": [ 0, 12.5, 1, 13 ], "texture": "#texture" }
    }
},
{
    "__comment": "SideRoof",
    "from": [ -3, 18, 0 ],
    "to": [ -2.5, 18.5, 1 ],
    "faces": {
        "down":  { "uv": [ 11, 16, 10.5, 15 ], "texture": "#texture" },
        "up":    { "uv": [ 5, 15, 5.5, 16 ], "texture": "#texture" },
        "north": { "uv": [ 10.5, 13.5, 11, 14 ], "texture": "#texture" },
        "south": { "uv": [ 5, 13.5, 5.5, 14 ], "texture": "#texture" },
        "west":  { "uv": [ 15, 13.5, 16, 14 ], "texture": "#texture" },
        "east":  { "uv": [ 0, 13.5, 1, 14 ], "texture": "#texture" }
    }
},
{
    "__comment": "SideRoof",
    "from": [ -5.5, 17, 0 ],
    "to": [ -5, 17.5, 1 ],
    "faces": {
        "down":  { "uv": [ 13.5, 16, 13, 15 ], "texture": "#texture" },
        "up":    { "uv": [ 2.5, 15, 3, 16 ], "texture": "#texture" },
        "north": { "uv": [ 13, 14.5, 13.5, 15 ], "texture": "#texture" },
        "south": { "uv": [ 2.5, 14.5, 3, 15 ], "texture": "#texture" },
        "west":  { "uv": [ 15, 14.5, 16, 15 ], "texture": "#texture" },
        "east":  { "uv": [ 0, 14.5, 1, 15 ], "texture": "#texture" }
    }
},
{
    "__comment": "SideRoof*",
    "from": [ 8, 16, 0 ],
    "to": [ 23.5, 17, 1 ],
    "faces": {
        "down":  { "uv": [ 15.5, 16, 0, 15 ], "rotation": 180, "texture": "#texture" },
        "up":    { "uv": [ 0.5, 15, 16, 16 ], "rotation": 180, "texture": "#texture" },
        "north": { "uv": [ 0.5, 15, 16, 16 ], "texture": "#texture" },
        "south": { "uv": [ 0, 15, 15.5, 16 ], "texture": "#texture" },
        "west":  { "uv": [ 0, 15, 1, 16 ], "texture": "#texture" },
        "east":  { "uv": [ 15, 15, 16, 16 ], "texture": "#texture" }
    }
},
{
    "__comment": "SideRoof*",
    "from": [ 8, 17, 0 ],
    "to": [ 21, 18, 1 ],
    "faces": {
        "down":  { "uv": [ 13, 16, 0, 15 ], "rotation": 180, "texture": "#texture" },
        "up":    { "uv": [ 3, 15, 16, 16 ], "rotation": 180, "texture": "#texture" },
        "north": { "uv": [ 3, 14, 16, 15 ], "texture": "#texture" },
        "south": { "uv": [ 0, 14, 13, 15 ], "texture": "#texture" },
        "west":  { "uv": [ 0, 14, 1, 15 ], "texture": "#texture" },
        "east":  { "uv": [ 15, 14, 16, 15 ], "texture": "#texture" }
    }
},
{
    "__comment": "SideRoof*",
    "from": [ 8, 18, 0 ],
    "to": [ 18.5, 19, 1 ],
    "faces": {
        "down":  { "uv": [ 10.5, 16, 0, 15 ], "rotation": 180, "texture": "#texture" },
        "up":    { "uv": [ 5.5, 15, 16, 16 ], "rotation": 180, "texture": "#texture" },
        "north": { "uv": [ 5.5, 13, 16, 14 ], "texture": "#texture" },
        "south": { "uv": [ 0, 13, 10.5, 14 ], "texture": "#texture" },
        "west":  { "uv": [ 0, 13, 1, 14 ], "texture": "#texture" },
        "east":  { "uv": [ 15, 13, 16, 14 ], "texture": "#texture" }
    }
},
{
    "__comment": "SideRoof*",
    "from": [ 8, 19, 0 ],
    "to": [ 16, 20, 1 ],
    "faces": {
        "down":  { "uv": [ 8, 16, 0, 15 ], "rotation": 180, "texture": "#texture" },
        "up":    { "uv": [ 8, 15, 16, 16 ], "rotation": 180, "texture": "#texture" },
        "north": { "uv": [ 8, 12, 16, 13 ], "texture": "#texture" },
        "south": { "uv": [ 0, 12, 8, 13 ], "texture": "#texture" },
        "west":  { "uv": [ 0, 12, 1, 13 ], "texture": "#texture" },
        "east":  { "uv": [ 15, 12, 16, 13 ], "texture": "#texture" }
    }
},
{
    "__comment": "SideRoof*",
    "from": [ 8, 20, 0 ],
    "to": [ 13.5, 21, 1 ],
    "faces": {
        "down":  { "uv": [ 5.5, 16, 0, 15 ], "rotation": 180, "texture": "#texture" },
        "up":    { "uv": [ 10.5, 15, 16, 16 ], "rotation": 180, "texture": "#texture" },
        "north": { "uv": [ 10.5, 11, 16, 12 ], "texture": "#texture" },
        "south": { "uv": [ 0, 11, 5.5, 12 ], "texture": "#texture" },
        "west":  { "uv": [ 0, 11, 1, 12 ], "texture": "#texture" },
        "east":  { "uv": [ 15, 11, 16, 12 ], "texture": "#texture" }
    }
},
{
    "__comment": "SideRoof*",
    "from": [ 8, 21, 0 ],
    "to": [ 11.5, 22, 1 ],
    "faces": {
        "down":  { "uv": [ 3.5, 16, 0, 15 ], "rotation": 180, "texture": "#texture" },
        "up":    { "uv": [ 12.5, 15, 16, 16 ], "rotation": 180, "texture": "#texture" },
        "north": { "uv": [ 12.5, 10, 16, 11 ], "texture": "#texture" },
        "south": { "uv": [ 0, 10, 3.5, 11 ], "texture": "#texture" },
        "west":  { "uv": [ 0, 10, 1, 11 ], "texture": "#texture" },
        "east":  { "uv": [ 15, 10, 16, 11 ], "texture": "#texture" }
    }
},
{
    "__comment": "SideRoof*",
    "from": [ 8, 22, 0 ],
    "to": [ 9, 23, 1 ],
    "faces": {
        "down":  { "uv": [ 1, 16, 0, 15 ], "rotation": 180, "texture": "#texture" },
        "up":    { "uv": [ 15, 15, 16, 16 ], "rotation": 180, "texture": "#texture" },
        "north": { "uv": [ 15, 9, 16, 10 ], "texture": "#texture" },
        "south": { "uv": [ 0, 9, 1, 10 ], "texture": "#texture" },
        "west":  { "uv": [ 0, 9, 1, 10 ], "texture": "#texture" },
        "east":  { "uv": [ 15, 9, 16, 10 ], "texture": "#texture" }
    }
},
{
    "__comment": "SideRoof*",
    "from": [ 13.5, 20, 0 ],
    "to": [ 14, 20.5, 1 ],
    "faces": {
        "down":  { "uv": [ 6, 16, 5.5, 15 ], "rotation": 180, "texture": "#texture" },
        "up":    { "uv": [ 10, 15, 10.5, 16 ], "rotation": 180, "texture": "#texture" },
        "north": { "uv": [ 10, 11.5, 10.5, 12 ], "texture": "#texture" },
        "south": { "uv": [ 5.5, 11.5, 6, 12 ], "texture": "#texture" },
        "west":  { "uv": [ 0, 11.5, 1, 12 ], "texture": "#texture" },
        "east":  { "uv": [ 15, 11.5, 16, 12 ], "texture": "#texture" }
    }
},
{
    "__comment": "SideRoof*",
    "from": [ 16, 19, 0 ],
    "to": [ 16.5, 19.5, 1 ],
    "faces": {
        "down":  { "uv": [ 8.5, 16, 8, 15 ], "rotation": 180, "texture": "#texture" },
        "up":    { "uv": [ 7.5, 15, 8, 16 ], "rotation": 180, "texture": "#texture" },
        "north": { "uv": [ 7.5, 12.5, 8, 13 ], "texture": "#texture" },
        "south": { "uv": [ 8, 12.5, 8.5, 13 ], "texture": "#texture" },
        "west":  { "uv": [ 0, 12.5, 1, 13 ], "texture": "#texture" },
        "east":  { "uv": [ 15, 12.5, 16, 13 ], "texture": "#texture" }
    }
},
{
    "__comment": "SideRoof*",
    "from": [ 18.5, 18, 0 ],
    "to": [ 19, 18.5, 1 ],
    "faces": {
        "down":  { "uv": [ 11, 16, 10.5, 15 ], "rotation": 180, "texture": "#texture" },
        "up":    { "uv": [ 5, 15, 5.5, 16 ], "rotation": 180, "texture": "#texture" },
        "north": { "uv": [ 5, 13.5, 5.5, 14 ], "texture": "#texture" },
        "south": { "uv": [ 10.5, 13.5, 11, 14 ], "texture": "#texture" },
        "west":  { "uv": [ 0, 13.5, 1, 14 ], "texture": "#texture" },
        "east":  { "uv": [ 15, 13.5, 16, 14 ], "texture": "#texture" }
    }
},
{
    "__comment": "SideRoof*",
    "from": [ 21, 17, 0 ],
    "to": [ 21.5, 17.5, 1 ],
    "faces": {
        "down":  { "uv": [ 13.5, 16, 13, 15 ], "rotation": 180, "texture": "#texture" },
        "up":    { "uv": [ 2.5, 15, 3, 16 ], "rotation": 180, "texture": "#texture" },
        "north": { "uv": [ 2.5, 14.5, 3, 15 ], "texture": "#texture" },
        "south": { "uv": [ 13, 14.5, 13.5, 15 ], "texture": "#texture" },
        "west":  { "uv": [ 0, 14.5, 1, 15 ], "texture": "#texture" },
        "east":  { "uv": [ 15, 14.5, 16, 15 ], "texture": "#texture" }
    }
},
{
    "__comment": "SideRoof*",
    "from": [ -7.5, 16, 15 ],
    "to": [ 8, 17, 16 ],
    "faces": {
        "down":  { "uv": [ 15.5, 16, 0, 15 ], "texture": "#texture" },
        "up":    { "uv": [ 0.5, 15, 16, 16 ], "texture": "#texture" },
        "north": { "uv": [ 0, 15, 15.5, 16 ], "texture": "#texture" },
        "south": { "uv": [ 0.5, 15, 16, 16 ], "texture": "#texture" },
        "west":  { "uv": [ 15, 15, 16, 16 ], "texture": "#texture" },
        "east":  { "uv": [ 0, 15, 1, 16 ], "texture": "#texture" }
    }
},
{
    "__comment": "SideRoof*",
    "from": [ -5, 17, 15 ],
    "to": [ 8, 18, 16 ],
    "faces": {
        "down":  { "uv": [ 13, 16, 0, 15 ], "texture": "#texture" },
        "up":    { "uv": [ 3, 15, 16, 16 ], "texture": "#texture" },
        "north": { "uv": [ 0, 14, 13, 15 ], "texture": "#texture" },
        "south": { "uv": [ 3, 14, 16, 15 ], "texture": "#texture" },
        "west":  { "uv": [ 15, 14, 16, 15 ], "texture": "#texture" },
        "east":  { "uv": [ 0, 14, 1, 15 ], "texture": "#texture" }
    }
},
{
    "__comment": "SideRoof*",
    "from": [ -2.5, 18, 15 ],
    "to": [ 8, 19, 16 ],
    "faces": {
        "down":  { "uv": [ 10.5, 16, 0, 15 ], "texture": "#texture" },
        "up":    { "uv": [ 5.5, 15, 16, 16 ], "texture": "#texture" },
        "north": { "uv": [ 0, 13, 10.5, 14 ], "texture": "#texture" },
        "south": { "uv": [ 5.5, 13, 16, 14 ], "texture": "#texture" },
        "west":  { "uv": [ 15, 13, 16, 14 ], "texture": "#texture" },
        "east":  { "uv": [ 0, 13, 1, 14 ], "texture": "#texture" }
    }
},
{
    "__comment": "SideRoof*",
    "from": [ 0, 19, 15 ],
    "to": [ 8, 20, 16 ],
    "faces": {
        "down":  { "uv": [ 8, 16, 0, 15 ], "texture": "#texture" },
        "up":    { "uv": [ 8, 15, 16, 16 ], "texture": "#texture" },
        "north": { "uv": [ 0, 12, 8, 13 ], "texture": "#texture" },
        "south": { "uv": [ 8, 12, 16, 13 ], "texture": "#texture" },
        "west":  { "uv": [ 15, 12, 16, 13 ], "texture": "#texture" },
        "east":  { "uv": [ 0, 12, 1, 13 ], "texture": "#texture" }
    }
},
{
    "__comment": "SideRoof*",
    "from": [ 2.5, 20, 15 ],
    "to": [ 8, 21, 16 ],
    "faces": {
        "down":  { "uv": [ 5.5, 16, 0, 15 ], "texture": "#texture" },
        "up":    { "uv": [ 10.5, 15, 16, 16 ], "texture": "#texture" },
        "north": { "uv": [ 0, 11, 5.5, 12 ], "texture": "#texture" },
        "south": { "uv": [ 10.5, 11, 16, 12 ], "texture": "#texture" },
        "west":  { "uv": [ 15, 11, 16, 12 ], "texture": "#texture" },
        "east":  { "uv": [ 0, 11, 1, 12 ], "texture": "#texture" }
    }
},
{
    "__comment": "SideRoof*",
    "from": [ 4.5, 21, 15 ],
    "to": [ 8, 22, 16 ],
    "faces": {
        "down":  { "uv": [ 3.5, 16, 0, 15 ], "texture": "#texture" },
        "up":    { "uv": [ 12.5, 15, 16, 16 ], "texture": "#texture" },
        "north": { "uv": [ 0, 10, 3.5, 11 ], "texture": "#texture" },
        "south": { "uv": [ 12.5, 10, 16, 11 ], "texture": "#texture" },
        "west":  { "uv": [ 15, 10, 16, 11 ], "texture": "#texture" },
        "east":  { "uv": [ 0, 10, 1, 11 ], "texture": "#texture" }
    }
},
{
    "__comment": "SideRoof*",
    "from": [ 7, 22, 15 ],
    "to": [ 8, 23, 16 ],
    "faces": {
        "down":  { "uv": [ 1, 16, 0, 15 ], "texture": "#texture" },
        "up":    { "uv": [ 15, 15, 16, 16 ], "texture": "#texture" },
        "north": { "uv": [ 0, 9, 1, 10 ], "texture": "#texture" },
        "south": { "uv": [ 15, 9, 16, 10 ], "texture": "#texture" },
        "west":  { "uv": [ 15, 9, 16, 10 ], "texture": "#texture" },
        "east":  { "uv": [ 0, 9, 1, 10 ], "texture": "#texture" }
    }
},
{
    "__comment": "SideRoof*",
    "from": [ 2, 20, 15 ],
    "to": [ 2.5, 20.5, 16 ],
    "faces": {
        "down":  { "uv": [ 6, 16, 5.5, 15 ], "texture": "#texture" },
        "up":    { "uv": [ 10, 15, 10.5, 16 ], "texture": "#texture" },
        "north": { "uv": [ 5.5, 11.5, 6, 12 ], "texture": "#texture" },
        "south": { "uv": [ 10, 11.5, 10.5, 12 ], "texture": "#texture" },
        "west":  { "uv": [ 15, 11.5, 16, 12 ], "texture": "#texture" },
        "east":  { "uv": [ 0, 11.5, 1, 12 ], "texture": "#texture" }
    }
},
{
    "__comment": "SideRoof*",
    "from": [ -0.5, 19, 15 ],
    "to": [ 0, 19.5, 16 ],
    "faces": {
        "down":  { "uv": [ 8.5, 16, 8, 15 ], "texture": "#texture" },
        "up":    { "uv": [ 7.5, 15, 8, 16 ], "texture": "#texture" },
        "north": { "uv": [ 8, 12.5, 8.5, 13 ], "texture": "#texture" },
        "south": { "uv": [ 7.5, 12.5, 8, 13 ], "texture": "#texture" },
        "west":  { "uv": [ 15, 12.5, 16, 13 ], "texture": "#texture" },
        "east":  { "uv": [ 0, 12.5, 1, 13 ], "texture": "#texture" }
    }
},
{
    "__comment": "SideRoof*",
    "from": [ -3, 18, 15 ],
    "to": [ -2.5, 18.5, 16 ],
    "faces": {
        "down":  { "uv": [ 11, 16, 10.5, 15 ], "texture": "#texture" },
        "up":    { "uv": [ 5, 15, 5.5, 16 ], "texture": "#texture" },
        "north": { "uv": [ 10.5, 13.5, 11, 14 ], "texture": "#texture" },
        "south": { "uv": [ 5, 13.5, 5.5, 14 ], "texture": "#texture" },
        "west":  { "uv": [ 15, 13.5, 16, 14 ], "texture": "#texture" },
        "east":  { "uv": [ 0, 13.5, 1, 14 ], "texture": "#texture" }
    }
},
{
    "__comment": "SideRoof*",
    "from": [ -5.5, 17, 15 ],
    "to": [ -5, 17.5, 16 ],
    "faces": {
        "down":  { "uv": [ 13.5, 16, 13, 15 ], "texture": "#texture" },
        "up":    { "uv": [ 2.5, 15, 3, 16 ], "texture": "#texture" },
        "north": { "uv": [ 13, 14.5, 13.5, 15 ], "texture": "#texture" },
        "south": { "uv": [ 2.5, 14.5, 3, 15 ], "texture": "#texture" },
        "west":  { "uv": [ 15, 14.5, 16, 15 ], "texture": "#texture" },
        "east":  { "uv": [ 0, 14.5, 1, 15 ], "texture": "#texture" }
    }
},
{
    "__comment": "SideRoof*",
    "from": [ 8, 16, 15 ],
    "to": [ 23.5, 17, 16 ],
    "faces": {
        "down":  { "uv": [ 15.5, 16, 0, 15 ], "rotation": 180, "texture": "#texture" },
        "up":    { "uv": [ 0.5, 15, 16, 16 ], "rotation": 180, "texture": "#texture" },
        "north": { "uv": [ 0.5, 15, 16, 16 ], "texture": "#texture" },
        "south": { "uv": [ 0, 15, 15.5, 16 ], "texture": "#texture" },
        "west":  { "uv": [ 0, 15, 1, 16 ], "texture": "#texture" },
        "east":  { "uv": [ 15, 15, 16, 16 ], "texture": "#texture" }
    }
},
{
    "__comment": "SideRoof*",
    "from": [ 8, 17, 15 ],
    "to": [ 21, 18, 16 ],
    "faces": {
        "down":  { "uv": [ 13, 16, 0, 15 ], "rotation": 180, "texture": "#texture" },
        "up":    { "uv": [ 3, 15, 16, 16 ], "rotation": 180, "texture": "#texture" },
        "north": { "uv": [ 3, 14, 16, 15 ], "texture": "#texture" },
        "south": { "uv": [ 0, 14, 13, 15 ], "texture": "#texture" },
        "west":  { "uv": [ 0, 14, 1, 15 ], "texture": "#texture" },
        "east":  { "uv": [ 15, 14, 16, 15 ], "texture": "#texture" }
    }
},
{
    "__comment": "SideRoof*",
    "from": [ 8, 18, 15 ],
    "to": [ 18.5, 19, 16 ],
    "faces": {
        "down":  { "uv": [ 10.5, 16, 0, 15 ], "rotation": 180, "texture": "#texture" },
        "up":    { "uv": [ 5.5, 15, 16, 16 ], "rotation": 180, "texture": "#texture" },
        "north": { "uv": [ 5.5, 13, 16, 14 ], "texture": "#texture" },
        "south": { "uv": [ 0, 13, 10.5, 14 ], "texture": "#texture" },
        "west":  { "uv": [ 0, 13, 1, 14 ], "texture": "#texture" },
        "east":  { "uv": [ 15, 13, 16, 14 ], "texture": "#texture" }
    }
},
{
    "__comment": "SideRoof*",
    "from": [ 8, 19, 15 ],
    "to": [ 16, 20, 16 ],
    "faces": {
        "down":  { "uv": [ 8, 16, 0, 15 ], "rotation": 180, "texture": "#texture" },
        "up":    { "uv": [ 8, 15, 16, 16 ], "rotation": 180, "texture": "#texture" },
        "north": { "uv": [ 8, 12, 16, 13 ], "texture": "#texture" },
        "south": { "uv": [ 0, 12, 8, 13 ], "texture": "#texture" },
        "west":  { "uv": [ 0, 12, 1, 13 ], "texture": "#texture" },
        "east":  { "uv": [ 15, 12, 16, 13 ], "texture": "#texture" }
    }
},
{
    "__comment": "SideRoof*",
    "from": [ 8, 20, 15 ],
    "to": [ 13.5, 21, 16 ],
    "faces": {
        "down":  { "uv": [ 5.5, 16, 0, 15 ], "rotation": 180, "texture": "#texture" },
        "up":    { "uv": [ 10.5, 15, 16, 16 ], "rotation": 180, "texture": "#texture" },
        "north": { "uv": [ 10.5, 11, 16, 12 ], "texture": "#texture" },
        "south": { "uv": [ 0, 11, 5.5, 12 ], "texture": "#texture" },
        "west":  { "uv": [ 0, 11, 1, 12 ], "texture": "#texture" },
        "east":  { "uv": [ 15, 11, 16, 12 ], "texture": "#texture" }
    }
},
{
    "__comment": "SideRoof*",
    "from": [ 8, 21, 15 ],
    "to": [ 11.5, 22, 16 ],
    "faces": {
        "down":  { "uv": [ 3.5, 16, 0, 15 ], "rotation": 180, "texture": "#texture" },
        "up":    { "uv": [ 12.5, 15, 16, 16 ], "rotation": 180, "texture": "#texture" },
        "north": { "uv": [ 12.5, 10, 16, 11 ], "texture": "#texture" },
        "south": { "uv": [ 0, 10, 3.5, 11 ], "texture": "#texture" },
        "west":  { "uv": [ 0, 10, 1, 11 ], "texture": "#texture" },
        "east":  { "uv": [ 15, 10, 16, 11 ], "texture": "#texture" }
    }
},
{
    "__comment": "SideRoof*",
    "from": [ 8, 22, 15 ],
    "to": [ 9, 23, 16 ],
    "faces": {
        "down":  { "uv": [ 1, 16, 0, 15 ], "rotation": 180, "texture": "#texture" },
        "up":    { "uv": [ 15, 15, 16, 16 ], "rotation": 180, "texture": "#texture" },
        "north": { "uv": [ 15, 9, 16, 10 ], "texture": "#texture" },
        "south": { "uv": [ 0, 9, 1, 10 ], "texture": "#texture" },
        "west":  { "uv": [ 0, 9, 1, 10 ], "texture": "#texture" },
        "east":  { "uv": [ 15, 9, 16, 10 ], "texture": "#texture" }
    }
},
{
    "__comment": "SideRoof*",
    "from": [ 13.5, 20, 15 ],
    "to": [ 14, 20.5, 16 ],
    "faces": {
        "down":  { "uv": [ 6, 16, 5.5, 15 ], "rotation": 180, "texture": "#texture" },
        "up":    { "uv": [ 10, 15, 10.5, 16 ], "rotation": 180, "texture": "#texture" },
        "north": { "uv": [ 10, 11.5, 10.5, 12 ], "texture": "#texture" },
        "south": { "uv": [ 5.5, 11.5, 6, 12 ], "texture": "#texture" },
        "west":  { "uv": [ 0, 11.5, 1, 12 ], "texture": "#texture" },
        "east":  { "uv": [ 15, 11.5, 16, 12 ], "texture": "#texture" }
    }
},
{
    "__comment": "SideRoof*",
    "from": [ 16, 19, 15 ],
    "to": [ 16.5, 19.5, 16 ],
    "faces": {
        "down":  { "uv": [ 8.5, 16, 8, 15 ], "rotation": 180, "texture": "#texture" },
        "up":    { "uv": [ 7.5, 15, 8, 16 ], "rotation": 180, "texture": "#texture" },
        "north": { "uv": [ 7.5, 12.5, 8, 13 ], "texture": "#texture" },
        "south": { "uv": [ 8, 12.5, 8.5, 13 ], "texture": "#texture" },
        "west":  { "uv": [ 0, 12.5, 1, 13 ], "texture": "#texture" },
        "east":  { "uv": [ 15, 12.5, 16, 13 ], "texture": "#texture" }
    }
},
{
    "__comment": "SideRoof*",
    "from": [ 18.5, 18, 15 ],
    "to": [ 19, 18.5, 16 ],
    "faces": {
        "down":  { "uv": [ 11, 16, 10.5, 15 ], "rotation": 180, "texture": "#texture" },
        "up":    { "uv": [ 5, 15, 5.5, 16 ], "rotation": 180, "texture": "#texture" },
        "north": { "uv": [ 5, 13.5, 5.5, 14 ], "texture": "#texture" },
        "south": { "uv": [ 10.5, 13.5, 11, 14 ], "texture": "#texture" },
        "west":  { "uv": [ 0, 13.5, 1, 14 ], "texture": "#texture" },
        "east":  { "uv": [ 15, 13.5, 16, 14 ], "texture": "#texture" }
    }
},
{
    "__comment": "SideRoof*",
    "from": [ 21, 17, 15 ],
    "to": [ 21.5, 17.5, 16 ],
    "faces": {
        "down":  { "uv": [ 13.5, 16, 13, 15 ], "rotation": 180, "texture": "#texture" },
        "up":    { "uv": [ 2.5, 15, 3, 16 ], "rotation": 180, "texture": "#texture" },
        "north": { "uv": [ 2.5, 14.5, 3, 15 ], "texture": "#texture" },
        "south": { "uv": [ 13, 14.5, 13.5, 15 ], "texture": "#texture" },
        "west":  { "uv": [ 0, 14.5, 1, 15 ], "texture": "#texture" },
        "east":  { "uv": [ 15, 14.5, 16, 15 ], "texture": "#texture" }
    }
}
],
"display": {
    "thirdperson_righthand": {
        "rotation": [ 0, -43, 0 ],
        "translation": [ 0, 0, 0 ],
        "scale": [ 0.2, 0.2, 0.2 ]
    },
    "thirdperson_lefthand": {
        "rotation": [ 0, -43, 0 ],
        "translation": [ 0, 0, 0 ],
        "scale": [ 0.2, 0.2, 0.2 ]
    },
    "head": {
        "rotation": [ 0, 180, 0 ],
        "translation": [ -12.66, -4.35, -0.19 ],
        "scale": [ 1.6, 1.6, 1.6 ]
    },
    "ground": {
        "rotation": [ 0, 0, 0 ],
        "translation": [ 0, 3, 0 ],
        "scale": [ 0.25, 0.25, 0.25 ]
    },
    "fixed": {
        "rotation": [ 0, 180, 0 ],
        "translation": [ 0, 0.57, -1.7 ],
        "scale": [ 0.3, 0.3, 0.3 ]
    },
    "firstperson_righthand": {
        "rotation": [ 0, -64, 0 ],
        "translation": [ 0, 0, 0 ],
        "scale": [ 0.3, 0.3, 0.3 ]
    },
    "firstperson_lefthand": {
        "rotation": [ 0, -64, 0 ],
        "translation": [ 0, 0, 0 ],
        "scale": [ 0.3, 0.3, 0.3 ]
    },
    "gui": {
        "rotation": [ 35, 35, 0 ],
        "translation": [ 0, 0.94, 0 ],
        "scale": [ 0.3, 0.3, 0.3 ]
    }
}
}