{
"__comment": "Designed by Oberdiah",
"textures": {
    "texture": "blocks/wool_colored_blue",
    "gray": "blocks/furniture/entertainment",
    "gray2": "blocks/furniture/stove_top",
    "glass": "blocks/glass",
    "green": "blocks/wool_colored_green",
    "red": "blocks/wool_colored_red",
    "yellow": "blocks/wool_colored_yellow",
    "iron_block": "blocks/iron_block"
},
"elements": [ 
{
    "from": [ 0, 0, 0 ],
    "to": [ 16, 16, 10 ],
    "faces": {
        "down":  { "uv": [ 16, 10, 0, 0 ], "texture": "#iron_block" },
        "up":    { "uv": [ 0, 0, 16, 10 ], "texture": "#iron_block" },
        "north": { "uv": [ 0, 0, 16, 16 ], "texture": "#iron_block" },
        "south": { "uv": [ 0, 0, 16, 16 ], "texture": "#iron_block" },
        "west":  { "uv": [ 0, 0, 10, 16 ], "texture": "#iron_block" },
        "east":  { "uv": [ 6, 0, 16, 16 ], "texture": "#iron_block" }
    }
},
{
    "from": [ 0.5, 0, 7.4375 ],
    "to": [ 15.5, 1, 15.9375 ],
    "faces": {
        "down":  { "uv": [ 16, 16, 0, 7.5 ], "texture": "#iron_block" },
        "up":    { "uv": [ 0, 7.5, 16, 16 ], "texture": "#iron_block" },
        "north": { "uv": [ 0, 15, 16, 16 ], "texture": "#iron_block" },
        "south": { "uv": [ 0, 15, 16, 16 ], "texture": "#iron_block" },
        "west":  { "uv": [ 7.5, 15, 16, 16 ], "texture": "#iron_block" },
        "east":  { "uv": [ 0, 15, 8.5, 16 ], "texture": "#iron_block" }
    }
},
{
    "from": [ 0.5, 7.5, 8.5 ],
    "to": [ 15.5, 8.5, 15.5 ],
    "faces": {
        "down":  { "uv": [ 16, 15.5, 0, 8.5 ], "texture": "#iron_block" },
        "up":    { "uv": [ 0, 8.5, 16, 15.5 ], "texture": "#iron_block" },
        "north": { "uv": [ 0, 7.5, 16, 8.5 ], "texture": "#iron_block" },
        "south": { "uv": [ 0, 7.5, 16, 8.5 ], "texture": "#iron_block" },
        "west":  { "uv": [ 8.5, 7.5, 15.5, 8.5 ], "texture": "#iron_block" },
        "east":  { "uv": [ 0.5, 7.5, 7.5, 8.5 ], "texture": "#iron_block" }
    }
},
{
    "from": [ 15, 0, 7.5 ],
    "to": [ 16, 16, 16 ],
    "faces": {
        "down":  { "uv": [ 1, 16, 0, 7.5 ], "texture": "#iron_block" },
        "up":    { "uv": [ 15, 7.5, 16, 16 ], "texture": "#iron_block" },
        "north": { "uv": [ 0, 0, 1, 16 ], "texture": "#iron_block" },
        "south": { "uv": [ 15, 0, 16, 16 ], "texture": "#iron_block" },
        "west":  { "uv": [ 7.5, 0, 16, 16 ], "texture": "#iron_block" },
        "east":  { "uv": [ 0, 0, 8.5, 16 ], "texture": "#iron_block" }
    }
},
{
    "from": [ 0, 15, 6.5 ],
    "to": [ 16, 16, 16 ],
    "faces": {
        "down":  { "uv": [ 16, 16, 0, 6.5 ], "texture": "#iron_block" },
        "up":    { "uv": [ 0, 6.5, 16, 16 ], "texture": "#iron_block" },
        "north": { "uv": [ 0, 0, 16, 1 ], "texture": "#iron_block" },
        "south": { "uv": [ 0, 0, 16, 1 ], "texture": "#iron_block" },
        "west":  { "uv": [ 6.5, 0, 16, 1 ], "texture": "#iron_block" },
        "east":  { "uv": [ 0, 0, 9.5, 1 ], "texture": "#iron_block" }
    }
},
{
    "from": [ 1, 0.875, 15.5625 ],
    "to": [ 15.0625, 15, 15.875 ],
    "faces": {
        "down":  { "uv": [ 0, 0, 16, 16 ], "texture": "#glass" },
        "up":    { "uv": [ 0, 0, 16, 16 ], "texture": "#glass" },
        "north": { "uv": [ 0, 0, 16, 16 ], "texture": "#glass" },
        "south": { "uv": [ 0, 0, 16, 16 ], "texture": "#glass" },
        "west":  { "uv": [ 0, 0, 16, 16 ], "texture": "#glass" },
        "east":  { "uv": [ 0, 0, 16, 16 ], "texture": "#glass" }
    }
},
{
    "from": [ 9.82, 8.445, 10.8 ],
    "to": [ 12.27, 12.12, 11.78 ],
    "faces": {
        "down":  { "uv": [ 4.875, 6.75, 3.5, 6 ], "texture": "#green" },
        "up":    { "uv": [ 0.625, 4.625, 1.5, 5.75 ], "texture": "#green" },
        "north": { "uv": [ 0.625, 4.75, 1.375, 5.625 ], "texture": "#green" },
        "south": { "uv": [ 0.75, 4.625, 1.375, 5.625 ], "texture": "#green" },
        "west":  { "uv": [ 3.375, 4.625, 4.375, 5.625 ], "texture": "#green" },
        "east":  { "uv": [ 3.25, 4.625, 4.625, 5.625 ], "texture": "#green" }
    }
},
{
    "from": [ 10.555, 8.445, 10.065 ],
    "to": [ 11.535, 12.12, 12.515 ],
    "faces": {
        "down":  { "uv": [ 4.875, 6.75, 3.5, 6 ], "texture": "#green" },
        "up":    { "uv": [ 0.625, 4.625, 1.5, 5.75 ], "texture": "#green" },
        "north": { "uv": [ 0.625, 4.75, 1.375, 5.625 ], "texture": "#green" },
        "south": { "uv": [ 0.75, 4.625, 1.375, 5.625 ], "texture": "#green" },
        "west":  { "uv": [ 3.375, 4.625, 4.375, 5.625 ], "texture": "#green" },
        "east":  { "uv": [ 3.25, 4.625, 4.625, 5.625 ], "texture": "#green" }
    }
},
{
    "from": [ 10.065, 8.445, 10.31 ],
    "to": [ 12.025, 12.12, 12.27 ],
    "faces": {
        "down":  { "uv": [ 4.875, 6.75, 3.5, 6 ], "texture": "#green" },
        "up":    { "uv": [ 0.625, 4.625, 1.5, 5.75 ], "texture": "#green" },
        "north": { "uv": [ 0.625, 4.75, 1.375, 5.625 ], "texture": "#green" },
        "south": { "uv": [ 0.75, 4.625, 1.375, 5.625 ], "texture": "#green" },
        "west":  { "uv": [ 3.375, 4.625, 4.375, 5.625 ], "texture": "#green" },
        "east":  { "uv": [ 3.25, 4.625, 4.625, 5.625 ], "texture": "#green" }
    }
},
{
    "from": [ 10.555, 8.2, 10.31 ],
    "to": [ 11.535, 12.365, 12.27 ],
    "faces": {
        "down":  { "uv": [ 4.875, 6.75, 3.5, 6 ], "texture": "#green" },
        "up":    { "uv": [ 0.625, 4.625, 1.5, 5.75 ], "texture": "#green" },
        "north": { "uv": [ 0.625, 4.75, 1.375, 5.625 ], "texture": "#green" },
        "south": { "uv": [ 0.75, 4.625, 1.375, 5.625 ], "texture": "#green" },
        "west":  { "uv": [ 3.375, 4.625, 4.375, 5.625 ], "texture": "#green" },
        "east":  { "uv": [ 3.25, 4.625, 4.625, 5.625 ], "texture": "#green" }
    }
},
{
    "from": [ 10.31, 8.2, 10.555 ],
    "to": [ 11.78, 12.365, 12.025 ],
    "faces": {
        "down":  { "uv": [ 4.875, 6.75, 3.5, 6 ], "texture": "#green" },
        "up":    { "uv": [ 0.625, 4.625, 1.5, 5.75 ], "texture": "#green" },
        "north": { "uv": [ 0.625, 4.75, 1.375, 5.625 ], "texture": "#green" },
        "south": { "uv": [ 0.75, 4.625, 1.375, 5.625 ], "texture": "#green" },
        "west":  { "uv": [ 3.375, 4.625, 4.375, 5.625 ], "texture": "#green" },
        "east":  { "uv": [ 3.25, 4.625, 4.625, 5.625 ], "texture": "#green" }
    }
},
{
    "from": [ 10.065, 8.2, 10.8 ],
    "to": [ 12.025, 12.365, 11.78 ],
    "faces": {
        "down":  { "uv": [ 4.875, 6.75, 3.5, 6 ], "texture": "#green" },
        "up":    { "uv": [ 0.625, 4.625, 1.5, 5.75 ], "texture": "#green" },
        "north": { "uv": [ 0.625, 4.75, 1.375, 5.625 ], "texture": "#green" },
        "south": { "uv": [ 0.75, 4.625, 1.375, 5.625 ], "texture": "#green" },
        "west":  { "uv": [ 3.375, 4.625, 4.375, 5.625 ], "texture": "#green" },
        "east":  { "uv": [ 3.25, 4.625, 4.625, 5.625 ], "texture": "#green" }
    }
},
{
    "from": [ 10.555, 12.365, 10.8 ],
    "to": [ 11.045, 12.61, 11.045 ],
    "faces": {
        "down":  { "uv": [ 4.875, 6.75, 3.5, 6 ], "texture": "#gray2" },
        "up":    { "uv": [ 0.625, 4.625, 1.5, 5.75 ], "texture": "#gray2" },
        "north": { "uv": [ 0.625, 4.75, 1.375, 5.625 ], "texture": "#gray2" },
        "south": { "uv": [ 0.75, 4.625, 1.375, 5.625 ], "texture": "#gray2" },
        "west":  { "uv": [ 3.375, 4.625, 4.375, 5.625 ], "texture": "#gray2" },
        "east":  { "uv": [ 3.25, 4.625, 4.625, 5.625 ], "texture": "#gray2" }
    }
},
{
    "from": [ 10.31, 12.365, 11.045 ],
    "to": [ 10.555, 12.61, 11.535 ],
    "faces": {
        "down":  { "uv": [ 4.875, 6.75, 3.5, 6 ], "texture": "#gray2" },
        "up":    { "uv": [ 0.625, 4.625, 1.5, 5.75 ], "texture": "#gray2" },
        "north": { "uv": [ 0.625, 4.75, 1.375, 5.625 ], "texture": "#gray2" },
        "south": { "uv": [ 0.75, 4.625, 1.375, 5.625 ], "texture": "#gray2" },
        "west":  { "uv": [ 3.375, 4.625, 4.375, 5.625 ], "texture": "#gray2" },
        "east":  { "uv": [ 3.25, 4.625, 4.625, 5.625 ], "texture": "#gray2" }
    }
},
{
    "from": [ 10.555, 12.365, 11.535 ],
    "to": [ 11.045, 12.61, 11.78 ],
    "faces": {
        "down":  { "uv": [ 4.875, 6.75, 3.5, 6 ], "texture": "#gray2" },
        "up":    { "uv": [ 0.625, 4.625, 1.5, 5.75 ], "texture": "#gray2" },
        "north": { "uv": [ 0.625, 4.75, 1.375, 5.625 ], "texture": "#gray2" },
        "south": { "uv": [ 0.75, 4.625, 1.375, 5.625 ], "texture": "#gray2" },
        "west":  { "uv": [ 3.375, 4.625, 4.375, 5.625 ], "texture": "#gray2" },
        "east":  { "uv": [ 3.25, 4.625, 4.625, 5.625 ], "texture": "#gray2" }
    }
},
{
    "from": [ 11.045, 12.365, 11.045 ],
    "to": [ 11.535, 12.61, 11.535 ],
    "faces": {
        "down":  { "uv": [ 4.875, 6.75, 3.5, 6 ], "texture": "#gray2" },
        "up":    { "uv": [ 0.625, 4.625, 1.5, 5.75 ], "texture": "#gray2" },
        "north": { "uv": [ 0.625, 4.75, 1.375, 5.625 ], "texture": "#gray2" },
        "south": { "uv": [ 0.75, 4.625, 1.375, 5.625 ], "texture": "#gray2" },
        "west":  { "uv": [ 3.375, 4.625, 4.375, 5.625 ], "texture": "#gray2" },
        "east":  { "uv": [ 3.25, 4.625, 4.625, 5.625 ], "texture": "#gray2" }
    }
},
{
    "from": [ 11.22, 8.445, 12.8 ],
    "to": [ 13.67, 12.12, 13.78 ],
    "faces": {
        "down":  { "uv": [ 4.875, 6.75, 3.5, 6 ], "texture": "#green" },
        "up":    { "uv": [ 0.625, 4.625, 1.5, 5.75 ], "texture": "#green" },
        "north": { "uv": [ 0.625, 4.75, 1.375, 5.625 ], "texture": "#green" },
        "south": { "uv": [ 0.75, 4.625, 1.375, 5.625 ], "texture": "#green" },
        "west":  { "uv": [ 3.375, 4.625, 4.375, 5.625 ], "texture": "#green" },
        "east":  { "uv": [ 3.25, 4.625, 4.625, 5.625 ], "texture": "#green" }
    }
},
{
    "from": [ 11.465, 8.445, 12.31 ],
    "to": [ 13.425, 12.12, 14.27 ],
    "faces": {
        "down":  { "uv": [ 4.875, 6.75, 3.5, 6 ], "texture": "#green" },
        "up":    { "uv": [ 0.625, 4.625, 1.5, 5.75 ], "texture": "#green" },
        "north": { "uv": [ 0.625, 4.75, 1.375, 5.625 ], "texture": "#green" },
        "south": { "uv": [ 0.75, 4.625, 1.375, 5.625 ], "texture": "#green" },
        "west":  { "uv": [ 3.375, 4.625, 4.375, 5.625 ], "texture": "#green" },
        "east":  { "uv": [ 3.25, 4.625, 4.625, 5.625 ], "texture": "#green" }
    }
},
{
    "from": [ 11.71, 8.2, 12.555 ],
    "to": [ 13.18, 12.365, 14.025 ],
    "faces": {
        "down":  { "uv": [ 4.875, 6.75, 3.5, 6 ], "texture": "#green" },
        "up":    { "uv": [ 0.625, 4.625, 1.5, 5.75 ], "texture": "#green" },
        "north": { "uv": [ 0.625, 4.75, 1.375, 5.625 ], "texture": "#green" },
        "south": { "uv": [ 0.75, 4.625, 1.375, 5.625 ], "texture": "#green" },
        "west":  { "uv": [ 3.375, 4.625, 4.375, 5.625 ], "texture": "#green" },
        "east":  { "uv": [ 3.25, 4.625, 4.625, 5.625 ], "texture": "#green" }
    }
},
{
    "from": [ 11.465, 8.2, 12.8 ],
    "to": [ 13.425, 12.365, 13.78 ],
    "faces": {
        "down":  { "uv": [ 4.875, 6.75, 3.5, 6 ], "texture": "#green" },
        "up":    { "uv": [ 0.625, 4.625, 1.5, 5.75 ], "texture": "#green" },
        "north": { "uv": [ 0.625, 4.75, 1.375, 5.625 ], "texture": "#green" },
        "south": { "uv": [ 0.75, 4.625, 1.375, 5.625 ], "texture": "#green" },
        "west":  { "uv": [ 3.375, 4.625, 4.375, 5.625 ], "texture": "#green" },
        "east":  { "uv": [ 3.25, 4.625, 4.625, 5.625 ], "texture": "#green" }
    }
},
{
    "from": [ 11.955, 12.365, 12.8 ],
    "to": [ 12.445, 12.61, 13.045 ],
    "faces": {
        "down":  { "uv": [ 4.875, 6.75, 3.5, 6 ], "texture": "#gray2" },
        "up":    { "uv": [ 0.625, 4.625, 1.5, 5.75 ], "texture": "#gray2" },
        "north": { "uv": [ 0.625, 4.75, 1.375, 5.625 ], "texture": "#gray2" },
        "south": { "uv": [ 0.75, 4.625, 1.375, 5.625 ], "texture": "#gray2" },
        "west":  { "uv": [ 3.375, 4.625, 4.375, 5.625 ], "texture": "#gray2" },
        "east":  { "uv": [ 3.25, 4.625, 4.625, 5.625 ], "texture": "#gray2" }
    }
},
{
    "from": [ 11.71, 12.365, 13.045 ],
    "to": [ 11.955, 12.61, 13.535 ],
    "faces": {
        "down":  { "uv": [ 4.875, 6.75, 3.5, 6 ], "texture": "#gray2" },
        "up":    { "uv": [ 0.625, 4.625, 1.5, 5.75 ], "texture": "#gray2" },
        "north": { "uv": [ 0.625, 4.75, 1.375, 5.625 ], "texture": "#gray2" },
        "south": { "uv": [ 0.75, 4.625, 1.375, 5.625 ], "texture": "#gray2" },
        "west":  { "uv": [ 3.375, 4.625, 4.375, 5.625 ], "texture": "#gray2" },
        "east":  { "uv": [ 3.25, 4.625, 4.625, 5.625 ], "texture": "#gray2" }
    }
},
{
    "from": [ 11.955, 12.365, 13.535 ],
    "to": [ 12.445, 12.61, 13.78 ],
    "faces": {
        "down":  { "uv": [ 4.875, 6.75, 3.5, 6 ], "texture": "#gray2" },
        "up":    { "uv": [ 0.625, 4.625, 1.5, 5.75 ], "texture": "#gray2" },
        "north": { "uv": [ 0.625, 4.75, 1.375, 5.625 ], "texture": "#gray2" },
        "south": { "uv": [ 0.75, 4.625, 1.375, 5.625 ], "texture": "#gray2" },
        "west":  { "uv": [ 3.375, 4.625, 4.375, 5.625 ], "texture": "#gray2" },
        "east":  { "uv": [ 3.25, 4.625, 4.625, 5.625 ], "texture": "#gray2" }
    }
},
{
    "from": [ 12.445, 12.365, 13.045 ],
    "to": [ 12.935, 12.61, 13.535 ],
    "faces": {
        "down":  { "uv": [ 4.875, 6.75, 3.5, 6 ], "texture": "#gray2" },
        "up":    { "uv": [ 0.625, 4.625, 1.5, 5.75 ], "texture": "#gray2" },
        "north": { "uv": [ 0.625, 4.75, 1.375, 5.625 ], "texture": "#gray2" },
        "south": { "uv": [ 0.75, 4.625, 1.375, 5.625 ], "texture": "#gray2" },
        "west":  { "uv": [ 3.375, 4.625, 4.375, 5.625 ], "texture": "#gray2" },
        "east":  { "uv": [ 3.25, 4.625, 4.625, 5.625 ], "texture": "#gray2" }
    }
},
{
    "from": [ 1.22, 8.445, 12.8 ],
    "to": [ 3.67, 12.12, 13.78 ],
    "faces": {
        "down":  { "uv": [ 4.875, 6.75, 3.5, 6 ], "texture": "#green" },
        "up":    { "uv": [ 0.625, 4.625, 1.5, 5.75 ], "texture": "#green" },
        "north": { "uv": [ 0.625, 4.75, 1.375, 5.625 ], "texture": "#green" },
        "south": { "uv": [ 0.75, 4.625, 1.375, 5.625 ], "texture": "#green" },
        "west":  { "uv": [ 3.375, 4.625, 4.375, 5.625 ], "texture": "#green" },
        "east":  { "uv": [ 3.25, 4.625, 4.625, 5.625 ], "texture": "#green" }
    }
},
{
    "from": [ 1.465, 8.445, 12.31 ],
    "to": [ 3.425, 12.12, 14.27 ],
    "faces": {
        "down":  { "uv": [ 4.875, 6.75, 3.5, 6 ], "texture": "#green" },
        "up":    { "uv": [ 0.625, 4.625, 1.5, 5.75 ], "texture": "#green" },
        "north": { "uv": [ 0.625, 4.75, 1.375, 5.625 ], "texture": "#green" },
        "south": { "uv": [ 0.75, 4.625, 1.375, 5.625 ], "texture": "#green" },
        "west":  { "uv": [ 3.375, 4.625, 4.375, 5.625 ], "texture": "#green" },
        "east":  { "uv": [ 3.25, 4.625, 4.625, 5.625 ], "texture": "#green" }
    }
},
{
    "from": [ 1.71, 8.2, 12.555 ],
    "to": [ 3.18, 12.365, 14.025 ],
    "faces": {
        "down":  { "uv": [ 4.875, 6.75, 3.5, 6 ], "texture": "#green" },
        "up":    { "uv": [ 0.625, 4.625, 1.5, 5.75 ], "texture": "#green" },
        "north": { "uv": [ 0.625, 4.75, 1.375, 5.625 ], "texture": "#green" },
        "south": { "uv": [ 0.75, 4.625, 1.375, 5.625 ], "texture": "#green" },
        "west":  { "uv": [ 3.375, 4.625, 4.375, 5.625 ], "texture": "#green" },
        "east":  { "uv": [ 3.25, 4.625, 4.625, 5.625 ], "texture": "#green" }
    }
},
{
    "from": [ 1.465, 8.2, 12.8 ],
    "to": [ 3.425, 12.365, 13.78 ],
    "faces": {
        "down":  { "uv": [ 4.875, 6.75, 3.5, 6 ], "texture": "#green" },
        "up":    { "uv": [ 0.625, 4.625, 1.5, 5.75 ], "texture": "#green" },
        "north": { "uv": [ 0.625, 4.75, 1.375, 5.625 ], "texture": "#green" },
        "south": { "uv": [ 0.75, 4.625, 1.375, 5.625 ], "texture": "#green" },
        "west":  { "uv": [ 3.375, 4.625, 4.375, 5.625 ], "texture": "#green" },
        "east":  { "uv": [ 3.25, 4.625, 4.625, 5.625 ], "texture": "#green" }
    }
},
{
    "from": [ 1.955, 12.365, 12.8 ],
    "to": [ 2.445, 12.61, 13.045 ],
    "faces": {
        "down":  { "uv": [ 4.875, 6.75, 3.5, 6 ], "texture": "#gray2" },
        "up":    { "uv": [ 0.625, 4.625, 1.5, 5.75 ], "texture": "#gray2" },
        "north": { "uv": [ 0.625, 4.75, 1.375, 5.625 ], "texture": "#gray2" },
        "south": { "uv": [ 0.75, 4.625, 1.375, 5.625 ], "texture": "#gray2" },
        "west":  { "uv": [ 3.375, 4.625, 4.375, 5.625 ], "texture": "#gray2" },
        "east":  { "uv": [ 3.25, 4.625, 4.625, 5.625 ], "texture": "#gray2" }
    }
},
{
    "from": [ 1.71, 12.365, 13.045 ],
    "to": [ 1.955, 12.61, 13.535 ],
    "faces": {
        "down":  { "uv": [ 4.875, 6.75, 3.5, 6 ], "texture": "#gray2" },
        "up":    { "uv": [ 0.625, 4.625, 1.5, 5.75 ], "texture": "#gray2" },
        "north": { "uv": [ 0.625, 4.75, 1.375, 5.625 ], "texture": "#gray2" },
        "south": { "uv": [ 0.75, 4.625, 1.375, 5.625 ], "texture": "#gray2" },
        "west":  { "uv": [ 3.375, 4.625, 4.375, 5.625 ], "texture": "#gray2" },
        "east":  { "uv": [ 3.25, 4.625, 4.625, 5.625 ], "texture": "#gray2" }
    }
},
{
    "from": [ 1.955, 12.365, 13.535 ],
    "to": [ 2.445, 12.61, 13.78 ],
    "faces": {
        "down":  { "uv": [ 4.875, 6.75, 3.5, 6 ], "texture": "#gray2" },
        "up":    { "uv": [ 0.625, 4.625, 1.5, 5.75 ], "texture": "#gray2" },
        "north": { "uv": [ 0.625, 4.75, 1.375, 5.625 ], "texture": "#gray2" },
        "south": { "uv": [ 0.75, 4.625, 1.375, 5.625 ], "texture": "#gray2" },
        "west":  { "uv": [ 3.375, 4.625, 4.375, 5.625 ], "texture": "#gray2" },
        "east":  { "uv": [ 3.25, 4.625, 4.625, 5.625 ], "texture": "#gray2" }
    }
},
{
    "from": [ 2.445, 12.365, 13.045 ],
    "to": [ 2.935, 12.61, 13.535 ],
    "faces": {
        "down":  { "uv": [ 4.875, 6.75, 3.5, 6 ], "texture": "#gray2" },
        "up":    { "uv": [ 0.625, 4.625, 1.5, 5.75 ], "texture": "#gray2" },
        "north": { "uv": [ 0.625, 4.75, 1.375, 5.625 ], "texture": "#gray2" },
        "south": { "uv": [ 0.75, 4.625, 1.375, 5.625 ], "texture": "#gray2" },
        "west":  { "uv": [ 3.375, 4.625, 4.375, 5.625 ], "texture": "#gray2" },
        "east":  { "uv": [ 3.25, 4.625, 4.625, 5.625 ], "texture": "#gray2" }
    }
},
{
    "from": [ 4.25, 8.3875, 11.75 ],
    "to": [ 6.7, 12.0625, 12.73 ],
    "faces": {
        "down":  { "uv": [ 4.875, 6.75, 3.5, 6 ], "texture": "#red" },
        "up":    { "uv": [ 0.625, 4.625, 1.5, 5.75 ], "texture": "#red" },
        "north": { "uv": [ 0.625, 4.75, 1.375, 5.625 ], "texture": "#red" },
        "south": { "uv": [ 0.75, 4.625, 1.375, 5.625 ], "texture": "#red" },
        "west":  { "uv": [ 3.375, 4.625, 4.375, 5.625 ], "texture": "#red" },
        "east":  { "uv": [ 3.25, 4.625, 4.625, 5.625 ], "texture": "#red" }
    }
},
{
    "from": [ 4.5, 8.3875, 11.25 ],
    "to": [ 6.46, 12.0625, 13.21 ],
    "faces": {
        "down":  { "uv": [ 4.875, 6.75, 3.5, 6 ], "texture": "#red" },
        "up":    { "uv": [ 0.625, 4.625, 1.5, 5.75 ], "texture": "#red" },
        "north": { "uv": [ 0.625, 4.75, 1.375, 5.625 ], "texture": "#red" },
        "south": { "uv": [ 0.75, 4.625, 1.375, 5.625 ], "texture": "#red" },
        "west":  { "uv": [ 3.375, 4.625, 4.375, 5.625 ], "texture": "#red" },
        "east":  { "uv": [ 3.25, 4.625, 4.625, 5.625 ], "texture": "#red" }
    }
},
{
    "from": [ 4.71, 8.2, 11.555 ],
    "to": [ 6.18, 12.365, 13.025 ],
    "faces": {
        "down":  { "uv": [ 4.875, 6.75, 3.5, 6 ], "texture": "#red" },
        "up":    { "uv": [ 0.625, 4.625, 1.5, 5.75 ], "texture": "#red" },
        "north": { "uv": [ 0.625, 4.75, 1.375, 5.625 ], "texture": "#red" },
        "south": { "uv": [ 0.75, 4.625, 1.375, 5.625 ], "texture": "#red" },
        "west":  { "uv": [ 3.375, 4.625, 4.375, 5.625 ], "texture": "#red" },
        "east":  { "uv": [ 3.25, 4.625, 4.625, 5.625 ], "texture": "#red" }
    }
},
{
    "from": [ 4.465, 8.2, 11.8 ],
    "to": [ 6.425, 12.365, 12.78 ],
    "faces": {
        "down":  { "uv": [ 4.875, 6.75, 3.5, 6 ], "texture": "#red" },
        "up":    { "uv": [ 0.625, 4.625, 1.5, 5.75 ], "texture": "#red" },
        "north": { "uv": [ 0.625, 4.75, 1.375, 5.625 ], "texture": "#red" },
        "south": { "uv": [ 0.75, 4.625, 1.375, 5.625 ], "texture": "#red" },
        "west":  { "uv": [ 3.375, 4.625, 4.375, 5.625 ], "texture": "#red" },
        "east":  { "uv": [ 3.25, 4.625, 4.625, 5.625 ], "texture": "#red" }
    }
},
{
    "from": [ 4.955, 12.365, 11.8 ],
    "to": [ 5.445, 12.61, 12.045 ],
    "faces": {
        "down":  { "uv": [ 4.875, 6.75, 3.5, 6 ], "texture": "#gray2" },
        "up":    { "uv": [ 0.625, 4.625, 1.5, 5.75 ], "texture": "#gray2" },
        "north": { "uv": [ 0.625, 4.75, 1.375, 5.625 ], "texture": "#gray2" },
        "south": { "uv": [ 0.75, 4.625, 1.375, 5.625 ], "texture": "#gray2" },
        "west":  { "uv": [ 3.375, 4.625, 4.375, 5.625 ], "texture": "#gray2" },
        "east":  { "uv": [ 3.25, 4.625, 4.625, 5.625 ], "texture": "#gray2" }
    }
},
{
    "from": [ 4.71, 12.365, 12.045 ],
    "to": [ 4.955, 12.61, 12.535 ],
    "faces": {
        "down":  { "uv": [ 4.875, 6.75, 3.5, 6 ], "texture": "#gray2" },
        "up":    { "uv": [ 0.625, 4.625, 1.5, 5.75 ], "texture": "#gray2" },
        "north": { "uv": [ 0.625, 4.75, 1.375, 5.625 ], "texture": "#gray2" },
        "south": { "uv": [ 0.75, 4.625, 1.375, 5.625 ], "texture": "#gray2" },
        "west":  { "uv": [ 3.375, 4.625, 4.375, 5.625 ], "texture": "#gray2" },
        "east":  { "uv": [ 3.25, 4.625, 4.625, 5.625 ], "texture": "#gray2" }
    }
},
{
    "from": [ 4.955, 12.365, 12.535 ],
    "to": [ 5.445, 12.61, 12.78 ],
    "faces": {
        "down":  { "uv": [ 4.875, 6.75, 3.5, 6 ], "texture": "#gray2" },
        "up":    { "uv": [ 0.625, 4.625, 1.5, 5.75 ], "texture": "#gray2" },
        "north": { "uv": [ 0.625, 4.75, 1.375, 5.625 ], "texture": "#gray2" },
        "south": { "uv": [ 0.75, 4.625, 1.375, 5.625 ], "texture": "#gray2" },
        "west":  { "uv": [ 3.375, 4.625, 4.375, 5.625 ], "texture": "#gray2" },
        "east":  { "uv": [ 3.25, 4.625, 4.625, 5.625 ], "texture": "#gray2" }
    }
},
{
    "from": [ 5.445, 12.365, 12.045 ],
    "to": [ 5.935, 12.61, 12.535 ],
    "faces": {
        "down":  { "uv": [ 4.875, 6.75, 3.5, 6 ], "texture": "#gray2" },
        "up":    { "uv": [ 0.625, 4.625, 1.5, 5.75 ], "texture": "#gray2" },
        "north": { "uv": [ 0.625, 4.75, 1.375, 5.625 ], "texture": "#gray2" },
        "south": { "uv": [ 0.75, 4.625, 1.375, 5.625 ], "texture": "#gray2" },
        "west":  { "uv": [ 3.375, 4.625, 4.375, 5.625 ], "texture": "#gray2" },
        "east":  { "uv": [ 3.25, 4.625, 4.625, 5.625 ], "texture": "#gray2" }
    }
},
{
    "from": [ 7.22, 8.445, 12.8 ],
    "to": [ 9.67, 12.12, 13.78 ],
    "faces": {
        "down":  { "uv": [ 4.875, 6.75, 3.5, 6 ], "texture": "#texture" },
        "up":    { "uv": [ 0.625, 4.625, 1.5, 5.75 ], "texture": "#texture" },
        "north": { "uv": [ 0.625, 4.75, 1.375, 5.625 ], "texture": "#texture" },
        "south": { "uv": [ 0.75, 4.625, 1.375, 5.625 ], "texture": "#texture" },
        "west":  { "uv": [ 3.375, 4.625, 4.375, 5.625 ], "texture": "#texture" },
        "east":  { "uv": [ 3.25, 4.625, 4.625, 5.625 ], "texture": "#texture" }
    }
},
{
    "from": [ 7.465, 8.445, 12.31 ],
    "to": [ 9.425, 12.12, 14.27 ],
    "faces": {
        "down":  { "uv": [ 4.875, 6.75, 3.5, 6 ], "texture": "#texture" },
        "up":    { "uv": [ 0.625, 4.625, 1.5, 5.75 ], "texture": "#texture" },
        "north": { "uv": [ 0.625, 4.75, 1.375, 5.625 ], "texture": "#texture" },
        "south": { "uv": [ 0.75, 4.625, 1.375, 5.625 ], "texture": "#texture" },
        "west":  { "uv": [ 3.375, 4.625, 4.375, 5.625 ], "texture": "#texture" },
        "east":  { "uv": [ 3.25, 4.625, 4.625, 5.625 ], "texture": "#texture" }
    }
},
{
    "from": [ 7.71, 8.2, 12.555 ],
    "to": [ 9.18, 12.365, 14.025 ],
    "faces": {
        "down":  { "uv": [ 4.875, 6.75, 3.5, 6 ], "texture": "#gray" },
        "up":    { "uv": [ 0.625, 4.625, 1.5, 5.75 ], "texture": "#gray" },
        "north": { "uv": [ 0.625, 4.75, 1.375, 5.625 ], "texture": "#gray" },
        "south": { "uv": [ 0.75, 4.625, 1.375, 5.625 ], "texture": "#gray" },
        "west":  { "uv": [ 3.375, 4.625, 4.375, 5.625 ], "texture": "#gray" },
        "east":  { "uv": [ 3.25, 4.625, 4.625, 5.625 ], "texture": "#gray" }
    }
},
{
    "from": [ 7.465, 8.2, 12.8 ],
    "to": [ 9.425, 12.365, 13.78 ],
    "faces": {
        "down":  { "uv": [ 4.875, 6.75, 3.5, 6 ], "texture": "#gray" },
        "up":    { "uv": [ 0.625, 4.625, 1.5, 5.75 ], "texture": "#gray" },
        "north": { "uv": [ 0.625, 4.75, 1.375, 5.625 ], "texture": "#gray" },
        "south": { "uv": [ 0.75, 4.625, 1.375, 5.625 ], "texture": "#gray" },
        "west":  { "uv": [ 3.375, 4.625, 4.375, 5.625 ], "texture": "#gray" },
        "east":  { "uv": [ 3.25, 4.625, 4.625, 5.625 ], "texture": "#gray" }
    }
},
{
    "from": [ 7.955, 12.365, 12.8 ],
    "to": [ 8.445, 12.61, 13.045 ],
    "faces": {
        "down":  { "uv": [ 4.875, 6.75, 3.5, 6 ], "texture": "#gray2" },
        "up":    { "uv": [ 0.625, 4.625, 1.5, 5.75 ], "texture": "#gray2" },
        "north": { "uv": [ 0.625, 4.75, 1.375, 5.625 ], "texture": "#gray2" },
        "south": { "uv": [ 0.75, 4.625, 1.375, 5.625 ], "texture": "#gray2" },
        "west":  { "uv": [ 3.375, 4.625, 4.375, 5.625 ], "texture": "#gray2" },
        "east":  { "uv": [ 3.25, 4.625, 4.625, 5.625 ], "texture": "#gray2" }
    }
},
{
    "from": [ 7.71, 12.365, 13.045 ],
    "to": [ 7.955, 12.61, 13.535 ],
    "faces": {
        "down":  { "uv": [ 4.875, 6.75, 3.5, 6 ], "texture": "#gray2" },
        "up":    { "uv": [ 0.625, 4.625, 1.5, 5.75 ], "texture": "#gray2" },
        "north": { "uv": [ 0.625, 4.75, 1.375, 5.625 ], "texture": "#gray2" },
        "south": { "uv": [ 0.75, 4.625, 1.375, 5.625 ], "texture": "#gray2" },
        "west":  { "uv": [ 3.375, 4.625, 4.375, 5.625 ], "texture": "#gray2" },
        "east":  { "uv": [ 3.25, 4.625, 4.625, 5.625 ], "texture": "#gray2" }
    }
},
{
    "from": [ 7.955, 12.365, 13.535 ],
    "to": [ 8.445, 12.61, 13.78 ],
    "faces": {
        "down":  { "uv": [ 4.875, 6.75, 3.5, 6 ], "texture": "#gray2" },
        "up":    { "uv": [ 0.625, 4.625, 1.5, 5.75 ], "texture": "#gray2" },
        "north": { "uv": [ 0.625, 4.75, 1.375, 5.625 ], "texture": "#gray2" },
        "south": { "uv": [ 0.75, 4.625, 1.375, 5.625 ], "texture": "#gray2" },
        "west":  { "uv": [ 3.375, 4.625, 4.375, 5.625 ], "texture": "#gray2" },
        "east":  { "uv": [ 3.25, 4.625, 4.625, 5.625 ], "texture": "#gray2" }
    }
},
{
    "from": [ 8.445, 12.365, 13.045 ],
    "to": [ 8.935, 12.61, 13.535 ],
    "faces": {
        "down":  { "uv": [ 4.875, 6.75, 3.5, 6 ], "texture": "#gray2" },
        "up":    { "uv": [ 0.625, 4.625, 1.5, 5.75 ], "texture": "#gray2" },
        "north": { "uv": [ 0.625, 4.75, 1.375, 5.625 ], "texture": "#gray2" },
        "south": { "uv": [ 0.75, 4.625, 1.375, 5.625 ], "texture": "#gray2" },
        "west":  { "uv": [ 3.375, 4.625, 4.375, 5.625 ], "texture": "#gray2" },
        "east":  { "uv": [ 3.25, 4.625, 4.625, 5.625 ], "texture": "#gray2" }
    }
},
{
    "from": [ 9.82, 0.945, 10.8 ],
    "to": [ 12.27, 4.62, 11.78 ],
    "faces": {
        "down":  { "uv": [ 4.875, 6.75, 3.5, 6 ], "texture": "#texture" },
        "up":    { "uv": [ 0.625, 4.625, 1.5, 5.75 ], "texture": "#texture" },
        "north": { "uv": [ 0.625, 4.75, 1.375, 5.625 ], "texture": "#texture" },
        "south": { "uv": [ 0.75, 4.625, 1.375, 5.625 ], "texture": "#texture" },
        "west":  { "uv": [ 3.375, 4.625, 4.375, 5.625 ], "texture": "#texture" },
        "east":  { "uv": [ 3.25, 4.625, 4.625, 5.625 ], "texture": "#texture" }
    }
},
{
    "from": [ 10.555, 0.945, 10.065 ],
    "to": [ 11.535, 4.62, 12.515 ],
    "faces": {
        "down":  { "uv": [ 4.875, 6.75, 3.5, 6 ], "texture": "#texture" },
        "up":    { "uv": [ 0.625, 4.625, 1.5, 5.75 ], "texture": "#texture" },
        "north": { "uv": [ 0.625, 4.75, 1.375, 5.625 ], "texture": "#texture" },
        "south": { "uv": [ 0.75, 4.625, 1.375, 5.625 ], "texture": "#texture" },
        "west":  { "uv": [ 3.375, 4.625, 4.375, 5.625 ], "texture": "#texture" },
        "east":  { "uv": [ 3.25, 4.625, 4.625, 5.625 ], "texture": "#texture" }
    }
},
{
    "from": [ 10.065, 0.945, 10.31 ],
    "to": [ 12.025, 4.62, 12.27 ],
    "faces": {
        "down":  { "uv": [ 4.875, 6.75, 3.5, 6 ], "texture": "#texture" },
        "up":    { "uv": [ 0.625, 4.625, 1.5, 5.75 ], "texture": "#texture" },
        "north": { "uv": [ 0.625, 4.75, 1.375, 5.625 ], "texture": "#texture" },
        "south": { "uv": [ 0.75, 4.625, 1.375, 5.625 ], "texture": "#texture" },
        "west":  { "uv": [ 3.375, 4.625, 4.375, 5.625 ], "texture": "#texture" },
        "east":  { "uv": [ 3.25, 4.625, 4.625, 5.625 ], "texture": "#texture" }
    }
},
{
    "from": [ 10.555, 0.7, 10.31 ],
    "to": [ 11.535, 4.865, 12.27 ],
    "faces": {
        "down":  { "uv": [ 4.875, 6.75, 3.5, 6 ], "texture": "#gray" },
        "up":    { "uv": [ 0.625, 4.625, 1.5, 5.75 ], "texture": "#gray" },
        "north": { "uv": [ 0.625, 4.75, 1.375, 5.625 ], "texture": "#gray" },
        "south": { "uv": [ 0.75, 4.625, 1.375, 5.625 ], "texture": "#gray" },
        "west":  { "uv": [ 3.375, 4.625, 4.375, 5.625 ], "texture": "#gray" },
        "east":  { "uv": [ 3.25, 4.625, 4.625, 5.625 ], "texture": "#gray" }
    }
},
{
    "from": [ 10.31, 0.7, 10.555 ],
    "to": [ 11.78, 4.865, 12.025 ],
    "faces": {
        "down":  { "uv": [ 4.875, 6.75, 3.5, 6 ], "texture": "#gray" },
        "up":    { "uv": [ 0.625, 4.625, 1.5, 5.75 ], "texture": "#gray" },
        "north": { "uv": [ 0.625, 4.75, 1.375, 5.625 ], "texture": "#gray" },
        "south": { "uv": [ 0.75, 4.625, 1.375, 5.625 ], "texture": "#gray" },
        "west":  { "uv": [ 3.375, 4.625, 4.375, 5.625 ], "texture": "#gray" },
        "east":  { "uv": [ 3.25, 4.625, 4.625, 5.625 ], "texture": "#gray" }
    }
},
{
    "from": [ 10.065, 0.7, 10.8 ],
    "to": [ 12.025, 4.865, 11.78 ],
    "faces": {
        "down":  { "uv": [ 4.875, 6.75, 3.5, 6 ], "texture": "#gray" },
        "up":    { "uv": [ 0.625, 4.625, 1.5, 5.75 ], "texture": "#gray" },
        "north": { "uv": [ 0.625, 4.75, 1.375, 5.625 ], "texture": "#gray" },
        "south": { "uv": [ 0.75, 4.625, 1.375, 5.625 ], "texture": "#gray" },
        "west":  { "uv": [ 3.375, 4.625, 4.375, 5.625 ], "texture": "#gray" },
        "east":  { "uv": [ 3.25, 4.625, 4.625, 5.625 ], "texture": "#gray" }
    }
},
{
    "from": [ 10.555, 4.865, 10.8 ],
    "to": [ 11.045, 5.11, 11.045 ],
    "faces": {
        "down":  { "uv": [ 4.875, 6.75, 3.5, 6 ], "texture": "#gray2" },
        "up":    { "uv": [ 0.625, 4.625, 1.5, 5.75 ], "texture": "#gray2" },
        "north": { "uv": [ 0.625, 4.75, 1.375, 5.625 ], "texture": "#gray2" },
        "south": { "uv": [ 0.75, 4.625, 1.375, 5.625 ], "texture": "#gray2" },
        "west":  { "uv": [ 3.375, 4.625, 4.375, 5.625 ], "texture": "#gray2" },
        "east":  { "uv": [ 3.25, 4.625, 4.625, 5.625 ], "texture": "#gray2" }
    }
},
{
    "from": [ 10.31, 4.865, 11.045 ],
    "to": [ 10.555, 5.11, 11.535 ],
    "faces": {
        "down":  { "uv": [ 4.875, 6.75, 3.5, 6 ], "texture": "#gray2" },
        "up":    { "uv": [ 0.625, 4.625, 1.5, 5.75 ], "texture": "#gray2" },
        "north": { "uv": [ 0.625, 4.75, 1.375, 5.625 ], "texture": "#gray2" },
        "south": { "uv": [ 0.75, 4.625, 1.375, 5.625 ], "texture": "#gray2" },
        "west":  { "uv": [ 3.375, 4.625, 4.375, 5.625 ], "texture": "#gray2" },
        "east":  { "uv": [ 3.25, 4.625, 4.625, 5.625 ], "texture": "#gray2" }
    }
},
{
    "from": [ 10.555, 4.865, 11.535 ],
    "to": [ 11.045, 5.11, 11.78 ],
    "faces": {
        "down":  { "uv": [ 4.875, 6.75, 3.5, 6 ], "texture": "#gray2" },
        "up":    { "uv": [ 0.625, 4.625, 1.5, 5.75 ], "texture": "#gray2" },
        "north": { "uv": [ 0.625, 4.75, 1.375, 5.625 ], "texture": "#gray2" },
        "south": { "uv": [ 0.75, 4.625, 1.375, 5.625 ], "texture": "#gray2" },
        "west":  { "uv": [ 3.375, 4.625, 4.375, 5.625 ], "texture": "#gray2" },
        "east":  { "uv": [ 3.25, 4.625, 4.625, 5.625 ], "texture": "#gray2" }
    }
},
{
    "from": [ 11.045, 4.865, 11.045 ],
    "to": [ 11.535, 5.11, 11.535 ],
    "faces": {
        "down":  { "uv": [ 4.875, 6.75, 3.5, 6 ], "texture": "#gray2" },
        "up":    { "uv": [ 0.625, 4.625, 1.5, 5.75 ], "texture": "#gray2" },
        "north": { "uv": [ 0.625, 4.75, 1.375, 5.625 ], "texture": "#gray2" },
        "south": { "uv": [ 0.75, 4.625, 1.375, 5.625 ], "texture": "#gray2" },
        "west":  { "uv": [ 3.375, 4.625, 4.375, 5.625 ], "texture": "#gray2" },
        "east":  { "uv": [ 3.25, 4.625, 4.625, 5.625 ], "texture": "#gray2" }
    }
},
{
    "from": [ 11.22, 0.945, 12.8 ],
    "to": [ 13.67, 4.62, 13.78 ],
    "faces": {
        "down":  { "uv": [ 4.875, 6.75, 3.5, 6 ], "texture": "#texture" },
        "up":    { "uv": [ 0.625, 4.625, 1.5, 5.75 ], "texture": "#texture" },
        "north": { "uv": [ 0.625, 4.75, 1.375, 5.625 ], "texture": "#texture" },
        "south": { "uv": [ 0.75, 4.625, 1.375, 5.625 ], "texture": "#texture" },
        "west":  { "uv": [ 3.375, 4.625, 4.375, 5.625 ], "texture": "#texture" },
        "east":  { "uv": [ 3.25, 4.625, 4.625, 5.625 ], "texture": "#texture" }
    }
},
{
    "from": [ 11.465, 0.945, 12.31 ],
    "to": [ 13.425, 4.62, 14.27 ],
    "faces": {
        "down":  { "uv": [ 4.875, 6.75, 3.5, 6 ], "texture": "#texture" },
        "up":    { "uv": [ 0.625, 4.625, 1.5, 5.75 ], "texture": "#texture" },
        "north": { "uv": [ 0.625, 4.75, 1.375, 5.625 ], "texture": "#texture" },
        "south": { "uv": [ 0.75, 4.625, 1.375, 5.625 ], "texture": "#texture" },
        "west":  { "uv": [ 3.375, 4.625, 4.375, 5.625 ], "texture": "#texture" },
        "east":  { "uv": [ 3.25, 4.625, 4.625, 5.625 ], "texture": "#texture" }
    }
},
{
    "from": [ 11.71, 0.7, 12.555 ],
    "to": [ 13.18, 4.865, 14.025 ],
    "faces": {
        "down":  { "uv": [ 4.875, 6.75, 3.5, 6 ], "texture": "#gray" },
        "up":    { "uv": [ 0.625, 4.625, 1.5, 5.75 ], "texture": "#gray" },
        "north": { "uv": [ 0.625, 4.75, 1.375, 5.625 ], "texture": "#gray" },
        "south": { "uv": [ 0.75, 4.625, 1.375, 5.625 ], "texture": "#gray" },
        "west":  { "uv": [ 3.375, 4.625, 4.375, 5.625 ], "texture": "#gray" },
        "east":  { "uv": [ 3.25, 4.625, 4.625, 5.625 ], "texture": "#gray" }
    }
},
{
    "from": [ 11.465, 0.7, 12.8 ],
    "to": [ 13.425, 4.865, 13.78 ],
    "faces": {
        "down":  { "uv": [ 4.875, 6.75, 3.5, 6 ], "texture": "#gray" },
        "up":    { "uv": [ 0.625, 4.625, 1.5, 5.75 ], "texture": "#gray" },
        "north": { "uv": [ 0.625, 4.75, 1.375, 5.625 ], "texture": "#gray" },
        "south": { "uv": [ 0.75, 4.625, 1.375, 5.625 ], "texture": "#gray" },
        "west":  { "uv": [ 3.375, 4.625, 4.375, 5.625 ], "texture": "#gray" },
        "east":  { "uv": [ 3.25, 4.625, 4.625, 5.625 ], "texture": "#gray" }
    }
},
{
    "from": [ 11.955, 4.865, 12.8 ],
    "to": [ 12.445, 5.11, 13.045 ],
    "faces": {
        "down":  { "uv": [ 4.875, 6.75, 3.5, 6 ], "texture": "#gray2" },
        "up":    { "uv": [ 0.625, 4.625, 1.5, 5.75 ], "texture": "#gray2" },
        "north": { "uv": [ 0.625, 4.75, 1.375, 5.625 ], "texture": "#gray2" },
        "south": { "uv": [ 0.75, 4.625, 1.375, 5.625 ], "texture": "#gray2" },
        "west":  { "uv": [ 3.375, 4.625, 4.375, 5.625 ], "texture": "#gray2" },
        "east":  { "uv": [ 3.25, 4.625, 4.625, 5.625 ], "texture": "#gray2" }
    }
},
{
    "from": [ 11.71, 4.865, 13.045 ],
    "to": [ 11.955, 5.11, 13.535 ],
    "faces": {
        "down":  { "uv": [ 4.875, 6.75, 3.5, 6 ], "texture": "#gray2" },
        "up":    { "uv": [ 0.625, 4.625, 1.5, 5.75 ], "texture": "#gray2" },
        "north": { "uv": [ 0.625, 4.75, 1.375, 5.625 ], "texture": "#gray2" },
        "south": { "uv": [ 0.75, 4.625, 1.375, 5.625 ], "texture": "#gray2" },
        "west":  { "uv": [ 3.375, 4.625, 4.375, 5.625 ], "texture": "#gray2" },
        "east":  { "uv": [ 3.25, 4.625, 4.625, 5.625 ], "texture": "#gray2" }
    }
},
{
    "from": [ 11.955, 4.865, 13.535 ],
    "to": [ 12.445, 5.11, 13.78 ],
    "faces": {
        "down":  { "uv": [ 4.875, 6.75, 3.5, 6 ], "texture": "#gray2" },
        "up":    { "uv": [ 0.625, 4.625, 1.5, 5.75 ], "texture": "#gray2" },
        "north": { "uv": [ 0.625, 4.75, 1.375, 5.625 ], "texture": "#gray2" },
        "south": { "uv": [ 0.75, 4.625, 1.375, 5.625 ], "texture": "#gray2" },
        "west":  { "uv": [ 3.375, 4.625, 4.375, 5.625 ], "texture": "#gray2" },
        "east":  { "uv": [ 3.25, 4.625, 4.625, 5.625 ], "texture": "#gray2" }
    }
},
{
    "from": [ 12.445, 4.865, 13.045 ],
    "to": [ 12.935, 5.11, 13.535 ],
    "faces": {
        "down":  { "uv": [ 4.875, 6.75, 3.5, 6 ], "texture": "#gray2" },
        "up":    { "uv": [ 0.625, 4.625, 1.5, 5.75 ], "texture": "#gray2" },
        "north": { "uv": [ 0.625, 4.75, 1.375, 5.625 ], "texture": "#gray2" },
        "south": { "uv": [ 0.75, 4.625, 1.375, 5.625 ], "texture": "#gray2" },
        "west":  { "uv": [ 3.375, 4.625, 4.375, 5.625 ], "texture": "#gray2" },
        "east":  { "uv": [ 3.25, 4.625, 4.625, 5.625 ], "texture": "#gray2" }
    }
},
{
    "from": [ 1.25, 0.8875, 10.75 ],
    "to": [ 3.7, 4.5625, 11.73 ],
    "faces": {
        "down":  { "uv": [ 4.875, 6.75, 3.5, 6 ], "texture": "#red" },
        "up":    { "uv": [ 0.625, 4.625, 1.5, 5.75 ], "texture": "#red" },
        "north": { "uv": [ 0.625, 4.75, 1.375, 5.625 ], "texture": "#red" },
        "south": { "uv": [ 0.75, 4.625, 1.375, 5.625 ], "texture": "#red" },
        "west":  { "uv": [ 3.375, 4.625, 4.375, 5.625 ], "texture": "#red" },
        "east":  { "uv": [ 3.25, 4.625, 4.625, 5.625 ], "texture": "#red" }
    }
},
{
    "from": [ 1.465, 0.945, 10.31 ],
    "to": [ 3.425, 4.62, 12.27 ],
    "faces": {
        "down":  { "uv": [ 4.875, 6.75, 3.5, 6 ], "texture": "#red" },
        "up":    { "uv": [ 0.625, 4.625, 1.5, 5.75 ], "texture": "#red" },
        "north": { "uv": [ 0.625, 4.75, 1.375, 5.625 ], "texture": "#red" },
        "south": { "uv": [ 0.75, 4.625, 1.375, 5.625 ], "texture": "#red" },
        "west":  { "uv": [ 3.375, 4.625, 4.375, 5.625 ], "texture": "#red" },
        "east":  { "uv": [ 3.25, 4.625, 4.625, 5.625 ], "texture": "#red" }
    }
},
{
    "from": [ 1.71, 0.7, 10.555 ],
    "to": [ 3.18, 4.865, 12.025 ],
    "faces": {
        "down":  { "uv": [ 4.875, 6.75, 3.5, 6 ], "texture": "#red" },
        "up":    { "uv": [ 0.625, 4.625, 1.5, 5.75 ], "texture": "#red" },
        "north": { "uv": [ 0.625, 4.75, 1.375, 5.625 ], "texture": "#red" },
        "south": { "uv": [ 0.75, 4.625, 1.375, 5.625 ], "texture": "#red" },
        "west":  { "uv": [ 3.375, 4.625, 4.375, 5.625 ], "texture": "#red" },
        "east":  { "uv": [ 3.25, 4.625, 4.625, 5.625 ], "texture": "#red" }
    }
},
{
    "from": [ 1.465, 0.7, 10.8 ],
    "to": [ 3.425, 4.865, 11.78 ],
    "faces": {
        "down":  { "uv": [ 4.875, 6.75, 3.5, 6 ], "texture": "#red" },
        "up":    { "uv": [ 0.625, 4.625, 1.5, 5.75 ], "texture": "#red" },
        "north": { "uv": [ 0.625, 4.75, 1.375, 5.625 ], "texture": "#red" },
        "south": { "uv": [ 0.75, 4.625, 1.375, 5.625 ], "texture": "#red" },
        "west":  { "uv": [ 3.375, 4.625, 4.375, 5.625 ], "texture": "#red" },
        "east":  { "uv": [ 3.25, 4.625, 4.625, 5.625 ], "texture": "#red" }
    }
},
{
    "from": [ 1.955, 4.865, 10.8 ],
    "to": [ 2.445, 5.11, 11.045 ],
    "faces": {
        "down":  { "uv": [ 4.875, 6.75, 3.5, 6 ], "texture": "#gray2" },
        "up":    { "uv": [ 0.625, 4.625, 1.5, 5.75 ], "texture": "#gray2" },
        "north": { "uv": [ 0.625, 4.75, 1.375, 5.625 ], "texture": "#gray2" },
        "south": { "uv": [ 0.75, 4.625, 1.375, 5.625 ], "texture": "#gray2" },
        "west":  { "uv": [ 3.375, 4.625, 4.375, 5.625 ], "texture": "#gray2" },
        "east":  { "uv": [ 3.25, 4.625, 4.625, 5.625 ], "texture": "#gray2" }
    }
},
{
    "from": [ 1.71, 4.865, 11.045 ],
    "to": [ 1.955, 5.11, 11.535 ],
    "faces": {
        "down":  { "uv": [ 4.875, 6.75, 3.5, 6 ], "texture": "#gray2" },
        "up":    { "uv": [ 0.625, 4.625, 1.5, 5.75 ], "texture": "#gray2" },
        "north": { "uv": [ 0.625, 4.75, 1.375, 5.625 ], "texture": "#gray2" },
        "south": { "uv": [ 0.75, 4.625, 1.375, 5.625 ], "texture": "#gray2" },
        "west":  { "uv": [ 3.375, 4.625, 4.375, 5.625 ], "texture": "#gray2" },
        "east":  { "uv": [ 3.25, 4.625, 4.625, 5.625 ], "texture": "#gray2" }
    }
},
{
    "from": [ 1.955, 4.865, 11.535 ],
    "to": [ 2.445, 5.11, 11.78 ],
    "faces": {
        "down":  { "uv": [ 4.875, 6.75, 3.5, 6 ], "texture": "#gray2" },
        "up":    { "uv": [ 0.625, 4.625, 1.5, 5.75 ], "texture": "#gray2" },
        "north": { "uv": [ 0.625, 4.75, 1.375, 5.625 ], "texture": "#gray2" },
        "south": { "uv": [ 0.75, 4.625, 1.375, 5.625 ], "texture": "#gray2" },
        "west":  { "uv": [ 3.375, 4.625, 4.375, 5.625 ], "texture": "#gray2" },
        "east":  { "uv": [ 3.25, 4.625, 4.625, 5.625 ], "texture": "#gray2" }
    }
},
{
    "from": [ 2.445, 4.865, 11.045 ],
    "to": [ 2.935, 5.11, 11.535 ],
    "faces": {
        "down":  { "uv": [ 4.875, 6.75, 3.5, 6 ], "texture": "#gray2" },
        "up":    { "uv": [ 0.625, 4.625, 1.5, 5.75 ], "texture": "#gray2" },
        "north": { "uv": [ 0.625, 4.75, 1.375, 5.625 ], "texture": "#gray2" },
        "south": { "uv": [ 0.75, 4.625, 1.375, 5.625 ], "texture": "#gray2" },
        "west":  { "uv": [ 3.375, 4.625, 4.375, 5.625 ], "texture": "#gray2" },
        "east":  { "uv": [ 3.25, 4.625, 4.625, 5.625 ], "texture": "#gray2" }
    }
},
{
    "from": [ 4.22, 0.945, 10.8 ],
    "to": [ 6.67, 4.62, 11.78 ],
    "faces": {
        "down":  { "uv": [ 4.875, 6.75, 3.5, 6 ], "texture": "#red" },
        "up":    { "uv": [ 0.625, 4.625, 1.5, 5.75 ], "texture": "#red" },
        "north": { "uv": [ 0.625, 4.75, 1.375, 5.625 ], "texture": "#red" },
        "south": { "uv": [ 0.75, 4.625, 1.375, 5.625 ], "texture": "#red" },
        "west":  { "uv": [ 3.375, 4.625, 4.375, 5.625 ], "texture": "#red" },
        "east":  { "uv": [ 3.25, 4.625, 4.625, 5.625 ], "texture": "#red" }
    }
},
{
    "from": [ 4.465, 0.945, 10.31 ],
    "to": [ 6.425, 4.62, 12.27 ],
    "faces": {
        "down":  { "uv": [ 4.875, 6.75, 3.5, 6 ], "texture": "#red" },
        "up":    { "uv": [ 0.625, 4.625, 1.5, 5.75 ], "texture": "#red" },
        "north": { "uv": [ 0.625, 4.75, 1.375, 5.625 ], "texture": "#red" },
        "south": { "uv": [ 0.75, 4.625, 1.375, 5.625 ], "texture": "#red" },
        "west":  { "uv": [ 3.375, 4.625, 4.375, 5.625 ], "texture": "#red" },
        "east":  { "uv": [ 3.25, 4.625, 4.625, 5.625 ], "texture": "#red" }
    }
},
{
    "from": [ 4.71, 0.7, 10.555 ],
    "to": [ 6.18, 4.865, 12.025 ],
    "faces": {
        "down":  { "uv": [ 4.875, 6.75, 3.5, 6 ], "texture": "#red" },
        "up":    { "uv": [ 0.625, 4.625, 1.5, 5.75 ], "texture": "#red" },
        "north": { "uv": [ 0.625, 4.75, 1.375, 5.625 ], "texture": "#red" },
        "south": { "uv": [ 0.75, 4.625, 1.375, 5.625 ], "texture": "#red" },
        "west":  { "uv": [ 3.375, 4.625, 4.375, 5.625 ], "texture": "#red" },
        "east":  { "uv": [ 3.25, 4.625, 4.625, 5.625 ], "texture": "#red" }
    }
},
{
    "from": [ 4.465, 0.7, 10.8 ],
    "to": [ 6.425, 4.865, 11.78 ],
    "faces": {
        "down":  { "uv": [ 4.875, 6.75, 3.5, 6 ], "texture": "#red" },
        "up":    { "uv": [ 0.625, 4.625, 1.5, 5.75 ], "texture": "#red" },
        "north": { "uv": [ 0.625, 4.75, 1.375, 5.625 ], "texture": "#red" },
        "south": { "uv": [ 0.75, 4.625, 1.375, 5.625 ], "texture": "#red" },
        "west":  { "uv": [ 3.375, 4.625, 4.375, 5.625 ], "texture": "#red" },
        "east":  { "uv": [ 3.25, 4.625, 4.625, 5.625 ], "texture": "#red" }
    }
},
{
    "from": [ 4.955, 4.865, 10.8 ],
    "to": [ 5.445, 5.11, 11.045 ],
    "faces": {
        "down":  { "uv": [ 4.875, 6.75, 3.5, 6 ], "texture": "#gray2" },
        "up":    { "uv": [ 0.625, 4.625, 1.5, 5.75 ], "texture": "#gray2" },
        "north": { "uv": [ 0.625, 4.75, 1.375, 5.625 ], "texture": "#gray2" },
        "south": { "uv": [ 0.75, 4.625, 1.375, 5.625 ], "texture": "#gray2" },
        "west":  { "uv": [ 3.375, 4.625, 4.375, 5.625 ], "texture": "#gray2" },
        "east":  { "uv": [ 3.25, 4.625, 4.625, 5.625 ], "texture": "#gray2" }
    }
},
{
    "from": [ 4.71, 4.865, 11.045 ],
    "to": [ 4.955, 5.11, 11.535 ],
    "faces": {
        "down":  { "uv": [ 4.875, 6.75, 3.5, 6 ], "texture": "#gray2" },
        "up":    { "uv": [ 0.625, 4.625, 1.5, 5.75 ], "texture": "#gray2" },
        "north": { "uv": [ 0.625, 4.75, 1.375, 5.625 ], "texture": "#gray2" },
        "south": { "uv": [ 0.75, 4.625, 1.375, 5.625 ], "texture": "#gray2" },
        "west":  { "uv": [ 3.375, 4.625, 4.375, 5.625 ], "texture": "#gray2" },
        "east":  { "uv": [ 3.25, 4.625, 4.625, 5.625 ], "texture": "#gray2" }
    }
},
{
    "from": [ 4.955, 4.865, 11.535 ],
    "to": [ 5.445, 5.11, 11.78 ],
    "faces": {
        "down":  { "uv": [ 4.875, 6.75, 3.5, 6 ], "texture": "#gray2" },
        "up":    { "uv": [ 0.625, 4.625, 1.5, 5.75 ], "texture": "#gray2" },
        "north": { "uv": [ 0.625, 4.75, 1.375, 5.625 ], "texture": "#gray2" },
        "south": { "uv": [ 0.75, 4.625, 1.375, 5.625 ], "texture": "#gray2" },
        "west":  { "uv": [ 3.375, 4.625, 4.375, 5.625 ], "texture": "#gray2" },
        "east":  { "uv": [ 3.25, 4.625, 4.625, 5.625 ], "texture": "#gray2" }
    }
},
{
    "from": [ 5.445, 4.865, 11.045 ],
    "to": [ 5.935, 5.11, 11.535 ],
    "faces": {
        "down":  { "uv": [ 4.875, 6.75, 3.5, 6 ], "texture": "#gray2" },
        "up":    { "uv": [ 0.625, 4.625, 1.5, 5.75 ], "texture": "#gray2" },
        "north": { "uv": [ 0.625, 4.75, 1.375, 5.625 ], "texture": "#gray2" },
        "south": { "uv": [ 0.75, 4.625, 1.375, 5.625 ], "texture": "#gray2" },
        "west":  { "uv": [ 3.375, 4.625, 4.375, 5.625 ], "texture": "#gray2" },
        "east":  { "uv": [ 3.25, 4.625, 4.625, 5.625 ], "texture": "#gray2" }
    }
},
{
    "from": [ 7.22, 0.945, 12.8 ],
    "to": [ 9.67, 4.62, 13.78 ],
    "faces": {
        "down":  { "uv": [ 4.875, 6.75, 3.5, 6 ], "texture": "#texture" },
        "up":    { "uv": [ 0.625, 4.625, 1.5, 5.75 ], "texture": "#texture" },
        "north": { "uv": [ 0.625, 4.75, 1.375, 5.625 ], "texture": "#texture" },
        "south": { "uv": [ 0.75, 4.625, 1.375, 5.625 ], "texture": "#texture" },
        "west":  { "uv": [ 3.375, 4.625, 4.375, 5.625 ], "texture": "#texture" },
        "east":  { "uv": [ 3.25, 4.625, 4.625, 5.625 ], "texture": "#texture" }
    }
},
{
    "from": [ 7.465, 0.945, 12.31 ],
    "to": [ 9.425, 4.62, 14.27 ],
    "faces": {
        "down":  { "uv": [ 4.875, 6.75, 3.5, 6 ], "texture": "#texture" },
        "up":    { "uv": [ 0.625, 4.625, 1.5, 5.75 ], "texture": "#texture" },
        "north": { "uv": [ 0.625, 4.75, 1.375, 5.625 ], "texture": "#texture" },
        "south": { "uv": [ 0.75, 4.625, 1.375, 5.625 ], "texture": "#texture" },
        "west":  { "uv": [ 3.375, 4.625, 4.375, 5.625 ], "texture": "#texture" },
        "east":  { "uv": [ 3.25, 4.625, 4.625, 5.625 ], "texture": "#texture" }
    }
},
{
    "from": [ 7.71, 0.7, 12.555 ],
    "to": [ 9.18, 4.865, 14.025 ],
    "faces": {
        "down":  { "uv": [ 4.875, 6.75, 3.5, 6 ], "texture": "#gray" },
        "up":    { "uv": [ 0.625, 4.625, 1.5, 5.75 ], "texture": "#gray" },
        "north": { "uv": [ 0.625, 4.75, 1.375, 5.625 ], "texture": "#gray" },
        "south": { "uv": [ 0.75, 4.625, 1.375, 5.625 ], "texture": "#gray" },
        "west":  { "uv": [ 3.375, 4.625, 4.375, 5.625 ], "texture": "#gray" },
        "east":  { "uv": [ 3.25, 4.625, 4.625, 5.625 ], "texture": "#gray" }
    }
},
{
    "from": [ 7.465, 0.7, 12.8 ],
    "to": [ 9.425, 4.865, 13.78 ],
    "faces": {
        "down":  { "uv": [ 4.875, 6.75, 3.5, 6 ], "texture": "#gray" },
        "up":    { "uv": [ 0.625, 4.625, 1.5, 5.75 ], "texture": "#gray" },
        "north": { "uv": [ 0.625, 4.75, 1.375, 5.625 ], "texture": "#gray" },
        "south": { "uv": [ 0.75, 4.625, 1.375, 5.625 ], "texture": "#gray" },
        "west":  { "uv": [ 3.375, 4.625, 4.375, 5.625 ], "texture": "#gray" },
        "east":  { "uv": [ 3.25, 4.625, 4.625, 5.625 ], "texture": "#gray" }
    }
},
{
    "from": [ 7.955, 4.865, 12.8 ],
    "to": [ 8.445, 5.11, 13.045 ],
    "faces": {
        "down":  { "uv": [ 4.875, 6.75, 3.5, 6 ], "texture": "#gray2" },
        "up":    { "uv": [ 0.625, 4.625, 1.5, 5.75 ], "texture": "#gray2" },
        "north": { "uv": [ 0.625, 4.75, 1.375, 5.625 ], "texture": "#gray2" },
        "south": { "uv": [ 0.75, 4.625, 1.375, 5.625 ], "texture": "#gray2" },
        "west":  { "uv": [ 3.375, 4.625, 4.375, 5.625 ], "texture": "#gray2" },
        "east":  { "uv": [ 3.25, 4.625, 4.625, 5.625 ], "texture": "#gray2" }
    }
},
{
    "from": [ 7.71, 4.865, 13.045 ],
    "to": [ 7.955, 5.11, 13.535 ],
    "faces": {
        "down":  { "uv": [ 4.875, 6.75, 3.5, 6 ], "texture": "#gray2" },
        "up":    { "uv": [ 0.625, 4.625, 1.5, 5.75 ], "texture": "#gray2" },
        "north": { "uv": [ 0.625, 4.75, 1.375, 5.625 ], "texture": "#gray2" },
        "south": { "uv": [ 0.75, 4.625, 1.375, 5.625 ], "texture": "#gray2" },
        "west":  { "uv": [ 3.375, 4.625, 4.375, 5.625 ], "texture": "#gray2" },
        "east":  { "uv": [ 3.25, 4.625, 4.625, 5.625 ], "texture": "#gray2" }
    }
},
{
    "from": [ 8, 4.8175, 13.5 ],
    "to": [ 8.49, 5.0625, 13.745 ],
    "faces": {
        "down":  { "uv": [ 4.875, 6.75, 3.5, 6 ], "texture": "#gray2" },
        "up":    { "uv": [ 0.625, 4.625, 1.5, 5.75 ], "texture": "#gray2" },
        "north": { "uv": [ 0.625, 4.75, 1.375, 5.625 ], "texture": "#gray2" },
        "south": { "uv": [ 0.75, 4.625, 1.375, 5.625 ], "texture": "#gray2" },
        "west":  { "uv": [ 3.375, 4.625, 4.375, 5.625 ], "texture": "#gray2" },
        "east":  { "uv": [ 3.25, 4.625, 4.625, 5.625 ], "texture": "#gray2" }
    }
},
{
    "from": [ 8.445, 4.865, 13.045 ],
    "to": [ 8.935, 5.11, 13.535 ],
    "faces": {
        "down":  { "uv": [ 4.875, 6.75, 3.5, 6 ], "texture": "#gray2" },
        "up":    { "uv": [ 0.625, 4.625, 1.5, 5.75 ], "texture": "#gray2" },
        "north": { "uv": [ 0.625, 4.75, 1.375, 5.625 ], "texture": "#gray2" },
        "south": { "uv": [ 0.75, 4.625, 1.375, 5.625 ], "texture": "#gray2" },
        "west":  { "uv": [ 3.375, 4.625, 4.375, 5.625 ], "texture": "#gray2" },
        "east":  { "uv": [ 3.25, 4.625, 4.625, 5.625 ], "texture": "#gray2" }
    }
},
{
    "from": [ 0, 0, 7.5 ],
    "to": [ 1, 16, 16 ],
    "faces": {
        "down":  { "uv": [ 1, 16, 0, 7.5 ], "texture": "#iron_block" },
        "up":    { "uv": [ 15, 7.5, 16, 16 ], "texture": "#iron_block" },
        "north": { "uv": [ 0, 0, 1, 16 ], "texture": "#iron_block" },
        "south": { "uv": [ 15, 0, 16, 16 ], "texture": "#iron_block" },
        "west":  { "uv": [ 7.5, 0, 16, 16 ], "texture": "#iron_block" },
        "east":  { "uv": [ 0, 0, 8.5, 16 ], "texture": "#iron_block" }
    }
}
],
"display": {
    "thirdperson_righthand": {
        "rotation": [ 24, -43, -14 ],
        "translation": [ 0, 0, 0 ],
        "scale": [ 0.5, 0.5, 0.5 ]
    },
    "thirdperson_lefthand": {
        "rotation": [ 24, -43, -14 ],
        "translation": [ -3.21, 0, -2.08 ],
        "scale": [ 0.5, 0.5, 0.5 ]
    },
    "head": {
        "rotation": [ 0, 180, 0 ],
        "translation": [ 0, -30.5, 0 ],
        "scale": [ 1.6, 1.6, 1.6 ]
    },
    "ground": {
        "rotation": [ 0, 0, 0 ],
        "translation": [ 0, 2, 0 ],
        "scale": [ 0.5, 0.5, 0.5 ]
    },
    "fixed": {
        "rotation": [ 0, 180, 0 ],
        "translation": [ 0, 0, -3.4 ],
        "scale": [ 0.5, 0.5, 0.5 ]
    },
    "firstperson_righthand": {
        "rotation": [ 0, -64, 0 ],
        "translation": [ 0, 0, 0 ],
        "scale": [ 0.5, 0.5, 0.5 ]
    },
    "firstperson_lefthand": {
        "rotation": [ 0, -64, 0 ],
        "translation": [ -1.7, 0, -1.89 ],
        "scale": [ 0.5, 0.5, 0.5 ]
    },
    "gui": {
        "rotation": [ 35, 35, 0 ],
        "translation": [ 2.27, 0, 0 ],
        "scale": [ 0.4, 0.4, 0.4 ]
    }
}
}