{
"__comment": "Designed by Oberdiah",
"textures": {
    "texture": "blocks/iron_block",
    "stove_top": "blocks/furniture/stove_top",
    "glass": "blocks/glass",
    "bed_feet_top": "blocks/bed_feet_top"
},
"elements": [ 
{
    "from": [ 0, 0, 0 ],
    "to": [ 16, 16, 1 ],
    "faces": {
        "down":  { "uv": [ 16, 1, 0, 0 ], "texture": "#texture" },
        "up":    { "uv": [ 0, 0, 16, 1 ], "texture": "#texture" },
        "north": { "uv": [ 0, 0, 16, 16 ], "texture": "#texture" },
        "south": { "uv": [ 0, 0, 16, 16 ], "texture": "#texture" },
        "west":  { "uv": [ 0, 0, 1, 16 ], "texture": "#texture" },
        "east":  { "uv": [ 15, 0, 16, 16 ], "texture": "#texture" }
    }
},
{
    "from": [ 0, 15, 1 ],
    "to": [ 16, 16, 16 ],
    "faces": {
        "down":  { "uv": [ 16, 16, 0, 1 ], "texture": "#texture" },
        "up":    { "uv": [ 0, 1, 16, 16 ], "texture": "#texture" },
        "north": { "uv": [ 0, 0, 16, 1 ], "texture": "#texture" },
        "south": { "uv": [ 0, 0, 16, 1 ], "texture": "#texture" },
        "west":  { "uv": [ 1, 0, 16, 1 ], "texture": "#texture" },
        "east":  { "uv": [ 0, 0, 15, 1 ], "texture": "#texture" }
    }
},
{
    "from": [ 0, 0, 1 ],
    "to": [ 16, 1, 16 ],
    "faces": {
        "down":  { "uv": [ 16, 16, 0, 1 ], "texture": "#texture" },
        "up":    { "uv": [ 0, 1, 16, 16 ], "texture": "#texture" },
        "north": { "uv": [ 0, 15, 16, 16 ], "texture": "#texture" },
        "south": { "uv": [ 0, 15, 16, 16 ], "texture": "#texture" },
        "west":  { "uv": [ 1, 15, 16, 16 ], "texture": "#texture" },
        "east":  { "uv": [ 0, 15, 15, 16 ], "texture": "#texture" }
    }
},
{
    "from": [ 0, 1, 1 ],
    "to": [ 1, 15, 16 ],
    "faces": {
        "down":  { "uv": [ 16, 16, 15, 1 ], "texture": "#texture" },
        "up":    { "uv": [ 0, 1, 1, 16 ], "texture": "#texture" },
        "north": { "uv": [ 15, 1, 16, 15 ], "texture": "#texture" },
        "south": { "uv": [ 0, 1, 1, 15 ], "texture": "#texture" },
        "west":  { "uv": [ 1, 1, 16, 15 ], "texture": "#texture" },
        "east":  { "uv": [ 0, 1, 15, 15 ], "texture": "#texture" }
    }
},
{
    "from": [ 15, 1, 1 ],
    "to": [ 16, 15, 16 ],
    "faces": {
        "down":  { "uv": [ 1, 16, 0, 1 ], "texture": "#texture" },
        "up":    { "uv": [ 15, 1, 16, 16 ], "texture": "#texture" },
        "north": { "uv": [ 0, 1, 1, 15 ], "texture": "#texture" },
        "south": { "uv": [ 15, 1, 16, 15 ], "texture": "#texture" },
        "west":  { "uv": [ 1, 1, 16, 15 ], "texture": "#texture" },
        "east":  { "uv": [ 0, 1, 15, 15 ], "texture": "#texture" }
    }
},
{
    "from": [ 3, 2, 1 ],
    "to": [ 13, 3, 15 ],
    "faces": {
        "down":  { "uv": [ 13, 15, 3, 1 ], "texture": "#texture" },
        "up":    { "uv": [ 3, 1, 13, 15 ], "texture": "#texture" },
        "north": { "uv": [ 3, 13, 13, 14 ], "texture": "#texture" },
        "south": { "uv": [ 3, 13, 13, 14 ], "texture": "#texture" },
        "west":  { "uv": [ 1, 13, 15, 14 ], "texture": "#texture" },
        "east":  { "uv": [ 1, 13, 15, 14 ], "texture": "#texture" }
    }
},
{
    "from": [ 3, 13, 1 ],
    "to": [ 13, 14, 15 ],
    "faces": {
        "down":  { "uv": [ 13, 15, 3, 1 ], "texture": "#texture" },
        "up":    { "uv": [ 3, 1, 13, 15 ], "texture": "#texture" },
        "north": { "uv": [ 3, 2, 13, 3 ], "texture": "#texture" },
        "south": { "uv": [ 3, 2, 13, 3 ], "texture": "#texture" },
        "west":  { "uv": [ 1, 2, 15, 3 ], "texture": "#texture" },
        "east":  { "uv": [ 1, 2, 15, 3 ], "texture": "#texture" }
    }
},
{
    "from": [ 2, 3, 1 ],
    "to": [ 3, 13, 15 ],
    "faces": {
        "down":  { "uv": [ 14, 15, 13, 1 ], "texture": "#texture" },
        "up":    { "uv": [ 2, 1, 3, 15 ], "texture": "#texture" },
        "north": { "uv": [ 13, 3, 14, 13 ], "texture": "#texture" },
        "south": { "uv": [ 2, 3, 3, 13 ], "texture": "#texture" },
        "west":  { "uv": [ 1, 3, 15, 13 ], "texture": "#texture" },
        "east":  { "uv": [ 1, 3, 15, 13 ], "texture": "#texture" }
    }
},
{
    "from": [ 13, 3, 1 ],
    "to": [ 14, 13, 15 ],
    "faces": {
        "down":  { "uv": [ 3, 15, 2, 1 ], "texture": "#texture" },
        "up":    { "uv": [ 13, 1, 14, 15 ], "texture": "#texture" },
        "north": { "uv": [ 2, 3, 3, 13 ], "texture": "#texture" },
        "south": { "uv": [ 13, 3, 14, 13 ], "texture": "#texture" },
        "west":  { "uv": [ 1, 3, 15, 13 ], "texture": "#texture" },
        "east":  { "uv": [ 1, 3, 15, 13 ], "texture": "#texture" }
    }
},
{
    "from": [ 12, 12, 1 ],
    "to": [ 13, 13, 15 ],
    "faces": {
        "down":  { "uv": [ 4, 15, 3, 1 ], "texture": "#texture" },
        "up":    { "uv": [ 12, 1, 13, 15 ], "texture": "#texture" },
        "north": { "uv": [ 3, 3, 4, 4 ], "texture": "#texture" },
        "south": { "uv": [ 12, 3, 13, 4 ], "texture": "#texture" },
        "west":  { "uv": [ 1, 3, 15, 4 ], "texture": "#texture" },
        "east":  { "uv": [ 1, 3, 15, 4 ], "texture": "#texture" }
    }
},
{
    "from": [ 12, 3, 1 ],
    "to": [ 13, 4, 15 ],
    "faces": {
        "down":  { "uv": [ 4, 15, 3, 1 ], "texture": "#texture" },
        "up":    { "uv": [ 12, 1, 13, 15 ], "texture": "#texture" },
        "north": { "uv": [ 3, 12, 4, 13 ], "texture": "#texture" },
        "south": { "uv": [ 12, 12, 13, 13 ], "texture": "#texture" },
        "west":  { "uv": [ 1, 12, 15, 13 ], "texture": "#texture" },
        "east":  { "uv": [ 1, 12, 15, 13 ], "texture": "#texture" }
    }
},
{
    "from": [ 3, 3, 1 ],
    "to": [ 4, 4, 15 ],
    "faces": {
        "down":  { "uv": [ 13, 15, 12, 1 ], "texture": "#texture" },
        "up":    { "uv": [ 3, 1, 4, 15 ], "texture": "#texture" },
        "north": { "uv": [ 12, 12, 13, 13 ], "texture": "#texture" },
        "south": { "uv": [ 3, 12, 4, 13 ], "texture": "#texture" },
        "west":  { "uv": [ 1, 12, 15, 13 ], "texture": "#texture" },
        "east":  { "uv": [ 1, 12, 15, 13 ], "texture": "#texture" }
    }
},
{
    "from": [ 3, 12, 1 ],
    "to": [ 4, 13, 15 ],
    "faces": {
        "down":  { "uv": [ 13, 15, 12, 1 ], "texture": "#texture" },
        "up":    { "uv": [ 3, 1, 4, 15 ], "texture": "#texture" },
        "north": { "uv": [ 12, 3, 13, 4 ], "texture": "#texture" },
        "south": { "uv": [ 3, 3, 4, 4 ], "texture": "#texture" },
        "west":  { "uv": [ 1, 3, 15, 4 ], "texture": "#texture" },
        "east":  { "uv": [ 1, 3, 15, 4 ], "texture": "#texture" }
    }
},
{
    "from": [ 1, 1, 15 ],
    "to": [ 4, 15, 16 ],
    "faces": {
        "down":  { "uv": [ 15, 16, 12, 15 ], "texture": "#texture" },
        "up":    { "uv": [ 1, 15, 4, 16 ], "texture": "#texture" },
        "north": { "uv": [ 12, 1, 15, 15 ], "texture": "#texture" },
        "south": { "uv": [ 1, 1, 4, 15 ], "texture": "#texture" },
        "west":  { "uv": [ 15, 1, 16, 15 ], "texture": "#texture" },
        "east":  { "uv": [ 0, 1, 1, 15 ], "texture": "#texture" }
    }
},
{
    "from": [ 12, 1, 15 ],
    "to": [ 15, 15, 16 ],
    "faces": {
        "down":  { "uv": [ 4, 16, 1, 15 ], "texture": "#texture" },
        "up":    { "uv": [ 12, 15, 15, 16 ], "texture": "#texture" },
        "north": { "uv": [ 1, 1, 4, 15 ], "texture": "#texture" },
        "south": { "uv": [ 12, 1, 15, 15 ], "texture": "#texture" },
        "west":  { "uv": [ 15, 1, 16, 15 ], "texture": "#texture" },
        "east":  { "uv": [ 0, 1, 1, 15 ], "texture": "#texture" }
    }
},
{
    "from": [ 5, 11, 15 ],
    "to": [ 11, 15, 16 ],
    "faces": {
        "down":  { "uv": [ 11, 16, 5, 15 ], "texture": "#texture" },
        "up":    { "uv": [ 5, 15, 11, 16 ], "texture": "#texture" },
        "north": { "uv": [ 5, 1, 11, 5 ], "texture": "#texture" },
        "south": { "uv": [ 5, 1, 11, 5 ], "texture": "#texture" },
        "west":  { "uv": [ 15, 1, 16, 5 ], "texture": "#texture" },
        "east":  { "uv": [ 0, 1, 1, 5 ], "texture": "#texture" }
    }
},
{
    "from": [ 5, 1, 15 ],
    "to": [ 11, 3, 16 ],
    "faces": {
        "down":  { "uv": [ 11, 16, 5, 15 ], "texture": "#texture" },
        "up":    { "uv": [ 5, 15, 11, 16 ], "texture": "#texture" },
        "north": { "uv": [ 5, 13, 11, 15 ], "texture": "#texture" },
        "south": { "uv": [ 5, 13, 11, 15 ], "texture": "#texture" },
        "west":  { "uv": [ 15, 13, 16, 15 ], "texture": "#texture" },
        "east":  { "uv": [ 0, 13, 1, 15 ], "texture": "#texture" }
    }
},
{
    "from": [ 5, 10, 15 ],
    "to": [ 6, 11, 16 ],
    "faces": {
        "down":  { "uv": [ 11, 16, 10, 15 ], "texture": "#texture" },
        "up":    { "uv": [ 5, 15, 6, 16 ], "texture": "#texture" },
        "north": { "uv": [ 10, 5, 11, 6 ], "texture": "#texture" },
        "south": { "uv": [ 5, 5, 6, 6 ], "texture": "#texture" },
        "west":  { "uv": [ 15, 5, 16, 6 ], "texture": "#texture" },
        "east":  { "uv": [ 0, 5, 1, 6 ], "texture": "#texture" }
    }
},
{
    "from": [ 10, 10, 15 ],
    "to": [ 11, 11, 16 ],
    "faces": {
        "down":  { "uv": [ 6, 16, 5, 15 ], "texture": "#texture" },
        "up":    { "uv": [ 10, 15, 11, 16 ], "texture": "#texture" },
        "north": { "uv": [ 5, 5, 6, 6 ], "texture": "#texture" },
        "south": { "uv": [ 10, 5, 11, 6 ], "texture": "#texture" },
        "west":  { "uv": [ 15, 5, 16, 6 ], "texture": "#texture" },
        "east":  { "uv": [ 0, 5, 1, 6 ], "texture": "#texture" }
    }
},
{
    "from": [ 10, 3, 15 ],
    "to": [ 11, 4, 16 ],
    "faces": {
        "down":  { "uv": [ 6, 16, 5, 15 ], "texture": "#texture" },
        "up":    { "uv": [ 10, 15, 11, 16 ], "texture": "#texture" },
        "north": { "uv": [ 5, 12, 6, 13 ], "texture": "#texture" },
        "south": { "uv": [ 10, 12, 11, 13 ], "texture": "#texture" },
        "west":  { "uv": [ 15, 12, 16, 13 ], "texture": "#texture" },
        "east":  { "uv": [ 0, 12, 1, 13 ], "texture": "#texture" }
    }
},
{
    "from": [ 5, 3, 15 ],
    "to": [ 6, 4, 16 ],
    "faces": {
        "down":  { "uv": [ 11, 16, 10, 15 ], "texture": "#texture" },
        "up":    { "uv": [ 5, 15, 6, 16 ], "texture": "#texture" },
        "north": { "uv": [ 10, 12, 11, 13 ], "texture": "#texture" },
        "south": { "uv": [ 5, 12, 6, 13 ], "texture": "#texture" },
        "west":  { "uv": [ 15, 12, 16, 13 ], "texture": "#texture" },
        "east":  { "uv": [ 0, 12, 1, 13 ], "texture": "#texture" }
    }
},
{
    "from": [ 4, 1, 15 ],
    "to": [ 5, 5, 16 ],
    "faces": {
        "down":  { "uv": [ 12, 16, 11, 15 ], "texture": "#texture" },
        "up":    { "uv": [ 4, 15, 5, 16 ], "texture": "#texture" },
        "north": { "uv": [ 11, 11, 12, 15 ], "texture": "#texture" },
        "south": { "uv": [ 4, 11, 5, 15 ], "texture": "#texture" },
        "west":  { "uv": [ 15, 11, 16, 15 ], "texture": "#texture" },
        "east":  { "uv": [ 0, 11, 1, 15 ], "texture": "#texture" }
    }
},
{
    "from": [ 4, 9, 15 ],
    "to": [ 5, 15, 16 ],
    "faces": {
        "down":  { "uv": [ 12, 16, 11, 15 ], "texture": "#texture" },
        "up":    { "uv": [ 4, 15, 5, 16 ], "texture": "#texture" },
        "north": { "uv": [ 11, 1, 12, 7 ], "texture": "#texture" },
        "south": { "uv": [ 4, 1, 5, 7 ], "texture": "#texture" },
        "west":  { "uv": [ 15, 1, 16, 7 ], "texture": "#texture" },
        "east":  { "uv": [ 0, 1, 1, 7 ], "texture": "#texture" }
    }
},
{
    "from": [ 11, 9, 15 ],
    "to": [ 12, 15, 16 ],
    "faces": {
        "down":  { "uv": [ 5, 16, 4, 15 ], "texture": "#texture" },
        "up":    { "uv": [ 11, 15, 12, 16 ], "texture": "#texture" },
        "north": { "uv": [ 4, 1, 5, 7 ], "texture": "#texture" },
        "south": { "uv": [ 11, 1, 12, 7 ], "texture": "#texture" },
        "west":  { "uv": [ 15, 1, 16, 7 ], "texture": "#texture" },
        "east":  { "uv": [ 0, 1, 1, 7 ], "texture": "#texture" }
    }
},
{
    "from": [ 11, 1, 15 ],
    "to": [ 12, 5, 16 ],
    "faces": {
        "down":  { "uv": [ 5, 16, 4, 15 ], "texture": "#texture" },
        "up":    { "uv": [ 11, 15, 12, 16 ], "texture": "#texture" },
        "north": { "uv": [ 4, 11, 5, 15 ], "texture": "#texture" },
        "south": { "uv": [ 11, 11, 12, 15 ], "texture": "#texture" },
        "west":  { "uv": [ 15, 11, 16, 15 ], "texture": "#texture" },
        "east":  { "uv": [ 0, 11, 1, 15 ], "texture": "#texture" }
    }
},
{
    "from": [ 3, 4, 16 ],
    "to": [ 4, 10, 16.5 ],
    "faces": {
        "down":  { "uv": [ 13, 16, 12, 16 ], "texture": "#stove_top" },
        "up":    { "uv": [ 3, 16, 4, 16 ], "texture": "#stove_top" },
        "north": { "uv": [ 12, 6, 13, 12 ], "texture": "#stove_top" },
        "south": { "uv": [ 3, 6, 4, 12 ], "texture": "#stove_top" },
        "west":  { "uv": [ 16, 6, 16, 12 ], "texture": "#stove_top" },
        "east":  { "uv": [ 0, 6, 0, 12 ], "texture": "#stove_top" }
    }
},
{
    "from": [ 12, 4, 16 ],
    "to": [ 13, 10, 16.5 ],
    "faces": {
        "down":  { "uv": [ 4, 16, 3, 16 ], "texture": "#stove_top" },
        "up":    { "uv": [ 12, 16, 13, 16 ], "texture": "#stove_top" },
        "north": { "uv": [ 3, 6, 4, 12 ], "texture": "#stove_top" },
        "south": { "uv": [ 12, 6, 13, 12 ], "texture": "#stove_top" },
        "west":  { "uv": [ 16, 6, 16, 12 ], "texture": "#stove_top" },
        "east":  { "uv": [ 0, 6, 0, 12 ], "texture": "#stove_top" }
    }
},
{
    "from": [ 11, 9, 16 ],
    "to": [ 12, 11, 16.5 ],
    "faces": {
        "down":  { "uv": [ 5, 16, 4, 16 ], "texture": "#stove_top" },
        "up":    { "uv": [ 11, 16, 12, 16 ], "texture": "#stove_top" },
        "north": { "uv": [ 4, 5, 5, 7 ], "texture": "#stove_top" },
        "south": { "uv": [ 11, 5, 12, 7 ], "texture": "#stove_top" },
        "west":  { "uv": [ 16, 5, 16, 7 ], "texture": "#stove_top" },
        "east":  { "uv": [ 0, 5, 0, 7 ], "texture": "#stove_top" }
    }
},
{
    "from": [ 10, 10, 16 ],
    "to": [ 11, 12, 16.5 ],
    "faces": {
        "down":  { "uv": [ 6, 16, 5, 16 ], "texture": "#stove_top" },
        "up":    { "uv": [ 10, 16, 11, 16 ], "texture": "#stove_top" },
        "north": { "uv": [ 5, 4, 6, 6 ], "texture": "#stove_top" },
        "south": { "uv": [ 10, 4, 11, 6 ], "texture": "#stove_top" },
        "west":  { "uv": [ 16, 4, 16, 6 ], "texture": "#stove_top" },
        "east":  { "uv": [ 0, 4, 0, 6 ], "texture": "#stove_top" }
    }
},
{
    "from": [ 4, 9, 16 ],
    "to": [ 5, 11, 16.5 ],
    "faces": {
        "down":  { "uv": [ 12, 16, 11, 16 ], "texture": "#stove_top" },
        "up":    { "uv": [ 4, 16, 5, 16 ], "texture": "#stove_top" },
        "north": { "uv": [ 11, 5, 12, 7 ], "texture": "#stove_top" },
        "south": { "uv": [ 4, 5, 5, 7 ], "texture": "#stove_top" },
        "west":  { "uv": [ 16, 5, 16, 7 ], "texture": "#stove_top" },
        "east":  { "uv": [ 0, 5, 0, 7 ], "texture": "#stove_top" }
    }
},
{
    "from": [ 5, 10, 16 ],
    "to": [ 6, 12, 16.5 ],
    "faces": {
        "down":  { "uv": [ 11, 16, 10, 16 ], "texture": "#stove_top" },
        "up":    { "uv": [ 5, 16, 6, 16 ], "texture": "#stove_top" },
        "north": { "uv": [ 10, 4, 11, 6 ], "texture": "#stove_top" },
        "south": { "uv": [ 5, 4, 6, 6 ], "texture": "#stove_top" },
        "west":  { "uv": [ 16, 4, 16, 6 ], "texture": "#stove_top" },
        "east":  { "uv": [ 0, 4, 0, 6 ], "texture": "#stove_top" }
    }
},
{
    "from": [ 4, 3, 16 ],
    "to": [ 5, 5, 16.5 ],
    "faces": {
        "down":  { "uv": [ 12, 16, 11, 16 ], "texture": "#stove_top" },
        "up":    { "uv": [ 4, 16, 5, 16 ], "texture": "#stove_top" },
        "north": { "uv": [ 11, 11, 12, 13 ], "texture": "#stove_top" },
        "south": { "uv": [ 4, 11, 5, 13 ], "texture": "#stove_top" },
        "west":  { "uv": [ 16, 11, 16, 13 ], "texture": "#stove_top" },
        "east":  { "uv": [ 0, 11, 0, 13 ], "texture": "#stove_top" }
    }
},
{
    "from": [ 5, 2, 16 ],
    "to": [ 6, 4, 16.5 ],
    "faces": {
        "down":  { "uv": [ 11, 16, 10, 16 ], "texture": "#stove_top" },
        "up":    { "uv": [ 5, 16, 6, 16 ], "texture": "#stove_top" },
        "north": { "uv": [ 10, 12, 11, 14 ], "texture": "#stove_top" },
        "south": { "uv": [ 5, 12, 6, 14 ], "texture": "#stove_top" },
        "west":  { "uv": [ 16, 12, 16, 14 ], "texture": "#stove_top" },
        "east":  { "uv": [ 0, 12, 0, 14 ], "texture": "#stove_top" }
    }
},
{
    "from": [ 10, 2, 16 ],
    "to": [ 11, 4, 16.5 ],
    "faces": {
        "down":  { "uv": [ 6, 16, 5, 16 ], "texture": "#stove_top" },
        "up":    { "uv": [ 10, 16, 11, 16 ], "texture": "#stove_top" },
        "north": { "uv": [ 5, 12, 6, 14 ], "texture": "#stove_top" },
        "south": { "uv": [ 10, 12, 11, 14 ], "texture": "#stove_top" },
        "west":  { "uv": [ 16, 12, 16, 14 ], "texture": "#stove_top" },
        "east":  { "uv": [ 0, 12, 0, 14 ], "texture": "#stove_top" }
    }
},
{
    "from": [ 11, 3, 16 ],
    "to": [ 12, 5, 16.5 ],
    "faces": {
        "down":  { "uv": [ 5, 16, 4, 16 ], "texture": "#stove_top" },
        "up":    { "uv": [ 11, 16, 12, 16 ], "texture": "#stove_top" },
        "north": { "uv": [ 4, 11, 5, 13 ], "texture": "#stove_top" },
        "south": { "uv": [ 11, 11, 12, 13 ], "texture": "#stove_top" },
        "west":  { "uv": [ 16, 11, 16, 13 ], "texture": "#stove_top" },
        "east":  { "uv": [ 0, 11, 0, 13 ], "texture": "#stove_top" }
    }
},
{
    "from": [ 6, 2, 16 ],
    "to": [ 10, 3, 16.5 ],
    "faces": {
        "down":  { "uv": [ 10, 16, 6, 16 ], "texture": "#stove_top" },
        "up":    { "uv": [ 6, 16, 10, 16 ], "texture": "#stove_top" },
        "north": { "uv": [ 6, 13, 10, 14 ], "texture": "#stove_top" },
        "south": { "uv": [ 6, 13, 10, 14 ], "texture": "#stove_top" },
        "west":  { "uv": [ 16, 13, 16, 14 ], "texture": "#stove_top" },
        "east":  { "uv": [ 0, 13, 0, 14 ], "texture": "#stove_top" }
    }
},
{
    "from": [ 6, 11, 16 ],
    "to": [ 10, 12, 16.5 ],
    "faces": {
        "down":  { "uv": [ 10, 16, 6, 16 ], "texture": "#stove_top" },
        "up":    { "uv": [ 6, 16, 10, 16 ], "texture": "#stove_top" },
        "north": { "uv": [ 6, 4, 10, 5 ], "texture": "#stove_top" },
        "south": { "uv": [ 6, 4, 10, 5 ], "texture": "#stove_top" },
        "west":  { "uv": [ 16, 4, 16, 5 ], "texture": "#stove_top" },
        "east":  { "uv": [ 0, 4, 0, 5 ], "texture": "#stove_top" }
    }
},
{
    "from": [ 7, 12, 16 ],
    "to": [ 9, 12.5, 16.5 ],
    "faces": {
        "down":  { "uv": [ 9, 16, 7, 16 ], "texture": "#stove_top" },
        "up":    { "uv": [ 7, 16, 9, 16 ], "texture": "#stove_top" },
        "north": { "uv": [ 7, 3.5, 9, 4 ], "texture": "#stove_top" },
        "south": { "uv": [ 7, 3.5, 9, 4 ], "texture": "#stove_top" },
        "west":  { "uv": [ 16, 3.5, 16, 4 ], "texture": "#stove_top" },
        "east":  { "uv": [ 0, 3.5, 0, 4 ], "texture": "#stove_top" }
    }
},
{
    "from": [ 7, 1.5, 16 ],
    "to": [ 9, 2, 16.5 ],
    "faces": {
        "down":  { "uv": [ 9, 16, 7, 16 ], "texture": "#stove_top" },
        "up":    { "uv": [ 7, 16, 9, 16 ], "texture": "#stove_top" },
        "north": { "uv": [ 7, 14, 9, 14.5 ], "texture": "#stove_top" },
        "south": { "uv": [ 7, 14, 9, 14.5 ], "texture": "#stove_top" },
        "west":  { "uv": [ 16, 14, 16, 14.5 ], "texture": "#stove_top" },
        "east":  { "uv": [ 0, 14, 0, 14.5 ], "texture": "#stove_top" }
    }
},
{
    "from": [ 13, 6, 16 ],
    "to": [ 13.5, 8, 16.5 ],
    "faces": {
        "down":  { "uv": [ 3, 16, 2.5, 16 ], "texture": "#stove_top" },
        "up":    { "uv": [ 13, 16, 13.5, 16 ], "texture": "#stove_top" },
        "north": { "uv": [ 2.5, 8, 3, 10 ], "texture": "#stove_top" },
        "south": { "uv": [ 13, 8, 13.5, 10 ], "texture": "#stove_top" },
        "west":  { "uv": [ 16, 8, 16, 10 ], "texture": "#stove_top" },
        "east":  { "uv": [ 0, 8, 0, 10 ], "texture": "#stove_top" }
    }
},
{
    "from": [ 2.5, 6, 16 ],
    "to": [ 3, 8, 16.5 ],
    "faces": {
        "down":  { "uv": [ 13.5, 16, 13, 16 ], "texture": "#stove_top" },
        "up":    { "uv": [ 2.5, 16, 3, 16 ], "texture": "#stove_top" },
        "north": { "uv": [ 13, 8, 13.5, 10 ], "texture": "#stove_top" },
        "south": { "uv": [ 2.5, 8, 3, 10 ], "texture": "#stove_top" },
        "west":  { "uv": [ 16, 8, 16, 10 ], "texture": "#stove_top" },
        "east":  { "uv": [ 0, 8, 0, 10 ], "texture": "#stove_top" }
    }
},
{
    "from": [ 1.5, 13.5, 16 ],
    "to": [ 2.5, 14.5, 16.5 ],
    "faces": {
        "down":  { "uv": [ 14.5, 16, 13.5, 16 ], "texture": "#stove_top" },
        "up":    { "uv": [ 1.5, 16, 2.5, 16 ], "texture": "#stove_top" },
        "north": { "uv": [ 13.5, 1.5, 14.5, 2.5 ], "texture": "#stove_top" },
        "south": { "uv": [ 1.5, 1.5, 2.5, 2.5 ], "texture": "#stove_top" },
        "west":  { "uv": [ 16, 1.5, 16, 2.5 ], "texture": "#stove_top" },
        "east":  { "uv": [ 0, 1.5, 0, 2.5 ], "texture": "#stove_top" }
    }
},
{
    "from": [ 3, 13.5, 16 ],
    "to": [ 4, 14.5, 16.5 ],
    "faces": {
        "down":  { "uv": [ 13, 16, 12, 16 ], "texture": "#stove_top" },
        "up":    { "uv": [ 3, 16, 4, 16 ], "texture": "#stove_top" },
        "north": { "uv": [ 12, 1.5, 13, 2.5 ], "texture": "#stove_top" },
        "south": { "uv": [ 3, 1.5, 4, 2.5 ], "texture": "#stove_top" },
        "west":  { "uv": [ 16, 1.5, 16, 2.5 ], "texture": "#stove_top" },
        "east":  { "uv": [ 0, 1.5, 0, 2.5 ], "texture": "#stove_top" }
    }
},
{
    "from": [ 4.5, 13.5, 16 ],
    "to": [ 5.5, 14.5, 16.5 ],
    "faces": {
        "down":  { "uv": [ 11.5, 16, 10.5, 16 ], "texture": "#stove_top" },
        "up":    { "uv": [ 4.5, 16, 5.5, 16 ], "texture": "#stove_top" },
        "north": { "uv": [ 10.5, 1.5, 11.5, 2.5 ], "texture": "#stove_top" },
        "south": { "uv": [ 4.5, 1.5, 5.5, 2.5 ], "texture": "#stove_top" },
        "west":  { "uv": [ 16, 1.5, 16, 2.5 ], "texture": "#stove_top" },
        "east":  { "uv": [ 0, 1.5, 0, 2.5 ], "texture": "#stove_top" }
    }
},
{
    "from": [ 6, 13.5, 16 ],
    "to": [ 7, 14.5, 16.5 ],
    "faces": {
        "down":  { "uv": [ 10, 16, 9, 16 ], "texture": "#stove_top" },
        "up":    { "uv": [ 6, 16, 7, 16 ], "texture": "#stove_top" },
        "north": { "uv": [ 9, 1.5, 10, 2.5 ], "texture": "#stove_top" },
        "south": { "uv": [ 6, 1.5, 7, 2.5 ], "texture": "#stove_top" },
        "west":  { "uv": [ 16, 1.5, 16, 2.5 ], "texture": "#stove_top" },
        "east":  { "uv": [ 0, 1.5, 0, 2.5 ], "texture": "#stove_top" }
    }
},
{
    "from": [ 4, 3, 16.25 ],
    "to": [ 12, 11, 16.3125 ],
    "faces": {
        "north": { "uv": [ 3, 4, 7, 6.5 ], "texture": "#glass" },
        "south": { "uv": [ 0, 0, 16, 16 ], "texture": "#glass" }
    }
},
{
    "from": [ 13.5, 13.5, 16 ],
    "to": [ 14.5, 14.5, 16.5 ],
    "faces": {
        "down":  { "uv": [ 2.5, 16, 1.5, 16 ], "texture": "#bed_feet_top" },
        "up":    { "uv": [ 13.5, 16, 14.5, 16 ], "texture": "#bed_feet_top" },
        "north": { "uv": [ 1.5, 1.5, 2.5, 2.5 ], "texture": "#bed_feet_top" },
        "south": { "uv": [ 13.5, 1.5, 14.5, 2.5 ], "texture": "#bed_feet_top" },
        "west":  { "uv": [ 16, 1.5, 16, 2.5 ], "texture": "#bed_feet_top" },
        "east":  { "uv": [ 0, 1.5, 0, 2.5 ], "texture": "#bed_feet_top" }
    }
}
],
"display": {
    "thirdperson_righthand": {
        "rotation": [ 24, -43, -14 ],
        "translation": [ 0, 0, 0 ],
        "scale": [ 0.5, 0.5, 0.5 ]
    },
    "thirdperson_lefthand": {
        "rotation": [ 24, -43, -14 ],
        "translation": [ -3.21, 0, -2.08 ],
        "scale": [ 0.5, 0.5, 0.5 ]
    },
    "head": {
        "rotation": [ 0, 180, 0 ],
        "translation": [ 0, -30.5, 0 ],
        "scale": [ 1.6, 1.6, 1.6 ]
    },
    "ground": {
        "rotation": [ 0, 0, 0 ],
        "translation": [ 0, 2, 0 ],
        "scale": [ 0.5, 0.5, 0.5 ]
    },
    "fixed": {
        "rotation": [ 0, 180, 0 ],
        "translation": [ 0, 0, -3.4 ],
        "scale": [ 0.5, 0.5, 0.5 ]
    },
    "firstperson_righthand": {
        "rotation": [ 0, -64, 0 ],
        "translation": [ 0, 0, 0 ],
        "scale": [ 0.5, 0.5, 0.5 ]
    },
    "firstperson_lefthand": {
        "rotation": [ 0, -64, 0 ],
        "translation": [ -1.7, 0, -1.89 ],
        "scale": [ 0.5, 0.5, 0.5 ]
    },
    "gui": {
        "rotation": [ 35, 35, 0 ],
        "translation": [ 0, 0, 0 ],
        "scale": [ 0.62, 0.62, 0.62 ]
    }
}
}