{
"__comment": "Designed by Jugbot",
"textures": {
    "texture": "blocks/hardened_clay_stained_green",
    "iron_block": "blocks/iron_block",
    "hardened_clay_stained_black": "blocks/hardened_clay_stained_black",
    "anvil_base": "blocks/cauldron_inner"
},
"elements": [ 
{
    "__comment": "Engine",
    "from": [ -11, 4.8125, 6 ],
    "to": [ -7, 7, 10 ],
    "faces": {
        "down":  { "uv": [ 11, 10, 7, 6 ], "texture": "#anvil_base" },
        "up":    { "uv": [ 5, 6, 9, 10 ], "texture": "#anvil_base" },
        "north": { "uv": [ 7, 9, 11, 11.1875 ], "texture": "#anvil_base" },
        "south": { "uv": [ 5, 9, 9, 11.1875 ], "texture": "#anvil_base" },
        "west":  { "uv": [ 6, 9, 10, 11.1875 ], "texture": "#anvil_base" },
        "east":  { "uv": [ 6, 9, 10, 11.1875 ], "texture": "#anvil_base" }
    }
},
{
    "__comment": "Engine edge",
    "from": [ -11, 4, 5 ],
    "to": [ -7, 5, 6 ],
    "faces": {
        "down":  { "uv": [ 11, 6, 7, 5 ], "texture": "#anvil_base" },
        "up":    { "uv": [ 5, 5, 9, 6 ], "texture": "#anvil_base" },
        "north": { "uv": [ 7, 11, 11, 12 ], "texture": "#anvil_base" },
        "south": { "uv": [ 5, 11, 9, 12 ], "texture": "#anvil_base" },
        "west":  { "uv": [ 5, 11, 6, 12 ], "texture": "#anvil_base" },
        "east":  { "uv": [ 10, 11, 11, 12 ], "texture": "#anvil_base" }
    }
},
{
    "__comment": "Engine edge",
    "from": [ -12, 4, 6 ],
    "to": [ -11, 5, 10 ],
    "faces": {
        "down":  { "uv": [ 12, 10, 11, 6 ], "texture": "#anvil_base" },
        "up":    { "uv": [ 4, 6, 5, 10 ], "texture": "#anvil_base" },
        "north": { "uv": [ 11, 11, 12, 12 ], "texture": "#anvil_base" },
        "south": { "uv": [ 4, 11, 5, 12 ], "texture": "#anvil_base" },
        "west":  { "uv": [ 6, 11, 10, 12 ], "texture": "#anvil_base" },
        "east":  { "uv": [ 6, 11, 10, 12 ], "texture": "#anvil_base" }
    }
},
{
    "__comment": "Engine edge",
    "from": [ -7, 4, 6 ],
    "to": [ -6, 5, 10 ],
    "faces": {
        "down":  { "uv": [ 7, 10, 6, 6 ], "texture": "#anvil_base" },
        "up":    { "uv": [ 9, 6, 10, 10 ], "texture": "#anvil_base" },
        "north": { "uv": [ 6, 11, 7, 12 ], "texture": "#anvil_base" },
        "south": { "uv": [ 9, 11, 10, 12 ], "texture": "#anvil_base" },
        "west":  { "uv": [ 6, 11, 10, 12 ], "texture": "#anvil_base" },
        "east":  { "uv": [ 6, 11, 10, 12 ], "texture": "#anvil_base" }
    }
},
{
    "__comment": "Engine edge",
    "from": [ -11, 4, 10 ],
    "to": [ -7, 5, 11 ],
    "faces": {
        "down":  { "uv": [ 11, 11, 7, 10 ], "texture": "#anvil_base" },
        "up":    { "uv": [ 5, 10, 9, 11 ], "texture": "#anvil_base" },
        "north": { "uv": [ 7, 11, 11, 12 ], "texture": "#anvil_base" },
        "south": { "uv": [ 5, 11, 9, 12 ], "texture": "#anvil_base" },
        "west":  { "uv": [ 10, 11, 11, 12 ], "texture": "#anvil_base" },
        "east":  { "uv": [ 5, 11, 6, 12 ], "texture": "#anvil_base" }
    }
},
{
    "from": [ -13, 3, 11 ],
    "to": [ -8, 4, 13 ],
    "faces": {
        "down":  { "uv": [ 13, 13, 8, 11 ], "texture": "#texture" },
        "up":    { "uv": [ 3, 11, 8, 13 ], "texture": "#texture" },
        "north": { "uv": [ 8, 12, 13, 13 ], "texture": "#texture" },
        "south": { "uv": [ 3, 12, 8, 13 ], "texture": "#texture" },
        "west":  { "uv": [ 11, 12, 13, 13 ], "texture": "#texture" },
        "east":  { "uv": [ 3, 12, 5, 13 ], "texture": "#texture" }
    }
},
{
    "__comment": "RSmall",
    "from": [ -16, 0, 0 ],
    "to": [ -15, 4, 2 ],
    "faces": {
        "down":  { "uv": [ 16, 2, 15, 0 ], "texture": "#hardened_clay_stained_black" },
        "up":    { "uv": [ 0, 0, 1, 2 ], "texture": "#hardened_clay_stained_black" },
        "north": { "uv": [ 15, 12, 16, 16 ], "texture": "#hardened_clay_stained_black" },
        "south": { "uv": [ 0, 12, 1, 16 ], "texture": "#hardened_clay_stained_black" },
        "west":  { "uv": [ 0, 12, 2, 16 ], "texture": "#hardened_clay_stained_black" },
        "east":  { "uv": [ 14, 12, 16, 16 ], "texture": "#hardened_clay_stained_black" }
    }
},
{
    "__comment": "RSmall",
    "from": [ -13, 0, 0 ],
    "to": [ -12, 4, 2 ],
    "faces": {
        "down":  { "uv": [ 13, 2, 12, 0 ], "texture": "#hardened_clay_stained_black" },
        "up":    { "uv": [ 3, 0, 4, 2 ], "texture": "#hardened_clay_stained_black" },
        "north": { "uv": [ 12, 12, 13, 16 ], "texture": "#hardened_clay_stained_black" },
        "south": { "uv": [ 3, 12, 4, 16 ], "texture": "#hardened_clay_stained_black" },
        "west":  { "uv": [ 0, 12, 2, 16 ], "texture": "#hardened_clay_stained_black" },
        "east":  { "uv": [ 14, 12, 16, 16 ], "texture": "#hardened_clay_stained_black" }
    }
},
{
    "__comment": "RSmall",
    "from": [ -15, 0, 0 ],
    "to": [ -13, 1, 2 ],
    "faces": {
        "down":  { "uv": [ 15, 2, 13, 0 ], "texture": "#hardened_clay_stained_black" },
        "up":    { "uv": [ 1, 0, 3, 2 ], "texture": "#hardened_clay_stained_black" },
        "north": { "uv": [ 13, 15, 15, 16 ], "texture": "#hardened_clay_stained_black" },
        "south": { "uv": [ 1, 15, 3, 16 ], "texture": "#hardened_clay_stained_black" },
        "west":  { "uv": [ 0, 15, 2, 16 ], "texture": "#hardened_clay_stained_black" },
        "east":  { "uv": [ 14, 15, 16, 16 ], "texture": "#hardened_clay_stained_black" }
    }
},
{
    "__comment": "RSmall",
    "from": [ -15, 3, 0 ],
    "to": [ -13, 4, 2 ],
    "faces": {
        "down":  { "uv": [ 15, 2, 13, 0 ], "texture": "#hardened_clay_stained_black" },
        "up":    { "uv": [ 1, 0, 3, 2 ], "texture": "#hardened_clay_stained_black" },
        "north": { "uv": [ 13, 12, 15, 13 ], "texture": "#hardened_clay_stained_black" },
        "south": { "uv": [ 1, 12, 3, 13 ], "texture": "#hardened_clay_stained_black" },
        "west":  { "uv": [ 0, 12, 2, 13 ], "texture": "#hardened_clay_stained_black" },
        "east":  { "uv": [ 14, 12, 16, 13 ], "texture": "#hardened_clay_stained_black" }
    }
},
{
    "__comment": "RSmall",
    "from": [ -15, 1, 1 ],
    "to": [ -13, 3, 2 ],
    "faces": {
        "down":  { "uv": [ 15, 2, 13, 1 ], "texture": "#iron_block" },
        "up":    { "uv": [ 1, 1, 3, 2 ], "texture": "#iron_block" },
        "north": { "uv": [ 13, 13, 15, 15 ], "texture": "#iron_block" },
        "south": { "uv": [ 1, 13, 3, 15 ], "texture": "#iron_block" },
        "west":  { "uv": [ 1, 13, 2, 15 ], "texture": "#iron_block" },
        "east":  { "uv": [ 14, 13, 15, 15 ], "texture": "#iron_block" }
    }
},
{
    "__comment": "R",
    "from": [ -5, 4, 0 ],
    "to": [ -2, 5, 2 ],
    "faces": {
        "down":  { "uv": [ 5, 2, 2, 0 ], "texture": "#hardened_clay_stained_black" },
        "up":    { "uv": [ 11, 0, 14, 2 ], "texture": "#hardened_clay_stained_black" },
        "north": { "uv": [ 2, 11, 5, 12 ], "texture": "#hardened_clay_stained_black" },
        "south": { "uv": [ 11, 11, 14, 12 ], "texture": "#hardened_clay_stained_black" },
        "west":  { "uv": [ 0, 11, 2, 12 ], "texture": "#hardened_clay_stained_black" },
        "east":  { "uv": [ 14, 11, 16, 12 ], "texture": "#hardened_clay_stained_black" }
    }
},
{
    "__comment": "R",
    "from": [ -6, 1, 0 ],
    "to": [ -5, 4, 2 ],
    "faces": {
        "down":  { "uv": [ 6, 2, 5, 0 ], "texture": "#hardened_clay_stained_black" },
        "up":    { "uv": [ 10, 0, 11, 2 ], "texture": "#hardened_clay_stained_black" },
        "north": { "uv": [ 5, 12, 6, 15 ], "texture": "#hardened_clay_stained_black" },
        "south": { "uv": [ 10, 12, 11, 15 ], "texture": "#hardened_clay_stained_black" },
        "west":  { "uv": [ 0, 12, 2, 15 ], "texture": "#hardened_clay_stained_black" },
        "east":  { "uv": [ 14, 12, 16, 15 ], "texture": "#hardened_clay_stained_black" }
    }
},
{
    "__comment": "R",
    "from": [ -5, 0, 0 ],
    "to": [ -2, 1, 2 ],
    "faces": {
        "down":  { "uv": [ 5, 2, 2, 0 ], "texture": "#hardened_clay_stained_black" },
        "up":    { "uv": [ 11, 0, 14, 2 ], "texture": "#hardened_clay_stained_black" },
        "north": { "uv": [ 2, 15, 5, 16 ], "texture": "#hardened_clay_stained_black" },
        "south": { "uv": [ 11, 15, 14, 16 ], "texture": "#hardened_clay_stained_black" },
        "west":  { "uv": [ 0, 15, 2, 16 ], "texture": "#hardened_clay_stained_black" },
        "east":  { "uv": [ 14, 15, 16, 16 ], "texture": "#hardened_clay_stained_black" }
    }
},
{
    "__comment": "R",
    "from": [ -2, 1, 0 ],
    "to": [ -1, 4, 2 ],
    "faces": {
        "down":  { "uv": [ 2, 2, 1, 0 ], "texture": "#hardened_clay_stained_black" },
        "up":    { "uv": [ 14, 0, 15, 2 ], "texture": "#hardened_clay_stained_black" },
        "north": { "uv": [ 1, 12, 2, 15 ], "texture": "#hardened_clay_stained_black" },
        "south": { "uv": [ 14, 12, 15, 15 ], "texture": "#hardened_clay_stained_black" },
        "west":  { "uv": [ 0, 12, 2, 15 ], "texture": "#hardened_clay_stained_black" },
        "east":  { "uv": [ 14, 12, 16, 15 ], "texture": "#hardened_clay_stained_black" }
    }
},
{
    "__comment": "R",
    "from": [ -5, 1, 1 ],
    "to": [ -2, 4, 2 ],
    "faces": {
        "down":  { "uv": [ 5, 2, 2, 1 ], "texture": "#iron_block" },
        "up":    { "uv": [ 11, 1, 14, 2 ], "texture": "#iron_block" },
        "north": { "uv": [ 2, 12, 5, 15 ], "texture": "#iron_block" },
        "south": { "uv": [ 11, 12, 14, 15 ], "texture": "#iron_block" },
        "west":  { "uv": [ 1, 12, 2, 15 ], "texture": "#iron_block" },
        "east":  { "uv": [ 14, 12, 15, 15 ], "texture": "#iron_block" }
    }
},
{
    "from": [ -8, 3, 2 ],
    "to": [ 0, 4, 5 ],
    "faces": {
        "down":  { "uv": [ 8, 5, 0, 2 ], "texture": "#texture" },
        "up":    { "uv": [ 8, 2, 16, 5 ], "texture": "#texture" },
        "north": { "uv": [ 0, 12, 8, 13 ], "texture": "#texture" },
        "south": { "uv": [ 8, 12, 16, 13 ], "texture": "#texture" },
        "west":  { "uv": [ 2, 12, 5, 13 ], "texture": "#texture" },
        "east":  { "uv": [ 11, 12, 14, 13 ], "texture": "#texture" }
    }
},
{
    "__comment": "R",
    "from": [ -15, 1, 2 ],
    "to": [ 0, 3, 3 ],
    "faces": {
        "down":  { "uv": [ 15, 3, 0, 2 ], "texture": "#texture" },
        "up":    { "uv": [ 1, 2, 16, 3 ], "texture": "#texture" },
        "north": { "uv": [ 0, 13, 15, 15 ], "texture": "#texture" },
        "south": { "uv": [ 1, 13, 16, 15 ], "texture": "#texture" },
        "west":  { "uv": [ 2, 13, 3, 15 ], "texture": "#texture" },
        "east":  { "uv": [ 13, 13, 14, 15 ], "texture": "#texture" }
    }
},
{
    "__comment": "RSmall2",
    "from": [ -16, 0, 14 ],
    "to": [ -15, 4, 16 ],
    "faces": {
        "down":  { "uv": [ 16, 16, 15, 14 ], "texture": "#hardened_clay_stained_black" },
        "up":    { "uv": [ 0, 14, 1, 16 ], "texture": "#hardened_clay_stained_black" },
        "north": { "uv": [ 15, 12, 16, 16 ], "texture": "#hardened_clay_stained_black" },
        "south": { "uv": [ 0, 12, 1, 16 ], "texture": "#hardened_clay_stained_black" },
        "west":  { "uv": [ 14, 12, 16, 16 ], "texture": "#hardened_clay_stained_black" },
        "east":  { "uv": [ 0, 12, 2, 16 ], "texture": "#hardened_clay_stained_black" }
    }
},
{
    "__comment": "RSmall2",
    "from": [ -13, 0, 14 ],
    "to": [ -12, 4, 16 ],
    "faces": {
        "down":  { "uv": [ 13, 16, 12, 14 ], "texture": "#hardened_clay_stained_black" },
        "up":    { "uv": [ 3, 14, 4, 16 ], "texture": "#hardened_clay_stained_black" },
        "north": { "uv": [ 12, 12, 13, 16 ], "texture": "#hardened_clay_stained_black" },
        "south": { "uv": [ 3, 12, 4, 16 ], "texture": "#hardened_clay_stained_black" },
        "west":  { "uv": [ 14, 12, 16, 16 ], "texture": "#hardened_clay_stained_black" },
        "east":  { "uv": [ 0, 12, 2, 16 ], "texture": "#hardened_clay_stained_black" }
    }
},
{
    "__comment": "RSmall2",
    "from": [ -15, 0, 14 ],
    "to": [ -13, 1, 16 ],
    "faces": {
        "down":  { "uv": [ 15, 16, 13, 14 ], "texture": "#hardened_clay_stained_black" },
        "up":    { "uv": [ 1, 14, 3, 16 ], "texture": "#hardened_clay_stained_black" },
        "north": { "uv": [ 13, 15, 15, 16 ], "texture": "#hardened_clay_stained_black" },
        "south": { "uv": [ 1, 15, 3, 16 ], "texture": "#hardened_clay_stained_black" },
        "west":  { "uv": [ 14, 15, 16, 16 ], "texture": "#hardened_clay_stained_black" },
        "east":  { "uv": [ 0, 15, 2, 16 ], "texture": "#hardened_clay_stained_black" }
    }
},
{
    "__comment": "RSmall2",
    "from": [ -15, 3, 14 ],
    "to": [ -13, 4, 16 ],
    "faces": {
        "down":  { "uv": [ 15, 16, 13, 14 ], "texture": "#hardened_clay_stained_black" },
        "up":    { "uv": [ 1, 14, 3, 16 ], "texture": "#hardened_clay_stained_black" },
        "north": { "uv": [ 13, 12, 15, 13 ], "texture": "#hardened_clay_stained_black" },
        "south": { "uv": [ 1, 12, 3, 13 ], "texture": "#hardened_clay_stained_black" },
        "west":  { "uv": [ 14, 12, 16, 13 ], "texture": "#hardened_clay_stained_black" },
        "east":  { "uv": [ 0, 12, 2, 13 ], "texture": "#hardened_clay_stained_black" }
    }
},
{
    "__comment": "RSmall2",
    "from": [ -15, 1, 14 ],
    "to": [ -13, 3, 15 ],
    "faces": {
        "down":  { "uv": [ 15, 15, 13, 14 ], "texture": "#iron_block" },
        "up":    { "uv": [ 1, 14, 3, 15 ], "texture": "#iron_block" },
        "north": { "uv": [ 13, 13, 15, 15 ], "texture": "#iron_block" },
        "south": { "uv": [ 1, 13, 3, 15 ], "texture": "#iron_block" },
        "west":  { "uv": [ 14, 13, 15, 15 ], "texture": "#iron_block" },
        "east":  { "uv": [ 1, 13, 2, 15 ], "texture": "#iron_block" }
    }
},
{
    "__comment": "R",
    "from": [ -5, 4, 14 ],
    "to": [ -2, 5, 16 ],
    "faces": {
        "down":  { "uv": [ 5, 16, 2, 14 ], "texture": "#hardened_clay_stained_black" },
        "up":    { "uv": [ 11, 14, 14, 16 ], "texture": "#hardened_clay_stained_black" },
        "north": { "uv": [ 2, 11, 5, 12 ], "texture": "#hardened_clay_stained_black" },
        "south": { "uv": [ 11, 11, 14, 12 ], "texture": "#hardened_clay_stained_black" },
        "west":  { "uv": [ 14, 11, 16, 12 ], "texture": "#hardened_clay_stained_black" },
        "east":  { "uv": [ 0, 11, 2, 12 ], "texture": "#hardened_clay_stained_black" }
    }
},
{
    "__comment": "R",
    "from": [ -6, 1, 14 ],
    "to": [ -5, 4, 16 ],
    "faces": {
        "down":  { "uv": [ 6, 16, 5, 14 ], "texture": "#hardened_clay_stained_black" },
        "up":    { "uv": [ 10, 14, 11, 16 ], "texture": "#hardened_clay_stained_black" },
        "north": { "uv": [ 5, 12, 6, 15 ], "texture": "#hardened_clay_stained_black" },
        "south": { "uv": [ 10, 12, 11, 15 ], "texture": "#hardened_clay_stained_black" },
        "west":  { "uv": [ 14, 12, 16, 15 ], "texture": "#hardened_clay_stained_black" },
        "east":  { "uv": [ 0, 12, 2, 15 ], "texture": "#hardened_clay_stained_black" }
    }
},
{
    "__comment": "R",
    "from": [ -5, 0, 14 ],
    "to": [ -2, 1, 16 ],
    "faces": {
        "down":  { "uv": [ 5, 16, 2, 14 ], "texture": "#hardened_clay_stained_black" },
        "up":    { "uv": [ 11, 14, 14, 16 ], "texture": "#hardened_clay_stained_black" },
        "north": { "uv": [ 2, 15, 5, 16 ], "texture": "#hardened_clay_stained_black" },
        "south": { "uv": [ 11, 15, 14, 16 ], "texture": "#hardened_clay_stained_black" },
        "west":  { "uv": [ 14, 15, 16, 16 ], "texture": "#hardened_clay_stained_black" },
        "east":  { "uv": [ 0, 15, 2, 16 ], "texture": "#hardened_clay_stained_black" }
    }
},
{
    "__comment": "R",
    "from": [ -2, 1, 14 ],
    "to": [ -1, 4, 16 ],
    "faces": {
        "down":  { "uv": [ 2, 16, 1, 14 ], "texture": "#hardened_clay_stained_black" },
        "up":    { "uv": [ 14, 14, 15, 16 ], "texture": "#hardened_clay_stained_black" },
        "north": { "uv": [ 1, 12, 2, 15 ], "texture": "#hardened_clay_stained_black" },
        "south": { "uv": [ 14, 12, 15, 15 ], "texture": "#hardened_clay_stained_black" },
        "west":  { "uv": [ 14, 12, 16, 15 ], "texture": "#hardened_clay_stained_black" },
        "east":  { "uv": [ 0, 12, 2, 15 ], "texture": "#hardened_clay_stained_black" }
    }
},
{
    "__comment": "R",
    "from": [ -5, 1, 14 ],
    "to": [ -2, 4, 15 ],
    "faces": {
        "down":  { "uv": [ 5, 15, 2, 14 ], "texture": "#iron_block" },
        "up":    { "uv": [ 11, 14, 14, 15 ], "texture": "#iron_block" },
        "north": { "uv": [ 2, 12, 5, 15 ], "texture": "#iron_block" },
        "south": { "uv": [ 11, 12, 14, 15 ], "texture": "#iron_block" },
        "west":  { "uv": [ 14, 12, 15, 15 ], "texture": "#iron_block" },
        "east":  { "uv": [ 1, 12, 2, 15 ], "texture": "#iron_block" }
    }
},
{
    "__comment": "R",
    "from": [ -15, 1, 13 ],
    "to": [ 0, 3, 14 ],
    "faces": {
        "down":  { "uv": [ 15, 14, 0, 13 ], "texture": "#texture" },
        "up":    { "uv": [ 1, 13, 16, 14 ], "texture": "#texture" },
        "north": { "uv": [ 0, 13, 15, 15 ], "texture": "#texture" },
        "south": { "uv": [ 1, 13, 16, 15 ], "texture": "#texture" },
        "west":  { "uv": [ 13, 13, 14, 15 ], "texture": "#texture" },
        "east":  { "uv": [ 2, 13, 3, 15 ], "texture": "#texture" }
    }
},
{
    "from": [ -8, 3, 11 ],
    "to": [ 0, 4, 14 ],
    "faces": {
        "down":  { "uv": [ 8, 14, 0, 11 ], "texture": "#texture" },
        "up":    { "uv": [ 8, 11, 16, 14 ], "texture": "#texture" },
        "north": { "uv": [ 0, 12, 8, 13 ], "texture": "#texture" },
        "south": { "uv": [ 8, 12, 16, 13 ], "texture": "#texture" },
        "west":  { "uv": [ 11, 12, 14, 13 ], "texture": "#texture" },
        "east":  { "uv": [ 2, 12, 5, 13 ], "texture": "#texture" }
    }
},
{
    "from": [ -16, 1, 3 ],
    "to": [ -15, 3, 13 ],
    "faces": {
        "down":  { "uv": [ 16, 13, 15, 3 ], "texture": "#texture" },
        "up":    { "uv": [ 0, 3, 1, 13 ], "texture": "#texture" },
        "north": { "uv": [ 15, 11, 16, 12 ], "texture": "#texture" },
        "south": { "uv": [ 0, 11, 1, 12 ], "texture": "#texture" },
        "west":  { "uv": [ 3, 11, 13, 12 ], "texture": "#texture" },
        "east":  { "uv": [ 3, 11, 13, 12 ], "texture": "#texture" }
    }
},
{
    "from": [ 0, 1, 2 ],
    "to": [ 1, 3, 14 ],
    "faces": {
        "down":  { "uv": [ 1, 14, 0, 2 ], "texture": "#texture" },
        "up":    { "uv": [ 15, 2, 16, 14 ], "texture": "#texture" },
        "north": { "uv": [ 0, 11, 1, 14 ], "texture": "#texture" },
        "south": { "uv": [ 15, 11, 16, 14 ], "texture": "#texture" },
        "west":  { "uv": [ 2, 11, 14, 14 ], "texture": "#texture" },
        "east":  { "uv": [ 2, 11, 14, 14 ], "texture": "#texture" }
    }
},
{
    "__comment": "Engine",
    "from": [ -13, 7, 5 ],
    "to": [ -12, 8, 11 ],
    "faces": {
        "down":  { "uv": [ 13, 11, 12, 5 ], "texture": "#texture" },
        "up":    { "uv": [ 3, 5, 4, 11 ], "texture": "#texture" },
        "north": { "uv": [ 12, 8, 13, 9 ], "texture": "#texture" },
        "south": { "uv": [ 3, 8, 4, 9 ], "texture": "#texture" },
        "west":  { "uv": [ 5, 8, 11, 9 ], "texture": "#texture" },
        "east":  { "uv": [ 5, 8, 11, 9 ], "texture": "#texture" }
    }
},
{
    "__comment": "Engine",
    "from": [ -12, 7, 5 ],
    "to": [ -6, 9, 11 ],
    "faces": {
        "down":  { "uv": [ 12, 11, 6, 5 ], "texture": "#texture" },
        "up":    { "uv": [ 4, 5, 10, 11 ], "texture": "#texture" },
        "north": { "uv": [ 6, 7, 12, 9 ], "texture": "#texture" },
        "south": { "uv": [ 4, 7, 10, 9 ], "texture": "#texture" },
        "west":  { "uv": [ 5, 7, 11, 9 ], "texture": "#texture" },
        "east":  { "uv": [ 5, 7, 11, 9 ], "texture": "#texture" }
    }
},
{
    "from": [ -16, 3, 2 ],
    "to": [ -13, 4, 5 ],
    "faces": {
        "down":  { "uv": [ 16, 5, 13, 2 ], "texture": "#texture" },
        "up":    { "uv": [ 0, 2, 3, 5 ], "texture": "#texture" },
        "north": { "uv": [ 13, 12, 16, 13 ], "texture": "#texture" },
        "south": { "uv": [ 0, 12, 3, 13 ], "texture": "#texture" },
        "west":  { "uv": [ 2, 12, 5, 13 ], "texture": "#texture" },
        "east":  { "uv": [ 11, 12, 14, 13 ], "texture": "#texture" }
    }
},
{
    "from": [ -16, 3, 11 ],
    "to": [ -13, 4, 14 ],
    "faces": {
        "down":  { "uv": [ 16, 14, 13, 11 ], "texture": "#texture" },
        "up":    { "uv": [ 0, 11, 3, 14 ], "texture": "#texture" },
        "north": { "uv": [ 13, 12, 16, 13 ], "texture": "#texture" },
        "south": { "uv": [ 0, 12, 3, 13 ], "texture": "#texture" },
        "west":  { "uv": [ 11, 12, 14, 13 ], "texture": "#texture" },
        "east":  { "uv": [ 2, 12, 5, 13 ], "texture": "#texture" }
    }
},
{
    "__comment": "Engine",
    "from": [ -10.5, 9, 6.5 ],
    "to": [ -7.5, 9.5, 9.5 ],
    "faces": {
        "down":  { "uv": [ 10.5, 9.5, 7.5, 6.5 ], "texture": "#anvil_base" },
        "up":    { "uv": [ 5.5, 6.5, 8.5, 9.5 ], "texture": "#anvil_base" },
        "north": { "uv": [ 7.5, 6.5, 10.5, 7 ], "texture": "#anvil_base" },
        "south": { "uv": [ 5.5, 6.5, 8.5, 7 ], "texture": "#anvil_base" },
        "west":  { "uv": [ 6.5, 6.5, 9.5, 7 ], "texture": "#anvil_base" },
        "east":  { "uv": [ 6.5, 6.5, 9.5, 7 ], "texture": "#anvil_base" }
    }
},
{
    "__comment": "Engine",
    "from": [ -12, 5.4375, 5.5 ],
    "to": [ -8, 7.4375, 7.5 ],
    "rotation": { "origin": [ -12, 7.4375, 5.5 ], "axis": "x", "angle": 45 },
    "faces": {
        "down":  { "uv": [ 10, 6, 6, 4 ], "texture": "#anvil_base" },
        "up":    { "uv": [ 6, 4, 10, 6 ], "texture": "#anvil_base" },
        "north": { "uv": [ 6, 10, 10, 12 ], "texture": "#anvil_base" },
        "south": { "uv": [ 6, 10, 10, 12 ], "texture": "#anvil_base" },
        "west":  { "uv": [ 4, 10, 6, 12 ], "texture": "#anvil_base" },
        "east":  { "uv": [ 10, 10, 12, 12 ], "texture": "#anvil_base" }
    }
},
{
    "__comment": "Engine",
    "from": [ -12, 5, 7 ],
    "to": [ -10, 7, 9 ],
    "faces": {
        "down":  { "uv": [ 12, 9, 10, 7 ], "texture": "#iron_block" },
        "up":    { "uv": [ 4, 7, 6, 9 ], "texture": "#iron_block" },
        "north": { "uv": [ 10, 9, 12, 11 ], "texture": "#iron_block" },
        "south": { "uv": [ 4, 9, 6, 11 ], "texture": "#iron_block" },
        "west":  { "uv": [ 7, 9, 9, 11 ], "texture": "#iron_block" },
        "east":  { "uv": [ 7, 9, 9, 11 ], "texture": "#iron_block" }
    }
},
{
    "__comment": "Engine",
    "from": [ -7, 9, 5 ],
    "to": [ -6, 9.5, 6 ],
    "faces": {
        "down":  { "uv": [ 7, 6, 6, 5 ], "texture": "#anvil_base" },
        "up":    { "uv": [ 9, 5, 10, 6 ], "texture": "#anvil_base" },
        "north": { "uv": [ 6, 6.5, 7, 7 ], "texture": "#anvil_base" },
        "south": { "uv": [ 9, 6.5, 10, 7 ], "texture": "#anvil_base" },
        "west":  { "uv": [ 5, 6.5, 6, 7 ], "texture": "#anvil_base" },
        "east":  { "uv": [ 10, 6.5, 11, 7 ], "texture": "#anvil_base" }
    }
},
{
    "__comment": "Engine",
    "from": [ -11.5, 5, 9 ],
    "to": [ -6.5, 7, 11 ],
    "faces": {
        "down":  { "uv": [ 11.5, 11, 6.5, 9 ], "texture": "#anvil_base" },
        "up":    { "uv": [ 4.5, 9, 9.5, 11 ], "texture": "#anvil_base" },
        "north": { "uv": [ 6.5, 9, 11.5, 11 ], "texture": "#anvil_base" },
        "south": { "uv": [ 4.5, 9, 9.5, 11 ], "texture": "#anvil_base" },
        "west":  { "uv": [ 9, 9, 11, 11 ], "texture": "#anvil_base" },
        "east":  { "uv": [ 5, 9, 7, 11 ], "texture": "#anvil_base" }
    }
},
{
    "from": [ -11, 1, 1 ],
    "to": [ -6, 2, 2 ],
    "faces": {
        "down":  { "uv": [ 11, 2, 6, 1 ], "texture": "#texture" },
        "up":    { "uv": [ 5, 1, 10, 2 ], "texture": "#texture" },
        "north": { "uv": [ 6, 14, 11, 15 ], "texture": "#texture" },
        "south": { "uv": [ 5, 14, 10, 15 ], "texture": "#texture" },
        "west":  { "uv": [ 1, 14, 2, 15 ], "texture": "#texture" },
        "east":  { "uv": [ 14, 14, 15, 15 ], "texture": "#texture" }
    }
},
{
    "from": [ -11, 1, 14 ],
    "to": [ -6, 2, 15 ],
    "faces": {
        "down":  { "uv": [ 11, 15, 6, 14 ], "texture": "#texture" },
        "up":    { "uv": [ 5, 14, 10, 15 ], "texture": "#texture" },
        "north": { "uv": [ 6, 14, 11, 15 ], "texture": "#texture" },
        "south": { "uv": [ 5, 14, 10, 15 ], "texture": "#texture" },
        "west":  { "uv": [ 14, 14, 15, 15 ], "texture": "#texture" },
        "east":  { "uv": [ 1, 14, 2, 15 ], "texture": "#texture" }
    }
},
{
    "from": [ -7, 3, 5 ],
    "to": [ -1, 4, 6 ],
    "faces": {
        "down":  { "uv": [ 7, 6, 1, 5 ], "texture": "#texture" },
        "up":    { "uv": [ 9, 5, 15, 6 ], "texture": "#texture" },
        "north": { "uv": [ 1, 12, 7, 13 ], "texture": "#texture" },
        "south": { "uv": [ 9, 12, 15, 13 ], "texture": "#texture" },
        "west":  { "uv": [ 5, 12, 6, 13 ], "texture": "#texture" },
        "east":  { "uv": [ 10, 12, 11, 13 ], "texture": "#texture" }
    }
},
{
    "from": [ -7, 3, 10 ],
    "to": [ -1, 4, 11 ],
    "faces": {
        "down":  { "uv": [ 7, 11, 1, 10 ], "texture": "#texture" },
        "up":    { "uv": [ 9, 10, 15, 11 ], "texture": "#texture" },
        "north": { "uv": [ 1, 12, 7, 13 ], "texture": "#texture" },
        "south": { "uv": [ 9, 12, 15, 13 ], "texture": "#texture" },
        "west":  { "uv": [ 10, 12, 11, 13 ], "texture": "#texture" },
        "east":  { "uv": [ 5, 12, 6, 13 ], "texture": "#texture" }
    }
},
{
    "from": [ -6, 3, 6 ],
    "to": [ 0, 4, 10 ],
    "faces": {
        "down":  { "uv": [ 6, 10, 0, 6 ], "texture": "#texture" },
        "up":    { "uv": [ 10, 6, 16, 10 ], "texture": "#texture" },
        "north": { "uv": [ 0, 12, 6, 13 ], "texture": "#texture" },
        "south": { "uv": [ 10, 12, 16, 13 ], "texture": "#texture" },
        "west":  { "uv": [ 6, 12, 10, 13 ], "texture": "#texture" },
        "east":  { "uv": [ 6, 12, 10, 13 ], "texture": "#texture" }
    }
},
{
    "from": [ -2, 3, 3 ],
    "to": [ 1, 5, 13 ],
    "faces": {
        "down":  { "uv": [ 2, 13, 0, 3 ], "texture": "#texture" },
        "up":    { "uv": [ 14, 3, 16, 13 ], "texture": "#texture" },
        "north": { "uv": [ 0, 11, 2, 13 ], "texture": "#texture" },
        "south": { "uv": [ 14, 11, 16, 13 ], "texture": "#texture" },
        "west":  { "uv": [ 3, 11, 13, 13 ], "texture": "#texture" },
        "east":  { "uv": [ 3, 11, 13, 13 ], "texture": "#texture" }
    }
},
{
    "from": [ -7.59531, 1, 2.0625 ],
    "to": [ -5.59531, 2, 14.0625 ],
    "rotation": { "origin": [ -7.59531, 1, 2.0625 ], "axis": "y", "angle": -22.5 },
    "faces": {
        "down":  { "uv": [ 16, 14, 16, 2 ], "texture": "#anvil_base" },
        "up":    { "uv": [ 0, 2, 0, 14 ], "texture": "#anvil_base" },
        "north": { "uv": [ 16, 12, 16, 13 ], "texture": "#anvil_base" },
        "south": { "uv": [ 0, 12, 0, 13 ], "texture": "#anvil_base" },
        "west":  { "uv": [ 2, 12, 14, 13 ], "texture": "#anvil_base" },
        "east":  { "uv": [ 2, 12, 14, 13 ], "texture": "#anvil_base" }
    }
},
{
    "from": [ -15, 3, 10 ],
    "to": [ -11, 4, 11 ],
    "faces": {
        "down":  { "uv": [ 15, 11, 11, 10 ], "texture": "#texture" },
        "up":    { "uv": [ 1, 10, 5, 11 ], "texture": "#texture" },
        "north": { "uv": [ 11, 12, 15, 13 ], "texture": "#texture" },
        "south": { "uv": [ 1, 12, 5, 13 ], "texture": "#texture" },
        "west":  { "uv": [ 10, 12, 11, 13 ], "texture": "#texture" },
        "east":  { "uv": [ 5, 12, 6, 13 ], "texture": "#texture" }
    }
},
{
    "from": [ -15, 3, 6 ],
    "to": [ -12, 4, 10 ],
    "faces": {
        "down":  { "uv": [ 15, 10, 12, 6 ], "texture": "#texture" },
        "up":    { "uv": [ 1, 6, 4, 10 ], "texture": "#texture" },
        "north": { "uv": [ 12, 12, 15, 13 ], "texture": "#texture" },
        "south": { "uv": [ 1, 12, 4, 13 ], "texture": "#texture" },
        "west":  { "uv": [ 6, 12, 10, 13 ], "texture": "#texture" },
        "east":  { "uv": [ 6, 12, 10, 13 ], "texture": "#texture" }
    }
},
{
    "from": [ -15, 3, 5 ],
    "to": [ -11, 4, 6 ],
    "faces": {
        "down":  { "uv": [ 15, 6, 11, 5 ], "texture": "#texture" },
        "up":    { "uv": [ 1, 5, 5, 6 ], "texture": "#texture" },
        "north": { "uv": [ 11, 12, 15, 13 ], "texture": "#texture" },
        "south": { "uv": [ 1, 12, 5, 13 ], "texture": "#texture" },
        "west":  { "uv": [ 5, 12, 6, 13 ], "texture": "#texture" },
        "east":  { "uv": [ 10, 12, 11, 13 ], "texture": "#texture" }
    }
},
{
    "from": [ -13, 3, 3 ],
    "to": [ -8, 4, 5 ],
    "faces": {
        "down":  { "uv": [ 13, 5, 8, 3 ], "texture": "#texture" },
        "up":    { "uv": [ 3, 3, 8, 5 ], "texture": "#texture" },
        "north": { "uv": [ 8, 12, 13, 13 ], "texture": "#texture" },
        "south": { "uv": [ 3, 12, 8, 13 ], "texture": "#texture" },
        "west":  { "uv": [ 3, 12, 5, 13 ], "texture": "#texture" },
        "east":  { "uv": [ 11, 12, 13, 13 ], "texture": "#texture" }
    }
},
{
    "from": [ -9.5, 2, 7.5 ],
    "to": [ -8.5, 5, 8.5 ],
    "faces": {
        "down":  { "uv": [ 9.5, 8.5, 8.5, 7.5 ], "texture": "#anvil_base" },
        "up":    { "uv": [ 6.5, 7.5, 7.5, 8.5 ], "texture": "#anvil_base" },
        "north": { "uv": [ 8.5, 11, 9.5, 14 ], "texture": "#anvil_base" },
        "south": { "uv": [ 6.5, 11, 7.5, 14 ], "texture": "#anvil_base" },
        "west":  { "uv": [ 7.5, 11, 8.5, 14 ], "texture": "#anvil_base" },
        "east":  { "uv": [ 7.5, 11, 8.5, 14 ], "texture": "#anvil_base" }
    }
},
{
    "__comment": "$Handle",
    "from": [ 5.6875, 8.6875, 3 ],
    "to": [ 20.6875, 9.6875, 4 ],
    "rotation": { "origin": [ 5.6875, 9.6875, 3 ], "axis": "z", "angle": 45 },
    "faces": {
        "down":  { "uv": [ 16, 4, 1, 3 ], "texture": "#hardened_clay_stained_black" },
        "up":    { "uv": [ 0, 3, 15, 4 ], "texture": "#hardened_clay_stained_black" },
        "north": { "uv": [ 1, 12, 16, 13 ], "texture": "#hardened_clay_stained_black" },
        "south": { "uv": [ 0, 12, 15, 13 ], "texture": "#hardened_clay_stained_black" },
        "west":  { "uv": [ 3, 12, 4, 13 ], "texture": "#hardened_clay_stained_black" },
        "east":  { "uv": [ 12, 12, 13, 13 ], "texture": "#hardened_clay_stained_black" }
    }
},
{
    "__comment": "$Handle",
    "from": [ 5.6875, 8.6875, 12 ],
    "to": [ 20.6875, 9.6875, 13 ],
    "rotation": { "origin": [ 5.6875, 9.6875, 12 ], "axis": "z", "angle": 45 },
    "faces": {
        "down":  { "uv": [ 16, 13, 1, 12 ], "texture": "#hardened_clay_stained_black" },
        "up":    { "uv": [ 0, 12, 15, 13 ], "texture": "#hardened_clay_stained_black" },
        "north": { "uv": [ 1, 12, 16, 13 ], "texture": "#hardened_clay_stained_black" },
        "south": { "uv": [ 0, 12, 15, 13 ], "texture": "#hardened_clay_stained_black" },
        "west":  { "uv": [ 12, 12, 13, 13 ], "texture": "#hardened_clay_stained_black" },
        "east":  { "uv": [ 3, 12, 4, 13 ], "texture": "#hardened_clay_stained_black" }
    }
},
{
    "__comment": "$Handle",
    "from": [ 16.25, 19.25, 3 ],
    "to": [ 17.25, 20.25, 13 ],
    "rotation": { "origin": [ 16.25, 20.25, 3 ], "axis": "z", "angle": 45 },
    "faces": {
        "down":  { "uv": [ 1, 13, 0, 3 ], "texture": "#hardened_clay_stained_black" },
        "up":    { "uv": [ 15, 3, 16, 13 ], "texture": "#hardened_clay_stained_black" },
        "north": { "uv": [ 0, 12, 1, 13 ], "texture": "#hardened_clay_stained_black" },
        "south": { "uv": [ 15, 12, 16, 13 ], "texture": "#hardened_clay_stained_black" },
        "west":  { "uv": [ 3, 12, 13, 13 ], "texture": "#hardened_clay_stained_black" },
        "east":  { "uv": [ 3, 12, 13, 13 ], "texture": "#hardened_clay_stained_black" }
    }
},
{
    "__comment": "$Handle",
    "from": [ 0, 3, 2 ],
    "to": [ 1, 4, 14 ],
    "rotation": { "origin": [ 0, 4, 2 ], "axis": "z", "angle": 45 },
    "faces": {
        "down":  { "uv": [ 15, 12, 14, 0 ], "texture": "#hardened_clay_stained_black" },
        "up":    { "uv": [ 1, 4, 2, 16 ], "texture": "#hardened_clay_stained_black" },
        "north": { "uv": [ 14, 12, 15, 13 ], "texture": "#hardened_clay_stained_black" },
        "south": { "uv": [ 1, 12, 2, 13 ], "texture": "#hardened_clay_stained_black" },
        "west":  { "uv": [ 4, 12, 16, 13 ], "texture": "#hardened_clay_stained_black" },
        "east":  { "uv": [ 4, 12, 16, 13 ], "texture": "#hardened_clay_stained_black" }
    }
},
{
    "__comment": "$Handle",
    "from": [ 14.5, 16.6875, 3 ],
    "to": [ 15.5, 20.6875, 4 ],
    "rotation": { "origin": [ 14.5, 20.6875, 3 ], "axis": "z", "angle": -22.5 },
    "faces": {
        "down":  { "uv": [ 15, 3, 16, 4 ], "texture": "#hardened_clay_stained_black" },
        "up":    { "uv": [ 15, 3, 16, 4 ], "texture": "#hardened_clay_stained_black" },
        "north": { "uv": [ 15, 0, 16, 4 ], "texture": "#hardened_clay_stained_black" },
        "south": { "uv": [ 15, 0, 16, 4 ], "texture": "#hardened_clay_stained_black" },
        "west":  { "uv": [ 3, 0, 4, 4 ], "texture": "#hardened_clay_stained_black" },
        "east":  { "uv": [ 3, 0, 4, 4 ], "texture": "#hardened_clay_stained_black" }
    }
},
{
    "__comment": "$Handle",
    "from": [ 14.5, 16.6875, 12 ],
    "to": [ 15.5, 20.6875, 13 ],
    "rotation": { "origin": [ 14.5, 20.6875, 12 ], "axis": "z", "angle": -22.5 },
    "faces": {
        "down":  { "uv": [ 15, 12, 16, 13 ], "texture": "#hardened_clay_stained_black" },
        "up":    { "uv": [ 15, 12, 16, 13 ], "texture": "#hardened_clay_stained_black" },
        "north": { "uv": [ 15, 0, 16, 4 ], "texture": "#hardened_clay_stained_black" },
        "south": { "uv": [ 15, 0, 16, 4 ], "texture": "#hardened_clay_stained_black" },
        "west":  { "uv": [ 12, 0, 13, 4 ], "texture": "#hardened_clay_stained_black" },
        "east":  { "uv": [ 12, 0, 13, 4 ], "texture": "#hardened_clay_stained_black" }
    }
},
{
    "__comment": "$Handle",
    "from": [ 14.875, 20.5625, 3 ],
    "to": [ 15.875, 21.5625, 13 ],
    "rotation": { "origin": [ 14.875, 21.5625, 3 ], "axis": "z", "angle": -22.5 },
    "faces": {
        "down":  { "uv": [ 1, 13, 0, 3 ], "texture": "#hardened_clay_stained_black" },
        "up":    { "uv": [ 15, 3, 16, 13 ], "texture": "#hardened_clay_stained_black" },
        "north": { "uv": [ 0, 11, 1, 12 ], "texture": "#hardened_clay_stained_black" },
        "south": { "uv": [ 15, 11, 16, 12 ], "texture": "#hardened_clay_stained_black" },
        "west":  { "uv": [ 3, 11, 13, 12 ], "texture": "#hardened_clay_stained_black" },
        "east":  { "uv": [ 3, 11, 13, 12 ], "texture": "#hardened_clay_stained_black" }
    }
},
{
    "__comment": "$Handle*",
    "from": [ 0, 3, 3 ],
    "to": [ 8, 4, 4 ],
    "rotation": { "origin": [ 0, 4, 3 ], "axis": "z", "angle": 45 },
    "faces": {
        "down":  { "uv": [ 16, 4, 8, 3 ], "texture": "#hardened_clay_stained_black" },
        "up":    { "uv": [ 0, 3, 8, 4 ], "texture": "#hardened_clay_stained_black" },
        "north": { "uv": [ 8, 12, 16, 13 ], "texture": "#hardened_clay_stained_black" },
        "south": { "uv": [ 0, 12, 8, 13 ], "texture": "#hardened_clay_stained_black" },
        "west":  { "uv": [ 3, 12, 4, 13 ], "texture": "#hardened_clay_stained_black" },
        "east":  { "uv": [ 12, 12, 13, 13 ], "texture": "#hardened_clay_stained_black" }
    }
},
{
    "__comment": "$Handle*",
    "from": [ 0, 3, 12 ],
    "to": [ 8, 4, 13 ],
    "rotation": { "origin": [ 0, 4, 12 ], "axis": "z", "angle": 45 },
    "faces": {
        "down":  { "uv": [ 16, 13, 8, 12 ], "texture": "#hardened_clay_stained_black" },
        "up":    { "uv": [ 0, 12, 8, 13 ], "texture": "#hardened_clay_stained_black" },
        "north": { "uv": [ 8, 12, 16, 13 ], "texture": "#hardened_clay_stained_black" },
        "south": { "uv": [ 0, 12, 8, 13 ], "texture": "#hardened_clay_stained_black" },
        "west":  { "uv": [ 12, 12, 13, 13 ], "texture": "#hardened_clay_stained_black" },
        "east":  { "uv": [ 3, 12, 4, 13 ], "texture": "#hardened_clay_stained_black" }
    }
},
{
    "__comment": "$Handle*",
    "from": [ 9.1875, 12.1875, 4 ],
    "to": [ 10.1875, 13.1875, 12 ],
    "rotation": { "origin": [ 9.1875, 13.1875, 4 ], "axis": "z", "angle": 45 },
    "faces": {
        "down":  { "uv": [ 15, 12, 14, 4 ], "texture": "#hardened_clay_stained_black" },
        "up":    { "uv": [ 1, 4, 2, 12 ], "texture": "#hardened_clay_stained_black" },
        "north": { "uv": [ 14, 12, 15, 13 ], "texture": "#hardened_clay_stained_black" },
        "south": { "uv": [ 1, 12, 2, 13 ], "texture": "#hardened_clay_stained_black" },
        "west":  { "uv": [ 4, 12, 12, 13 ], "texture": "#hardened_clay_stained_black" },
        "east":  { "uv": [ 4, 12, 12, 13 ], "texture": "#hardened_clay_stained_black" }
    }
}
],
"display": {
    "thirdperson_righthand": {
        "rotation": [ 0, -88, -71 ],
        "translation": [ -6.61, -1.12, -8.13 ],
        "scale": [ 0.7, 0.7, 0.7 ]
    },
    "thirdperson_lefthand": {
        "rotation": [ 0, 91, 67 ],
        "translation": [ -6.61, -1.12, -8.13 ],
        "scale": [ 0.7, 0.7, 0.7 ]
    },
    "head": {
        "rotation": [ 0, 90, 0 ],
        "translation": [ 0, -30.5, 0 ],
        "scale": [ 1.6, 1.6, 1.6 ]
    },
    "ground": {
        "rotation": [ 0, 0, 0 ],
        "translation": [ 0, 2, 0 ],
        "scale": [ 0.5, 0.5, 0.5 ]
    },
    "fixed": {
        "rotation": [ 0, 0, 0 ],
        "translation": [ 4.35, 0, 0 ],
        "scale": [ 0.5, 0.5, 0.5 ]
    },
    "firstperson_righthand": {
        "rotation": [ 0, -88, -11 ],
        "translation": [ -7.56, -1.89, 3.78 ],
        "scale": [ 0.7, 0.7, 0.7 ]
    },
    "firstperson_lefthand": {
        "rotation": [ 0, 91, 9 ],
        "translation": [ -7.56, -1.89, 3.78 ],
        "scale": [ 0.7, 0.7, 0.7 ]
    },
    "gui": {
        "rotation": [ 35, 35, 0 ],
        "translation": [ 3.4, 0.57, 0 ],
        "scale": [ 0.5, 0.5, 0.5 ]
    }
}
}