{
"__comment": "Designed by Jugbot",
"textures": {
    "texture": "blocks/hardened_clay_stained_red",
    "farmland_dry": "blocks/farmland_dry",
    "plant": "blocks/sapling_oak"
},
"elements": [ 
{
    "__comment": "Pot",
    "from": [ 6, 0, 6 ],
    "to": [ 10, 1, 10 ],
    "faces": {
        "down":  { "uv": [ 10, 10, 6, 6 ], "texture": "#texture" },
        "up":    { "uv": [ 6, 6, 10, 10 ], "texture": "#texture" },
        "north": { "uv": [ 6, 15, 10, 16 ], "texture": "#texture" },
        "south": { "uv": [ 6, 15, 10, 16 ], "texture": "#texture" },
        "west":  { "uv": [ 6, 15, 10, 16 ], "texture": "#texture" },
        "east":  { "uv": [ 6, 15, 10, 16 ], "texture": "#texture" }
    }
},
{
    "__comment": "Pot",
    "from": [ 5, 1, 7 ],
    "to": [ 6, 4, 9 ],
    "faces": {
        "down":  { "uv": [ 11, 9, 10, 7 ], "texture": "#texture" },
        "up":    { "uv": [ 5, 7, 6, 9 ], "texture": "#texture" },
        "north": { "uv": [ 10, 12, 11, 15 ], "texture": "#texture" },
        "south": { "uv": [ 5, 12, 6, 15 ], "texture": "#texture" },
        "west":  { "uv": [ 7, 12, 9, 15 ], "texture": "#texture" },
        "east":  { "uv": [ 7, 12, 9, 15 ], "texture": "#texture" }
    }
},
{
    "__comment": "Pot",
    "from": [ 7, 1, 10 ],
    "to": [ 9, 4, 11 ],
    "faces": {
        "down":  { "uv": [ 9, 11, 7, 10 ], "texture": "#texture" },
        "up":    { "uv": [ 7, 10, 9, 11 ], "texture": "#texture" },
        "north": { "uv": [ 7, 12, 9, 15 ], "texture": "#texture" },
        "south": { "uv": [ 7, 12, 9, 15 ], "texture": "#texture" },
        "west":  { "uv": [ 10, 12, 11, 15 ], "texture": "#texture" },
        "east":  { "uv": [ 5, 12, 6, 15 ], "texture": "#texture" }
    }
},
{
    "__comment": "Pot",
    "from": [ 7, 1, 5 ],
    "to": [ 9, 4, 6 ],
    "faces": {
        "down":  { "uv": [ 9, 6, 7, 5 ], "texture": "#texture" },
        "up":    { "uv": [ 7, 5, 9, 6 ], "texture": "#texture" },
        "north": { "uv": [ 7, 12, 9, 15 ], "texture": "#texture" },
        "south": { "uv": [ 7, 12, 9, 15 ], "texture": "#texture" },
        "west":  { "uv": [ 5, 12, 6, 15 ], "texture": "#texture" },
        "east":  { "uv": [ 10, 12, 11, 15 ], "texture": "#texture" }
    }
},
{
    "__comment": "Pot",
    "from": [ 10, 1, 7 ],
    "to": [ 11, 4, 9 ],
    "faces": {
        "down":  { "uv": [ 6, 9, 5, 7 ], "texture": "#texture" },
        "up":    { "uv": [ 10, 7, 11, 9 ], "texture": "#texture" },
        "north": { "uv": [ 5, 12, 6, 15 ], "texture": "#texture" },
        "south": { "uv": [ 10, 12, 11, 15 ], "texture": "#texture" },
        "west":  { "uv": [ 7, 12, 9, 15 ], "texture": "#texture" },
        "east":  { "uv": [ 7, 12, 9, 15 ], "texture": "#texture" }
    }
},
{
    "__comment": "Pot",
    "from": [ 6, 1, 6 ],
    "to": [ 7, 4, 7 ],
    "faces": {
        "down":  { "uv": [ 10, 7, 9, 6 ], "texture": "#texture" },
        "up":    { "uv": [ 6, 6, 7, 7 ], "texture": "#texture" },
        "north": { "uv": [ 9, 12, 10, 15 ], "texture": "#texture" },
        "south": { "uv": [ 6, 12, 7, 15 ], "texture": "#texture" },
        "west":  { "uv": [ 6, 12, 7, 15 ], "texture": "#texture" },
        "east":  { "uv": [ 9, 12, 10, 15 ], "texture": "#texture" }
    }
},
{
    "__comment": "Pot",
    "from": [ 9, 1, 6 ],
    "to": [ 10, 4, 7 ],
    "faces": {
        "down":  { "uv": [ 7, 7, 6, 6 ], "texture": "#texture" },
        "up":    { "uv": [ 9, 6, 10, 7 ], "texture": "#texture" },
        "north": { "uv": [ 6, 12, 7, 15 ], "texture": "#texture" },
        "south": { "uv": [ 9, 12, 10, 15 ], "texture": "#texture" },
        "west":  { "uv": [ 6, 12, 7, 15 ], "texture": "#texture" },
        "east":  { "uv": [ 9, 12, 10, 15 ], "texture": "#texture" }
    }
},
{
    "__comment": "Pot",
    "from": [ 6, 1, 9 ],
    "to": [ 7, 4, 10 ],
    "faces": {
        "down":  { "uv": [ 10, 10, 9, 9 ], "texture": "#texture" },
        "up":    { "uv": [ 6, 9, 7, 10 ], "texture": "#texture" },
        "north": { "uv": [ 9, 12, 10, 15 ], "texture": "#texture" },
        "south": { "uv": [ 6, 12, 7, 15 ], "texture": "#texture" },
        "west":  { "uv": [ 9, 12, 10, 15 ], "texture": "#texture" },
        "east":  { "uv": [ 6, 12, 7, 15 ], "texture": "#texture" }
    }
},
{
    "__comment": "Pot",
    "from": [ 9, 1, 9 ],
    "to": [ 10, 4, 10 ],
    "faces": {
        "down":  { "uv": [ 7, 10, 6, 9 ], "texture": "#texture" },
        "up":    { "uv": [ 9, 9, 10, 10 ], "texture": "#texture" },
        "north": { "uv": [ 6, 12, 7, 15 ], "texture": "#texture" },
        "south": { "uv": [ 9, 12, 10, 15 ], "texture": "#texture" },
        "west":  { "uv": [ 9, 12, 10, 15 ], "texture": "#texture" },
        "east":  { "uv": [ 6, 12, 7, 15 ], "texture": "#texture" }
    }
},
{
    "__comment": "Pot",
    "from": [ 6, 4, 5 ],
    "to": [ 10, 7, 6 ],
    "faces": {
        "down":  { "uv": [ 10, 6, 6, 5 ], "texture": "#texture" },
        "up":    { "uv": [ 6, 5, 10, 6 ], "texture": "#texture" },
        "north": { "uv": [ 6, 9, 10, 12 ], "texture": "#texture" },
        "south": { "uv": [ 6, 9, 10, 12 ], "texture": "#texture" },
        "west":  { "uv": [ 5, 9, 6, 12 ], "texture": "#texture" },
        "east":  { "uv": [ 10, 9, 11, 12 ], "texture": "#texture" }
    }
},
{
    "__comment": "Pot",
    "from": [ 5, 4, 6 ],
    "to": [ 6, 7, 10 ],
    "faces": {
        "down":  { "uv": [ 11, 10, 10, 6 ], "texture": "#texture" },
        "up":    { "uv": [ 5, 6, 6, 10 ], "texture": "#texture" },
        "north": { "uv": [ 10, 9, 11, 12 ], "texture": "#texture" },
        "south": { "uv": [ 5, 9, 6, 12 ], "texture": "#texture" },
        "west":  { "uv": [ 6, 9, 10, 12 ], "texture": "#texture" },
        "east":  { "uv": [ 6, 9, 10, 12 ], "texture": "#texture" }
    }
},
{
    "__comment": "Pot",
    "from": [ 6, 4, 10 ],
    "to": [ 10, 7, 11 ],
    "faces": {
        "down":  { "uv": [ 10, 11, 6, 10 ], "texture": "#texture" },
        "up":    { "uv": [ 6, 10, 10, 11 ], "texture": "#texture" },
        "north": { "uv": [ 6, 9, 10, 12 ], "texture": "#texture" },
        "south": { "uv": [ 6, 9, 10, 12 ], "texture": "#texture" },
        "west":  { "uv": [ 10, 9, 11, 12 ], "texture": "#texture" },
        "east":  { "uv": [ 5, 9, 6, 12 ], "texture": "#texture" }
    }
},
{
    "__comment": "Pot",
    "from": [ 10, 4, 6 ],
    "to": [ 11, 7, 10 ],
    "faces": {
        "down":  { "uv": [ 6, 10, 5, 6 ], "texture": "#texture" },
        "up":    { "uv": [ 10, 6, 11, 10 ], "texture": "#texture" },
        "north": { "uv": [ 5, 9, 6, 12 ], "texture": "#texture" },
        "south": { "uv": [ 10, 9, 11, 12 ], "texture": "#texture" },
        "west":  { "uv": [ 6, 9, 10, 12 ], "texture": "#texture" },
        "east":  { "uv": [ 6, 9, 10, 12 ], "texture": "#texture" }
    }
},
{
    "__comment": "Pot",
    "from": [ 10, 6, 10 ],
    "to": [ 11, 7, 11 ],
    "faces": {
        "down":  { "uv": [ 6, 11, 5, 10 ], "texture": "#texture" },
        "up":    { "uv": [ 10, 10, 11, 11 ], "texture": "#texture" },
        "north": { "uv": [ 5, 9, 6, 10 ], "texture": "#texture" },
        "south": { "uv": [ 10, 9, 11, 10 ], "texture": "#texture" },
        "west":  { "uv": [ 10, 9, 11, 10 ], "texture": "#texture" },
        "east":  { "uv": [ 5, 9, 6, 10 ], "texture": "#texture" }
    }
},
{
    "__comment": "Pot",
    "from": [ 5, 6, 5 ],
    "to": [ 6, 7, 6 ],
    "faces": {
        "down":  { "uv": [ 11, 6, 10, 5 ], "texture": "#texture" },
        "up":    { "uv": [ 5, 5, 6, 6 ], "texture": "#texture" },
        "north": { "uv": [ 10, 9, 11, 10 ], "texture": "#texture" },
        "south": { "uv": [ 5, 9, 6, 10 ], "texture": "#texture" },
        "west":  { "uv": [ 5, 9, 6, 10 ], "texture": "#texture" },
        "east":  { "uv": [ 10, 9, 11, 10 ], "texture": "#texture" }
    }
},
{
    "__comment": "Pot",
    "from": [ 10, 6, 5 ],
    "to": [ 11, 7, 6 ],
    "faces": {
        "down":  { "uv": [ 6, 6, 5, 5 ], "texture": "#texture" },
        "up":    { "uv": [ 10, 5, 11, 6 ], "texture": "#texture" },
        "north": { "uv": [ 5, 9, 6, 10 ], "texture": "#texture" },
        "south": { "uv": [ 10, 9, 11, 10 ], "texture": "#texture" },
        "west":  { "uv": [ 5, 9, 6, 10 ], "texture": "#texture" },
        "east":  { "uv": [ 10, 9, 11, 10 ], "texture": "#texture" }
    }
},
{
    "__comment": "Pot",
    "from": [ 5, 6, 10 ],
    "to": [ 6, 7, 11 ],
    "faces": {
        "down":  { "uv": [ 11, 11, 10, 10 ], "texture": "#texture" },
        "up":    { "uv": [ 5, 10, 6, 11 ], "texture": "#texture" },
        "north": { "uv": [ 10, 9, 11, 10 ], "texture": "#texture" },
        "south": { "uv": [ 5, 9, 6, 10 ], "texture": "#texture" },
        "west":  { "uv": [ 10, 9, 11, 10 ], "texture": "#texture" },
        "east":  { "uv": [ 5, 9, 6, 10 ], "texture": "#texture" }
    }
},
{
    "from": [ 6, 5.9375, 6 ],
    "to": [ 10, 6, 10 ],
    "faces": {
        "up":    { "uv": [ 6, 6, 10, 10 ], "texture": "#farmland_dry" }
    }
},
{
    "from": [ 13.6875, 6, 2.3125 ],
    "to": [ 13.75, 22, 18.3125 ],
    "rotation": { "origin": [ 13.6875, 6, 2.3125 ], "axis": "y", "angle": -45 },
    "faces": {
        "west":  { "uv": [ 0, 0, 16, 16 ], "texture": "#plant" },
        "east":  { "uv": [ 0, 0, 16, 16 ], "texture": "#plant" }
    }
},
{
    "from": [ 2.3125, 6, 2.3125 ],
    "to": [ 18.3125, 22, 2.375 ],
    "rotation": { "origin": [ 2.3125, 6, 2.3125 ], "axis": "y", "angle": -45 },
    "faces": {
        "north": { "uv": [ 0, 0, 16, 16 ], "texture": "#plant" },
        "south": { "uv": [ 0, 0, 16, 16 ], "texture": "#plant" }
    }
}
],
"display": {
    "thirdperson_righthand": {
        "rotation": [ 0, -101, -54 ],
        "translation": [ 0, 0, 0 ],
        "scale": [ 1, 1, 1 ]
    },
    "thirdperson_lefthand": {
        "rotation": [ 0, -101, -54 ],
        "translation": [ 0, 0, 0 ],
        "scale": [ 1, 1, 1 ]
    },
    "head": {
        "rotation": [ 0, 180, 0 ],
        "translation": [ 0, -30.5, 0 ],
        "scale": [ 1.6, 1.6, 1.6 ]
    },
    "ground": {
        "rotation": [ 0, 0, 0 ],
        "translation": [ 0, 2, 0 ],
        "scale": [ 0.5, 0.5, 0.5 ]
    },
    "fixed": {
        "rotation": [ 0, 0, 0 ],
        "translation": [ 0, 0, 0 ],
        "scale": [ 0.5, 0.5, 0.5 ]
    },
    "firstperson_righthand": {
        "rotation": [ 0, -64, 0 ],
        "translation": [ 0, 0, 0 ],
        "scale": [ 0.5, 0.5, 0.5 ]
    },
    "firstperson_lefthand": {
        "rotation": [ 0, -64, 0 ],
        "translation": [ 0, 0, 0 ],
        "scale": [ 0.5, 0.5, 0.5 ]
    },
    "gui": {
        "rotation": [ 30, 225, 0 ],
        "translation": [ 0, 0, 0 ],
        "scale": [ 0.625, 0.625, 0.625 ]
    }
}
}