{
"__comment": "Designed by Jugbot",
"textures": {
    "texture": "blocks/stonebrick_cracked",
    "planks_big_oak": "blocks/planks_big_oak",
    "lead_knot": "entity/lead_knot",
    "cauldron_inner": "blocks/cauldron_inner",
    "stonebrick_mossy": "blocks/stonebrick_mossy",
    "dirt": "blocks/dirt",
    "beetroots_stage_1": "blocks/beetroots_stage_1"
},
"elements": [ 
{
    "__comment": "Wall",
    "from": [ 4, -4, 5 ],
    "to": [ 6, 12, 11 ],
    "faces": {
        "down":  { "uv": [ 12, 11, 10, 5 ], "texture": "#texture" },
        "up":    { "uv": [ 4, 5, 6, 11 ], "texture": "#texture" },
        "north": { "uv": [ 10, 0, 12, 16 ], "texture": "#texture" },
        "south": { "uv": [ 4, 0, 6, 16 ], "texture": "#texture" },
        "west":  { "uv": [ 5, 0, 11, 16 ], "texture": "#texture" },
        "east":  { "uv": [ 5, 0, 11, 16 ], "texture": "#texture" }
    }
},
{
    "__comment": "Wall",
    "from": [ 8, -4, 1 ],
    "to": [ 24, 12, 3 ],
    "faces": {
        "down":  { "uv": [ 0, 1, 16, 3 ], "texture": "#texture" },
        "up":    { "uv": [ 0, 1, 16, 3 ], "texture": "#texture" },
        "north": { "uv": [ 0, 0, 16, 16 ], "texture": "#texture" },
        "south": { "uv": [ 0, 0, 16, 16 ], "texture": "#stonebrick_mossy" },
        "west":  { "uv": [ 1, 0, 3, 16 ], "texture": "#texture" },
        "east":  { "uv": [ 1, 0, 3, 16 ], "texture": "#texture" }
    }
},
{
    "__comment": "Wall",
    "from": [ 8, -4, 13 ],
    "to": [ 24, 12, 15 ],
    "faces": {
        "down":  { "uv": [ 0, 13, 16, 15 ], "texture": "#texture" },
        "up":    { "uv": [ 0, 13, 16, 15 ], "texture": "#texture" },
        "north": { "uv": [ 0, 0, 16, 16 ], "texture": "#stonebrick_mossy" },
        "south": { "uv": [ 0, 0, 16, 16 ], "texture": "#texture" },
        "west":  { "uv": [ 13, 0, 15, 16 ], "texture": "#texture" },
        "east":  { "uv": [ 13, 0, 15, 16 ], "texture": "#texture" }
    }
},
{
    "__comment": "Wall",
    "from": [ 26, -4, 5 ],
    "to": [ 28, 12, 11 ],
    "faces": {
        "down":  { "uv": [ 6, 11, 4, 5 ], "texture": "#texture" },
        "up":    { "uv": [ 10, 5, 12, 11 ], "texture": "#texture" },
        "north": { "uv": [ 4, 0, 6, 16 ], "texture": "#texture" },
        "south": { "uv": [ 10, 0, 12, 16 ], "texture": "#texture" },
        "west":  { "uv": [ 5, 0, 11, 16 ], "texture": "#texture" },
        "east":  { "uv": [ 5, 0, 11, 16 ], "texture": "#texture" }
    }
},
{
    "__comment": "Wall",
    "from": [ 5.4375, -4.01, 9.5625 ],
    "to": [ 11.0944, 11.99, 11.5625 ],
    "rotation": { "origin": [ 5.4375, -4.01, 9.5625 ], "axis": "y", "angle": -45 },
    "faces": {
        "down":  { "uv": [ 2, 9, 7, 11 ], "texture": "#texture" },
        "up":    { "uv": [ 2, 9, 7, 11 ], "texture": "#texture" },
        "north": { "uv": [ 2, 0, 7, 16 ], "texture": "#texture" },
        "south": { "uv": [ 2, 0, 7, 16 ], "texture": "#texture" },
        "west":  { "uv": [ 9, 0, 11, 16 ], "texture": "#texture" },
        "east":  { "uv": [ 9, 0, 11, 16 ], "texture": "#texture" }
    }
},
{
    "__comment": "Wall",
    "from": [ 26.5625, -4.01, 9.5625 ],
    "to": [ 28.5625, 11.99, 15.2194 ],
    "rotation": { "origin": [ 26.5625, -4.01, 9.5625 ], "axis": "y", "angle": -45 },
    "faces": {
        "down":  { "uv": [ 13, 9, 15, 14 ], "texture": "#texture" },
        "up":    { "uv": [ 13, 9, 15, 14 ], "texture": "#texture" },
        "north": { "uv": [ 13, 0, 15, 16 ], "texture": "#texture" },
        "south": { "uv": [ 13, 0, 15, 16 ], "texture": "#texture" },
        "west":  { "uv": [ 8, 0, 13, 16 ], "texture": "#texture" },
        "east":  { "uv": [ 9, 0, 14, 16 ], "texture": "#texture" }
    }
},
{
    "__comment": "Wall",
    "from": [ 24, -4.01, 1 ],
    "to": [ 29.6568, 11.99, 3 ],
    "rotation": { "origin": [ 24, -4.01, 1 ], "axis": "y", "angle": -45 },
    "faces": {
        "down":  { "uv": [ 11, 1, 16, 3 ], "texture": "#texture" },
        "up":    { "uv": [ 11, 1, 16, 3 ], "texture": "#texture" },
        "north": { "uv": [ 11, 0, 16, 16 ], "texture": "#texture" },
        "south": { "uv": [ 11, 0, 16, 16 ], "texture": "#texture" },
        "west":  { "uv": [ 1, 0, 3, 16 ], "texture": "#texture" },
        "east":  { "uv": [ 1, 0, 3, 16 ], "texture": "#texture" }
    }
},
{
    "__comment": "Wall",
    "from": [ 8, -4.01, 1 ],
    "to": [ 10, 11.99, 6.65685 ],
    "rotation": { "origin": [ 8, -4.01, 1 ], "axis": "y", "angle": -45 },
    "faces": {
        "down":  { "uv": [ 5, 1, 7, 6 ], "texture": "#texture" },
        "up":    { "uv": [ 5, 1, 7, 6 ], "texture": "#texture" },
        "north": { "uv": [ 5, 0, 7, 16 ], "texture": "#texture" },
        "south": { "uv": [ 5, 0, 7, 16 ], "texture": "#texture" },
        "west":  { "uv": [ 1, 0, 6, 16 ], "texture": "#texture" },
        "east":  { "uv": [ 1, 0, 6, 16 ], "texture": "#texture" }
    }
},
{
    "from": [ 6, -4, 6 ],
    "to": [ 8, 12, 10 ],
    "faces": {
        "down":  { "uv": [ 10, 10, 8, 6 ], "texture": "#texture" },
        "up":    { "uv": [ 6, 6, 8, 10 ], "texture": "#texture" },
        "north": { "uv": [ 8, 0, 10, 16 ], "texture": "#texture" },
        "south": { "uv": [ 6, 0, 8, 16 ], "texture": "#texture" },
        "west":  { "uv": [ 6, 0, 10, 16 ], "texture": "#texture" },
        "east":  { "uv": [ 6, 0, 10, 16 ], "texture": "#texture" }
    }
},
{
    "from": [ 24, -4, 6 ],
    "to": [ 26, 12, 10 ],
    "faces": {
        "down":  { "uv": [ 8, 10, 6, 6 ], "texture": "#texture" },
        "up":    { "uv": [ 8, 6, 10, 10 ], "texture": "#texture" },
        "north": { "uv": [ 6, 0, 8, 16 ], "texture": "#texture" },
        "south": { "uv": [ 8, 0, 10, 16 ], "texture": "#texture" },
        "west":  { "uv": [ 6, 0, 10, 16 ], "texture": "#texture" },
        "east":  { "uv": [ 6, 0, 10, 16 ], "texture": "#texture" }
    }
},
{
    "from": [ 25, 12, 7 ],
    "to": [ 27, 28, 9 ],
    "faces": {
        "down":  { "uv": [ 11, 7, 9, 5 ], "texture": "#planks_big_oak" },
        "up":    { "uv": [ 5, 5, 7, 7 ], "texture": "#planks_big_oak" },
        "north": { "uv": [ 1, 13, 13, 15 ], "rotation": 90, "texture": "#planks_big_oak" },
        "south": { "uv": [ 4, 8, 16, 10 ], "rotation": 90, "texture": "#planks_big_oak" },
        "west":  { "uv": [ 0, 0, 12, 2 ], "rotation": 90, "texture": "#planks_big_oak" },
        "east":  { "uv": [ 1, 9, 13, 11 ], "rotation": 90, "texture": "#planks_big_oak" }
    }
},
{
    "from": [ 5, 12, 7 ],
    "to": [ 7, 28, 9 ],
    "faces": {
        "down":  { "uv": [ 11, 7, 9, 5 ], "texture": "#planks_big_oak" },
        "up":    { "uv": [ 5, 5, 7, 7 ], "texture": "#planks_big_oak" },
        "north": { "uv": [ 0, 4, 12, 6 ], "rotation": 90, "texture": "#planks_big_oak" },
        "south": { "uv": [ 4, 1, 16, 3 ], "rotation": 90, "texture": "#planks_big_oak" },
        "west":  { "uv": [ 4, 9, 16, 11 ], "rotation": 90, "texture": "#planks_big_oak" },
        "east":  { "uv": [ 4, 12, 16, 14 ], "rotation": 90, "texture": "#planks_big_oak" }
    }
},
{
    "from": [ 16, 22.5, -0.5 ],
    "to": [ 28, 23.5, 11.5 ],
    "rotation": { "origin": [ 16, 23.5, -0.5 ], "axis": "x", "angle": -45 },
    "faces": {
        "down":  { "uv": [ 12, 12, 0, 0 ], "rotation": 90, "texture": "#planks_big_oak" },
        "up":    { "uv": [ 4, 0, 16, 12 ], "rotation": 90, "texture": "#planks_big_oak" },
        "north": { "uv": [ 0, 0, 12, 1 ], "texture": "#planks_big_oak" },
        "west":  { "uv": [ 0, 0, 12, 1 ], "texture": "#planks_big_oak" },
        "east":  { "uv": [ 4, 0, 16, 1 ], "texture": "#planks_big_oak" }
    }
},
{
    "from": [ 16, 31, 8 ],
    "to": [ 28, 32, 20 ],
    "rotation": { "origin": [ 16, 32, 8 ], "axis": "x", "angle": 45 },
    "faces": {
        "down":  { "uv": [ 12, 12, 0, 0 ], "rotation": 90, "texture": "#planks_big_oak" },
        "up":    { "uv": [ 4, 0, 16, 12 ], "rotation": 90, "texture": "#planks_big_oak" },
        "south": { "uv": [ 4, 0, 16, 1 ], "texture": "#planks_big_oak" },
        "west":  { "uv": [ 0, 0, 12, 1 ], "texture": "#planks_big_oak" },
        "east":  { "uv": [ 4, 0, 16, 1 ], "texture": "#planks_big_oak" }
    }
},
{
    "from": [ 4, 22.5, -0.5 ],
    "to": [ 16, 23.5, 11.5 ],
    "rotation": { "origin": [ 4, 23.5, -0.5 ], "axis": "x", "angle": -45 },
    "faces": {
        "down":  { "uv": [ 12, 12, 0, 0 ], "rotation": 90, "texture": "#planks_big_oak" },
        "up":    { "uv": [ 4, 0, 16, 12 ], "rotation": 90, "texture": "#planks_big_oak" },
        "north": { "uv": [ 0, 0, 12, 1 ], "texture": "#planks_big_oak" },
        "west":  { "uv": [ 0, 0, 12, 1 ], "texture": "#planks_big_oak" },
        "east":  { "uv": [ 4, 0, 16, 1 ], "texture": "#planks_big_oak" }
    }
},
{
    "from": [ 25, 12, 7 ],
    "to": [ 27, 28, 9 ],
    "faces": {
        "down":  { "uv": [ 11, 7, 9, 5 ], "texture": "#planks_big_oak" },
        "up":    { "uv": [ 5, 5, 7, 7 ], "texture": "#planks_big_oak" },
        "north": { "uv": [ 1, 13, 13, 15 ], "rotation": 90, "texture": "#planks_big_oak" },
        "south": { "uv": [ 4, 8, 16, 10 ], "rotation": 90, "texture": "#planks_big_oak" },
        "west":  { "uv": [ 0, 0, 12, 2 ], "rotation": 90, "texture": "#planks_big_oak" },
        "east":  { "uv": [ 1, 9, 13, 11 ], "rotation": 90, "texture": "#planks_big_oak" }
    }
},
{
    "from": [ 25, 28, 7 ],
    "to": [ 27, 31, 9 ],
    "faces": {
        "down":  { "uv": [ 5, 7, 7, 9 ], "texture": "#planks_big_oak" },
        "up":    { "uv": [ 5, 7, 7, 9 ], "texture": "#planks_big_oak" },
        "north": { "uv": [ 5, 12, 7, 15 ], "texture": "#planks_big_oak" },
        "south": { "uv": [ 5, 12, 7, 15 ], "texture": "#planks_big_oak" },
        "west":  { "uv": [ 7, 12, 9, 15 ], "texture": "#planks_big_oak" },
        "east":  { "uv": [ 7, 12, 9, 15 ], "texture": "#planks_big_oak" }
    }
},
{
    "from": [ 4, 31, 8 ],
    "to": [ 16, 32, 20 ],
    "rotation": { "origin": [ 4, 32, 8 ], "axis": "x", "angle": 45 },
    "faces": {
        "down":  { "uv": [ 12, 12, 0, 0 ], "rotation": 90, "texture": "#planks_big_oak" },
        "up":    { "uv": [ 4, 0, 16, 12 ], "rotation": 90, "texture": "#planks_big_oak" },
        "south": { "uv": [ 4, 0, 16, 1 ], "texture": "#planks_big_oak" },
        "west":  { "uv": [ 0, 0, 12, 1 ], "texture": "#planks_big_oak" },
        "east":  { "uv": [ 4, 0, 16, 1 ], "texture": "#planks_big_oak" }
    }
},
{
    "from": [ 5, 28, 7 ],
    "to": [ 7, 31, 9 ],
    "faces": {
        "down":  { "uv": [ 5, 7, 7, 9 ], "texture": "#planks_big_oak" },
        "up":    { "uv": [ 5, 7, 7, 9 ], "texture": "#planks_big_oak" },
        "north": { "uv": [ 5, 12, 7, 15 ], "texture": "#planks_big_oak" },
        "south": { "uv": [ 5, 12, 7, 15 ], "texture": "#planks_big_oak" },
        "west":  { "uv": [ 7, 12, 9, 15 ], "texture": "#planks_big_oak" },
        "east":  { "uv": [ 7, 12, 9, 15 ], "texture": "#planks_big_oak" }
    }
},
{
    "from": [ 16, 22.4375, 8 ],
    "to": [ 25, 24.4375, 10 ],
    "rotation": { "origin": [ 16, 24.4375, 8 ], "axis": "x", "angle": 45 },
    "faces": {
        "down":  { "uv": [ 16, 9, 7, 7 ], "texture": "#planks_big_oak" },
        "up":    { "uv": [ 0, 7, 9, 9 ], "texture": "#planks_big_oak" },
        "north": { "uv": [ 7, 0, 16, 2 ], "texture": "#planks_big_oak" },
        "south": { "uv": [ 0, 0, 9, 2 ], "texture": "#planks_big_oak" },
        "west":  { "uv": [ 7, 0, 9, 2 ], "texture": "#planks_big_oak" },
        "east":  { "uv": [ 7, 0, 9, 2 ], "texture": "#planks_big_oak" }
    }
},
{
    "from": [ 7, 22.4375, 8 ],
    "to": [ 16, 24.4375, 10 ],
    "rotation": { "origin": [ 7, 24.4375, 8 ], "axis": "x", "angle": 45 },
    "faces": {
        "down":  { "uv": [ 9, 9, 0, 7 ], "texture": "#planks_big_oak" },
        "up":    { "uv": [ 7, 7, 16, 9 ], "texture": "#planks_big_oak" },
        "north": { "uv": [ 0, 0, 9, 2 ], "texture": "#planks_big_oak" },
        "south": { "uv": [ 7, 0, 16, 2 ], "texture": "#planks_big_oak" },
        "west":  { "uv": [ 7, 0, 9, 2 ], "texture": "#planks_big_oak" },
        "east":  { "uv": [ 7, 0, 9, 2 ], "texture": "#planks_big_oak" }
    }
},
{
    "from": [ 12, 21.8125, 8 ],
    "to": [ 20, 25.8125, 12 ],
    "rotation": { "origin": [ 12, 25.8125, 8 ], "axis": "x", "angle": 45 },
    "faces": {
        "down":  { "uv": [ 4, 3, 6, 7 ], "rotation": 90, "texture": "#lead_knot" },
        "up":    { "uv": [ 0, 3, 2, 7 ], "rotation": 90, "texture": "#lead_knot" },
        "north": { "uv": [ 2, 3, 4, 7 ], "rotation": 90, "texture": "#lead_knot" },
        "south": { "uv": [ 6, 3, 8, 7 ], "rotation": 90, "texture": "#lead_knot" },
        "west":  { "uv": [ 3.5, 0.5, 5.5, 2.5 ], "texture": "#lead_knot" },
        "east":  { "uv": [ 6.5, 0.5, 8.5, 2.5 ], "texture": "#lead_knot" }
    }
},
{
    "from": [ 25, 24, 1 ],
    "to": [ 26, 25, 7 ],
    "faces": {
        "down":  { "uv": [ 10, 7, 9, 1 ], "texture": "#planks_big_oak" },
        "up":    { "uv": [ 6, 1, 7, 7 ], "texture": "#planks_big_oak" },
        "north": { "uv": [ 9, 2, 10, 3 ], "texture": "#planks_big_oak" },
        "south": { "uv": [ 6, 2, 7, 3 ], "texture": "#planks_big_oak" },
        "west":  { "uv": [ 1, 2, 7, 3 ], "texture": "#planks_big_oak" },
        "east":  { "uv": [ 9, 2, 15, 3 ], "texture": "#planks_big_oak" }
    }
},
{
    "from": [ 25, 24, 9 ],
    "to": [ 26, 25, 15 ],
    "faces": {
        "down":  { "uv": [ 10, 15, 9, 9 ], "texture": "#planks_big_oak" },
        "up":    { "uv": [ 6, 9, 7, 15 ], "texture": "#planks_big_oak" },
        "north": { "uv": [ 9, 2, 10, 3 ], "texture": "#planks_big_oak" },
        "south": { "uv": [ 6, 2, 7, 3 ], "texture": "#planks_big_oak" },
        "west":  { "uv": [ 9, 2, 15, 3 ], "texture": "#planks_big_oak" },
        "east":  { "uv": [ 1, 2, 7, 3 ], "texture": "#planks_big_oak" }
    }
},
{
    "from": [ 6, 24, 1 ],
    "to": [ 7, 25, 7 ],
    "faces": {
        "down":  { "uv": [ 10, 7, 9, 1 ], "texture": "#planks_big_oak" },
        "up":    { "uv": [ 6, 1, 7, 7 ], "texture": "#planks_big_oak" },
        "north": { "uv": [ 9, 2, 10, 3 ], "texture": "#planks_big_oak" },
        "south": { "uv": [ 6, 2, 7, 3 ], "texture": "#planks_big_oak" },
        "west":  { "uv": [ 1, 2, 7, 3 ], "texture": "#planks_big_oak" },
        "east":  { "uv": [ 9, 2, 15, 3 ], "texture": "#planks_big_oak" }
    }
},
{
    "from": [ 6, 24, 9 ],
    "to": [ 7, 25, 15 ],
    "faces": {
        "down":  { "uv": [ 10, 15, 9, 9 ], "texture": "#planks_big_oak" },
        "up":    { "uv": [ 6, 9, 7, 15 ], "texture": "#planks_big_oak" },
        "north": { "uv": [ 9, 2, 10, 3 ], "texture": "#planks_big_oak" },
        "south": { "uv": [ 6, 2, 7, 3 ], "texture": "#planks_big_oak" },
        "west":  { "uv": [ 9, 2, 15, 3 ], "texture": "#planks_big_oak" },
        "east":  { "uv": [ 1, 2, 7, 3 ], "texture": "#planks_big_oak" }
    }
},
{
    "from": [ 19, -1, 10.75 ],
    "to": [ 20, 23, 10.8125 ],
    "faces": {
        "north": { "uv": [ 0, 3, 12, 3.5 ], "rotation": 90, "texture": "#lead_knot" },
        "south": { "uv": [ 0, 3, 12, 3.5 ], "rotation": 90, "texture": "#lead_knot" }
    }
},
{
    "__comment": "Wheel",
    "from": [ 4, 21, 6.5625 ],
    "to": [ 5, 23, 8.5625 ],
    "rotation": { "origin": [ 4, 23, 6.5625 ], "axis": "x", "angle": -45 },
    "faces": {
        "down":  { "uv": [ 12, 8, 11, 6 ], "texture": "#cauldron_inner" },
        "up":    { "uv": [ 4, 6, 5, 8 ], "texture": "#cauldron_inner" },
        "north": { "uv": [ 11, 8, 12, 10 ], "texture": "#cauldron_inner" },
        "south": { "uv": [ 4, 9, 5, 11 ], "texture": "#cauldron_inner" },
        "west":  { "uv": [ 6, 9, 8, 11 ], "texture": "#cauldron_inner" },
        "east":  { "uv": [ 7, 9, 9, 11 ], "texture": "#cauldron_inner" }
    }
},
{
    "__comment": "Wheel",
    "from": [ 3, 20.25, 5.5 ],
    "to": [ 4, 21.25, 7.5 ],
    "rotation": { "origin": [ 3, 21.25, 5.5 ], "axis": "x", "angle": -45 },
    "faces": {
        "down":  { "uv": [ 13, 7, 12, 5 ], "texture": "#cauldron_inner" },
        "up":    { "uv": [ 3, 5, 4, 7 ], "texture": "#cauldron_inner" },
        "north": { "uv": [ 12, 11, 13, 12 ], "texture": "#cauldron_inner" },
        "south": { "uv": [ 3, 11, 4, 12 ], "texture": "#cauldron_inner" },
        "west":  { "uv": [ 5, 11, 7, 12 ], "texture": "#cauldron_inner" },
        "east":  { "uv": [ 9, 11, 11, 12 ], "texture": "#cauldron_inner" }
    }
},
{
    "__comment": "Wheel",
    "from": [ 3, 19.9375, 8.375 ],
    "to": [ 4, 21.9375, 9.375 ],
    "rotation": { "origin": [ 3, 21.9375, 8.375 ], "axis": "x", "angle": -45 },
    "faces": {
        "down":  { "uv": [ 13, 9.375, 12, 8.375 ], "texture": "#cauldron_inner" },
        "up":    { "uv": [ 3, 8.375, 4, 9.375 ], "texture": "#cauldron_inner" },
        "north": { "uv": [ 12, 10.0625, 13, 12.0625 ], "texture": "#cauldron_inner" },
        "south": { "uv": [ 3, 10.0625, 4, 12.0625 ], "texture": "#cauldron_inner" },
        "west":  { "uv": [ 8.375, 10.0625, 9.375, 12.0625 ], "texture": "#cauldron_inner" },
        "east":  { "uv": [ 6.625, 10.0625, 7.625, 12.0625 ], "texture": "#cauldron_inner" }
    }
},
{
    "__comment": "Wheel",
    "from": [ 3, 23.0625, 8.375 ],
    "to": [ 4, 24.0625, 10.375 ],
    "rotation": { "origin": [ 3, 24.0625, 8.375 ], "axis": "x", "angle": -45 },
    "faces": {
        "down":  { "uv": [ 13, 11, 12, 9 ], "texture": "#cauldron_inner" },
        "up":    { "uv": [ 3, 9, 4, 11 ], "texture": "#cauldron_inner" },
        "north": { "uv": [ 12, 8, 13, 9 ], "texture": "#cauldron_inner" },
        "south": { "uv": [ 3, 8, 4, 9 ], "texture": "#cauldron_inner" },
        "west":  { "uv": [ 8, 8, 10, 9 ], "texture": "#cauldron_inner" },
        "east":  { "uv": [ 5, 8, 7, 9 ], "texture": "#cauldron_inner" }
    }
},
{
    "__comment": "Wheel",
    "from": [ 3, 22.75, 5.5625 ],
    "to": [ 4, 24.75, 6.5625 ],
    "rotation": { "origin": [ 3, 24.75, 5.5625 ], "axis": "x", "angle": -45 },
    "faces": {
        "down":  { "uv": [ 13, 6, 12, 5 ], "texture": "#cauldron_inner" },
        "up":    { "uv": [ 3, 5, 4, 6 ], "texture": "#cauldron_inner" },
        "north": { "uv": [ 12, 7, 13, 9 ], "texture": "#cauldron_inner" },
        "south": { "uv": [ 3, 7, 4, 9 ], "texture": "#cauldron_inner" },
        "west":  { "uv": [ 5, 7, 6, 9 ], "texture": "#cauldron_inner" },
        "east":  { "uv": [ 9, 7, 10, 9 ], "texture": "#cauldron_inner" }
    }
},
{
    "__comment": "Wheel",
    "from": [ 3, 17.5625, 3.75 ],
    "to": [ 4, 21.5625, 4.75 ],
    "rotation": { "origin": [ 3, 21.5625, 3.75 ], "axis": "x", "angle": -45 },
    "faces": {
        "down":  { "uv": [ 13, 4, 12, 3 ], "texture": "#cauldron_inner" },
        "up":    { "uv": [ 3, 3, 4, 4 ], "texture": "#cauldron_inner" },
        "north": { "uv": [ 12, 10, 13, 14 ], "texture": "#cauldron_inner" },
        "south": { "uv": [ 3, 10, 4, 14 ], "texture": "#cauldron_inner" },
        "west":  { "uv": [ 3, 10, 4, 14 ], "texture": "#cauldron_inner" },
        "east":  { "uv": [ 11, 10, 12, 14 ], "texture": "#cauldron_inner" }
    }
},
{
    "__comment": "Wheel",
    "from": [ 3, 23.4375, 3.75 ],
    "to": [ 4, 24.4375, 7.75 ],
    "rotation": { "origin": [ 3, 24.4375, 3.75 ], "axis": "x", "angle": -45 },
    "faces": {
        "down":  { "uv": [ 3, 4, 4, 8 ], "texture": "#cauldron_inner" },
        "up":    { "uv": [ 3, 4, 4, 8 ], "texture": "#cauldron_inner" },
        "north": { "uv": [ 3, 0, 4, 1 ], "texture": "#cauldron_inner" },
        "south": { "uv": [ 3, 0, 4, 1 ], "texture": "#cauldron_inner" },
        "west":  { "uv": [ 4, 0, 8, 1 ], "texture": "#cauldron_inner" },
        "east":  { "uv": [ 4, 0, 8, 1 ], "texture": "#cauldron_inner" }
    }
},
{
    "__comment": "Wheel",
    "from": [ 3, 18.4375, 8.6875 ],
    "to": [ 4, 19.4375, 12.6875 ],
    "rotation": { "origin": [ 3, 19.4375, 8.6875 ], "axis": "x", "angle": -45 },
    "faces": {
        "down":  { "uv": [ 12, 12, 11, 8 ], "texture": "#cauldron_inner" },
        "up":    { "uv": [ 3, 8, 4, 12 ], "texture": "#cauldron_inner" },
        "north": { "uv": [ 12, 12, 13, 13 ], "texture": "#cauldron_inner" },
        "south": { "uv": [ 3, 12, 4, 13 ], "texture": "#cauldron_inner" },
        "west":  { "uv": [ 8, 12, 12, 13 ], "texture": "#cauldron_inner" },
        "east":  { "uv": [ 3, 12, 7, 13 ], "texture": "#cauldron_inner" }
    }
},
{
    "__comment": "Wheel",
    "from": [ 3, 22.5625, 8.6875 ],
    "to": [ 4, 26.5625, 9.6875 ],
    "rotation": { "origin": [ 3, 26.5625, 8.6875 ], "axis": "x", "angle": -45 },
    "faces": {
        "down":  { "uv": [ 13, 9, 12, 8 ], "texture": "#cauldron_inner" },
        "up":    { "uv": [ 3, 8, 4, 9 ], "texture": "#cauldron_inner" },
        "north": { "uv": [ 12, 5, 13, 9 ], "texture": "#cauldron_inner" },
        "south": { "uv": [ 3, 5, 4, 9 ], "texture": "#cauldron_inner" },
        "west":  { "uv": [ 8, 5, 9, 9 ], "texture": "#cauldron_inner" },
        "east":  { "uv": [ 6, 5, 7, 9 ], "texture": "#cauldron_inner" }
    }
},
{
    "__comment": "Wheel",
    "from": [ 3.0625, 26.25, 6.5625 ],
    "to": [ 4.0625, 27.25, 9.39093 ],
    "faces": {
        "down":  { "uv": [ 3, 6, 4, 8 ], "texture": "#cauldron_inner" },
        "up":    { "uv": [ 3, 6, 4, 8 ], "texture": "#cauldron_inner" },
        "north": { "uv": [ 3, 0, 4, 1 ], "texture": "#cauldron_inner" },
        "south": { "uv": [ 3, 0, 4, 1 ], "texture": "#cauldron_inner" },
        "west":  { "uv": [ 6, 0, 8, 1 ], "texture": "#cauldron_inner" },
        "east":  { "uv": [ 6, 0, 8, 1 ], "texture": "#cauldron_inner" }
    }
},
{
    "__comment": "Wheel",
    "from": [ 3.0625, 18.75, 6.5625 ],
    "to": [ 4.0625, 19.75, 9.39093 ],
    "faces": {
        "down":  { "uv": [ 12, 9, 11, 7 ], "texture": "#cauldron_inner" },
        "up":    { "uv": [ 3, 6, 4, 8 ], "texture": "#cauldron_inner" },
        "north": { "uv": [ 11, 12, 12, 13 ], "texture": "#cauldron_inner" },
        "south": { "uv": [ 3, 12, 4, 13 ], "texture": "#cauldron_inner" },
        "west":  { "uv": [ 6, 12, 8, 13 ], "texture": "#cauldron_inner" },
        "east":  { "uv": [ 6, 12, 8, 13 ], "texture": "#cauldron_inner" }
    }
},
{
    "__comment": "Wheel",
    "from": [ 3.0625, 21.6091, 3.75 ],
    "to": [ 4.0625, 24.4375, 4.75 ],
    "faces": {
        "down":  { "uv": [ 12, 4, 11, 3 ], "texture": "#cauldron_inner" },
        "up":    { "uv": [ 3, 3, 4, 4 ], "texture": "#cauldron_inner" },
        "north": { "uv": [ 11, 7, 12, 9 ], "texture": "#cauldron_inner" },
        "south": { "uv": [ 3, 7, 4, 9 ], "texture": "#cauldron_inner" },
        "west":  { "uv": [ 3, 7, 4, 9 ], "texture": "#cauldron_inner" },
        "east":  { "uv": [ 11, 7, 12, 9 ], "texture": "#cauldron_inner" }
    }
},
{
    "__comment": "Wheel",
    "from": [ 3.0625, 21.6091, 11.25 ],
    "to": [ 4.0625, 24.4375, 12.25 ],
    "faces": {
        "down":  { "uv": [ 12, 12, 11, 11 ], "texture": "#cauldron_inner" },
        "up":    { "uv": [ 3, 11, 4, 12 ], "texture": "#cauldron_inner" },
        "north": { "uv": [ 11, 7, 12, 9 ], "texture": "#cauldron_inner" },
        "south": { "uv": [ 3, 7, 4, 9 ], "texture": "#cauldron_inner" },
        "west":  { "uv": [ 11, 7, 12, 9 ], "texture": "#cauldron_inner" },
        "east":  { "uv": [ 3, 7, 4, 9 ], "texture": "#cauldron_inner" }
    }
},
{
    "__comment": "Ground",
    "from": [ 7, 0, 2 ],
    "to": [ 16, 1, 14 ],
    "faces": {
        "down":  { "uv": [ 9, 14, 0, 2 ], "texture": "#texture" },
        "up":    { "uv": [ 7, 2, 16, 14 ], "texture": "#dirt" },
        "north": { "uv": [ 0, 15, 9, 16 ], "texture": "#texture" },
        "south": { "uv": [ 7, 15, 16, 16 ], "texture": "#texture" },
        "west":  { "uv": [ 2, 15, 14, 16 ], "texture": "#texture" },
        "east":  { "uv": [ 2, 15, 14, 16 ], "texture": "#texture" }
    }
},
{
    "__comment": "Ground",
    "from": [ 5, 0, 4 ],
    "to": [ 7, 1, 12 ],
    "faces": {
        "down":  { "uv": [ 11, 12, 9, 4 ], "texture": "#texture" },
        "up":    { "uv": [ 5, 4, 7, 12 ], "texture": "#dirt" },
        "north": { "uv": [ 9, 15, 11, 16 ], "texture": "#texture" },
        "south": { "uv": [ 5, 15, 7, 16 ], "texture": "#texture" },
        "west":  { "uv": [ 4, 15, 12, 16 ], "texture": "#texture" },
        "east":  { "uv": [ 4, 15, 12, 16 ], "texture": "#texture" }
    }
},
{
    "__comment": "Ground*",
    "from": [ 16, 0, 2 ],
    "to": [ 25, 1, 14 ],
    "faces": {
        "down":  { "uv": [ 16, 14, 7, 2 ], "texture": "#texture" },
        "up":    { "uv": [ 0, 2, 9, 14 ], "texture": "#dirt" },
        "north": { "uv": [ 7, 15, 16, 16 ], "texture": "#texture" },
        "south": { "uv": [ 0, 15, 9, 16 ], "texture": "#texture" },
        "west":  { "uv": [ 2, 15, 14, 16 ], "texture": "#texture" },
        "east":  { "uv": [ 2, 15, 14, 16 ], "texture": "#texture" }
    }
},
{
    "__comment": "Ground*",
    "from": [ 25, 0, 4 ],
    "to": [ 27, 1, 12 ],
    "faces": {
        "down":  { "uv": [ 7, 12, 5, 4 ], "texture": "#texture" },
        "up":    { "uv": [ 9, 4, 11, 12 ], "texture": "#dirt" },
        "north": { "uv": [ 5, 15, 7, 16 ], "texture": "#texture" },
        "south": { "uv": [ 9, 15, 11, 16 ], "texture": "#texture" },
        "west":  { "uv": [ 4, 15, 12, 16 ], "texture": "#texture" },
        "east":  { "uv": [ 4, 15, 12, 16 ], "texture": "#texture" }
    }
},
{
    "from": [ 10, 1, 7 ],
    "to": [ 26, 17, 7.0625 ],
    "rotation": { "origin": [ 10, 1, 7 ], "axis": "y", "angle": -22.5 },
    "faces": {
        "north": { "uv": [ 16, 0, 0, 16 ], "texture": "#beetroots_stage_1" },
        "south": { "uv": [ 0, 0, 16, 16 ], "texture": "#beetroots_stage_1" }
    }
},
{
    "from": [ 8, 1, 10 ],
    "to": [ 24, 17, 10.0625 ],
    "rotation": { "origin": [ 8, 1, 10 ], "axis": "y", "angle": 22.5 },
    "faces": {
        "north": { "uv": [ 16, 0, 0, 16 ], "texture": "#beetroots_stage_1" },
        "south": { "uv": [ 0, 0, 16, 16 ], "texture": "#beetroots_stage_1" }
    }
}
],
"display": {
    "thirdperson_righthand": {
        "rotation": [ 0, -43, 0 ],
        "translation": [ 0, 0, 0 ],
        "scale": [ 0.5, 0.5, 0.5 ]
    },
    "thirdperson_lefthand": {
        "rotation": [ 0, -43, 0 ],
        "translation": [ 1.13, 1.51, 1.7 ],
        "scale": [ 0.5, 0.5, 0.5 ]
    },
    "head": {
        "rotation": [ 0, 180, 0 ],
        "translation": [ -0.94, -25, 0 ],
        "scale": [ 1.5, 1.5, 1.5 ]
    },
    "ground": {
        "rotation": [ 0, 0, 0 ],
        "translation": [ 0, 3, 0 ],
        "scale": [ 0.25, 0.25, 0.25 ]
    },
    "fixed": {
        "rotation": [ 0, 0, 0 ],
        "translation": [ -2.83, -1.7, -0.19 ],
        "scale": [ 0.3, 0.3, 0.3 ]
    },
    "firstperson_righthand": {
        "rotation": [ 0, -64, 0 ],
        "translation": [ 0, 0, 0 ],
        "scale": [ 0.5, 0.5, 0.5 ]
    },
    "firstperson_lefthand": {
        "rotation": [ 0, -64, 0 ],
        "translation": [ 0, 0, 0 ],
        "scale": [ 0.5, 0.5, 0.5 ]
    },
    "gui": {
        "rotation": [ 35, 35, 0 ],
        "translation": [ -2.08, -1.7, 2.65 ],
        "scale": [ 0.3, 0.3, 0.3 ]
    }
}
}