{
"__comment": "Designed by Jugbot",
"textures": {
    "texture": "blocks/cauldron_inner"
},
"elements": [ 
{
    "from": [ 0, 8, 7 ],
    "to": [ 1, 11, 8 ],
    "faces": {
        "down":  { "uv": [ 16, 8, 15, 7 ], "texture": "#texture" },
        "up":    { "uv": [ 0, 7, 1, 8 ], "texture": "#texture" },
        "north": { "uv": [ 15, 5, 16, 8 ], "texture": "#texture" },
        "south": { "uv": [ 0, 5, 1, 8 ], "texture": "#texture" },
        "west":  { "uv": [ 7, 5, 8, 8 ], "texture": "#texture" },
        "east":  { "uv": [ 8, 5, 9, 8 ], "texture": "#texture" }
    }
},
{
    "from": [ 12, 10, 7 ],
    "to": [ 13, 13, 8 ],
    "faces": {
        "down":  { "uv": [ 4, 8, 3, 7 ], "texture": "#texture" },
        "up":    { "uv": [ 12, 7, 13, 8 ], "texture": "#texture" },
        "north": { "uv": [ 3, 3, 4, 6 ], "texture": "#texture" },
        "south": { "uv": [ 12, 3, 13, 6 ], "texture": "#texture" },
        "west":  { "uv": [ 7, 3, 8, 6 ], "texture": "#texture" },
        "east":  { "uv": [ 8, 3, 9, 6 ], "texture": "#texture" }
    }
},
{
    "from": [ 11, 9, 7 ],
    "to": [ 12, 11, 8 ],
    "faces": {
        "down":  { "uv": [ 5, 8, 4, 7 ], "texture": "#texture" },
        "up":    { "uv": [ 11, 7, 12, 8 ], "texture": "#texture" },
        "north": { "uv": [ 4, 5, 5, 7 ], "texture": "#texture" },
        "south": { "uv": [ 11, 5, 12, 7 ], "texture": "#texture" },
        "west":  { "uv": [ 7, 5, 8, 7 ], "texture": "#texture" },
        "east":  { "uv": [ 8, 5, 9, 7 ], "texture": "#texture" }
    }
},
{
    "from": [ 2, 6, 7 ],
    "to": [ 6, 7, 8 ],
    "faces": {
        "down":  { "uv": [ 14, 8, 10, 7 ], "texture": "#texture" },
        "up":    { "uv": [ 2, 7, 6, 8 ], "texture": "#texture" },
        "north": { "uv": [ 10, 9, 14, 10 ], "texture": "#texture" },
        "south": { "uv": [ 2, 9, 6, 10 ], "texture": "#texture" },
        "west":  { "uv": [ 7, 9, 8, 10 ], "texture": "#texture" },
        "east":  { "uv": [ 8, 9, 9, 10 ], "texture": "#texture" }
    }
},
{
    "from": [ 1, 7, 7 ],
    "to": [ 2, 9, 8 ],
    "faces": {
        "down":  { "uv": [ 15, 8, 14, 7 ], "texture": "#texture" },
        "up":    { "uv": [ 1, 7, 2, 8 ], "texture": "#texture" },
        "north": { "uv": [ 14, 7, 15, 9 ], "texture": "#texture" },
        "south": { "uv": [ 1, 7, 2, 9 ], "texture": "#texture" },
        "west":  { "uv": [ 7, 7, 8, 9 ], "texture": "#texture" },
        "east":  { "uv": [ 8, 7, 9, 9 ], "texture": "#texture" }
    }
},
{
    "from": [ 2, 12, 7 ],
    "to": [ 4, 13, 8 ],
    "faces": {
        "down":  { "uv": [ 14, 8, 12, 7 ], "texture": "#texture" },
        "up":    { "uv": [ 2, 7, 4, 8 ], "texture": "#texture" },
        "north": { "uv": [ 12, 3, 14, 4 ], "texture": "#texture" },
        "south": { "uv": [ 2, 3, 4, 4 ], "texture": "#texture" },
        "west":  { "uv": [ 7, 3, 8, 4 ], "texture": "#texture" },
        "east":  { "uv": [ 8, 3, 9, 4 ], "texture": "#texture" }
    }
},
{
    "from": [ 6, 7, 7 ],
    "to": [ 7, 11, 8 ],
    "faces": {
        "down":  { "uv": [ 10, 8, 9, 7 ], "texture": "#texture" },
        "up":    { "uv": [ 6, 7, 7, 8 ], "texture": "#texture" },
        "north": { "uv": [ 9, 5, 10, 9 ], "texture": "#texture" },
        "south": { "uv": [ 6, 5, 7, 9 ], "texture": "#texture" },
        "west":  { "uv": [ 7, 5, 8, 9 ], "texture": "#texture" },
        "east":  { "uv": [ 8, 5, 9, 9 ], "texture": "#texture" }
    }
},
{
    "from": [ 1, 11, 7 ],
    "to": [ 2, 12, 8 ],
    "faces": {
        "down":  { "uv": [ 15, 8, 14, 7 ], "texture": "#texture" },
        "up":    { "uv": [ 1, 7, 2, 8 ], "texture": "#texture" },
        "north": { "uv": [ 14, 4, 15, 5 ], "texture": "#texture" },
        "south": { "uv": [ 1, 4, 2, 5 ], "texture": "#texture" },
        "west":  { "uv": [ 7, 4, 8, 5 ], "texture": "#texture" },
        "east":  { "uv": [ 8, 4, 9, 5 ], "texture": "#texture" }
    }
},
{
    "from": [ 8, 5, 7 ],
    "to": [ 11, 6, 8 ],
    "faces": {
        "down":  { "uv": [ 8, 8, 5, 7 ], "texture": "#texture" },
        "up":    { "uv": [ 8, 7, 11, 8 ], "texture": "#texture" },
        "north": { "uv": [ 5, 10, 8, 11 ], "texture": "#texture" },
        "south": { "uv": [ 8, 10, 11, 11 ], "texture": "#texture" },
        "west":  { "uv": [ 7, 10, 8, 11 ], "texture": "#texture" },
        "east":  { "uv": [ 8, 10, 9, 11 ], "texture": "#texture" }
    }
},
{
    "from": [ 15, 3, 7 ],
    "to": [ 16, 6, 8 ],
    "faces": {
        "down":  { "uv": [ 1, 8, 0, 7 ], "texture": "#texture" },
        "up":    { "uv": [ 15, 7, 16, 8 ], "texture": "#texture" },
        "north": { "uv": [ 0, 10, 1, 13 ], "texture": "#texture" },
        "south": { "uv": [ 15, 10, 16, 13 ], "texture": "#texture" },
        "west":  { "uv": [ 7, 10, 8, 13 ], "texture": "#texture" },
        "east":  { "uv": [ 8, 10, 9, 13 ], "texture": "#texture" }
    }
},
{
    "from": [ 9, 6, 7 ],
    "to": [ 14, 8, 8 ],
    "faces": {
        "down":  { "uv": [ 7, 8, 2, 7 ], "texture": "#texture" },
        "up":    { "uv": [ 9, 7, 14, 8 ], "texture": "#texture" },
        "north": { "uv": [ 2, 8, 7, 10 ], "texture": "#texture" },
        "south": { "uv": [ 9, 8, 14, 10 ], "texture": "#texture" },
        "west":  { "uv": [ 7, 8, 8, 10 ], "texture": "#texture" },
        "east":  { "uv": [ 8, 8, 9, 10 ], "texture": "#texture" }
    }
},
{
    "from": [ 8, 2, 7 ],
    "to": [ 9, 5, 8 ],
    "faces": {
        "down":  { "uv": [ 8, 8, 7, 7 ], "texture": "#texture" },
        "up":    { "uv": [ 8, 7, 9, 8 ], "texture": "#texture" },
        "north": { "uv": [ 7, 11, 8, 14 ], "texture": "#texture" },
        "south": { "uv": [ 8, 11, 9, 14 ], "texture": "#texture" },
        "west":  { "uv": [ 7, 11, 8, 14 ], "texture": "#texture" },
        "east":  { "uv": [ 8, 11, 9, 14 ], "texture": "#texture" }
    }
},
{
    "from": [ 11, 8, 7 ],
    "to": [ 14, 9, 8 ],
    "faces": {
        "down":  { "uv": [ 5, 8, 2, 7 ], "texture": "#texture" },
        "up":    { "uv": [ 11, 7, 14, 8 ], "texture": "#texture" },
        "north": { "uv": [ 2, 7, 5, 8 ], "texture": "#texture" },
        "south": { "uv": [ 11, 7, 14, 8 ], "texture": "#texture" },
        "west":  { "uv": [ 7, 7, 8, 8 ], "texture": "#texture" },
        "east":  { "uv": [ 8, 7, 9, 8 ], "texture": "#texture" }
    }
},
{
    "from": [ 14, 5, 7 ],
    "to": [ 15, 7, 8 ],
    "faces": {
        "down":  { "uv": [ 2, 8, 1, 7 ], "texture": "#texture" },
        "up":    { "uv": [ 14, 7, 15, 8 ], "texture": "#texture" },
        "north": { "uv": [ 1, 9, 2, 11 ], "texture": "#texture" },
        "south": { "uv": [ 14, 9, 15, 11 ], "texture": "#texture" },
        "west":  { "uv": [ 7, 9, 8, 11 ], "texture": "#texture" },
        "east":  { "uv": [ 8, 9, 9, 11 ], "texture": "#texture" }
    }
},
{
    "from": [ 14, 2, 7 ],
    "to": [ 15, 3, 8 ],
    "faces": {
        "down":  { "uv": [ 2, 8, 1, 7 ], "texture": "#texture" },
        "up":    { "uv": [ 14, 7, 15, 8 ], "texture": "#texture" },
        "north": { "uv": [ 1, 13, 2, 14 ], "texture": "#texture" },
        "south": { "uv": [ 14, 13, 15, 14 ], "texture": "#texture" },
        "west":  { "uv": [ 7, 13, 8, 14 ], "texture": "#texture" },
        "east":  { "uv": [ 8, 13, 9, 14 ], "texture": "#texture" }
    }
},
{
    "from": [ 10, 1, 7 ],
    "to": [ 14, 2, 8 ],
    "faces": {
        "down":  { "uv": [ 6, 8, 2, 7 ], "texture": "#texture" },
        "up":    { "uv": [ 10, 7, 14, 8 ], "texture": "#texture" },
        "north": { "uv": [ 2, 14, 6, 15 ], "texture": "#texture" },
        "south": { "uv": [ 10, 14, 14, 15 ], "texture": "#texture" },
        "west":  { "uv": [ 7, 14, 8, 15 ], "texture": "#texture" },
        "east":  { "uv": [ 8, 14, 9, 15 ], "texture": "#texture" }
    }
},
{
    "from": [ 9, 1, 7 ],
    "to": [ 10, 3, 8 ],
    "faces": {
        "down":  { "uv": [ 7, 8, 6, 7 ], "texture": "#texture" },
        "up":    { "uv": [ 9, 7, 10, 8 ], "texture": "#texture" },
        "north": { "uv": [ 6, 13, 7, 15 ], "texture": "#texture" },
        "south": { "uv": [ 9, 13, 10, 15 ], "texture": "#texture" },
        "west":  { "uv": [ 7, 13, 8, 15 ], "texture": "#texture" },
        "east":  { "uv": [ 8, 13, 9, 15 ], "texture": "#texture" }
    }
},
{
    "from": [ 4, 12, 7 ],
    "to": [ 8, 14, 8 ],
    "faces": {
        "down":  { "uv": [ 12, 8, 8, 7 ], "texture": "#texture" },
        "up":    { "uv": [ 4, 7, 8, 8 ], "texture": "#texture" },
        "north": { "uv": [ 8, 2, 12, 4 ], "texture": "#texture" },
        "south": { "uv": [ 4, 2, 8, 4 ], "texture": "#texture" },
        "west":  { "uv": [ 7, 2, 8, 4 ], "texture": "#texture" },
        "east":  { "uv": [ 8, 2, 9, 4 ], "texture": "#texture" }
    }
},
{
    "from": [ 4, 11, 7 ],
    "to": [ 7, 12, 8 ],
    "faces": {
        "down":  { "uv": [ 12, 8, 9, 7 ], "texture": "#texture" },
        "up":    { "uv": [ 4, 7, 7, 8 ], "texture": "#texture" },
        "north": { "uv": [ 9, 4, 12, 5 ], "texture": "#texture" },
        "south": { "uv": [ 4, 4, 7, 5 ], "texture": "#texture" },
        "west":  { "uv": [ 7, 4, 8, 5 ], "texture": "#texture" },
        "east":  { "uv": [ 8, 4, 9, 5 ], "texture": "#texture" }
    }
},
{
    "from": [ 8, 13, 7 ],
    "to": [ 9, 15, 8 ],
    "faces": {
        "down":  { "uv": [ 8, 8, 7, 7 ], "texture": "#texture" },
        "up":    { "uv": [ 8, 7, 9, 8 ], "texture": "#texture" },
        "north": { "uv": [ 7, 1, 8, 3 ], "texture": "#texture" },
        "south": { "uv": [ 8, 1, 9, 3 ], "texture": "#texture" },
        "west":  { "uv": [ 7, 1, 8, 3 ], "texture": "#texture" },
        "east":  { "uv": [ 8, 1, 9, 3 ], "texture": "#texture" }
    }
},
{
    "from": [ 9, 15, 7 ],
    "to": [ 11, 16, 8 ],
    "faces": {
        "down":  { "uv": [ 7, 8, 5, 7 ], "texture": "#texture" },
        "up":    { "uv": [ 9, 7, 11, 8 ], "texture": "#texture" },
        "north": { "uv": [ 5, 0, 7, 1 ], "texture": "#texture" },
        "south": { "uv": [ 9, 0, 11, 1 ], "texture": "#texture" },
        "west":  { "uv": [ 7, 0, 8, 1 ], "texture": "#texture" },
        "east":  { "uv": [ 8, 0, 9, 1 ], "texture": "#texture" }
    }
},
{
    "from": [ 11, 13, 7 ],
    "to": [ 12, 15, 8 ],
    "faces": {
        "down":  { "uv": [ 5, 8, 4, 7 ], "texture": "#texture" },
        "up":    { "uv": [ 11, 7, 12, 8 ], "texture": "#texture" },
        "north": { "uv": [ 4, 1, 5, 3 ], "texture": "#texture" },
        "south": { "uv": [ 11, 1, 12, 3 ], "texture": "#texture" },
        "west":  { "uv": [ 7, 1, 8, 3 ], "texture": "#texture" },
        "east":  { "uv": [ 8, 1, 9, 3 ], "texture": "#texture" }
    }
}
],
"display": {
    "thirdperson_righthand": {
        "rotation": [ 0, -78, -30 ],
        "translation": [ 0.38, -2.65, -2.46 ],
        "scale": [ 0.5, 0.5, 0.5 ]
    },
    "thirdperson_lefthand": {
        "rotation": [ 0, -78, -86 ],
        "translation": [ 0.38, -2.65, -2.46 ],
        "scale": [ 0.5, 0.5, 0.5 ]
    },
    "head": {
        "rotation": [ 90, 180, 90 ],
        "translation": [ 0, -43, 0 ],
        "scale": [ 1, 1, 1 ]
    },
    "ground": {
        "rotation": [ 0, 0, 0 ],
        "translation": [ 0, 2, 0 ],
        "scale": [ 0.5, 0.5, 0.5 ]
    },
    "fixed": {
        "rotation": [ 0, 180, 0 ],
        "translation": [ 0, 0, -1.89 ],
        "scale": [ 1, 1, 1 ]
    },
    "firstperson_righthand": {
        "rotation": [ 0, 98, 40 ],
        "translation": [ 0, 1.51, 1.7 ],
        "scale": [ 0.5, 0.5, 0.5 ]
    },
    "firstperson_lefthand": {
        "rotation": [ 0, 98, -24 ],
        "translation": [ 0, 1.51, 1.13 ],
        "scale": [ 0.5, 0.5, 0.5 ]
    },
    "gui": {
        "rotation": [ 35, 35, 0 ],
        "translation": [ 0, 0, 0 ],
        "scale": [ 0.62, 0.62, 0.62 ]
    }
}
}