{
"__comment": "Designed by Tomshalev01",
"textures": {
    "0": "blocks/wool_colored_white",
    "1": "blocks/wool_colored_silver",
    "2": "blocks/wool_colored_pink",
    "3": "blocks/wool_colored_black"
},
"elements": [ 
{
    "from": [ 5.5, 0, 5 ],
    "to": [ 10.5, 8, 9 ],
    "faces": {
        "down":  { "uv": [ 0, 0, 5, 4 ], "texture": "#0" },
        "up":    { "uv": [ 0, 0, 5, 4 ], "texture": "#0" },
        "north": { "uv": [ 0, 0, 5, 8 ], "texture": "#0" },
        "south": { "uv": [ 0, 0, 5, 8 ], "texture": "#0" },
        "west":  { "uv": [ 0, 0, 4, 8 ], "texture": "#0" },
        "east":  { "uv": [ 0, 0, 4, 8 ], "texture": "#0" }
    }
},
{
    "from": [ 5, 8, 4 ],
    "to": [ 11, 14, 10 ],
    "faces": {
        "down":  { "uv": [ 0, 0, 6, 6 ], "texture": "#1" },
        "up":    { "uv": [ 0, 0, 6, 6 ], "texture": "#1" },
        "north": { "uv": [ 0, 0, 6, 6 ], "texture": "#1" },
        "south": { "uv": [ 0, 0, 6, 6 ], "texture": "#1" },
        "west":  { "uv": [ 0, 0, 6, 6 ], "texture": "#1" },
        "east":  { "uv": [ 0, 0, 6, 6 ], "texture": "#1" }
    }
},
{
    "from": [ 5, 4, 4.125 ],
    "to": [ 8, 14, 5.125 ],
    "rotation": { "origin": [ 5, 14, 4.125 ], "axis": "z", "angle": -22.5 },
    "faces": {
        "down":  { "uv": [ 0, 0, 3, 1 ], "texture": "#1" },
        "up":    { "uv": [ 0, 0, 3, 1 ], "texture": "#1" },
        "north": { "uv": [ 0, 0, 3, 10 ], "texture": "#1" },
        "south": { "uv": [ 0, 0, 3, 10 ], "texture": "#1" },
        "west":  { "uv": [ 0, 0, 1, 10 ], "texture": "#1" },
        "east":  { "uv": [ 0, 0, 1, 10 ], "texture": "#1" }
    }
},
{
    "from": [ 8.1875, 2.875, 4.125 ],
    "to": [ 11.1875, 12.875, 5.125 ],
    "rotation": { "origin": [ 8.1875, 12.875, 4.125 ], "axis": "z", "angle": 22.5 },
    "faces": {
        "down":  { "uv": [ 0, 0, 3, 1 ], "texture": "#1" },
        "up":    { "uv": [ 0, 0, 3, 1 ], "texture": "#1" },
        "north": { "uv": [ 0, 0, 3, 10 ], "texture": "#1" },
        "south": { "uv": [ 0, 0, 3, 10 ], "texture": "#1" },
        "west":  { "uv": [ 0, 0, 1, 10 ], "texture": "#1" },
        "east":  { "uv": [ 0, 0, 1, 10 ], "texture": "#1" }
    }
},
{
    "from": [ 5.5, 0, 9 ],
    "to": [ 7.5, 2, 12 ],
    "faces": {
        "down":  { "uv": [ 0, 0, 2, 3 ], "texture": "#0" },
        "up":    { "uv": [ 0, 0, 2, 3 ], "texture": "#0" },
        "north": { "uv": [ 0, 0, 2, 2 ], "texture": "#0" },
        "south": { "uv": [ 0, 0, 2, 2 ], "texture": "#0" },
        "west":  { "uv": [ 5, 0, 8, 2 ], "texture": "#0" },
        "east":  { "uv": [ 0, 0, 3, 2 ], "texture": "#0" }
    }
},
{
    "from": [ 8.5, 0, 9 ],
    "to": [ 10.5, 2, 12 ],
    "faces": {
        "down":  { "uv": [ 0, 0, 2, 3 ], "texture": "#0" },
        "up":    { "uv": [ 0, 0, 2, 3 ], "texture": "#0" },
        "north": { "uv": [ 0, 0, 2, 2 ], "texture": "#0" },
        "south": { "uv": [ 0, 0, 2, 2 ], "texture": "#0" },
        "west":  { "uv": [ 0, 0, 3, 2 ], "texture": "#0" },
        "east":  { "uv": [ 0, 0, 3, 2 ], "texture": "#0" }
    }
},
{
    "from": [ 5.5, 0, 12 ],
    "to": [ 7.5, 3, 13 ],
    "faces": {
        "down":  { "uv": [ 0, 0, 2, 1 ], "texture": "#0" },
        "up":    { "uv": [ 0, 0, 2, 1 ], "texture": "#0" },
        "north": { "uv": [ 0, 0, 2, 3 ], "texture": "#0" },
        "south": { "uv": [ 0, 0, 2, 3 ], "texture": "#0" },
        "west":  { "uv": [ 5, 0, 6, 3 ], "texture": "#0" },
        "east":  { "uv": [ 0, 0, 1, 3 ], "texture": "#0" }
    }
},
{
    "from": [ 8.5, 0, 12 ],
    "to": [ 10.5, 3, 13 ],
    "faces": {
        "down":  { "uv": [ 0, 0, 2, 1 ], "texture": "#0" },
        "up":    { "uv": [ 0, 0, 2, 1 ], "texture": "#0" },
        "north": { "uv": [ 0, 0, 2, 3 ], "texture": "#0" },
        "south": { "uv": [ 0, 0, 2, 3 ], "texture": "#0" },
        "west":  { "uv": [ 5, 0, 6, 3 ], "texture": "#0" },
        "east":  { "uv": [ 0, 0, 1, 3 ], "texture": "#0" }
    }
},
{
    "from": [ 3.5, 5, 6 ],
    "to": [ 5.5, 7, 12 ],
    "faces": {
        "down":  { "uv": [ 0, 0, 2, 6 ], "texture": "#0" },
        "up":    { "uv": [ 0, 0, 2, 6 ], "texture": "#0" },
        "north": { "uv": [ 0, 0, 2, 2 ], "texture": "#0" },
        "south": { "uv": [ 0, 0, 2, 2 ], "texture": "#0" },
        "west":  { "uv": [ 5, 0, 11, 2 ], "texture": "#0" },
        "east":  { "uv": [ 0, 0, 6, 2 ], "texture": "#0" }
    }
},
{
    "from": [ 10.5, 5, 6 ],
    "to": [ 12.5, 7, 12 ],
    "faces": {
        "down":  { "uv": [ 0, 0, 2, 6 ], "texture": "#0" },
        "up":    { "uv": [ 0, 0, 2, 6 ], "texture": "#0" },
        "north": { "uv": [ 0, 0, 2, 2 ], "texture": "#0" },
        "south": { "uv": [ 0, 0, 2, 2 ], "texture": "#0" },
        "west":  { "uv": [ 5, 0, 11, 2 ], "texture": "#0" },
        "east":  { "uv": [ 0, 0, 6, 2 ], "texture": "#0" }
    }
},
{
    "from": [ 7.5, 9.5, 10 ],
    "to": [ 8.5, 10.5, 10.2 ],
    "faces": {
        "down":  { "uv": [ 0, 0, 1, 0.2 ], "texture": "#2" },
        "up":    { "uv": [ 0, 0, 1, 0.20000000298023224 ], "texture": "#2" },
        "north": { "uv": [ 0, 0, 1, 1 ], "texture": "#2" },
        "south": { "uv": [ 0, 0, 1, 1 ], "texture": "#2" },
        "west":  { "uv": [ 0, 0, 0.20000000298023224, 1 ], "texture": "#2" },
        "east":  { "uv": [ 0, 0, 0.20000000298023224, 1 ], "texture": "#2" }
    }
},
{
    "from": [ 6.2, 11.5, 10 ],
    "to": [ 6.7, 12, 10.2 ],
    "faces": {
        "down":  { "uv": [ 0, 0, 0.5, 0.2 ], "texture": "#3" },
        "up":    { "uv": [ 0, 0, 0.5, 0.20000000298023224 ], "texture": "#3" },
        "north": { "uv": [ 0, 0, 0.5, 0.5 ], "texture": "#3" },
        "south": { "uv": [ 0, 0, 0.5, 0.5 ], "texture": "#3" },
        "west":  { "uv": [ 0, 0, 0.20000000298023224, 0.5 ], "texture": "#3" },
        "east":  { "uv": [ 0, 0, 0.20000000298023224, 0.5 ], "texture": "#3" }
    }
},
{
    "from": [ 9.4, 11.5, 10 ],
    "to": [ 9.9, 12, 10.2 ],
    "faces": {
        "down":  { "uv": [ 0, 0, 0.5, 0.2 ], "texture": "#3" },
        "up":    { "uv": [ 0, 0, 0.5, 0.20000000298023224 ], "texture": "#3" },
        "north": { "uv": [ 0, 0, 0.5, 0.5 ], "texture": "#3" },
        "south": { "uv": [ 0, 0, 0.5, 0.5 ], "texture": "#3" },
        "west":  { "uv": [ 0, 0, 0.20000000298023224, 0.5 ], "texture": "#3" },
        "east":  { "uv": [ 0, 0, 0.20000000298023224, 0.5 ], "texture": "#3" }
    }
}
],
"display": {
    "thirdperson_righthand": {
        "rotation": [ 0, -43, 0 ],
        "translation": [ 0, 0, 0 ],
        "scale": [ 0.5, 0.5, 0.5 ]
    },
    "thirdperson_lefthand": {
        "rotation": [ 0, -43, 0 ],
        "translation": [ 0, 0, 0 ],
        "scale": [ 0.5, 0.5, 0.5 ]
    },
    "head": {
        "rotation": [ 0, 180, 0 ],
        "translation": [ 0, -35.5, 0 ],
        "scale": [ 1, 1, 1 ]
    },
    "ground": {
        "rotation": [ 0, 0, 0 ],
        "translation": [ 0, 2, 0 ],
        "scale": [ 0.5, 0.5, 0.5 ]
    },
    "fixed": {
        "rotation": [ 0, 180, 0 ],
        "translation": [ 0, -1.7, -4.91 ],
        "scale": [ 0.8, 0.8, 0.8 ]
    },
    "firstperson_righthand": {
        "rotation": [ 0, -64, 0 ],
        "translation": [ 0, 0, 0 ],
        "scale": [ 0.5, 0.5, 0.5 ]
    },
    "firstperson_lefthand": {
        "rotation": [ 0, -64, 0 ],
        "translation": [ 0, 0, 0 ],
        "scale": [ 0.5, 0.5, 0.5 ]
    },
    "gui": {
        "rotation": [ 35, 35, 0 ],
        "translation": [ 0, -1.51, 0 ],
        "scale": [ 0.62, 0.62, 0.62 ]
    }
}
}