{
"__comment": "Designed by MasterianoX",
"textures": {
    "particle": "blocks/props/rose",
    "texture": "blocks/props/rose"
},
"elements": [ 
{
    "__comment": "bump2 x32",
    "from": [ 5.25, 12, 8 ],
    "to": [ 9.25, 13, 10.5 ],
    "faces": {
        "down":  { "uv": [ 8.5, 4.5, 12.5, 4 ], "texture": "#texture" },
        "up":    { "uv": [ 8.5, 3.5, 12.5, 4 ], "texture": "#texture" },
        "north": { "uv": [ 12.5, 3.5, 8.5, 4.5 ], "texture": "#texture" },
        "south": { "uv": [ 8.5, 3.5, 12.5, 4.5 ], "texture": "#texture" },
        "west":  { "uv": [ 8.5, 3.5, 9, 4.5 ], "texture": "#texture" },
        "east":  { "uv": [ 12.5, 3.5, 12, 4.5 ], "texture": "#texture" }
    }
},
{
    "__comment": "bump2 x32",
    "from": [ 5.75, 13, 8 ],
    "to": [ 8.75, 13.5, 10.5 ],
    "faces": {
        "down":  { "uv": [ 9, 3.5, 12, 3 ], "texture": "#texture" },
        "up":    { "uv": [ 9, 3, 12, 3.5 ], "texture": "#texture" },
        "north": { "uv": [ 12, 3, 9, 3.5 ], "texture": "#texture" },
        "south": { "uv": [ 9, 3, 12, 3.5 ], "texture": "#texture" },
        "west":  { "uv": [ 9, 3, 9.5, 3.5 ], "texture": "#texture" },
        "east":  { "uv": [ 12, 3, 11.5, 3.5 ], "texture": "#texture" }
    }
},
{
    "__comment": "bump2 x32",
    "from": [ 5.75, 11.5, 8 ],
    "to": [ 6.25, 12, 10.5 ],
    "faces": {
        "down":  { "uv": [ 9, 5, 9.5, 4.5 ], "texture": "#texture" },
        "up":    { "uv": [ 9, 4.5, 9.5, 5 ], "texture": "#texture" },
        "north": { "uv": [ 9.5, 4.5, 9, 5 ], "texture": "#texture" },
        "south": { "uv": [ 9, 4.5, 9.5, 5 ], "texture": "#texture" },
        "west":  { "uv": [ 9, 4.5, 9.5, 5 ], "texture": "#texture" },
        "east":  { "uv": [ 9.5, 4.5, 9, 5 ], "texture": "#texture" }
    }
},
{
    "__comment": "bump2 x32",
    "from": [ 6.25, 13.5, 8 ],
    "to": [ 8.75, 14, 10.5 ],
    "faces": {
        "down":  { "uv": [ 9.5, 3, 12, 2.5 ], "texture": "#texture" },
        "up":    { "uv": [ 9.5, 2.5, 12, 3 ], "texture": "#texture" },
        "north": { "uv": [ 12, 2.5, 9.5, 3 ], "texture": "#texture" },
        "south": { "uv": [ 9.5, 2.5, 12, 3 ], "texture": "#texture" },
        "west":  { "uv": [ 9.5, 2.5, 10, 3 ], "texture": "#texture" },
        "east":  { "uv": [ 12, 2.5, 11.5, 3 ], "texture": "#texture" }
    }
},
{
    "__comment": "bump 2",
    "from": [ 6.75, 12, 6.5 ],
    "to": [ 8.25, 13, 11.5 ],
    "faces": {
        "down":  { "uv": [ 8, 4.5, 13, 4 ], "rotation": 270, "texture": "#texture" },
        "up":    { "uv": [ 8, 3.5, 13, 4 ], "rotation": 90, "texture": "#texture" },
        "north": { "uv": [ 8, 3.5, 8.5, 4.5 ], "texture": "#texture" },
        "south": { "uv": [ 13, 3.5, 12.5, 4.5 ], "texture": "#texture" },
        "west":  { "uv": [ 8, 3.5, 13, 4.5 ], "texture": "#texture" },
        "east":  { "uv": [ 13, 3.5, 8, 4.5 ], "texture": "#texture" }
    }
},
{
    "__comment": "bump 2",
    "from": [ 6.75, 13, 7 ],
    "to": [ 8.25, 13.5, 11 ],
    "faces": {
        "down":  { "uv": [ 8.5, 3.5, 12.5, 3 ], "rotation": 270, "texture": "#texture" },
        "up":    { "uv": [ 8.5, 3, 12.5, 3.5 ], "rotation": 90, "texture": "#texture" },
        "north": { "uv": [ 8.5, 3, 9, 3.5 ], "texture": "#texture" },
        "south": { "uv": [ 12.5, 3, 12, 3.5 ], "texture": "#texture" },
        "west":  { "uv": [ 8.5, 3, 12.5, 3.5 ], "texture": "#texture" },
        "east":  { "uv": [ 12.5, 3, 8.5, 3.5 ], "texture": "#texture" }
    }
},
{
    "__comment": "bump 2",
    "from": [ 6.75, 11.5, 7 ],
    "to": [ 8.25, 12, 11 ],
    "faces": {
        "down":  { "uv": [ 8.5, 5, 12.5, 4.5 ], "rotation": 270, "texture": "#texture" },
        "up":    { "uv": [ 8.5, 4.5, 12.5, 5 ], "rotation": 90, "texture": "#texture" },
        "north": { "uv": [ 8.5, 4.5, 9, 5 ], "texture": "#texture" },
        "south": { "uv": [ 12.5, 4.5, 12, 5 ], "texture": "#texture" },
        "west":  { "uv": [ 8.5, 4.5, 12.5, 5 ], "texture": "#texture" },
        "east":  { "uv": [ 12.5, 4.5, 8.5, 5 ], "texture": "#texture" }
    }
},
{
    "__comment": "bump 2",
    "from": [ 6.75, 13.5, 7.5 ],
    "to": [ 8.25, 14.5, 11 ],
    "faces": {
        "down":  { "uv": [ 9, 3, 12.5, 2.5 ], "rotation": 270, "texture": "#texture" },
        "up":    { "uv": [ 9, 2, 12.5, 2.5 ], "rotation": 90, "texture": "#texture" },
        "north": { "uv": [ 9, 2, 9.5, 3 ], "texture": "#texture" },
        "south": { "uv": [ 12.5, 2, 12, 3 ], "texture": "#texture" },
        "west":  { "uv": [ 9, 2, 12.5, 3 ], "texture": "#texture" },
        "east":  { "uv": [ 12.5, 2, 9, 3 ], "texture": "#texture" }
    }
},
{
    "__comment": "bump 2",
    "from": [ 6.75, 11, 7.5 ],
    "to": [ 8.25, 11.5, 8 ],
    "faces": {
        "down":  { "uv": [ 9, 5.5, 9.5, 5 ], "rotation": 270, "texture": "#texture" },
        "up":    { "uv": [ 9, 5, 9.5, 5.5 ], "rotation": 90, "texture": "#texture" },
        "north": { "uv": [ 9, 5, 9.5, 5.5 ], "texture": "#texture" },
        "south": { "uv": [ 9.5, 5, 9, 5.5 ], "texture": "#texture" },
        "west":  { "uv": [ 9, 5, 9.5, 5.5 ], "texture": "#texture" },
        "east":  { "uv": [ 9.5, 5, 9, 5.5 ], "texture": "#texture" }
    }
},
{
    "__comment": "bump 2",
    "from": [ 7.75, 14.5, 8.5 ],
    "to": [ 8.25, 15, 9 ],
    "faces": {
        "down":  { "uv": [ 10, 2, 11, 1.5 ], "rotation": 270, "texture": "#texture" },
        "up":    { "uv": [ 10, 1.5, 11, 2 ], "rotation": 90, "texture": "#texture" },
        "north": { "uv": [ 10, 1.5, 10.5, 2 ], "texture": "#texture" },
        "south": { "uv": [ 11, 1.5, 10.5, 2 ], "texture": "#texture" },
        "west":  { "uv": [ 10, 1.5, 11, 2 ], "texture": "#texture" },
        "east":  { "uv": [ 11, 1.5, 10, 2 ], "texture": "#texture" }
    }
},
{
    "__comment": "bump 2",
    "from": [ 6.75, 11, 8.5 ],
    "to": [ 8.25, 11.5, 11 ],
    "faces": {
        "down":  { "uv": [ 10, 5.5, 12.5, 5 ], "rotation": 270, "texture": "#texture" },
        "up":    { "uv": [ 10, 5, 12.5, 5.5 ], "rotation": 90, "texture": "#texture" },
        "north": { "uv": [ 10, 5, 10.5, 5.5 ], "texture": "#texture" },
        "south": { "uv": [ 12.5, 5, 12, 5.5 ], "texture": "#texture" },
        "west":  { "uv": [ 10, 5, 12.5, 5.5 ], "texture": "#texture" },
        "east":  { "uv": [ 12.5, 5, 10, 5.5 ], "texture": "#texture" }
    }
},
{
    "__comment": "bump x32",
    "from": [ 4.75, 12, 8.5 ],
    "to": [ 9.75, 13, 10 ],
    "faces": {
        "down":  { "uv": [ 8, 4.5, 13, 4 ], "texture": "#texture" },
        "up":    { "uv": [ 8, 3.5, 13, 4 ], "texture": "#texture" },
        "north": { "uv": [ 13, 3.5, 8, 4.5 ], "texture": "#texture" },
        "south": { "uv": [ 8, 3.5, 13, 4.5 ], "texture": "#texture" },
        "west":  { "uv": [ 8, 3.5, 8.5, 4.5 ], "texture": "#texture" },
        "east":  { "uv": [ 13, 3.5, 12.5, 4.5 ], "texture": "#texture" }
    }
},
{
    "__comment": "bump x32",
    "from": [ 5.25, 13, 8.5 ],
    "to": [ 9.25, 13.5, 10 ],
    "faces": {
        "down":  { "uv": [ 8.5, 3.5, 12.5, 3 ], "texture": "#texture" },
        "up":    { "uv": [ 8.5, 3, 12.5, 3.5 ], "texture": "#texture" },
        "north": { "uv": [ 12.5, 3, 8.5, 3.5 ], "texture": "#texture" },
        "south": { "uv": [ 8.5, 3, 12.5, 3.5 ], "texture": "#texture" },
        "west":  { "uv": [ 8.5, 3, 9, 3.5 ], "texture": "#texture" },
        "east":  { "uv": [ 12.5, 3, 12, 3.5 ], "texture": "#texture" }
    }
},
{
    "__comment": "bump x32",
    "from": [ 5.25, 11.5, 8.5 ],
    "to": [ 9.25, 12, 10 ],
    "faces": {
        "down":  { "uv": [ 8.5, 5, 12.5, 4.5 ], "texture": "#texture" },
        "up":    { "uv": [ 8.5, 4.5, 12.5, 5 ], "texture": "#texture" },
        "north": { "uv": [ 12.5, 4.5, 8.5, 5 ], "texture": "#texture" },
        "south": { "uv": [ 8.5, 4.5, 12.5, 5 ], "texture": "#texture" },
        "west":  { "uv": [ 8.5, 4.5, 9, 5 ], "texture": "#texture" },
        "east":  { "uv": [ 12.5, 4.5, 12, 5 ], "texture": "#texture" }
    }
},
{
    "__comment": "bump x32",
    "from": [ 5.75, 13.5, 8.5 ],
    "to": [ 9.25, 14.5, 10 ],
    "faces": {
        "down":  { "uv": [ 9, 3, 12.5, 2.5 ], "texture": "#texture" },
        "up":    { "uv": [ 9, 2, 12.5, 2.5 ], "texture": "#texture" },
        "north": { "uv": [ 12.5, 2, 9, 3 ], "texture": "#texture" },
        "south": { "uv": [ 9, 2, 12.5, 3 ], "texture": "#texture" },
        "west":  { "uv": [ 9, 2, 9.5, 3 ], "texture": "#texture" },
        "east":  { "uv": [ 12.5, 2, 12, 3 ], "texture": "#texture" }
    }
},
{
    "__comment": "bump x32",
    "from": [ 5.75, 11, 8.5 ],
    "to": [ 6.25, 11.5, 10 ],
    "faces": {
        "down":  { "uv": [ 9, 5.5, 9.5, 5 ], "texture": "#texture" },
        "up":    { "uv": [ 9, 5, 9.5, 5.5 ], "texture": "#texture" },
        "north": { "uv": [ 9.5, 5, 9, 5.5 ], "texture": "#texture" },
        "south": { "uv": [ 9, 5, 9.5, 5.5 ], "texture": "#texture" },
        "west":  { "uv": [ 9, 5, 9.5, 5.5 ], "texture": "#texture" },
        "east":  { "uv": [ 9.5, 5, 9, 5.5 ], "texture": "#texture" }
    }
},
{
    "__comment": "bump x32",
    "from": [ 6.25, 11, 8.5 ],
    "to": [ 9.25, 11.5, 10 ],
    "faces": {
        "down":  { "uv": [ 9.5, 5.5, 12.5, 5 ], "texture": "#texture" },
        "up":    { "uv": [ 9.5, 5, 12.5, 5.5 ], "texture": "#texture" },
        "north": { "uv": [ 12.5, 5, 9.5, 5.5 ], "texture": "#texture" },
        "south": { "uv": [ 9.5, 5, 12.5, 5.5 ], "texture": "#texture" },
        "west":  { "uv": [ 9.5, 5, 10, 5.5 ], "texture": "#texture" },
        "east":  { "uv": [ 12.5, 5, 12, 5.5 ], "texture": "#texture" }
    }
},
{
    "__comment": "bump x32",
    "from": [ 6.75, 14.5, 9.5 ],
    "to": [ 7.25, 15, 10 ],
    "faces": {
        "down":  { "uv": [ 10, 2, 11, 1.5 ], "texture": "#texture" },
        "up":    { "uv": [ 10, 1.5, 11, 2 ], "texture": "#texture" },
        "north": { "uv": [ 11, 1.5, 10, 2 ], "texture": "#texture" },
        "south": { "uv": [ 10, 1.5, 11, 2 ], "texture": "#texture" },
        "west":  { "uv": [ 10, 1.5, 10.5, 2 ], "texture": "#texture" },
        "east":  { "uv": [ 11, 1.5, 10.5, 2 ], "texture": "#texture" }
    }
},
{
    "__comment": "Flower",
    "from": [ 7.25, 12, 6 ],
    "to": [ 7.75, 13, 12 ],
    "faces": {
        "down":  { "uv": [ 7.5, 4.5, 13.5, 4 ], "rotation": 270, "texture": "#texture" },
        "up":    { "uv": [ 7.5, 3.5, 13.5, 4 ], "rotation": 90, "texture": "#texture" },
        "north": { "uv": [ 7.5, 3.5, 8, 4.5 ], "texture": "#texture" },
        "south": { "uv": [ 13.5, 3.5, 13, 4.5 ], "texture": "#texture" },
        "west":  { "uv": [ 7.5, 3.5, 13.5, 4.5 ], "texture": "#texture" },
        "east":  { "uv": [ 13.5, 3.5, 7.5, 4.5 ], "texture": "#texture" }
    }
},
{
    "__comment": "Flower",
    "from": [ 7.25, 13, 6.5 ],
    "to": [ 7.75, 13.5, 11.5 ],
    "faces": {
        "down":  { "uv": [ 8, 3.5, 13, 3 ], "rotation": 270, "texture": "#texture" },
        "up":    { "uv": [ 8, 3, 13, 3.5 ], "rotation": 90, "texture": "#texture" },
        "north": { "uv": [ 8, 3, 8.5, 3.5 ], "texture": "#texture" },
        "south": { "uv": [ 13, 3, 12.5, 3.5 ], "texture": "#texture" },
        "west":  { "uv": [ 8, 3, 13, 3.5 ], "texture": "#texture" },
        "east":  { "uv": [ 13, 3, 8, 3.5 ], "texture": "#texture" }
    }
},
{
    "__comment": "Flower",
    "from": [ 7.25, 11.5, 6.5 ],
    "to": [ 7.75, 12, 11.5 ],
    "faces": {
        "down":  { "uv": [ 8, 5, 13, 4.5 ], "rotation": 270, "texture": "#texture" },
        "up":    { "uv": [ 8, 4.5, 13, 5 ], "rotation": 90, "texture": "#texture" },
        "north": { "uv": [ 8, 4.5, 8.5, 5 ], "texture": "#texture" },
        "south": { "uv": [ 13, 4.5, 12.5, 5 ], "texture": "#texture" },
        "west":  { "uv": [ 8, 4.5, 13, 5 ], "texture": "#texture" },
        "east":  { "uv": [ 13, 4.5, 8, 5 ], "texture": "#texture" }
    }
},
{
    "__comment": "Flower",
    "from": [ 7.25, 13.5, 7 ],
    "to": [ 7.75, 14.5, 11.5 ],
    "faces": {
        "down":  { "uv": [ 8.5, 3, 13, 2.5 ], "rotation": 270, "texture": "#texture" },
        "up":    { "uv": [ 8.5, 2, 13, 2.5 ], "rotation": 90, "texture": "#texture" },
        "north": { "uv": [ 8.5, 2, 9, 3 ], "texture": "#texture" },
        "south": { "uv": [ 13, 2, 12.5, 3 ], "texture": "#texture" },
        "west":  { "uv": [ 8.5, 2, 13, 3 ], "texture": "#texture" },
        "east":  { "uv": [ 13, 2, 8.5, 3 ], "texture": "#texture" }
    }
},
{
    "__comment": "Flower",
    "from": [ 7.25, 11, 7 ],
    "to": [ 7.75, 11.5, 11.5 ],
    "faces": {
        "down":  { "uv": [ 8.5, 5.5, 13, 5 ], "rotation": 270, "texture": "#texture" },
        "up":    { "uv": [ 8.5, 5, 13, 5.5 ], "rotation": 90, "texture": "#texture" },
        "north": { "uv": [ 8.5, 5, 9, 5.5 ], "texture": "#texture" },
        "south": { "uv": [ 13, 5, 12.5, 5.5 ], "texture": "#texture" },
        "west":  { "uv": [ 8.5, 5, 13, 5.5 ], "texture": "#texture" },
        "east":  { "uv": [ 13, 5, 8.5, 5.5 ], "texture": "#texture" }
    }
},
{
    "__comment": "Flower",
    "from": [ 7.25, 14.5, 7.5 ],
    "to": [ 7.75, 15, 11 ],
    "faces": {
        "down":  { "uv": [ 9, 2, 12.5, 1.5 ], "rotation": 270, "texture": "#texture" },
        "up":    { "uv": [ 9, 1.5, 12.5, 2 ], "rotation": 90, "texture": "#texture" },
        "north": { "uv": [ 9, 1.5, 9.5, 2 ], "texture": "#texture" },
        "south": { "uv": [ 12.5, 1.5, 12, 2 ], "texture": "#texture" },
        "west":  { "uv": [ 9, 1.5, 12.5, 2 ], "texture": "#texture" },
        "east":  { "uv": [ 12.5, 1.5, 9, 2 ], "texture": "#texture" }
    }
},
{
    "__comment": "Flower",
    "from": [ 7.25, 10.5, 7.5 ],
    "to": [ 7.75, 11, 8 ],
    "faces": {
        "down":  { "uv": [ 9, 6, 9.5, 5.5 ], "rotation": 270, "texture": "#texture" },
        "up":    { "uv": [ 9, 5.5, 9.5, 6 ], "rotation": 90, "texture": "#texture" },
        "north": { "uv": [ 9, 5.5, 9.5, 6 ], "texture": "#texture" },
        "south": { "uv": [ 9.5, 5.5, 9, 6 ], "texture": "#texture" },
        "west":  { "uv": [ 9, 5.5, 9.5, 6 ], "texture": "#texture" },
        "east":  { "uv": [ 9.5, 5.5, 9, 6 ], "texture": "#texture" }
    }
},
{
    "__comment": "Flower",
    "from": [ 7.25, 15, 8.5 ],
    "to": [ 7.75, 15.5, 9.5 ],
    "faces": {
        "down":  { "uv": [ 10, 1.5, 11, 1 ], "rotation": 270, "texture": "#texture" },
        "up":    { "uv": [ 10, 1, 11, 1.5 ], "rotation": 90, "texture": "#texture" },
        "north": { "uv": [ 10, 1, 10.5, 1.5 ], "texture": "#texture" },
        "south": { "uv": [ 11, 1, 10.5, 1.5 ], "texture": "#texture" },
        "west":  { "uv": [ 10, 1, 11, 1.5 ], "texture": "#texture" },
        "east":  { "uv": [ 11, 1, 10, 1.5 ], "texture": "#texture" }
    }
},
{
    "__comment": "Flower",
    "from": [ 7.25, 10.5, 8.5 ],
    "to": [ 7.75, 11, 11 ],
    "faces": {
        "down":  { "uv": [ 10, 6, 12.5, 5.5 ], "rotation": 270, "texture": "#texture" },
        "up":    { "uv": [ 10, 5.5, 12.5, 6 ], "rotation": 90, "texture": "#texture" },
        "north": { "uv": [ 10, 5.5, 10.5, 6 ], "texture": "#texture" },
        "south": { "uv": [ 12.5, 5.5, 12, 6 ], "texture": "#texture" },
        "west":  { "uv": [ 10, 5.5, 12.5, 6 ], "texture": "#texture" },
        "east":  { "uv": [ 12.5, 5.5, 10, 6 ], "texture": "#texture" }
    }
},
{
    "__comment": "Flower",
    "from": [ 7.25, 10, 9 ],
    "to": [ 7.75, 10.5, 9.5 ],
    "faces": {
        "down":  { "uv": [ 10.5, 6.5, 11, 6 ], "rotation": 270, "texture": "#texture" },
        "up":    { "uv": [ 10.5, 6, 11, 6.5 ], "rotation": 90, "texture": "#texture" },
        "north": { "uv": [ 10.5, 6, 11, 6.5 ], "texture": "#texture" },
        "south": { "uv": [ 11, 6, 10.5, 6.5 ], "texture": "#texture" },
        "west":  { "uv": [ 10.5, 6, 11, 6.5 ], "texture": "#texture" },
        "east":  { "uv": [ 11, 6, 10.5, 6.5 ], "texture": "#texture" }
    }
},
{
    "__comment": "Flower",
    "from": [ 7.25, 10, 10.5 ],
    "to": [ 7.75, 10.5, 11 ],
    "faces": {
        "down":  { "uv": [ 12, 6.5, 12.5, 6 ], "rotation": 270, "texture": "#texture" },
        "up":    { "uv": [ 12, 6, 12.5, 6.5 ], "rotation": 90, "texture": "#texture" },
        "north": { "uv": [ 12, 6, 12.5, 6.5 ], "texture": "#texture" },
        "south": { "uv": [ 12.5, 6, 12, 6.5 ], "texture": "#texture" },
        "west":  { "uv": [ 12, 6, 12.5, 6.5 ], "texture": "#texture" },
        "east":  { "uv": [ 12.5, 6, 12, 6.5 ], "texture": "#texture" }
    }
},
{
    "__comment": "Flower",
    "from": [ 4.25, 12, 9 ],
    "to": [ 10.25, 13, 9.5 ],
    "faces": {
        "down":  { "uv": [ 7.5, 4.5, 13.5, 4 ], "texture": "#texture" },
        "up":    { "uv": [ 7.5, 3.5, 13.5, 4 ], "texture": "#texture" },
        "north": { "uv": [ 13.5, 3.5, 7.5, 4.5 ], "texture": "#texture" },
        "south": { "uv": [ 7.5, 3.5, 13.5, 4.5 ], "texture": "#texture" },
        "west":  { "uv": [ 7.5, 3.5, 8, 4.5 ], "texture": "#texture" },
        "east":  { "uv": [ 13.5, 3.5, 13, 4.5 ], "texture": "#texture" }
    }
},
{
    "__comment": "Flower",
    "from": [ 4.75, 13, 9 ],
    "to": [ 9.75, 13.5, 9.5 ],
    "faces": {
        "down":  { "uv": [ 8, 3.5, 13, 3 ], "texture": "#texture" },
        "up":    { "uv": [ 8, 3, 13, 3.5 ], "texture": "#texture" },
        "north": { "uv": [ 13, 3, 8, 3.5 ], "texture": "#texture" },
        "south": { "uv": [ 8, 3, 13, 3.5 ], "texture": "#texture" },
        "west":  { "uv": [ 8, 3, 8.5, 3.5 ], "texture": "#texture" },
        "east":  { "uv": [ 13, 3, 12.5, 3.5 ], "texture": "#texture" }
    }
},
{
    "__comment": "Flower",
    "from": [ 4.75, 11.5, 9 ],
    "to": [ 9.75, 12, 9.5 ],
    "faces": {
        "down":  { "uv": [ 8, 5, 13, 4.5 ], "texture": "#texture" },
        "up":    { "uv": [ 8, 4.5, 13, 5 ], "texture": "#texture" },
        "north": { "uv": [ 13, 4.5, 8, 5 ], "texture": "#texture" },
        "south": { "uv": [ 8, 4.5, 13, 5 ], "texture": "#texture" },
        "west":  { "uv": [ 8, 4.5, 8.5, 5 ], "texture": "#texture" },
        "east":  { "uv": [ 13, 4.5, 12.5, 5 ], "texture": "#texture" }
    }
},
{
    "__comment": "Flower",
    "from": [ 5.25, 13.5, 9 ],
    "to": [ 9.75, 14.5, 9.5 ],
    "faces": {
        "down":  { "uv": [ 8.5, 3, 13, 2.5 ], "texture": "#texture" },
        "up":    { "uv": [ 8.5, 2, 13, 2.5 ], "texture": "#texture" },
        "north": { "uv": [ 13, 2, 8.5, 3 ], "texture": "#texture" },
        "south": { "uv": [ 8.5, 2, 13, 3 ], "texture": "#texture" },
        "west":  { "uv": [ 8.5, 2, 9, 3 ], "texture": "#texture" },
        "east":  { "uv": [ 13, 2, 12.5, 3 ], "texture": "#texture" }
    }
},
{
    "__comment": "Flower",
    "from": [ 5.25, 11, 9 ],
    "to": [ 9.75, 11.5, 9.5 ],
    "faces": {
        "down":  { "uv": [ 8.5, 5.5, 13, 5 ], "texture": "#texture" },
        "up":    { "uv": [ 8.5, 5, 13, 5.5 ], "texture": "#texture" },
        "north": { "uv": [ 13, 5, 8.5, 5.5 ], "texture": "#texture" },
        "south": { "uv": [ 8.5, 5, 13, 5.5 ], "texture": "#texture" },
        "west":  { "uv": [ 8.5, 5, 9, 5.5 ], "texture": "#texture" },
        "east":  { "uv": [ 13, 5, 12.5, 5.5 ], "texture": "#texture" }
    }
},
{
    "__comment": "Flower",
    "from": [ 5.75, 14.5, 9 ],
    "to": [ 9.25, 15, 9.5 ],
    "faces": {
        "down":  { "uv": [ 9, 2, 12.5, 1.5 ], "texture": "#texture" },
        "up":    { "uv": [ 9, 1.5, 12.5, 2 ], "texture": "#texture" },
        "north": { "uv": [ 12.5, 1.5, 9, 2 ], "texture": "#texture" },
        "south": { "uv": [ 9, 1.5, 12.5, 2 ], "texture": "#texture" },
        "west":  { "uv": [ 9, 1.5, 9.5, 2 ], "texture": "#texture" },
        "east":  { "uv": [ 12.5, 1.5, 12, 2 ], "texture": "#texture" }
    }
},
{
    "__comment": "Flower",
    "from": [ 5.75, 10.5, 9 ],
    "to": [ 6.25, 11, 9.5 ],
    "faces": {
        "down":  { "uv": [ 9, 6, 9.5, 5.5 ], "texture": "#texture" },
        "up":    { "uv": [ 9, 5.5, 9.5, 6 ], "texture": "#texture" },
        "north": { "uv": [ 9.5, 5.5, 9, 6 ], "texture": "#texture" },
        "south": { "uv": [ 9, 5.5, 9.5, 6 ], "texture": "#texture" },
        "west":  { "uv": [ 9, 5.5, 9.5, 6 ], "texture": "#texture" },
        "east":  { "uv": [ 9.5, 5.5, 9, 6 ], "texture": "#texture" }
    }
},
{
    "__comment": "Flower",
    "from": [ 6.75, 15, 9 ],
    "to": [ 7.75, 15.5, 9.5 ],
    "faces": {
        "down":  { "uv": [ 10, 1.5, 11, 1 ], "texture": "#texture" },
        "up":    { "uv": [ 10, 1, 11, 1.5 ], "texture": "#texture" },
        "north": { "uv": [ 11, 1, 10, 1.5 ], "texture": "#texture" },
        "south": { "uv": [ 10, 1, 11, 1.5 ], "texture": "#texture" },
        "west":  { "uv": [ 10, 1, 10.5, 1.5 ], "texture": "#texture" },
        "east":  { "uv": [ 11, 1, 10.5, 1.5 ], "texture": "#texture" }
    }
},
{
    "__comment": "Flower",
    "from": [ 6.75, 10.5, 9 ],
    "to": [ 9.25, 11, 9.5 ],
    "faces": {
        "down":  { "uv": [ 10, 6, 12.5, 5.5 ], "texture": "#texture" },
        "up":    { "uv": [ 10, 5.5, 12.5, 6 ], "texture": "#texture" },
        "north": { "uv": [ 12.5, 5.5, 10, 6 ], "texture": "#texture" },
        "south": { "uv": [ 10, 5.5, 12.5, 6 ], "texture": "#texture" },
        "west":  { "uv": [ 10, 5.5, 10.5, 6 ], "texture": "#texture" },
        "east":  { "uv": [ 12.5, 5.5, 12, 6 ], "texture": "#texture" }
    }
},
{
    "__comment": "Flower",
    "from": [ 8.75, 10, 9 ],
    "to": [ 9.25, 10.5, 9.5 ],
    "faces": {
        "down":  { "uv": [ 12, 6.5, 12.5, 6 ], "texture": "#texture" },
        "up":    { "uv": [ 12, 6, 12.5, 6.5 ], "texture": "#texture" },
        "north": { "uv": [ 12.5, 6, 12, 6.5 ], "texture": "#texture" },
        "south": { "uv": [ 12, 6, 12.5, 6.5 ], "texture": "#texture" },
        "west":  { "uv": [ 12, 6, 12.5, 6.5 ], "texture": "#texture" },
        "east":  { "uv": [ 12.5, 6, 12, 6.5 ], "texture": "#texture" }
    }
},
{
    "from": [ 7.75, 4.5, 7.5 ],
    "to": [ 8.25, 6, 8.5 ],
    "faces": {
        "down":  { "uv": [ 8.5, 12.5, 7.5, 13 ], "rotation": 90, "texture": "#texture" },
        "up":    { "uv": [ 7.5, 10, 8.5, 10.5 ], "rotation": 90, "texture": "#texture" },
        "north": { "uv": [ 7.5, 10, 8, 13 ], "texture": "#texture" },
        "south": { "uv": [ 8, 10, 8.5, 13 ], "texture": "#texture" },
        "west":  { "uv": [ 7.5, 10, 8.5, 13 ], "texture": "#texture" },
        "east":  { "uv": [ 8.5, 10, 7.5, 13 ], "texture": "#texture" }
    }
},
{
    "from": [ 7.5, 4.5, 7.75 ],
    "to": [ 8.5, 6, 8.25 ],
    "faces": {
        "down":  { "uv": [ 8.5, 13, 7.5, 12.5 ], "rotation": 90, "texture": "#texture" },
        "up":    { "uv": [ 7.5, 10, 8.5, 10.5 ], "rotation": 90, "texture": "#texture" },
        "north": { "uv": [ 7.5, 10, 8, 13 ], "texture": "#texture" },
        "south": { "uv": [ 8, 10, 8.5, 13 ], "texture": "#texture" },
        "west":  { "uv": [ 7.75, 10, 8.25, 13 ], "texture": "#texture" },
        "east":  { "uv": [ 8.25, 10, 7.75, 13 ], "texture": "#texture" }
    }
},
{
    "from": [ 8.25, 1.5, 7 ],
    "to": [ 8.75, 3, 8 ],
    "faces": {
        "down":  { "uv": [ 7, 14, 8, 14.5 ], "texture": "#texture" },
        "up":    { "uv": [ 7, 13, 8, 13.5 ], "texture": "#texture" },
        "north": { "uv": [ 7, 13, 7.5, 14.5 ], "texture": "#texture" },
        "south": { "uv": [ 7.5, 13, 8, 14.5 ], "texture": "#texture" },
        "west":  { "uv": [ 7, 13, 8, 14.5 ], "texture": "#texture" },
        "east":  { "uv": [ 8, 13, 7, 14.5 ], "texture": "#texture" }
    }
},
{
    "from": [ 8, 2, 7.25 ],
    "to": [ 9, 3, 7.75 ],
    "faces": {
        "down":  { "uv": [ 8, 13.5, 7, 14 ], "rotation": 90, "texture": "#texture" },
        "up":    { "uv": [ 7, 13, 8, 13.5 ], "rotation": 90, "texture": "#texture" },
        "north": { "uv": [ 7, 13, 7.5, 14 ], "texture": "#texture" },
        "south": { "uv": [ 7.5, 13, 8, 14 ], "texture": "#texture" },
        "west":  { "uv": [ 7.25, 13, 7.75, 14 ], "texture": "#texture" },
        "east":  { "uv": [ 7.75, 13, 7.25, 14 ], "texture": "#texture" }
    }
},
{
    "from": [ 8.5, 1.5, 6 ],
    "to": [ 9, 2, 7 ],
    "faces": {
        "down":  { "uv": [ 6, 14, 7, 14.5 ], "texture": "#texture" },
        "up":    { "uv": [ 6, 14, 7, 14.5 ], "texture": "#texture" },
        "north": { "uv": [ 6, 14, 6.5, 14.5 ], "texture": "#texture" },
        "south": { "uv": [ 6.5, 14, 7, 14.5 ], "texture": "#texture" },
        "west":  { "uv": [ 6, 14, 7, 14.5 ], "texture": "#texture" },
        "east":  { "uv": [ 6, 14, 7, 14.5 ], "texture": "#texture" }
    }
},
{
    "from": [ 8.75, 1, 6.5 ],
    "to": [ 9.25, 1.5, 7 ],
    "faces": {
        "down":  { "uv": [ 6.5, 14.5, 7, 15 ], "texture": "#texture" },
        "up":    { "uv": [ 6.5, 14.5, 7, 15 ], "texture": "#texture" },
        "north": { "uv": [ 6.5, 14.5, 7, 15 ], "texture": "#texture" },
        "south": { "uv": [ 6.5, 14.5, 7, 15 ], "texture": "#texture" },
        "west":  { "uv": [ 6.5, 14.5, 7, 15 ], "texture": "#texture" },
        "east":  { "uv": [ 6.5, 14.5, 7, 15 ], "texture": "#texture" }
    }
},
{
    "from": [ 7.75, 6, 7 ],
    "to": [ 8.25, 7, 8 ],
    "faces": {
        "down":  { "uv": [ 8, 9.5, 7, 10 ], "rotation": 90, "texture": "#texture" },
        "up":    { "uv": [ 7, 9, 8, 9.5 ], "rotation": 90, "texture": "#texture" },
        "north": { "uv": [ 7, 9, 7.5, 10 ], "texture": "#texture" },
        "south": { "uv": [ 7.5, 9, 8, 10 ], "texture": "#texture" },
        "west":  { "uv": [ 7, 9, 8, 10 ], "texture": "#texture" },
        "east":  { "uv": [ 8, 9, 7, 10 ], "texture": "#texture" }
    }
},
{
    "from": [ 7.5, 6, 7.25 ],
    "to": [ 8.5, 7, 7.75 ],
    "faces": {
        "down":  { "uv": [ 8, 9.5, 7, 10 ], "rotation": 90, "texture": "#texture" },
        "up":    { "uv": [ 7, 9, 8, 9.5 ], "rotation": 90, "texture": "#texture" },
        "north": { "uv": [ 7, 9, 7.5, 10 ], "texture": "#texture" },
        "south": { "uv": [ 7.5, 9, 8, 10 ], "texture": "#texture" },
        "west":  { "uv": [ 7.25, 9, 7.75, 10 ], "texture": "#texture" },
        "east":  { "uv": [ 7.75, 9, 7.25, 10 ], "texture": "#texture" }
    }
},
{
    "from": [ 7.25, 7, 6.5 ],
    "to": [ 7.75, 8, 7.5 ],
    "faces": {
        "down":  { "uv": [ 7.5, 8.5, 6.5, 9 ], "rotation": 90, "texture": "#texture" },
        "up":    { "uv": [ 6.5, 8, 7.5, 8.5 ], "rotation": 90, "texture": "#texture" },
        "north": { "uv": [ 6.5, 8, 7, 9 ], "texture": "#texture" },
        "south": { "uv": [ 7, 8, 7.5, 9 ], "texture": "#texture" },
        "west":  { "uv": [ 6.5, 8, 7.5, 9 ], "texture": "#texture" },
        "east":  { "uv": [ 7.5, 8, 6.5, 9 ], "texture": "#texture" }
    }
},
{
    "from": [ 7.75, 6.5, 6.5 ],
    "to": [ 8.25, 7, 7 ],
    "faces": {
        "down":  { "uv": [ 6.5, 9, 7, 9.5 ], "texture": "#texture" },
        "up":    { "uv": [ 6.5, 9, 7, 9.5 ], "texture": "#texture" },
        "north": { "uv": [ 6.5, 9, 7, 9.5 ], "texture": "#texture" },
        "south": { "uv": [ 6.5, 9, 7, 9.5 ], "texture": "#texture" },
        "west":  { "uv": [ 6.5, 9, 7, 9.5 ], "texture": "#texture" },
        "east":  { "uv": [ 6.5, 9, 7, 9.5 ], "texture": "#texture" }
    }
},
{
    "from": [ 7, 7, 6.75 ],
    "to": [ 8, 8, 7.25 ],
    "faces": {
        "down":  { "uv": [ 7.5, 8.5, 6.5, 9 ], "rotation": 90, "texture": "#texture" },
        "up":    { "uv": [ 6.5, 8, 7.5, 8.5 ], "rotation": 90, "texture": "#texture" },
        "north": { "uv": [ 6.5, 8, 7, 9 ], "texture": "#texture" },
        "south": { "uv": [ 7, 8, 7.5, 9 ], "texture": "#texture" },
        "west":  { "uv": [ 6.75, 8, 7.25, 9 ], "texture": "#texture" },
        "east":  { "uv": [ 7.25, 8, 6.75, 9 ], "texture": "#texture" }
    }
},
{
    "from": [ 7.5, 6.5, 8 ],
    "to": [ 7.75, 7, 8.5 ],
    "faces": {
        "down":  { "uv": [ 8, 9, 8.5, 9.5 ], "texture": "#texture" },
        "up":    { "uv": [ 8, 9, 8.5, 9.5 ], "texture": "#texture" },
        "north": { "uv": [ 8, 9, 8.5, 9.5 ], "texture": "#texture" },
        "south": { "uv": [ 8, 9, 8.5, 9.5 ], "texture": "#texture" },
        "west":  { "uv": [ 8, 9, 8.5, 9.5 ], "texture": "#texture" },
        "east":  { "uv": [ 8, 9, 8.5, 9.5 ], "texture": "#texture" }
    }
},
{
    "from": [ 7.25, 7, 8.5 ],
    "to": [ 7.75, 7.5, 10 ],
    "faces": {
        "down":  { "uv": [ 8.5, 8.5, 10, 9 ], "texture": "#texture" },
        "up":    { "uv": [ 8.5, 8.5, 10, 9 ], "texture": "#texture" },
        "north": { "uv": [ 8.5, 8.5, 9, 9 ], "texture": "#texture" },
        "south": { "uv": [ 9.5, 8.5, 10, 9 ], "texture": "#texture" },
        "west":  { "uv": [ 8.5, 8.5, 10, 9 ], "texture": "#texture" },
        "east":  { "uv": [ 8.5, 8.5, 10, 9 ], "texture": "#texture" }
    }
},
{
    "from": [ 7, 6.5, 9 ],
    "to": [ 7.5, 7, 10 ],
    "faces": {
        "down":  { "uv": [ 10, 9, 9, 9.5 ], "rotation": 90, "texture": "#texture" },
        "up":    { "uv": [ 9, 9, 10, 9.5 ], "rotation": 90, "texture": "#texture" },
        "north": { "uv": [ 9, 9, 9.5, 9.5 ], "texture": "#texture" },
        "south": { "uv": [ 9.5, 9, 10, 9.5 ], "texture": "#texture" },
        "west":  { "uv": [ 9, 9, 10, 9.5 ], "texture": "#texture" },
        "east":  { "uv": [ 10, 9, 9, 9.5 ], "texture": "#texture" }
    }
},
{
    "from": [ 6.75, 5, 9.5 ],
    "to": [ 7.25, 6.5, 10 ],
    "faces": {
        "down":  { "uv": [ 9.5, 10.5, 10, 11 ], "texture": "#texture" },
        "up":    { "uv": [ 9.5, 9.5, 10, 10 ], "texture": "#texture" },
        "north": { "uv": [ 9.5, 9.5, 10, 11 ], "texture": "#texture" },
        "south": { "uv": [ 9.5, 9.5, 10, 11 ], "texture": "#texture" },
        "west":  { "uv": [ 9.5, 9.5, 10, 11 ], "texture": "#texture" },
        "east":  { "uv": [ 9.5, 9.5, 10, 11 ], "texture": "#texture" }
    }
},
{
    "from": [ 6.75, 5.5, 10 ],
    "to": [ 7.25, 6.5, 10.5 ],
    "faces": {
        "down":  { "uv": [ 10, 10, 10.5, 10.5 ], "texture": "#texture" },
        "up":    { "uv": [ 10, 9.5, 10.5, 10 ], "texture": "#texture" },
        "north": { "uv": [ 10, 9.5, 10.5, 10.5 ], "texture": "#texture" },
        "south": { "uv": [ 10, 9.5, 10.5, 10.5 ], "texture": "#texture" },
        "west":  { "uv": [ 10, 9.5, 10.5, 10.5 ], "texture": "#texture" },
        "east":  { "uv": [ 10, 9.5, 10.5, 10.5 ], "texture": "#texture" }
    }
},
{
    "from": [ 6.75, 8, 7 ],
    "to": [ 7.25, 9, 8 ],
    "faces": {
        "down":  { "uv": [ 8, 7.5, 7, 8 ], "rotation": 90, "texture": "#texture" },
        "up":    { "uv": [ 7, 7, 8, 7.5 ], "rotation": 90, "texture": "#texture" },
        "north": { "uv": [ 7, 7, 7.5, 8 ], "texture": "#texture" },
        "south": { "uv": [ 7.5, 7, 8, 8 ], "texture": "#texture" },
        "west":  { "uv": [ 7, 7, 8, 8 ], "texture": "#texture" },
        "east":  { "uv": [ 8, 7, 7, 8 ], "texture": "#texture" }
    }
},
{
    "from": [ 6.75, 7.5, 7.5 ],
    "to": [ 7.25, 8, 8 ],
    "faces": {
        "down":  { "uv": [ 7.5, 8, 8, 8.5 ], "texture": "#texture" },
        "up":    { "uv": [ 7.5, 8, 8, 8.5 ], "texture": "#texture" },
        "north": { "uv": [ 7.5, 8, 8, 8.5 ], "texture": "#texture" },
        "south": { "uv": [ 7.5, 8, 8, 8.5 ], "texture": "#texture" },
        "west":  { "uv": [ 7.5, 8, 8, 8.5 ], "texture": "#texture" },
        "east":  { "uv": [ 7.5, 8, 8, 8.5 ], "texture": "#texture" }
    }
},
{
    "from": [ 6.5, 8, 7.25 ],
    "to": [ 7.5, 9, 7.75 ],
    "faces": {
        "down":  { "uv": [ 8, 7.5, 7, 8 ], "rotation": 90, "texture": "#texture" },
        "up":    { "uv": [ 7, 7, 8, 7.5 ], "rotation": 90, "texture": "#texture" },
        "north": { "uv": [ 7, 7, 7.5, 8 ], "texture": "#texture" },
        "south": { "uv": [ 7.5, 7, 8, 8 ], "texture": "#texture" },
        "west":  { "uv": [ 7.25, 7, 7.75, 8 ], "texture": "#texture" },
        "east":  { "uv": [ 7.75, 7, 7.25, 8 ], "texture": "#texture" }
    }
},
{
    "from": [ 7, 9, 7.5 ],
    "to": [ 7.5, 9.5, 9 ],
    "faces": {
        "down":  { "uv": [ 9, 6.5, 7.5, 7 ], "rotation": 90, "texture": "#texture" },
        "up":    { "uv": [ 7.5, 6.5, 9, 7 ], "rotation": 90, "texture": "#texture" },
        "north": { "uv": [ 7.5, 6.5, 8, 7 ], "texture": "#texture" },
        "south": { "uv": [ 8.5, 6.5, 9, 7 ], "texture": "#texture" },
        "west":  { "uv": [ 7.5, 6.5, 9, 7 ], "texture": "#texture" },
        "east":  { "uv": [ 9, 6.5, 7.5, 7 ], "texture": "#texture" }
    }
},
{
    "from": [ 7.25, 9.5, 8 ],
    "to": [ 7.75, 10, 10 ],
    "faces": {
        "down":  { "uv": [ 10, 6, 8, 6.5 ], "rotation": 90, "texture": "#texture" },
        "up":    { "uv": [ 8, 6, 10, 6.5 ], "rotation": 90, "texture": "#texture" },
        "north": { "uv": [ 8, 6, 8.5, 6.5 ], "texture": "#texture" },
        "south": { "uv": [ 9.5, 6, 10, 6.5 ], "texture": "#texture" },
        "west":  { "uv": [ 8, 6, 10, 6.5 ], "texture": "#texture" },
        "east":  { "uv": [ 10, 6, 8, 6.5 ], "texture": "#texture" }
    }
},
{
    "from": [ 6.75, 8.5, 8 ],
    "to": [ 7.25, 9, 8.5 ],
    "faces": {
        "down":  { "uv": [ 8, 7, 8.5, 7.5 ], "texture": "#texture" },
        "up":    { "uv": [ 8, 7, 8.5, 7.5 ], "texture": "#texture" },
        "north": { "uv": [ 8, 7, 8.5, 7.5 ], "texture": "#texture" },
        "south": { "uv": [ 8, 7, 8.5, 7.5 ], "texture": "#texture" },
        "west":  { "uv": [ 8, 7, 8.5, 7.5 ], "texture": "#texture" },
        "east":  { "uv": [ 8, 7, 8.5, 7.5 ], "texture": "#texture" }
    }
},
{
    "from": [ 8, 3, 7.5 ],
    "to": [ 8.5, 4.5, 8.5 ],
    "faces": {
        "down":  { "uv": [ 8.5, 12.5, 7.5, 13 ], "rotation": 90, "texture": "#texture" },
        "up":    { "uv": [ 7.5, 10, 8.5, 10.5 ], "rotation": 90, "texture": "#texture" },
        "north": { "uv": [ 7.5, 10, 8, 13 ], "texture": "#texture" },
        "south": { "uv": [ 8, 10, 8.5, 13 ], "texture": "#texture" },
        "west":  { "uv": [ 7.5, 10, 8.5, 13 ], "texture": "#texture" },
        "east":  { "uv": [ 8.5, 10, 7.5, 13 ], "texture": "#texture" }
    }
},
{
    "from": [ 7.75, 3, 7.75 ],
    "to": [ 8.75, 4.5, 8.25 ],
    "faces": {
        "down":  { "uv": [ 8.5, 13, 7.5, 12.5 ], "rotation": 90, "texture": "#texture" },
        "up":    { "uv": [ 7.5, 10, 8.5, 10.5 ], "rotation": 90, "texture": "#texture" },
        "north": { "uv": [ 7.5, 10, 8, 13 ], "texture": "#texture" },
        "south": { "uv": [ 8, 10, 8.5, 13 ], "texture": "#texture" },
        "west":  { "uv": [ 7.75, 10, 8.25, 13 ], "texture": "#texture" },
        "east":  { "uv": [ 8.25, 10, 7.75, 13 ], "texture": "#texture" }
    }
},
{
    "from": [ 7.25, 10, 8.5 ],
    "to": [ 7.75, 10.5, 9 ],
    "faces": {
        "down":  { "uv": [ 8.5, 5.5, 9, 6 ], "texture": "#texture" },
        "up":    { "uv": [ 8.5, 5.5, 9, 6 ], "texture": "#texture" },
        "north": { "uv": [ 8.5, 5.5, 9, 6 ], "texture": "#texture" },
        "south": { "uv": [ 8.5, 5.5, 9, 6 ], "texture": "#texture" },
        "west":  { "uv": [ 8.5, 5.5, 9, 6 ], "texture": "#texture" },
        "east":  { "uv": [ 8.5, 5.5, 9, 6 ], "texture": "#texture" }
    }
},
{
    "from": [ 7.5, 10, 9.5 ],
    "to": [ 8, 10.5, 10 ],
    "faces": {
        "down":  { "uv": [ 9.5, 5.5, 10, 6 ], "texture": "#texture" },
        "up":    { "uv": [ 9.5, 5.5, 10, 6 ], "texture": "#texture" },
        "north": { "uv": [ 9.5, 5.5, 10, 6 ], "texture": "#texture" },
        "south": { "uv": [ 9.5, 5.5, 10, 6 ], "texture": "#texture" },
        "west":  { "uv": [ 9.5, 5.5, 10, 6 ], "texture": "#texture" },
        "east":  { "uv": [ 9.5, 5.5, 10, 6 ], "texture": "#texture" }
    }
},
{
    "from": [ 7.25, 2.5, 7.75 ],
    "to": [ 8.25, 3, 8.25 ],
    "faces": {
        "down":  { "uv": [ 6, 7.5, 7, 8 ], "texture": "#texture" },
        "up":    { "uv": [ 6, 7.5, 7, 8 ], "texture": "#texture" },
        "north": { "uv": [ 7, 7.5, 6, 8 ], "texture": "#texture" },
        "south": { "uv": [ 7, 7.5, 6, 8 ], "texture": "#texture" },
        "west":  { "uv": [ 6, 7.5, 6.5, 8 ], "texture": "#texture" },
        "east":  { "uv": [ 6, 7.5, 6.5, 8 ], "texture": "#texture" }
    }
},
{
    "from": [ 6.75, 3, 7.75 ],
    "to": [ 7.75, 3.5, 8.25 ],
    "faces": {
        "down":  { "uv": [ 5.5, 6.5, 6.5, 7 ], "texture": "#texture" },
        "up":    { "uv": [ 5.5, 6.5, 6.5, 7 ], "texture": "#texture" },
        "north": { "uv": [ 5.5, 6.5, 6.5, 7 ], "texture": "#texture" },
        "south": { "uv": [ 5.5, 6.5, 6.5, 7 ], "texture": "#texture" },
        "west":  { "uv": [ 5.5, 6.5, 6, 7 ], "texture": "#texture" },
        "east":  { "uv": [ 6, 6.5, 6.5, 7 ], "texture": "#texture" }
    }
},
{
    "from": [ 7.25, 8, 6.75 ],
    "to": [ 7.75, 9, 7.25 ],
    "faces": {
        "down":  { "uv": [ 6.5, 13.5, 7, 14 ], "texture": "#texture" },
        "up":    { "uv": [ 6.5, 13.5, 7, 14 ], "texture": "#texture" },
        "north": { "uv": [ 6.5, 13.5, 7, 14 ], "texture": "#texture" },
        "south": { "uv": [ 6.5, 13.5, 7, 14 ], "texture": "#texture" },
        "west":  { "uv": [ 6.5, 13.5, 7, 14 ], "texture": "#texture" },
        "east":  { "uv": [ 6.5, 13.5, 7, 14 ], "texture": "#texture" }
    }
},
{
    "from": [ 7.25, 8.5, 6.25 ],
    "to": [ 7.75, 9, 6.75 ],
    "faces": {
        "down":  { "uv": [ 5.5, 6.5, 6.5, 7 ], "texture": "#texture" },
        "up":    { "uv": [ 5.5, 6.5, 6.5, 7 ], "texture": "#texture" },
        "north": { "uv": [ 5.5, 6.5, 6.5, 7 ], "texture": "#texture" },
        "south": { "uv": [ 5.5, 6.5, 6.5, 7 ], "texture": "#texture" },
        "west":  { "uv": [ 5.5, 6.5, 6, 7 ], "texture": "#texture" },
        "east":  { "uv": [ 6, 6.5, 6.5, 7 ], "texture": "#texture" }
    }
}
],
"display": {
    "thirdperson_righthand": {
        "rotation": [ 16, 0, 0 ],
        "translation": [ 0, 3.4, 0.94 ],
        "scale": [ 1, 1, 1 ]
    },
    "thirdperson_lefthand": {
        "rotation": [ 16, 0, 0 ],
        "translation": [ 0, 3.4, 0.94 ],
        "scale": [ 1, 1, 1 ]
    },
    "ground": {
        "rotation": [ 0, 0, 0 ],
        "translation": [ 0, 4.35, 0 ],
        "scale": [ 1, 1, 1 ]
    },
    "fixed": {
        "rotation": [ 0, -90, 0 ],
        "translation": [ 0, 0, -0.94 ],
        "scale": [ 1, 1, 1 ]
    },
    "firstperson_righthand": {
        "rotation": [ -9, 20, -3 ],
        "translation": [ 0, 2.83, 0 ],
        "scale": [ 1, 1, 1 ]
    },
    "firstperson_lefthand": {
        "rotation": [ -9, 71, 4 ],
        "translation": [ -2.27, 2.83, 0 ],
        "scale": [ 1, 1, 1 ]
    },
    "gui": {
        "rotation": [ 17, -64, 0 ],
        "translation": [ 0, 0, 0 ],
        "scale": [ 1, 1, 1 ]
    }
}
}