{
"__comment": "Designed by MasterianoX",
"textures": {
    "particle": "blocks/props/tea_pot",
    "texture": "blocks/props/tea_pot"
},
"elements": [ 
{
    "from": [ 6, 6.75, 6.5 ],
    "to": [ 6.5, 7.25, 7.5 ],
    "faces": {
        "down":  { "uv": [ 0.5, 8.5, 1, 7.5 ], "texture": "#texture" },
        "up":    { "uv": [ 0.5, 7.5, 1, 8.5 ], "texture": "#texture" },
        "north": { "uv": [ 1, 7.5, 0.5, 8 ], "texture": "#texture" },
        "south": { "uv": [ 0.5, 8.5, 1, 8 ], "texture": "#texture" },
        "west":  { "uv": [ 0.5, 7.5, 1, 8.5 ], "rotation": 270, "texture": "#texture" },
        "east":  { "uv": [ 1, 7.5, 0.5, 8.5 ], "rotation": 90, "texture": "#texture" }
    }
},
{
    "from": [ 6, 6.75, 8.5 ],
    "to": [ 6.5, 7.25, 9.5 ],
    "faces": {
        "down":  { "uv": [ 0.5, 10.5, 1, 9.5 ], "texture": "#texture" },
        "up":    { "uv": [ 0.5, 9.5, 1, 10.5 ], "texture": "#texture" },
        "north": { "uv": [ 1, 9.5, 0.5, 10 ], "texture": "#texture" },
        "south": { "uv": [ 0.5, 10.5, 1, 10 ], "texture": "#texture" },
        "west":  { "uv": [ 0.5, 9.5, 1, 10.5 ], "rotation": 270, "texture": "#texture" },
        "east":  { "uv": [ 1, 9.5, 0.5, 10.5 ], "rotation": 90, "texture": "#texture" }
    }
},
{
    "from": [ 6.5, 6.75, 6 ],
    "to": [ 7.5, 7.25, 6.5 ],
    "faces": {
        "down":  { "uv": [ 1, 7.5, 2, 7 ], "texture": "#texture" },
        "up":    { "uv": [ 1, 7, 2, 7.5 ], "texture": "#texture" },
        "north": { "uv": [ 2, 7, 1, 7.5 ], "texture": "#texture" },
        "south": { "uv": [ 1, 7.5, 2, 7 ], "texture": "#texture" },
        "west":  { "uv": [ 1, 7, 1.5, 7.5 ], "rotation": 270, "texture": "#texture" },
        "east":  { "uv": [ 2, 7, 1.5, 7.5 ], "rotation": 90, "texture": "#texture" }
    }
},
{
    "from": [ 6.5, 6.75, 9.5 ],
    "to": [ 7.5, 7.25, 10 ],
    "faces": {
        "down":  { "uv": [ 1, 11, 2, 10.5 ], "texture": "#texture" },
        "up":    { "uv": [ 1, 10.5, 2, 11 ], "texture": "#texture" },
        "north": { "uv": [ 2, 10.5, 1, 11 ], "texture": "#texture" },
        "south": { "uv": [ 1, 11, 2, 10.5 ], "texture": "#texture" },
        "west":  { "uv": [ 1, 10.5, 1.5, 11 ], "rotation": 270, "texture": "#texture" },
        "east":  { "uv": [ 2, 10.5, 1.5, 11 ], "rotation": 90, "texture": "#texture" }
    }
},
{
    "from": [ 8.5, 6.75, 6 ],
    "to": [ 9.5, 7.25, 6.5 ],
    "faces": {
        "down":  { "uv": [ 3, 7.5, 4, 7 ], "texture": "#texture" },
        "up":    { "uv": [ 3, 7, 4, 7.5 ], "texture": "#texture" },
        "north": { "uv": [ 4, 7, 3, 7.5 ], "texture": "#texture" },
        "south": { "uv": [ 3, 7.5, 4, 7 ], "texture": "#texture" },
        "west":  { "uv": [ 3, 7, 3.5, 7.5 ], "rotation": 270, "texture": "#texture" },
        "east":  { "uv": [ 4, 7, 3.5, 7.5 ], "rotation": 90, "texture": "#texture" }
    }
},
{
    "from": [ 8.5, 6.75, 9.5 ],
    "to": [ 9.5, 7.25, 10 ],
    "faces": {
        "down":  { "uv": [ 3, 11, 4, 10.5 ], "texture": "#texture" },
        "up":    { "uv": [ 3, 10.5, 4, 11 ], "texture": "#texture" },
        "north": { "uv": [ 4, 10.5, 3, 11 ], "texture": "#texture" },
        "south": { "uv": [ 3, 11, 4, 10.5 ], "texture": "#texture" },
        "west":  { "uv": [ 3, 10.5, 3.5, 11 ], "rotation": 270, "texture": "#texture" },
        "east":  { "uv": [ 4, 10.5, 3.5, 11 ], "rotation": 90, "texture": "#texture" }
    }
},
{
    "from": [ 9.5, 6.75, 6.5 ],
    "to": [ 10, 7.25, 7.5 ],
    "faces": {
        "down":  { "uv": [ 4, 8.5, 4.5, 7.5 ], "texture": "#texture" },
        "up":    { "uv": [ 4, 7.5, 4.5, 8.5 ], "texture": "#texture" },
        "north": { "uv": [ 4.5, 7.5, 4, 8 ], "texture": "#texture" },
        "south": { "uv": [ 4, 8.5, 4.5, 8 ], "texture": "#texture" },
        "west":  { "uv": [ 4, 7.5, 4.5, 8.5 ], "rotation": 270, "texture": "#texture" },
        "east":  { "uv": [ 4.5, 7.5, 4, 8.5 ], "rotation": 90, "texture": "#texture" }
    }
},
{
    "from": [ 9.5, 6.75, 8.5 ],
    "to": [ 10, 7.25, 9.5 ],
    "faces": {
        "down":  { "uv": [ 4, 10.5, 4.5, 9.5 ], "texture": "#texture" },
        "up":    { "uv": [ 4, 9.5, 4.5, 10.5 ], "texture": "#texture" },
        "north": { "uv": [ 4.5, 9.5, 4, 10 ], "texture": "#texture" },
        "south": { "uv": [ 4, 10.5, 4.5, 10 ], "texture": "#texture" },
        "west":  { "uv": [ 4, 9.5, 4.5, 10.5 ], "rotation": 270, "texture": "#texture" },
        "east":  { "uv": [ 4.5, 9.5, 4, 10.5 ], "rotation": 90, "texture": "#texture" }
    }
},
{
    "from": [ 10.75, 5, 7.5 ],
    "to": [ 11.25, 6, 8.5 ],
    "faces": {
        "down":  { "uv": [ 8, 10, 8.5, 9.5 ], "texture": "#texture" },
        "up":    { "uv": [ 8, 9, 8.5, 9.5 ], "texture": "#texture" },
        "north": { "uv": [ 8.5, 9, 8, 10 ], "texture": "#texture" },
        "south": { "uv": [ 8, 9, 8.5, 10 ], "texture": "#texture" },
        "west":  { "uv": [ 8, 9, 8.5, 10 ], "texture": "#texture" },
        "east":  { "uv": [ 8.5, 9, 8, 10 ], "texture": "#texture" }
    }
},
{
    "from": [ 10.75, 2.5, 7.5 ],
    "to": [ 12.25, 3, 8.5 ],
    "faces": {
        "down":  { "uv": [ 8, 12.5, 9.5, 12 ], "texture": "#texture" },
        "up":    { "uv": [ 8, 12, 9.5, 12.5 ], "texture": "#texture" },
        "north": { "uv": [ 9.5, 12, 8, 12.5 ], "texture": "#texture" },
        "south": { "uv": [ 8, 12, 9.5, 12.5 ], "texture": "#texture" },
        "west":  { "uv": [ 8, 12, 8.5, 12.5 ], "texture": "#texture" },
        "east":  { "uv": [ 9.5, 12, 9, 12.5 ], "texture": "#texture" }
    }
},
{
    "from": [ 11.25, 5.5, 7.5 ],
    "to": [ 12.75, 6.5, 8.5 ],
    "faces": {
        "down":  { "uv": [ 8.5, 9.5, 10, 9 ], "texture": "#texture" },
        "up":    { "uv": [ 8.5, 8.5, 10, 9 ], "texture": "#texture" },
        "north": { "uv": [ 10, 8.5, 8.5, 9.5 ], "texture": "#texture" },
        "south": { "uv": [ 8.5, 8.5, 10, 9.5 ], "texture": "#texture" },
        "west":  { "uv": [ 8.5, 8.5, 9, 9.5 ], "texture": "#texture" },
        "east":  { "uv": [ 10, 8.5, 9.5, 9.5 ], "texture": "#texture" }
    }
},
{
    "from": [ 11.75, 3, 7.5 ],
    "to": [ 12.75, 3.5, 8.5 ],
    "faces": {
        "down":  { "uv": [ 9, 12, 10, 11.5 ], "texture": "#texture" },
        "up":    { "uv": [ 9, 11.5, 10, 12 ], "texture": "#texture" },
        "north": { "uv": [ 10, 11.5, 9, 12 ], "texture": "#texture" },
        "south": { "uv": [ 9, 11.5, 10, 12 ], "texture": "#texture" },
        "west":  { "uv": [ 9, 11.5, 9.5, 12 ], "texture": "#texture" },
        "east":  { "uv": [ 10, 11.5, 9.5, 12 ], "texture": "#texture" }
    }
},
{
    "from": [ 12.25, 3.5, 7.5 ],
    "to": [ 13.25, 5.5, 8.5 ],
    "faces": {
        "down":  { "uv": [ 9.5, 11.5, 10.5, 11 ], "texture": "#texture" },
        "up":    { "uv": [ 9.5, 9.5, 10.5, 10 ], "texture": "#texture" },
        "north": { "uv": [ 10.5, 9.5, 9.5, 11.5 ], "texture": "#texture" },
        "south": { "uv": [ 9.5, 9.5, 10.5, 11.5 ], "texture": "#texture" },
        "west":  { "uv": [ 9.5, 9.5, 10, 11.5 ], "texture": "#texture" },
        "east":  { "uv": [ 10.5, 9.5, 10, 11.5 ], "texture": "#texture" }
    }
},
{
    "from": [ 12.75, 5.5, 7.5 ],
    "to": [ 13.25, 6, 8.5 ],
    "faces": {
        "down":  { "uv": [ 10, 9.5, 10.5, 9 ], "texture": "#texture" },
        "up":    { "uv": [ 10, 9, 10.5, 9.5 ], "texture": "#texture" },
        "north": { "uv": [ 10.5, 9, 10, 9.5 ], "texture": "#texture" },
        "south": { "uv": [ 10, 9, 10.5, 9.5 ], "texture": "#texture" },
        "west":  { "uv": [ 10, 9, 10.5, 9.5 ], "texture": "#texture" },
        "east":  { "uv": [ 10.5, 9, 10, 9.5 ], "texture": "#texture" }
    }
},
{
    "from": [ 3.25, 4.5, 7.5 ],
    "to": [ 3.75, 6.5, 8.5 ],
    "faces": {
        "down":  { "uv": [ 7, 4.5, 7.5, 4 ], "texture": "#texture" },
        "up":    { "uv": [ 7, 2.5, 7.5, 3 ], "texture": "#texture" },
        "north": { "uv": [ 7.5, 2.5, 7, 4.5 ], "texture": "#texture" },
        "south": { "uv": [ 7, 2.5, 7.5, 4.5 ], "texture": "#texture" },
        "west":  { "uv": [ 7, 2.5, 7.5, 4.5 ], "texture": "#texture" },
        "east":  { "uv": [ 7.5, 2.5, 7, 4.5 ], "texture": "#texture" }
    }
},
{
    "from": [ 3.75, 4, 7.5 ],
    "to": [ 4.75, 4.5, 8.5 ],
    "faces": {
        "down":  { "uv": [ 7.5, 5, 8.5, 4.5 ], "texture": "#texture" },
        "up":    { "uv": [ 7.5, 4.5, 8.5, 5 ], "texture": "#texture" },
        "north": { "uv": [ 8.5, 4.5, 7.5, 5 ], "texture": "#texture" },
        "south": { "uv": [ 7.5, 4.5, 8.5, 5 ], "texture": "#texture" },
        "west":  { "uv": [ 7.5, 4.5, 8, 5 ], "texture": "#texture" },
        "east":  { "uv": [ 8.5, 4.5, 8, 5 ], "texture": "#texture" }
    }
},
{
    "from": [ 4.25, 5, 7.5 ],
    "to": [ 4.75, 6.5, 8.5 ],
    "faces": {
        "down":  { "uv": [ 8, 4, 8.5, 3.5 ], "texture": "#texture" },
        "up":    { "uv": [ 8, 2.5, 8.5, 3 ], "texture": "#texture" },
        "north": { "uv": [ 8.5, 2.5, 8, 4 ], "texture": "#texture" },
        "south": { "uv": [ 8, 2.5, 8.5, 4 ], "texture": "#texture" },
        "west":  { "uv": [ 8, 2.5, 8.5, 4 ], "texture": "#texture" },
        "east":  { "uv": [ 8.5, 2.5, 8, 4 ], "texture": "#texture" }
    }
},
{
    "from": [ 4.25, 3, 7.5 ],
    "to": [ 4.75, 4, 8.5 ],
    "faces": {
        "down":  { "uv": [ 8, 6, 8.5, 5.5 ], "texture": "#texture" },
        "up":    { "uv": [ 8, 5, 8.5, 5.5 ], "texture": "#texture" },
        "north": { "uv": [ 8.5, 5, 8, 6 ], "texture": "#texture" },
        "south": { "uv": [ 8, 5, 8.5, 6 ], "texture": "#texture" },
        "west":  { "uv": [ 8, 5, 8.5, 6 ], "texture": "#texture" },
        "east":  { "uv": [ 8.5, 5, 8, 6 ], "texture": "#texture" }
    }
},
{
    "from": [ 4.75, 5, 7.5 ],
    "to": [ 5.25, 5.5, 8.5 ],
    "faces": {
        "down":  { "uv": [ 8.5, 4, 9, 3.5 ], "texture": "#texture" },
        "up":    { "uv": [ 8.5, 3.5, 9, 4 ], "texture": "#texture" },
        "north": { "uv": [ 9, 3.5, 8.5, 4 ], "texture": "#texture" },
        "south": { "uv": [ 8.5, 3.5, 9, 4 ], "texture": "#texture" },
        "west":  { "uv": [ 8.5, 3.5, 9, 4 ], "texture": "#texture" },
        "east":  { "uv": [ 9, 3.5, 8.5, 4 ], "texture": "#texture" }
    }
},
{
    "from": [ 4.75, 2.5, 7.5 ],
    "to": [ 5.25, 3, 8.5 ],
    "faces": {
        "down":  { "uv": [ 8.5, 6.5, 9, 6 ], "texture": "#texture" },
        "up":    { "uv": [ 8.5, 6, 9, 6.5 ], "texture": "#texture" },
        "north": { "uv": [ 9, 6, 8.5, 6.5 ], "texture": "#texture" },
        "south": { "uv": [ 8.5, 6, 9, 6.5 ], "texture": "#texture" },
        "west":  { "uv": [ 8.5, 6, 9, 6.5 ], "texture": "#texture" },
        "east":  { "uv": [ 9, 6, 8.5, 6.5 ], "texture": "#texture" }
    }
},
{
    "from": [ 6, 1, 6.5 ],
    "to": [ 7, 1.5, 9.5 ],
    "faces": {
        "down":  { "uv": [ 1, 4.5, 2, 1.5 ], "texture": "#texture" },
        "up":    { "uv": [ 1, 1.5, 2, 4.5 ], "texture": "#texture" },
        "north": { "uv": [ 2, 1.5, 1, 2 ], "texture": "#texture" },
        "south": { "uv": [ 1, 4.5, 2, 4 ], "texture": "#texture" },
        "west":  { "uv": [ 1, 1.5, 1.5, 4.5 ], "rotation": 270, "texture": "#texture" },
        "east":  { "uv": [ 2, 1.5, 1.5, 4.5 ], "rotation": 90, "texture": "#texture" }
    }
},
{
    "from": [ 6.5, 1, 6 ],
    "to": [ 9.5, 1.5, 6.5 ],
    "faces": {
        "down":  { "uv": [ 1.5, 1.5, 4.5, 1 ], "texture": "#texture" },
        "up":    { "uv": [ 1.5, 1, 4.5, 1.5 ], "texture": "#texture" },
        "north": { "uv": [ 4.5, 1, 1.5, 1.5 ], "texture": "#texture" },
        "south": { "uv": [ 1.5, 1.5, 4.5, 1 ], "texture": "#texture" },
        "west":  { "uv": [ 1.5, 1, 2, 1.5 ], "rotation": 270, "texture": "#texture" },
        "east":  { "uv": [ 4.5, 1, 4, 1.5 ], "rotation": 90, "texture": "#texture" }
    }
},
{
    "from": [ 6.5, 1, 9.5 ],
    "to": [ 9.5, 1.5, 10 ],
    "faces": {
        "down":  { "uv": [ 1.5, 5, 4.5, 4.5 ], "texture": "#texture" },
        "up":    { "uv": [ 1.5, 4.5, 4.5, 5 ], "texture": "#texture" },
        "north": { "uv": [ 4.5, 4.5, 1.5, 5 ], "texture": "#texture" },
        "south": { "uv": [ 1.5, 5, 4.5, 4.5 ], "texture": "#texture" },
        "west":  { "uv": [ 1.5, 4.5, 2, 5 ], "rotation": 270, "texture": "#texture" },
        "east":  { "uv": [ 4.5, 4.5, 4, 5 ], "rotation": 90, "texture": "#texture" }
    }
},
{
    "from": [ 7, 1, 6.5 ],
    "to": [ 10, 1.5, 7 ],
    "faces": {
        "down":  { "uv": [ 2, 2, 5, 1.5 ], "texture": "#texture" },
        "up":    { "uv": [ 2, 1.5, 5, 2 ], "texture": "#texture" },
        "north": { "uv": [ 5, 1.5, 2, 2 ], "texture": "#texture" },
        "south": { "uv": [ 2, 2, 5, 1.5 ], "texture": "#texture" },
        "west":  { "uv": [ 2, 1.5, 2.5, 2 ], "rotation": 270, "texture": "#texture" },
        "east":  { "uv": [ 5, 1.5, 4.5, 2 ], "rotation": 90, "texture": "#texture" }
    }
},
{
    "from": [ 7, 1, 9 ],
    "to": [ 10, 1.5, 9.5 ],
    "faces": {
        "down":  { "uv": [ 2, 4.5, 5, 4 ], "texture": "#texture" },
        "up":    { "uv": [ 2, 4, 5, 4.5 ], "texture": "#texture" },
        "north": { "uv": [ 5, 4, 2, 4.5 ], "texture": "#texture" },
        "south": { "uv": [ 2, 4.5, 5, 4 ], "texture": "#texture" },
        "west":  { "uv": [ 2, 4, 2.5, 4.5 ], "rotation": 270, "texture": "#texture" },
        "east":  { "uv": [ 5, 4, 4.5, 4.5 ], "rotation": 90, "texture": "#texture" }
    }
},
{
    "from": [ 9, 1, 7 ],
    "to": [ 10, 1.5, 9 ],
    "faces": {
        "down":  { "uv": [ 4, 4, 5, 2 ], "texture": "#texture" },
        "up":    { "uv": [ 4, 2, 5, 4 ], "texture": "#texture" },
        "north": { "uv": [ 5, 2, 4, 2.5 ], "texture": "#texture" },
        "south": { "uv": [ 4, 4, 5, 3.5 ], "texture": "#texture" },
        "west":  { "uv": [ 4, 2, 4.5, 4 ], "rotation": 270, "texture": "#texture" },
        "east":  { "uv": [ 5, 2, 4.5, 4 ], "rotation": 90, "texture": "#texture" }
    }
},
{
    "from": [ 5.5, 0.5, 6.5 ],
    "to": [ 6, 1, 9.5 ],
    "faces": {
        "down":  { "uv": [ 0.5, 4.5, 1, 1.5 ], "texture": "#texture" },
        "up":    { "uv": [ 0.5, 1.5, 1, 4.5 ], "texture": "#texture" },
        "north": { "uv": [ 1, 1.5, 0.5, 2 ], "texture": "#texture" },
        "south": { "uv": [ 0.5, 4.5, 1, 4 ], "texture": "#texture" },
        "west":  { "uv": [ 0.5, 1.5, 1, 4.5 ], "rotation": 270, "texture": "#texture" },
        "east":  { "uv": [ 1, 1.5, 0.5, 4.5 ], "rotation": 90, "texture": "#texture" }
    }
},
{
    "from": [ 6, 0.5, 6 ],
    "to": [ 6.5, 1, 6.5 ],
    "faces": {
        "down":  { "uv": [ 1, 1.5, 1.5, 1 ], "texture": "#texture" },
        "up":    { "uv": [ 1, 1, 1.5, 1.5 ], "texture": "#texture" },
        "north": { "uv": [ 1.5, 1, 1, 1.5 ], "texture": "#texture" },
        "south": { "uv": [ 1, 1.5, 1.5, 1 ], "texture": "#texture" },
        "west":  { "uv": [ 1, 1, 1.5, 1.5 ], "rotation": 270, "texture": "#texture" },
        "east":  { "uv": [ 1.5, 1, 1, 1.5 ], "rotation": 90, "texture": "#texture" }
    }
},
{
    "from": [ 6, 0.5, 9.5 ],
    "to": [ 6.5, 1, 10 ],
    "faces": {
        "down":  { "uv": [ 1, 5, 1.5, 4.5 ], "texture": "#texture" },
        "up":    { "uv": [ 1, 4.5, 1.5, 5 ], "texture": "#texture" },
        "north": { "uv": [ 1.5, 4.5, 1, 5 ], "texture": "#texture" },
        "south": { "uv": [ 1, 5, 1.5, 4.5 ], "texture": "#texture" },
        "west":  { "uv": [ 1, 4.5, 1.5, 5 ], "rotation": 270, "texture": "#texture" },
        "east":  { "uv": [ 1.5, 4.5, 1, 5 ], "rotation": 90, "texture": "#texture" }
    }
},
{
    "from": [ 6.5, 0.5, 5.5 ],
    "to": [ 9.5, 1, 6 ],
    "faces": {
        "down":  { "uv": [ 1.5, 1, 4.5, 0.5 ], "texture": "#texture" },
        "up":    { "uv": [ 1.5, 0.5, 4.5, 1 ], "texture": "#texture" },
        "north": { "uv": [ 4.5, 0.5, 1.5, 1 ], "texture": "#texture" },
        "south": { "uv": [ 1.5, 1, 4.5, 0.5 ], "texture": "#texture" },
        "west":  { "uv": [ 1.5, 0.5, 2, 1 ], "rotation": 270, "texture": "#texture" },
        "east":  { "uv": [ 4.5, 0.5, 4, 1 ], "rotation": 90, "texture": "#texture" }
    }
},
{
    "from": [ 6.5, 0.5, 10 ],
    "to": [ 9.5, 1, 10.5 ],
    "faces": {
        "down":  { "uv": [ 1.5, 5.5, 4.5, 5 ], "texture": "#texture" },
        "up":    { "uv": [ 1.5, 5, 4.5, 5.5 ], "texture": "#texture" },
        "north": { "uv": [ 4.5, 5, 1.5, 5.5 ], "texture": "#texture" },
        "south": { "uv": [ 1.5, 5.5, 4.5, 5 ], "texture": "#texture" },
        "west":  { "uv": [ 1.5, 5, 2, 5.5 ], "rotation": 270, "texture": "#texture" },
        "east":  { "uv": [ 4.5, 5, 4, 5.5 ], "rotation": 90, "texture": "#texture" }
    }
},
{
    "from": [ 9.5, 0.5, 6 ],
    "to": [ 10, 1, 6.5 ],
    "faces": {
        "down":  { "uv": [ 4.5, 1.5, 5, 1 ], "texture": "#texture" },
        "up":    { "uv": [ 4.5, 1, 5, 1.5 ], "texture": "#texture" },
        "north": { "uv": [ 5, 1, 4.5, 1.5 ], "texture": "#texture" },
        "south": { "uv": [ 4.5, 1.5, 5, 1 ], "texture": "#texture" },
        "west":  { "uv": [ 4.5, 1, 5, 1.5 ], "rotation": 270, "texture": "#texture" },
        "east":  { "uv": [ 5, 1, 4.5, 1.5 ], "rotation": 90, "texture": "#texture" }
    }
},
{
    "from": [ 9.5, 0.5, 9.5 ],
    "to": [ 10, 1, 10 ],
    "faces": {
        "down":  { "uv": [ 4.5, 5, 5, 4.5 ], "texture": "#texture" },
        "up":    { "uv": [ 4.5, 4.5, 5, 5 ], "texture": "#texture" },
        "north": { "uv": [ 5, 4.5, 4.5, 5 ], "texture": "#texture" },
        "south": { "uv": [ 4.5, 5, 5, 4.5 ], "texture": "#texture" },
        "west":  { "uv": [ 4.5, 4.5, 5, 5 ], "rotation": 270, "texture": "#texture" },
        "east":  { "uv": [ 5, 4.5, 4.5, 5 ], "rotation": 90, "texture": "#texture" }
    }
},
{
    "from": [ 10, 0.5, 6.5 ],
    "to": [ 10.5, 1, 9.5 ],
    "faces": {
        "down":  { "uv": [ 5, 4.5, 5.5, 1.5 ], "texture": "#texture" },
        "up":    { "uv": [ 5, 1.5, 5.5, 4.5 ], "texture": "#texture" },
        "north": { "uv": [ 5.5, 1.5, 5, 2 ], "texture": "#texture" },
        "south": { "uv": [ 5, 4.5, 5.5, 4 ], "texture": "#texture" },
        "west":  { "uv": [ 5, 1.5, 5.5, 4.5 ], "rotation": 270, "texture": "#texture" },
        "east":  { "uv": [ 5.5, 1.5, 5, 4.5 ], "rotation": 90, "texture": "#texture" }
    }
},
{
    "from": [ 5, 0, 6.5 ],
    "to": [ 5.5, 0.5, 9.5 ],
    "faces": {
        "down":  { "uv": [ 0, 4.5, 0.5, 1.5 ], "texture": "#texture" },
        "up":    { "uv": [ 0, 1.5, 0.5, 4.5 ], "texture": "#texture" },
        "north": { "uv": [ 0.5, 1.5, 0, 2 ], "texture": "#texture" },
        "south": { "uv": [ 0, 4.5, 0.5, 4 ], "texture": "#texture" },
        "west":  { "uv": [ 0, 1.5, 0.5, 4.5 ], "rotation": 270, "texture": "#texture" },
        "east":  { "uv": [ 0.5, 1.5, 0, 4.5 ], "rotation": 90, "texture": "#texture" }
    }
},
{
    "from": [ 5.5, 0, 5.5 ],
    "to": [ 6, 0.5, 6.5 ],
    "faces": {
        "down":  { "uv": [ 0.5, 1.5, 1, 0.5 ], "texture": "#texture" },
        "up":    { "uv": [ 0.5, 0.5, 1, 1.5 ], "texture": "#texture" },
        "north": { "uv": [ 1, 0.5, 0.5, 1 ], "texture": "#texture" },
        "south": { "uv": [ 0.5, 1.5, 1, 1 ], "texture": "#texture" },
        "west":  { "uv": [ 0.5, 0.5, 1, 1.5 ], "rotation": 270, "texture": "#texture" },
        "east":  { "uv": [ 1, 0.5, 0.5, 1.5 ], "rotation": 90, "texture": "#texture" }
    }
},
{
    "from": [ 5.5, 0, 9.5 ],
    "to": [ 6, 0.5, 10.5 ],
    "faces": {
        "down":  { "uv": [ 0.5, 5.5, 1, 4.5 ], "texture": "#texture" },
        "up":    { "uv": [ 0.5, 4.5, 1, 5.5 ], "texture": "#texture" },
        "north": { "uv": [ 1, 4.5, 0.5, 5 ], "texture": "#texture" },
        "south": { "uv": [ 0.5, 5.5, 1, 5 ], "texture": "#texture" },
        "west":  { "uv": [ 0.5, 4.5, 1, 5.5 ], "rotation": 270, "texture": "#texture" },
        "east":  { "uv": [ 1, 4.5, 0.5, 5.5 ], "rotation": 90, "texture": "#texture" }
    }
},
{
    "from": [ 6, 0, 5.5 ],
    "to": [ 6.5, 0.5, 6 ],
    "faces": {
        "down":  { "uv": [ 1, 1, 1.5, 0.5 ], "texture": "#texture" },
        "up":    { "uv": [ 1, 0.5, 1.5, 1 ], "texture": "#texture" },
        "north": { "uv": [ 1.5, 0.5, 1, 1 ], "texture": "#texture" },
        "south": { "uv": [ 1, 1, 1.5, 0.5 ], "texture": "#texture" },
        "west":  { "uv": [ 1, 0.5, 1.5, 1 ], "rotation": 270, "texture": "#texture" },
        "east":  { "uv": [ 1.5, 0.5, 1, 1 ], "rotation": 90, "texture": "#texture" }
    }
},
{
    "from": [ 6, 0, 10 ],
    "to": [ 6.5, 0.5, 10.5 ],
    "faces": {
        "down":  { "uv": [ 1, 5.5, 1.5, 5 ], "texture": "#texture" },
        "up":    { "uv": [ 1, 5, 1.5, 5.5 ], "texture": "#texture" },
        "north": { "uv": [ 1.5, 5, 1, 5.5 ], "texture": "#texture" },
        "south": { "uv": [ 1, 5.5, 1.5, 5 ], "texture": "#texture" },
        "west":  { "uv": [ 1, 5, 1.5, 5.5 ], "rotation": 270, "texture": "#texture" },
        "east":  { "uv": [ 1.5, 5, 1, 5.5 ], "rotation": 90, "texture": "#texture" }
    }
},
{
    "from": [ 6.5, 0, 5 ],
    "to": [ 9.5, 0.5, 5.5 ],
    "faces": {
        "down":  { "uv": [ 1.5, 0.5, 4.5, 0 ], "texture": "#texture" },
        "up":    { "uv": [ 1.5, 0, 4.5, 0.5 ], "texture": "#texture" },
        "north": { "uv": [ 4.5, 0, 1.5, 0.5 ], "texture": "#texture" },
        "south": { "uv": [ 1.5, 0.5, 4.5, 0 ], "texture": "#texture" },
        "west":  { "uv": [ 1.5, 0, 2, 0.5 ], "rotation": 270, "texture": "#texture" },
        "east":  { "uv": [ 4.5, 0, 4, 0.5 ], "rotation": 90, "texture": "#texture" }
    }
},
{
    "from": [ 6.5, 0, 10.5 ],
    "to": [ 9.5, 0.5, 11 ],
    "faces": {
        "down":  { "uv": [ 1.5, 6, 4.5, 5.5 ], "texture": "#texture" },
        "up":    { "uv": [ 1.5, 5.5, 4.5, 6 ], "texture": "#texture" },
        "north": { "uv": [ 4.5, 5.5, 1.5, 6 ], "texture": "#texture" },
        "south": { "uv": [ 1.5, 6, 4.5, 5.5 ], "texture": "#texture" },
        "west":  { "uv": [ 1.5, 5.5, 2, 6 ], "rotation": 270, "texture": "#texture" },
        "east":  { "uv": [ 4.5, 5.5, 4, 6 ], "rotation": 90, "texture": "#texture" }
    }
},
{
    "from": [ 9.5, 0, 5.5 ],
    "to": [ 10.5, 0.5, 6 ],
    "faces": {
        "down":  { "uv": [ 4.5, 1, 5.5, 0.5 ], "texture": "#texture" },
        "up":    { "uv": [ 4.5, 0.5, 5.5, 1 ], "texture": "#texture" },
        "north": { "uv": [ 5.5, 0.5, 4.5, 1 ], "texture": "#texture" },
        "south": { "uv": [ 4.5, 1, 5.5, 0.5 ], "texture": "#texture" },
        "west":  { "uv": [ 4.5, 0.5, 5, 1 ], "rotation": 270, "texture": "#texture" },
        "east":  { "uv": [ 5.5, 0.5, 5, 1 ], "rotation": 90, "texture": "#texture" }
    }
},
{
    "from": [ 9.5, 0, 10 ],
    "to": [ 10.5, 0.5, 10.5 ],
    "faces": {
        "down":  { "uv": [ 4.5, 5.5, 5.5, 5 ], "texture": "#texture" },
        "up":    { "uv": [ 4.5, 5, 5.5, 5.5 ], "texture": "#texture" },
        "north": { "uv": [ 5.5, 5, 4.5, 5.5 ], "texture": "#texture" },
        "south": { "uv": [ 4.5, 5.5, 5.5, 5 ], "texture": "#texture" },
        "west":  { "uv": [ 4.5, 5, 5, 5.5 ], "rotation": 270, "texture": "#texture" },
        "east":  { "uv": [ 5.5, 5, 5, 5.5 ], "rotation": 90, "texture": "#texture" }
    }
},
{
    "from": [ 10, 0, 6 ],
    "to": [ 10.5, 0.5, 6.5 ],
    "faces": {
        "down":  { "uv": [ 5, 1.5, 5.5, 1 ], "texture": "#texture" },
        "up":    { "uv": [ 5, 1, 5.5, 1.5 ], "texture": "#texture" },
        "north": { "uv": [ 5.5, 1, 5, 1.5 ], "texture": "#texture" },
        "south": { "uv": [ 5, 1.5, 5.5, 1 ], "texture": "#texture" },
        "west":  { "uv": [ 5, 1, 5.5, 1.5 ], "rotation": 270, "texture": "#texture" },
        "east":  { "uv": [ 5.5, 1, 5, 1.5 ], "rotation": 90, "texture": "#texture" }
    }
},
{
    "from": [ 10, 0, 9.5 ],
    "to": [ 10.5, 0.5, 10 ],
    "faces": {
        "down":  { "uv": [ 5, 5, 5.5, 4.5 ], "texture": "#texture" },
        "up":    { "uv": [ 5, 4.5, 5.5, 5 ], "texture": "#texture" },
        "north": { "uv": [ 5.5, 4.5, 5, 5 ], "texture": "#texture" },
        "south": { "uv": [ 5, 5, 5.5, 4.5 ], "texture": "#texture" },
        "west":  { "uv": [ 5, 4.5, 5.5, 5 ], "rotation": 270, "texture": "#texture" },
        "east":  { "uv": [ 5.5, 4.5, 5, 5 ], "rotation": 90, "texture": "#texture" }
    }
},
{
    "from": [ 10.5, 0, 6.5 ],
    "to": [ 11, 0.5, 9.5 ],
    "faces": {
        "down":  { "uv": [ 5.5, 4.5, 6, 1.5 ], "texture": "#texture" },
        "up":    { "uv": [ 5.5, 1.5, 6, 4.5 ], "texture": "#texture" },
        "north": { "uv": [ 6, 1.5, 5.5, 2 ], "texture": "#texture" },
        "south": { "uv": [ 5.5, 4.5, 6, 4 ], "texture": "#texture" },
        "west":  { "uv": [ 5.5, 1.5, 6, 4.5 ], "rotation": 270, "texture": "#texture" },
        "east":  { "uv": [ 6, 1.5, 5.5, 4.5 ], "rotation": 90, "texture": "#texture" }
    }
},
{
    "from": [ 6.25, 1.5, 6.25 ],
    "to": [ 9.75, 2, 9.75 ],
    "faces": {
        "down":  { "uv": [ 10, 7, 13.5, 7.5 ], "texture": "#texture" },
        "up":    { "uv": [ 10, 7, 13.5, 7.5 ], "texture": "#texture" },
        "north": { "uv": [ 10, 7, 13.5, 7.5 ], "texture": "#texture" },
        "south": { "uv": [ 10, 7, 13.5, 7.5 ], "texture": "#texture" },
        "west":  { "uv": [ 10, 7, 13.5, 7.5 ], "texture": "#texture" },
        "east":  { "uv": [ 10, 7, 13.5, 7.5 ], "texture": "#texture" }
    }
},
{
    "from": [ 5.25, 2, 5.25 ],
    "to": [ 10.75, 3, 10.75 ],
    "faces": {
        "down":  { "uv": [ 9, 6.5, 14.5, 7 ], "texture": "#texture" },
        "up":    { "uv": [ 9, 6, 14.5, 6.5 ], "texture": "#texture" },
        "north": { "uv": [ 9, 6, 14.5, 7 ], "texture": "#texture" },
        "south": { "uv": [ 9, 6, 14.5, 7 ], "texture": "#texture" },
        "west":  { "uv": [ 9, 6, 14.5, 7 ], "texture": "#texture" },
        "east":  { "uv": [ 9, 6, 14.5, 7 ], "texture": "#texture" }
    }
},
{
    "from": [ 4.75, 3, 4.75 ],
    "to": [ 11.25, 5, 11.25 ],
    "faces": {
        "down":  { "uv": [ 8.5, 5.5, 15, 6 ], "texture": "#texture" },
        "up":    { "uv": [ 8.5, 4, 15, 4.5 ], "texture": "#texture" },
        "north": { "uv": [ 8.5, 4, 15, 6 ], "texture": "#texture" },
        "south": { "uv": [ 8.5, 4, 15, 6 ], "texture": "#texture" },
        "west":  { "uv": [ 8.5, 4, 15, 6 ], "texture": "#texture" },
        "east":  { "uv": [ 8.5, 4, 15, 6 ], "texture": "#texture" }
    }
},
{
    "from": [ 5.25, 5, 5.25 ],
    "to": [ 10.75, 6, 10.75 ],
    "faces": {
        "down":  { "uv": [ 9, 3.5, 14.5, 4 ], "texture": "#texture" },
        "up":    { "uv": [ 9, 3, 14.5, 3.5 ], "texture": "#texture" },
        "north": { "uv": [ 9, 3, 14.5, 4 ], "texture": "#texture" },
        "south": { "uv": [ 9, 3, 14.5, 4 ], "texture": "#texture" },
        "west":  { "uv": [ 9, 3, 14.5, 4 ], "texture": "#texture" },
        "east":  { "uv": [ 9, 3, 14.5, 4 ], "texture": "#texture" }
    }
},
{
    "from": [ 5.75, 6, 5.75 ],
    "to": [ 10.25, 6.5, 10.25 ],
    "faces": {
        "down":  { "uv": [ 9.5, 2.5, 14, 3 ], "texture": "#texture" },
        "up":    { "uv": [ 9.5, 2.5, 14, 3 ], "texture": "#texture" },
        "north": { "uv": [ 9.5, 2.5, 14, 3 ], "texture": "#texture" },
        "south": { "uv": [ 9.5, 2.5, 14, 3 ], "texture": "#texture" },
        "west":  { "uv": [ 9.5, 2.5, 14, 3 ], "texture": "#texture" },
        "east":  { "uv": [ 9.5, 2.5, 14, 3 ], "texture": "#texture" }
    }
},
{
    "from": [ 6.75, 6.5, 6.75 ],
    "to": [ 9.25, 7, 9.25 ],
    "faces": {
        "down":  { "uv": [ 10.5, 2, 13, 2.5 ], "texture": "#texture" },
        "up":    { "uv": [ 10.5, 2, 13, 2.5 ], "texture": "#texture" },
        "north": { "uv": [ 10.5, 2, 13, 2.5 ], "texture": "#texture" },
        "south": { "uv": [ 10.5, 2, 13, 2.5 ], "texture": "#texture" },
        "west":  { "uv": [ 10.5, 2, 13, 2.5 ], "texture": "#texture" },
        "east":  { "uv": [ 10.5, 2, 13, 2.5 ], "texture": "#texture" }
    }
},
{
    "from": [ 3.75, 4.5, 8.5 ],
    "to": [ 4.25, 6.5, 9 ],
    "faces": {
        "down":  { "uv": [ 8, 4, 8.5, 4.5 ], "texture": "#texture" },
        "up":    { "uv": [ 8, 2.5, 8.5, 3 ], "texture": "#texture" },
        "north": { "uv": [ 8, 2.5, 8.5, 4.5 ], "texture": "#texture" },
        "south": { "uv": [ 8, 2.5, 8.5, 4.5 ], "texture": "#texture" },
        "west":  { "uv": [ 8, 2.5, 8.5, 4.5 ], "texture": "#texture" },
        "east":  { "uv": [ 8, 2.5, 8.5, 4.5 ], "texture": "#texture" }
    }
},
{
    "from": [ 3.75, 4.5, 7 ],
    "to": [ 4.25, 6.5, 7.5 ],
    "faces": {
        "down":  { "uv": [ 8, 4, 8.5, 4.5 ], "texture": "#texture" },
        "up":    { "uv": [ 8, 2.5, 8.5, 3 ], "texture": "#texture" },
        "north": { "uv": [ 8, 2.5, 8.5, 4.5 ], "texture": "#texture" },
        "south": { "uv": [ 8, 2.5, 8.5, 4.5 ], "texture": "#texture" },
        "west":  { "uv": [ 8, 2.5, 8.5, 4.5 ], "texture": "#texture" },
        "east":  { "uv": [ 8, 2.5, 8.5, 4.5 ], "texture": "#texture" }
    }
},
{
    "from": [ 4.25, 4.5, 8.5 ],
    "to": [ 4.75, 5, 9 ],
    "faces": {
        "down":  { "uv": [ 8, 4, 8.5, 4.5 ], "texture": "#texture" },
        "up":    { "uv": [ 8, 4, 8.5, 4.5 ], "texture": "#texture" },
        "north": { "uv": [ 8, 4, 8.5, 4.5 ], "texture": "#texture" },
        "south": { "uv": [ 8, 4, 8.5, 4.5 ], "texture": "#texture" },
        "west":  { "uv": [ 8, 4, 8.5, 4.5 ], "texture": "#texture" },
        "east":  { "uv": [ 8, 4, 8.5, 4.5 ], "texture": "#texture" }
    }
},
{
    "from": [ 4.25, 4.5, 7 ],
    "to": [ 4.75, 5, 7.5 ],
    "faces": {
        "down":  { "uv": [ 8, 4, 8.5, 4.5 ], "texture": "#texture" },
        "up":    { "uv": [ 8, 4, 8.5, 4.5 ], "texture": "#texture" },
        "north": { "uv": [ 8, 4, 8.5, 4.5 ], "texture": "#texture" },
        "south": { "uv": [ 8, 4, 8.5, 4.5 ], "texture": "#texture" },
        "west":  { "uv": [ 8, 4, 8.5, 4.5 ], "texture": "#texture" },
        "east":  { "uv": [ 8, 4, 8.5, 4.5 ], "texture": "#texture" }
    }
},
{
    "from": [ 7, 7.5, 7 ],
    "to": [ 9, 8, 9 ],
    "faces": {
        "down":  { "uv": [ 1.5, 10, 3.5, 8 ], "texture": "#texture" },
        "up":    { "uv": [ 1.5, 8, 3.5, 10 ], "texture": "#texture" },
        "north": { "uv": [ 3.5, 8, 1.5, 8.5 ], "texture": "#texture" },
        "south": { "uv": [ 1.5, 9.5, 3.5, 10 ], "texture": "#texture" },
        "west":  { "uv": [ 1.5, 10, 2, 8 ], "rotation": 90, "texture": "#texture" },
        "east":  { "uv": [ 3, 8, 3.5, 10 ], "rotation": 90, "texture": "#texture" }
    }
},
{
    "from": [ 6.5, 7, 6.5 ],
    "to": [ 9.5, 7.5, 9.5 ],
    "faces": {
        "down":  { "uv": [ 1, 10.5, 4, 7.5 ], "texture": "#texture" },
        "up":    { "uv": [ 1, 7.5, 4, 10.5 ], "texture": "#texture" },
        "north": { "uv": [ 4, 7.5, 1, 8 ], "texture": "#texture" },
        "south": { "uv": [ 1, 10, 4, 10.5 ], "texture": "#texture" },
        "west":  { "uv": [ 1, 10.5, 1.5, 7.5 ], "rotation": 90, "texture": "#texture" },
        "east":  { "uv": [ 3.5, 7.5, 4, 10.5 ], "rotation": 90, "texture": "#texture" }
    }
}
],
"display": {
    "thirdperson_righthand": {
        "rotation": [ 0, -90, -68 ],
        "translation": [ 0, 4.54, 1.51 ],
        "scale": [ 1, 1, 1 ]
    },
    "thirdperson_lefthand": {
        "rotation": [ 0, 90, 68 ],
        "translation": [ 0, 4.54, 1.51 ],
        "scale": [ 1, 1, 1 ]
    },
    "head": {
        "rotation": [ 0, 0, 0 ],
        "translation": [ 0, 11.34, 0 ],
        "scale": [ 3, 3, 3 ]
    },
    "ground": {
        "rotation": [ 0, 0, 0 ],
        "translation": [ 0, 5.67, 0 ],
        "scale": [ 1, 1, 1 ]
    },
    "fixed": {
        "rotation": [ 0, 0, 0 ],
        "translation": [ 0, 3.97, 0 ],
        "scale": [ 1, 1, 1 ]
    },
    "firstperson_righthand": {
        "rotation": [ 0, -47, 0 ],
        "translation": [ 0, 5.29, -1.32 ],
        "scale": [ 1, 1, 1 ]
    },
    "firstperson_lefthand": {
        "rotation": [ 0, 125, 0 ],
        "translation": [ 0, 5.29, -1.51 ],
        "scale": [ 1, 1, 1 ]
    }
}
}