{
"__comment": "Designed by Jugbot",
"textures": {
    "texture": "blocks/planks_oak",
    "bookshelf": "blocks/bookshelf"
},
"elements": [ 
{
    "__comment": "Base",
    "from": [ 0, 10, 0 ],
    "to": [ 16, 17, 5 ],
    "faces": {
        "down":  { "uv": [ 0, 0, 16, 5 ], "texture": "#texture" },
        "up":    { "uv": [ 0, 0, 16, 5 ], "texture": "#texture" },
        "north": { "uv": [ 0, 0, 16, 7 ], "texture": "#texture" },
        "south": { "uv": [ 16, 1, 0, 8 ], "texture": "#bookshelf" },
        "west":  { "uv": [ 0, 0, 5, 7 ], "texture": "#texture" },
        "east":  { "uv": [ 0, 0, 5, 7 ], "texture": "#texture" }
    }
},
{
    "__comment": "Base",
    "from": [ 0, 17, 0 ],
    "to": [ 16, 24, 5 ],
    "faces": {
        "down":  { "uv": [ 0, 0, 16, 5 ], "texture": "#texture" },
        "up":    { "uv": [ 0, 0, 16, 5 ], "texture": "#texture" },
        "north": { "uv": [ 0, 0, 16, 7 ], "texture": "#texture" },
        "south": { "uv": [ 0, 9, 16, 16 ], "texture": "#bookshelf" },
        "west":  { "uv": [ 0, 0, 5, 7 ], "texture": "#texture" },
        "east":  { "uv": [ 0, 0, 5, 7 ], "texture": "#texture" }
    }
},
{
    "from": [ 0, 16, 5 ],
    "to": [ 1, 32, 6 ],
    "faces": {
        "down":  { "uv": [ 16, 6, 15, 5 ], "texture": "#texture" },
        "up":    { "uv": [ 0, 5, 1, 6 ], "texture": "#texture" },
        "north": { "uv": [ 15, 0, 16, 16 ], "texture": "#texture" },
        "south": { "uv": [ 0, 0, 1, 16 ], "texture": "#texture" },
        "west":  { "uv": [ 5, 0, 6, 16 ], "texture": "#texture" },
        "east":  { "uv": [ 10, 0, 11, 16 ], "texture": "#texture" }
    }
},
{
    "from": [ 1, 31, 5 ],
    "to": [ 15, 32, 6 ],
    "faces": {
        "down":  { "uv": [ 15, 6, 1, 5 ], "texture": "#texture" },
        "up":    { "uv": [ 1, 5, 15, 6 ], "texture": "#texture" },
        "north": { "uv": [ 1, 0, 15, 1 ], "texture": "#texture" },
        "south": { "uv": [ 1, 0, 15, 1 ], "texture": "#texture" },
        "west":  { "uv": [ 5, 0, 6, 1 ], "texture": "#texture" },
        "east":  { "uv": [ 10, 0, 11, 1 ], "texture": "#texture" }
    }
},
{
    "from": [ 15, 16, 5 ],
    "to": [ 16, 32, 6 ],
    "faces": {
        "down":  { "uv": [ 1, 6, 0, 5 ], "texture": "#texture" },
        "up":    { "uv": [ 15, 5, 16, 6 ], "texture": "#texture" },
        "north": { "uv": [ 0, 0, 1, 16 ], "texture": "#texture" },
        "south": { "uv": [ 15, 0, 16, 16 ], "texture": "#texture" },
        "west":  { "uv": [ 5, 0, 6, 16 ], "texture": "#texture" },
        "east":  { "uv": [ 10, 0, 11, 16 ], "texture": "#texture" }
    }
},
{
    "from": [ 1, 24, 5 ],
    "to": [ 15, 25, 6 ],
    "faces": {
        "down":  { "uv": [ 1, 5, 15, 6 ], "texture": "#texture" },
        "up":    { "uv": [ 1, 5, 15, 6 ], "texture": "#texture" },
        "north": { "uv": [ 1, 0, 15, 1 ], "texture": "#texture" },
        "south": { "uv": [ 1, 0, 15, 1 ], "texture": "#texture" },
        "west":  { "uv": [ 5, 0, 6, 1 ], "texture": "#texture" },
        "east":  { "uv": [ 5, 0, 6, 1 ], "texture": "#texture" }
    }
},
{
    "from": [ 1, 17, 5 ],
    "to": [ 15, 18, 6 ],
    "faces": {
        "down":  { "uv": [ 15, 6, 1, 5 ], "texture": "#texture" },
        "up":    { "uv": [ 1, 5, 15, 6 ], "texture": "#texture" },
        "north": { "uv": [ 1, 15, 15, 16 ], "texture": "#texture" },
        "south": { "uv": [ 1, 15, 15, 16 ], "texture": "#texture" },
        "west":  { "uv": [ 5, 15, 6, 16 ], "texture": "#texture" },
        "east":  { "uv": [ 10, 15, 11, 16 ], "texture": "#texture" }
    }
},
{
    "from": [ 0, 0, 5 ],
    "to": [ 1, 16, 6 ],
    "faces": {
        "down":  { "uv": [ 16, 6, 15, 5 ], "texture": "#texture" },
        "up":    { "uv": [ 0, 5, 1, 6 ], "texture": "#texture" },
        "north": { "uv": [ 15, 0, 16, 16 ], "texture": "#texture" },
        "south": { "uv": [ 0, 0, 1, 16 ], "texture": "#texture" },
        "west":  { "uv": [ 5, 0, 6, 16 ], "texture": "#texture" },
        "east":  { "uv": [ 10, 0, 11, 16 ], "texture": "#texture" }
    }
},
{
    "from": [ 15, 0, 5 ],
    "to": [ 16, 16, 6 ],
    "faces": {
        "down":  { "uv": [ 1, 6, 0, 5 ], "texture": "#texture" },
        "up":    { "uv": [ 15, 5, 16, 6 ], "texture": "#texture" },
        "north": { "uv": [ 0, 0, 1, 16 ], "texture": "#texture" },
        "south": { "uv": [ 15, 0, 16, 16 ], "texture": "#texture" },
        "west":  { "uv": [ 5, 0, 6, 16 ], "texture": "#texture" },
        "east":  { "uv": [ 10, 0, 11, 16 ], "texture": "#texture" }
    }
},
{
    "from": [ 1, 10, 5 ],
    "to": [ 15, 11, 6 ],
    "faces": {
        "down":  { "uv": [ 15, 6, 1, 5 ], "texture": "#texture" },
        "up":    { "uv": [ 1, 5, 15, 6 ], "texture": "#texture" },
        "north": { "uv": [ 1, 5, 15, 6 ], "texture": "#texture" },
        "south": { "uv": [ 1, 5, 15, 6 ], "texture": "#texture" },
        "west":  { "uv": [ 5, 5, 6, 6 ], "texture": "#texture" },
        "east":  { "uv": [ 10, 5, 11, 6 ], "texture": "#texture" }
    }
},
{
    "from": [ 1, 0, 5 ],
    "to": [ 15, 4, 6 ],
    "faces": {
        "down":  { "uv": [ 15, 6, 1, 5 ], "texture": "#texture" },
        "up":    { "uv": [ 1, 5, 15, 6 ], "texture": "#texture" },
        "north": { "uv": [ 1, 12, 15, 16 ], "texture": "#texture" },
        "south": { "uv": [ 1, 12, 15, 16 ], "texture": "#texture" },
        "west":  { "uv": [ 5, 12, 6, 16 ], "texture": "#texture" },
        "east":  { "uv": [ 10, 12, 11, 16 ], "texture": "#texture" }
    }
},
{
    "from": [ 7, 11, 5 ],
    "to": [ 9, 17, 6 ],
    "faces": {
        "down":  { "uv": [ 7, 5, 9, 6 ], "texture": "#texture" },
        "up":    { "uv": [ 7, 5, 9, 6 ], "texture": "#texture" },
        "north": { "uv": [ 7, 0, 9, 6 ], "texture": "#texture" },
        "south": { "uv": [ 7, 0, 9, 6 ], "texture": "#texture" },
        "west":  { "uv": [ 5, 0, 6, 6 ], "texture": "#texture" },
        "east":  { "uv": [ 5, 0, 6, 6 ], "texture": "#texture" }
    }
},
{
    "from": [ 7, 25, 5 ],
    "to": [ 9, 31, 6 ],
    "faces": {
        "down":  { "uv": [ 9, 6, 7, 5 ], "texture": "#texture" },
        "up":    { "uv": [ 7, 5, 9, 6 ], "texture": "#texture" },
        "north": { "uv": [ 7, 1, 9, 7 ], "texture": "#texture" },
        "south": { "uv": [ 7, 1, 9, 7 ], "texture": "#texture" },
        "west":  { "uv": [ 5, 1, 6, 7 ], "texture": "#texture" },
        "east":  { "uv": [ 10, 1, 11, 7 ], "texture": "#texture" }
    }
},
{
    "__comment": "Base*",
    "from": [ 0, 0, 0 ],
    "to": [ 16, 10, 5 ],
    "faces": {
        "down":  { "uv": [ 0, 0, 16, 5 ], "texture": "#texture" },
        "up":    { "uv": [ 0, 0, 16, 5 ], "texture": "#texture" },
        "north": { "uv": [ 0, 6, 16, 16 ], "texture": "#texture" },
        "south": { "uv": [ 0, 1, 16, 11 ], "texture": "#bookshelf" },
        "west":  { "uv": [ 0, 6, 5, 16 ], "texture": "#texture" },
        "east":  { "uv": [ 0, 6, 5, 16 ], "texture": "#texture" }
    }
},
{
    "__comment": "Base*",
    "from": [ 0, 24, 0 ],
    "to": [ 16, 32, 5 ],
    "faces": {
        "down":  { "uv": [ 0, 0, 16, 5 ], "texture": "#texture" },
        "up":    { "uv": [ 0, 0, 16, 5 ], "texture": "#texture" },
        "north": { "uv": [ 0, 0, 16, 8 ], "texture": "#texture" },
        "south": { "uv": [ 0, 0, 16, 8 ], "texture": "#bookshelf" },
        "west":  { "uv": [ 0, 0, 5, 8 ], "texture": "#texture" },
        "east":  { "uv": [ 0, 0, 5, 8 ], "texture": "#texture" }
    }
}
],
"display": {
    "thirdperson_righthand": {
        "rotation": [ 0, -43, 0 ],
        "translation": [ 0, 3.97, 0 ],
        "scale": [ 0.5, 0.5, 0.5 ]
    },
    "thirdperson_lefthand": {
        "rotation": [ 0, -43, 0 ],
        "translation": [ 0, 3.97, 0 ],
        "scale": [ 0.5, 0.5, 0.5 ]
    },
    "head": {
        "rotation": [ 0, 180, 0 ],
        "translation": [ 0, -30.5, 0 ],
        "scale": [ 1.6, 1.6, 1.6 ]
    },
    "ground": {
        "rotation": [ 0, 0, 0 ],
        "translation": [ 0, 2, 0 ],
        "scale": [ 0.5, 0.5, 0.5 ]
    },
    "fixed": {
        "rotation": [ 0, 180, 0 ],
        "translation": [ 0, 0, -3.4 ],
        "scale": [ 0.5, 0.5, 0.5 ]
    },
    "firstperson_righthand": {
        "rotation": [ 0, -64, 0 ],
        "translation": [ 0, 3.4, 0 ],
        "scale": [ 0.5, 0.5, 0.5 ]
    },
    "firstperson_lefthand": {
        "rotation": [ 0, -64, 0 ],
        "translation": [ 0, 3.4, 0 ],
        "scale": [ 0.5, 0.5, 0.5 ]
    },
    "gui": {
        "rotation": [ 35, 35, 0 ],
        "translation": [ 0, 0, 0 ],
        "scale": [ 0.62, 0.62, 0.62 ]
    }
}
}