{
"__comment": "Designed by Jugbot with BDcraft Cubik PRO 0.96 Beta - http://bdcraft.net",
"textures": {
    "texture": "blocks/hardened_clay_stained_green",
    "hardened_clay_stained_black": "blocks/hardened_clay_stained_black",
    "cauldron_inner": "blocks/cauldron_inner",
    "quartz_block_bottom": "blocks/quartz_block_bottom",
    "pumpkin_side": "blocks/pumpkin_side"
},
"elements": [ 
{
    "__comment": "Bucket",
    "from": [ 0, 6, 4 ],
    "to": [ 1, 12, 12 ],
    "faces": {
        "down":  { "uv": [ 16, 12, 15, 4 ], "texture": "#texture" },
        "up":    { "uv": [ 0, 4, 1, 12 ], "texture": "#texture" },
        "north": { "uv": [ 15, 4, 16, 10 ], "texture": "#texture" },
        "south": { "uv": [ 0, 4, 1, 10 ], "texture": "#texture" },
        "west":  { "uv": [ 4, 4, 12, 10 ], "texture": "#texture" },
        "east":  { "uv": [ 4, 4, 12, 10 ], "texture": "#texture" }
    }
},
{
    "__comment": "Bucket",
    "from": [ 1, 6, 3 ],
    "to": [ 15, 12, 4 ],
    "faces": {
        "down":  { "uv": [ 15, 4, 1, 3 ], "texture": "#texture" },
        "up":    { "uv": [ 1, 3, 15, 4 ], "texture": "#texture" },
        "north": { "uv": [ 1, 4, 15, 10 ], "texture": "#texture" },
        "south": { "uv": [ 1, 4, 15, 10 ], "texture": "#texture" },
        "west":  { "uv": [ 3, 4, 4, 10 ], "texture": "#texture" },
        "east":  { "uv": [ 12, 4, 13, 10 ], "texture": "#texture" }
    }
},
{
    "__comment": "Bucket",
    "from": [ 1, 6, 12 ],
    "to": [ 15, 12, 13 ],
    "faces": {
        "down":  { "uv": [ 15, 13, 1, 12 ], "texture": "#texture" },
        "up":    { "uv": [ 1, 12, 15, 13 ], "texture": "#texture" },
        "north": { "uv": [ 1, 4, 15, 10 ], "texture": "#texture" },
        "south": { "uv": [ 1, 4, 15, 10 ], "texture": "#texture" },
        "west":  { "uv": [ 12, 4, 13, 10 ], "texture": "#texture" },
        "east":  { "uv": [ 3, 4, 4, 10 ], "texture": "#texture" }
    }
},
{
    "__comment": "Bucket",
    "from": [ 15, 6, 3 ],
    "to": [ 16, 12, 13 ],
    "faces": {
        "down":  { "uv": [ 1, 13, 0, 3 ], "texture": "#texture" },
        "up":    { "uv": [ 15, 3, 16, 13 ], "texture": "#texture" },
        "north": { "uv": [ 0, 4, 1, 10 ], "texture": "#texture" },
        "south": { "uv": [ 15, 4, 16, 10 ], "texture": "#texture" },
        "west":  { "uv": [ 3, 4, 13, 10 ], "texture": "#texture" },
        "east":  { "uv": [ 3, 4, 13, 10 ], "texture": "#texture" }
    }
},
{
    "__comment": "Bucket",
    "from": [ 1, 6, 4 ],
    "to": [ 2, 12, 5 ],
    "faces": {
        "down":  { "uv": [ 15, 5, 14, 4 ], "texture": "#texture" },
        "up":    { "uv": [ 1, 4, 2, 5 ], "texture": "#texture" },
        "north": { "uv": [ 14, 4, 15, 10 ], "texture": "#texture" },
        "south": { "uv": [ 1, 4, 2, 10 ], "texture": "#texture" },
        "west":  { "uv": [ 4, 4, 5, 10 ], "texture": "#texture" },
        "east":  { "uv": [ 11, 4, 12, 10 ], "texture": "#texture" }
    }
},
{
    "__comment": "Bucket",
    "from": [ 1, 6, 11 ],
    "to": [ 2, 12, 12 ],
    "faces": {
        "down":  { "uv": [ 15, 12, 14, 11 ], "texture": "#texture" },
        "up":    { "uv": [ 1, 11, 2, 12 ], "texture": "#texture" },
        "north": { "uv": [ 14, 4, 15, 10 ], "texture": "#texture" },
        "south": { "uv": [ 1, 4, 2, 10 ], "texture": "#texture" },
        "west":  { "uv": [ 11, 4, 12, 10 ], "texture": "#texture" },
        "east":  { "uv": [ 4, 4, 5, 10 ], "texture": "#texture" }
    }
},
{
    "__comment": "Bucket",
    "from": [ 1, 5, 3 ],
    "to": [ 16, 6, 13 ],
    "faces": {
        "down":  { "uv": [ 15, 13, 0, 3 ], "texture": "#texture" },
        "up":    { "uv": [ 1, 3, 16, 13 ], "texture": "#texture" },
        "north": { "uv": [ 0, 10, 15, 11 ], "texture": "#texture" },
        "south": { "uv": [ 1, 10, 16, 11 ], "texture": "#texture" },
        "west":  { "uv": [ 3, 10, 13, 11 ], "texture": "#texture" },
        "east":  { "uv": [ 3, 10, 13, 11 ], "texture": "#texture" }
    }
},
{
    "__comment": "Wheel",
    "from": [ -5, 6, 6 ],
    "to": [ -2, 8, 10 ],
    "faces": {
        "down":  { "uv": [ 16, 10, 16, 6 ], "texture": "#hardened_clay_stained_black" },
        "up":    { "uv": [ 0, 6, 0, 10 ], "texture": "#hardened_clay_stained_black" },
        "north": { "uv": [ 16, 8, 16, 10 ], "texture": "#hardened_clay_stained_black" },
        "south": { "uv": [ 0, 8, 0, 10 ], "texture": "#hardened_clay_stained_black" },
        "west":  { "uv": [ 6, 8, 10, 10 ], "texture": "#hardened_clay_stained_black" },
        "east":  { "uv": [ 6, 8, 10, 10 ], "texture": "#hardened_clay_stained_black" }
    }
},
{
    "__comment": "Wheel",
    "from": [ -6, 2, 6 ],
    "to": [ -5, 7, 10 ],
    "faces": {
        "down":  { "uv": [ 16, 10, 16, 6 ], "texture": "#hardened_clay_stained_black" },
        "up":    { "uv": [ 0, 6, 0, 10 ], "texture": "#hardened_clay_stained_black" },
        "north": { "uv": [ 16, 9, 16, 14 ], "texture": "#hardened_clay_stained_black" },
        "south": { "uv": [ 0, 9, 0, 14 ], "texture": "#hardened_clay_stained_black" },
        "west":  { "uv": [ 6, 9, 10, 14 ], "texture": "#hardened_clay_stained_black" },
        "east":  { "uv": [ 6, 9, 10, 14 ], "texture": "#hardened_clay_stained_black" }
    }
},
{
    "__comment": "Wheel",
    "from": [ -7, 3, 6 ],
    "to": [ -6, 6, 10 ],
    "faces": {
        "down":  { "uv": [ 16, 10, 16, 6 ], "texture": "#hardened_clay_stained_black" },
        "up":    { "uv": [ 0, 6, 0, 10 ], "texture": "#hardened_clay_stained_black" },
        "north": { "uv": [ 16, 10, 16, 13 ], "texture": "#hardened_clay_stained_black" },
        "south": { "uv": [ 0, 10, 0, 13 ], "texture": "#hardened_clay_stained_black" },
        "west":  { "uv": [ 6, 10, 10, 13 ], "texture": "#hardened_clay_stained_black" },
        "east":  { "uv": [ 6, 10, 10, 13 ], "texture": "#hardened_clay_stained_black" }
    }
},
{
    "__comment": "Wheel",
    "from": [ -5, 1, 6 ],
    "to": [ -2, 3, 10 ],
    "faces": {
        "down":  { "uv": [ 16, 10, 16, 6 ], "texture": "#hardened_clay_stained_black" },
        "up":    { "uv": [ 0, 6, 0, 10 ], "texture": "#hardened_clay_stained_black" },
        "north": { "uv": [ 16, 13, 16, 15 ], "texture": "#hardened_clay_stained_black" },
        "south": { "uv": [ 0, 13, 0, 15 ], "texture": "#hardened_clay_stained_black" },
        "west":  { "uv": [ 6, 13, 10, 15 ], "texture": "#hardened_clay_stained_black" },
        "east":  { "uv": [ 6, 13, 10, 15 ], "texture": "#hardened_clay_stained_black" }
    }
},
{
    "__comment": "Wheel",
    "from": [ -2, 2, 6 ],
    "to": [ -1, 7, 10 ],
    "faces": {
        "down":  { "uv": [ 16, 10, 16, 6 ], "texture": "#hardened_clay_stained_black" },
        "up":    { "uv": [ 0, 6, 0, 10 ], "texture": "#hardened_clay_stained_black" },
        "north": { "uv": [ 16, 9, 16, 14 ], "texture": "#hardened_clay_stained_black" },
        "south": { "uv": [ 0, 9, 0, 14 ], "texture": "#hardened_clay_stained_black" },
        "west":  { "uv": [ 6, 9, 10, 14 ], "texture": "#hardened_clay_stained_black" },
        "east":  { "uv": [ 6, 9, 10, 14 ], "texture": "#hardened_clay_stained_black" }
    }
},
{
    "__comment": "Wheel",
    "from": [ -1, 3, 6 ],
    "to": [ 0, 6, 10 ],
    "faces": {
        "down":  { "uv": [ 16, 10, 16, 6 ], "texture": "#hardened_clay_stained_black" },
        "up":    { "uv": [ 0, 6, 0, 10 ], "texture": "#hardened_clay_stained_black" },
        "north": { "uv": [ 16, 10, 16, 13 ], "texture": "#hardened_clay_stained_black" },
        "south": { "uv": [ 0, 10, 0, 13 ], "texture": "#hardened_clay_stained_black" },
        "west":  { "uv": [ 6, 10, 10, 13 ], "texture": "#hardened_clay_stained_black" },
        "east":  { "uv": [ 6, 10, 10, 13 ], "texture": "#hardened_clay_stained_black" }
    }
},
{
    "__comment": "Wheel",
    "from": [ -5, 3, 7 ],
    "to": [ -2, 6, 9 ],
    "faces": {
        "down":  { "uv": [ 16, 9, 16, 7 ], "texture": "#quartz_block_bottom" },
        "up":    { "uv": [ 0, 7, 0, 9 ], "texture": "#quartz_block_bottom" },
        "north": { "uv": [ 16, 10, 16, 13 ], "texture": "#quartz_block_bottom" },
        "south": { "uv": [ 0, 10, 0, 13 ], "texture": "#quartz_block_bottom" },
        "west":  { "uv": [ 7, 10, 9, 13 ], "texture": "#quartz_block_bottom" },
        "east":  { "uv": [ 7, 10, 9, 13 ], "texture": "#quartz_block_bottom" }
    }
},
{
    "from": [ -4, 4, 5 ],
    "to": [ -3, 5, 11 ],
    "faces": {
        "down":  { "uv": [ 16, 11, 15, 5 ], "texture": "#cauldron_inner" },
        "up":    { "uv": [ 0, 5, 1, 11 ], "texture": "#cauldron_inner" },
        "north": { "uv": [ 15, 7, 16, 8 ], "texture": "#cauldron_inner" },
        "south": { "uv": [ 0, 7, 1, 8 ], "texture": "#cauldron_inner" },
        "west":  { "uv": [ 5, 7, 11, 8 ], "texture": "#cauldron_inner" },
        "east":  { "uv": [ 5, 7, 11, 8 ], "texture": "#cauldron_inner" }
    }
},
{
    "from": [ 6, 4, 5 ],
    "to": [ 16, 5, 6 ],
    "faces": {
        "down":  { "uv": [ 10, 6, 0, 5 ], "texture": "#cauldron_inner" },
        "up":    { "uv": [ 6, 5, 16, 6 ], "texture": "#cauldron_inner" },
        "north": { "uv": [ 0, 11, 10, 12 ], "texture": "#cauldron_inner" },
        "south": { "uv": [ 6, 11, 16, 12 ], "texture": "#cauldron_inner" },
        "west":  { "uv": [ 5, 11, 6, 12 ], "texture": "#cauldron_inner" },
        "east":  { "uv": [ 10, 11, 11, 12 ], "texture": "#cauldron_inner" }
    }
},
{
    "from": [ 16, 0, 5 ],
    "to": [ 17, 11, 6 ],
    "faces": {
        "down":  { "uv": [ 1, 6, 0, 5 ], "texture": "#cauldron_inner" },
        "up":    { "uv": [ 15, 5, 16, 6 ], "texture": "#cauldron_inner" },
        "north": { "uv": [ 0, 1, 1, 12 ], "texture": "#cauldron_inner" },
        "south": { "uv": [ 15, 1, 16, 12 ], "texture": "#cauldron_inner" },
        "west":  { "uv": [ 5, 1, 6, 12 ], "texture": "#cauldron_inner" },
        "east":  { "uv": [ 10, 1, 11, 12 ], "texture": "#cauldron_inner" }
    }
},
{
    "from": [ 10, -1.65685, 4.9375 ],
    "to": [ 11, 4, 5.9375 ],
    "rotation": { "origin": [ 10, 4, 4.9375 ], "axis": "z", "angle": 45 },
    "faces": {
        "down":  { "uv": [ 4.5, 6, 3.5, 5 ], "texture": "#cauldron_inner" },
        "up":    { "uv": [ 11.5, 5, 12.5, 6 ], "texture": "#cauldron_inner" },
        "north": { "uv": [ 3.5, 8, 4.5, 13.5 ], "texture": "#cauldron_inner" },
        "south": { "uv": [ 11.5, 8, 12.5, 13.5 ], "texture": "#cauldron_inner" },
        "west":  { "uv": [ 5, 8, 6, 13.5 ], "texture": "#cauldron_inner" },
        "east":  { "uv": [ 10, 8, 11, 13.5 ], "texture": "#cauldron_inner" }
    }
},
{
    "from": [ -3, 4, 5 ],
    "to": [ 6, 5, 6 ],
    "faces": {
        "down":  { "uv": [ 10, 11, 1, 10 ], "texture": "#cauldron_inner" },
        "up":    { "uv": [ 6, 10, 15, 11 ], "texture": "#cauldron_inner" },
        "north": { "uv": [ 1, 7, 10, 8 ], "texture": "#cauldron_inner" },
        "south": { "uv": [ 6, 7, 15, 8 ], "texture": "#cauldron_inner" },
        "west":  { "uv": [ 10, 7, 11, 8 ], "texture": "#cauldron_inner" },
        "east":  { "uv": [ 5, 7, 6, 8 ], "texture": "#cauldron_inner" }
    }
},
{
    "from": [ 14, 0, 5 ],
    "to": [ 16, 1, 6 ],
    "faces": {
        "down":  { "uv": [ 2, 6, 0, 5 ], "texture": "#cauldron_inner" },
        "up":    { "uv": [ 14, 5, 16, 6 ], "texture": "#cauldron_inner" },
        "north": { "uv": [ 0, 15, 2, 16 ], "texture": "#cauldron_inner" },
        "south": { "uv": [ 14, 15, 16, 16 ], "texture": "#cauldron_inner" },
        "west":  { "uv": [ 5, 15, 6, 16 ], "texture": "#cauldron_inner" },
        "east":  { "uv": [ 10, 15, 11, 16 ], "texture": "#cauldron_inner" }
    }
},
{
    "__comment": "Handle",
    "from": [ 17, 10, 5 ],
    "to": [ 21, 11, 6 ],
    "faces": {
        "down":  { "uv": [ 0, 11, 0, 10 ], "texture": "#pumpkin_side" },
        "up":    { "uv": [ 16, 10, 16, 11 ], "texture": "#pumpkin_side" },
        "north": { "uv": [ 0, 0, 0, 3 ], "texture": "#pumpkin_side" },
        "south": { "uv": [ 16, 0, 16, 3 ], "texture": "#pumpkin_side" },
        "west":  { "uv": [ 10, 0, 11, 3 ], "texture": "#pumpkin_side" },
        "east":  { "uv": [ 5, 0, 6, 3 ], "texture": "#pumpkin_side" }
    }
},
{
    "from": [ 6, 4, 10 ],
    "to": [ 16, 5, 11 ],
    "faces": {
        "down":  { "uv": [ 10, 11, 0, 10 ], "texture": "#cauldron_inner" },
        "up":    { "uv": [ 6, 10, 16, 11 ], "texture": "#cauldron_inner" },
        "north": { "uv": [ 0, 11, 10, 12 ], "texture": "#cauldron_inner" },
        "south": { "uv": [ 6, 11, 16, 12 ], "texture": "#cauldron_inner" },
        "west":  { "uv": [ 10, 11, 11, 12 ], "texture": "#cauldron_inner" },
        "east":  { "uv": [ 5, 11, 6, 12 ], "texture": "#cauldron_inner" }
    }
},
{
    "from": [ 16, 0, 10 ],
    "to": [ 17, 11, 11 ],
    "faces": {
        "down":  { "uv": [ 1, 11, 0, 10 ], "texture": "#cauldron_inner" },
        "up":    { "uv": [ 15, 10, 16, 11 ], "texture": "#cauldron_inner" },
        "north": { "uv": [ 0, 1, 1, 12 ], "texture": "#cauldron_inner" },
        "south": { "uv": [ 15, 1, 16, 12 ], "texture": "#cauldron_inner" },
        "west":  { "uv": [ 10, 1, 11, 12 ], "texture": "#cauldron_inner" },
        "east":  { "uv": [ 5, 1, 6, 12 ], "texture": "#cauldron_inner" }
    }
},
{
    "from": [ 10, -1.65685, 9.9375 ],
    "to": [ 11, 4, 10.9375 ],
    "rotation": { "origin": [ 10, 4, 9.9375 ], "axis": "z", "angle": 45 },
    "faces": {
        "down":  { "uv": [ 4.5, 6, 3.5, 5 ], "texture": "#cauldron_inner" },
        "up":    { "uv": [ 11.5, 5, 12.5, 6 ], "texture": "#cauldron_inner" },
        "north": { "uv": [ 3.5, 8, 4.5, 13.5 ], "texture": "#cauldron_inner" },
        "south": { "uv": [ 11.5, 8, 12.5, 13.5 ], "texture": "#cauldron_inner" },
        "west":  { "uv": [ 5, 8, 6, 13.5 ], "texture": "#cauldron_inner" },
        "east":  { "uv": [ 10, 8, 11, 13.5 ], "texture": "#cauldron_inner" }
    }
},
{
    "from": [ -3, 4, 10 ],
    "to": [ 6, 5, 11 ],
    "faces": {
        "down":  { "uv": [ 10, 11, 1, 10 ], "texture": "#cauldron_inner" },
        "up":    { "uv": [ 6, 10, 15, 11 ], "texture": "#cauldron_inner" },
        "north": { "uv": [ 1, 7, 10, 8 ], "texture": "#cauldron_inner" },
        "south": { "uv": [ 6, 7, 15, 8 ], "texture": "#cauldron_inner" },
        "west":  { "uv": [ 10, 7, 11, 8 ], "texture": "#cauldron_inner" },
        "east":  { "uv": [ 5, 7, 6, 8 ], "texture": "#cauldron_inner" }
    }
},
{
    "from": [ 14, 0, 10 ],
    "to": [ 16, 1, 11 ],
    "faces": {
        "down":  { "uv": [ 2, 11, 0, 10 ], "texture": "#cauldron_inner" },
        "up":    { "uv": [ 14, 10, 16, 11 ], "texture": "#cauldron_inner" },
        "north": { "uv": [ 0, 15, 2, 16 ], "texture": "#cauldron_inner" },
        "south": { "uv": [ 14, 15, 16, 16 ], "texture": "#cauldron_inner" },
        "west":  { "uv": [ 10, 15, 11, 16 ], "texture": "#cauldron_inner" },
        "east":  { "uv": [ 5, 15, 6, 16 ], "texture": "#cauldron_inner" }
    }
},
{
    "__comment": "Handle",
    "from": [ 17, 10, 10 ],
    "to": [ 21, 11, 11 ],
    "faces": {
        "down":  { "uv": [ 0, 11, 0, 10 ], "texture": "#pumpkin_side" },
        "up":    { "uv": [ 16, 10, 16, 11 ], "texture": "#pumpkin_side" },
        "north": { "uv": [ 0, 0, 0, 3 ], "texture": "#pumpkin_side" },
        "south": { "uv": [ 16, 0, 16, 3 ], "texture": "#pumpkin_side" },
        "west":  { "uv": [ 10, 0, 11, 3 ], "texture": "#pumpkin_side" },
        "east":  { "uv": [ 5, 0, 6, 3 ], "texture": "#pumpkin_side" }
    }
},
{
    "from": [ 4, 4, 6 ],
    "to": [ 5, 5, 10 ],
    "faces": {
        "down":  { "uv": [ 12, 10, 11, 6 ], "texture": "#cauldron_inner" },
        "up":    { "uv": [ 4, 6, 5, 10 ], "texture": "#cauldron_inner" },
        "north": { "uv": [ 11, 11, 12, 12 ], "texture": "#cauldron_inner" },
        "south": { "uv": [ 4, 11, 5, 12 ], "texture": "#cauldron_inner" },
        "west":  { "uv": [ 6, 11, 10, 12 ], "texture": "#cauldron_inner" },
        "east":  { "uv": [ 6, 11, 10, 12 ], "texture": "#cauldron_inner" }
    }
},
{
    "from": [ 13, 4, 6 ],
    "to": [ 14, 5, 10 ],
    "faces": {
        "down":  { "uv": [ 3, 10, 2, 6 ], "texture": "#cauldron_inner" },
        "up":    { "uv": [ 13, 6, 14, 10 ], "texture": "#cauldron_inner" },
        "north": { "uv": [ 2, 11, 3, 12 ], "texture": "#cauldron_inner" },
        "south": { "uv": [ 13, 11, 14, 12 ], "texture": "#cauldron_inner" },
        "west":  { "uv": [ 6, 11, 10, 12 ], "texture": "#cauldron_inner" },
        "east":  { "uv": [ 6, 11, 10, 12 ], "texture": "#cauldron_inner" }
    }
}
]
}