{
"__comment": "Designed by Rottennugget",
"textures": {
    "texture": "blocks/wool_colored_silver",
    "particle": "blocks/wool_colored_silver",
    "gray": "blocks/furniture/entertainment",
    "black": "blocks/furniture/light02"
},
"elements": [ 
{
    "from": [ 7, 4, 7 ],
    "to": [ 9, 14, 9 ],
    "faces": {
        "down":  { "uv": [ 9, 9, 7, 7 ], "texture": "#black" },
        "up":    { "uv": [ 7, 7, 9, 9 ], "texture": "#black" },
        "north": { "uv": [ 7, 2, 9, 12 ], "texture": "#black" },
        "south": { "uv": [ 7, 2, 9, 12 ], "texture": "#black" },
        "west":  { "uv": [ 7, 2, 9, 12 ], "texture": "#black" },
        "east":  { "uv": [ 7, 2, 9, 12 ], "texture": "#black" }
    }
},
{
    "from": [ 0.5, 1.5, 7.25 ],
    "to": [ 7.5, 2.5, 8.75 ],
    "rotation": { "origin": [ 0.5, 2.5, 7.25 ], "axis": "z", "angle": 22.5 },
    "faces": {
        "down":  { "uv": [ 16, 8.5, 9, 7.5 ], "texture": "#gray" },
        "up":    { "uv": [ 0, 7.5, 7, 8.5 ], "texture": "#gray" },
        "north": { "uv": [ 9, 0, 16, 1 ], "texture": "#gray" },
        "south": { "uv": [ 0, 0, 7, 1 ], "texture": "#gray" },
        "west":  { "uv": [ 7.5, 0, 8.5, 1 ], "texture": "#gray" },
        "east":  { "uv": [ 7.5, 0, 8.5, 1 ], "texture": "#gray" }
    }
},
{
    "from": [ 9, 4.25, 7.25 ],
    "to": [ 16, 5.25, 8.75 ],
    "rotation": { "origin": [ 9, 5.25, 7.25 ], "axis": "z", "angle": -22.5 },
    "faces": {
        "down":  { "uv": [ 16, 8.5, 9, 7.5 ], "texture": "#gray" },
        "up":    { "uv": [ 0, 7.5, 7, 8.5 ], "texture": "#gray" },
        "north": { "uv": [ 9, 0, 16, 1 ], "texture": "#gray" },
        "south": { "uv": [ 0, 0, 7, 1 ], "texture": "#gray" },
        "west":  { "uv": [ 7.5, 0, 8.5, 1 ], "texture": "#gray" },
        "east":  { "uv": [ 7.5, 0, 8.5, 1 ], "texture": "#gray" }
    }
},
{
    "from": [ 7.25, 1.5, 0.5 ],
    "to": [ 8.75, 2.5, 7.5 ],
    "rotation": { "origin": [ 7.25, 2.5, 0.5 ], "axis": "x", "angle": -22.5 },
    "faces": {
        "down":  { "uv": [ 8.75, 7, 7.25, 0 ], "texture": "#gray" },
        "up":    { "uv": [ 7.25, 0, 8.75, 7 ], "texture": "#gray" },
        "north": { "uv": [ 7.25, 0, 8.75, 1 ], "texture": "#gray" },
        "south": { "uv": [ 7.25, 0, 8.75, 1 ], "texture": "#gray" },
        "west":  { "uv": [ 0, 0, 7, 1 ], "texture": "#gray" },
        "east":  { "uv": [ 9, 0, 16, 1 ], "texture": "#gray" }
    }
},
{
    "from": [ 7.25, 4.1875, 9.0625 ],
    "to": [ 8.75, 5.1875, 16.0625 ],
    "rotation": { "origin": [ 7.25, 5.1875, 9.0625 ], "axis": "x", "angle": 22.5 },
    "faces": {
        "down":  { "uv": [ 8.75, 7, 7.25, 0 ], "texture": "#gray" },
        "up":    { "uv": [ 7.25, 0, 8.75, 7 ], "texture": "#gray" },
        "north": { "uv": [ 7.25, 0, 8.75, 1 ], "texture": "#gray" },
        "south": { "uv": [ 7.25, 0, 8.75, 1 ], "texture": "#gray" },
        "west":  { "uv": [ 0, 0, 7, 1 ], "texture": "#gray" },
        "east":  { "uv": [ 9, 0, 16, 1 ], "texture": "#gray" }
    }
},
{
    "from": [ 1, 0.5, 7.5 ],
    "to": [ 3, 2.5, 8.5 ],
    "rotation": { "origin": [ 1, 2.5, 7.5 ], "axis": "z", "angle": -45 },
    "faces": {
        "down":  { "uv": [ 15.5, 8.5, 13.5, 7.5 ], "texture": "#gray" },
        "up":    { "uv": [ 0.5, 7.5, 2.5, 8.5 ], "texture": "#gray" },
        "north": { "uv": [ 13.5, 13.5, 15.5, 15.5 ], "texture": "#gray" },
        "south": { "uv": [ 0.5, 13.5, 2.5, 15.5 ], "texture": "#gray" },
        "west":  { "uv": [ 7.5, 13.5, 8.5, 15.5 ], "texture": "#gray" },
        "east":  { "uv": [ 7.5, 13.5, 8.5, 15.5 ], "texture": "#gray" }
    }
},
{
    "from": [ 15, 0.5, 7.5 ],
    "to": [ 17, 2.5, 8.5 ],
    "rotation": { "origin": [ 15, 2.5, 7.5 ], "axis": "z", "angle": -45 },
    "faces": {
        "down":  { "uv": [ 15.5, 8.5, 13.5, 7.5 ], "texture": "#gray" },
        "up":    { "uv": [ 0.5, 7.5, 2.5, 8.5 ], "texture": "#gray" },
        "north": { "uv": [ 13.5, 13.5, 15.5, 15.5 ], "texture": "#gray" },
        "south": { "uv": [ 0.5, 13.5, 2.5, 15.5 ], "texture": "#gray" },
        "west":  { "uv": [ 7.5, 13.5, 8.5, 15.5 ], "texture": "#gray" },
        "east":  { "uv": [ 7.5, 13.5, 8.5, 15.5 ], "texture": "#gray" }
    }
},
{
    "from": [ 7.5, 0.5, 1 ],
    "to": [ 8.5, 2.5, 3 ],
    "rotation": { "origin": [ 7.5, 2.5, 1 ], "axis": "x", "angle": 45 },
    "faces": {
        "down":  { "uv": [ 16, 2.5, 16, 0.5 ], "texture": "#gray" },
        "up":    { "uv": [ 0, 0.5, 0, 2.5 ], "texture": "#gray" },
        "north": { "uv": [ 16, 14, 16, 16 ], "texture": "#gray" },
        "south": { "uv": [ 0, 14, 0, 16 ], "texture": "#gray" },
        "west":  { "uv": [ 0.5, 14, 2.5, 16 ], "texture": "#gray" },
        "east":  { "uv": [ 13.5, 14, 15.5, 16 ], "texture": "#gray" }
    }
},
{
    "from": [ 7.5, 0.5, 14.5 ],
    "to": [ 8.5, 2.5, 16.5 ],
    "rotation": { "origin": [ 7.5, 2.5, 14.5 ], "axis": "x", "angle": 45 },
    "faces": {
        "down":  { "uv": [ 16, 2.5, 16, 0.5 ], "texture": "#gray" },
        "up":    { "uv": [ 0, 0.5, 0, 2.5 ], "texture": "#gray" },
        "north": { "uv": [ 16, 14, 16, 16 ], "texture": "#gray" },
        "south": { "uv": [ 0, 14, 0, 16 ], "texture": "#gray" },
        "west":  { "uv": [ 0.5, 14, 2.5, 16 ], "texture": "#gray" },
        "east":  { "uv": [ 13.5, 14, 15.5, 16 ], "texture": "#gray" }
    }
},
{
    "from": [ 2.5, 14, 2.5 ],
    "to": [ 13.5, 16, 14.5 ],
    "faces": {
        "down":  { "uv": [ 13.5, 14.5, 2.5, 2.5 ], "texture": "#texture" },
        "up":    { "uv": [ 2.5, 2.5, 13.5, 14.5 ], "texture": "#texture" },
        "north": { "uv": [ 2.5, 0, 13.5, 2 ], "texture": "#texture" },
        "south": { "uv": [ 2.5, 0, 13.5, 2 ], "texture": "#texture" },
        "west":  { "uv": [ 2.5, 0, 14.5, 2 ], "texture": "#texture" },
        "east":  { "uv": [ 1.5, 0, 13.5, 2 ], "texture": "#texture" }
    }
},
{
    "from": [ 13, 14, 3 ],
    "to": [ 14, 16, 14 ],
    "faces": {
        "down":  { "uv": [ 3, 14, 2, 3 ], "texture": "#texture" },
        "up":    { "uv": [ 13, 3, 14, 14 ], "texture": "#texture" },
        "north": { "uv": [ 2, 0, 3, 2 ], "texture": "#texture" },
        "south": { "uv": [ 13, 0, 14, 2 ], "texture": "#texture" },
        "west":  { "uv": [ 3, 0, 14, 2 ], "texture": "#texture" },
        "east":  { "uv": [ 2, 0, 13, 2 ], "texture": "#texture" }
    }
},
{
    "from": [ 2, 14, 3 ],
    "to": [ 3, 16, 14 ],
    "faces": {
        "down":  { "uv": [ 14, 14, 13, 3 ], "texture": "#texture" },
        "up":    { "uv": [ 2, 3, 3, 14 ], "texture": "#texture" },
        "north": { "uv": [ 13, 0, 14, 2 ], "texture": "#texture" },
        "south": { "uv": [ 2, 0, 3, 2 ], "texture": "#texture" },
        "west":  { "uv": [ 3, 0, 14, 2 ], "texture": "#texture" },
        "east":  { "uv": [ 2, 0, 13, 2 ], "texture": "#texture" }
    }
},
{
    "from": [ 3, 14, 14 ],
    "to": [ 13, 16, 15 ],
    "faces": {
        "down":  { "uv": [ 13, 15, 3, 14 ], "texture": "#texture" },
        "up":    { "uv": [ 3, 14, 13, 15 ], "texture": "#texture" },
        "north": { "uv": [ 3, 0, 13, 2 ], "texture": "#texture" },
        "south": { "uv": [ 3, 0, 13, 2 ], "texture": "#texture" },
        "west":  { "uv": [ 14, 0, 15, 2 ], "texture": "#texture" },
        "east":  { "uv": [ 1, 0, 2, 2 ], "texture": "#texture" }
    }
},
{
    "from": [ 3, 14, 2 ],
    "to": [ 13, 16, 3 ],
    "faces": {
        "down":  { "uv": [ 13, 3, 3, 2 ], "texture": "#texture" },
        "up":    { "uv": [ 3, 2, 13, 3 ], "texture": "#texture" },
        "north": { "uv": [ 3, 0, 13, 2 ], "texture": "#texture" },
        "south": { "uv": [ 3, 0, 13, 2 ], "texture": "#texture" },
        "west":  { "uv": [ 2, 0, 3, 2 ], "texture": "#texture" },
        "east":  { "uv": [ 13, 0, 14, 2 ], "texture": "#texture" }
    }
},
{
    "from": [ 3, 18.5, 15 ],
    "to": [ 13, 27.5, 17 ],
    "faces": {
        "down":  { "uv": [ 2.5, 12.5, 12.5, 14.5 ], "texture": "#texture" },
        "up":    { "uv": [ 2.5, 12.5, 12.5, 14.5 ], "texture": "#texture" },
        "north": { "uv": [ 3, 0, 13, 9 ], "texture": "#texture" },
        "south": { "uv": [ 3, 0, 13, 9 ], "texture": "#texture" },
        "west":  { "uv": [ 13, 0.5, 15, 9.5 ], "texture": "#texture" },
        "east":  { "uv": [ 11, 0.5, 13, 9.5 ], "texture": "#texture" }
    }
},
{
    "from": [ 4, 27.5, 15.5 ],
    "to": [ 12, 28.5, 17.5 ],
    "faces": {
        "down":  { "uv": [ 12, 16, 4, 15.5 ], "texture": "#texture" },
        "up":    { "uv": [ 4, 15.5, 12, 16 ], "texture": "#texture" },
        "north": { "uv": [ 4, 0, 12, 0 ], "texture": "#texture" },
        "south": { "uv": [ 4, 0, 12, 0 ], "texture": "#texture" },
        "west":  { "uv": [ 15.5, 0, 16, 0 ], "texture": "#texture" },
        "east":  { "uv": [ 0, 0, 0.5, 0 ], "texture": "#texture" }
    }
},
{
    "from": [ 4, 17, 15.5 ],
    "to": [ 12, 18, 17.5 ],
    "faces": {
        "down":  { "uv": [ 4, 13.5, 12, 15.5 ], "texture": "#texture" },
        "up":    { "uv": [ 4, 13.5, 12, 15.5 ], "texture": "#texture" },
        "north": { "uv": [ 4, 0, 12, 1 ], "texture": "#texture" },
        "south": { "uv": [ 4, 0, 12, 1 ], "texture": "#texture" },
        "west":  { "uv": [ 7, 5.5, 9, 6.5 ], "texture": "#texture" },
        "east":  { "uv": [ 7, 5.5, 9, 6.5 ], "texture": "#texture" }
    }
},
{
    "from": [ 3.5, 18, 15.5 ],
    "to": [ 12.5, 28, 17.5 ],
    "faces": {
        "down":  { "uv": [ 3.5, 14, 12.5, 16 ], "texture": "#texture" },
        "up":    { "uv": [ 3.5, 14, 12.5, 16 ], "texture": "#texture" },
        "north": { "uv": [ 3.5, 0, 12.5, 10 ], "texture": "#texture" },
        "south": { "uv": [ 3.5, 0, 12.5, 10 ], "texture": "#texture" },
        "west":  { "uv": [ 5.5, 2.5, 7.5, 12.5 ], "texture": "#texture" },
        "east":  { "uv": [ 14, 0, 16, 10 ], "texture": "#texture" }
    }
},
{
    "from": [ 7, 15, 17.5 ],
    "to": [ 9, 21.5, 18.5 ],
    "faces": {
        "down":  { "uv": [ 9, 16, 7, 16 ], "texture": "#black" },
        "up":    { "uv": [ 7, 16, 9, 16 ], "texture": "#black" },
        "north": { "uv": [ 7, 0, 9, 1 ], "texture": "#black" },
        "south": { "uv": [ 7, 0, 9, 1 ], "texture": "#black" },
        "west":  { "uv": [ 16, 0, 16, 1 ], "texture": "#black" },
        "east":  { "uv": [ 0, 0, 0, 1 ], "texture": "#black" }
    }
},
{
    "from": [ 7, 14.5, 15 ],
    "to": [ 9, 15.5, 18 ],
    "faces": {
        "down":  { "uv": [ 9, 16, 7, 15 ], "texture": "#black" },
        "up":    { "uv": [ 7, 15, 9, 16 ], "texture": "#black" },
        "north": { "uv": [ 7, 0.5, 9, 1.5 ], "texture": "#black" },
        "south": { "uv": [ 7, 0.5, 9, 1.5 ], "texture": "#black" },
        "west":  { "uv": [ 15, 0.5, 16, 1.5 ], "texture": "#black" },
        "east":  { "uv": [ 0, 0.5, 1, 1.5 ], "texture": "#black" }
    }
},
{
    "from": [ 7, 15.5, 17 ],
    "to": [ 9, 16, 17.5 ],
    "faces": {
        "down":  { "uv": [ 9, 16, 7, 16 ], "texture": "#black" },
        "up":    { "uv": [ 7, 16, 9, 16 ], "texture": "#black" },
        "north": { "uv": [ 7, 0, 9, 0.5 ], "texture": "#black" },
        "south": { "uv": [ 7, 0, 9, 0.5 ], "texture": "#black" },
        "west":  { "uv": [ 16, 0, 16, 0.5 ], "texture": "#black" },
        "east":  { "uv": [ 0, 0, 0, 0.5 ], "texture": "#black" }
    }
},
{
    "from": [ 3, 16, 3 ],
    "to": [ 13, 16.25, 14 ],
    "faces": {
        "down":  { "uv": [ 13, 14, 3, 3 ], "texture": "#texture" },
        "up":    { "uv": [ 3, 3, 13, 14 ], "texture": "#texture" },
        "north": { "uv": [ 3, 0, 13, 0 ], "texture": "#texture" },
        "south": { "uv": [ 3, 0, 13, 0 ], "texture": "#texture" },
        "west":  { "uv": [ 3, 0, 14, 0 ], "texture": "#texture" },
        "east":  { "uv": [ 2, 0, 13, 0 ], "texture": "#texture" }
    }
},
{
    "from": [ 3.5, 16, 2.5 ],
    "to": [ 12.5, 16.25, 3 ],
    "faces": {
        "down":  { "uv": [ 12.5, 3, 3.5, 2.5 ], "texture": "#texture" },
        "up":    { "uv": [ 3.5, 2.5, 12.5, 3 ], "texture": "#texture" },
        "north": { "uv": [ 3.5, 0, 12.5, 0 ], "texture": "#texture" },
        "south": { "uv": [ 3.5, 0, 12.5, 0 ], "texture": "#texture" },
        "west":  { "uv": [ 2.5, 0, 3, 0 ], "texture": "#texture" },
        "east":  { "uv": [ 13, 0, 13.5, 0 ], "texture": "#texture" }
    }
},
{
    "from": [ 3.5, 16, 14 ],
    "to": [ 12.5, 16.25, 14.5 ],
    "faces": {
        "down":  { "uv": [ 12.5, 14.5, 3.5, 14 ], "texture": "#texture" },
        "up":    { "uv": [ 3.5, 14, 12.5, 14.5 ], "texture": "#texture" },
        "north": { "uv": [ 3.5, 0, 12.5, 0 ], "texture": "#texture" },
        "south": { "uv": [ 3.5, 0, 12.5, 0 ], "texture": "#texture" },
        "west":  { "uv": [ 14, 0, 14.5, 0 ], "texture": "#texture" },
        "east":  { "uv": [ 1.5, 0, 2, 0 ], "texture": "#texture" }
    }
},
{
    "from": [ 2.5, 16, 3.5 ],
    "to": [ 3, 16.25, 13.5 ],
    "faces": {
        "down":  { "uv": [ 13.5, 13.5, 13, 3.5 ], "texture": "#texture" },
        "up":    { "uv": [ 2.5, 3.5, 3, 13.5 ], "texture": "#texture" },
        "north": { "uv": [ 13, 0, 13.5, 0 ], "texture": "#texture" },
        "south": { "uv": [ 2.5, 0, 3, 0 ], "texture": "#texture" },
        "west":  { "uv": [ 3.5, 0, 13.5, 0 ], "texture": "#texture" },
        "east":  { "uv": [ 2.5, 0, 12.5, 0 ], "texture": "#texture" }
    }
},
{
    "from": [ 13, 16, 3.5 ],
    "to": [ 13.5, 16.25, 13.5 ],
    "faces": {
        "down":  { "uv": [ 3, 13.5, 2.5, 3.5 ], "texture": "#texture" },
        "up":    { "uv": [ 13, 3.5, 13.5, 13.5 ], "texture": "#texture" },
        "north": { "uv": [ 2.5, 0, 3, 0 ], "texture": "#texture" },
        "south": { "uv": [ 13, 0, 13.5, 0 ], "texture": "#texture" },
        "west":  { "uv": [ 3.5, 0, 13.5, 0 ], "texture": "#texture" },
        "east":  { "uv": [ 2.5, 0, 12.5, 0 ], "texture": "#texture" }
    }
}
],
"display": {
    "thirdperson_righthand": {
        "rotation": [ 0, 0, 0 ],
        "translation": [ 0, 0, 0 ],
        "scale": [ 1, 1, 1 ]
    },
    "thirdperson_lefthand": {
        "rotation": [ 0, 0, 0 ],
        "translation": [ 0, 0, 0 ],
        "scale": [ 1, 1, 1 ]
    },
    "head": {
        "rotation": [ 0, 0, 0 ],
        "translation": [ 0, -32, 0 ],
        "scale": [ 1.3, 1.3, 1.3 ]
    },
    "ground": {
        "rotation": [ 0, 0, 0 ],
        "translation": [ 0, 5.67, 0 ],
        "scale": [ 1, 1, 1 ]
    },
    "fixed": {
        "rotation": [ -20, 0, 0 ],
        "translation": [ 0, -2.65, -3.4 ],
        "scale": [ 0.5, 0.5, 0.5 ]
    },
    "firstperson_righthand": {
        "rotation": [ 0, 106, 0 ],
        "translation": [ 0, 1.7, 0 ],
        "scale": [ 0.25, 0.25, 0.25 ]
    },
    "firstperson_lefthand": {
        "rotation": [ 0, 130, 0 ],
        "translation": [ 0, 1.7, 0 ],
        "scale": [ 0.25, 0.25, 0.25 ]
    },
    "gui": {
        "rotation": [ 0, -180, 0 ],
        "translation": [ 0, -3.21, 0 ],
        "scale": [ 0.5, 0.5, 0.5 ]
    }
}
}