{
"__comment": "Designed by Oberdiah",
"textures": {
    "texture": "blocks/planks_oak",
    "iron_block": "blocks/iron_block",
    "glass": "blocks/glass"
},
"elements": [ 
{
    "from": [ 0, 15, 0 ],
    "to": [ 16, 16, 16 ],
    "faces": {
        "down":  { "uv": [ 16, 16, 0, 0 ], "texture": "#texture" },
        "up":    { "uv": [ 0, 0, 16, 16 ], "texture": "#texture" },
        "north": { "uv": [ 0, 0, 16, 1 ], "texture": "#texture" },
        "south": { "uv": [ 0, 0, 16, 1 ], "texture": "#texture" },
        "west":  { "uv": [ 0, 0, 16, 1 ], "texture": "#texture" },
        "east":  { "uv": [ 0, 0, 16, 1 ], "texture": "#texture" }
    }
},
{
    "from": [ 0.5, 14, 0.5 ],
    "to": [ 15.5, 15, 15.5 ],
    "faces": {
        "down":  { "uv": [ 15.5, 15.5, 0.5, 0.5 ], "texture": "#texture" },
        "up":    { "uv": [ 0.5, 0.5, 15.5, 15.5 ], "texture": "#texture" },
        "north": { "uv": [ 0.5, 1, 15.5, 2 ], "texture": "#texture" },
        "south": { "uv": [ 0.5, 1, 15.5, 2 ], "texture": "#texture" },
        "west":  { "uv": [ 0.5, 1, 15.5, 2 ], "texture": "#texture" },
        "east":  { "uv": [ 0.5, 1, 15.5, 2 ], "texture": "#texture" }
    }
},
{
    "from": [ 0, 0, 0 ],
    "to": [ 15, 15, 1 ],
    "faces": {
        "down":  { "uv": [ 16, 1, 1, 0 ], "texture": "#iron_block" },
        "up":    { "uv": [ 0, 0, 15, 1 ], "texture": "#iron_block" },
        "north": { "uv": [ 1, 1, 16, 16 ], "texture": "#iron_block" },
        "south": { "uv": [ 0, 1, 15, 16 ], "texture": "#iron_block" },
        "west":  { "uv": [ 0, 1, 1, 16 ], "texture": "#iron_block" },
        "east":  { "uv": [ 15, 1, 16, 16 ], "texture": "#iron_block" }
    }
},
{
    "from": [ 15, 0, 0 ],
    "to": [ 16, 15, 15 ],
    "faces": {
        "down":  { "uv": [ 1, 15, 0, 0 ], "texture": "#iron_block" },
        "up":    { "uv": [ 15, 0, 16, 15 ], "texture": "#iron_block" },
        "north": { "uv": [ 0, 1, 1, 16 ], "texture": "#iron_block" },
        "south": { "uv": [ 15, 1, 16, 16 ], "texture": "#iron_block" },
        "west":  { "uv": [ 0, 1, 15, 16 ], "texture": "#iron_block" },
        "east":  { "uv": [ 1, 1, 16, 16 ], "texture": "#iron_block" }
    }
},
{
    "from": [ 15, 0, 15 ],
    "to": [ 16, 15, 16 ],
    "faces": {
        "down":  { "uv": [ 1, 16, 0, 15 ], "texture": "#iron_block" },
        "up":    { "uv": [ 15, 15, 16, 16 ], "texture": "#iron_block" },
        "north": { "uv": [ 0, 1, 1, 16 ], "texture": "#iron_block" },
        "south": { "uv": [ 15, 1, 16, 16 ], "texture": "#iron_block" },
        "west":  { "uv": [ 15, 1, 16, 16 ], "texture": "#iron_block" },
        "east":  { "uv": [ 0, 1, 1, 16 ], "texture": "#iron_block" }
    }
},
{
    "from": [ 0, 0, 1 ],
    "to": [ 1, 15, 16 ],
    "faces": {
        "down":  { "uv": [ 16, 16, 15, 1 ], "texture": "#iron_block" },
        "up":    { "uv": [ 0, 1, 1, 16 ], "texture": "#iron_block" },
        "north": { "uv": [ 15, 1, 16, 16 ], "texture": "#iron_block" },
        "south": { "uv": [ 0, 1, 1, 16 ], "texture": "#iron_block" },
        "west":  { "uv": [ 1, 1, 16, 16 ], "texture": "#iron_block" },
        "east":  { "uv": [ 0, 1, 15, 16 ], "texture": "#iron_block" }
    }
},
{
    "from": [ 0.5, 1, 0.5 ],
    "to": [ 15.5, 2, 15.5 ],
    "faces": {
        "down":  { "uv": [ 15.5, 15.5, 0.5, 0.5 ], "texture": "#texture" },
        "up":    { "uv": [ 0.5, 0.5, 15.5, 15.5 ], "texture": "#texture" },
        "north": { "uv": [ 0.5, 14, 15.5, 15 ], "texture": "#texture" },
        "south": { "uv": [ 0.5, 14, 15.5, 15 ], "texture": "#texture" },
        "west":  { "uv": [ 0.5, 14, 15.5, 15 ], "texture": "#texture" },
        "east":  { "uv": [ 0.5, 14, 15.5, 15 ], "texture": "#texture" }
    }
},
{
    "from": [ 1, 1.5, 15 ],
    "to": [ 7.5, 14.5, 15.0625 ],
    "faces": {
        "down":  { "uv": [ 0, 0, 16, 16 ], "texture": "#glass" },
        "up":    { "uv": [ 0, 0, 16, 16 ], "texture": "#glass" },
        "south": { "uv": [ 0, 0, 16, 16 ], "texture": "#glass" },
        "west":  { "uv": [ 0, 0, 16, 16 ], "texture": "#glass" }
    }
},
{
    "from": [ 0.5, 2, 7.5 ],
    "to": [ 15.5, 14, 8.5 ],
    "faces": {
        "down":  { "uv": [ 15.5, 8.5, 0.5, 7.5 ], "texture": "#texture" },
        "up":    { "uv": [ 0.5, 7.5, 15.5, 8.5 ], "texture": "#texture" },
        "north": { "uv": [ 0.5, 2, 15.5, 14 ], "texture": "#texture" },
        "south": { "uv": [ 0.5, 2, 15.5, 14 ], "texture": "#texture" },
        "west":  { "uv": [ 7.5, 2, 8.5, 14 ], "texture": "#texture" },
        "east":  { "uv": [ 7.5, 2, 8.5, 14 ], "texture": "#texture" }
    }
},
{
    "from": [ 7.5, 2, 0.5 ],
    "to": [ 8.5, 14, 15.5 ],
    "faces": {
        "down":  { "uv": [ 8.5, 15.5, 7.5, 0.5 ], "texture": "#texture" },
        "up":    { "uv": [ 7.5, 0.5, 8.5, 15.5 ], "texture": "#texture" },
        "north": { "uv": [ 7.5, 2, 8.5, 14 ], "texture": "#texture" },
        "south": { "uv": [ 7.5, 2, 8.5, 14 ], "texture": "#texture" },
        "west":  { "uv": [ 0.5, 2, 15.5, 14 ], "texture": "#texture" },
        "east":  { "uv": [ 0.5, 2, 15.5, 14 ], "texture": "#texture" }
    }
},
{
    "from": [ 1.5, 7.5, 1.5 ],
    "to": [ 14.5, 8, 14.5 ],
    "faces": {
        "down":  { "uv": [ 14.5, 14.5, 1.5, 1.5 ], "texture": "#texture" },
        "up":    { "uv": [ 1.5, 1.5, 14.5, 14.5 ], "texture": "#texture" },
        "north": { "uv": [ 1.5, 8, 14.5, 8.5 ], "texture": "#texture" },
        "south": { "uv": [ 1.5, 8, 14.5, 8.5 ], "texture": "#texture" },
        "west":  { "uv": [ 1.5, 8, 14.5, 8.5 ], "texture": "#texture" },
        "east":  { "uv": [ 1.5, 8, 14.5, 8.5 ], "texture": "#texture" }
    }
},
{
    "from": [ 0.5, 6.5, 6.5 ],
    "to": [ 1, 9.5, 7 ],
    "faces": {
        "down":  { "uv": [ 15.5, 7, 15, 6.5 ], "texture": "#iron_block" },
        "up":    { "uv": [ 0.5, 6.5, 1, 7 ], "texture": "#iron_block" },
        "north": { "uv": [ 15, 6.5, 15.5, 9.5 ], "texture": "#iron_block" },
        "south": { "uv": [ 0.5, 6.5, 1, 9.5 ], "texture": "#iron_block" },
        "west":  { "uv": [ 6.5, 6.5, 7, 9.5 ], "texture": "#iron_block" },
        "east":  { "uv": [ 9, 6.5, 9.5, 9.5 ], "texture": "#iron_block" }
    }
},
{
    "from": [ 8.5, 1.5, 1 ],
    "to": [ 15, 14.5, 7.5 ],
    "faces": {
        "down":  { "uv": [ 0, 0, 16, 16 ], "texture": "#glass" },
        "up":    { "uv": [ 0, 0, 16, 16 ], "texture": "#glass" },
        "north": { "uv": [ 0, 0, 16, 16 ], "texture": "#glass" },
        "east":  { "uv": [ 0, 0, 16, 16 ], "texture": "#glass" }
    }
},
{
    "from": [ 1, 1.5, 1 ],
    "to": [ 7.5, 14.5, 7.5 ],
    "faces": {
        "down":  { "uv": [ 0, 0, 16, 16 ], "texture": "#glass" },
        "up":    { "uv": [ 0, 0, 16, 16 ], "texture": "#glass" },
        "north": { "uv": [ 0, 0, 16, 16 ], "texture": "#glass" },
        "west":  { "uv": [ 0, 0, 16, 16 ], "texture": "#glass" }
    }
},
{
    "from": [ 8.5, 1.5, 1 ],
    "to": [ 15, 14.5, 7.5 ],
    "faces": {
        "down":  { "uv": [ 0, 0, 16, 16 ], "texture": "#glass" },
        "up":    { "uv": [ 0, 0, 16, 16 ], "texture": "#glass" },
        "north": { "uv": [ 0, 0, 16, 16 ], "texture": "#glass" },
        "east":  { "uv": [ 0, 0, 16, 16 ], "texture": "#glass" }
    }
},
{
    "from": [ 0.5, 6.5, 9 ],
    "to": [ 1, 9.5, 9.5 ],
    "faces": {
        "down":  { "uv": [ 15.5, 9.5, 15, 9 ], "texture": "#iron_block" },
        "up":    { "uv": [ 0.5, 9, 1, 9.5 ], "texture": "#iron_block" },
        "north": { "uv": [ 15, 6.5, 15.5, 9.5 ], "texture": "#iron_block" },
        "south": { "uv": [ 0.5, 6.5, 1, 9.5 ], "texture": "#iron_block" },
        "west":  { "uv": [ 9, 6.5, 9.5, 9.5 ], "texture": "#iron_block" },
        "east":  { "uv": [ 6.5, 6.5, 7, 9.5 ], "texture": "#iron_block" }
    }
},
{
    "from": [ 6.5, 6.5, 15 ],
    "to": [ 7, 9.5, 15.5 ],
    "faces": {
        "down":  { "uv": [ 9.5, 15.5, 9, 15 ], "texture": "#iron_block" },
        "up":    { "uv": [ 6.5, 15, 7, 15.5 ], "texture": "#iron_block" },
        "north": { "uv": [ 9, 6.5, 9.5, 9.5 ], "texture": "#iron_block" },
        "south": { "uv": [ 6.5, 6.5, 7, 9.5 ], "texture": "#iron_block" },
        "west":  { "uv": [ 15, 6.5, 15.5, 9.5 ], "texture": "#iron_block" },
        "east":  { "uv": [ 0.5, 6.5, 1, 9.5 ], "texture": "#iron_block" }
    }
},
{
    "from": [ 9, 6.5, 15 ],
    "to": [ 9.5, 9.5, 15.5 ],
    "faces": {
        "down":  { "uv": [ 7, 15.5, 6.5, 15 ], "texture": "#iron_block" },
        "up":    { "uv": [ 9, 15, 9.5, 15.5 ], "texture": "#iron_block" },
        "north": { "uv": [ 6.5, 6.5, 7, 9.5 ], "texture": "#iron_block" },
        "south": { "uv": [ 9, 6.5, 9.5, 9.5 ], "texture": "#iron_block" },
        "west":  { "uv": [ 15, 6.5, 15.5, 9.5 ], "texture": "#iron_block" },
        "east":  { "uv": [ 0.5, 6.5, 1, 9.5 ], "texture": "#iron_block" }
    }
},
{
    "from": [ 15, 6.5, 9 ],
    "to": [ 15.5, 9.5, 9.5 ],
    "faces": {
        "down":  { "uv": [ 1, 9.5, 0.5, 9 ], "texture": "#iron_block" },
        "up":    { "uv": [ 15, 9, 15.5, 9.5 ], "texture": "#iron_block" },
        "north": { "uv": [ 0.5, 6.5, 1, 9.5 ], "texture": "#iron_block" },
        "south": { "uv": [ 15, 6.5, 15.5, 9.5 ], "texture": "#iron_block" },
        "west":  { "uv": [ 9, 6.5, 9.5, 9.5 ], "texture": "#iron_block" },
        "east":  { "uv": [ 6.5, 6.5, 7, 9.5 ], "texture": "#iron_block" }
    }
},
{
    "from": [ 15, 6.5, 6.5 ],
    "to": [ 15.5, 9.5, 7 ],
    "faces": {
        "down":  { "uv": [ 1, 7, 0.5, 6.5 ], "texture": "#iron_block" },
        "up":    { "uv": [ 15, 6.5, 15.5, 7 ], "texture": "#iron_block" },
        "north": { "uv": [ 0.5, 6.5, 1, 9.5 ], "texture": "#iron_block" },
        "south": { "uv": [ 15, 6.5, 15.5, 9.5 ], "texture": "#iron_block" },
        "west":  { "uv": [ 6.5, 6.5, 7, 9.5 ], "texture": "#iron_block" },
        "east":  { "uv": [ 9, 6.5, 9.5, 9.5 ], "texture": "#iron_block" }
    }
},
{
    "from": [ 9, 6.5, 0.5 ],
    "to": [ 9.5, 9.5, 1 ],
    "faces": {
        "down":  { "uv": [ 7, 1, 6.5, 0.5 ], "texture": "#iron_block" },
        "up":    { "uv": [ 9, 0.5, 9.5, 1 ], "texture": "#iron_block" },
        "north": { "uv": [ 6.5, 6.5, 7, 9.5 ], "texture": "#iron_block" },
        "south": { "uv": [ 9, 6.5, 9.5, 9.5 ], "texture": "#iron_block" },
        "west":  { "uv": [ 0.5, 6.5, 1, 9.5 ], "texture": "#iron_block" },
        "east":  { "uv": [ 15, 6.5, 15.5, 9.5 ], "texture": "#iron_block" }
    }
},
{
    "from": [ 6.5, 6.5, 0.5 ],
    "to": [ 7, 9.5, 1 ],
    "faces": {
        "down":  { "uv": [ 9.5, 1, 9, 0.5 ], "texture": "#iron_block" },
        "up":    { "uv": [ 6.5, 0.5, 7, 1 ], "texture": "#iron_block" },
        "north": { "uv": [ 9, 6.5, 9.5, 9.5 ], "texture": "#iron_block" },
        "south": { "uv": [ 6.5, 6.5, 7, 9.5 ], "texture": "#iron_block" },
        "west":  { "uv": [ 0.5, 6.5, 1, 9.5 ], "texture": "#iron_block" },
        "east":  { "uv": [ 15, 6.5, 15.5, 9.5 ], "texture": "#iron_block" }
    }
},
{
    "from": [ 8.5, 1.5, 15 ],
    "to": [ 15, 14.5, 15.0625 ],
    "faces": {
        "down":  { "uv": [ 0, 0, 16, 16 ], "texture": "#glass" },
        "up":    { "uv": [ 0, 0, 16, 16 ], "texture": "#glass" },
        "south": { "uv": [ 0, 0, 16, 16 ], "texture": "#glass" },
        "east":  { "uv": [ 0, 0, 16, 16 ], "texture": "#glass" }
    }
}
],
"display": {
    "thirdperson_righthand": {
        "rotation": [ 24, -43, -14 ],
        "translation": [ 0, 0, 0 ],
        "scale": [ 0.5, 0.5, 0.5 ]
    },
    "thirdperson_lefthand": {
        "rotation": [ 24, -43, -14 ],
        "translation": [ -3.21, 0, -2.08 ],
        "scale": [ 0.5, 0.5, 0.5 ]
    },
    "head": {
        "rotation": [ 0, 180, 0 ],
        "translation": [ 0, -30.5, 0 ],
        "scale": [ 1.6, 1.6, 1.6 ]
    },
    "ground": {
        "rotation": [ 0, 0, 0 ],
        "translation": [ 0, 2, 0 ],
        "scale": [ 0.5, 0.5, 0.5 ]
    },
    "fixed": {
        "rotation": [ 0, 180, 0 ],
        "translation": [ 0, 0, -3.4 ],
        "scale": [ 0.5, 0.5, 0.5 ]
    },
    "firstperson_righthand": {
        "rotation": [ 0, -64, 0 ],
        "translation": [ 0, 0, 0 ],
        "scale": [ 0.5, 0.5, 0.5 ]
    },
    "firstperson_lefthand": {
        "rotation": [ 0, -64, 0 ],
        "translation": [ -1.7, 0, -1.89 ],
        "scale": [ 0.5, 0.5, 0.5 ]
    },
    "gui": {
        "rotation": [ 35, 35, 0 ],
        "translation": [ 2.27, 0, 0 ],
        "scale": [ 0.4, 0.4, 0.4 ]
    }
}
}