{
"__comment": "Designed by Rottennugget",
"textures": {
    "texture": "blocks/quartz_block_bottom",
    "particle": "blocks/quartz_block_bottom",
    "gray": "blocks/quartz_block_bottom",
    "bar02": "blocks/quartz_block_bottom"
},
"elements": [ 
{
    "from": [ 5, 0, 0 ],
    "to": [ 11, 7, 9 ],
    "faces": {
        "down":  { "uv": [ 11, 9, 5, 0 ], "texture": "#texture" },
        "up":    { "uv": [ 5, 0, 11, 9 ], "texture": "#texture" },
        "north": { "uv": [ 5, 9, 11, 16 ], "texture": "#texture" },
        "south": { "uv": [ 5, 9, 11, 16 ], "texture": "#texture" },
        "west":  { "uv": [ 0, 9, 9, 16 ], "texture": "#texture" },
        "east":  { "uv": [ 7, 9, 16, 16 ], "texture": "#texture" }
    }
},
{
    "from": [ 2, 7, 4 ],
    "to": [ 14, 8, 16 ],
    "faces": {
        "down":  { "uv": [ 14, 16, 2, 4 ], "texture": "#texture" },
        "up":    { "uv": [ 2, 4, 14, 16 ], "texture": "#texture" },
        "north": { "uv": [ 2, 8, 14, 9 ], "texture": "#texture" },
        "south": { "uv": [ 2, 8, 14, 9 ], "texture": "#texture" },
        "west":  { "uv": [ 4, 8, 16, 9 ], "texture": "#texture" },
        "east":  { "uv": [ 0, 8, 12, 9 ], "texture": "#texture" }
    }
},
{
    "from": [ 2, 8, 4 ],
    "to": [ 3, 12, 16 ],
    "faces": {
        "down":  { "uv": [ 14, 16, 13, 4 ], "texture": "#texture" },
        "up":    { "uv": [ 2, 4, 3, 16 ], "texture": "#texture" },
        "north": { "uv": [ 13, 4, 14, 8 ], "texture": "#texture" },
        "south": { "uv": [ 2, 4, 3, 8 ], "texture": "#texture" },
        "west":  { "uv": [ 4, 4, 16, 8 ], "texture": "#texture" },
        "east":  { "uv": [ 0, 4, 12, 8 ], "texture": "#texture" }
    }
},
{
    "from": [ 13, 8, 4 ],
    "to": [ 14, 12, 16 ],
    "faces": {
        "down":  { "uv": [ 3, 16, 2, 4 ], "texture": "#texture" },
        "up":    { "uv": [ 13, 4, 14, 16 ], "texture": "#texture" },
        "north": { "uv": [ 2, 4, 3, 8 ], "texture": "#texture" },
        "south": { "uv": [ 13, 4, 14, 8 ], "texture": "#texture" },
        "west":  { "uv": [ 4, 4, 16, 8 ], "texture": "#texture" },
        "east":  { "uv": [ 0, 4, 12, 8 ], "texture": "#texture" }
    }
},
{
    "from": [ 3, 8, 15 ],
    "to": [ 13, 12, 16 ],
    "faces": {
        "down":  { "uv": [ 13, 16, 3, 15 ], "texture": "#texture" },
        "up":    { "uv": [ 3, 15, 13, 16 ], "texture": "#texture" },
        "north": { "uv": [ 3, 4, 13, 8 ], "texture": "#texture" },
        "south": { "uv": [ 3, 4, 13, 8 ], "texture": "#texture" },
        "west":  { "uv": [ 15, 4, 16, 8 ], "texture": "#texture" },
        "east":  { "uv": [ 0, 4, 1, 8 ], "texture": "#texture" }
    }
},
{
    "from": [ 1, 7, 0 ],
    "to": [ 15, 19, 4 ],
    "faces": {
        "down":  { "uv": [ 15, 4, 1, 0 ], "texture": "#texture" },
        "up":    { "uv": [ 1, 0, 15, 4 ], "texture": "#texture" },
        "north": { "uv": [ 1, 0, 15, 9 ], "texture": "#texture" },
        "south": { "uv": [ 1, 0, 15, 9 ], "texture": "#texture" },
        "west":  { "uv": [ 0, 0, 4, 9 ], "texture": "#texture" },
        "east":  { "uv": [ 12, 0, 16, 9 ], "texture": "#texture" }
    }
},
{
    "from": [ 0.5, 19, -0.5 ],
    "to": [ 15.5, 19.5, 4.5 ],
    "faces": {
        "down":  { "uv": [ 0, 10.5, 15, 15.5 ], "texture": "#bar02" },
        "up":    { "uv": [ 0, 10.5, 15, 15.5 ], "texture": "#bar02" },
        "north": { "uv": [ 0, 14, 15, 14.5 ], "texture": "#bar02" },
        "south": { "uv": [ 0, 14, 15, 14.5 ], "texture": "#bar02" },
        "west":  { "uv": [ 1, 14.5, 6, 15 ], "texture": "#bar02" },
        "east":  { "uv": [ 1, 14.5, 6, 15 ], "texture": "#bar02" }
    }
},
{
    "from": [ -0.5, 17, 1.5 ],
    "to": [ 1.5, 17.5, 2.5 ],
    "rotation": { "origin": [ -0.5, 17.5, 1.5 ], "axis": "z", "angle": 22.5 },
    "faces": {
        "down":  { "uv": [ 16, 2.5, 15, 1.5 ], "texture": "#gray" },
        "up":    { "uv": [ 0, 1.5, 1, 2.5 ], "texture": "#gray" },
        "north": { "uv": [ 15, 0, 16, 0 ], "texture": "#gray" },
        "south": { "uv": [ 0, 0, 1, 0 ], "texture": "#gray" },
        "west":  { "uv": [ 1.5, 0, 2.5, 0 ], "texture": "#gray" },
        "east":  { "uv": [ 13.5, 0, 14.5, 0 ], "texture": "#gray" }
    }
},
{
    "from": [ 1.5, 19, 1.5 ],
    "to": [ 2.5, 20, 2.5 ],
    "faces": {
        "down":  { "uv": [ 14.5, 2.5, 13.5, 1.5 ], "texture": "#gray" },
        "up":    { "uv": [ 1.5, 1.5, 2.5, 2.5 ], "texture": "#gray" },
        "north": { "uv": [ 13.5, 0, 14.5, 0 ], "texture": "#gray" },
        "south": { "uv": [ 1.5, 0, 2.5, 0 ], "texture": "#gray" },
        "west":  { "uv": [ 1.5, 0, 2.5, 0 ], "texture": "#gray" },
        "east":  { "uv": [ 13.5, 0, 14.5, 0 ], "texture": "#gray" }
    }
},
{
    "from": [ 3, 19, 1.5 ],
    "to": [ 4, 20, 2.5 ],
    "faces": {
        "down":  { "uv": [ 13, 2.5, 12, 1.5 ], "texture": "#gray" },
        "up":    { "uv": [ 3, 1.5, 4, 2.5 ], "texture": "#gray" },
        "north": { "uv": [ 12, 0, 13, 0 ], "texture": "#gray" },
        "south": { "uv": [ 3, 0, 4, 0 ], "texture": "#gray" },
        "west":  { "uv": [ 1.5, 0, 2.5, 0 ], "texture": "#gray" },
        "east":  { "uv": [ 13.5, 0, 14.5, 0 ], "texture": "#gray" }
    }
},
{
    "from": [ 0.5, 12, 4 ],
    "to": [ 4, 12.5, 16 ],
    "faces": {
        "down":  { "uv": [ 15.5, 16, 12, 4 ], "texture": "#texture" },
        "up":    { "uv": [ 0.5, 4, 4, 16 ], "texture": "#texture" },
        "north": { "uv": [ 12, 3.5, 15.5, 4 ], "texture": "#texture" },
        "south": { "uv": [ 0.5, 3.5, 4, 4 ], "texture": "#texture" },
        "west":  { "uv": [ 4, 3.5, 16, 4 ], "texture": "#texture" },
        "east":  { "uv": [ 0, 3.5, 12, 4 ], "texture": "#texture" }
    }
},
{
    "from": [ 12, 12, 4 ],
    "to": [ 15.5, 12.5, 16 ],
    "faces": {
        "down":  { "uv": [ 4, 16, 0.5, 4 ], "texture": "#texture" },
        "up":    { "uv": [ 12, 4, 15.5, 16 ], "texture": "#texture" },
        "north": { "uv": [ 0.5, 3.5, 4, 4 ], "texture": "#texture" },
        "south": { "uv": [ 12, 3.5, 15.5, 4 ], "texture": "#texture" },
        "west":  { "uv": [ 4, 3.5, 16, 4 ], "texture": "#texture" },
        "east":  { "uv": [ 0, 3.5, 12, 4 ], "texture": "#texture" }
    }
},
{
    "from": [ 1.5, 12, 14 ],
    "to": [ 14.5, 12.5, 17 ],
    "faces": {
        "down":  { "uv": [ 14.5, 16, 1.5, 14 ], "texture": "#texture" },
        "up":    { "uv": [ 1.5, 14, 14.5, 16 ], "texture": "#texture" },
        "north": { "uv": [ 1.5, 3.5, 14.5, 4 ], "texture": "#texture" },
        "south": { "uv": [ 1.5, 3.5, 14.5, 4 ], "texture": "#texture" },
        "west":  { "uv": [ 14, 3.5, 16, 4 ], "texture": "#texture" },
        "east":  { "uv": [ 0, 3.5, 2, 4 ], "texture": "#texture" }
    }
}
],
"display": {
    "thirdperson_righthand": {
        "rotation": [ 0, 0, 0 ],
        "translation": [ 0, 5.29, 1.13 ],
        "scale": [ 1, 1, 1 ]
    },
    "thirdperson_lefthand": {
        "rotation": [ 0, 0, 0 ],
        "translation": [ 0, 5.29, 1.13 ],
        "scale": [ 1, 1, 1 ]
    },
    "head": {
        "rotation": [ 0, -180, 0 ],
        "translation": [ 0, -30, 0 ],
        "scale": [ 1.6, 1.6, 1.6 ]
    },
    "ground": {
        "rotation": [ 0, 0, 0 ],
        "translation": [ 0, 6.24, 0 ],
        "scale": [ 1, 1, 1 ]
    },
    "fixed": {
        "rotation": [ 0, -90, 0 ],
        "translation": [ 0, -1.7, 0 ],
        "scale": [ 0.75, 0.75, 0.75 ]
    },
    "firstperson_righthand": {
        "rotation": [ 0, 0, 0 ],
        "translation": [ 0, 0, 0 ],
        "scale": [ 0.5, 0.5, 0.5 ]
    },
    "firstperson_lefthand": {
        "rotation": [ 0, 0, 0 ],
        "translation": [ 0, 0, 0 ],
        "scale": [ 0.5, 0.5, 0.5 ]
    },
    "gui": {
        "rotation": [ 30, 50, 0 ],
        "translation": [ 0, -2.08, 0 ],
        "scale": [ 0.62, 0.62, 0.62 ]
    }
}
}