{
"__comment": "Designed by Monsterfish",
"textures": {
    "particle": "blocks/planks_oak",
    "texture": "blocks/planks_oak"
},
"elements": [ 
{
    "from": [ 10, 7, 10 ],
    "to": [ 11, 11, 11 ],
    "faces": {
        "down":  { "uv": [ 5, 10, 6, 11 ], "rotation": 180, "texture": "#texture" },
        "up":    { "uv": [ 10, 10, 11, 11 ], "texture": "#texture" },
        "north": { "uv": [ 10, 11, 11, 15 ], "rotation": 180, "texture": "#texture" },
        "south": { "uv": [ 6, 15, 5, 11 ], "texture": "#texture" },
        "west":  { "uv": [ 11, 10, 15, 11 ], "rotation": 270, "texture": "#texture" },
        "east":  { "uv": [ 1, 10, 5, 11 ], "rotation": 90, "texture": "#texture" }
    }
},
{
    "from": [ 6, 7, 10.75 ],
    "to": [ 10, 8, 11.5 ],
    "faces": {
        "down":  { "uv": [ 5.5, 10.75, 10.5, 11.5 ], "texture": "#texture" },
        "up":    { "uv": [ 5.5, 10.75, 10.5, 11.5 ], "texture": "#texture" },
        "north": { "uv": [ 5.5, 5.5, 10.5, 6.5 ], "texture": "#texture" },
        "south": { "uv": [ 5.5, 5.5, 10.5, 6.5 ], "texture": "#texture" },
        "west":  { "uv": [ 10.75, 5.5, 11.5, 6.5 ], "texture": "#texture" },
        "east":  { "uv": [ 10.75, 5.5, 11.5, 6.5 ], "texture": "#texture" }
    }
},
{
    "from": [ 11, 3, 5.5 ],
    "to": [ 11.75, 4, 10.5 ],
    "faces": {
        "down":  { "uv": [ 4.25, 5, 5, 11.0625 ], "rotation": 180, "texture": "#texture" },
        "up":    { "uv": [ 11, 5, 11.75, 11.0625 ], "texture": "#texture" },
        "north": { "uv": [ 11, 4, 11.75, 5 ], "rotation": 180, "texture": "#texture" },
        "south": { "uv": [ 5, 5, 4.25, 4 ], "texture": "#texture" },
        "west":  { "uv": [ 4, 5, 5, 11.0625 ], "rotation": 270, "texture": "#texture" },
        "east":  { "uv": [ 11, 5, 12, 11.0625 ], "rotation": 90, "texture": "#texture" }
    }
},
{
    "from": [ 4, 11, 4 ],
    "to": [ 12, 12, 12 ],
    "faces": {
        "down":  { "uv": [ 4, 4, 12, 12 ], "texture": "#texture" },
        "up":    { "uv": [ 4, 4, 12, 12 ], "texture": "#texture" },
        "north": { "uv": [ 4, 0, 12, 1 ], "texture": "#texture" },
        "south": { "uv": [ 4, 0, 12, 1 ], "texture": "#texture" },
        "west":  { "uv": [ 4, 0, 12, 1 ], "texture": "#texture" },
        "east":  { "uv": [ 4, 0, 12, 1 ], "texture": "#texture" }
    }
},
{
    "from": [ 12, 11, 4.5 ],
    "to": [ 12.5, 12, 11.5 ],
    "faces": {
        "down":  { "uv": [ 3.5, 4.5, 4, 11.5 ], "rotation": 180, "texture": "#texture" },
        "up":    { "uv": [ 12, 4.5, 12.5, 11.5 ], "texture": "#texture" },
        "north": { "uv": [ 12, 15, 12.5, 16 ], "rotation": 180, "texture": "#texture" },
        "south": { "uv": [ 4, 16, 3.5, 15 ], "texture": "#texture" },
        "west":  { "uv": [ 15, 4.5, 16, 11.5 ], "rotation": 270, "texture": "#texture" },
        "east":  { "uv": [ 0, 4.5, 1, 11.5 ], "rotation": 90, "texture": "#texture" }
    }
},
{
    "from": [ 3.5, 11, 4.5 ],
    "to": [ 4, 12, 11.5 ],
    "faces": {
        "down":  { "uv": [ 12, 4.5, 12.5, 11.5 ], "rotation": 180, "texture": "#texture" },
        "up":    { "uv": [ 3.5, 4.5, 4, 11.5 ], "texture": "#texture" },
        "north": { "uv": [ 3.5, 15, 4, 16 ], "rotation": 180, "texture": "#texture" },
        "south": { "uv": [ 12.5, 16, 12, 15 ], "texture": "#texture" },
        "west":  { "uv": [ 15, 4.5, 16, 11.5 ], "rotation": 270, "texture": "#texture" },
        "east":  { "uv": [ 0, 4.5, 1, 11.5 ], "rotation": 90, "texture": "#texture" }
    }
},
{
    "from": [ 4.5, 11, 3.5 ],
    "to": [ 11.5, 12, 4 ],
    "faces": {
        "down":  { "uv": [ 4.5, 3.5, 11.5, 4 ], "rotation": 180, "texture": "#texture" },
        "up":    { "uv": [ 4.5, 3.5, 11.5, 4 ], "texture": "#texture" },
        "north": { "uv": [ 4.5, 15, 11.5, 16 ], "rotation": 180, "texture": "#texture" },
        "south": { "uv": [ 11.5, 16, 4.5, 15 ], "texture": "#texture" },
        "west":  { "uv": [ 15, 3.5, 16, 4 ], "rotation": 270, "texture": "#texture" },
        "east":  { "uv": [ 0, 3.5, 1, 4 ], "rotation": 90, "texture": "#texture" }
    }
},
{
    "from": [ 4.5, 11, 12 ],
    "to": [ 11.5, 12, 12.5 ],
    "faces": {
        "down":  { "uv": [ 4.5, 12, 11.5, 12.5 ], "rotation": 180, "texture": "#texture" },
        "up":    { "uv": [ 4.5, 12, 11.5, 12.5 ], "texture": "#texture" },
        "north": { "uv": [ 4.5, 15, 11.5, 16 ], "rotation": 180, "texture": "#texture" },
        "south": { "uv": [ 11.5, 16, 4.5, 15 ], "texture": "#texture" },
        "west":  { "uv": [ 15, 12, 16, 12.5 ], "rotation": 270, "texture": "#texture" },
        "east":  { "uv": [ 0, 12, 1, 12.5 ], "rotation": 90, "texture": "#texture" }
    }
},
{
    "from": [ 10.5, 3, 10.5 ],
    "to": [ 11.5, 8, 11.5 ],
    "faces": {
        "down":  { "uv": [ 4.5, 10.5, 5.5, 11.5 ], "rotation": 180, "texture": "#texture" },
        "up":    { "uv": [ 10.5, 10.5, 11.5, 11.5 ], "texture": "#texture" },
        "north": { "uv": [ 10.5, 7, 11.5, 12 ], "rotation": 180, "texture": "#texture" },
        "south": { "uv": [ 5.5, 12, 4.5, 7 ], "texture": "#texture" },
        "west":  { "uv": [ 7, 10.5, 12, 11.5 ], "rotation": 270, "texture": "#texture" },
        "east":  { "uv": [ 4, 10.5, 9, 11.5 ], "rotation": 90, "texture": "#texture" }
    }
},
{
    "from": [ 11, 0, 11 ],
    "to": [ 12, 4, 12 ],
    "faces": {
        "down":  { "uv": [ 4, 11, 5, 12 ], "rotation": 180, "texture": "#texture" },
        "up":    { "uv": [ 11, 11, 12, 12 ], "texture": "#texture" },
        "north": { "uv": [ 11, 3, 12, 8 ], "rotation": 180, "texture": "#texture" },
        "south": { "uv": [ 5, 8, 4, 3 ], "texture": "#texture" },
        "west":  { "uv": [ 3, 11, 8, 12 ], "rotation": 270, "texture": "#texture" },
        "east":  { "uv": [ 8, 11, 13, 12 ], "rotation": 90, "texture": "#texture" }
    }
},
{
    "from": [ 5, 7, 10 ],
    "to": [ 6, 11, 11 ],
    "faces": {
        "down":  { "uv": [ 10, 10, 11, 11 ], "rotation": 180, "texture": "#texture" },
        "up":    { "uv": [ 5, 10, 6, 11 ], "texture": "#texture" },
        "north": { "uv": [ 5, 11, 6, 15 ], "rotation": 180, "texture": "#texture" },
        "south": { "uv": [ 11, 15, 10, 11 ], "texture": "#texture" },
        "west":  { "uv": [ 11, 10, 15, 11 ], "rotation": 270, "texture": "#texture" },
        "east":  { "uv": [ 1, 10, 5, 11 ], "rotation": 90, "texture": "#texture" }
    }
},
{
    "from": [ 4.75, 7, 6 ],
    "to": [ 5.5, 8, 10 ],
    "faces": {
        "down":  { "uv": [ 4.75, 5.5, 5.5, 10.5 ], "texture": "#texture" },
        "up":    { "uv": [ 4.75, 5.5, 5.5, 10.5 ], "texture": "#texture" },
        "north": { "uv": [ 4.75, 6, 5.5, 7 ], "texture": "#texture" },
        "south": { "uv": [ 4.75, 6, 5.5, 7 ], "texture": "#texture" },
        "west":  { "uv": [ 5.5, 6, 10.5, 7 ], "texture": "#texture" },
        "east":  { "uv": [ 5.5, 6, 10.5, 7 ], "texture": "#texture" }
    }
},
{
    "from": [ 5.5, 3, 11.25 ],
    "to": [ 10.5, 4, 12 ],
    "faces": {
        "down":  { "uv": [ 4.9375, 11, 11, 11.75 ], "rotation": 180, "texture": "#texture" },
        "up":    { "uv": [ 5, 11, 11.0625, 11.75 ], "texture": "#texture" },
        "north": { "uv": [ 5, 4.5, 11.0625, 5.5 ], "rotation": 180, "texture": "#texture" },
        "south": { "uv": [ 11, 5.5, 4.9375, 4.5 ], "texture": "#texture" },
        "west":  { "uv": [ 4.5, 11, 5.5, 11.75 ], "rotation": 270, "texture": "#texture" },
        "east":  { "uv": [ 10.5, 11, 11.5, 11.75 ], "rotation": 90, "texture": "#texture" }
    }
},
{
    "from": [ 4.5, 3, 10.5 ],
    "to": [ 5.5, 8, 11.5 ],
    "faces": {
        "down":  { "uv": [ 10.5, 10.5, 11.5, 11.5 ], "rotation": 180, "texture": "#texture" },
        "up":    { "uv": [ 4.5, 10.5, 5.5, 11.5 ], "texture": "#texture" },
        "north": { "uv": [ 4.5, 7, 5.5, 12 ], "rotation": 180, "texture": "#texture" },
        "south": { "uv": [ 11.5, 12, 10.5, 7 ], "texture": "#texture" },
        "west":  { "uv": [ 7, 10.5, 12, 11.5 ], "rotation": 270, "texture": "#texture" },
        "east":  { "uv": [ 4, 10.5, 9, 11.5 ], "rotation": 90, "texture": "#texture" }
    }
},
{
    "from": [ 4, 0, 11 ],
    "to": [ 5, 4, 12 ],
    "faces": {
        "down":  { "uv": [ 11, 11, 12, 12 ], "rotation": 180, "texture": "#texture" },
        "up":    { "uv": [ 4, 11, 5, 12 ], "texture": "#texture" },
        "north": { "uv": [ 4, 3, 5, 8 ], "rotation": 180, "texture": "#texture" },
        "south": { "uv": [ 12, 8, 11, 3 ], "texture": "#texture" },
        "west":  { "uv": [ 3, 11, 8, 12 ], "rotation": 270, "texture": "#texture" },
        "east":  { "uv": [ 8, 11, 13, 12 ], "rotation": 90, "texture": "#texture" }
    }
},
{
    "from": [ 5, 7, 5 ],
    "to": [ 6, 11, 6 ],
    "faces": {
        "down":  { "uv": [ 10, 5, 11, 6 ], "rotation": 180, "texture": "#texture" },
        "up":    { "uv": [ 5, 5, 6, 6 ], "texture": "#texture" },
        "north": { "uv": [ 5, 11, 6, 15 ], "rotation": 180, "texture": "#texture" },
        "south": { "uv": [ 11, 15, 10, 11 ], "texture": "#texture" },
        "west":  { "uv": [ 11, 5, 15, 6 ], "rotation": 270, "texture": "#texture" },
        "east":  { "uv": [ 1, 5, 5, 6 ], "rotation": 90, "texture": "#texture" }
    }
},
{
    "from": [ 6, 7, 4.75 ],
    "to": [ 10, 8, 5.5 ],
    "faces": {
        "down":  { "uv": [ 5.5, 4.75, 10.5, 5.5 ], "texture": "#texture" },
        "up":    { "uv": [ 5.5, 4.75, 10.5, 5.5 ], "texture": "#texture" },
        "north": { "uv": [ 5.5, 5.5, 10.5, 6.5 ], "texture": "#texture" },
        "south": { "uv": [ 5.5, 5.5, 10.5, 6.5 ], "texture": "#texture" },
        "west":  { "uv": [ 4.75, 5.5, 5.5, 6.5 ], "texture": "#texture" },
        "east":  { "uv": [ 4.75, 5.5, 5.5, 6.5 ], "texture": "#texture" }
    }
},
{
    "from": [ 4.25, 3, 5.5 ],
    "to": [ 5, 4, 10.5 ],
    "faces": {
        "down":  { "uv": [ 4.25, 4.9375, 5, 11 ], "texture": "#texture" },
        "up":    { "uv": [ 4.25, 4.9375, 5, 11 ], "texture": "#texture" },
        "north": { "uv": [ 4.25, 11, 5, 12 ], "texture": "#texture" },
        "south": { "uv": [ 4.25, 11, 5, 12 ], "texture": "#texture" },
        "west":  { "uv": [ 4.9375, 11, 11, 12 ], "texture": "#texture" },
        "east":  { "uv": [ 4.9375, 11, 11, 12 ], "texture": "#texture" }
    }
},
{
    "from": [ 4.5, 3, 4.5 ],
    "to": [ 5.5, 8, 5.5 ],
    "faces": {
        "down":  { "uv": [ 10.5, 4.5, 11.5, 5.5 ], "rotation": 180, "texture": "#texture" },
        "up":    { "uv": [ 4.5, 4.5, 5.5, 5.5 ], "texture": "#texture" },
        "north": { "uv": [ 4.5, 7, 5.5, 12 ], "rotation": 180, "texture": "#texture" },
        "south": { "uv": [ 11.5, 12, 10.5, 7 ], "texture": "#texture" },
        "west":  { "uv": [ 7, 4.5, 12, 5.5 ], "rotation": 270, "texture": "#texture" },
        "east":  { "uv": [ 4, 4.5, 9, 5.5 ], "rotation": 90, "texture": "#texture" }
    }
},
{
    "from": [ 4, 0, 4 ],
    "to": [ 5, 4, 5 ],
    "faces": {
        "down":  { "uv": [ 11, 4, 12, 5 ], "rotation": 180, "texture": "#texture" },
        "up":    { "uv": [ 4, 4, 5, 5 ], "texture": "#texture" },
        "north": { "uv": [ 4, 3, 5, 8 ], "rotation": 180, "texture": "#texture" },
        "south": { "uv": [ 12, 8, 11, 3 ], "texture": "#texture" },
        "west":  { "uv": [ 3, 4, 8, 5 ], "rotation": 270, "texture": "#texture" },
        "east":  { "uv": [ 8, 4, 13, 5 ], "rotation": 90, "texture": "#texture" }
    }
},
{
    "from": [ 10, 7, 5 ],
    "to": [ 11, 11, 6 ],
    "faces": {
        "down":  { "uv": [ 5, 5, 6, 6 ], "rotation": 180, "texture": "#texture" },
        "up":    { "uv": [ 10, 5, 11, 6 ], "texture": "#texture" },
        "north": { "uv": [ 10, 11, 11, 15 ], "rotation": 180, "texture": "#texture" },
        "south": { "uv": [ 6, 15, 5, 11 ], "texture": "#texture" },
        "west":  { "uv": [ 11, 5, 15, 6 ], "rotation": 270, "texture": "#texture" },
        "east":  { "uv": [ 1, 5, 5, 6 ], "rotation": 90, "texture": "#texture" }
    }
},
{
    "from": [ 10.25, 7, 6 ],
    "to": [ 11, 8, 10 ],
    "faces": {
        "down":  { "uv": [ 10.25, 5.5, 11, 10.5 ], "texture": "#texture" },
        "up":    { "uv": [ 10.25, 5.5, 11, 10.5 ], "texture": "#texture" },
        "north": { "uv": [ 10.25, 6, 11, 7 ], "texture": "#texture" },
        "south": { "uv": [ 10.25, 6, 11, 7 ], "texture": "#texture" },
        "west":  { "uv": [ 5.5, 6, 10.5, 7 ], "texture": "#texture" },
        "east":  { "uv": [ 5.5, 6, 10.5, 7 ], "texture": "#texture" }
    }
},
{
    "from": [ 5.5, 3, 4.25 ],
    "to": [ 10.5, 4, 5 ],
    "faces": {
        "down":  { "uv": [ 4.9375, 4, 11, 4.75 ], "rotation": 180, "texture": "#texture" },
        "up":    { "uv": [ 5, 4, 11.0625, 4.75 ], "texture": "#texture" },
        "north": { "uv": [ 5, 4.5, 11.0625, 5.5 ], "rotation": 180, "texture": "#texture" },
        "south": { "uv": [ 11, 5.5, 4.9375, 4.5 ], "texture": "#texture" },
        "west":  { "uv": [ 4.5, 4, 5.5, 4.75 ], "rotation": 270, "texture": "#texture" },
        "east":  { "uv": [ 10.5, 4, 11.5, 4.75 ], "rotation": 90, "texture": "#texture" }
    }
},
{
    "from": [ 10.5, 3, 4.5 ],
    "to": [ 11.5, 8, 5.5 ],
    "faces": {
        "down":  { "uv": [ 4.5, 4.5, 5.5, 5.5 ], "rotation": 180, "texture": "#texture" },
        "up":    { "uv": [ 10.5, 4.5, 11.5, 5.5 ], "texture": "#texture" },
        "north": { "uv": [ 10.5, 7, 11.5, 12 ], "rotation": 180, "texture": "#texture" },
        "south": { "uv": [ 5.5, 12, 4.5, 7 ], "texture": "#texture" },
        "west":  { "uv": [ 7, 4.5, 12, 5.5 ], "rotation": 270, "texture": "#texture" },
        "east":  { "uv": [ 4, 4.5, 9, 5.5 ], "rotation": 90, "texture": "#texture" }
    }
},
{
    "from": [ 11, 0, 4 ],
    "to": [ 12, 4, 5 ],
    "faces": {
        "down":  { "uv": [ 4, 4, 5, 5 ], "rotation": 180, "texture": "#texture" },
        "up":    { "uv": [ 11, 4, 12, 5 ], "texture": "#texture" },
        "north": { "uv": [ 11, 3, 12, 8 ], "rotation": 180, "texture": "#texture" },
        "south": { "uv": [ 5, 8, 4, 3 ], "texture": "#texture" },
        "west":  { "uv": [ 3, 4, 8, 5 ], "rotation": 270, "texture": "#texture" },
        "east":  { "uv": [ 8, 4, 13, 5 ], "rotation": 90, "texture": "#texture" }
    }
},
{
    "from": [ 6, 11, 12.5 ],
    "to": [ 10, 12, 13 ],
    "faces": {
        "down":  { "uv": [ 6, 12.5, 10, 13 ], "rotation": 180, "texture": "#texture" },
        "up":    { "uv": [ 6, 12.5, 10, 13 ], "texture": "#texture" },
        "north": { "uv": [ 6, 15, 10, 16 ], "rotation": 180, "texture": "#texture" },
        "south": { "uv": [ 10, 16, 6, 15 ], "texture": "#texture" },
        "west":  { "uv": [ 15, 12.5, 16, 13 ], "rotation": 270, "texture": "#texture" },
        "east":  { "uv": [ 0, 12.5, 1, 13 ], "rotation": 90, "texture": "#texture" }
    }
},
{
    "from": [ 6, 11, 3 ],
    "to": [ 10, 12, 3.5 ],
    "faces": {
        "down":  { "uv": [ 6, 3, 10, 3.5 ], "rotation": 180, "texture": "#texture" },
        "up":    { "uv": [ 6, 3, 10, 3.5 ], "texture": "#texture" },
        "north": { "uv": [ 6, 15, 10, 16 ], "rotation": 180, "texture": "#texture" },
        "south": { "uv": [ 10, 16, 6, 15 ], "texture": "#texture" },
        "west":  { "uv": [ 15, 3, 16, 3.5 ], "rotation": 270, "texture": "#texture" },
        "east":  { "uv": [ 0, 3, 1, 3.5 ], "rotation": 90, "texture": "#texture" }
    }
},
{
    "from": [ 12.5, 11, 6 ],
    "to": [ 13, 12, 10 ],
    "faces": {
        "down":  { "uv": [ 3, 6, 3.5, 10 ], "rotation": 180, "texture": "#texture" },
        "up":    { "uv": [ 12.5, 6, 13, 10 ], "texture": "#texture" },
        "north": { "uv": [ 12.5, 15, 13, 16 ], "rotation": 180, "texture": "#texture" },
        "south": { "uv": [ 3.5, 16, 3, 15 ], "texture": "#texture" },
        "west":  { "uv": [ 15, 6, 16, 10 ], "rotation": 270, "texture": "#texture" },
        "east":  { "uv": [ 0, 6, 1, 10 ], "rotation": 90, "texture": "#texture" }
    }
},
{
    "from": [ 3, 11, 6 ],
    "to": [ 3.5, 12, 10 ],
    "faces": {
        "down":  { "uv": [ 12.5, 6, 13, 10 ], "rotation": 180, "texture": "#texture" },
        "up":    { "uv": [ 3, 6, 3.5, 10 ], "texture": "#texture" },
        "north": { "uv": [ 3, 15, 3.5, 16 ], "rotation": 180, "texture": "#texture" },
        "south": { "uv": [ 13, 16, 12.5, 15 ], "texture": "#texture" },
        "west":  { "uv": [ 15, 6, 16, 10 ], "rotation": 270, "texture": "#texture" },
        "east":  { "uv": [ 0, 6, 1, 10 ], "rotation": 90, "texture": "#texture" }
    }
}
],
"display": {
    "thirdperson_righthand": {
        "rotation": [ 0, -43, 0 ],
        "translation": [ 0, 0, 0 ],
        "scale": [ 0.5, 0.5, 0.5 ]
    },
    "thirdperson_lefthand": {
        "rotation": [ 0, -43, 0 ],
        "translation": [ 0, 0, 0 ],
        "scale": [ 0.5, 0.5, 0.5 ]
    },
    "head": {
        "rotation": [ 0, 0, 0 ],
        "translation": [ 0, -31, 0 ],
        "scale": [ 1.5, 1.5, 1.5 ]
    },
    "ground": {
        "rotation": [ 0, 0, 0 ],
        "translation": [ 0, 2, 0 ],
        "scale": [ 0.5, 0.5, 0.5 ]
    },
    "fixed": {
        "rotation": [ 0, 0, 0 ],
        "translation": [ 0, 0, 0 ],
        "scale": [ 1, 1, 1 ]
    },
    "firstperson_righthand": {
        "rotation": [ 0, -64, 0 ],
        "translation": [ 0, 2.46, 0 ],
        "scale": [ 0.5, 0.5, 0.5 ]
    },
    "firstperson_lefthand": {
        "rotation": [ 0, -64, 0 ],
        "translation": [ 0, 2.46, 0 ],
        "scale": [ 0.5, 0.5, 0.5 ]
    },
    "gui": {
        "rotation": [ 35, 35, 0 ],
        "translation": [ 0, 0, 0 ],
        "scale": [ 0.62, 0.62, 0.62 ]
    }
}
}