{
	"credit": "Made with Blockbench",
	"textures": {
		"2": "blocks/concrete_powder_pink",
		"3": "blocks/concrete_powder_brown"
	},
	"elements": [
		{
			"from": [13, 12.5, 1.5],
			"to": [14, 18.5, 2.5],
			"rotation": {"angle": 0, "axis": "y", "origin": [21, 20, 8]},
			"faces": {
				"north": {"uv": [6.5, 5.25, 7.5, 7.25], "texture": "#3"},
				"east": {"uv": [6.5, 5.25, 7.5, 7.25], "texture": "#3"},
				"south": {"uv": [6.5, 5.25, 7.5, 7.25], "texture": "#3"},
				"west": {"uv": [6.5, 5.25, 7.5, 7.25], "texture": "#3"},
				"up": {"uv": [6.5, 5.25, 7.5, 7.25], "texture": "#3"},
				"down": {"uv": [6.5, 5.25, 7.5, 7.25], "texture": "#3"}
			}
		},
		{
			"from": [11, 12.5, 1.5],
			"to": [12, 18.5, 2.5],
			"rotation": {"angle": 0, "axis": "y", "origin": [19, 20, 8]},
			"faces": {
				"north": {"uv": [6.5, 5.25, 7.5, 7.25], "texture": "#3"},
				"east": {"uv": [6.5, 5.25, 7.5, 7.25], "texture": "#3"},
				"south": {"uv": [6.5, 5.25, 7.5, 7.25], "texture": "#3"},
				"west": {"uv": [6.5, 5.25, 7.5, 7.25], "texture": "#3"},
				"up": {"uv": [6.5, 5.25, 7.5, 7.25], "texture": "#3"},
				"down": {"uv": [6.5, 5.25, 7.5, 7.25], "texture": "#3"}
			}
		},
		{
			"from": [4, 12.5, 1.5],
			"to": [5, 18.5, 2.5],
			"rotation": {"angle": 0, "axis": "y", "origin": [12, 20, 8]},
			"faces": {
				"north": {"uv": [6.5, 5.25, 7.5, 7.25], "texture": "#3"},
				"east": {"uv": [6.5, 5.25, 7.5, 7.25], "texture": "#3"},
				"south": {"uv": [6.5, 5.25, 7.5, 7.25], "texture": "#3"},
				"west": {"uv": [6.5, 5.25, 7.5, 7.25], "texture": "#3"},
				"up": {"uv": [6.5, 5.25, 7.5, 7.25], "texture": "#3"},
				"down": {"uv": [6.5, 5.25, 7.5, 7.25], "texture": "#3"}
			}
		},
		{
			"from": [2, 12.5, 1.5],
			"to": [3, 18.5, 2.5],
			"rotation": {"angle": 0, "axis": "y", "origin": [10, 20, 8]},
			"faces": {
				"north": {"uv": [6.5, 5.25, 7.5, 7.25], "texture": "#3"},
				"east": {"uv": [6.5, 5.25, 7.5, 7.25], "texture": "#3"},
				"south": {"uv": [6.5, 5.25, 7.5, 7.25], "texture": "#3"},
				"west": {"uv": [6.5, 5.25, 7.5, 7.25], "texture": "#3"},
				"up": {"uv": [6.5, 5.25, 7.5, 7.25], "texture": "#3"},
				"down": {"uv": [6.5, 5.25, 7.5, 7.25], "texture": "#3"}
			}
		},
		{
			"from": [12, 12.5, 2],
			"to": [13, 18.5, 2.3],
			"rotation": {"angle": 0, "axis": "y", "origin": [20, 20, 9]},
			"faces": {
				"north": {"uv": [7, 3, 8.25, 5.5], "texture": "#2"},
				"east": {"uv": [6.5, 5.25, 7.5, 7.25], "texture": "#3"},
				"south": {"uv": [6.5, 5.25, 7.5, 7.25], "texture": "#3"},
				"west": {"uv": [6.5, 5.25, 7.5, 7.25], "texture": "#3"},
				"up": {"uv": [6.5, 5.25, 7.5, 7.25], "texture": "#3"},
				"down": {"uv": [1, 0, 7, 7], "texture": "#3"}
			}
		},
		{
			"from": [3, 12.5, 2],
			"to": [4, 18.5, 2.3],
			"rotation": {"angle": 0, "axis": "y", "origin": [11, 20, 9]},
			"faces": {
				"north": {"uv": [7, 3, 8.25, 5.5], "texture": "#2"},
				"east": {"uv": [6.5, 5.25, 7.5, 7.25], "texture": "#3"},
				"south": {"uv": [6.5, 5.25, 7.5, 7.25], "texture": "#3"},
				"west": {"uv": [6.5, 5.25, 7.5, 7.25], "texture": "#3"},
				"up": {"uv": [6.5, 5.25, 7.5, 7.25], "texture": "#3"},
				"down": {"uv": [1, 0, 7, 7], "texture": "#3"}
			}
		},
		{
			"from": [3, 18.5, 1.5],
			"to": [4, 19.5, 2.5],
			"rotation": {"angle": 0, "axis": "y", "origin": [11, 26, 8]},
			"faces": {
				"north": {"uv": [7, 5, 8, 7], "texture": "#3"},
				"east": {"uv": [7, 5, 8, 7], "texture": "#3"},
				"south": {"uv": [7, 5, 8, 7], "texture": "#3"},
				"west": {"uv": [7, 5, 8, 7], "texture": "#3"},
				"up": {"uv": [7, 5, 8, 7], "texture": "#3"},
				"down": {"uv": [7, 5, 8, 7], "texture": "#3"}
			}
		},
		{
			"from": [12, 18.5, 1.5],
			"to": [13, 19.5, 2.5],
			"rotation": {"angle": 0, "axis": "y", "origin": [20, 26, 8]},
			"faces": {
				"north": {"uv": [7, 5, 8, 7], "texture": "#3"},
				"east": {"uv": [7, 5, 8, 7], "texture": "#3"},
				"south": {"uv": [7, 5, 8, 7], "texture": "#3"},
				"west": {"uv": [7, 5, 8, 7], "texture": "#3"},
				"up": {"uv": [7, 5, 8, 7], "texture": "#3"},
				"down": {"uv": [7, 5, 8, 7], "texture": "#3"}
			}
		}
	],
	"display": {
		"thirdperson_righthand": {
			"translation": [0, -1.5, 2.25],
			"scale": [0.35, 0.35, 0.35]
		},
		"thirdperson_lefthand": {
			"translation": [0, -1.5, 2.25],
			"scale": [0.35, 0.35, 0.35]
		},
		"ground": {
			"translation": [0, 0, 6.75]
		},
		"gui": {
			"rotation": [0, -180, 0],
			"translation": [0, -7, 0]
		},
		"fixed": {
			"translation": [0, -7.5, 5.5]
		}
	}
}