{
	"credit": "Made with Blockbench",
	"textures": {
		"1": "blocks/concrete_powder_pink",
		"particle": "blocks/concrete_powder_pink",
		"layer0": "blocks/bone_block_side"
	},
	"elements": [
		{
			"from": [12, 14.5, 0.5],
			"to": [13, 20.5, 1.5],
			"rotation": {"angle": 0, "axis": "y", "origin": [20, 22, 8]},
			"faces": {
				"north": {"uv": [0, 0, 4, 7], "texture": "#layer0"},
				"east": {"uv": [0, 0, 4, 7], "texture": "#layer0"},
				"south": {"uv": [0, 0, 4, 7], "texture": "#layer0"},
				"west": {"uv": [0, 0, 4, 7], "texture": "#layer0"},
				"up": {"uv": [0, 0, 4, 7], "texture": "#layer0"},
				"down": {"uv": [0, 0, 4, 7], "texture": "#layer0"}
			}
		},
		{
			"from": [11, 14.5, 0.5],
			"to": [12, 19.5, 1.5],
			"rotation": {"angle": 0, "axis": "y", "origin": [19, 22, 8]},
			"faces": {
				"north": {"uv": [0, 0, 4, 7], "texture": "#layer0"},
				"east": {"uv": [0, 0, 4, 7], "texture": "#layer0"},
				"south": {"uv": [0, 0, 4, 7], "texture": "#layer0"},
				"west": {"uv": [0, 0, 4, 7], "texture": "#layer0"},
				"up": {"uv": [0, 0, 4, 7], "texture": "#layer0"},
				"down": {"uv": [0, 0, 4, 7], "texture": "#layer0"}
			}
		},
		{
			"from": [4, 14.5, 0.5],
			"to": [5, 19.5, 1.5],
			"rotation": {"angle": 0, "axis": "y", "origin": [12, 22, 8]},
			"faces": {
				"north": {"uv": [0, 0, 4, 7], "texture": "#layer0"},
				"east": {"uv": [0, 0, 4, 7], "texture": "#layer0"},
				"south": {"uv": [0, 0, 4, 7], "texture": "#layer0"},
				"west": {"uv": [0, 0, 4, 7], "texture": "#layer0"},
				"up": {"uv": [0, 0, 4, 7], "texture": "#layer0"},
				"down": {"uv": [0, 0, 4, 7], "texture": "#layer0"}
			}
		},
		{
			"from": [10, 14.5, 0.5],
			"to": [11, 17.5, 1.5],
			"rotation": {"angle": 0, "axis": "y", "origin": [18, 22, 8]},
			"faces": {
				"north": {"uv": [0, 0, 4, 7], "texture": "#layer0"},
				"east": {"uv": [0, 0, 4, 7], "texture": "#layer0"},
				"south": {"uv": [0, 0, 4, 7], "texture": "#layer0"},
				"west": {"uv": [0, 0, 4, 7], "texture": "#layer0"},
				"up": {"uv": [0, 0, 4, 7], "texture": "#layer0"},
				"down": {"uv": [0, 0, 4, 7], "texture": "#layer0"}
			}
		},
		{
			"from": [5, 14.5, 0.5],
			"to": [6, 17.5, 1.5],
			"rotation": {"angle": 0, "axis": "y", "origin": [13, 22, 8]},
			"faces": {
				"north": {"uv": [0, 0, 4, 7], "texture": "#layer0"},
				"east": {"uv": [0, 0, 4, 7], "texture": "#layer0"},
				"south": {"uv": [0, 0, 4, 7], "texture": "#layer0"},
				"west": {"uv": [0, 0, 4, 7], "texture": "#layer0"},
				"up": {"uv": [0, 0, 4, 7], "texture": "#layer0"},
				"down": {"uv": [0, 0, 4, 7], "texture": "#layer0"}
			}
		},
		{
			"from": [10.5, 14.7, 0.3],
			"to": [12.2, 17.2, 0.6],
			"rotation": {"angle": 0, "axis": "y", "origin": [18, 22, 7]},
			"faces": {
				"north": {"uv": [9, 9, 11, 12], "texture": "#1"},
				"east": {"uv": [10, 2, 11, 5], "texture": "#1"},
				"south": {"uv": [10, 2, 11, 5], "texture": "#1"},
				"west": {"uv": [10, 2, 11, 5], "texture": "#1"},
				"up": {"uv": [10, 2, 11, 5], "texture": "#1"},
				"down": {"uv": [10, 2, 11, 5], "texture": "#1"}
			}
		},
		{
			"from": [3.8, 14.7, 0.3],
			"to": [5.5, 17.2, 0.6],
			"rotation": {"angle": 0, "axis": "y", "origin": [11, 22, 7]},
			"faces": {
				"north": {"uv": [9, 9, 11, 12], "texture": "#1"},
				"east": {"uv": [10, 2, 11, 5], "texture": "#1"},
				"south": {"uv": [10, 2, 11, 5], "texture": "#1"},
				"west": {"uv": [10, 2, 11, 5], "texture": "#1"},
				"up": {"uv": [10, 2, 11, 5], "texture": "#1"},
				"down": {"uv": [10, 2, 11, 5], "texture": "#1"}
			}
		},
		{
			"from": [3, 14.5, 0.5],
			"to": [4, 20.5, 1.5],
			"rotation": {"angle": 0, "axis": "y", "origin": [11, 22, 8]},
			"faces": {
				"north": {"uv": [0, 0, 4, 7], "texture": "#layer0"},
				"east": {"uv": [0, 0, 4, 7], "texture": "#layer0"},
				"south": {"uv": [0, 0, 4, 7], "texture": "#layer0"},
				"west": {"uv": [0, 0, 4, 7], "texture": "#layer0"},
				"up": {"uv": [0, 0, 4, 7], "texture": "#layer0"},
				"down": {"uv": [0, 0, 4, 7], "texture": "#layer0"}
			}
		}
	],
	"display": {
		"thirdperson_righthand": {
			"translation": [0, -2.25, 2.75],
			"scale": [0.35, 0.35, 0.35]
		},
		"thirdperson_lefthand": {
			"translation": [0, -2.25, 2.75],
			"scale": [0.35, 0.35, 0.35]
		},
		"firstperson_righthand": {
			"translation": [8, -11, 0]
		},
		"firstperson_lefthand": {
			"translation": [8, -11, 0]
		},
		"ground": {
			"translation": [0, -7.5, 7]
		},
		"gui": {
			"rotation": [0, -180, 0],
			"translation": [0, -8.25, 0]
		},
		"head": {
			"translation": [0, 0, 1]
		},
		"fixed": {
			"translation": [0, -7.5, 6.5]
		}
	}
}