{
	"credit": "Made with Blockbench",
	"textures": {
		"layer0": "items/wood_hoe"
	},
	"elements": [
		{
			"from": [3, 13.5, 0.5],
			"to": [4, 18.5, 1.5],
			"rotation": {"angle": 0, "axis": "y", "origin": [11, 21, 8]},
			"faces": {
				"north": {"uv": [12, 3, 13, 4], "texture": "#layer0"},
				"east": {"uv": [12, 3, 13, 4], "texture": "#layer0"},
				"south": {"uv": [12, 3, 13, 4], "texture": "#layer0"},
				"west": {"uv": [12, 3, 13, 4], "texture": "#layer0"},
				"up": {"uv": [12, 3, 13, 4], "texture": "#layer0"},
				"down": {"uv": [12, 3, 13, 4], "texture": "#layer0"}
			}
		},
		{
			"from": [12, 13.5, 0.5],
			"to": [13, 18.5, 1.5],
			"rotation": {"angle": 0, "axis": "y", "origin": [20, 21, 8]},
			"faces": {
				"north": {"uv": [12, 3, 13, 4], "texture": "#layer0"},
				"east": {"uv": [12, 3, 13, 4], "texture": "#layer0"},
				"south": {"uv": [12, 3, 13, 4], "texture": "#layer0"},
				"west": {"uv": [12, 3, 13, 4], "texture": "#layer0"},
				"up": {"uv": [12, 3, 13, 4], "texture": "#layer0"},
				"down": {"uv": [12, 3, 13, 4], "texture": "#layer0"}
			}
		},
		{
			"from": [11, 13.5, 0.5],
			"to": [12, 15.5, 1.5],
			"rotation": {"angle": 0, "axis": "y", "origin": [19, 21, 8]},
			"faces": {
				"north": {"uv": [10, 3, 11, 5], "texture": "#layer0"},
				"east": {"uv": [12, 3, 13, 4], "texture": "#layer0"},
				"south": {"uv": [12, 3, 13, 4], "texture": "#layer0"},
				"west": {"uv": [12, 3, 13, 4], "texture": "#layer0"},
				"up": {"uv": [12, 3, 13, 4], "texture": "#layer0"},
				"down": {"uv": [12, 3, 13, 4], "texture": "#layer0"}
			}
		},
		{
			"from": [4, 13.5, 0.5],
			"to": [5, 15.5, 1.5],
			"rotation": {"angle": 0, "axis": "y", "origin": [12, 21, 8]},
			"faces": {
				"north": {"uv": [10, 3, 11, 5], "texture": "#layer0"},
				"east": {"uv": [12, 3, 13, 4], "texture": "#layer0"},
				"south": {"uv": [12, 3, 13, 4], "texture": "#layer0"},
				"west": {"uv": [12, 3, 13, 4], "texture": "#layer0"},
				"up": {"uv": [12, 3, 13, 4], "texture": "#layer0"},
				"down": {"uv": [12, 3, 13, 4], "texture": "#layer0"}
			}
		}
	]
}