{
"__comment": "Designed by Tomshalev01",
"textures": {
    "0": "blocks/wool_colored_white",
    "1": "blocks/iron_block"
},
"elements": [ 
{
    "from": [ 5, 0, 7.5 ],
    "to": [ 11, 4, 8.5 ],
    "faces": {
        "down":  { "uv": [ 0, 0, 6, 1 ], "texture": "#0" },
        "up":    { "uv": [ 0, 0, 6, 1 ], "texture": "#0" },
        "north": { "uv": [ 0, 0, 6, 4 ], "texture": "#0" },
        "south": { "uv": [ 0, 0, 6, 4 ], "texture": "#0" },
        "west":  { "uv": [ 0, 0, 1, 4 ], "texture": "#0" },
        "east":  { "uv": [ 0, 0, 1, 4 ], "texture": "#0" }
    }
},
{
    "from": [ 5.1, 4, 7.9 ],
    "to": [ 10.9, 4.1, 8.1 ],
    "faces": {
        "down":  { "uv": [ 0, 0, 5.8, 0.2 ], "texture": "#1" },
        "up":    { "uv": [ 0, 0, 5.8000001907348633, 0.20000000298023224 ], "texture": "#1" },
        "north": { "uv": [ 0, 0, 5.8000001907348633, 0.10000000149011612 ], "texture": "#1" },
        "south": { "uv": [ 0, 0, 5.8000001907348633, 0.10000000149011612 ], "texture": "#1" },
        "west":  { "uv": [ 0, 0, 0.20000000298023224, 0.10000000149011612 ], "texture": "#1" },
        "east":  { "uv": [ 0, 0, 0.20000000298023224, 0.10000000149011612 ], "texture": "#1" }
    }
},
{
    "from": [ 10.1, 4.1, 7.9 ],
    "to": [ 10.9, 4.2, 8.1 ],
    "faces": {
        "down":  { "uv": [ 0, 0, 0.8, 0.2 ], "texture": "#1" },
        "up":    { "uv": [ 0, 0, 0.80000001192092896, 0.20000000298023224 ], "texture": "#1" },
        "north": { "uv": [ 0, 0, 0.80000001192092896, 0.10000000149011612 ], "texture": "#1" },
        "south": { "uv": [ 0, 0, 0.80000001192092896, 0.10000000149011612 ], "texture": "#1" },
        "west":  { "uv": [ 0, 0, 0.20000000298023224, 0.10000000149011612 ], "texture": "#1" },
        "east":  { "uv": [ 0, 0, 0.20000000298023224, 0.10000000149011612 ], "texture": "#1" }
    }
},
{
    "from": [ 10.9, 4.1, 7.9 ],
    "to": [ 12.7, 4.2, 8.1 ],
    "faces": {
        "down":  { "uv": [ 0, 0, 1.8, 0.2 ], "texture": "#0" },
        "up":    { "uv": [ 0, 0, 1.7999999523162842, 0.20000000298023224 ], "texture": "#0" },
        "north": { "uv": [ 0, 0, 1.7999999523162842, 0.10000000149011612 ], "texture": "#0" },
        "south": { "uv": [ 0, 0, 1.7999999523162842, 0.10000000149011612 ], "texture": "#0" },
        "west":  { "uv": [ 0, 0, 0.20000000298023224, 0.10000000149011612 ], "texture": "#0" },
        "east":  { "uv": [ 0, 0, 0.20000000298023224, 0.10000000149011612 ], "texture": "#0" }
    }
}
],
"display": {
    "thirdperson_righthand": {
        "rotation": [ 11, 94, 55 ],
        "translation": [ 0, 0.76, 4.35 ],
        "scale": [ 1, 1, 1 ]
    },
    "thirdperson_lefthand": {
        "rotation": [ 11, 94, 55 ],
        "translation": [ 0, 0.76, 4.35 ],
        "scale": [ 1, 1, 1 ]
    },
    "head": {
        "rotation": [ 0, 180, 0 ],
        "translation": [ 0, -35.5, 0 ],
        "scale": [ 1, 1, 1 ]
    },
    "ground": {
        "rotation": [ 0, 0, 0 ],
        "translation": [ 0, 2, 0 ],
        "scale": [ 0.5, 0.5, 0.5 ]
    },
    "fixed": {
        "rotation": [ 0, 180, 0 ],
        "translation": [ 0, 2.46, -0.19 ],
        "scale": [ 1, 1, 1 ]
    },
    "firstperson_righthand": {
        "rotation": [ 0, -64, 0 ],
        "translation": [ 0, 4.91, 0 ],
        "scale": [ 1, 1, 1 ]
    },
    "firstperson_lefthand": {
        "rotation": [ 0, -64, 0 ],
        "translation": [ 0, 4.91, 0 ],
        "scale": [ 1, 1, 1 ]
    },
    "gui": {
        "rotation": [ 35, 35, 0 ],
        "translation": [ 0, 0, 0 ],
        "scale": [ 0.62, 0.62, 0.62 ]
    }
}
}