{
"__comment": "Designed by MasterianoX",
"textures": {
    "particle": "blocks/props/tea_cup",
    "texture": "blocks/props/tea_cup"
},
"elements": [ 
{
    "from": [ 10, 4.5, 7.75 ],
    "to": [ 10.5, 5, 8.25 ],
    "faces": {
        "down":  { "uv": [ 6, 6.5, 6.5, 6 ], "texture": "#texture" },
        "up":    { "uv": [ 6, 6, 6.5, 6.5 ], "texture": "#texture" },
        "north": { "uv": [ 6.5, 6, 6, 6.5 ], "texture": "#texture" },
        "south": { "uv": [ 6, 6, 6.5, 6.5 ], "texture": "#texture" },
        "west":  { "uv": [ 6, 6, 6.5, 6.5 ], "texture": "#texture" },
        "east":  { "uv": [ 6.5, 6, 6, 6.5 ], "texture": "#texture" }
    }
},
{
    "from": [ 9.5, 2.5, 7.75 ],
    "to": [ 10.5, 3, 8.25 ],
    "faces": {
        "down":  { "uv": [ 6, 8.5, 6.5, 8 ], "texture": "#texture" },
        "up":    { "uv": [ 6, 8, 6.5, 8.5 ], "texture": "#texture" },
        "north": { "uv": [ 6.5, 8, 6, 8.5 ], "texture": "#texture" },
        "south": { "uv": [ 6, 8, 6.5, 8.5 ], "texture": "#texture" },
        "west":  { "uv": [ 6, 8, 6.5, 8.5 ], "texture": "#texture" },
        "east":  { "uv": [ 6.5, 8, 6, 8.5 ], "texture": "#texture" }
    }
},
{
    "from": [ 10.5, 5, 7.75 ],
    "to": [ 11.5, 5.5, 8.25 ],
    "faces": {
        "down":  { "uv": [ 6.5, 6, 7.5, 5.5 ], "texture": "#texture" },
        "up":    { "uv": [ 6.5, 5.5, 7.5, 6 ], "texture": "#texture" },
        "north": { "uv": [ 7.5, 5.5, 6.5, 6 ], "texture": "#texture" },
        "south": { "uv": [ 6.5, 5.5, 7.5, 6 ], "texture": "#texture" },
        "west":  { "uv": [ 6.5, 5.5, 7, 6 ], "texture": "#texture" },
        "east":  { "uv": [ 7.5, 5.5, 7, 6 ], "texture": "#texture" }
    }
},
{
    "from": [ 10.5, 3, 7.75 ],
    "to": [ 11, 3.5, 8.25 ],
    "faces": {
        "down":  { "uv": [ 6.5, 8, 7, 7.5 ], "texture": "#texture" },
        "up":    { "uv": [ 6.5, 7.5, 7, 8 ], "texture": "#texture" },
        "north": { "uv": [ 7, 7.5, 6.5, 8 ], "texture": "#texture" },
        "south": { "uv": [ 6.5, 7.5, 7, 8 ], "texture": "#texture" },
        "west":  { "uv": [ 6.5, 7.5, 7, 8 ], "texture": "#texture" },
        "east":  { "uv": [ 7, 7.5, 6.5, 8 ], "texture": "#texture" }
    }
},
{
    "from": [ 11, 3.5, 7.75 ],
    "to": [ 11.5, 4, 8.25 ],
    "faces": {
        "down":  { "uv": [ 7, 7.5, 7.5, 7 ], "texture": "#texture" },
        "up":    { "uv": [ 7, 7, 7.5, 7.5 ], "texture": "#texture" },
        "north": { "uv": [ 7.5, 7, 7, 7.5 ], "texture": "#texture" },
        "south": { "uv": [ 7, 7, 7.5, 7.5 ], "texture": "#texture" },
        "west":  { "uv": [ 7, 7, 7.5, 7.5 ], "texture": "#texture" },
        "east":  { "uv": [ 7.5, 7, 7, 7.5 ], "texture": "#texture" }
    }
},
{
    "from": [ 11.5, 4, 7.75 ],
    "to": [ 12, 5, 8.25 ],
    "faces": {
        "down":  { "uv": [ 7.5, 7, 8, 6.5 ], "texture": "#texture" },
        "up":    { "uv": [ 7.5, 6, 8, 6.5 ], "texture": "#texture" },
        "north": { "uv": [ 8, 6, 7.5, 7 ], "texture": "#texture" },
        "south": { "uv": [ 7.5, 6, 8, 7 ], "texture": "#texture" },
        "west":  { "uv": [ 7.5, 6, 8, 7 ], "texture": "#texture" },
        "east":  { "uv": [ 8, 6, 7.5, 7 ], "texture": "#texture" }
    }
},
{
    "from": [ 6.75, 1, 7.25 ],
    "to": [ 7.25, 1.5, 8.75 ],
    "faces": {
        "down":  { "uv": [ 1, 3, 1.5, 1.5 ], "texture": "#texture" },
        "up":    { "uv": [ 1, 1.5, 1.5, 3 ], "texture": "#texture" },
        "north": { "uv": [ 1.5, 1.5, 1, 2 ], "texture": "#texture" },
        "south": { "uv": [ 1, 3, 1.5, 2.5 ], "texture": "#texture" },
        "west":  { "uv": [ 1, 1.5, 1.5, 3 ], "rotation": 270, "texture": "#texture" },
        "east":  { "uv": [ 1.5, 1.5, 1, 3 ], "rotation": 90, "texture": "#texture" }
    }
},
{
    "from": [ 7.25, 1, 6.75 ],
    "to": [ 8.75, 1.5, 7.25 ],
    "faces": {
        "down":  { "uv": [ 1.5, 1.5, 3, 1 ], "texture": "#texture" },
        "up":    { "uv": [ 1.5, 1, 3, 1.5 ], "texture": "#texture" },
        "north": { "uv": [ 3, 1, 1.5, 1.5 ], "texture": "#texture" },
        "south": { "uv": [ 1.5, 1.5, 3, 1 ], "texture": "#texture" },
        "west":  { "uv": [ 1.5, 1, 2, 1.5 ], "rotation": 270, "texture": "#texture" },
        "east":  { "uv": [ 3, 1, 2.5, 1.5 ], "rotation": 90, "texture": "#texture" }
    }
},
{
    "from": [ 7.25, 1, 8.75 ],
    "to": [ 8.75, 1.5, 9.25 ],
    "faces": {
        "down":  { "uv": [ 1.5, 3.5, 3, 3 ], "texture": "#texture" },
        "up":    { "uv": [ 1.5, 3, 3, 3.5 ], "texture": "#texture" },
        "north": { "uv": [ 3, 3, 1.5, 3.5 ], "texture": "#texture" },
        "south": { "uv": [ 1.5, 3.5, 3, 3 ], "texture": "#texture" },
        "west":  { "uv": [ 1.5, 3, 2, 3.5 ], "rotation": 270, "texture": "#texture" },
        "east":  { "uv": [ 3, 3, 2.5, 3.5 ], "rotation": 90, "texture": "#texture" }
    }
},
{
    "from": [ 8.75, 1, 7.25 ],
    "to": [ 9.25, 1.5, 8.75 ],
    "faces": {
        "down":  { "uv": [ 3, 3, 3.5, 1.5 ], "texture": "#texture" },
        "up":    { "uv": [ 3, 1.5, 3.5, 3 ], "texture": "#texture" },
        "north": { "uv": [ 3.5, 1.5, 3, 2 ], "texture": "#texture" },
        "south": { "uv": [ 3, 3, 3.5, 2.5 ], "texture": "#texture" },
        "west":  { "uv": [ 3, 1.5, 3.5, 3 ], "rotation": 270, "texture": "#texture" },
        "east":  { "uv": [ 3.5, 1.5, 3, 3 ], "rotation": 90, "texture": "#texture" }
    }
},
{
    "from": [ 6.25, 0.5, 7.25 ],
    "to": [ 6.75, 1, 8.75 ],
    "faces": {
        "down":  { "uv": [ 0.5, 3, 1, 1.5 ], "texture": "#texture" },
        "up":    { "uv": [ 0.5, 1.5, 1, 3 ], "texture": "#texture" },
        "north": { "uv": [ 1, 1.5, 0.5, 2 ], "texture": "#texture" },
        "south": { "uv": [ 0.5, 3, 1, 2.5 ], "texture": "#texture" },
        "west":  { "uv": [ 0.5, 1.5, 1, 3 ], "rotation": 270, "texture": "#texture" },
        "east":  { "uv": [ 1, 1.5, 0.5, 3 ], "rotation": 90, "texture": "#texture" }
    }
},
{
    "from": [ 6.75, 0.5, 6.75 ],
    "to": [ 7.25, 1, 7.25 ],
    "faces": {
        "down":  { "uv": [ 1, 1.5, 1.5, 1 ], "texture": "#texture" },
        "up":    { "uv": [ 1, 1, 1.5, 1.5 ], "texture": "#texture" },
        "north": { "uv": [ 1.5, 1, 1, 1.5 ], "texture": "#texture" },
        "south": { "uv": [ 1, 1.5, 1.5, 1 ], "texture": "#texture" },
        "west":  { "uv": [ 1, 1, 1.5, 1.5 ], "rotation": 270, "texture": "#texture" },
        "east":  { "uv": [ 1.5, 1, 1, 1.5 ], "rotation": 90, "texture": "#texture" }
    }
},
{
    "from": [ 6.75, 0.5, 8.75 ],
    "to": [ 7.25, 1, 9.25 ],
    "faces": {
        "down":  { "uv": [ 1, 3.5, 1.5, 3 ], "texture": "#texture" },
        "up":    { "uv": [ 1, 3, 1.5, 3.5 ], "texture": "#texture" },
        "north": { "uv": [ 1.5, 3, 1, 3.5 ], "texture": "#texture" },
        "south": { "uv": [ 1, 3.5, 1.5, 3 ], "texture": "#texture" },
        "west":  { "uv": [ 1, 3, 1.5, 3.5 ], "rotation": 270, "texture": "#texture" },
        "east":  { "uv": [ 1.5, 3, 1, 3.5 ], "rotation": 90, "texture": "#texture" }
    }
},
{
    "from": [ 7.25, 0.5, 6.25 ],
    "to": [ 8.75, 1, 6.75 ],
    "faces": {
        "down":  { "uv": [ 1.5, 1, 3, 0.5 ], "texture": "#texture" },
        "up":    { "uv": [ 1.5, 0.5, 3, 1 ], "texture": "#texture" },
        "north": { "uv": [ 3, 0.5, 1.5, 1 ], "texture": "#texture" },
        "south": { "uv": [ 1.5, 1, 3, 0.5 ], "texture": "#texture" },
        "west":  { "uv": [ 1.5, 0.5, 2, 1 ], "rotation": 270, "texture": "#texture" },
        "east":  { "uv": [ 3, 0.5, 2.5, 1 ], "rotation": 90, "texture": "#texture" }
    }
},
{
    "from": [ 7.25, 0.5, 9.25 ],
    "to": [ 8.75, 1, 9.75 ],
    "faces": {
        "down":  { "uv": [ 1.5, 4, 3, 3.5 ], "texture": "#texture" },
        "up":    { "uv": [ 1.5, 3.5, 3, 4 ], "texture": "#texture" },
        "north": { "uv": [ 3, 3.5, 1.5, 4 ], "texture": "#texture" },
        "south": { "uv": [ 1.5, 4, 3, 3.5 ], "texture": "#texture" },
        "west":  { "uv": [ 1.5, 3.5, 2, 4 ], "rotation": 270, "texture": "#texture" },
        "east":  { "uv": [ 3, 3.5, 2.5, 4 ], "rotation": 90, "texture": "#texture" }
    }
},
{
    "from": [ 8.75, 0.5, 6.75 ],
    "to": [ 9.25, 1, 7.25 ],
    "faces": {
        "down":  { "uv": [ 3, 1.5, 3.5, 1 ], "texture": "#texture" },
        "up":    { "uv": [ 3, 1, 3.5, 1.5 ], "texture": "#texture" },
        "north": { "uv": [ 3.5, 1, 3, 1.5 ], "texture": "#texture" },
        "south": { "uv": [ 3, 1.5, 3.5, 1 ], "texture": "#texture" },
        "west":  { "uv": [ 3, 1, 3.5, 1.5 ], "rotation": 270, "texture": "#texture" },
        "east":  { "uv": [ 3.5, 1, 3, 1.5 ], "rotation": 90, "texture": "#texture" }
    }
},
{
    "from": [ 8.75, 0.5, 8.75 ],
    "to": [ 9.25, 1, 9.25 ],
    "faces": {
        "down":  { "uv": [ 3, 3.5, 3.5, 3 ], "texture": "#texture" },
        "up":    { "uv": [ 3, 3, 3.5, 3.5 ], "texture": "#texture" },
        "north": { "uv": [ 3.5, 3, 3, 3.5 ], "texture": "#texture" },
        "south": { "uv": [ 3, 3.5, 3.5, 3 ], "texture": "#texture" },
        "west":  { "uv": [ 3, 3, 3.5, 3.5 ], "rotation": 270, "texture": "#texture" },
        "east":  { "uv": [ 3.5, 3, 3, 3.5 ], "rotation": 90, "texture": "#texture" }
    }
},
{
    "from": [ 9.25, 0.5, 7.25 ],
    "to": [ 9.75, 1, 8.75 ],
    "faces": {
        "down":  { "uv": [ 3.5, 3, 4, 1.5 ], "texture": "#texture" },
        "up":    { "uv": [ 3.5, 1.5, 4, 3 ], "texture": "#texture" },
        "north": { "uv": [ 4, 1.5, 3.5, 2 ], "texture": "#texture" },
        "south": { "uv": [ 3.5, 3, 4, 2.5 ], "texture": "#texture" },
        "west":  { "uv": [ 3.5, 1.5, 4, 3 ], "rotation": 270, "texture": "#texture" },
        "east":  { "uv": [ 4, 1.5, 3.5, 3 ], "rotation": 90, "texture": "#texture" }
    }
},
{
    "from": [ 5.75, 0, 7.25 ],
    "to": [ 6.25, 0.5, 8.75 ],
    "faces": {
        "down":  { "uv": [ 0, 3, 0.5, 1.5 ], "texture": "#texture" },
        "up":    { "uv": [ 0, 1.5, 0.5, 3 ], "texture": "#texture" },
        "north": { "uv": [ 0.5, 1.5, 0, 2 ], "texture": "#texture" },
        "south": { "uv": [ 0, 3, 0.5, 2.5 ], "texture": "#texture" },
        "west":  { "uv": [ 0, 1.5, 0.5, 3 ], "rotation": 270, "texture": "#texture" },
        "east":  { "uv": [ 0.5, 1.5, 0, 3 ], "rotation": 90, "texture": "#texture" }
    }
},
{
    "from": [ 6.25, 0, 6.25 ],
    "to": [ 6.75, 0.5, 7.25 ],
    "faces": {
        "down":  { "uv": [ 0.5, 1.5, 1, 0.5 ], "texture": "#texture" },
        "up":    { "uv": [ 0.5, 0.5, 1, 1.5 ], "texture": "#texture" },
        "north": { "uv": [ 1, 0.5, 0.5, 1 ], "texture": "#texture" },
        "south": { "uv": [ 0.5, 1.5, 1, 1 ], "texture": "#texture" },
        "west":  { "uv": [ 0.5, 0.5, 1, 1.5 ], "rotation": 270, "texture": "#texture" },
        "east":  { "uv": [ 1, 0.5, 0.5, 1.5 ], "rotation": 90, "texture": "#texture" }
    }
},
{
    "from": [ 6.25, 0, 8.75 ],
    "to": [ 6.75, 0.5, 9.75 ],
    "faces": {
        "down":  { "uv": [ 0.5, 4, 1, 3 ], "texture": "#texture" },
        "up":    { "uv": [ 0.5, 3, 1, 4 ], "texture": "#texture" },
        "north": { "uv": [ 1, 3, 0.5, 3.5 ], "texture": "#texture" },
        "south": { "uv": [ 0.5, 4, 1, 3.5 ], "texture": "#texture" },
        "west":  { "uv": [ 0.5, 3, 1, 4 ], "rotation": 270, "texture": "#texture" },
        "east":  { "uv": [ 1, 3, 0.5, 4 ], "rotation": 90, "texture": "#texture" }
    }
},
{
    "from": [ 6.75, 0, 6.25 ],
    "to": [ 7.25, 0.5, 6.75 ],
    "faces": {
        "down":  { "uv": [ 1, 1, 1.5, 0.5 ], "texture": "#texture" },
        "up":    { "uv": [ 1, 0.5, 1.5, 1 ], "texture": "#texture" },
        "north": { "uv": [ 1.5, 0.5, 1, 1 ], "texture": "#texture" },
        "south": { "uv": [ 1, 1, 1.5, 0.5 ], "texture": "#texture" },
        "west":  { "uv": [ 1, 0.5, 1.5, 1 ], "rotation": 270, "texture": "#texture" },
        "east":  { "uv": [ 1.5, 0.5, 1, 1 ], "rotation": 90, "texture": "#texture" }
    }
},
{
    "from": [ 6.75, 0, 9.25 ],
    "to": [ 7.25, 0.5, 9.75 ],
    "faces": {
        "down":  { "uv": [ 1, 4, 1.5, 3.5 ], "texture": "#texture" },
        "up":    { "uv": [ 1, 3.5, 1.5, 4 ], "texture": "#texture" },
        "north": { "uv": [ 1.5, 3.5, 1, 4 ], "texture": "#texture" },
        "south": { "uv": [ 1, 4, 1.5, 3.5 ], "texture": "#texture" },
        "west":  { "uv": [ 1, 3.5, 1.5, 4 ], "rotation": 270, "texture": "#texture" },
        "east":  { "uv": [ 1.5, 3.5, 1, 4 ], "rotation": 90, "texture": "#texture" }
    }
},
{
    "from": [ 7.25, 0, 5.75 ],
    "to": [ 8.75, 0.5, 6.25 ],
    "faces": {
        "down":  { "uv": [ 1.5, 0.5, 3, 0 ], "texture": "#texture" },
        "up":    { "uv": [ 1.5, 0, 3, 0.5 ], "texture": "#texture" },
        "north": { "uv": [ 3, 0, 1.5, 0.5 ], "texture": "#texture" },
        "south": { "uv": [ 1.5, 0.5, 3, 0 ], "texture": "#texture" },
        "west":  { "uv": [ 1.5, 0, 2, 0.5 ], "rotation": 270, "texture": "#texture" },
        "east":  { "uv": [ 3, 0, 2.5, 0.5 ], "rotation": 90, "texture": "#texture" }
    }
},
{
    "from": [ 7.25, 1.5, 7.25 ],
    "to": [ 8.75, 2, 8.75 ],
    "faces": {
        "down":  { "uv": [ 1.5, 3, 3, 1.5 ], "texture": "#texture" },
        "up":    { "uv": [ 1.5, 1.5, 3, 3 ], "texture": "#texture" },
        "north": { "uv": [ 3, 1.5, 1.5, 2 ], "texture": "#texture" },
        "south": { "uv": [ 1.5, 3, 3, 2.5 ], "texture": "#texture" },
        "west":  { "uv": [ 1.5, 1.5, 2, 3 ], "rotation": 270, "texture": "#texture" },
        "east":  { "uv": [ 3, 1.5, 2.5, 3 ], "rotation": 90, "texture": "#texture" }
    }
},
{
    "from": [ 7.25, 0, 9.75 ],
    "to": [ 8.75, 0.5, 10.25 ],
    "faces": {
        "down":  { "uv": [ 1.5, 4.5, 3, 4 ], "texture": "#texture" },
        "up":    { "uv": [ 1.5, 4, 3, 4.5 ], "texture": "#texture" },
        "north": { "uv": [ 3, 4, 1.5, 4.5 ], "texture": "#texture" },
        "south": { "uv": [ 1.5, 4.5, 3, 4 ], "texture": "#texture" },
        "west":  { "uv": [ 1.5, 4, 2, 4.5 ], "rotation": 270, "texture": "#texture" },
        "east":  { "uv": [ 3, 4, 2.5, 4.5 ], "rotation": 90, "texture": "#texture" }
    }
},
{
    "from": [ 8.75, 0, 6.25 ],
    "to": [ 9.75, 0.5, 6.75 ],
    "faces": {
        "down":  { "uv": [ 3, 1, 4, 0.5 ], "texture": "#texture" },
        "up":    { "uv": [ 3, 0.5, 4, 1 ], "texture": "#texture" },
        "north": { "uv": [ 4, 0.5, 3, 1 ], "texture": "#texture" },
        "south": { "uv": [ 3, 1, 4, 0.5 ], "texture": "#texture" },
        "west":  { "uv": [ 3, 0.5, 3.5, 1 ], "rotation": 270, "texture": "#texture" },
        "east":  { "uv": [ 4, 0.5, 3.5, 1 ], "rotation": 90, "texture": "#texture" }
    }
},
{
    "from": [ 8.75, 0, 9.25 ],
    "to": [ 9.75, 0.5, 9.75 ],
    "faces": {
        "down":  { "uv": [ 3, 4, 4, 3.5 ], "texture": "#texture" },
        "up":    { "uv": [ 3, 3.5, 4, 4 ], "texture": "#texture" },
        "north": { "uv": [ 4, 3.5, 3, 4 ], "texture": "#texture" },
        "south": { "uv": [ 3, 4, 4, 3.5 ], "texture": "#texture" },
        "west":  { "uv": [ 3, 3.5, 3.5, 4 ], "rotation": 270, "texture": "#texture" },
        "east":  { "uv": [ 4, 3.5, 3.5, 4 ], "rotation": 90, "texture": "#texture" }
    }
},
{
    "from": [ 9.25, 0, 6.75 ],
    "to": [ 9.75, 0.5, 7.25 ],
    "faces": {
        "down":  { "uv": [ 3.5, 1.5, 4, 1 ], "texture": "#texture" },
        "up":    { "uv": [ 3.5, 1, 4, 1.5 ], "texture": "#texture" },
        "north": { "uv": [ 4, 1, 3.5, 1.5 ], "texture": "#texture" },
        "south": { "uv": [ 3.5, 1.5, 4, 1 ], "texture": "#texture" },
        "west":  { "uv": [ 3.5, 1, 4, 1.5 ], "rotation": 270, "texture": "#texture" },
        "east":  { "uv": [ 4, 1, 3.5, 1.5 ], "rotation": 90, "texture": "#texture" }
    }
},
{
    "from": [ 9.25, 0, 8.75 ],
    "to": [ 9.75, 0.5, 9.25 ],
    "faces": {
        "down":  { "uv": [ 3.5, 3.5, 4, 3 ], "texture": "#texture" },
        "up":    { "uv": [ 3.5, 3, 4, 3.5 ], "texture": "#texture" },
        "north": { "uv": [ 4, 3, 3.5, 3.5 ], "texture": "#texture" },
        "south": { "uv": [ 3.5, 3.5, 4, 3 ], "texture": "#texture" },
        "west":  { "uv": [ 3.5, 3, 4, 3.5 ], "rotation": 270, "texture": "#texture" },
        "east":  { "uv": [ 4, 3, 3.5, 3.5 ], "rotation": 90, "texture": "#texture" }
    }
},
{
    "from": [ 9.75, 0, 7.25 ],
    "to": [ 10.25, 0.5, 8.75 ],
    "faces": {
        "down":  { "uv": [ 4, 3, 4.5, 1.5 ], "texture": "#texture" },
        "up":    { "uv": [ 4, 1.5, 4.5, 3 ], "texture": "#texture" },
        "north": { "uv": [ 4.5, 1.5, 4, 2 ], "texture": "#texture" },
        "south": { "uv": [ 4, 3, 4.5, 2.5 ], "texture": "#texture" },
        "west":  { "uv": [ 4, 1.5, 4.5, 3 ], "rotation": 270, "texture": "#texture" },
        "east":  { "uv": [ 4.5, 1.5, 4, 3 ], "rotation": 90, "texture": "#texture" }
    }
},
{
    "from": [ 6.5, 3.5, 6 ],
    "to": [ 9.5, 5.5, 6.5 ],
    "faces": {
        "down":  { "uv": [ 1, 7, 4, 7.5 ], "texture": "#texture" },
        "up":    { "uv": [ 1, 5.5, 4, 6 ], "texture": "#texture" },
        "north": { "uv": [ 1, 5.5, 4, 7.5 ], "texture": "#texture" },
        "south": { "uv": [ 1, 5.5, 4, 7.5 ], "texture": "#texture" },
        "west":  { "uv": [ 1, 5.5, 1.5, 7.5 ], "texture": "#texture" },
        "east":  { "uv": [ 3.5, 5.5, 4, 7.5 ], "texture": "#texture" }
    }
},
{
    "from": [ 7, 2.5, 6.5 ],
    "to": [ 9, 3.5, 7 ],
    "faces": {
        "down":  { "uv": [ 1.5, 8, 3.5, 8.5 ], "texture": "#texture" },
        "up":    { "uv": [ 1.5, 7.5, 3.5, 8 ], "texture": "#texture" },
        "north": { "uv": [ 1.5, 7.5, 3.5, 8.5 ], "texture": "#texture" },
        "south": { "uv": [ 1.5, 7.5, 3.5, 8.5 ], "texture": "#texture" },
        "west":  { "uv": [ 1.5, 7.5, 2, 8.5 ], "texture": "#texture" },
        "east":  { "uv": [ 3, 7.5, 3.5, 8.5 ], "texture": "#texture" }
    }
},
{
    "from": [ 6, 3.5, 6.5 ],
    "to": [ 6.5, 5.5, 9.5 ],
    "faces": {
        "down":  { "uv": [ 0.5, 7, 4.5, 7.5 ], "rotation": 90, "texture": "#texture" },
        "up":    { "uv": [ 0.5, 5.5, 4.5, 6 ], "rotation": 90, "texture": "#texture" },
        "north": { "uv": [ 1, 5.5, 1.5, 7.5 ], "texture": "#texture" },
        "south": { "uv": [ 3.5, 5.5, 4, 7.5 ], "texture": "#texture" },
        "west":  { "uv": [ 1, 5.5, 4, 7.5 ], "texture": "#texture" },
        "east":  { "uv": [ 1, 5.5, 4, 7.5 ], "texture": "#texture" }
    }
},
{
    "from": [ 9, 2.5, 7 ],
    "to": [ 9.5, 3.5, 9 ],
    "faces": {
        "down":  { "uv": [ 1.5, 8, 3.75, 8.5 ], "rotation": 90, "texture": "#texture" },
        "up":    { "uv": [ 1.5, 7.5, 3.75, 8 ], "rotation": 90, "texture": "#texture" },
        "north": { "uv": [ 1.5, 7.5, 2, 8.5 ], "texture": "#texture" },
        "south": { "uv": [ 3, 7.5, 3.5, 8.5 ], "texture": "#texture" },
        "west":  { "uv": [ 1.5, 7.5, 3.5, 8.5 ], "texture": "#texture" },
        "east":  { "uv": [ 1.5, 7.5, 3.5, 8.5 ], "texture": "#texture" }
    }
},
{
    "from": [ 7, 2, 7 ],
    "to": [ 9, 2.5, 9 ],
    "faces": {
        "down":  { "uv": [ 1.5, 8.5, 3.5, 9 ], "texture": "#texture" },
        "up":    { "uv": [ 1.5, 8.5, 3.5, 9 ], "texture": "#texture" },
        "north": { "uv": [ 1.5, 8.5, 3.5, 9 ], "texture": "#texture" },
        "south": { "uv": [ 1.5, 8.5, 3.5, 9 ], "texture": "#texture" },
        "west":  { "uv": [ 1.5, 8.5, 3.5, 9 ], "texture": "#texture" },
        "east":  { "uv": [ 1.5, 8.5, 3.5, 9 ], "texture": "#texture" }
    }
},
{
    "from": [ 7, 2.5, 9 ],
    "to": [ 9, 3.5, 9.5 ],
    "faces": {
        "down":  { "uv": [ 1.5, 8, 3.5, 8.5 ], "texture": "#texture" },
        "up":    { "uv": [ 1.5, 7.5, 3.5, 8 ], "texture": "#texture" },
        "north": { "uv": [ 1.5, 7.5, 3.5, 8.5 ], "texture": "#texture" },
        "south": { "uv": [ 1.5, 7.5, 3.5, 8.5 ], "texture": "#texture" },
        "west":  { "uv": [ 1.5, 7.5, 2, 8.5 ], "texture": "#texture" },
        "east":  { "uv": [ 3, 7.5, 3.5, 8.5 ], "texture": "#texture" }
    }
},
{
    "from": [ 6.5, 3.5, 9.5 ],
    "to": [ 9.5, 5.5, 10 ],
    "faces": {
        "down":  { "uv": [ 1, 7, 4, 7.5 ], "texture": "#texture" },
        "up":    { "uv": [ 1, 5.5, 4, 6 ], "texture": "#texture" },
        "north": { "uv": [ 1, 5.5, 4, 7.5 ], "texture": "#texture" },
        "south": { "uv": [ 1, 5.5, 4, 7.5 ], "texture": "#texture" },
        "west":  { "uv": [ 1, 5.5, 1.5, 7.5 ], "texture": "#texture" },
        "east":  { "uv": [ 3.5, 5.5, 4, 7.5 ], "texture": "#texture" }
    }
},
{
    "from": [ 9.5, 3.5, 6.5 ],
    "to": [ 10, 5.5, 9.5 ],
    "faces": {
        "down":  { "uv": [ 0.5, 7, 4.5, 7.5 ], "rotation": 90, "texture": "#texture" },
        "up":    { "uv": [ 0.5, 5.5, 4.5, 6 ], "rotation": 90, "texture": "#texture" },
        "north": { "uv": [ 1, 5.5, 1.5, 7.5 ], "texture": "#texture" },
        "south": { "uv": [ 3.5, 5.5, 4, 7.5 ], "texture": "#texture" },
        "west":  { "uv": [ 1, 5.5, 4, 7.5 ], "texture": "#texture" },
        "east":  { "uv": [ 1, 5.5, 4, 7.5 ], "texture": "#texture" }
    }
},
{
    "from": [ 6.5, 2.5, 7 ],
    "to": [ 7, 3.5, 9 ],
    "faces": {
        "down":  { "uv": [ 1.5, 8, 3.75, 8.5 ], "rotation": 90, "texture": "#texture" },
        "up":    { "uv": [ 1.5, 7.5, 3.75, 8 ], "rotation": 90, "texture": "#texture" },
        "north": { "uv": [ 1.5, 7.5, 2, 8.5 ], "texture": "#texture" },
        "south": { "uv": [ 3, 7.5, 3.5, 8.5 ], "texture": "#texture" },
        "west":  { "uv": [ 1.5, 7.5, 3.5, 8.5 ], "texture": "#texture" },
        "east":  { "uv": [ 1.5, 7.5, 3.5, 8.5 ], "texture": "#texture" }
    }
},
{
    "from": [ 5.5, 5.5, 6.5 ],
    "to": [ 6, 6, 9.5 ],
    "faces": {
        "down":  { "uv": [ 1, 5, 4, 5.5 ], "rotation": 90, "texture": "#texture" },
        "up":    { "uv": [ 1, 5, 4, 5.5 ], "rotation": 90, "texture": "#texture" },
        "north": { "uv": [ 1, 5, 1.5, 5.5 ], "texture": "#texture" },
        "south": { "uv": [ 3.5, 5, 4, 5.5 ], "texture": "#texture" },
        "west":  { "uv": [ 1, 5, 4, 5.5 ], "texture": "#texture" },
        "east":  { "uv": [ 1, 5, 4, 5.5 ], "texture": "#texture" }
    }
},
{
    "from": [ 10, 5.5, 6.5 ],
    "to": [ 10.5, 6, 9.5 ],
    "faces": {
        "down":  { "uv": [ 1, 5, 4, 5.5 ], "rotation": 90, "texture": "#texture" },
        "up":    { "uv": [ 1, 5, 4, 5.5 ], "rotation": 90, "texture": "#texture" },
        "north": { "uv": [ 1, 5, 1.5, 5.5 ], "texture": "#texture" },
        "south": { "uv": [ 3.5, 5, 4, 5.5 ], "texture": "#texture" },
        "west":  { "uv": [ 1, 5, 4, 5.5 ], "texture": "#texture" },
        "east":  { "uv": [ 1, 5, 4, 5.5 ], "texture": "#texture" }
    }
},
{
    "from": [ 6.5, 5.5, 10 ],
    "to": [ 9.5, 6, 10.5 ],
    "faces": {
        "down":  { "uv": [ 1, 5, 4, 5.5 ], "texture": "#texture" },
        "up":    { "uv": [ 1, 5, 4, 5.5 ], "texture": "#texture" },
        "north": { "uv": [ 1, 5, 4, 5.5 ], "texture": "#texture" },
        "south": { "uv": [ 1, 5, 4, 5.5 ], "texture": "#texture" },
        "west":  { "uv": [ 1, 5, 1.5, 5.5 ], "texture": "#texture" },
        "east":  { "uv": [ 3.5, 5, 4, 5.5 ], "texture": "#texture" }
    }
},
{
    "from": [ 6.5, 5.5, 5.5 ],
    "to": [ 9.5, 6, 6 ],
    "faces": {
        "down":  { "uv": [ 1, 5, 4, 5.5 ], "texture": "#texture" },
        "up":    { "uv": [ 1, 5, 4, 5.5 ], "texture": "#texture" },
        "north": { "uv": [ 1, 5, 4, 5.5 ], "texture": "#texture" },
        "south": { "uv": [ 1, 5, 4, 5.5 ], "texture": "#texture" },
        "west":  { "uv": [ 1, 5, 1.5, 5.5 ], "texture": "#texture" },
        "east":  { "uv": [ 3.5, 5, 4, 5.5 ], "texture": "#texture" }
    }
},
{
    "from": [ 6, 5.5, 9.5 ],
    "to": [ 6.5, 6, 10 ],
    "faces": {
        "down":  { "uv": [ 0.5, 5, 1, 5.5 ], "texture": "#texture" },
        "up":    { "uv": [ 0.5, 5, 1, 5.5 ], "texture": "#texture" },
        "north": { "uv": [ 0.5, 5, 1, 5.5 ], "texture": "#texture" },
        "south": { "uv": [ 0.5, 5, 1, 5.5 ], "texture": "#texture" },
        "west":  { "uv": [ 0.5, 5, 1, 5.5 ], "texture": "#texture" },
        "east":  { "uv": [ 0.5, 5, 1, 5.5 ], "texture": "#texture" }
    }
},
{
    "from": [ 9.5, 5.5, 9.5 ],
    "to": [ 10, 6, 10 ],
    "faces": {
        "down":  { "uv": [ 0.5, 5, 1, 5.5 ], "texture": "#texture" },
        "up":    { "uv": [ 0.5, 5, 1, 5.5 ], "texture": "#texture" },
        "north": { "uv": [ 0.5, 5, 1, 5.5 ], "texture": "#texture" },
        "south": { "uv": [ 0.5, 5, 1, 5.5 ], "texture": "#texture" },
        "west":  { "uv": [ 0.5, 5, 1, 5.5 ], "texture": "#texture" },
        "east":  { "uv": [ 0.5, 5, 1, 5.5 ], "texture": "#texture" }
    }
},
{
    "from": [ 9.5, 5.5, 6 ],
    "to": [ 10, 6, 6.5 ],
    "faces": {
        "down":  { "uv": [ 0.5, 5, 1, 5.5 ], "texture": "#texture" },
        "up":    { "uv": [ 0.5, 5, 1, 5.5 ], "texture": "#texture" },
        "north": { "uv": [ 0.5, 5, 1, 5.5 ], "texture": "#texture" },
        "south": { "uv": [ 0.5, 5, 1, 5.5 ], "texture": "#texture" },
        "west":  { "uv": [ 0.5, 5, 1, 5.5 ], "texture": "#texture" },
        "east":  { "uv": [ 0.5, 5, 1, 5.5 ], "texture": "#texture" }
    }
},
{
    "from": [ 6, 5.5, 6 ],
    "to": [ 6.5, 6, 6.5 ],
    "faces": {
        "down":  { "uv": [ 0.5, 5, 1, 5.5 ], "texture": "#texture" },
        "up":    { "uv": [ 0.5, 5, 1, 5.5 ], "texture": "#texture" },
        "north": { "uv": [ 0.5, 5, 1, 5.5 ], "texture": "#texture" },
        "south": { "uv": [ 0.5, 5, 1, 5.5 ], "texture": "#texture" },
        "west":  { "uv": [ 0.5, 5, 1, 5.5 ], "texture": "#texture" },
        "east":  { "uv": [ 0.5, 5, 1, 5.5 ], "texture": "#texture" }
    }
},
{
    "from": [ 6.5, 3, 9 ],
    "to": [ 7, 3.5, 9.5 ],
    "faces": {
        "down":  { "uv": [ 1, 7.5, 1.5, 8 ], "texture": "#texture" },
        "up":    { "uv": [ 1, 7.5, 1.5, 8 ], "texture": "#texture" },
        "north": { "uv": [ 1, 7.5, 1.5, 8 ], "texture": "#texture" },
        "south": { "uv": [ 1, 7.5, 1.5, 8 ], "texture": "#texture" },
        "west":  { "uv": [ 1, 7.5, 1.5, 8 ], "texture": "#texture" },
        "east":  { "uv": [ 1, 7.5, 1.5, 8 ], "texture": "#texture" }
    }
},
{
    "from": [ 6.5, 3, 6.5 ],
    "to": [ 7, 3.5, 7 ],
    "faces": {
        "down":  { "uv": [ 1, 7.5, 1.5, 8 ], "texture": "#texture" },
        "up":    { "uv": [ 1, 7.5, 1.5, 8 ], "texture": "#texture" },
        "north": { "uv": [ 1, 7.5, 1.5, 8 ], "texture": "#texture" },
        "south": { "uv": [ 1, 7.5, 1.5, 8 ], "texture": "#texture" },
        "west":  { "uv": [ 1, 7.5, 1.5, 8 ], "texture": "#texture" },
        "east":  { "uv": [ 1, 7.5, 1.5, 8 ], "texture": "#texture" }
    }
},
{
    "from": [ 9, 3, 6.5 ],
    "to": [ 9.5, 3.5, 7 ],
    "faces": {
        "down":  { "uv": [ 1, 7.5, 1.5, 8 ], "texture": "#texture" },
        "up":    { "uv": [ 1, 7.5, 1.5, 8 ], "texture": "#texture" },
        "north": { "uv": [ 1, 7.5, 1.5, 8 ], "texture": "#texture" },
        "south": { "uv": [ 1, 7.5, 1.5, 8 ], "texture": "#texture" },
        "west":  { "uv": [ 1, 7.5, 1.5, 8 ], "texture": "#texture" },
        "east":  { "uv": [ 1, 7.5, 1.5, 8 ], "texture": "#texture" }
    }
},
{
    "from": [ 9, 3, 9 ],
    "to": [ 9.5, 3.5, 9.5 ],
    "faces": {
        "down":  { "uv": [ 1, 7.5, 1.5, 8 ], "texture": "#texture" },
        "up":    { "uv": [ 1, 7.5, 1.5, 8 ], "texture": "#texture" },
        "north": { "uv": [ 1, 7.5, 1.5, 8 ], "texture": "#texture" },
        "south": { "uv": [ 1, 7.5, 1.5, 8 ], "texture": "#texture" },
        "west":  { "uv": [ 1, 7.5, 1.5, 8 ], "texture": "#texture" },
        "east":  { "uv": [ 1, 7.5, 1.5, 8 ], "texture": "#texture" }
    }
}
],
"display": {
    "thirdperson_righthand": {
        "rotation": [ 0, -90, -40 ],
        "translation": [ 0, 4.54, 1.13 ],
        "scale": [ 1, 1, 1 ]
    },
    "thirdperson_lefthand": {
        "rotation": [ 0, 90, 51 ],
        "translation": [ 0, 4.54, 1.12 ],
        "scale": [ 1, 1, 1 ]
    },
    "ground": {
        "rotation": [ 0, 0, 0 ],
        "translation": [ 0, 6.05, 0 ],
        "scale": [ 1, 1, 1 ]
    },
    "fixed": {
        "rotation": [ 0, 0, 0 ],
        "translation": [ 0, 4.91, 0 ],
        "scale": [ 1, 1, 1 ]
    },
    "firstperson_righthand": {
        "rotation": [ 0, -40, 0 ],
        "translation": [ 0.94, 6.05, 0 ],
        "scale": [ 1, 1, 1 ]
    },
    "firstperson_lefthand": {
        "rotation": [ 6, 143, 0 ],
        "translation": [ -0.94, 6.05, 0 ],
        "scale": [ 1, 1, 1 ]
    },
    "gui": {
        "rotation": [ 40, -45, 0 ],
        "translation": [ 0, 3.21, 0 ],
        "scale": [ 1, 1, 1 ]
    }
}
}