{
"__comment": "Designed by Jugbot",
"textures": {
    "texture": "blocks/planks_big_oak"
},
"elements": [ 
{
    "from": [ 7, 0, 7 ],
    "to": [ 8, 16, 8 ],
    "faces": {
        "down":  { "uv": [ 7, 7, 8, 8 ], "texture": "#texture" },
        "up":    { "uv": [ 7, 7, 8, 8 ], "texture": "#texture" },
        "north": { "uv": [ 0, 0, 16, 1 ], "rotation": 90, "texture": "#texture" },
        "south": { "uv": [ 0, 4.5, 16, 5.5 ], "rotation": 90, "texture": "#texture" },
        "west":  { "uv": [ 0, 9, 16, 10 ], "rotation": 90, "texture": "#texture" },
        "east":  { "uv": [ 0, 9, 16, 10 ], "texture": "#texture" }
    }
},
{
    "from": [ 7, 16, 7 ],
    "to": [ 8, 18, 8 ],
    "faces": {
        "down":  { "uv": [ 9, 8, 8, 7 ], "texture": "#texture" },
        "up":    { "uv": [ 7, 7, 8, 8 ], "texture": "#texture" },
        "north": { "uv": [ 8, 14, 9, 16 ], "texture": "#texture" },
        "south": { "uv": [ 7, 14, 8, 16 ], "texture": "#texture" },
        "west":  { "uv": [ 7, 14, 8, 16 ], "texture": "#texture" },
        "east":  { "uv": [ 8, 14, 9, 16 ], "texture": "#texture" }
    }
},
{
    "from": [ 5, 18, 7 ],
    "to": [ 7, 19, 8 ],
    "faces": {
        "down":  { "uv": [ 11, 8, 9, 7 ], "texture": "#texture" },
        "up":    { "uv": [ 5, 7, 7, 8 ], "texture": "#texture" },
        "north": { "uv": [ 9, 13, 11, 14 ], "texture": "#texture" },
        "south": { "uv": [ 5, 13, 7, 14 ], "texture": "#texture" },
        "west":  { "uv": [ 7, 13, 8, 14 ], "texture": "#texture" },
        "east":  { "uv": [ 8, 13, 9, 14 ], "texture": "#texture" }
    }
},
{
    "from": [ 4, 16, 7 ],
    "to": [ 5, 18, 8 ],
    "faces": {
        "down":  { "uv": [ 12, 8, 11, 7 ], "texture": "#texture" },
        "up":    { "uv": [ 4, 7, 5, 8 ], "texture": "#texture" },
        "north": { "uv": [ 11, 14, 12, 16 ], "texture": "#texture" },
        "south": { "uv": [ 4, 14, 5, 16 ], "texture": "#texture" },
        "west":  { "uv": [ 7, 14, 8, 16 ], "texture": "#texture" },
        "east":  { "uv": [ 8, 14, 9, 16 ], "texture": "#texture" }
    }
},
{
    "from": [ 4, 17, 7.0625 ],
    "to": [ 5.4375, 18, 7.9625 ],
    "rotation": { "origin": [ 4, 18, 7.0625 ], "axis": "z", "angle": 45 },
    "faces": {
        "down":  { "uv": [ 9, 4, 8, 3 ], "texture": "#texture" },
        "up":    { "uv": [ 3, 4, 4, 5 ], "texture": "#texture" },
        "north": { "uv": [ 11, 14, 12, 15 ], "texture": "#texture" },
        "south": { "uv": [ 4, 14, 5, 15 ], "texture": "#texture" },
        "west":  { "uv": [ 4, 14, 5, 15 ], "texture": "#texture" },
        "east":  { "uv": [ 11, 14, 12, 15 ], "texture": "#texture" }
    }
},
{
    "from": [ 7, 18, 7.05 ],
    "to": [ 8.375, 19, 7.95 ],
    "faces": {
        "down":  { "uv": [ 9, 10, 8, 9 ], "texture": "#texture" },
        "up":    { "uv": [ 7, 9, 8, 10 ], "texture": "#texture" },
        "north": { "uv": [ 8, 13, 9, 14 ], "texture": "#texture" },
        "south": { "uv": [ 7, 13, 8, 14 ], "texture": "#texture" },
        "west":  { "uv": [ 9, 13, 10, 14 ], "texture": "#texture" },
        "east":  { "uv": [ 5, 13, 6, 14 ], "texture": "#texture" }
    }
}
],
"display": {
    "thirdperson_righthand": {
        "rotation": [ 0, 88, 64 ],
        "translation": [ 0, -3.78, -7.56 ],
        "scale": [ 0.8, 0.8, 0.8 ]
    },
    "thirdperson_lefthand": {
        "rotation": [ 0, -91, -60 ],
        "translation": [ 0, -3.78, -7.56 ],
        "scale": [ 0.8, 0.8, 0.8 ]
    },
    "head": {
        "rotation": [ 0, 180, 0 ],
        "translation": [ 0, -30.5, 0 ],
        "scale": [ 1.6, 1.6, 1.6 ]
    },
    "ground": {
        "rotation": [ 0, 0, 0 ],
        "translation": [ 0, 2, 0 ],
        "scale": [ 0.5, 0.5, 0.5 ]
    },
    "fixed": {
        "rotation": [ 0, 180, 0 ],
        "translation": [ 0, -1.7, -4.91 ],
        "scale": [ 0.8, 0.8, 0.8 ]
    },
    "firstperson_righthand": {
        "rotation": [ 0, 115, 0 ],
        "translation": [ 0, -3.78, -0.76 ],
        "scale": [ 0.8, 0.8, 0.8 ]
    },
    "firstperson_lefthand": {
        "rotation": [ 0, -98, 0 ],
        "translation": [ 0, -3.78, -1.13 ],
        "scale": [ 0.8, 0.8, 0.8 ]
    },
    "gui": {
        "rotation": [ 35, 35, 0 ],
        "translation": [ 0, -1.51, 0 ],
        "scale": [ 0.62, 0.62, 0.62 ]
    }
}
}