{
	"credit": "Made with Blockbench",
	"textures": {
		"1": "blocks/concrete_powder_pink",
		"particle": "blocks/concrete_powder_pink",
		"layer0": "blocks/bone_block_side"
	},
	"elements": [
		{
			"from": [9, 4, 6],
			"to": [10, 5, 7],
			"rotation": {"angle": -22.5, "axis": "y", "origin": [12.48333, 4.56667, 7.28333]},
			"faces": {
				"north": {"uv": [0, 0, 16, 16], "texture": "#layer0"},
				"east": {"uv": [0, 0, 16, 16], "texture": "#layer0"},
				"south": {"uv": [0, 0, 16, 16], "texture": "#layer0"},
				"west": {"uv": [0, 0, 16, 16], "texture": "#layer0"},
				"up": {"uv": [0, 0, 16, 16], "texture": "#layer0"},
				"down": {"uv": [0, 0, 16, 16], "texture": "#layer0"}
			}
		},
		{
			"from": [11, 0, 6],
			"to": [12, 1, 7],
			"rotation": {"angle": -22.5, "axis": "y", "origin": [12.48333, 4.56667, 7.28333]},
			"faces": {
				"north": {"uv": [0, 0, 16, 16], "texture": "#layer0"},
				"east": {"uv": [0, 0, 16, 16], "texture": "#layer0"},
				"south": {"uv": [0, 0, 16, 16], "texture": "#layer0"},
				"west": {"uv": [0, 0, 16, 16], "texture": "#layer0"},
				"up": {"uv": [0, 0, 16, 16], "texture": "#layer0"},
				"down": {"uv": [0, 0, 16, 16], "texture": "#layer0"}
			}
		},
		{
			"from": [11, -1, 6],
			"to": [12, 0, 7],
			"rotation": {"angle": -22.5, "axis": "y", "origin": [12.48333, 4.56667, 7.28333]},
			"faces": {
				"north": {"uv": [0, 0, 16, 16], "texture": "#layer0"},
				"east": {"uv": [0, 0, 16, 16], "texture": "#layer0"},
				"south": {"uv": [0, 0, 16, 16], "texture": "#layer0"},
				"west": {"uv": [0, 0, 16, 16], "texture": "#layer0"},
				"up": {"uv": [0, 0, 16, 16], "texture": "#layer0"},
				"down": {"uv": [0, 0, 16, 16], "texture": "#layer0"}
			}
		},
		{
			"from": [14, 1, 6],
			"to": [15, 2, 7],
			"rotation": {"angle": -22.5, "axis": "y", "origin": [12.48333, 4.56667, 7.28333]},
			"faces": {
				"north": {"uv": [0, 0, 16, 16], "texture": "#layer0"},
				"east": {"uv": [0, 0, 16, 16], "texture": "#layer0"},
				"south": {"uv": [0, 0, 16, 16], "texture": "#layer0"},
				"west": {"uv": [0, 0, 16, 16], "texture": "#layer0"},
				"up": {"uv": [0, 0, 16, 16], "texture": "#layer0"},
				"down": {"uv": [0, 0, 16, 16], "texture": "#layer0"}
			}
		},
		{
			"from": [10, 1, 6],
			"to": [11, 2, 7],
			"rotation": {"angle": -22.5, "axis": "y", "origin": [12.48333, 4.56667, 7.28333]},
			"faces": {
				"north": {"uv": [0, 0, 16, 16], "texture": "#layer0"},
				"east": {"uv": [0, 0, 16, 16], "texture": "#layer0"},
				"south": {"uv": [0, 0, 16, 16], "texture": "#layer0"},
				"west": {"uv": [0, 0, 16, 16], "texture": "#layer0"},
				"up": {"uv": [0, 0, 16, 16], "texture": "#layer0"},
				"down": {"uv": [0, 0, 16, 16], "texture": "#layer0"}
			}
		},
		{
			"from": [9, 3, 6],
			"to": [10, 4, 7],
			"rotation": {"angle": -22.5, "axis": "y", "origin": [12.48333, 4.56667, 7.28333]},
			"faces": {
				"north": {"uv": [0, 0, 16, 16], "texture": "#layer0"},
				"east": {"uv": [0, 0, 16, 16], "texture": "#layer0"},
				"south": {"uv": [0, 0, 16, 16], "texture": "#layer0"},
				"west": {"uv": [0, 0, 16, 16], "texture": "#layer0"},
				"up": {"uv": [0, 0, 16, 16], "texture": "#layer0"},
				"down": {"uv": [0, 0, 16, 16], "texture": "#layer0"}
			}
		},
		{
			"from": [15, 3, 6],
			"to": [16, 4, 7],
			"rotation": {"angle": -22.5, "axis": "y", "origin": [12.48333, 4.56667, 7.28333]},
			"faces": {
				"north": {"uv": [0, 0, 16, 16], "texture": "#layer0"},
				"east": {"uv": [0, 0, 16, 16], "texture": "#layer0"},
				"south": {"uv": [0, 0, 16, 16], "texture": "#layer0"},
				"west": {"uv": [0, 0, 16, 16], "texture": "#layer0"},
				"up": {"uv": [0, 0, 16, 16], "texture": "#layer0"},
				"down": {"uv": [0, 0, 16, 16], "texture": "#layer0"}
			}
		},
		{
			"from": [15, 2, 6],
			"to": [16, 3, 7],
			"rotation": {"angle": -22.5, "axis": "y", "origin": [12.48333, 4.56667, 7.28333]},
			"faces": {
				"north": {"uv": [0, 0, 16, 16], "texture": "#layer0"},
				"east": {"uv": [0, 0, 16, 16], "texture": "#layer0"},
				"south": {"uv": [0, 0, 16, 16], "texture": "#layer0"},
				"west": {"uv": [0, 0, 16, 16], "texture": "#layer0"},
				"up": {"uv": [0, 0, 16, 16], "texture": "#layer0"},
				"down": {"uv": [0, 0, 16, 16], "texture": "#layer0"}
			}
		},
		{
			"from": [9, 2, 6],
			"to": [10, 3, 7],
			"rotation": {"angle": -22.5, "axis": "y", "origin": [12.48333, 4.56667, 7.28333]},
			"faces": {
				"north": {"uv": [0, 0, 16, 16], "texture": "#layer0"},
				"east": {"uv": [0, 0, 16, 16], "texture": "#layer0"},
				"south": {"uv": [0, 0, 16, 16], "texture": "#layer0"},
				"west": {"uv": [0, 0, 16, 16], "texture": "#layer0"},
				"up": {"uv": [0, 0, 16, 16], "texture": "#layer0"},
				"down": {"uv": [0, 0, 16, 16], "texture": "#layer0"}
			}
		},
		{
			"from": [15, 4, 6],
			"to": [16, 5, 7],
			"rotation": {"angle": -22.5, "axis": "y", "origin": [12.48333, 4.56667, 7.28333]},
			"faces": {
				"north": {"uv": [0, 0, 16, 16], "texture": "#layer0"},
				"east": {"uv": [0, 0, 16, 16], "texture": "#layer0"},
				"south": {"uv": [0, 0, 16, 16], "texture": "#layer0"},
				"west": {"uv": [0, 0, 16, 16], "texture": "#layer0"},
				"up": {"uv": [0, 0, 16, 16], "texture": "#layer0"},
				"down": {"uv": [0, 0, 16, 16], "texture": "#layer0"}
			}
		},
		{
			"from": [9, 5, 6],
			"to": [10, 6, 7],
			"rotation": {"angle": -22.5, "axis": "y", "origin": [12.48333, 4.56667, 7.28333]},
			"faces": {
				"north": {"uv": [0, 0, 16, 16], "texture": "#layer0"},
				"east": {"uv": [0, 0, 16, 16], "texture": "#layer0"},
				"south": {"uv": [0, 0, 16, 16], "texture": "#layer0"},
				"west": {"uv": [0, 0, 16, 16], "texture": "#layer0"},
				"up": {"uv": [0, 0, 16, 16], "texture": "#layer0"},
				"down": {"uv": [0, 0, 16, 16], "texture": "#layer0"}
			}
		},
		{
			"from": [15, 5, 6],
			"to": [16, 6, 7],
			"rotation": {"angle": -22.5, "axis": "y", "origin": [12.48333, 4.56667, 7.28333]},
			"faces": {
				"north": {"uv": [0, 0, 16, 16], "texture": "#layer0"},
				"east": {"uv": [0, 0, 16, 16], "texture": "#layer0"},
				"south": {"uv": [0, 0, 16, 16], "texture": "#layer0"},
				"west": {"uv": [0, 0, 16, 16], "texture": "#layer0"},
				"up": {"uv": [0, 0, 16, 16], "texture": "#layer0"},
				"down": {"uv": [0, 0, 16, 16], "texture": "#layer0"}
			}
		},
		{
			"from": [10, 6, 6],
			"to": [11, 7, 7],
			"rotation": {"angle": -22.5, "axis": "y", "origin": [12.48333, 4.56667, 7.28333]},
			"faces": {
				"north": {"uv": [0, 0, 16, 16], "texture": "#layer0"},
				"east": {"uv": [0, 0, 16, 16], "texture": "#layer0"},
				"south": {"uv": [0, 0, 16, 16], "texture": "#layer0"},
				"west": {"uv": [0, 0, 16, 16], "texture": "#layer0"},
				"up": {"uv": [0, 0, 16, 16], "texture": "#layer0"},
				"down": {"uv": [0, 0, 16, 16], "texture": "#layer0"}
			}
		},
		{
			"from": [14, 6, 6],
			"to": [15, 7, 7],
			"rotation": {"angle": -22.5, "axis": "y", "origin": [12.48333, 4.56667, 7.28333]},
			"faces": {
				"north": {"uv": [0, 0, 16, 16], "texture": "#layer0"},
				"east": {"uv": [0, 0, 16, 16], "texture": "#layer0"},
				"south": {"uv": [0, 0, 16, 16], "texture": "#layer0"},
				"west": {"uv": [0, 0, 16, 16], "texture": "#layer0"},
				"up": {"uv": [0, 0, 16, 16], "texture": "#layer0"},
				"down": {"uv": [0, 0, 16, 16], "texture": "#layer0"}
			}
		},
		{
			"from": [14, 7, 6],
			"to": [15, 8, 7],
			"rotation": {"angle": -22.5, "axis": "y", "origin": [12.48333, 4.56667, 7.28333]},
			"faces": {
				"north": {"uv": [0, 0, 16, 16], "texture": "#layer0"},
				"east": {"uv": [0, 0, 16, 16], "texture": "#layer0"},
				"south": {"uv": [0, 0, 16, 16], "texture": "#layer0"},
				"west": {"uv": [0, 0, 16, 16], "texture": "#layer0"},
				"up": {"uv": [0, 0, 16, 16], "texture": "#layer0"},
				"down": {"uv": [0, 0, 16, 16], "texture": "#layer0"}
			}
		},
		{
			"from": [10, 7, 6],
			"to": [11, 8, 7],
			"rotation": {"angle": -22.5, "axis": "y", "origin": [12.48333, 4.56667, 7.28333]},
			"faces": {
				"north": {"uv": [0, 0, 16, 16], "texture": "#layer0"},
				"east": {"uv": [0, 0, 16, 16], "texture": "#layer0"},
				"south": {"uv": [0, 0, 16, 16], "texture": "#layer0"},
				"west": {"uv": [0, 0, 16, 16], "texture": "#layer0"},
				"up": {"uv": [0, 0, 16, 16], "texture": "#layer0"},
				"down": {"uv": [0, 0, 16, 16], "texture": "#layer0"}
			}
		},
		{
			"from": [11, 8, 6],
			"to": [12, 9, 7],
			"rotation": {"angle": -22.5, "axis": "y", "origin": [12.48333, 4.56667, 7.28333]},
			"faces": {
				"north": {"uv": [0, 0, 16, 16], "texture": "#layer0"},
				"east": {"uv": [0, 0, 16, 16], "texture": "#layer0"},
				"south": {"uv": [0, 0, 16, 16], "texture": "#layer0"},
				"west": {"uv": [0, 0, 16, 16], "texture": "#layer0"},
				"up": {"uv": [0, 0, 16, 16], "texture": "#layer0"},
				"down": {"uv": [0, 0, 16, 16], "texture": "#layer0"}
			}
		},
		{
			"from": [11, 8, 6],
			"to": [12, 9, 7],
			"rotation": {"angle": -22.5, "axis": "y", "origin": [12.48333, 4.56667, 7.28333]},
			"faces": {
				"north": {"uv": [0, 0, 16, 16], "texture": "#layer0"},
				"east": {"uv": [0, 0, 16, 16], "texture": "#layer0"},
				"south": {"uv": [0, 0, 16, 16], "texture": "#layer0"},
				"west": {"uv": [0, 0, 16, 16], "texture": "#layer0"},
				"up": {"uv": [0, 0, 16, 16], "texture": "#layer0"},
				"down": {"uv": [0, 0, 16, 16], "texture": "#layer0"}
			}
		},
		{
			"from": [10, 3, 7],
			"to": [11, 4, 8],
			"rotation": {"angle": -22.5, "axis": "y", "origin": [12.48333, 4.56667, 7.28333]},
			"faces": {
				"north": {"uv": [0, 0, 16, 16], "texture": "#layer0"},
				"east": {"uv": [0, 0, 16, 16], "texture": "#layer0"},
				"south": {"uv": [0, 0, 16, 16], "texture": "#layer0"},
				"west": {"uv": [0, 0, 16, 16], "texture": "#layer0"},
				"up": {"uv": [0, 0, 16, 16], "texture": "#layer0"},
				"down": {"uv": [0, 0, 16, 16], "texture": "#layer0"}
			}
		},
		{
			"from": [14, 3, 7],
			"to": [15, 4, 8],
			"rotation": {"angle": -22.5, "axis": "y", "origin": [12.48333, 4.56667, 7.28333]},
			"faces": {
				"north": {"uv": [0, 0, 16, 16], "texture": "#layer0"},
				"east": {"uv": [0, 0, 16, 16], "texture": "#layer0"},
				"south": {"uv": [0, 0, 16, 16], "texture": "#layer0"},
				"west": {"uv": [0, 0, 16, 16], "texture": "#layer0"},
				"up": {"uv": [0, 0, 16, 16], "texture": "#layer0"},
				"down": {"uv": [0, 0, 16, 16], "texture": "#layer0"}
			}
		},
		{
			"from": [14, 2, 7],
			"to": [15, 3, 8],
			"rotation": {"angle": -22.5, "axis": "y", "origin": [12.48333, 4.56667, 7.28333]},
			"faces": {
				"north": {"uv": [0, 0, 16, 16], "texture": "#layer0"},
				"east": {"uv": [0, 0, 16, 16], "texture": "#layer0"},
				"south": {"uv": [0, 0, 16, 16], "texture": "#layer0"},
				"west": {"uv": [0, 0, 16, 16], "texture": "#layer0"},
				"up": {"uv": [0, 0, 16, 16], "texture": "#layer0"},
				"down": {"uv": [0, 0, 16, 16], "texture": "#layer0"}
			}
		},
		{
			"from": [10, 2, 7],
			"to": [11, 3, 8],
			"rotation": {"angle": -22.5, "axis": "y", "origin": [12.48333, 4.56667, 7.28333]},
			"faces": {
				"north": {"uv": [0, 0, 16, 16], "texture": "#layer0"},
				"east": {"uv": [0, 0, 16, 16], "texture": "#layer0"},
				"south": {"uv": [0, 0, 16, 16], "texture": "#layer0"},
				"west": {"uv": [0, 0, 16, 16], "texture": "#layer0"},
				"up": {"uv": [0, 0, 16, 16], "texture": "#layer0"},
				"down": {"uv": [0, 0, 16, 16], "texture": "#layer0"}
			}
		},
		{
			"from": [10, 4, 7],
			"to": [11, 5, 8],
			"rotation": {"angle": -22.5, "axis": "y", "origin": [12.48333, 4.56667, 7.28333]},
			"faces": {
				"north": {"uv": [0, 0, 16, 16], "texture": "#layer0"},
				"east": {"uv": [0, 0, 16, 16], "texture": "#layer0"},
				"south": {"uv": [0, 0, 16, 16], "texture": "#layer0"},
				"west": {"uv": [0, 0, 16, 16], "texture": "#layer0"},
				"up": {"uv": [0, 0, 16, 16], "texture": "#layer0"},
				"down": {"uv": [0, 0, 16, 16], "texture": "#layer0"}
			}
		},
		{
			"from": [14, 4, 7],
			"to": [15, 5, 8],
			"rotation": {"angle": -22.5, "axis": "y", "origin": [12.48333, 4.56667, 7.28333]},
			"faces": {
				"north": {"uv": [0, 0, 16, 16], "texture": "#layer0"},
				"east": {"uv": [0, 0, 16, 16], "texture": "#layer0"},
				"south": {"uv": [0, 0, 16, 16], "texture": "#layer0"},
				"west": {"uv": [0, 0, 16, 16], "texture": "#layer0"},
				"up": {"uv": [0, 0, 16, 16], "texture": "#layer0"},
				"down": {"uv": [0, 0, 16, 16], "texture": "#layer0"}
			}
		},
		{
			"from": [10, 5, 7],
			"to": [11, 6, 8],
			"rotation": {"angle": -22.5, "axis": "y", "origin": [12.48333, 4.56667, 7.28333]},
			"faces": {
				"north": {"uv": [0, 0, 16, 16], "texture": "#layer0"},
				"east": {"uv": [0, 0, 16, 16], "texture": "#layer0"},
				"south": {"uv": [0, 0, 16, 16], "texture": "#layer0"},
				"west": {"uv": [0, 0, 16, 16], "texture": "#layer0"},
				"up": {"uv": [0, 0, 16, 16], "texture": "#layer0"},
				"down": {"uv": [0, 0, 16, 16], "texture": "#layer0"}
			}
		},
		{
			"from": [14, 5, 7],
			"to": [15, 6, 8],
			"rotation": {"angle": -22.5, "axis": "y", "origin": [12.48333, 4.56667, 7.28333]},
			"faces": {
				"north": {"uv": [0, 0, 16, 16], "texture": "#layer0"},
				"east": {"uv": [0, 0, 16, 16], "texture": "#layer0"},
				"south": {"uv": [0, 0, 16, 16], "texture": "#layer0"},
				"west": {"uv": [0, 0, 16, 16], "texture": "#layer0"},
				"up": {"uv": [0, 0, 16, 16], "texture": "#layer0"},
				"down": {"uv": [0, 0, 16, 16], "texture": "#layer0"}
			}
		},
		{
			"from": [11, 7, 7],
			"to": [12, 8, 8],
			"rotation": {"angle": -22.5, "axis": "y", "origin": [12.48333, 4.56667, 7.28333]},
			"faces": {
				"north": {"uv": [0, 0, 16, 16], "texture": "#layer0"},
				"east": {"uv": [0, 0, 16, 16], "texture": "#layer0"},
				"south": {"uv": [0, 0, 16, 16], "texture": "#layer0"},
				"west": {"uv": [0, 0, 16, 16], "texture": "#layer0"},
				"up": {"uv": [0, 0, 16, 16], "texture": "#layer0"},
				"down": {"uv": [0, 0, 16, 16], "texture": "#layer0"}
			}
		},
		{
			"from": [11, 6, 7],
			"to": [12, 7, 8],
			"rotation": {"angle": -22.5, "axis": "y", "origin": [12.48333, 4.56667, 7.28333]},
			"faces": {
				"north": {"uv": [0, 0, 16, 16], "texture": "#layer0"},
				"east": {"uv": [0, 0, 16, 16], "texture": "#layer0"},
				"south": {"uv": [0, 0, 16, 16], "texture": "#layer0"},
				"west": {"uv": [0, 0, 16, 16], "texture": "#layer0"},
				"up": {"uv": [0, 0, 16, 16], "texture": "#layer0"},
				"down": {"uv": [0, 0, 16, 16], "texture": "#layer0"}
			}
		},
		{
			"from": [11, 9, 6],
			"to": [12, 10, 7],
			"rotation": {"angle": -22.5, "axis": "y", "origin": [12.48333, 4.56667, 7.28333]},
			"faces": {
				"north": {"uv": [0, 0, 16, 16], "texture": "#layer0"},
				"east": {"uv": [0, 0, 16, 16], "texture": "#layer0"},
				"south": {"uv": [0, 0, 16, 16], "texture": "#layer0"},
				"west": {"uv": [0, 0, 16, 16], "texture": "#layer0"},
				"up": {"uv": [0, 0, 16, 16], "texture": "#layer0"},
				"down": {"uv": [0, 0, 16, 16], "texture": "#layer0"}
			}
		},
		{
			"from": [11, 1, 7],
			"to": [12, 2, 8],
			"rotation": {"angle": -22.5, "axis": "y", "origin": [12.48333, 4.56667, 7.28333]},
			"faces": {
				"north": {"uv": [0, 0, 16, 16], "texture": "#layer0"},
				"east": {"uv": [0, 0, 16, 16], "texture": "#layer0"},
				"south": {"uv": [0, 0, 16, 16], "texture": "#layer0"},
				"west": {"uv": [0, 0, 16, 16], "texture": "#layer0"},
				"up": {"uv": [0, 0, 16, 16], "texture": "#layer0"},
				"down": {"uv": [0, 0, 16, 16], "texture": "#layer0"}
			}
		},
		{
			"from": [11, 5, 8],
			"to": [12, 6, 9],
			"rotation": {"angle": -22.5, "axis": "y", "origin": [12.48333, 4.56667, 7.28333]},
			"faces": {
				"north": {"uv": [0, 0, 16, 16], "texture": "#1"},
				"east": {"uv": [0, 0, 16, 16], "texture": "#layer0"},
				"south": {"uv": [0, 0, 16, 16], "texture": "#layer0"},
				"west": {"uv": [0, 0, 16, 16], "texture": "#layer0"},
				"up": {"uv": [0, 0, 16, 16], "texture": "#layer0"},
				"down": {"uv": [0, 0, 16, 16], "texture": "#layer0"}
			}
		},
		{
			"from": [11, 4, 8],
			"to": [12, 5, 9],
			"rotation": {"angle": -22.5, "axis": "y", "origin": [12.48333, 4.56667, 7.28333]},
			"faces": {
				"north": {"uv": [0, 0, 16, 16], "texture": "#1"},
				"east": {"uv": [0, 0, 16, 16], "texture": "#layer0"},
				"south": {"uv": [0, 0, 16, 16], "texture": "#layer0"},
				"west": {"uv": [0, 0, 16, 16], "texture": "#layer0"},
				"up": {"uv": [0, 0, 16, 16], "texture": "#layer0"},
				"down": {"uv": [0, 0, 16, 16], "texture": "#layer0"}
			}
		},
		{
			"from": [11, 3, 8],
			"to": [12, 4, 9],
			"rotation": {"angle": -22.5, "axis": "y", "origin": [12.48333, 4.56667, 7.28333]},
			"faces": {
				"north": {"uv": [0, 0, 16, 16], "texture": "#1"},
				"east": {"uv": [0, 0, 16, 16], "texture": "#layer0"},
				"south": {"uv": [0, 0, 16, 16], "texture": "#layer0"},
				"west": {"uv": [0, 0, 16, 16], "texture": "#layer0"},
				"up": {"uv": [0, 0, 16, 16], "texture": "#layer0"},
				"down": {"uv": [0, 0, 16, 16], "texture": "#layer0"}
			}
		},
		{
			"from": [11, 2, 8],
			"to": [12, 3, 9],
			"rotation": {"angle": -22.5, "axis": "y", "origin": [12.48333, 4.56667, 7.28333]},
			"faces": {
				"north": {"uv": [0, 0, 16, 16], "texture": "#1"},
				"east": {"uv": [0, 0, 16, 16], "texture": "#layer0"},
				"south": {"uv": [0, 0, 16, 16], "texture": "#layer0"},
				"west": {"uv": [0, 0, 16, 16], "texture": "#layer0"},
				"up": {"uv": [0, 0, 16, 16], "texture": "#layer0"},
				"down": {"uv": [0, 0, 16, 16], "texture": "#layer0"}
			}
		},
		{
			"from": [13, 0, 6],
			"to": [14, 1, 7],
			"rotation": {"angle": -22.5, "axis": "y", "origin": [12.48333, 4.56667, 7.28333]},
			"faces": {
				"north": {"uv": [0, 0, 16, 16], "texture": "#layer0"},
				"east": {"uv": [0, 0, 16, 16], "texture": "#layer0"},
				"south": {"uv": [0, 0, 16, 16], "texture": "#layer0"},
				"west": {"uv": [0, 0, 16, 16], "texture": "#layer0"},
				"up": {"uv": [0, 0, 16, 16], "texture": "#layer0"},
				"down": {"uv": [0, 0, 16, 16], "texture": "#layer0"}
			}
		},
		{
			"from": [13, -1, 6],
			"to": [14, 0, 7],
			"rotation": {"angle": -22.5, "axis": "y", "origin": [12.48333, 4.56667, 7.28333]},
			"faces": {
				"north": {"uv": [0, 0, 16, 16], "texture": "#layer0"},
				"east": {"uv": [0, 0, 16, 16], "texture": "#layer0"},
				"south": {"uv": [0, 0, 16, 16], "texture": "#layer0"},
				"west": {"uv": [0, 0, 16, 16], "texture": "#layer0"},
				"up": {"uv": [0, 0, 16, 16], "texture": "#layer0"},
				"down": {"uv": [0, 0, 16, 16], "texture": "#layer0"}
			}
		},
		{
			"from": [13, 1, 7],
			"to": [14, 2, 8],
			"rotation": {"angle": -22.5, "axis": "y", "origin": [12.48333, 4.56667, 7.28333]},
			"faces": {
				"north": {"uv": [0, 0, 16, 16], "texture": "#layer0"},
				"east": {"uv": [0, 0, 16, 16], "texture": "#layer0"},
				"south": {"uv": [0, 0, 16, 16], "texture": "#layer0"},
				"west": {"uv": [0, 0, 16, 16], "texture": "#layer0"},
				"up": {"uv": [0, 0, 16, 16], "texture": "#layer0"},
				"down": {"uv": [0, 0, 16, 16], "texture": "#layer0"}
			}
		},
		{
			"from": [13, 2, 8],
			"to": [14, 3, 9],
			"rotation": {"angle": -22.5, "axis": "y", "origin": [12.48333, 4.56667, 7.28333]},
			"faces": {
				"north": {"uv": [0, 0, 16, 16], "texture": "#1"},
				"east": {"uv": [0, 0, 16, 16], "texture": "#layer0"},
				"south": {"uv": [0, 0, 16, 16], "texture": "#layer0"},
				"west": {"uv": [0, 0, 16, 16], "texture": "#layer0"},
				"up": {"uv": [0, 0, 16, 16], "texture": "#layer0"},
				"down": {"uv": [0, 0, 16, 16], "texture": "#layer0"}
			}
		},
		{
			"from": [13, 3, 8],
			"to": [14, 4, 9],
			"rotation": {"angle": -22.5, "axis": "y", "origin": [12.48333, 4.56667, 7.28333]},
			"faces": {
				"north": {"uv": [0, 0, 16, 16], "texture": "#1"},
				"east": {"uv": [0, 0, 16, 16], "texture": "#layer0"},
				"south": {"uv": [0, 0, 16, 16], "texture": "#layer0"},
				"west": {"uv": [0, 0, 16, 16], "texture": "#layer0"},
				"up": {"uv": [0, 0, 16, 16], "texture": "#layer0"},
				"down": {"uv": [0, 0, 16, 16], "texture": "#layer0"}
			}
		},
		{
			"from": [13, 4, 8],
			"to": [14, 5, 9],
			"rotation": {"angle": -22.5, "axis": "y", "origin": [12.48333, 4.56667, 7.28333]},
			"faces": {
				"north": {"uv": [0, 0, 16, 16], "texture": "#1"},
				"east": {"uv": [0, 0, 16, 16], "texture": "#layer0"},
				"south": {"uv": [0, 0, 16, 16], "texture": "#layer0"},
				"west": {"uv": [0, 0, 16, 16], "texture": "#layer0"},
				"up": {"uv": [0, 0, 16, 16], "texture": "#layer0"},
				"down": {"uv": [0, 0, 16, 16], "texture": "#layer0"}
			}
		},
		{
			"from": [13, 6, 7],
			"to": [14, 7, 8],
			"rotation": {"angle": -22.5, "axis": "y", "origin": [12.48333, 4.56667, 7.28333]},
			"faces": {
				"north": {"uv": [0, 0, 16, 16], "texture": "#layer0"},
				"east": {"uv": [0, 0, 16, 16], "texture": "#layer0"},
				"south": {"uv": [0, 0, 16, 16], "texture": "#layer0"},
				"west": {"uv": [0, 0, 16, 16], "texture": "#layer0"},
				"up": {"uv": [0, 0, 16, 16], "texture": "#layer0"},
				"down": {"uv": [0, 0, 16, 16], "texture": "#layer0"}
			}
		},
		{
			"from": [13, 5, 8],
			"to": [14, 6, 9],
			"rotation": {"angle": -22.5, "axis": "y", "origin": [12.48333, 4.56667, 7.28333]},
			"faces": {
				"north": {"uv": [0, 0, 16, 16], "texture": "#1"},
				"east": {"uv": [0, 0, 16, 16], "texture": "#layer0"},
				"south": {"uv": [0, 0, 16, 16], "texture": "#layer0"},
				"west": {"uv": [0, 0, 16, 16], "texture": "#layer0"},
				"up": {"uv": [0, 0, 16, 16], "texture": "#layer0"},
				"down": {"uv": [0, 0, 16, 16], "texture": "#layer0"}
			}
		},
		{
			"from": [13, 7, 7],
			"to": [14, 8, 8],
			"rotation": {"angle": -22.5, "axis": "y", "origin": [12.48333, 4.56667, 7.28333]},
			"faces": {
				"north": {"uv": [0, 0, 16, 16], "texture": "#layer0"},
				"east": {"uv": [0, 0, 16, 16], "texture": "#layer0"},
				"south": {"uv": [0, 0, 16, 16], "texture": "#layer0"},
				"west": {"uv": [0, 0, 16, 16], "texture": "#layer0"},
				"up": {"uv": [0, 0, 16, 16], "texture": "#layer0"},
				"down": {"uv": [0, 0, 16, 16], "texture": "#layer0"}
			}
		},
		{
			"from": [13, 8, 6],
			"to": [14, 9, 7],
			"rotation": {"angle": -22.5, "axis": "y", "origin": [12.48333, 4.56667, 7.28333]},
			"faces": {
				"north": {"uv": [0, 0, 16, 16], "texture": "#layer0"},
				"east": {"uv": [0, 0, 16, 16], "texture": "#layer0"},
				"south": {"uv": [0, 0, 16, 16], "texture": "#layer0"},
				"west": {"uv": [0, 0, 16, 16], "texture": "#layer0"},
				"up": {"uv": [0, 0, 16, 16], "texture": "#layer0"},
				"down": {"uv": [0, 0, 16, 16], "texture": "#layer0"}
			}
		},
		{
			"from": [13, 9, 6],
			"to": [14, 10, 7],
			"rotation": {"angle": -22.5, "axis": "y", "origin": [12.48333, 4.56667, 7.28333]},
			"faces": {
				"north": {"uv": [0, 0, 16, 16], "texture": "#layer0"},
				"east": {"uv": [0, 0, 16, 16], "texture": "#layer0"},
				"south": {"uv": [0, 0, 16, 16], "texture": "#layer0"},
				"west": {"uv": [0, 0, 16, 16], "texture": "#layer0"},
				"up": {"uv": [0, 0, 16, 16], "texture": "#layer0"},
				"down": {"uv": [0, 0, 16, 16], "texture": "#layer0"}
			}
		},
		{
			"from": [12, 0, 6],
			"to": [13, 1, 7],
			"rotation": {"angle": -22.5, "axis": "y", "origin": [12.48333, 4.56667, 7.28333]},
			"faces": {
				"north": {"uv": [0, 0, 16, 16], "texture": "#layer0"},
				"east": {"uv": [0, 0, 16, 16], "texture": "#layer0"},
				"south": {"uv": [0, 0, 16, 16], "texture": "#layer0"},
				"west": {"uv": [0, 0, 16, 16], "texture": "#layer0"},
				"up": {"uv": [0, 0, 16, 16], "texture": "#layer0"},
				"down": {"uv": [0, 0, 16, 16], "texture": "#layer0"}
			}
		},
		{
			"from": [12, 0, 7],
			"to": [13, 1, 8],
			"rotation": {"angle": -22.5, "axis": "y", "origin": [12.48333, 4.56667, 7.28333]},
			"faces": {
				"north": {"uv": [0, 0, 16, 16], "texture": "#layer0"},
				"east": {"uv": [0, 0, 16, 16], "texture": "#layer0"},
				"south": {"uv": [0, 0, 16, 16], "texture": "#layer0"},
				"west": {"uv": [0, 0, 16, 16], "texture": "#layer0"},
				"up": {"uv": [0, 0, 16, 16], "texture": "#layer0"},
				"down": {"uv": [0, 0, 16, 16], "texture": "#layer0"}
			}
		},
		{
			"from": [12, -1, 6],
			"to": [13, 0, 7],
			"rotation": {"angle": -22.5, "axis": "y", "origin": [12.48333, 4.56667, 7.28333]},
			"faces": {
				"north": {"uv": [0, 0, 16, 16], "texture": "#layer0"},
				"east": {"uv": [0, 0, 16, 16], "texture": "#layer0"},
				"south": {"uv": [0, 0, 16, 16], "texture": "#layer0"},
				"west": {"uv": [0, 0, 16, 16], "texture": "#layer0"},
				"up": {"uv": [0, 0, 16, 16], "texture": "#layer0"},
				"down": {"uv": [0, 0, 16, 16], "texture": "#layer0"}
			}
		},
		{
			"from": [12, -1, 7],
			"to": [13, 0, 8],
			"rotation": {"angle": -22.5, "axis": "y", "origin": [12.48333, 4.56667, 7.28333]},
			"faces": {
				"north": {"uv": [0, 0, 16, 16], "texture": "#layer0"},
				"east": {"uv": [0, 0, 16, 16], "texture": "#layer0"},
				"south": {"uv": [0, 0, 16, 16], "texture": "#layer0"},
				"west": {"uv": [0, 0, 16, 16], "texture": "#layer0"},
				"up": {"uv": [0, 0, 16, 16], "texture": "#layer0"},
				"down": {"uv": [0, 0, 16, 16], "texture": "#layer0"}
			}
		},
		{
			"from": [12, 1, 7],
			"to": [13, 2, 8],
			"rotation": {"angle": -22.5, "axis": "y", "origin": [12.48333, 4.56667, 7.28333]},
			"faces": {
				"north": {"uv": [0, 0, 16, 16], "texture": "#layer0"},
				"east": {"uv": [0, 0, 16, 16], "texture": "#layer0"},
				"south": {"uv": [0, 0, 16, 16], "texture": "#layer0"},
				"west": {"uv": [0, 0, 16, 16], "texture": "#layer0"},
				"up": {"uv": [0, 0, 16, 16], "texture": "#layer0"},
				"down": {"uv": [0, 0, 16, 16], "texture": "#layer0"}
			}
		},
		{
			"from": [12, 2, 8],
			"to": [13, 3, 9],
			"rotation": {"angle": -22.5, "axis": "y", "origin": [12.48333, 4.56667, 7.28333]},
			"faces": {
				"north": {"uv": [0, 0, 16, 16], "texture": "#1"},
				"east": {"uv": [0, 0, 16, 16], "texture": "#layer0"},
				"south": {"uv": [0, 0, 16, 16], "texture": "#layer0"},
				"west": {"uv": [0, 0, 16, 16], "texture": "#layer0"},
				"up": {"uv": [0, 0, 16, 16], "texture": "#layer0"},
				"down": {"uv": [0, 0, 16, 16], "texture": "#layer0"}
			}
		},
		{
			"from": [12, 3, 8],
			"to": [13, 4, 9],
			"rotation": {"angle": -22.5, "axis": "y", "origin": [12.48333, 4.56667, 7.28333]},
			"faces": {
				"north": {"uv": [0, 0, 16, 16], "texture": "#1"},
				"east": {"uv": [0, 0, 16, 16], "texture": "#layer0"},
				"south": {"uv": [0, 0, 16, 16], "texture": "#layer0"},
				"west": {"uv": [0, 0, 16, 16], "texture": "#layer0"},
				"up": {"uv": [0, 0, 16, 16], "texture": "#layer0"},
				"down": {"uv": [0, 0, 16, 16], "texture": "#layer0"}
			}
		},
		{
			"from": [12, 4, 8],
			"to": [13, 5, 9],
			"rotation": {"angle": -22.5, "axis": "y", "origin": [12.48333, 4.56667, 7.28333]},
			"faces": {
				"north": {"uv": [0, 0, 16, 16], "texture": "#1"},
				"east": {"uv": [0, 0, 16, 16], "texture": "#layer0"},
				"south": {"uv": [0, 0, 16, 16], "texture": "#layer0"},
				"west": {"uv": [0, 0, 16, 16], "texture": "#layer0"},
				"up": {"uv": [0, 0, 16, 16], "texture": "#layer0"},
				"down": {"uv": [0, 0, 16, 16], "texture": "#layer0"}
			}
		},
		{
			"from": [12, 6, 8],
			"to": [13, 7, 9],
			"rotation": {"angle": -22.5, "axis": "y", "origin": [12.48333, 4.56667, 7.28333]},
			"faces": {
				"north": {"uv": [0, 0, 16, 16], "texture": "#layer0"},
				"east": {"uv": [0, 0, 16, 16], "texture": "#layer0"},
				"south": {"uv": [0, 0, 16, 16], "texture": "#layer0"},
				"west": {"uv": [0, 0, 16, 16], "texture": "#layer0"},
				"up": {"uv": [0, 0, 16, 16], "texture": "#layer0"},
				"down": {"uv": [0, 0, 16, 16], "texture": "#layer0"}
			}
		},
		{
			"from": [12, 5, 8],
			"to": [13, 6, 9],
			"rotation": {"angle": -22.5, "axis": "y", "origin": [12.48333, 4.56667, 7.28333]},
			"faces": {
				"north": {"uv": [0, 0, 16, 16], "texture": "#1"},
				"east": {"uv": [0, 0, 16, 16], "texture": "#layer0"},
				"south": {"uv": [0, 0, 16, 16], "texture": "#layer0"},
				"west": {"uv": [0, 0, 16, 16], "texture": "#layer0"},
				"up": {"uv": [0, 0, 16, 16], "texture": "#layer0"},
				"down": {"uv": [0, 0, 16, 16], "texture": "#layer0"}
			}
		},
		{
			"from": [12, 7, 8],
			"to": [13, 8, 9],
			"rotation": {"angle": -22.5, "axis": "y", "origin": [12.48333, 4.56667, 7.28333]},
			"faces": {
				"north": {"uv": [0, 0, 16, 16], "texture": "#layer0"},
				"east": {"uv": [0, 0, 16, 16], "texture": "#layer0"},
				"south": {"uv": [0, 0, 16, 16], "texture": "#layer0"},
				"west": {"uv": [0, 0, 16, 16], "texture": "#layer0"},
				"up": {"uv": [0, 0, 16, 16], "texture": "#layer0"},
				"down": {"uv": [0, 0, 16, 16], "texture": "#layer0"}
			}
		},
		{
			"from": [12, 11, 6],
			"to": [13, 12, 7],
			"rotation": {"angle": -22.5, "axis": "y", "origin": [12.48333, 4.56667, 7.28333]},
			"faces": {
				"north": {"uv": [0, 0, 16, 16], "texture": "#layer0"},
				"east": {"uv": [0, 0, 16, 16], "texture": "#layer0"},
				"south": {"uv": [0, 0, 16, 16], "texture": "#layer0"},
				"west": {"uv": [0, 0, 16, 16], "texture": "#layer0"},
				"up": {"uv": [0, 0, 16, 16], "texture": "#layer0"},
				"down": {"uv": [0, 0, 16, 16], "texture": "#layer0"}
			}
		},
		{
			"from": [12, 10, 6],
			"to": [13, 11, 7],
			"rotation": {"angle": -22.5, "axis": "y", "origin": [12.48333, 4.56667, 7.28333]},
			"faces": {
				"north": {"uv": [0, 0, 16, 16], "texture": "#layer0"},
				"east": {"uv": [0, 0, 16, 16], "texture": "#layer0"},
				"south": {"uv": [0, 0, 16, 16], "texture": "#layer0"},
				"west": {"uv": [0, 0, 16, 16], "texture": "#layer0"},
				"up": {"uv": [0, 0, 16, 16], "texture": "#layer0"},
				"down": {"uv": [0, 0, 16, 16], "texture": "#layer0"}
			}
		},
		{
			"from": [12, 9, 7],
			"to": [13, 10, 8],
			"rotation": {"angle": -22.5, "axis": "y", "origin": [12.48333, 4.56667, 7.28333]},
			"faces": {
				"north": {"uv": [0, 0, 16, 16], "texture": "#layer0"},
				"east": {"uv": [0, 0, 16, 16], "texture": "#layer0"},
				"south": {"uv": [0, 0, 16, 16], "texture": "#layer0"},
				"west": {"uv": [0, 0, 16, 16], "texture": "#layer0"},
				"up": {"uv": [0, 0, 16, 16], "texture": "#layer0"},
				"down": {"uv": [0, 0, 16, 16], "texture": "#layer0"}
			}
		},
		{
			"from": [12, 8, 7],
			"to": [13, 9, 8],
			"rotation": {"angle": -22.5, "axis": "y", "origin": [12.48333, 4.56667, 7.28333]},
			"faces": {
				"north": {"uv": [0, 0, 16, 16], "texture": "#layer0"},
				"east": {"uv": [0, 0, 16, 16], "texture": "#layer0"},
				"south": {"uv": [0, 0, 16, 16], "texture": "#layer0"},
				"west": {"uv": [0, 0, 16, 16], "texture": "#layer0"},
				"up": {"uv": [0, 0, 16, 16], "texture": "#layer0"},
				"down": {"uv": [0, 0, 16, 16], "texture": "#layer0"}
			}
		},
		{
			"from": [0, 4, 6],
			"to": [1, 5, 7],
			"rotation": {"angle": 22.5, "axis": "y", "origin": [3.48182, 5.00909, 7.31818]},
			"faces": {
				"north": {"uv": [0, 0, 16, 16], "texture": "#layer0"},
				"east": {"uv": [0, 0, 16, 16], "texture": "#layer0"},
				"south": {"uv": [0, 0, 16, 16], "texture": "#layer0"},
				"west": {"uv": [0, 0, 16, 16], "texture": "#layer0"},
				"up": {"uv": [0, 0, 16, 16], "texture": "#layer0"},
				"down": {"uv": [0, 0, 16, 16], "texture": "#layer0"}
			}
		},
		{
			"from": [2, 0, 6],
			"to": [3, 1, 7],
			"rotation": {"angle": 22.5, "axis": "y", "origin": [3.48182, 5.00909, 7.31818]},
			"faces": {
				"north": {"uv": [0, 0, 16, 16], "texture": "#layer0"},
				"east": {"uv": [0, 0, 16, 16], "texture": "#layer0"},
				"south": {"uv": [0, 0, 16, 16], "texture": "#layer0"},
				"west": {"uv": [0, 0, 16, 16], "texture": "#layer0"},
				"up": {"uv": [0, 0, 16, 16], "texture": "#layer0"},
				"down": {"uv": [0, 0, 16, 16], "texture": "#layer0"}
			}
		},
		{
			"from": [2, -1, 6],
			"to": [3, 0, 7],
			"rotation": {"angle": 22.5, "axis": "y", "origin": [3.48182, 4.00909, 7.31818]},
			"faces": {
				"north": {"uv": [0, 0, 16, 16], "texture": "#layer0"},
				"east": {"uv": [0, 0, 16, 16], "texture": "#layer0"},
				"south": {"uv": [0, 0, 16, 16], "texture": "#layer0"},
				"west": {"uv": [0, 0, 16, 16], "texture": "#layer0"},
				"up": {"uv": [0, 0, 16, 16], "texture": "#layer0"},
				"down": {"uv": [0, 0, 16, 16], "texture": "#layer0"}
			}
		},
		{
			"from": [5, 1, 6],
			"to": [6, 2, 7],
			"rotation": {"angle": 22.5, "axis": "y", "origin": [3.48182, 5.00909, 7.31818]},
			"faces": {
				"north": {"uv": [0, 0, 16, 16], "texture": "#layer0"},
				"east": {"uv": [0, 0, 16, 16], "texture": "#layer0"},
				"south": {"uv": [0, 0, 16, 16], "texture": "#layer0"},
				"west": {"uv": [0, 0, 16, 16], "texture": "#layer0"},
				"up": {"uv": [0, 0, 16, 16], "texture": "#layer0"},
				"down": {"uv": [0, 0, 16, 16], "texture": "#layer0"}
			}
		},
		{
			"from": [1, 1, 6],
			"to": [2, 2, 7],
			"rotation": {"angle": 22.5, "axis": "y", "origin": [3.48182, 5.00909, 7.31818]},
			"faces": {
				"north": {"uv": [0, 0, 16, 16], "texture": "#layer0"},
				"east": {"uv": [0, 0, 16, 16], "texture": "#layer0"},
				"south": {"uv": [0, 0, 16, 16], "texture": "#layer0"},
				"west": {"uv": [0, 0, 16, 16], "texture": "#layer0"},
				"up": {"uv": [0, 0, 16, 16], "texture": "#layer0"},
				"down": {"uv": [0, 0, 16, 16], "texture": "#layer0"}
			}
		},
		{
			"from": [0, 3, 6],
			"to": [1, 4, 7],
			"rotation": {"angle": 22.5, "axis": "y", "origin": [3.48182, 5.00909, 7.31818]},
			"faces": {
				"north": {"uv": [0, 0, 16, 16], "texture": "#layer0"},
				"east": {"uv": [0, 0, 16, 16], "texture": "#layer0"},
				"south": {"uv": [0, 0, 16, 16], "texture": "#layer0"},
				"west": {"uv": [0, 0, 16, 16], "texture": "#layer0"},
				"up": {"uv": [0, 0, 16, 16], "texture": "#layer0"},
				"down": {"uv": [0, 0, 16, 16], "texture": "#layer0"}
			}
		},
		{
			"from": [6, 3, 6],
			"to": [7, 4, 7],
			"rotation": {"angle": 22.5, "axis": "y", "origin": [3.48182, 5.00909, 7.31818]},
			"faces": {
				"north": {"uv": [0, 0, 16, 16], "texture": "#layer0"},
				"east": {"uv": [0, 0, 16, 16], "texture": "#layer0"},
				"south": {"uv": [0, 0, 16, 16], "texture": "#layer0"},
				"west": {"uv": [0, 0, 16, 16], "texture": "#layer0"},
				"up": {"uv": [0, 0, 16, 16], "texture": "#layer0"},
				"down": {"uv": [0, 0, 16, 16], "texture": "#layer0"}
			}
		},
		{
			"from": [6, 2, 6],
			"to": [7, 3, 7],
			"rotation": {"angle": 22.5, "axis": "y", "origin": [3.48182, 5.00909, 7.31818]},
			"faces": {
				"north": {"uv": [0, 0, 16, 16], "texture": "#layer0"},
				"east": {"uv": [0, 0, 16, 16], "texture": "#layer0"},
				"south": {"uv": [0, 0, 16, 16], "texture": "#layer0"},
				"west": {"uv": [0, 0, 16, 16], "texture": "#layer0"},
				"up": {"uv": [0, 0, 16, 16], "texture": "#layer0"},
				"down": {"uv": [0, 0, 16, 16], "texture": "#layer0"}
			}
		},
		{
			"from": [0, 2, 6],
			"to": [1, 3, 7],
			"rotation": {"angle": 22.5, "axis": "y", "origin": [3.48182, 5.00909, 7.31818]},
			"faces": {
				"north": {"uv": [0, 0, 16, 16], "texture": "#layer0"},
				"east": {"uv": [0, 0, 16, 16], "texture": "#layer0"},
				"south": {"uv": [0, 0, 16, 16], "texture": "#layer0"},
				"west": {"uv": [0, 0, 16, 16], "texture": "#layer0"},
				"up": {"uv": [0, 0, 16, 16], "texture": "#layer0"},
				"down": {"uv": [0, 0, 16, 16], "texture": "#layer0"}
			}
		},
		{
			"from": [6, 4, 6],
			"to": [7, 5, 7],
			"rotation": {"angle": 22.5, "axis": "y", "origin": [3.48182, 5.00909, 7.31818]},
			"faces": {
				"north": {"uv": [0, 0, 16, 16], "texture": "#layer0"},
				"east": {"uv": [0, 0, 16, 16], "texture": "#layer0"},
				"south": {"uv": [0, 0, 16, 16], "texture": "#layer0"},
				"west": {"uv": [0, 0, 16, 16], "texture": "#layer0"},
				"up": {"uv": [0, 0, 16, 16], "texture": "#layer0"},
				"down": {"uv": [0, 0, 16, 16], "texture": "#layer0"}
			}
		},
		{
			"from": [0, 5, 6],
			"to": [1, 6, 7],
			"rotation": {"angle": 22.5, "axis": "y", "origin": [3.48182, 5.00909, 7.31818]},
			"faces": {
				"north": {"uv": [0, 0, 16, 16], "texture": "#layer0"},
				"east": {"uv": [0, 0, 16, 16], "texture": "#layer0"},
				"south": {"uv": [0, 0, 16, 16], "texture": "#layer0"},
				"west": {"uv": [0, 0, 16, 16], "texture": "#layer0"},
				"up": {"uv": [0, 0, 16, 16], "texture": "#layer0"},
				"down": {"uv": [0, 0, 16, 16], "texture": "#layer0"}
			}
		},
		{
			"from": [6, 5, 6],
			"to": [7, 6, 7],
			"rotation": {"angle": 22.5, "axis": "y", "origin": [3.48182, 5.00909, 7.31818]},
			"faces": {
				"north": {"uv": [0, 0, 16, 16], "texture": "#layer0"},
				"east": {"uv": [0, 0, 16, 16], "texture": "#layer0"},
				"south": {"uv": [0, 0, 16, 16], "texture": "#layer0"},
				"west": {"uv": [0, 0, 16, 16], "texture": "#layer0"},
				"up": {"uv": [0, 0, 16, 16], "texture": "#layer0"},
				"down": {"uv": [0, 0, 16, 16], "texture": "#layer0"}
			}
		},
		{
			"from": [1, 6, 6],
			"to": [2, 7, 7],
			"rotation": {"angle": 22.5, "axis": "y", "origin": [3.48182, 5.00909, 7.31818]},
			"faces": {
				"north": {"uv": [0, 0, 16, 16], "texture": "#layer0"},
				"east": {"uv": [0, 0, 16, 16], "texture": "#layer0"},
				"south": {"uv": [0, 0, 16, 16], "texture": "#layer0"},
				"west": {"uv": [0, 0, 16, 16], "texture": "#layer0"},
				"up": {"uv": [0, 0, 16, 16], "texture": "#layer0"},
				"down": {"uv": [0, 0, 16, 16], "texture": "#layer0"}
			}
		},
		{
			"from": [5, 6, 6],
			"to": [6, 7, 7],
			"rotation": {"angle": 22.5, "axis": "y", "origin": [3.48182, 5.00909, 7.31818]},
			"faces": {
				"north": {"uv": [0, 0, 16, 16], "texture": "#layer0"},
				"east": {"uv": [0, 0, 16, 16], "texture": "#layer0"},
				"south": {"uv": [0, 0, 16, 16], "texture": "#layer0"},
				"west": {"uv": [0, 0, 16, 16], "texture": "#layer0"},
				"up": {"uv": [0, 0, 16, 16], "texture": "#layer0"},
				"down": {"uv": [0, 0, 16, 16], "texture": "#layer0"}
			}
		},
		{
			"from": [5, 7, 6],
			"to": [6, 8, 7],
			"rotation": {"angle": 22.5, "axis": "y", "origin": [3.48182, 5.00909, 7.31818]},
			"faces": {
				"north": {"uv": [0, 0, 16, 16], "texture": "#layer0"},
				"east": {"uv": [0, 0, 16, 16], "texture": "#layer0"},
				"south": {"uv": [0, 0, 16, 16], "texture": "#layer0"},
				"west": {"uv": [0, 0, 16, 16], "texture": "#layer0"},
				"up": {"uv": [0, 0, 16, 16], "texture": "#layer0"},
				"down": {"uv": [0, 0, 16, 16], "texture": "#layer0"}
			}
		},
		{
			"from": [1, 7, 6],
			"to": [2, 8, 7],
			"rotation": {"angle": 22.5, "axis": "y", "origin": [3.48182, 5.00909, 7.31818]},
			"faces": {
				"north": {"uv": [0, 0, 16, 16], "texture": "#layer0"},
				"east": {"uv": [0, 0, 16, 16], "texture": "#layer0"},
				"south": {"uv": [0, 0, 16, 16], "texture": "#layer0"},
				"west": {"uv": [0, 0, 16, 16], "texture": "#layer0"},
				"up": {"uv": [0, 0, 16, 16], "texture": "#layer0"},
				"down": {"uv": [0, 0, 16, 16], "texture": "#layer0"}
			}
		},
		{
			"from": [2, 8, 6],
			"to": [3, 9, 7],
			"rotation": {"angle": 22.5, "axis": "y", "origin": [3.48182, 5.00909, 7.31818]},
			"faces": {
				"north": {"uv": [0, 0, 16, 16], "texture": "#layer0"},
				"east": {"uv": [0, 0, 16, 16], "texture": "#layer0"},
				"south": {"uv": [0, 0, 16, 16], "texture": "#layer0"},
				"west": {"uv": [0, 0, 16, 16], "texture": "#layer0"},
				"up": {"uv": [0, 0, 16, 16], "texture": "#layer0"},
				"down": {"uv": [0, 0, 16, 16], "texture": "#layer0"}
			}
		},
		{
			"from": [2, 8, 6],
			"to": [3, 9, 7],
			"rotation": {"angle": 22.5, "axis": "y", "origin": [3.48182, 5.00909, 7.31818]},
			"faces": {
				"north": {"uv": [0, 0, 16, 16], "texture": "#layer0"},
				"east": {"uv": [0, 0, 16, 16], "texture": "#layer0"},
				"south": {"uv": [0, 0, 16, 16], "texture": "#layer0"},
				"west": {"uv": [0, 0, 16, 16], "texture": "#layer0"},
				"up": {"uv": [0, 0, 16, 16], "texture": "#layer0"},
				"down": {"uv": [0, 0, 16, 16], "texture": "#layer0"}
			}
		},
		{
			"from": [1, 3, 7],
			"to": [2, 4, 8],
			"rotation": {"angle": 22.5, "axis": "y", "origin": [3.48182, 5.00909, 7.31818]},
			"faces": {
				"north": {"uv": [0, 0, 16, 16], "texture": "#layer0"},
				"east": {"uv": [0, 0, 16, 16], "texture": "#layer0"},
				"south": {"uv": [0, 0, 16, 16], "texture": "#layer0"},
				"west": {"uv": [0, 0, 16, 16], "texture": "#layer0"},
				"up": {"uv": [0, 0, 16, 16], "texture": "#layer0"},
				"down": {"uv": [0, 0, 16, 16], "texture": "#layer0"}
			}
		},
		{
			"from": [5, 3, 7],
			"to": [6, 4, 8],
			"rotation": {"angle": 22.5, "axis": "y", "origin": [3.48182, 5.00909, 7.31818]},
			"faces": {
				"north": {"uv": [0, 0, 16, 16], "texture": "#layer0"},
				"east": {"uv": [0, 0, 16, 16], "texture": "#layer0"},
				"south": {"uv": [0, 0, 16, 16], "texture": "#layer0"},
				"west": {"uv": [0, 0, 16, 16], "texture": "#layer0"},
				"up": {"uv": [0, 0, 16, 16], "texture": "#layer0"},
				"down": {"uv": [0, 0, 16, 16], "texture": "#layer0"}
			}
		},
		{
			"from": [5, 2, 7],
			"to": [6, 3, 8],
			"rotation": {"angle": 22.5, "axis": "y", "origin": [3.48182, 5.00909, 7.31818]},
			"faces": {
				"north": {"uv": [0, 0, 16, 16], "texture": "#layer0"},
				"east": {"uv": [0, 0, 16, 16], "texture": "#layer0"},
				"south": {"uv": [0, 0, 16, 16], "texture": "#layer0"},
				"west": {"uv": [0, 0, 16, 16], "texture": "#layer0"},
				"up": {"uv": [0, 0, 16, 16], "texture": "#layer0"},
				"down": {"uv": [0, 0, 16, 16], "texture": "#layer0"}
			}
		},
		{
			"from": [1, 2, 7],
			"to": [2, 3, 8],
			"rotation": {"angle": 22.5, "axis": "y", "origin": [3.48182, 5.00909, 7.31818]},
			"faces": {
				"north": {"uv": [0, 0, 16, 16], "texture": "#layer0"},
				"east": {"uv": [0, 0, 16, 16], "texture": "#layer0"},
				"south": {"uv": [0, 0, 16, 16], "texture": "#layer0"},
				"west": {"uv": [0, 0, 16, 16], "texture": "#layer0"},
				"up": {"uv": [0, 0, 16, 16], "texture": "#layer0"},
				"down": {"uv": [0, 0, 16, 16], "texture": "#layer0"}
			}
		},
		{
			"from": [1, 4, 7],
			"to": [2, 5, 8],
			"rotation": {"angle": 22.5, "axis": "y", "origin": [3.48182, 5.00909, 7.31818]},
			"faces": {
				"north": {"uv": [0, 0, 16, 16], "texture": "#layer0"},
				"east": {"uv": [0, 0, 16, 16], "texture": "#layer0"},
				"south": {"uv": [0, 0, 16, 16], "texture": "#layer0"},
				"west": {"uv": [0, 0, 16, 16], "texture": "#layer0"},
				"up": {"uv": [0, 0, 16, 16], "texture": "#layer0"},
				"down": {"uv": [0, 0, 16, 16], "texture": "#layer0"}
			}
		},
		{
			"from": [5, 4, 7],
			"to": [6, 5, 8],
			"rotation": {"angle": 22.5, "axis": "y", "origin": [3.48182, 5.00909, 7.31818]},
			"faces": {
				"north": {"uv": [0, 0, 16, 16], "texture": "#layer0"},
				"east": {"uv": [0, 0, 16, 16], "texture": "#layer0"},
				"south": {"uv": [0, 0, 16, 16], "texture": "#layer0"},
				"west": {"uv": [0, 0, 16, 16], "texture": "#layer0"},
				"up": {"uv": [0, 0, 16, 16], "texture": "#layer0"},
				"down": {"uv": [0, 0, 16, 16], "texture": "#layer0"}
			}
		},
		{
			"from": [1, 5, 7],
			"to": [2, 6, 8],
			"rotation": {"angle": 22.5, "axis": "y", "origin": [3.48182, 5.00909, 7.31818]},
			"faces": {
				"north": {"uv": [0, 0, 16, 16], "texture": "#layer0"},
				"east": {"uv": [0, 0, 16, 16], "texture": "#layer0"},
				"south": {"uv": [0, 0, 16, 16], "texture": "#layer0"},
				"west": {"uv": [0, 0, 16, 16], "texture": "#layer0"},
				"up": {"uv": [0, 0, 16, 16], "texture": "#layer0"},
				"down": {"uv": [0, 0, 16, 16], "texture": "#layer0"}
			}
		},
		{
			"from": [5, 5, 7],
			"to": [6, 6, 8],
			"rotation": {"angle": 22.5, "axis": "y", "origin": [3.48182, 5.00909, 7.31818]},
			"faces": {
				"north": {"uv": [0, 0, 16, 16], "texture": "#layer0"},
				"east": {"uv": [0, 0, 16, 16], "texture": "#layer0"},
				"south": {"uv": [0, 0, 16, 16], "texture": "#layer0"},
				"west": {"uv": [0, 0, 16, 16], "texture": "#layer0"},
				"up": {"uv": [0, 0, 16, 16], "texture": "#layer0"},
				"down": {"uv": [0, 0, 16, 16], "texture": "#layer0"}
			}
		},
		{
			"from": [2, 7, 7],
			"to": [3, 8, 8],
			"rotation": {"angle": 22.5, "axis": "y", "origin": [3.48182, 5.00909, 7.31818]},
			"faces": {
				"north": {"uv": [0, 0, 16, 16], "texture": "#layer0"},
				"east": {"uv": [0, 0, 16, 16], "texture": "#layer0"},
				"south": {"uv": [0, 0, 16, 16], "texture": "#layer0"},
				"west": {"uv": [0, 0, 16, 16], "texture": "#layer0"},
				"up": {"uv": [0, 0, 16, 16], "texture": "#layer0"},
				"down": {"uv": [0, 0, 16, 16], "texture": "#layer0"}
			}
		},
		{
			"from": [2, 6, 7],
			"to": [3, 7, 8],
			"rotation": {"angle": 22.5, "axis": "y", "origin": [3.48182, 5.00909, 7.31818]},
			"faces": {
				"north": {"uv": [0, 0, 16, 16], "texture": "#layer0"},
				"east": {"uv": [0, 0, 16, 16], "texture": "#layer0"},
				"south": {"uv": [0, 0, 16, 16], "texture": "#layer0"},
				"west": {"uv": [0, 0, 16, 16], "texture": "#layer0"},
				"up": {"uv": [0, 0, 16, 16], "texture": "#layer0"},
				"down": {"uv": [0, 0, 16, 16], "texture": "#layer0"}
			}
		},
		{
			"from": [2, 9, 6],
			"to": [3, 10, 7],
			"rotation": {"angle": 22.5, "axis": "y", "origin": [3.48182, 5.00909, 7.31818]},
			"faces": {
				"north": {"uv": [0, 0, 16, 16], "texture": "#layer0"},
				"east": {"uv": [0, 0, 16, 16], "texture": "#layer0"},
				"south": {"uv": [0, 0, 16, 16], "texture": "#layer0"},
				"west": {"uv": [0, 0, 16, 16], "texture": "#layer0"},
				"up": {"uv": [0, 0, 16, 16], "texture": "#layer0"},
				"down": {"uv": [0, 0, 16, 16], "texture": "#layer0"}
			}
		},
		{
			"from": [2, 1, 7],
			"to": [3, 2, 8],
			"rotation": {"angle": 22.5, "axis": "y", "origin": [3.48182, 5.00909, 7.31818]},
			"faces": {
				"north": {"uv": [0, 0, 16, 16], "texture": "#layer0"},
				"east": {"uv": [0, 0, 16, 16], "texture": "#layer0"},
				"south": {"uv": [0, 0, 16, 16], "texture": "#layer0"},
				"west": {"uv": [0, 0, 16, 16], "texture": "#layer0"},
				"up": {"uv": [0, 0, 16, 16], "texture": "#layer0"},
				"down": {"uv": [0, 0, 16, 16], "texture": "#layer0"}
			}
		},
		{
			"from": [2, 5, 8],
			"to": [3, 6, 9],
			"rotation": {"angle": 22.5, "axis": "y", "origin": [3.48182, 5.00909, 7.31818]},
			"faces": {
				"north": {"uv": [0, 0, 16, 16], "texture": "#1"},
				"east": {"uv": [0, 0, 16, 16], "texture": "#layer0"},
				"south": {"uv": [0, 0, 16, 16], "texture": "#layer0"},
				"west": {"uv": [0, 0, 16, 16], "texture": "#layer0"},
				"up": {"uv": [0, 0, 16, 16], "texture": "#layer0"},
				"down": {"uv": [0, 0, 16, 16], "texture": "#layer0"}
			}
		},
		{
			"from": [2, 4, 8],
			"to": [3, 5, 9],
			"rotation": {"angle": 22.5, "axis": "y", "origin": [3.48182, 5.00909, 7.31818]},
			"faces": {
				"north": {"uv": [0, 0, 16, 16], "texture": "#1"},
				"east": {"uv": [0, 0, 16, 16], "texture": "#layer0"},
				"south": {"uv": [0, 0, 16, 16], "texture": "#layer0"},
				"west": {"uv": [0, 0, 16, 16], "texture": "#layer0"},
				"up": {"uv": [0, 0, 16, 16], "texture": "#layer0"},
				"down": {"uv": [0, 0, 16, 16], "texture": "#layer0"}
			}
		},
		{
			"from": [2, 3, 8],
			"to": [3, 4, 9],
			"rotation": {"angle": 22.5, "axis": "y", "origin": [3.48182, 5.00909, 7.31818]},
			"faces": {
				"north": {"uv": [0, 0, 16, 16], "texture": "#1"},
				"east": {"uv": [0, 0, 16, 16], "texture": "#layer0"},
				"south": {"uv": [0, 0, 16, 16], "texture": "#layer0"},
				"west": {"uv": [0, 0, 16, 16], "texture": "#layer0"},
				"up": {"uv": [0, 0, 16, 16], "texture": "#layer0"},
				"down": {"uv": [0, 0, 16, 16], "texture": "#layer0"}
			}
		},
		{
			"from": [2, 2, 8],
			"to": [3, 3, 9],
			"rotation": {"angle": 22.5, "axis": "y", "origin": [3.48182, 5.00909, 7.31818]},
			"faces": {
				"north": {"uv": [0, 0, 16, 16], "texture": "#1"},
				"east": {"uv": [0, 0, 16, 16], "texture": "#layer0"},
				"south": {"uv": [0, 0, 16, 16], "texture": "#layer0"},
				"west": {"uv": [0, 0, 16, 16], "texture": "#layer0"},
				"up": {"uv": [0, 0, 16, 16], "texture": "#layer0"},
				"down": {"uv": [0, 0, 16, 16], "texture": "#layer0"}
			}
		},
		{
			"from": [4, 0, 6],
			"to": [5, 1, 7],
			"rotation": {"angle": 22.5, "axis": "y", "origin": [3.48182, 5.00909, 7.31818]},
			"faces": {
				"north": {"uv": [0, 0, 16, 16], "texture": "#layer0"},
				"east": {"uv": [0, 0, 16, 16], "texture": "#layer0"},
				"south": {"uv": [0, 0, 16, 16], "texture": "#layer0"},
				"west": {"uv": [0, 0, 16, 16], "texture": "#layer0"},
				"up": {"uv": [0, 0, 16, 16], "texture": "#layer0"},
				"down": {"uv": [0, 0, 16, 16], "texture": "#layer0"}
			}
		},
		{
			"from": [4, -1, 6],
			"to": [5, 0, 7],
			"rotation": {"angle": 22.5, "axis": "y", "origin": [3.48182, 4.00909, 7.31818]},
			"faces": {
				"north": {"uv": [0, 0, 16, 16], "texture": "#layer0"},
				"east": {"uv": [0, 0, 16, 16], "texture": "#layer0"},
				"south": {"uv": [0, 0, 16, 16], "texture": "#layer0"},
				"west": {"uv": [0, 0, 16, 16], "texture": "#layer0"},
				"up": {"uv": [0, 0, 16, 16], "texture": "#layer0"},
				"down": {"uv": [0, 0, 16, 16], "texture": "#layer0"}
			}
		},
		{
			"from": [4, 1, 7],
			"to": [5, 2, 8],
			"rotation": {"angle": 22.5, "axis": "y", "origin": [3.48182, 5.00909, 7.31818]},
			"faces": {
				"north": {"uv": [0, 0, 16, 16], "texture": "#layer0"},
				"east": {"uv": [0, 0, 16, 16], "texture": "#layer0"},
				"south": {"uv": [0, 0, 16, 16], "texture": "#layer0"},
				"west": {"uv": [0, 0, 16, 16], "texture": "#layer0"},
				"up": {"uv": [0, 0, 16, 16], "texture": "#layer0"},
				"down": {"uv": [0, 0, 16, 16], "texture": "#layer0"}
			}
		},
		{
			"from": [4, 2, 8],
			"to": [5, 3, 9],
			"rotation": {"angle": 22.5, "axis": "y", "origin": [3.48182, 5.00909, 7.31818]},
			"faces": {
				"north": {"uv": [0, 0, 16, 16], "texture": "#1"},
				"east": {"uv": [0, 0, 16, 16], "texture": "#layer0"},
				"south": {"uv": [0, 0, 16, 16], "texture": "#layer0"},
				"west": {"uv": [0, 0, 16, 16], "texture": "#layer0"},
				"up": {"uv": [0, 0, 16, 16], "texture": "#layer0"},
				"down": {"uv": [0, 0, 16, 16], "texture": "#layer0"}
			}
		},
		{
			"from": [4, 3, 8],
			"to": [5, 4, 9],
			"rotation": {"angle": 22.5, "axis": "y", "origin": [3.48182, 5.00909, 7.31818]},
			"faces": {
				"north": {"uv": [0, 0, 16, 16], "texture": "#1"},
				"east": {"uv": [0, 0, 16, 16], "texture": "#layer0"},
				"south": {"uv": [0, 0, 16, 16], "texture": "#layer0"},
				"west": {"uv": [0, 0, 16, 16], "texture": "#layer0"},
				"up": {"uv": [0, 0, 16, 16], "texture": "#layer0"},
				"down": {"uv": [0, 0, 16, 16], "texture": "#layer0"}
			}
		},
		{
			"from": [4, 4, 8],
			"to": [5, 5, 9],
			"rotation": {"angle": 22.5, "axis": "y", "origin": [3.48182, 5.00909, 7.31818]},
			"faces": {
				"north": {"uv": [0, 0, 16, 16], "texture": "#1"},
				"east": {"uv": [0, 0, 16, 16], "texture": "#layer0"},
				"south": {"uv": [0, 0, 16, 16], "texture": "#layer0"},
				"west": {"uv": [0, 0, 16, 16], "texture": "#layer0"},
				"up": {"uv": [0, 0, 16, 16], "texture": "#layer0"},
				"down": {"uv": [0, 0, 16, 16], "texture": "#layer0"}
			}
		},
		{
			"from": [4, 6, 7],
			"to": [5, 7, 8],
			"rotation": {"angle": 22.5, "axis": "y", "origin": [3.48182, 5.00909, 7.31818]},
			"faces": {
				"north": {"uv": [0, 0, 16, 16], "texture": "#layer0"},
				"east": {"uv": [0, 0, 16, 16], "texture": "#layer0"},
				"south": {"uv": [0, 0, 16, 16], "texture": "#layer0"},
				"west": {"uv": [0, 0, 16, 16], "texture": "#layer0"},
				"up": {"uv": [0, 0, 16, 16], "texture": "#layer0"},
				"down": {"uv": [0, 0, 16, 16], "texture": "#layer0"}
			}
		},
		{
			"from": [4, 5, 8],
			"to": [5, 6, 9],
			"rotation": {"angle": 22.5, "axis": "y", "origin": [3.48182, 5.00909, 7.31818]},
			"faces": {
				"north": {"uv": [0, 0, 16, 16], "texture": "#1"},
				"east": {"uv": [0, 0, 16, 16], "texture": "#layer0"},
				"south": {"uv": [0, 0, 16, 16], "texture": "#layer0"},
				"west": {"uv": [0, 0, 16, 16], "texture": "#layer0"},
				"up": {"uv": [0, 0, 16, 16], "texture": "#layer0"},
				"down": {"uv": [0, 0, 16, 16], "texture": "#layer0"}
			}
		},
		{
			"from": [4, 7, 7],
			"to": [5, 8, 8],
			"rotation": {"angle": 22.5, "axis": "y", "origin": [3.48182, 5.00909, 7.31818]},
			"faces": {
				"north": {"uv": [0, 0, 16, 16], "texture": "#layer0"},
				"east": {"uv": [0, 0, 16, 16], "texture": "#layer0"},
				"south": {"uv": [0, 0, 16, 16], "texture": "#layer0"},
				"west": {"uv": [0, 0, 16, 16], "texture": "#layer0"},
				"up": {"uv": [0, 0, 16, 16], "texture": "#layer0"},
				"down": {"uv": [0, 0, 16, 16], "texture": "#layer0"}
			}
		},
		{
			"from": [4, 8, 6],
			"to": [5, 9, 7],
			"rotation": {"angle": 22.5, "axis": "y", "origin": [3.48182, 5.00909, 7.31818]},
			"faces": {
				"north": {"uv": [0, 0, 16, 16], "texture": "#layer0"},
				"east": {"uv": [0, 0, 16, 16], "texture": "#layer0"},
				"south": {"uv": [0, 0, 16, 16], "texture": "#layer0"},
				"west": {"uv": [0, 0, 16, 16], "texture": "#layer0"},
				"up": {"uv": [0, 0, 16, 16], "texture": "#layer0"},
				"down": {"uv": [0, 0, 16, 16], "texture": "#layer0"}
			}
		},
		{
			"from": [4, 9, 6],
			"to": [5, 10, 7],
			"rotation": {"angle": 22.5, "axis": "y", "origin": [3.48182, 5.00909, 7.31818]},
			"faces": {
				"north": {"uv": [0, 0, 16, 16], "texture": "#layer0"},
				"east": {"uv": [0, 0, 16, 16], "texture": "#layer0"},
				"south": {"uv": [0, 0, 16, 16], "texture": "#layer0"},
				"west": {"uv": [0, 0, 16, 16], "texture": "#layer0"},
				"up": {"uv": [0, 0, 16, 16], "texture": "#layer0"},
				"down": {"uv": [0, 0, 16, 16], "texture": "#layer0"}
			}
		},
		{
			"from": [3, 0, 6],
			"to": [4, 1, 7],
			"rotation": {"angle": 22.5, "axis": "y", "origin": [3.48182, 5.00909, 7.31818]},
			"faces": {
				"north": {"uv": [0, 0, 16, 16], "texture": "#layer0"},
				"east": {"uv": [0, 0, 16, 16], "texture": "#layer0"},
				"south": {"uv": [0, 0, 16, 16], "texture": "#layer0"},
				"west": {"uv": [0, 0, 16, 16], "texture": "#layer0"},
				"up": {"uv": [0, 0, 16, 16], "texture": "#layer0"},
				"down": {"uv": [0, 0, 16, 16], "texture": "#layer0"}
			}
		},
		{
			"from": [3, 0, 7],
			"to": [4, 1, 8],
			"rotation": {"angle": 22.5, "axis": "y", "origin": [3.48182, 5.00909, 8.31818]},
			"faces": {
				"north": {"uv": [0, 0, 16, 16], "texture": "#layer0"},
				"east": {"uv": [0, 0, 16, 16], "texture": "#layer0"},
				"south": {"uv": [0, 0, 16, 16], "texture": "#layer0"},
				"west": {"uv": [0, 0, 16, 16], "texture": "#layer0"},
				"up": {"uv": [0, 0, 16, 16], "texture": "#layer0"},
				"down": {"uv": [0, 0, 16, 16], "texture": "#layer0"}
			}
		},
		{
			"from": [3, -1, 6],
			"to": [4, 0, 7],
			"rotation": {"angle": 22.5, "axis": "y", "origin": [3.48182, 4.00909, 7.31818]},
			"faces": {
				"north": {"uv": [0, 0, 16, 16], "texture": "#layer0"},
				"east": {"uv": [0, 0, 16, 16], "texture": "#layer0"},
				"south": {"uv": [0, 0, 16, 16], "texture": "#layer0"},
				"west": {"uv": [0, 0, 16, 16], "texture": "#layer0"},
				"up": {"uv": [0, 0, 16, 16], "texture": "#layer0"},
				"down": {"uv": [0, 0, 16, 16], "texture": "#layer0"}
			}
		},
		{
			"from": [3, -1, 7],
			"to": [4, 0, 8],
			"rotation": {"angle": 22.5, "axis": "y", "origin": [3.48182, 4.00909, 8.31818]},
			"faces": {
				"north": {"uv": [0, 0, 16, 16], "texture": "#layer0"},
				"east": {"uv": [0, 0, 16, 16], "texture": "#layer0"},
				"south": {"uv": [0, 0, 16, 16], "texture": "#layer0"},
				"west": {"uv": [0, 0, 16, 16], "texture": "#layer0"},
				"up": {"uv": [0, 0, 16, 16], "texture": "#layer0"},
				"down": {"uv": [0, 0, 16, 16], "texture": "#layer0"}
			}
		},
		{
			"from": [3, 1, 7],
			"to": [4, 2, 8],
			"rotation": {"angle": 22.5, "axis": "y", "origin": [3.48182, 5.00909, 7.31818]},
			"faces": {
				"north": {"uv": [0, 0, 16, 16], "texture": "#layer0"},
				"east": {"uv": [0, 0, 16, 16], "texture": "#layer0"},
				"south": {"uv": [0, 0, 16, 16], "texture": "#layer0"},
				"west": {"uv": [0, 0, 16, 16], "texture": "#layer0"},
				"up": {"uv": [0, 0, 16, 16], "texture": "#layer0"},
				"down": {"uv": [0, 0, 16, 16], "texture": "#layer0"}
			}
		},
		{
			"from": [3, 2, 8],
			"to": [4, 3, 9],
			"rotation": {"angle": 22.5, "axis": "y", "origin": [3.48182, 5.00909, 7.31818]},
			"faces": {
				"north": {"uv": [0, 0, 16, 16], "texture": "#1"},
				"east": {"uv": [0, 0, 16, 16], "texture": "#layer0"},
				"south": {"uv": [0, 0, 16, 16], "texture": "#layer0"},
				"west": {"uv": [0, 0, 16, 16], "texture": "#layer0"},
				"up": {"uv": [0, 0, 16, 16], "texture": "#layer0"},
				"down": {"uv": [0, 0, 16, 16], "texture": "#layer0"}
			}
		},
		{
			"from": [3, 3, 8],
			"to": [4, 4, 9],
			"rotation": {"angle": 22.5, "axis": "y", "origin": [3.48182, 5.00909, 7.31818]},
			"faces": {
				"north": {"uv": [0, 0, 16, 16], "texture": "#1"},
				"east": {"uv": [0, 0, 16, 16], "texture": "#layer0"},
				"south": {"uv": [0, 0, 16, 16], "texture": "#layer0"},
				"west": {"uv": [0, 0, 16, 16], "texture": "#layer0"},
				"up": {"uv": [0, 0, 16, 16], "texture": "#layer0"},
				"down": {"uv": [0, 0, 16, 16], "texture": "#layer0"}
			}
		},
		{
			"from": [3, 4, 8],
			"to": [4, 5, 9],
			"rotation": {"angle": 22.5, "axis": "y", "origin": [3.48182, 5.00909, 7.31818]},
			"faces": {
				"north": {"uv": [0, 0, 16, 16], "texture": "#1"},
				"east": {"uv": [0, 0, 16, 16], "texture": "#layer0"},
				"south": {"uv": [0, 0, 16, 16], "texture": "#layer0"},
				"west": {"uv": [0, 0, 16, 16], "texture": "#layer0"},
				"up": {"uv": [0, 0, 16, 16], "texture": "#layer0"},
				"down": {"uv": [0, 0, 16, 16], "texture": "#layer0"}
			}
		},
		{
			"from": [3, 6, 8],
			"to": [4, 7, 9],
			"rotation": {"angle": 22.5, "axis": "y", "origin": [3.48182, 5.00909, 7.31818]},
			"faces": {
				"north": {"uv": [0, 0, 16, 16], "texture": "#layer0"},
				"east": {"uv": [0, 0, 16, 16], "texture": "#layer0"},
				"south": {"uv": [0, 0, 16, 16], "texture": "#layer0"},
				"west": {"uv": [0, 0, 16, 16], "texture": "#layer0"},
				"up": {"uv": [0, 0, 16, 16], "texture": "#layer0"},
				"down": {"uv": [0, 0, 16, 16], "texture": "#layer0"}
			}
		},
		{
			"from": [3, 5, 8],
			"to": [4, 6, 9],
			"rotation": {"angle": 22.5, "axis": "y", "origin": [3.48182, 5.00909, 7.31818]},
			"faces": {
				"north": {"uv": [0, 0, 16, 16], "texture": "#1"},
				"east": {"uv": [0, 0, 16, 16], "texture": "#layer0"},
				"south": {"uv": [0, 0, 16, 16], "texture": "#layer0"},
				"west": {"uv": [0, 0, 16, 16], "texture": "#layer0"},
				"up": {"uv": [0, 0, 16, 16], "texture": "#layer0"},
				"down": {"uv": [0, 0, 16, 16], "texture": "#layer0"}
			}
		},
		{
			"from": [3, 7, 8],
			"to": [4, 8, 9],
			"rotation": {"angle": 22.5, "axis": "y", "origin": [3.48182, 5.00909, 7.31818]},
			"faces": {
				"north": {"uv": [0, 0, 16, 16], "texture": "#layer0"},
				"east": {"uv": [0, 0, 16, 16], "texture": "#layer0"},
				"south": {"uv": [0, 0, 16, 16], "texture": "#layer0"},
				"west": {"uv": [0, 0, 16, 16], "texture": "#layer0"},
				"up": {"uv": [0, 0, 16, 16], "texture": "#layer0"},
				"down": {"uv": [0, 0, 16, 16], "texture": "#layer0"}
			}
		},
		{
			"from": [3, 11, 6],
			"to": [4, 12, 7],
			"rotation": {"angle": 22.5, "axis": "y", "origin": [3.48182, 5.00909, 7.31818]},
			"faces": {
				"north": {"uv": [0, 0, 16, 16], "texture": "#layer0"},
				"east": {"uv": [0, 0, 16, 16], "texture": "#layer0"},
				"south": {"uv": [0, 0, 16, 16], "texture": "#layer0"},
				"west": {"uv": [0, 0, 16, 16], "texture": "#layer0"},
				"up": {"uv": [0, 0, 16, 16], "texture": "#layer0"},
				"down": {"uv": [0, 0, 16, 16], "texture": "#layer0"}
			}
		},
		{
			"from": [3, 10, 6],
			"to": [4, 11, 7],
			"rotation": {"angle": 22.5, "axis": "y", "origin": [3.48182, 5.00909, 7.31818]},
			"faces": {
				"north": {"uv": [0, 0, 16, 16], "texture": "#layer0"},
				"east": {"uv": [0, 0, 16, 16], "texture": "#layer0"},
				"south": {"uv": [0, 0, 16, 16], "texture": "#layer0"},
				"west": {"uv": [0, 0, 16, 16], "texture": "#layer0"},
				"up": {"uv": [0, 0, 16, 16], "texture": "#layer0"},
				"down": {"uv": [0, 0, 16, 16], "texture": "#layer0"}
			}
		},
		{
			"from": [3, 9, 7],
			"to": [4, 10, 8],
			"rotation": {"angle": 22.5, "axis": "y", "origin": [3.48182, 5.00909, 7.31818]},
			"faces": {
				"north": {"uv": [0, 0, 16, 16], "texture": "#layer0"},
				"east": {"uv": [0, 0, 16, 16], "texture": "#layer0"},
				"south": {"uv": [0, 0, 16, 16], "texture": "#layer0"},
				"west": {"uv": [0, 0, 16, 16], "texture": "#layer0"},
				"up": {"uv": [0, 0, 16, 16], "texture": "#layer0"},
				"down": {"uv": [0, 0, 16, 16], "texture": "#layer0"}
			}
		},
		{
			"from": [3, 8, 7],
			"to": [4, 9, 8],
			"rotation": {"angle": 22.5, "axis": "y", "origin": [3.48182, 5.00909, 7.31818]},
			"faces": {
				"north": {"uv": [0, 0, 16, 16], "texture": "#layer0"},
				"east": {"uv": [0, 0, 16, 16], "texture": "#layer0"},
				"south": {"uv": [0, 0, 16, 16], "texture": "#layer0"},
				"west": {"uv": [0, 0, 16, 16], "texture": "#layer0"},
				"up": {"uv": [0, 0, 16, 16], "texture": "#layer0"},
				"down": {"uv": [0, 0, 16, 16], "texture": "#layer0"}
			}
		}
	],
	"display": {
		"thirdperson_righthand": {
			"translation": [0, 2, 0.5],
			"scale": [0.35, 0.35, 0.35]
		},
		"thirdperson_lefthand": {
			"translation": [0, 2, 0.5],
			"scale": [0.35, 0.35, 0.35]
		},
		"firstperson_righthand": {
			"translation": [8, -11, 0]
		},
		"firstperson_lefthand": {
			"translation": [8, -11, 0]
		},
		"ground": {
			"translation": [0, 7.5, 0]
		},
		"gui": {
			"rotation": [0, -180, 0],
			"translation": [0, 1.75, 0],
			"scale": [0.8, 0.8, 0.8]
		},
		"head": {
			"translation": [0, 13.75, -2.75]
		},
		"fixed": {
			"translation": [0, 1.5, -0.75]
		}
	},
	"groups": [
		{
			"name": "group",
			"origin": [11, 16, 9],
			"children": [0, 1, 2, 3, 4, 5, 6, 7, 8, 9, 10, 11, 12, 13, 14, 15, 16, 17, 18, 19, 20, 21, 22, 23, 24, 25, 26, 27, 28, 29, 30, 31, 32, 33, 34, 35, 36, 37, 38, 39, 40, 41, 42, 43, 44, 45, 46, 47, 48, 49, 50, 51, 52, 53, 54, 55, 56, 57, 58, 59]
		},
		{
			"name": "group",
			"origin": [11, 16, 9],
			"children": [60, 61, 62, 63, 64, 65, 66, 67, 68, 69, 70, 71, 72, 73, 74, 75, 76, 77, 78, 79, 80, 81, 82, 83, 84, 85, 86, 87, 88, 89, 90, 91, 92, 93, 94, 95, 96, 97, 98, 99, 100, 101, 102, 103, 104, 105, 106, 107, 108, 109, 110, 111, 112, 113, 114, 115, 116, 117, 118, 119]
		}
	]
}