{
	"credit": "Made with Blockbench",
	"textures": {
		"2": "blocks/concrete_powder_black",
		"particle": "blocks/concrete_powder_pink",
		"layer0": "blocks/concrete_powder_silver"
	},
	"elements": [
		{
			"from": [9, 14.7, 0.3],
			"to": [13, 16.7, 1.3],
			"rotation": {"angle": 0, "axis": "y", "origin": [17, 22, 7]},
			"faces": {
				"north": {"uv": [7, 9, 11, 12], "texture": "#layer0"},
				"east": {"uv": [10, 2, 12, 5], "texture": "#2"},
				"south": {"uv": [7, 9, 11, 12], "texture": "#2"},
				"west": {"uv": [10, 2, 12, 5], "texture": "#2"},
				"up": {"uv": [10, 2, 15, 4], "texture": "#2"},
				"down": {"uv": [10, 2, 15, 4], "texture": "#2"}
			}
		},
		{
			"from": [6, 4.7, -0.7],
			"to": [10, 6.7, 0.3],
			"rotation": {"angle": 0, "axis": "y", "origin": [14, 12, 6]},
			"faces": {
				"north": {"uv": [10, 2, 15, 4], "texture": "#layer0"},
				"east": {"uv": [10, 2, 12, 5], "texture": "#layer0"},
				"south": {"uv": [10, 2, 15, 4], "texture": "#layer0"},
				"west": {"uv": [10, 2, 12, 5], "texture": "#layer0"},
				"up": {"uv": [10, 2, 15, 4], "texture": "#layer0"},
				"down": {"uv": [10, 2, 15, 4], "texture": "#layer0"}
			}
		},
		{
			"from": [7.5, 5.6, -0.9],
			"to": [8.5, 6.6, 0.1],
			"rotation": {"angle": 0, "axis": "y", "origin": [15, 13, 6]},
			"faces": {
				"north": {"uv": [10, 2, 12, 4], "texture": "#2"},
				"east": {"uv": [10, 2, 12, 4], "texture": "#2"},
				"south": {"uv": [10, 2, 12, 4], "texture": "#2"},
				"west": {"uv": [10, 2, 12, 4], "texture": "#2"},
				"up": {"uv": [10, 2, 12, 4], "texture": "#2"},
				"down": {"uv": [10, 2, 12, 4], "texture": "#2"}
			}
		},
		{
			"from": [3, 14.7, 0.3],
			"to": [7, 16.7, 1.3],
			"rotation": {"angle": 0, "axis": "y", "origin": [11, 22, 7]},
			"faces": {
				"north": {"uv": [7, 9, 11, 12], "texture": "#layer0"},
				"east": {"uv": [10, 2, 11, 5], "texture": "#2"},
				"south": {"uv": [7, 9, 11, 12], "texture": "#2"},
				"west": {"uv": [10, 2, 12, 5], "texture": "#2"},
				"up": {"uv": [10, 2, 15, 4], "texture": "#2"},
				"down": {"uv": [10, 2, 15, 4], "texture": "#2"}
			}
		}
	],
	"display": {
		"thirdperson_righthand": {
			"translation": [0, -2.25, 2.75],
			"scale": [0.35, 0.35, 0.35]
		},
		"thirdperson_lefthand": {
			"translation": [0, -2.25, 2.75],
			"scale": [0.35, 0.35, 0.35]
		},
		"firstperson_righthand": {
			"translation": [8.5, -12, 0]
		},
		"firstperson_lefthand": {
			"translation": [8.5, -12, 0]
		},
		"ground": {
			"translation": [0, -7.75, 7]
		},
		"gui": {
			"rotation": [0, -180, 0],
			"translation": [0, -8.5, 0]
		},
		"head": {
			"translation": [0, -0.3, 1.5]
		},
		"fixed": {
			"translation": [0, -3, 6.5]
		}
	}
}