{
	"__comment": "Designed by Zorigami",
	"textures": {
		"particle": "blocks/hats/cat_ears_brown",
		"texture": "blocks/hats/cat_ears_brown"
	},
	"elements": [
		{
			"from": [ 2, 8, 6.5 ],
			"to": [ 4, 12, 8.5 ],
			"faces": {
				"down": { "uv": [ 2.002, 13.002, 3.998, 13.998 ], "texture": "#texture" },
				"up": { "uv": [ 2.002, 10.002, 3.998, 10.998 ], "texture": "#texture" },
				"north": { "uv": [ 3.998, 10.002, 2.002, 13.998 ], "texture": "#texture" },
				"south": { "uv": [ 2.002, 4.002, 3.998, 7.998 ], "texture": "#texture" },
				"west": { "uv": [ 2.002, 10.002, 2.998, 13.998 ], "texture": "#texture" },
				"east": { "uv": [ 3.002, 10.002, 3.998, 13.998 ], "texture": "#texture" }
			}
		},
		{
			"from": [ 4, 8, 6.5 ],
			"to": [ 5, 10, 8.5 ],
			"faces": {
				"down": { "uv": [ 4.002, 13.002, 4.998, 13.998 ], "texture": "#texture" },
				"up": { "uv": [ 4.002, 12.002, 4.998, 12.998 ], "texture": "#texture" },
				"north": { "uv": [ 4.998, 12.002, 4.002, 13.998 ], "texture": "#texture" },
				"south": { "uv": [ 4.002, 6.002, 4.998, 7.998 ], "texture": "#texture" },
				"west": { "uv": [ 4.002, 12.002, 4.998, 13.998 ], "texture": "#texture" },
				"east": { "uv": [ 4.002, 12.002, 4.998, 13.998 ], "texture": "#texture" }
			}
		},
		{
			"from": [ 2, 12, 7.5 ],
			"to": [ 4, 14, 9.5 ],
			"faces": {
				"down": { "uv": [ 2.002, 3.002, 3.998, 3.998 ], "texture": "#texture" },
				"up": { "uv": [ 2.002, 2.002, 3.998, 2.998 ], "texture": "#texture" },
				"north": { "uv": [ 3.998, 2.002, 2.002, 3.998 ], "texture": "#texture" },
				"south": { "uv": [ 2.002, 2.002, 3.998, 3.998 ], "texture": "#texture" },
				"west": { "uv": [ 2.002, 2.002, 2.998, 3.998 ], "texture": "#texture" },
				"east": { "uv": [ 3.002, 2.002, 3.998, 3.998 ], "texture": "#texture" }
			}
		},
		{
			"from": [ 1, 8, 7.5 ],
			"to": [ 2, 13, 9.5 ],
			"faces": {
				"down": { "uv": [ 1.002, 7.002, 1.998, 7.998 ], "texture": "#texture" },
				"up": { "uv": [ 1.002, 3.002, 1.998, 3.998 ], "texture": "#texture" },
				"north": { "uv": [ 1.998, 3.002, 1.002, 7.998 ], "texture": "#texture" },
				"south": { "uv": [ 1.002, 3.002, 1.998, 7.998 ], "texture": "#texture" },
				"west": { "uv": [ 1.002, 3.002, 1.998, 7.998 ], "texture": "#texture" },
				"east": { "uv": [ 1.002, 3.002, 1.998, 7.998 ], "texture": "#texture" }
			}
		},
		{
			"from": [ 4, 10, 7.5 ],
			"to": [ 5, 13, 9.5 ],
			"faces": {
				"down": { "uv": [ 4.002, 5.002, 4.998, 5.998 ], "texture": "#texture" },
				"up": { "uv": [ 4.002, 3.002, 4.998, 3.998 ], "texture": "#texture" },
				"north": { "uv": [ 4.998, 3.002, 4.002, 5.998 ], "texture": "#texture" },
				"south": { "uv": [ 4.002, 3.002, 4.998, 5.998 ], "texture": "#texture" },
				"west": { "uv": [ 4.002, 3.002, 4.998, 5.998 ], "texture": "#texture" },
				"east": { "uv": [ 4.002, 3.002, 4.998, 5.998 ], "texture": "#texture" }
			}
		},
		{
			"from": [ 5, 8, 7.5 ],
			"to": [ 6, 12, 9.5 ],
			"faces": {
				"down": { "uv": [ 5.002, 7.002, 5.998, 7.998 ], "texture": "#texture" },
				"up": { "uv": [ 5.002, 4.002, 5.998, 4.998 ], "texture": "#texture" },
				"north": { "uv": [ 5.998, 4.002, 5.002, 7.998 ], "texture": "#texture" },
				"south": { "uv": [ 5.002, 4.002, 5.998, 7.998 ], "texture": "#texture" },
				"west": { "uv": [ 5.002, 4.002, 5.998, 7.998 ], "texture": "#texture" },
				"east": { "uv": [ 5.002, 4.002, 5.998, 7.998 ], "texture": "#texture" }
			}
		},
		{
			"from": [ 6, 8, 7.5 ],
			"to": [ 7, 10, 9.5 ],
			"faces": {
				"down": { "uv": [ 6.002, 7.002, 6.998, 7.998 ], "texture": "#texture" },
				"up": { "uv": [ 6.002, 6.002, 6.998, 6.998 ], "texture": "#texture" },
				"north": { "uv": [ 6.998, 6.002, 6.002, 7.998 ], "texture": "#texture" },
				"south": { "uv": [ 6.002, 6.002, 6.998, 7.998 ], "texture": "#texture" },
				"west": { "uv": [ 6.002, 6.002, 6.998, 7.998 ], "texture": "#texture" },
				"east": { "uv": [ 6.002, 6.002, 6.998, 7.998 ], "texture": "#texture" }
			}
		},
		{
			"from": [ 12, 8, 6.5 ],
			"to": [ 14, 12, 8.5 ],
			"faces": {
				"down": { "uv": [ 12.002, 13.002, 13.998, 13.998 ], "texture": "#texture" },
				"up": { "uv": [ 12.002, 10.002, 13.998, 10.998 ], "texture": "#texture" },
				"north": { "uv": [ 13.998, 10.002, 12.002, 13.998 ], "texture": "#texture" },
				"south": { "uv": [ 12.002, 4.002, 13.998, 7.998 ], "texture": "#texture" },
				"west": { "uv": [ 12.002, 10.002, 12.998, 13.998 ], "texture": "#texture" },
				"east": { "uv": [ 13.002, 10.002, 13.998, 13.998 ], "texture": "#texture" }
			}
		},
		{
			"from": [ 11, 8, 6.5 ],
			"to": [ 12, 10, 8.5 ],
			"faces": {
				"down": { "uv": [ 11.002, 13.002, 11.998, 13.998 ], "texture": "#texture" },
				"up": { "uv": [ 11.002, 12.002, 11.998, 12.998 ], "texture": "#texture" },
				"north": { "uv": [ 11.998, 12.002, 11.002, 13.998 ], "texture": "#texture" },
				"south": { "uv": [ 11.002, 6.002, 11.998, 7.998 ], "texture": "#texture" },
				"west": { "uv": [ 11.002, 12.002, 11.998, 13.998 ], "texture": "#texture" },
				"east": { "uv": [ 11.002, 12.002, 11.998, 13.998 ], "texture": "#texture" }
			}
		},
		{
			"from": [ 14, 8, 7.5 ],
			"to": [ 15, 13, 9.5 ],
			"faces": {
				"down": { "uv": [ 14.002, 7.002, 14.998, 7.998 ], "texture": "#texture" },
				"up": { "uv": [ 14.002, 3.002, 14.998, 3.998 ], "texture": "#texture" },
				"north": { "uv": [ 14.998, 3.002, 14.002, 7.998 ], "texture": "#texture" },
				"south": { "uv": [ 14.002, 3.002, 14.998, 7.998 ], "texture": "#texture" },
				"west": { "uv": [ 12.002, 3.002, 12.998, 7.998 ], "texture": "#texture" },
				"east": { "uv": [ 14.002, 3.002, 14.998, 7.998 ], "texture": "#texture" }
			}
		},
		{
			"from": [ 12, 12, 7.5 ],
			"to": [ 14, 14, 9.5 ],
			"faces": {
				"down": { "uv": [ 12.002, 3.002, 13.998, 3.998 ], "texture": "#texture" },
				"up": { "uv": [ 12.002, 2.002, 13.998, 2.998 ], "texture": "#texture" },
				"north": { "uv": [ 13.998, 2.002, 12.002, 3.998 ], "texture": "#texture" },
				"south": { "uv": [ 12.002, 2.002, 13.998, 3.998 ], "texture": "#texture" },
				"west": { "uv": [ 12.002, 2.002, 12.998, 3.998 ], "texture": "#texture" },
				"east": { "uv": [ 13.002, 2.002, 13.998, 3.998 ], "texture": "#texture" }
			}
		},
		{
			"from": [ 11, 10, 7.5 ],
			"to": [ 12, 13, 9.5 ],
			"faces": {
				"down": { "uv": [ 11.002, 5.002, 11.998, 5.998 ], "texture": "#texture" },
				"up": { "uv": [ 11.002, 3.002, 11.998, 3.998 ], "texture": "#texture" },
				"north": { "uv": [ 11.998, 3.002, 11.002, 5.998 ], "texture": "#texture" },
				"south": { "uv": [ 11.002, 3.002, 11.998, 5.998 ], "texture": "#texture" },
				"west": { "uv": [ 11.002, 3.002, 11.998, 5.998 ], "texture": "#texture" },
				"east": { "uv": [ 11.002, 3.002, 11.998, 5.998 ], "texture": "#texture" }
			}
		},
		{
			"from": [ 10, 8, 7.5 ],
			"to": [ 11, 12, 9.5 ],
			"faces": {
				"down": { "uv": [ 10.002, 7.002, 10.998, 7.998 ], "texture": "#texture" },
				"up": { "uv": [ 10.002, 4.002, 10.998, 4.998 ], "texture": "#texture" },
				"north": { "uv": [ 10.998, 4.002, 10.002, 7.998 ], "texture": "#texture" },
				"south": { "uv": [ 10.002, 4.002, 10.998, 7.998 ], "texture": "#texture" },
				"west": { "uv": [ 10.002, 4.002, 10.998, 7.998 ], "texture": "#texture" },
				"east": { "uv": [ 10.002, 4.002, 10.998, 7.998 ], "texture": "#texture" }
			}
		},
		{
			"from": [ 9, 8, 7.5 ],
			"to": [ 10, 10, 9.5 ],
			"faces": {
				"down": { "uv": [ 9.002, 7.002, 9.998, 7.998 ], "texture": "#texture" },
				"up": { "uv": [ 9.002, 6.002, 9.998, 6.998 ], "texture": "#texture" },
				"north": { "uv": [ 9.998, 6.002, 9.002, 7.998 ], "texture": "#texture" },
				"south": { "uv": [ 9.002, 6.002, 9.998, 7.998 ], "texture": "#texture" },
				"west": { "uv": [ 9.002, 6.002, 9.998, 7.998 ], "texture": "#texture" },
				"east": { "uv": [ 9.002, 6.002, 9.998, 7.998 ], "texture": "#texture" }
			}
		}
	],
	"display": {
		"thirdperson_righthand": {
			"rotation":  [ -90, 90, 0 ],
			"translation":  [ 0, -2.2, 0.19 ],
			"scale":  [ 0.4, 0.4, 0.4 ]
		},
		"thirdperson_lefthand": {
			"rotation":  [ -90, 90, 0 ],
			"translation":  [ 0, -2.2, 0.19 ],
			"scale":  [ 0.4, 0.4, 0.4 ]
		},
		"firstperson_righthand": {
			"rotation":  [ 0, -75, 0 ],
			"translation":  [ 0, 2.7, 0 ],
			"scale":  [ 0.4, 0.4, 0.4 ]
		},
		"firstperson_lefthand": {
			"rotation":  [ 0, -75, 0 ],
			"translation":  [ 0, 2.7, 0 ],
			"scale":  [ 0.4, 0.4, 0.4 ]
		},
		"gui": {
			"translation":  [ 0, -2.65, 0 ],
			"scale":  [ 1.1, 1.1, 1.1 ]
		},
		"head": {
			"rotation":  [ 0, 180, 0 ],
			"translation":  [ 0, 5.86, -1.4 ],
			"scale":  [ 0.9, 0.9, 0.9 ]
		},
		"ground": {
			"translation":  [ 0, -1.5, 0 ],
			"scale":  [ 0.5, 0.5, 0.5 ]
		},
		"fixed": {
			"rotation":  [ 0, 180, 0 ],
			"translation":  [ 0, -2.4, -1.3 ]
		}
	}
}