{
"__comment": "Designed by Monsterfish",
"textures": {
    "texture": "blocks/gold_block"
},
"elements": [ 
{
    "from": [ 3, 0, 3 ],
    "to": [ 13, 3, 7 ],
    "faces": {
        "down":  { "uv": [ 13, 7, 3, 3 ], "texture": "#texture" },
        "up":    { "uv": [ 3, 3, 13, 7 ], "texture": "#texture" },
        "north": { "uv": [ 3, 13, 13, 16 ], "texture": "#texture" },
        "south": { "uv": [ 3, 13, 13, 16 ], "texture": "#texture" },
        "west":  { "uv": [ 3, 13, 7, 16 ], "texture": "#texture" },
        "east":  { "uv": [ 9, 13, 13, 16 ], "texture": "#texture" }
    }
},
{
    "from": [ 3.0625, 0.125, 3.125 ],
    "to": [ 12.9375, 2.9375, 4.125 ],
    "rotation": { "origin": [ 3.0625, 2.9375, 3.125 ], "axis": "x", "angle": 22.5 },
    "faces": {
        "down":  { "uv": [ 13, 9.5, 3, 5.5 ], "texture": "#texture" },
        "up":    { "uv": [ 3, 5.5, 13, 9.5 ], "texture": "#texture" },
        "north": { "uv": [ 3, 13, 13, 16 ], "texture": "#texture" },
        "south": { "uv": [ 3, 13, 13, 16 ], "texture": "#texture" },
        "west":  { "uv": [ 5.5, 13, 9.5, 16 ], "texture": "#texture" },
        "east":  { "uv": [ 6.5, 13, 10.5, 16 ], "texture": "#texture" }
    }
},
{
    "from": [ 3.0625, -0.25, 5.9375 ],
    "to": [ 12.9375, 2.5625, 6.9375 ],
    "rotation": { "origin": [ 3.0625, 2.5625, 5.9375 ], "axis": "x", "angle": -22.5 },
    "faces": {
        "down":  { "uv": [ 13, 9.5, 3, 5.5 ], "texture": "#texture" },
        "up":    { "uv": [ 3, 5.5, 13, 9.5 ], "texture": "#texture" },
        "north": { "uv": [ 3, 13, 13, 16 ], "texture": "#texture" },
        "south": { "uv": [ 3, 13, 13, 16 ], "texture": "#texture" },
        "west":  { "uv": [ 5.5, 13, 9.5, 16 ], "texture": "#texture" },
        "east":  { "uv": [ 6.5, 13, 10.5, 16 ], "texture": "#texture" }
    }
},
{
    "from": [ 3.1, 3, 6.2 ],
    "to": [ 12.1, 5.7, 9.8 ],
    "faces": {
        "down":  { "uv": [ 2.5, 6.5, 12.5, 10.5 ], "texture": "#texture" },
        "up":    { "uv": [ 3.5, 7, 13.5, 11 ], "texture": "#texture" },
        "north": { "uv": [ 2.5, 13, 12.5, 16 ], "texture": "#texture" },
        "south": { "uv": [ 2.5, 13, 12.5, 16 ], "texture": "#texture" },
        "west":  { "uv": [ 6, 13, 10, 16 ], "texture": "#texture" },
        "east":  { "uv": [ 6, 13, 10, 16 ], "texture": "#texture" }
    }
},
{
    "from": [ 3.15625, 3.1125, 6.3125 ],
    "to": [ 12.0438, 5.64375, 7.2125 ],
    "rotation": { "origin": [ 3.15625, 5.64375, 6.3125 ], "axis": "x", "angle": 22.5 },
    "faces": {
        "down":  { "uv": [ 13, 9.5, 3, 5.5 ], "texture": "#texture" },
        "up":    { "uv": [ 3, 5.5, 13, 9.5 ], "texture": "#texture" },
        "north": { "uv": [ 3, 13, 13, 16 ], "texture": "#texture" },
        "south": { "uv": [ 3, 13, 13, 16 ], "texture": "#texture" },
        "west":  { "uv": [ 5.5, 13, 9.5, 16 ], "texture": "#texture" },
        "east":  { "uv": [ 6.5, 13, 10.5, 16 ], "texture": "#texture" }
    }
},
{
    "from": [ 3.15625, 2.775, 8.84375 ],
    "to": [ 12.0438, 5.30625, 9.74375 ],
    "rotation": { "origin": [ 3.15625, 5.30625, 8.84375 ], "axis": "x", "angle": -22.5 },
    "faces": {
        "down":  { "uv": [ 13, 9.5, 3, 5.5 ], "texture": "#texture" },
        "up":    { "uv": [ 3, 5.5, 13, 9.5 ], "texture": "#texture" },
        "north": { "uv": [ 3, 13, 13, 16 ], "texture": "#texture" },
        "south": { "uv": [ 3, 13, 13, 16 ], "texture": "#texture" },
        "west":  { "uv": [ 5.5, 13, 9.5, 16 ], "texture": "#texture" },
        "east":  { "uv": [ 6.5, 13, 10.5, 16 ], "texture": "#texture" }
    }
},
{
    "from": [ 2.5, 0, 9 ],
    "to": [ 12.5, 3, 13 ],
    "faces": {
        "down":  { "uv": [ 13, 13, 3, 9 ], "texture": "#texture" },
        "up":    { "uv": [ 3, 9, 13, 13 ], "texture": "#texture" },
        "north": { "uv": [ 3, 13, 13, 16 ], "texture": "#texture" },
        "south": { "uv": [ 3, 13, 13, 16 ], "texture": "#texture" },
        "west":  { "uv": [ 9, 13, 13, 16 ], "texture": "#texture" },
        "east":  { "uv": [ 3, 13, 7, 16 ], "texture": "#texture" }
    }
},
{
    "from": [ 2.5625, 0.125, 9.125 ],
    "to": [ 12.4375, 2.9375, 10.125 ],
    "rotation": { "origin": [ 2.5625, 2.9375, 9.125 ], "axis": "x", "angle": 22.5 },
    "faces": {
        "down":  { "uv": [ 13, 9.5, 3, 5.5 ], "texture": "#texture" },
        "up":    { "uv": [ 3, 5.5, 13, 9.5 ], "texture": "#texture" },
        "north": { "uv": [ 3, 13, 13, 16 ], "texture": "#texture" },
        "south": { "uv": [ 3, 13, 13, 16 ], "texture": "#texture" },
        "west":  { "uv": [ 5.5, 13, 9.5, 16 ], "texture": "#texture" },
        "east":  { "uv": [ 6.5, 13, 10.5, 16 ], "texture": "#texture" }
    }
},
{
    "from": [ 2.5625, -0.25, 11.9375 ],
    "to": [ 12.4375, 2.5625, 12.9375 ],
    "rotation": { "origin": [ 2.5625, 2.5625, 11.9375 ], "axis": "x", "angle": -22.5 },
    "faces": {
        "down":  { "uv": [ 13, 9.5, 3, 5.5 ], "texture": "#texture" },
        "up":    { "uv": [ 3, 5.5, 13, 9.5 ], "texture": "#texture" },
        "north": { "uv": [ 3, 13, 13, 16 ], "texture": "#texture" },
        "south": { "uv": [ 3, 13, 13, 16 ], "texture": "#texture" },
        "west":  { "uv": [ 5.5, 13, 9.5, 16 ], "texture": "#texture" },
        "east":  { "uv": [ 6.5, 13, 10.5, 16 ], "texture": "#texture" }
    }
}
],
"display": {
    "thirdperson_righthand": {
        "rotation": [ 0, -43, -45 ],
        "translation": [ 0, 1.7, 1.32 ],
        "scale": [ 0.5, 0.5, 0.5 ]
    },
    "thirdperson_lefthand": {
        "rotation": [ 0, -43, -45 ],
        "translation": [ 0, 1.7, 1.32 ],
        "scale": [ 0.5, 0.5, 0.5 ]
    },
    "head": {
        "rotation": [ 0, 180, 0 ],
        "translation": [ 0, -35.5, 0 ],
        "scale": [ 1, 1, 1 ]
    },
    "ground": {
        "rotation": [ 0, 0, 0 ],
        "translation": [ 0, 2, 0 ],
        "scale": [ 0.5, 0.5, 0.5 ]
    },
    "fixed": {
        "rotation": [ 0, 180, 0 ],
        "translation": [ 0, 0, 0 ],
        "scale": [ 1, 1, 1 ]
    },
    "firstperson_righthand": {
        "rotation": [ 17, -64, 6 ],
        "translation": [ 1.12, 5.1, 1.12 ],
        "scale": [ 0.68, 0.68, 0.68 ]
    },
    "firstperson_lefthand": {
        "rotation": [ 17, -64, 6 ],
        "translation": [ 1.12, 5.1, 1.12 ],
        "scale": [ 0.68, 0.68, 0.68 ]
    },
    "gui": {
        "rotation": [ 30, 225, 0 ],
        "translation": [ 0, 0, 0 ],
        "scale": [ 0.625, 0.625, 0.625 ]
    }
}
}